[19/06/23 15:11:36:701 UTC]  INFO loggers.Log4jUtil: Async Logger enabled: true
[19/06/23 15:11:36:716 UTC]  INFO listeners.ContextLifecycleListener: Installing the web socket
[19/06/23 15:11:37:651 UTC]  INFO business.CacheLocator: loading cache administrator: ChainableCacheAdministratorImpl
[19/06/23 15:11:38:298 UTC]  INFO db.DataSourceStrategyProvider: Datasource loaded using custom class com.dotmarketing.db.SystemEnvDataSourceStrategy
[19/06/23 15:11:38:316 UTC]  INFO cfg.Environment: Hibernate 2.1.8
[19/06/23 15:11:38:318 UTC]  INFO cfg.Environment: hibernate.properties not found
[19/06/23 15:11:38:319 UTC]  INFO cfg.Environment: using CGLIB reflection optimizer
[19/06/23 15:11:38:322 UTC]  INFO cfg.Environment: using JDK 1.4 java.sql.Timestamp handling
[19/06/23 15:11:38:324 UTC]  INFO cfg.Configuration: configuring from resource: /hibernate.cfg.xml
[19/06/23 15:11:38:324 UTC]  INFO cfg.Configuration: Configuration resource: /hibernate.cfg.xml
[19/06/23 15:11:38:383 UTC]  INFO cfg.Configuration: Configured SessionFactory: null
[19/06/23 15:11:38:383 UTC]  INFO cfg.Configuration: Mapping resource: META-INF/portal-hbm.xml
[19/06/23 15:11:38:477 UTC]  INFO cfg.Binder: Mapping class: com.liferay.portal.ejb.AddressHBM -> Address
[19/06/23 15:11:38:550 UTC]  INFO cfg.Binder: Mapping class: com.liferay.portal.ejb.CompanyHBM -> Company
[19/06/23 15:11:38:554 UTC]  INFO cfg.Binder: Mapping class: com.liferay.portal.ejb.ImageHBM -> Image
[19/06/23 15:11:38:555 UTC]  INFO cfg.Binder: Mapping class: com.liferay.portal.ejb.PasswordTrackerHBM -> PasswordTracker
[19/06/23 15:11:38:560 UTC]  INFO cfg.Binder: Mapping class: com.liferay.portal.ejb.UserHBM -> User_
[19/06/23 15:11:38:566 UTC]  INFO cfg.Binder: Mapping class: com.liferay.portal.ejb.UserTrackerHBM -> UserTracker
[19/06/23 15:11:38:569 UTC]  INFO cfg.Binder: Mapping class: com.liferay.portal.ejb.UserTrackerPathHBM -> UserTrackerPath
[19/06/23 15:11:38:576 UTC]  INFO cfg.Binder: Mapping class: com.liferay.portlet.admin.ejb.AdminConfigHBM -> AdminConfig
[19/06/23 15:11:38:577 UTC]  INFO cfg.Configuration: Mapping resource: com/dotmarketing/beans/DotCMSSeq.hbm.xml
[19/06/23 15:11:38:627 UTC]  INFO cfg.Binder: Mapping class: com.dotmarketing.beans.Inode -> inode
[19/06/23 15:11:38:657 UTC]  INFO cfg.Binder: Mapping joined-subclass: com.dotmarketing.portlets.containers.model.Container -> dot_containers
[19/06/23 15:11:38:661 UTC]  INFO cfg.Binder: Mapping joined-subclass: com.dotmarketing.portlets.links.model.Link -> links
[19/06/23 15:11:38:665 UTC]  INFO cfg.Binder: Mapping joined-subclass: com.dotmarketing.portlets.structure.model.Field -> field
[19/06/23 15:11:38:668 UTC]  INFO cfg.Binder: Mapping class: com.dotmarketing.portlets.workflows.model.WorkflowTask -> workflow_task
[19/06/23 15:11:38:670 UTC]  INFO cfg.Binder: Mapping class: com.dotmarketing.portlets.workflows.model.WorkflowComment -> workflow_comment
[19/06/23 15:11:38:671 UTC]  INFO cfg.Binder: Mapping class: com.dotmarketing.portlets.workflows.model.WorkflowHistory -> workflow_history
[19/06/23 15:11:38:672 UTC]  INFO cfg.Binder: Mapping class: com.dotmarketing.portlets.workflows.model.WorkFlowTaskFiles -> workflowtask_files
[19/06/23 15:11:38:678 UTC]  INFO cfg.Binder: Mapping class: com.dotmarketing.beans.Permission -> permission
[19/06/23 15:11:38:687 UTC]  INFO cfg.Binder: Mapping class: com.dotmarketing.beans.PermissionReference -> permission_reference
[19/06/23 15:11:38:689 UTC]  INFO cfg.Binder: Mapping class: com.dotmarketing.beans.Tree -> tree
[19/06/23 15:11:38:875 UTC]  INFO cfg.Binder: Mapping class: com.dotmarketing.beans.MultiTree -> multi_tree
[19/06/23 15:11:38:912 UTC]  INFO util.ReflectHelper: reflection optimizer disabled for: com.dotmarketing.beans.MultiTree, BulkBeanException: Index 1 out of bounds for length 0 (property setParent1)
[19/06/23 15:11:38:915 UTC]  INFO cfg.Binder: Mapping class: com.dotmarketing.beans.Clickstream -> clickstream
[19/06/23 15:11:38:931 UTC]  INFO cfg.Binder: Mapping class: com.dotmarketing.beans.ClickstreamRequest -> clickstream_request
[19/06/23 15:11:38:932 UTC]  INFO cfg.Binder: Mapping class: com.dotmarketing.beans.Clickstream404 -> clickstream_404
[19/06/23 15:11:38:933 UTC]  INFO cfg.Binder: Mapping class: com.dotmarketing.tag.model.Tag -> tag
[19/06/23 15:11:38:934 UTC]  INFO cfg.Binder: Mapping class: com.dotmarketing.tag.model.TagInode -> tag_inode
[19/06/23 15:11:39:013 UTC]  INFO cfg.Binder: Mapping class: com.dotmarketing.beans.ChallengeQuestion -> challenge_question
[19/06/23 15:11:39:020 UTC]  INFO cfg.Binder: Mapping class: com.dotmarketing.beans.UsersToDelete -> users_to_delete
[19/06/23 15:11:39:020 UTC]  INFO cfg.Binder: Mapping class: com.dotmarketing.plugin.model.Plugin -> plugin
[19/06/23 15:11:39:022 UTC]  INFO cfg.Binder: Mapping class: com.dotmarketing.business.Role -> cms_role
[19/06/23 15:11:39:023 UTC]  INFO cfg.Binder: Mapping class: com.dotmarketing.business.UsersRoles -> users_cms_roles
[19/06/23 15:11:39:023 UTC]  INFO cfg.Binder: Mapping class: com.dotmarketing.business.LayoutsRoles -> layouts_cms_roles
[19/06/23 15:11:39:024 UTC]  INFO cfg.Binder: Mapping class: com.dotmarketing.business.Layout -> cms_layout
[19/06/23 15:11:39:025 UTC]  INFO cfg.Binder: Mapping class: com.dotmarketing.business.PortletsLayouts -> cms_layouts_portlets
[19/06/23 15:11:39:027 UTC]  INFO cfg.Binder: Mapping class: com.dotmarketing.portlets.hostvariable.model.HostVariable -> host_variable
[19/06/23 15:11:39:028 UTC]  INFO cfg.Binder: Mapping class: com.dotmarketing.beans.FixAudit -> fixes_audit
[19/06/23 15:11:39:031 UTC]  INFO cfg.Binder: Mapping class: com.dotmarketing.beans.ContainerStructure -> container_structures
[19/06/23 15:11:39:033 UTC]  INFO cfg.Binder: Mapping class: com.dotmarketing.portlets.templates.model.TemplateVersionInfo -> template_version_info
[19/06/23 15:11:39:040 UTC]  INFO cfg.Binder: Mapping class: com.dotmarketing.portlets.containers.model.ContainerVersionInfo -> container_version_info
[19/06/23 15:11:39:040 UTC]  INFO cfg.Binder: Mapping class: com.dotmarketing.portlets.links.model.LinkVersionInfo -> link_version_info
[19/06/23 15:11:39:041 UTC]  INFO cfg.Configuration: Mapping resource: com/dotmarketing/beans/DotCMSSeq_NOSQLGEN.hbm.xml
[19/06/23 15:11:39:052 UTC]  INFO cfg.Binder: Mapping class: com.dotmarketing.plugin.model.PluginProperty -> plugin_property
[19/06/23 15:11:39:101 UTC]  INFO cfg.Configuration: processing one-to-many association mappings
[19/06/23 15:11:39:102 UTC]  INFO cfg.Binder: Mapping collection: com.dotmarketing.beans.Clickstream.clickstreamRequests -> clickstream_request
[19/06/23 15:11:39:102 UTC]  INFO cfg.Configuration: processing one-to-one association property references
[19/06/23 15:11:39:102 UTC]  INFO cfg.Configuration: processing foreign key constraints
[19/06/23 15:11:39:114 UTC]  INFO dialect.Dialect: Using dialect: com.dotcms.repackage.net.sf.hibernate.dialect.PostgreSQLDialect
[19/06/23 15:11:39:120 UTC]  INFO cfg.SettingsFactory: Use outer join fetching: true
[19/06/23 15:11:39:123 UTC]  WARN connection.UserSuppliedConnectionProvider: No connection properties specified - the user must supply JDBC connections
[19/06/23 15:11:39:126 UTC]  INFO transaction.TransactionManagerLookupFactory: No TransactionManagerLookup configured (in JTA environment, use of process level read-write cache is not recommended)
[19/06/23 15:11:39:127 UTC]  INFO cfg.SettingsFactory: Use scrollable result sets: true
[19/06/23 15:11:39:127 UTC]  INFO cfg.SettingsFactory: Use JDBC3 getGeneratedKeys(): false
[19/06/23 15:11:39:127 UTC]  INFO cfg.SettingsFactory: Optimize cache for minimal puts: false
[19/06/23 15:11:39:127 UTC]  INFO cfg.SettingsFactory: Query language substitutions: {}
[19/06/23 15:11:39:127 UTC]  INFO cfg.SettingsFactory: cache provider: com.dotmarketing.db.NoCacheProvider
[19/06/23 15:11:39:129 UTC]  INFO cfg.Configuration: instantiating and configuring caches
[19/06/23 15:11:39:141 UTC]  INFO impl.SessionFactoryImpl: building session factory
[19/06/23 15:11:39:236 UTC]  INFO util.ReflectHelper: reflection optimizer disabled for: com.dotmarketing.beans.MultiTree, BulkBeanException: Index 1 out of bounds for length 0 (property setTreeOrder)
[19/06/23 15:11:39:572 UTC]  INFO impl.SessionFactoryObjectFactory: Not binding factory to JNDI, no JNDI name configured
[19/06/23 15:11:39:771 UTC]  WARN license.LicenseManager: Cannot upsert License to db (every 120000 millis)
[19/06/23 15:11:39:773 UTC]  INFO servlets.InitServlet: 
[19/06/23 15:11:39:775 UTC]  INFO servlets.InitServlet:  * Copyright (c) 2023 dotCMS Inc. 
[19/06/23 15:11:39:776 UTC]  INFO servlets.InitServlet:  * This software, code and any modifications to the code are licensed under the terms of the dotCMS Enterprise License 
[19/06/23 15:11:39:777 UTC]  INFO servlets.InitServlet:  * which can be found here : https://www.github.com/dotCMS/core/LICENSE 
[19/06/23 15:11:39:778 UTC]  INFO servlets.InitServlet: 
[19/06/23 15:11:39:787 UTC]  INFO h22.H22Cache: Initing H22 cache db:0
[19/06/23 15:11:39:791 UTC]  INFO h22.H22Cache: Building new H22 Cache, db:0
[19/06/23 15:11:39:809 UTC]  INFO h22.H22HikariPool: H22 on disk cache:jdbc:h2:/data/local/dotsecure/h22cache/0/2023-06-19_15-11-39/cache;MVCC=TRUE;DB_CLOSE_ON_EXIT=FALSE
[19/06/23 15:11:40:118 UTC]  INFO h22.H22Cache: Initing H22 cache db:1
[19/06/23 15:11:40:120 UTC]  INFO h22.H22Cache: Building new H22 Cache, db:1
[19/06/23 15:11:40:121 UTC]  INFO h22.H22HikariPool: H22 on disk cache:jdbc:h2:/data/local/dotsecure/h22cache/1/2023-06-19_15-11-40/cache;MVCC=TRUE;DB_CLOSE_ON_EXIT=FALSE
[19/06/23 15:11:40:181 UTC]  INFO timedcache.TimedCacheProvider: ===== Initializing [Timed Cache Provider].
[19/06/23 15:11:40:184 UTC]  INFO timedcache.TimedCacheProvider: ***	 Cache Config Memory : esquerycache: 10000
[19/06/23 15:11:40:185 UTC]  INFO timedcache.TimedCacheProvider: ***	 Cache Config Memory : esquerycountcache: 10000
[19/06/23 15:11:40:188 UTC]  INFO timedcache.TimedCacheProvider: ***	 Cache Config Memory : graphqlquerycache: 5000
[19/06/23 15:11:40:190 UTC]  INFO timedcache.TimedCacheProvider: ***	 Cache Config Memory : default: 1000
[19/06/23 15:11:40:191 UTC]  INFO timedcache.TimedCacheProvider: ***	 Cache Config Memory : adminconfigpool: 100
[19/06/23 15:11:40:193 UTC]  INFO timedcache.TimedCacheProvider: ***	 Cache Config Memory : companypool: 10
[19/06/23 15:11:40:194 UTC]  INFO timedcache.TimedCacheProvider: ***	 Cache Config Memory : contentletcache: 5000
[19/06/23 15:11:40:195 UTC]  INFO timedcache.TimedCacheProvider: ***	 Cache Config Memory : categoryparentscache: 30000
[19/06/23 15:11:40:196 UTC]  INFO timedcache.TimedCacheProvider: ***	 Cache Config Memory : taginodecache: 50000
[19/06/23 15:11:40:197 UTC]  INFO timedcache.TimedCacheProvider: ***	 Cache Config Memory : taginodesbyinodecache: 50000
[19/06/23 15:11:40:199 UTC]  INFO timedcache.TimedCacheProvider: ***	 Cache Config Memory : tagcache: 50000
[19/06/23 15:11:40:200 UTC]  INFO timedcache.TimedCacheProvider: ***	 Cache Config Memory : csscache: 2500
[19/06/23 15:11:40:201 UTC]  INFO timedcache.TimedCacheProvider: ***	 Cache Config Memory : assetmetadatacache: 10000
[19/06/23 15:11:40:202 UTC]  INFO timedcache.TimedCacheProvider: ***	 Cache Config Memory : identifiercache: 50000
[19/06/23 15:11:40:204 UTC]  INFO timedcache.TimedCacheProvider: ***	 Cache Config Memory : identifier404cache: 30000
[19/06/23 15:11:40:205 UTC]  INFO timedcache.TimedCacheProvider: ***	 Cache Config Memory : indiciescache: 8
[19/06/23 15:11:40:206 UTC]  INFO timedcache.TimedCacheProvider: ***	 Cache Config Memory : logmappercache: 10
[19/06/23 15:11:40:207 UTC]  INFO timedcache.TimedCacheProvider: ***	 Cache Config Memory : navcache: 1000
[19/06/23 15:11:40:209 UTC]  INFO timedcache.TimedCacheProvider: ***	 Cache Config Memory : parentpermissionablecache: 10000
[19/06/23 15:11:40:210 UTC]  INFO timedcache.TimedCacheProvider: ***	 Cache Config Memory : permissioncache: 50000
[19/06/23 15:11:40:211 UTC]  INFO timedcache.TimedCacheProvider: ***	 Cache Config Memory : portletpool: 100
[19/06/23 15:11:40:211 UTC]  INFO timedcache.TimedCacheProvider: ***	 Cache Config Memory : publishingendpointcache: 100
[19/06/23 15:11:40:212 UTC]  INFO timedcache.TimedCacheProvider: ***	 Cache Config Memory : pushedassetscache: 5000
[19/06/23 15:11:40:213 UTC]  INFO timedcache.TimedCacheProvider: ***	 Cache Config Memory : templatecache: 500
[19/06/23 15:11:40:215 UTC]  INFO timedcache.TimedCacheProvider: ***	 Cache Config Memory : translatedquerycache: 5000
[19/06/23 15:11:40:216 UTC]  INFO timedcache.TimedCacheProvider: ***	 Cache Config Memory : versioncache: 50000
[19/06/23 15:11:40:217 UTC]  INFO timedcache.TimedCacheProvider: ***	 Cache Config Memory : versioninfocache: 50000
[19/06/23 15:11:40:218 UTC]  INFO timedcache.TimedCacheProvider: ***	 Cache Config Memory : workflowactioncache: 10000
[19/06/23 15:11:40:219 UTC]  INFO timedcache.TimedCacheProvider: ***	 Cache Config Memory : workflowtaskcache: 10000
[19/06/23 15:11:40:220 UTC]  INFO timedcache.TimedCacheProvider: ***	 Cache Config Memory : shortyidcache: 25000
[19/06/23 15:11:40:221 UTC]  INFO timedcache.TimedCacheProvider: ***	 Cache Config Memory : velocitycache: 5000
[19/06/23 15:11:40:222 UTC]  INFO timedcache.TimedCacheProvider: ***	 Cache Config Memory : vanityurldirectcache: 25000
[19/06/23 15:11:40:223 UTC]  INFO timedcache.TimedCacheProvider: ***	 Cache Config Memory : vanityurlsitecache: 5000
[19/06/23 15:11:40:720 UTC]  INFO servlet.VisitorFilter: VisitorLogger Filter Started
[19/06/23 15:11:41:082 UTC]  INFO util.SystemProperties: Loading file:/srv/dotserver/tomcat-9.0.60/webapps/ROOT/WEB-INF/classes/system.properties
[19/06/23 15:11:41:086 UTC]  INFO util.SystemProperties: Loading file:/srv/dotserver/tomcat-9.0.60/webapps/ROOT/WEB-INF/classes/system-ext.properties
[19/06/23 15:11:41:095 UTC]  INFO util.SystemProperties: Loading file:/srv/dotserver/tomcat-9.0.60/webapps/ROOT/WEB-INF/classes/system.properties
[19/06/23 15:11:41:095 UTC]  INFO util.SystemProperties: Loading file:/srv/dotserver/tomcat-9.0.60/webapps/ROOT/WEB-INF/classes/system-ext.properties
[19/06/23 15:11:41:895 UTC]  INFO util.PropsLoader: Loading file:/srv/dotserver/tomcat-9.0.60/webapps/ROOT/WEB-INF/classes/portal.properties
[19/06/23 15:11:41:896 UTC]  INFO util.PropsLoader: Loading file:/srv/dotserver/tomcat-9.0.60/webapps/ROOT/WEB-INF/classes/portal-ext.properties
[19/06/23 15:11:45:440 UTC]  INFO tiles.TilesPlugin: Tiles definition factory loaded for module ''.
[19/06/23 15:11:45:447 UTC]  INFO validator.ValidatorPlugIn: Loading validation rules file from '/WEB-INF/validator-rules.xml'
[19/06/23 15:11:45:449 UTC]  INFO validator.ValidatorPlugIn: Loading validation rules file from '/WEB-INF/validation.xml'
[19/06/23 15:11:45:777 UTC]  INFO util.RestHighLevelClientProvider: disabling String.intern() in Jackson
[19/06/23 15:11:45:781 UTC]  WARN util.DotRestHighLevelClientProvider: Elastic RestHighLevelClient will be initialized without certificates
[19/06/23 15:11:45:789 UTC]  INFO util.DotRestHighLevelClientProvider: Initializing Elastic RestHighLevelClient using Basic authentication
[19/06/23 15:11:45:802 UTC]  INFO util.DotRestHighLevelClientProvider: Initializing Elastic RestHighLevelClient using endpoints [
[19/06/23 15:11:45:806 UTC]  INFO util.DotRestHighLevelClientProvider:   - http://elasticsearch:9200
[19/06/23 15:11:45:807 UTC]  INFO util.DotRestHighLevelClientProvider: ]
[19/06/23 15:11:45:808 UTC]  WARN util.DotRestHighLevelClientProvider: Initializing Elastic RestHighLevelClient using an unsecured http connection
[19/06/23 15:11:46:387 UTC]  INFO util.DotRestHighLevelClientProvider: RestHighLevelClientProvider com.dotcms.content.elasticsearch.util.DotRestHighLevelClientProvider loaded successfully
[19/06/23 15:11:46:844 UTC]  INFO startup.StartupTasksExecutor: Running Startup Tasks
[19/06/23 15:11:46:980 UTC]  INFO runalways.Task00001LoadSchema: -------------------------------------------------------------------------------------
[19/06/23 15:11:46:981 UTC]  INFO runalways.Task00001LoadSchema: 
[19/06/23 15:11:46:982 UTC]  INFO runalways.Task00001LoadSchema: Empty dotCMS database found.  Loading initial dotCMS schema for PostgreSQL
[19/06/23 15:11:46:983 UTC]  INFO runalways.Task00001LoadSchema: 
[19/06/23 15:11:46:983 UTC]  INFO runalways.Task00001LoadSchema: -------------------------------------------------------------------------------------
[19/06/23 15:11:46:985 UTC]  INFO startup.StartupTasksExecutor: Running Startup Tasks : Task00001LoadSchema
[19/06/23 15:11:46:985 UTC]  INFO runalways.Task00001LoadSchema: Loading schema
[19/06/23 15:11:47:009 UTC]  INFO timedcache.TimedCacheProvider: ===== Initializing [Timed Cache Provider].
[19/06/23 15:11:47:010 UTC]  INFO timedcache.TimedCacheProvider: ***	 Cache Config Memory : esquerycache: 10000
[19/06/23 15:11:47:012 UTC]  INFO timedcache.TimedCacheProvider: ***	 Cache Config Memory : esquerycountcache: 10000
[19/06/23 15:11:47:013 UTC]  INFO timedcache.TimedCacheProvider: ***	 Cache Config Memory : graphqlquerycache: 5000
[19/06/23 15:11:47:014 UTC]  INFO timedcache.TimedCacheProvider: ***	 Cache Config Memory : default: 1000
[19/06/23 15:11:47:014 UTC]  INFO timedcache.TimedCacheProvider: ***	 Cache Config Memory : adminconfigpool: 100
[19/06/23 15:11:47:016 UTC]  INFO timedcache.TimedCacheProvider: ***	 Cache Config Memory : companypool: 10
[19/06/23 15:11:47:017 UTC]  INFO timedcache.TimedCacheProvider: ***	 Cache Config Memory : contentletcache: 5000
[19/06/23 15:11:47:025 UTC]  INFO timedcache.TimedCacheProvider: ***	 Cache Config Memory : categoryparentscache: 30000
[19/06/23 15:11:47:034 UTC]  INFO timedcache.TimedCacheProvider: ***	 Cache Config Memory : taginodecache: 50000
[19/06/23 15:11:47:035 UTC]  INFO timedcache.TimedCacheProvider: ***	 Cache Config Memory : taginodesbyinodecache: 50000
[19/06/23 15:11:47:037 UTC]  INFO timedcache.TimedCacheProvider: ***	 Cache Config Memory : tagcache: 50000
[19/06/23 15:11:47:047 UTC]  INFO timedcache.TimedCacheProvider: ***	 Cache Config Memory : csscache: 2500
[19/06/23 15:11:47:049 UTC]  INFO timedcache.TimedCacheProvider: ***	 Cache Config Memory : assetmetadatacache: 10000
[19/06/23 15:11:47:050 UTC]  INFO timedcache.TimedCacheProvider: ***	 Cache Config Memory : identifiercache: 50000
[19/06/23 15:11:47:051 UTC]  INFO timedcache.TimedCacheProvider: ***	 Cache Config Memory : identifier404cache: 30000
[19/06/23 15:11:47:052 UTC]  INFO timedcache.TimedCacheProvider: ***	 Cache Config Memory : indiciescache: 8
[19/06/23 15:11:47:064 UTC]  INFO timedcache.TimedCacheProvider: ***	 Cache Config Memory : logmappercache: 10
[19/06/23 15:11:47:069 UTC]  INFO timedcache.TimedCacheProvider: ***	 Cache Config Memory : navcache: 1000
[19/06/23 15:11:47:075 UTC]  INFO timedcache.TimedCacheProvider: ***	 Cache Config Memory : parentpermissionablecache: 10000
[19/06/23 15:11:47:076 UTC]  INFO timedcache.TimedCacheProvider: ***	 Cache Config Memory : permissioncache: 50000
[19/06/23 15:11:47:077 UTC]  INFO timedcache.TimedCacheProvider: ***	 Cache Config Memory : portletpool: 100
[19/06/23 15:11:47:077 UTC]  INFO timedcache.TimedCacheProvider: ***	 Cache Config Memory : publishingendpointcache: 100
[19/06/23 15:11:47:078 UTC]  INFO timedcache.TimedCacheProvider: ***	 Cache Config Memory : pushedassetscache: 5000
[19/06/23 15:11:47:078 UTC]  INFO timedcache.TimedCacheProvider: ***	 Cache Config Memory : templatecache: 500
[19/06/23 15:11:47:079 UTC]  INFO timedcache.TimedCacheProvider: ***	 Cache Config Memory : translatedquerycache: 5000
[19/06/23 15:11:47:084 UTC]  INFO timedcache.TimedCacheProvider: ***	 Cache Config Memory : versioncache: 50000
[19/06/23 15:11:47:085 UTC]  INFO timedcache.TimedCacheProvider: ***	 Cache Config Memory : versioninfocache: 50000
[19/06/23 15:11:47:085 UTC]  INFO timedcache.TimedCacheProvider: ***	 Cache Config Memory : workflowactioncache: 10000
[19/06/23 15:11:47:086 UTC]  INFO timedcache.TimedCacheProvider: ***	 Cache Config Memory : workflowtaskcache: 10000
[19/06/23 15:11:47:087 UTC]  INFO timedcache.TimedCacheProvider: ***	 Cache Config Memory : shortyidcache: 25000
[19/06/23 15:11:47:087 UTC]  INFO timedcache.TimedCacheProvider: ***	 Cache Config Memory : velocitycache: 5000
[19/06/23 15:11:47:088 UTC]  INFO timedcache.TimedCacheProvider: ***	 Cache Config Memory : vanityurldirectcache: 25000
[19/06/23 15:11:47:088 UTC]  INFO timedcache.TimedCacheProvider: ***	 Cache Config Memory : vanityurlsitecache: 5000
[19/06/23 15:11:47:090 UTC]  INFO h22.H22Cache: Start Full Cache Flush in h22
[19/06/23 15:11:47:091 UTC]  INFO h22.H22Cache: Building new H22 Cache, db:0
[19/06/23 15:11:47:103 UTC]  INFO h22.H22HikariPool: H22 on disk cache:jdbc:h2:/data/local/dotsecure/h22cache/0/2023-06-19_15-11-47/cache;MVCC=TRUE;DB_CLOSE_ON_EXIT=FALSE
[19/06/23 15:11:47:238 UTC]  INFO h22.H22Cache: Building new H22 Cache, db:1
[19/06/23 15:11:47:238 UTC]  INFO h22.H22HikariPool: H22 on disk cache:jdbc:h2:/data/local/dotsecure/h22cache/1/2023-06-19_15-11-47/cache;MVCC=TRUE;DB_CLOSE_ON_EXIT=FALSE
[19/06/23 15:11:47:345 UTC]  INFO h22.H22Cache: End Full Cache Flush in h22 : 253ms
[19/06/23 15:11:47:849 UTC]  INFO runalways.Task00001LoadSchema: Schema created (507 statements executed)
[19/06/23 15:11:47:858 UTC]  INFO timedcache.TimedCacheProvider: ===== Initializing [Timed Cache Provider].
[19/06/23 15:11:47:859 UTC]  INFO timedcache.TimedCacheProvider: ***	 Cache Config Memory : esquerycache: 10000
[19/06/23 15:11:47:859 UTC]  INFO timedcache.TimedCacheProvider: ***	 Cache Config Memory : esquerycountcache: 10000
[19/06/23 15:11:47:859 UTC]  INFO timedcache.TimedCacheProvider: ***	 Cache Config Memory : graphqlquerycache: 5000
[19/06/23 15:11:47:859 UTC]  INFO timedcache.TimedCacheProvider: ***	 Cache Config Memory : default: 1000
[19/06/23 15:11:47:859 UTC]  INFO timedcache.TimedCacheProvider: ***	 Cache Config Memory : adminconfigpool: 100
[19/06/23 15:11:47:859 UTC]  INFO timedcache.TimedCacheProvider: ***	 Cache Config Memory : companypool: 10
[19/06/23 15:11:47:859 UTC]  INFO timedcache.TimedCacheProvider: ***	 Cache Config Memory : contentletcache: 5000
[19/06/23 15:11:47:866 UTC]  INFO timedcache.TimedCacheProvider: ***	 Cache Config Memory : categoryparentscache: 30000
[19/06/23 15:11:47:866 UTC]  INFO timedcache.TimedCacheProvider: ***	 Cache Config Memory : taginodecache: 50000
[19/06/23 15:11:47:866 UTC]  INFO timedcache.TimedCacheProvider: ***	 Cache Config Memory : taginodesbyinodecache: 50000
[19/06/23 15:11:47:866 UTC]  INFO timedcache.TimedCacheProvider: ***	 Cache Config Memory : tagcache: 50000
[19/06/23 15:11:47:867 UTC]  INFO timedcache.TimedCacheProvider: ***	 Cache Config Memory : csscache: 2500
[19/06/23 15:11:47:867 UTC]  INFO timedcache.TimedCacheProvider: ***	 Cache Config Memory : assetmetadatacache: 10000
[19/06/23 15:11:47:867 UTC]  INFO timedcache.TimedCacheProvider: ***	 Cache Config Memory : identifiercache: 50000
[19/06/23 15:11:47:867 UTC]  INFO timedcache.TimedCacheProvider: ***	 Cache Config Memory : identifier404cache: 30000
[19/06/23 15:11:47:870 UTC]  INFO timedcache.TimedCacheProvider: ***	 Cache Config Memory : indiciescache: 8
[19/06/23 15:11:47:870 UTC]  INFO timedcache.TimedCacheProvider: ***	 Cache Config Memory : logmappercache: 10
[19/06/23 15:11:47:870 UTC]  INFO timedcache.TimedCacheProvider: ***	 Cache Config Memory : navcache: 1000
[19/06/23 15:11:47:870 UTC]  INFO timedcache.TimedCacheProvider: ***	 Cache Config Memory : parentpermissionablecache: 10000
[19/06/23 15:11:47:870 UTC]  INFO timedcache.TimedCacheProvider: ***	 Cache Config Memory : permissioncache: 50000
[19/06/23 15:11:47:870 UTC]  INFO timedcache.TimedCacheProvider: ***	 Cache Config Memory : portletpool: 100
[19/06/23 15:11:47:873 UTC]  INFO timedcache.TimedCacheProvider: ***	 Cache Config Memory : publishingendpointcache: 100
[19/06/23 15:11:47:873 UTC]  INFO timedcache.TimedCacheProvider: ***	 Cache Config Memory : pushedassetscache: 5000
[19/06/23 15:11:47:875 UTC]  INFO timedcache.TimedCacheProvider: ***	 Cache Config Memory : templatecache: 500
[19/06/23 15:11:47:875 UTC]  INFO timedcache.TimedCacheProvider: ***	 Cache Config Memory : translatedquerycache: 5000
[19/06/23 15:11:47:875 UTC]  INFO timedcache.TimedCacheProvider: ***	 Cache Config Memory : versioncache: 50000
[19/06/23 15:11:47:875 UTC]  INFO timedcache.TimedCacheProvider: ***	 Cache Config Memory : versioninfocache: 50000
[19/06/23 15:11:47:875 UTC]  INFO timedcache.TimedCacheProvider: ***	 Cache Config Memory : workflowactioncache: 10000
[19/06/23 15:11:47:875 UTC]  INFO timedcache.TimedCacheProvider: ***	 Cache Config Memory : workflowtaskcache: 10000
[19/06/23 15:11:47:879 UTC]  INFO timedcache.TimedCacheProvider: ***	 Cache Config Memory : shortyidcache: 25000
[19/06/23 15:11:47:879 UTC]  INFO timedcache.TimedCacheProvider: ***	 Cache Config Memory : velocitycache: 5000
[19/06/23 15:11:47:879 UTC]  INFO timedcache.TimedCacheProvider: ***	 Cache Config Memory : vanityurldirectcache: 25000
[19/06/23 15:11:47:879 UTC]  INFO timedcache.TimedCacheProvider: ***	 Cache Config Memory : vanityurlsitecache: 5000
[19/06/23 15:11:47:879 UTC]  INFO h22.H22Cache: Start Full Cache Flush in h22
[19/06/23 15:11:47:882 UTC]  INFO h22.H22Cache: Building new H22 Cache, db:0
[19/06/23 15:11:47:884 UTC]  INFO h22.H22HikariPool: H22 on disk cache:jdbc:h2:/data/local/dotsecure/h22cache/0/2023-06-19_15-11-47/cache;MVCC=TRUE;DB_CLOSE_ON_EXIT=FALSE
[19/06/23 15:11:47:898 UTC]  INFO h22.H22Cache: Building new H22 Cache, db:1
[19/06/23 15:11:47:900 UTC]  INFO h22.H22HikariPool: H22 on disk cache:jdbc:h2:/data/local/dotsecure/h22cache/1/2023-06-19_15-11-47/cache;MVCC=TRUE;DB_CLOSE_ON_EXIT=FALSE
[19/06/23 15:11:47:914 UTC]  INFO h22.H22Cache: End Full Cache Flush in h22 : 34ms
[19/06/23 15:11:50:919 UTC]  INFO timedcache.TimedCacheProvider: ===== Initializing [Timed Cache Provider].
[19/06/23 15:11:50:919 UTC]  INFO timedcache.TimedCacheProvider: ***	 Cache Config Memory : esquerycache: 10000
[19/06/23 15:11:50:919 UTC]  INFO timedcache.TimedCacheProvider: ***	 Cache Config Memory : esquerycountcache: 10000
[19/06/23 15:11:50:919 UTC]  INFO timedcache.TimedCacheProvider: ***	 Cache Config Memory : graphqlquerycache: 5000
[19/06/23 15:11:50:919 UTC]  INFO timedcache.TimedCacheProvider: ***	 Cache Config Memory : default: 1000
[19/06/23 15:11:50:919 UTC]  INFO timedcache.TimedCacheProvider: ***	 Cache Config Memory : adminconfigpool: 100
[19/06/23 15:11:50:919 UTC]  INFO timedcache.TimedCacheProvider: ***	 Cache Config Memory : companypool: 10
[19/06/23 15:11:50:919 UTC]  INFO timedcache.TimedCacheProvider: ***	 Cache Config Memory : contentletcache: 5000
[19/06/23 15:11:50:919 UTC]  INFO timedcache.TimedCacheProvider: ***	 Cache Config Memory : categoryparentscache: 30000
[19/06/23 15:11:50:919 UTC]  INFO timedcache.TimedCacheProvider: ***	 Cache Config Memory : taginodecache: 50000
[19/06/23 15:11:50:919 UTC]  INFO timedcache.TimedCacheProvider: ***	 Cache Config Memory : taginodesbyinodecache: 50000
[19/06/23 15:11:50:919 UTC]  INFO timedcache.TimedCacheProvider: ***	 Cache Config Memory : tagcache: 50000
[19/06/23 15:11:50:919 UTC]  INFO timedcache.TimedCacheProvider: ***	 Cache Config Memory : csscache: 2500
[19/06/23 15:11:50:919 UTC]  INFO timedcache.TimedCacheProvider: ***	 Cache Config Memory : assetmetadatacache: 10000
[19/06/23 15:11:50:919 UTC]  INFO timedcache.TimedCacheProvider: ***	 Cache Config Memory : identifiercache: 50000
[19/06/23 15:11:50:920 UTC]  INFO timedcache.TimedCacheProvider: ***	 Cache Config Memory : identifier404cache: 30000
[19/06/23 15:11:50:920 UTC]  INFO timedcache.TimedCacheProvider: ***	 Cache Config Memory : indiciescache: 8
[19/06/23 15:11:50:920 UTC]  INFO timedcache.TimedCacheProvider: ***	 Cache Config Memory : logmappercache: 10
[19/06/23 15:11:50:920 UTC]  INFO timedcache.TimedCacheProvider: ***	 Cache Config Memory : navcache: 1000
[19/06/23 15:11:50:920 UTC]  INFO timedcache.TimedCacheProvider: ***	 Cache Config Memory : parentpermissionablecache: 10000
[19/06/23 15:11:50:920 UTC]  INFO timedcache.TimedCacheProvider: ***	 Cache Config Memory : permissioncache: 50000
[19/06/23 15:11:50:920 UTC]  INFO timedcache.TimedCacheProvider: ***	 Cache Config Memory : portletpool: 100
[19/06/23 15:11:50:920 UTC]  INFO timedcache.TimedCacheProvider: ***	 Cache Config Memory : publishingendpointcache: 100
[19/06/23 15:11:50:920 UTC]  INFO timedcache.TimedCacheProvider: ***	 Cache Config Memory : pushedassetscache: 5000
[19/06/23 15:11:50:920 UTC]  INFO timedcache.TimedCacheProvider: ***	 Cache Config Memory : templatecache: 500
[19/06/23 15:11:50:920 UTC]  INFO timedcache.TimedCacheProvider: ***	 Cache Config Memory : translatedquerycache: 5000
[19/06/23 15:11:50:920 UTC]  INFO timedcache.TimedCacheProvider: ***	 Cache Config Memory : versioncache: 50000
[19/06/23 15:11:50:920 UTC]  INFO timedcache.TimedCacheProvider: ***	 Cache Config Memory : versioninfocache: 50000
[19/06/23 15:11:50:920 UTC]  INFO timedcache.TimedCacheProvider: ***	 Cache Config Memory : workflowactioncache: 10000
[19/06/23 15:11:50:920 UTC]  INFO timedcache.TimedCacheProvider: ***	 Cache Config Memory : workflowtaskcache: 10000
[19/06/23 15:11:50:920 UTC]  INFO timedcache.TimedCacheProvider: ***	 Cache Config Memory : shortyidcache: 25000
[19/06/23 15:11:50:920 UTC]  INFO timedcache.TimedCacheProvider: ***	 Cache Config Memory : velocitycache: 5000
[19/06/23 15:11:50:920 UTC]  INFO timedcache.TimedCacheProvider: ***	 Cache Config Memory : vanityurldirectcache: 25000
[19/06/23 15:11:50:920 UTC]  INFO timedcache.TimedCacheProvider: ***	 Cache Config Memory : vanityurlsitecache: 5000
[19/06/23 15:11:50:920 UTC]  INFO h22.H22Cache: Start Full Cache Flush in h22
[19/06/23 15:11:50:920 UTC]  INFO h22.H22Cache: Building new H22 Cache, db:0
[19/06/23 15:11:50:921 UTC]  INFO h22.H22HikariPool: H22 on disk cache:jdbc:h2:/data/local/dotsecure/h22cache/0/2023-06-19_15-11-50/cache;MVCC=TRUE;DB_CLOSE_ON_EXIT=FALSE
[19/06/23 15:11:51:015 UTC]  INFO h22.H22Cache: Building new H22 Cache, db:1
[19/06/23 15:11:51:015 UTC]  INFO h22.H22HikariPool: H22 on disk cache:jdbc:h2:/data/local/dotsecure/h22cache/1/2023-06-19_15-11-51/cache;MVCC=TRUE;DB_CLOSE_ON_EXIT=FALSE
[19/06/23 15:11:51:074 UTC]  INFO h22.H22Cache: End Full Cache Flush in h22 : 153ms
[19/06/23 15:11:51:075 UTC]  INFO startup.StartupTasksExecutor: Not Running Startup Tasks: Task00002LoadClusterLicenses
[19/06/23 15:11:51:076 UTC]  INFO startup.StartupTasksExecutor: Running Startup Tasks : Task00003CreateSystemRoles
[19/06/23 15:11:51:087 UTC]  INFO startup.StartupTasksExecutor: Running Startup Tasks : Task00004LoadStarter
[19/06/23 15:11:51:129 UTC]  INFO db.DotCMSInitDb: There are no inodes - initializing db with starter site
[19/06/23 15:11:51:192 UTC]  INFO starter.ImportStarterUtil: Found 21 files to import
[19/06/23 15:11:51:199 UTC]  WARN util.FileUtil: /data/local/dotsecure/backup/temp/assets/messages/cms_language_zh_CN.properties is empty
[19/06/23 15:11:51:201 UTC]  WARN util.FileUtil: /data/local/dotsecure/backup/temp/assets/messages/cms_language_es_ES.properties is empty
[19/06/23 15:11:51:205 UTC]  WARN util.FileUtil: /data/local/dotsecure/backup/temp/assets/messages/cms_language_en_US.properties is empty
[19/06/23 15:11:51:208 UTC]  WARN util.FileUtil: /data/local/dotsecure/backup/temp/assets/messages/cms_language_fr_FR.properties is empty
[19/06/23 15:11:51:212 UTC]  INFO starter.ImportStarterUtil: About to delete all records from tag_inode
[19/06/23 15:11:51:214 UTC]  INFO starter.ImportStarterUtil: Deleted all records from tag_inode
[19/06/23 15:11:51:215 UTC]  INFO starter.ImportStarterUtil: About to delete all records from link_version_info
[19/06/23 15:11:51:217 UTC]  INFO starter.ImportStarterUtil: Deleted all records from link_version_info
[19/06/23 15:11:51:217 UTC]  INFO starter.ImportStarterUtil: About to delete all records from dot_containers
[19/06/23 15:11:51:219 UTC]  INFO starter.ImportStarterUtil: Deleted all records from dot_containers
[19/06/23 15:11:51:220 UTC]  INFO starter.ImportStarterUtil: About to delete all records from UserTracker
[19/06/23 15:11:51:221 UTC]  INFO starter.ImportStarterUtil: Deleted all records from UserTracker
[19/06/23 15:11:51:222 UTC]  INFO starter.ImportStarterUtil: About to delete all records from workflow_comment
[19/06/23 15:11:51:223 UTC]  INFO starter.ImportStarterUtil: Deleted all records from workflow_comment
[19/06/23 15:11:51:226 UTC]  INFO starter.ImportStarterUtil: About to delete all records from challenge_question
[19/06/23 15:11:51:227 UTC]  INFO starter.ImportStarterUtil: Deleted all records from challenge_question
[19/06/23 15:11:51:227 UTC]  INFO starter.ImportStarterUtil: About to delete all records from container_structures
[19/06/23 15:11:51:228 UTC]  INFO starter.ImportStarterUtil: Deleted all records from container_structures
[19/06/23 15:11:51:229 UTC]  INFO starter.ImportStarterUtil: About to delete all records from tree
[19/06/23 15:11:51:230 UTC]  INFO starter.ImportStarterUtil: Deleted all records from tree
[19/06/23 15:11:51:231 UTC]  INFO starter.ImportStarterUtil: About to delete all records from links
[19/06/23 15:11:51:232 UTC]  INFO starter.ImportStarterUtil: Deleted all records from links
[19/06/23 15:11:51:234 UTC]  INFO starter.ImportStarterUtil: About to delete all records from AdminConfig
[19/06/23 15:11:51:235 UTC]  INFO starter.ImportStarterUtil: Deleted all records from AdminConfig
[19/06/23 15:11:51:236 UTC]  INFO starter.ImportStarterUtil: About to delete all records from multi_tree
[19/06/23 15:11:51:237 UTC]  INFO starter.ImportStarterUtil: Deleted all records from multi_tree
[19/06/23 15:11:51:241 UTC]  INFO starter.ImportStarterUtil: About to delete all records from clickstream_404
[19/06/23 15:11:51:244 UTC]  INFO starter.ImportStarterUtil: Deleted all records from clickstream_404
[19/06/23 15:11:51:245 UTC]  INFO starter.ImportStarterUtil: About to delete all records from host_variable
[19/06/23 15:11:51:247 UTC]  INFO starter.ImportStarterUtil: Deleted all records from host_variable
[19/06/23 15:11:51:247 UTC]  INFO starter.ImportStarterUtil: About to delete all records from clickstream_request
[19/06/23 15:11:51:249 UTC]  INFO starter.ImportStarterUtil: Deleted all records from clickstream_request
[19/06/23 15:11:51:250 UTC]  INFO starter.ImportStarterUtil: About to delete all records from PasswordTracker
[19/06/23 15:11:51:251 UTC]  INFO starter.ImportStarterUtil: Deleted all records from PasswordTracker
[19/06/23 15:11:51:252 UTC]  INFO starter.ImportStarterUtil: About to delete all records from workflow_task
[19/06/23 15:11:51:254 UTC]  INFO starter.ImportStarterUtil: Deleted all records from workflow_task
[19/06/23 15:11:51:258 UTC]  INFO starter.ImportStarterUtil: About to delete all records from field
[19/06/23 15:11:51:261 UTC]  INFO starter.ImportStarterUtil: Deleted all records from field
[19/06/23 15:11:51:261 UTC]  INFO starter.ImportStarterUtil: About to delete all records from template_version_info
[19/06/23 15:11:51:263 UTC]  INFO starter.ImportStarterUtil: Deleted all records from template_version_info
[19/06/23 15:11:51:264 UTC]  INFO starter.ImportStarterUtil: About to delete all records from clickstream
[19/06/23 15:11:51:266 UTC]  INFO starter.ImportStarterUtil: Deleted all records from clickstream
[19/06/23 15:11:51:267 UTC]  INFO starter.ImportStarterUtil: About to delete all records from workflow_history
[19/06/23 15:11:51:268 UTC]  INFO starter.ImportStarterUtil: Deleted all records from workflow_history
[19/06/23 15:11:51:269 UTC]  INFO starter.ImportStarterUtil: About to delete all records from container_version_info
[19/06/23 15:11:51:270 UTC]  INFO starter.ImportStarterUtil: Deleted all records from container_version_info
[19/06/23 15:11:51:271 UTC]  INFO starter.ImportStarterUtil: About to delete all records from tag
[19/06/23 15:11:51:272 UTC]  INFO starter.ImportStarterUtil: Deleted all records from tag
[19/06/23 15:11:51:273 UTC]  INFO starter.ImportStarterUtil: About to delete all records from workflowtask_files
[19/06/23 15:11:51:274 UTC]  INFO starter.ImportStarterUtil: Deleted all records from workflowtask_files
[19/06/23 15:11:51:275 UTC]  INFO starter.ImportStarterUtil: About to delete all records from permission_reference
[19/06/23 15:11:51:276 UTC]  INFO starter.ImportStarterUtil: Deleted all records from permission_reference
[19/06/23 15:11:51:277 UTC]  INFO starter.ImportStarterUtil: About to delete all records from users_to_delete
[19/06/23 15:11:51:282 UTC]  INFO starter.ImportStarterUtil: Deleted all records from users_to_delete
[19/06/23 15:11:51:282 UTC]  INFO starter.ImportStarterUtil: About to delete all records from fixes_audit
[19/06/23 15:11:51:283 UTC]  INFO starter.ImportStarterUtil: Deleted all records from fixes_audit
[19/06/23 15:11:51:283 UTC]  INFO starter.ImportStarterUtil: About to delete all records from permission
[19/06/23 15:11:51:285 UTC]  INFO starter.ImportStarterUtil: Deleted all records from permission
[19/06/23 15:11:51:285 UTC]  INFO starter.ImportStarterUtil: About to delete all records from UserTrackerPath
[19/06/23 15:11:51:286 UTC]  INFO starter.ImportStarterUtil: Deleted all records from UserTrackerPath
[19/06/23 15:11:51:286 UTC]  INFO starter.ImportStarterUtil: About to delete all records from cms_layouts_portlets
[19/06/23 15:11:51:286 UTC]  INFO starter.ImportStarterUtil: Deleted all records from cms_layouts_portlets
[19/06/23 15:11:51:286 UTC]  INFO starter.ImportStarterUtil: About to delete all records from layouts_cms_roles
[19/06/23 15:11:51:287 UTC]  INFO starter.ImportStarterUtil: Deleted all records from layouts_cms_roles
[19/06/23 15:11:51:287 UTC]  INFO starter.ImportStarterUtil: About to delete all records from users_cms_roles
[19/06/23 15:11:51:287 UTC]  INFO starter.ImportStarterUtil: Deleted all records from users_cms_roles
[19/06/23 15:11:51:287 UTC]  INFO starter.ImportStarterUtil: About to delete all records from cms_role
[19/06/23 15:11:51:292 UTC]  INFO starter.ImportStarterUtil: Deleted all records from cms_role
[19/06/23 15:11:51:292 UTC]  INFO starter.ImportStarterUtil: About to delete all records from cms_layout
[19/06/23 15:11:51:292 UTC]  INFO starter.ImportStarterUtil: Deleted all records from cms_layout
[19/06/23 15:11:51:292 UTC]  INFO starter.ImportStarterUtil: About to delete all records from structure
[19/06/23 15:11:51:294 UTC]  INFO starter.ImportStarterUtil: Deleted all records from structure
[19/06/23 15:11:51:294 UTC]  INFO starter.ImportStarterUtil: About to delete all records from folder
[19/06/23 15:11:51:294 UTC]  INFO starter.ImportStarterUtil: Deleted all records from folder
[19/06/23 15:11:51:295 UTC]  INFO starter.ImportStarterUtil: About to delete all records from identifier
[19/06/23 15:11:51:297 UTC]  INFO starter.ImportStarterUtil: Deleted all records from identifier
[19/06/23 15:11:51:297 UTC]  INFO starter.ImportStarterUtil: About to delete all records from inode
[19/06/23 15:11:51:297 UTC]  INFO starter.ImportStarterUtil: Deleted all records from inode
[19/06/23 15:11:51:297 UTC]  INFO starter.ImportStarterUtil: About to delete all records from user_
[19/06/23 15:11:51:305 UTC]  INFO starter.ImportStarterUtil: Deleted all records from user_
[19/06/23 15:11:51:305 UTC]  INFO starter.ImportStarterUtil: About to delete all records from company
[19/06/23 15:11:51:311 UTC]  INFO starter.ImportStarterUtil: Deleted all records from company
[19/06/23 15:11:51:311 UTC]  INFO starter.ImportStarterUtil: About to delete all records from counter
[19/06/23 15:11:51:313 UTC]  INFO starter.ImportStarterUtil: Deleted all records from counter
[19/06/23 15:11:51:316 UTC]  INFO starter.ImportStarterUtil: About to delete all records from image
[19/06/23 15:11:51:317 UTC]  INFO starter.ImportStarterUtil: Deleted all records from image
[19/06/23 15:11:51:317 UTC]  INFO starter.ImportStarterUtil: About to delete all records from portlet
[19/06/23 15:11:51:318 UTC]  INFO starter.ImportStarterUtil: Deleted all records from portlet
[19/06/23 15:11:51:318 UTC]  INFO starter.ImportStarterUtil: About to delete all records from portletpreferences
[19/06/23 15:11:51:319 UTC]  INFO starter.ImportStarterUtil: Deleted all records from portletpreferences
[19/06/23 15:11:51:319 UTC]  INFO starter.ImportStarterUtil: About to delete all records from address
[19/06/23 15:11:51:319 UTC]  INFO starter.ImportStarterUtil: Deleted all records from address
[19/06/23 15:11:51:319 UTC]  INFO starter.ImportStarterUtil: About to delete all records from plugin_property
[19/06/23 15:11:51:320 UTC]  INFO starter.ImportStarterUtil: Deleted all records from plugin_property
[19/06/23 15:11:51:320 UTC]  INFO starter.ImportStarterUtil: About to delete all records from plugin
[19/06/23 15:11:51:321 UTC]  INFO starter.ImportStarterUtil: Deleted all records from plugin
[19/06/23 15:11:51:347 UTC]  INFO starter.ImportStarterUtil: **** Importing the file: /data/local/dotsecure/backup/temp/com.liferay.portal.model.Company.json *****
[19/06/23 15:11:51:349 UTC]  INFO starter.ImportStarterUtil: Importing:	com.liferay.portal.model.Company
[19/06/23 15:11:51:443 UTC]  INFO starter.ImportStarterUtil: Found :	1 com.liferay.portal.model.Company(s)
[19/06/23 15:11:51:536 UTC]  INFO starter.ImportStarterUtil: **** Importing the file: /data/local/dotsecure/backup/temp/com.dotmarketing.business.Role_0000000000.json *****
[19/06/23 15:11:51:538 UTC]  INFO starter.ImportStarterUtil: Importing:	com.dotmarketing.business.Role
[19/06/23 15:11:51:547 UTC]  INFO starter.ImportStarterUtil: Found :	18 com.dotmarketing.business.Role(s)
[19/06/23 15:11:51:551 UTC]  INFO starter.ImportStarterUtil: roleKey:cms_users = 0
[19/06/23 15:11:51:553 UTC]  INFO starter.ImportStarterUtil: roleKey:System = 0
[19/06/23 15:11:51:555 UTC]  INFO starter.ImportStarterUtil: roleKey:DOTCMS_BACK_END_USER = 0
[19/06/23 15:11:51:557 UTC]  INFO starter.ImportStarterUtil: roleKey:cms_workflow_any_who_can_view = 0
[19/06/23 15:11:51:559 UTC]  INFO starter.ImportStarterUtil: roleKey:Form Editor = 0
[19/06/23 15:11:51:561 UTC]  INFO starter.ImportStarterUtil: roleKey:dotcms.org.default = 0
[19/06/23 15:11:51:563 UTC]  INFO starter.ImportStarterUtil: roleKey:cms_workflow_any_who_can_edit_permissions = 0
[19/06/23 15:11:51:565 UTC]  INFO starter.ImportStarterUtil: roleKey:cms_workflow_any_who_can_edit = 0
[19/06/23 15:11:51:567 UTC]  INFO starter.ImportStarterUtil: roleKey:CMS Anonymous = 0
[19/06/23 15:11:51:569 UTC]  INFO starter.ImportStarterUtil: roleKey:CMS Owner = 0
[19/06/23 15:11:51:570 UTC]  INFO starter.ImportStarterUtil: roleKey:Login As = 0
[19/06/23 15:11:51:572 UTC]  INFO starter.ImportStarterUtil: roleKey:LDAP User = 0
[19/06/23 15:11:51:574 UTC]  INFO starter.ImportStarterUtil: roleKey:CMS Administrator = 0
[19/06/23 15:11:51:576 UTC]  INFO starter.ImportStarterUtil: roleKey:DOTCMS_FRONT_END_USER = 0
[19/06/23 15:11:51:577 UTC]  INFO starter.ImportStarterUtil: roleKey:cms_workflow_any_who_can_publish = 0
[19/06/23 15:11:51:579 UTC]  INFO starter.ImportStarterUtil: roleKey:dotcms.org.1 = 0
[19/06/23 15:11:51:581 UTC]  INFO starter.ImportStarterUtil: roleKey:anonymous = 0
[19/06/23 15:11:51:583 UTC]  INFO starter.ImportStarterUtil: roleKey:Scripting Developer = 0
[19/06/23 15:11:51:584 UTC]  INFO starter.ImportStarterUtil: **** Importing the file: /data/local/dotsecure/backup/temp/com.liferay.portal.model.User.json *****
[19/06/23 15:11:51:586 UTC]  INFO starter.ImportStarterUtil: Importing:	com.liferay.portal.model.User
[19/06/23 15:11:51:616 UTC]  INFO starter.ImportStarterUtil: Found :	4 com.liferay.portal.model.User(s)
[19/06/23 15:11:51:669 UTC]  WARN util.LocaleUtil: null is not a valid language id
[19/06/23 15:11:51:682 UTC]  WARN business.UserHelper: Error loading user with id dotcms.org.1
[19/06/23 15:11:51:767 UTC]  INFO xml.Marshaller: Marshaller called using one of the *static*  marshal(Object, *) methods. This will ignore any  mapping files as specified. Please consider switching to  using Marshaller instances and calling one of the marshal(*) methods.
[19/06/23 15:11:53:267 UTC]  WARN business.UserHelper: Error loading user with id system
[19/06/23 15:11:54:189 UTC]  INFO util.SecurityLogger: class com.dotmarketing.business.RoleAPIImpl : Adding role:'Admin User' to user:dotcms.org.1 email:admin@dotcms.com -- ip:ukn,user:null
[19/06/23 15:11:54:196 UTC]  WARN business.UserHelper: Error loading user with id anonymous
[19/06/23 15:11:55:062 UTC]  INFO util.SecurityLogger: class com.dotmarketing.business.RoleAPIImpl : Adding role:'anonymous user anonymous' to user:anonymous email:anonymous@dotcms.anonymoususer -- ip:ukn,user:null
[19/06/23 15:11:55:065 UTC]  INFO starter.ImportStarterUtil: 
[19/06/23 15:11:55:065 UTC]  INFO starter.ImportStarterUtil: 
[19/06/23 15:11:55:065 UTC]  INFO starter.ImportStarterUtil: **** Importing the file: /data/local/dotsecure/backup/temp/com.dotmarketing.business.UsersRoles_0000000000.json *****
[19/06/23 15:11:55:065 UTC]  INFO starter.ImportStarterUtil: Importing:	com.dotmarketing.business.UsersRoles
[19/06/23 15:11:55:068 UTC]  INFO starter.ImportStarterUtil: Found :	14 com.dotmarketing.business.UsersRoles(s)
[19/06/23 15:11:55:077 UTC]  INFO starter.ImportStarterUtil: **** Importing the file: /data/local/dotsecure/backup/temp/com.dotmarketing.business.Layout_0000000000.json *****
[19/06/23 15:11:55:077 UTC]  INFO starter.ImportStarterUtil: Importing:	com.dotmarketing.business.Layout
[19/06/23 15:11:55:079 UTC]  INFO starter.ImportStarterUtil: Found :	11 com.dotmarketing.business.Layout(s)
[19/06/23 15:11:55:092 UTC]  INFO starter.ImportStarterUtil: **** Importing the file: /data/local/dotsecure/backup/temp/com.dotmarketing.business.PortletsLayouts_0000000000.json *****
[19/06/23 15:11:55:092 UTC]  INFO starter.ImportStarterUtil: Importing:	com.dotmarketing.business.PortletsLayouts
[19/06/23 15:11:55:096 UTC]  INFO starter.ImportStarterUtil: Found :	36 com.dotmarketing.business.PortletsLayouts(s)
[19/06/23 15:11:55:126 UTC]  INFO starter.ImportStarterUtil: **** Importing the file: /data/local/dotsecure/backup/temp/com.dotmarketing.business.LayoutsRoles_0000000000.json *****
[19/06/23 15:11:55:126 UTC]  INFO starter.ImportStarterUtil: Importing:	com.dotmarketing.business.LayoutsRoles
[19/06/23 15:11:55:128 UTC]  INFO starter.ImportStarterUtil: Found :	7 com.dotmarketing.business.LayoutsRoles(s)
[19/06/23 15:11:55:138 UTC]  INFO starter.ImportStarterUtil: **** Importing the file: /data/local/dotsecure/backup/temp/com.dotmarketing.portlets.languagesmanager.model.Language_0000000000.json *****
[19/06/23 15:11:55:138 UTC]  INFO starter.ImportStarterUtil: Importing:	com.dotmarketing.portlets.languagesmanager.model.Language
[19/06/23 15:11:55:150 UTC]  INFO starter.ImportStarterUtil: Found :	1 com.dotmarketing.portlets.languagesmanager.model.Language(s)
[19/06/23 15:11:55:176 UTC]  INFO starter.ImportStarterUtil: Importing folder path /System foldersystem folder
[19/06/23 15:11:55:253 UTC]  INFO starter.ImportStarterUtil: **** Importing the file: /data/local/dotsecure/backup/temp/com.dotmarketing.portlets.folders.model.Folder_0000000000.json *****
[19/06/23 15:11:55:255 UTC]  INFO starter.ImportStarterUtil: Importing:	com.dotmarketing.portlets.folders.model.Folder
[19/06/23 15:11:55:270 UTC]  INFO starter.ImportStarterUtil: Found :	1 com.dotmarketing.portlets.folders.model.Folder(s)
[19/06/23 15:11:55:842 UTC]  INFO business.ContentTypeAPIImpl: Content type not found with given id: c938b15f-bcb6-49ef-8651-14d455a97045. Continuing...
[19/06/23 15:11:56:003 UTC]  INFO util.ActivityLogger: class com.dotmarketing.util.ActivityLogger: system : Save Field Action , User system/system user added field Site/Folder to Persona Structure.
[19/06/23 15:11:56:055 UTC]  INFO util.ActivityLogger: class com.dotmarketing.util.ActivityLogger: system : Save Field Action , User system/system user added field Name to Persona Structure.
[19/06/23 15:11:56:095 UTC]  INFO util.ActivityLogger: class com.dotmarketing.util.ActivityLogger: system : Save Field Action , User system/system user added field Key Tag to Persona Structure.
[19/06/23 15:11:56:136 UTC]  INFO util.ActivityLogger: class com.dotmarketing.util.ActivityLogger: system : Save Field Action , User system/system user added field Photo to Persona Structure.
[19/06/23 15:11:56:215 UTC]  INFO util.ActivityLogger: class com.dotmarketing.util.ActivityLogger: system : Save Field Action , User system/system user added field Other Tags to Persona Structure.
[19/06/23 15:11:56:274 UTC]  INFO util.ActivityLogger: class com.dotmarketing.util.ActivityLogger: system : Save Field Action , User system/system user added field Description to Persona Structure.
[19/06/23 15:11:56:310 UTC]  INFO util.ActivityLogger: class com.dotcms.contenttype.business.ContentTypeAPIImpl: system : Save ContentType Action , User system/system user system user added ContentType Persona to host id:SYSTEM_HOST
[19/06/23 15:11:56:311 UTC]  INFO business.ContentTypeAPIImpl: UserId : system : ContentType : ContentType saved : Persona
[19/06/23 15:11:56:311 UTC]  INFO util.AdminLogger: UserId : system : class com.dotcms.contenttype.business.ContentTypeAPIImpl : ContentType : ContentType saved : Persona
[19/06/23 15:11:56:337 UTC]  INFO business.ContentTypeAPIImpl: Content type not found with given id: f4d7c1b8-2c88-4071-abf1-a5328977b07d. Continuing...
[19/06/23 15:11:56:371 UTC]  INFO util.ActivityLogger: class com.dotmarketing.util.ActivityLogger: system : Save Field Action , User system/system user added field Key to Language Variable Structure.
[19/06/23 15:11:56:421 UTC]  INFO util.ActivityLogger: class com.dotmarketing.util.ActivityLogger: system : Save Field Action , User system/system user added field Value to Language Variable Structure.
[19/06/23 15:11:56:432 UTC]  INFO util.ActivityLogger: class com.dotcms.contenttype.business.ContentTypeAPIImpl: system : Save ContentType Action , User system/system user system user added ContentType Language Variable to host id:SYSTEM_HOST
[19/06/23 15:11:56:433 UTC]  INFO business.ContentTypeAPIImpl: UserId : system : ContentType : ContentType saved : Language Variable
[19/06/23 15:11:56:434 UTC]  INFO util.AdminLogger: UserId : system : class com.dotcms.contenttype.business.ContentTypeAPIImpl : ContentType : ContentType saved : Language Variable
[19/06/23 15:11:56:484 UTC]  INFO business.ContentTypeAPIImpl: Content type not found with given id: 4d21b6d8-1711-4ae6-9419-89e2b1ae5a06. Continuing...
[19/06/23 15:11:56:508 UTC]  INFO util.ActivityLogger: class com.dotmarketing.util.ActivityLogger: system : Save Field Action , User system/system user added field Form ID to Forms Structure.
[19/06/23 15:11:56:534 UTC]  INFO util.ActivityLogger: class com.dotmarketing.util.ActivityLogger: system : Save Field Action , User system/system user added field Widget Title to Forms Structure.
[19/06/23 15:11:56:570 UTC]  INFO util.ActivityLogger: class com.dotmarketing.util.ActivityLogger: system : Save Field Action , User system/system user added field Widget Usage to Forms Structure.
[19/06/23 15:11:56:609 UTC]  INFO util.ActivityLogger: class com.dotmarketing.util.ActivityLogger: system : Save Field Action , User system/system user added field Widget Code to Forms Structure.
[19/06/23 15:11:56:648 UTC]  INFO util.ActivityLogger: class com.dotmarketing.util.ActivityLogger: system : Save Field Action , User system/system user added field Widget Pre-Execute to Forms Structure.
[19/06/23 15:11:56:659 UTC]  INFO util.ActivityLogger: class com.dotcms.contenttype.business.ContentTypeAPIImpl: system : Save ContentType Action , User system/system user system user added ContentType Forms to host id:SYSTEM_HOST
[19/06/23 15:11:56:659 UTC]  INFO business.ContentTypeAPIImpl: UserId : system : ContentType : ContentType saved : Forms
[19/06/23 15:11:56:659 UTC]  INFO util.AdminLogger: UserId : system : class com.dotcms.contenttype.business.ContentTypeAPIImpl : ContentType : ContentType saved : Forms
[19/06/23 15:11:56:670 UTC]  INFO business.ContentTypeAPIImpl: Content type not found with given id: f2d8a1c7-2b77-2081-bcf1-b5348988c08d. Continuing...
[19/06/23 15:11:56:684 UTC]  INFO util.ActivityLogger: class com.dotmarketing.util.ActivityLogger: system : Save Field Action , User system/system user added field Site or Folder to dotAsset Structure.
[19/06/23 15:11:56:696 UTC]  INFO util.ActivityLogger: class com.dotmarketing.util.ActivityLogger: system : Save Field Action , User system/system user added field Asset to dotAsset Structure.
[19/06/23 15:11:56:716 UTC]  INFO util.ActivityLogger: class com.dotmarketing.util.ActivityLogger: system : Save Field Action , User system/system user added field Tags to dotAsset Structure.
[19/06/23 15:11:56:728 UTC]  INFO util.ActivityLogger: class com.dotcms.contenttype.business.ContentTypeAPIImpl: system : Save ContentType Action , User system/system user system user added ContentType dotAsset to host id:SYSTEM_HOST
[19/06/23 15:11:56:728 UTC]  INFO business.ContentTypeAPIImpl: UserId : system : ContentType : ContentType saved : dotAsset
[19/06/23 15:11:56:728 UTC]  INFO util.AdminLogger: UserId : system : class com.dotcms.contenttype.business.ContentTypeAPIImpl : ContentType : ContentType saved : dotAsset
[19/06/23 15:11:56:795 UTC]  INFO business.ContentTypeAPIImpl: Content type not found with given id: 33888b6f-7a8e-4069-b1b6-5c1aa9d0a48d. Continuing...
[19/06/23 15:11:56:821 UTC]  INFO util.ActivityLogger: class com.dotmarketing.util.ActivityLogger: system : Save Field Action , User system/system user added field Host Or Folder to File Asset Structure.
[19/06/23 15:11:56:840 UTC]  INFO util.ActivityLogger: class com.dotmarketing.util.ActivityLogger: system : Save Field Action , User system/system user added field File Name to File Asset Structure.
[19/06/23 15:11:56:866 UTC]  INFO util.ActivityLogger: class com.dotmarketing.util.ActivityLogger: system : Save Field Action , User system/system user added field File Asset to File Asset Structure.
[19/06/23 15:11:56:889 UTC]  INFO util.ActivityLogger: class com.dotmarketing.util.ActivityLogger: system : Save Field Action , User system/system user added field Title to File Asset Structure.
[19/06/23 15:11:56:925 UTC]  INFO util.ActivityLogger: class com.dotmarketing.util.ActivityLogger: system : Save Field Action , User system/system user added field Metadata to File Asset Structure.
[19/06/23 15:11:56:966 UTC]  INFO util.ActivityLogger: class com.dotmarketing.util.ActivityLogger: system : Save Field Action , User system/system user added field Metadata to File Asset Structure.
[19/06/23 15:11:57:006 UTC]  INFO util.ActivityLogger: class com.dotmarketing.util.ActivityLogger: system : Save Field Action , User system/system user added field Show On Menu to File Asset Structure.
[19/06/23 15:11:57:046 UTC]  INFO util.ActivityLogger: class com.dotmarketing.util.ActivityLogger: system : Save Field Action , User system/system user added field Sort Order to File Asset Structure.
[19/06/23 15:11:57:087 UTC]  INFO util.ActivityLogger: class com.dotmarketing.util.ActivityLogger: system : Save Field Action , User system/system user added field Description to File Asset Structure.
[19/06/23 15:11:57:115 UTC]  INFO util.ActivityLogger: class com.dotcms.contenttype.business.ContentTypeAPIImpl: system : Save ContentType Action , User system/system user system user added ContentType File Asset to host id:SYSTEM_HOST
[19/06/23 15:11:57:117 UTC]  INFO business.ContentTypeAPIImpl: UserId : system : ContentType : ContentType saved : File Asset
[19/06/23 15:11:57:118 UTC]  INFO util.AdminLogger: UserId : system : class com.dotcms.contenttype.business.ContentTypeAPIImpl : ContentType : ContentType saved : File Asset
[19/06/23 15:11:57:147 UTC]  INFO business.ContentTypeAPIImpl: Content type not found with given id: 8e850645-bb92-4fda-a765-e67063a59be0. Continuing...
[19/06/23 15:11:57:163 UTC]  INFO util.ActivityLogger: class com.dotmarketing.util.ActivityLogger: system : Save Field Action , User system/system user added field Title to Vanity URL Structure.
[19/06/23 15:11:57:180 UTC]  INFO util.ActivityLogger: class com.dotmarketing.util.ActivityLogger: system : Save Field Action , User system/system user added field Site to Vanity URL Structure.
[19/06/23 15:11:57:216 UTC]  INFO util.ActivityLogger: class com.dotmarketing.util.ActivityLogger: system : Save Field Action , User system/system user added field Uri to Vanity URL Structure.
[19/06/23 15:11:57:240 UTC]  INFO util.ActivityLogger: class com.dotmarketing.util.ActivityLogger: system : Save Field Action , User system/system user added field Action to Vanity URL Structure.
[19/06/23 15:11:57:258 UTC]  INFO util.ActivityLogger: class com.dotmarketing.util.ActivityLogger: system : Save Field Action , User system/system user added field Forward To to Vanity URL Structure.
[19/06/23 15:11:57:279 UTC]  INFO util.ActivityLogger: class com.dotmarketing.util.ActivityLogger: system : Save Field Action , User system/system user added field Order to Vanity URL Structure.
[19/06/23 15:11:57:286 UTC]  INFO util.ActivityLogger: class com.dotcms.contenttype.business.ContentTypeAPIImpl: system : Save ContentType Action , User system/system user system user added ContentType Vanity URL to host id:SYSTEM_HOST
[19/06/23 15:11:57:287 UTC]  INFO business.ContentTypeAPIImpl: UserId : system : ContentType : ContentType saved : Vanity URL
[19/06/23 15:11:57:287 UTC]  INFO util.AdminLogger: UserId : system : class com.dotcms.contenttype.business.ContentTypeAPIImpl : ContentType : ContentType saved : Vanity URL
[19/06/23 15:11:57:307 UTC]  INFO business.ContentTypeAPIImpl: Content type not found with given id: c541abb1-69b3-4bc5-8430-5e09e5239cc8. Continuing...
[19/06/23 15:11:57:330 UTC]  INFO util.ActivityLogger: class com.dotmarketing.util.ActivityLogger: system : Save Field Action , User system/system user added field Title to Page Structure.
[19/06/23 15:11:57:350 UTC]  INFO util.ActivityLogger: class com.dotmarketing.util.ActivityLogger: system : Save Field Action , User system/system user added field Url to Page Structure.
[19/06/23 15:11:57:371 UTC]  INFO util.ActivityLogger: class com.dotmarketing.util.ActivityLogger: system : Save Field Action , User system/system user added field Host or Folder to Page Structure.
[19/06/23 15:11:57:386 UTC]  INFO util.ActivityLogger: class com.dotmarketing.util.ActivityLogger: system : Save Field Action , User system/system user added field Template to Page Structure.
[19/06/23 15:11:57:410 UTC]  INFO util.ActivityLogger: class com.dotmarketing.util.ActivityLogger: system : Save Field Action , User system/system user added field Friendly Name to Page Structure.
[19/06/23 15:11:57:433 UTC]  INFO util.ActivityLogger: class com.dotmarketing.util.ActivityLogger: system : Save Field Action , User system/system user added field Show on Menu to Page Structure.
[19/06/23 15:11:57:474 UTC]  INFO util.ActivityLogger: class com.dotmarketing.util.ActivityLogger: system : Save Field Action , User system/system user added field Sort Order to Page Structure.
[19/06/23 15:11:57:510 UTC]  INFO util.ActivityLogger: class com.dotmarketing.util.ActivityLogger: system : Save Field Action , User system/system user added field Cache TTL to Page Structure.
[19/06/23 15:11:57:554 UTC]  INFO util.ActivityLogger: class com.dotmarketing.util.ActivityLogger: system : Save Field Action , User system/system user added field Advanced Properties to Page Structure.
[19/06/23 15:11:57:603 UTC]  INFO util.ActivityLogger: class com.dotmarketing.util.ActivityLogger: system : Save Field Action , User system/system user added field Redirect Url to Page Structure.
[19/06/23 15:11:57:636 UTC]  INFO util.ActivityLogger: class com.dotmarketing.util.ActivityLogger: system : Save Field Action , User system/system user added field HTTPS Required to Page Structure.
[19/06/23 15:11:57:713 UTC]  INFO util.ActivityLogger: class com.dotmarketing.util.ActivityLogger: system : Save Field Action , User system/system user added field SEO Description to Page Structure.
[19/06/23 15:11:57:775 UTC]  INFO util.ActivityLogger: class com.dotmarketing.util.ActivityLogger: system : Save Field Action , User system/system user added field SEO Keywords to Page Structure.
[19/06/23 15:11:57:825 UTC]  INFO util.ActivityLogger: class com.dotmarketing.util.ActivityLogger: system : Save Field Action , User system/system user added field Page Metadata to Page Structure.
[19/06/23 15:11:57:888 UTC]  INFO util.ActivityLogger: class com.dotmarketing.util.ActivityLogger: system : Save Field Action , User system/system user added field Canonical URL to Page Structure.
[19/06/23 15:11:57:926 UTC]  INFO util.ActivityLogger: class com.dotcms.contenttype.business.ContentTypeAPIImpl: system : Save ContentType Action , User system/system user system user added ContentType Page to host id:SYSTEM_HOST
[19/06/23 15:11:57:926 UTC]  INFO business.ContentTypeAPIImpl: UserId : system : ContentType : ContentType saved : Page
[19/06/23 15:11:57:926 UTC]  INFO util.AdminLogger: UserId : system : class com.dotcms.contenttype.business.ContentTypeAPIImpl : ContentType : ContentType saved : Page
[19/06/23 15:11:57:981 UTC]  INFO business.ContentTypeAPIImpl: Content type not found with given id: 855a2d72-f2f3-4169-8b04-ac5157c4380c. Continuing...
[19/06/23 15:11:57:994 UTC]  INFO util.ActivityLogger: class com.dotmarketing.util.ActivityLogger: system : Save Field Action , User system/system user added field fields-2 to Host Structure.
[19/06/23 15:11:58:006 UTC]  INFO util.ActivityLogger: class com.dotmarketing.util.ActivityLogger: system : Save Field Action , User system/system user added field fields-3 to Host Structure.
[19/06/23 15:11:58:020 UTC]  INFO util.ActivityLogger: class com.dotmarketing.util.ActivityLogger: system : Save Field Action , User system/system user added field Site Key to Host Structure.
[19/06/23 15:11:58:034 UTC]  INFO util.ActivityLogger: class com.dotmarketing.util.ActivityLogger: system : Save Field Action , User system/system user added field Aliases to Host Structure.
[19/06/23 15:11:58:062 UTC]  INFO util.ActivityLogger: class com.dotmarketing.util.ActivityLogger: system : Save Field Action , User system/system user added field Tag Storage to Host Structure.
[19/06/23 15:11:58:102 UTC]  INFO util.ActivityLogger: class com.dotmarketing.util.ActivityLogger: system : Save Field Action , User system/system user added field Is Default to Host Structure.
[19/06/23 15:11:58:126 UTC]  INFO util.ActivityLogger: class com.dotmarketing.util.ActivityLogger: system : Save Field Action , User system/system user added field Is System Host to Host Structure.
[19/06/23 15:11:58:171 UTC]  INFO util.ActivityLogger: class com.dotmarketing.util.ActivityLogger: system : Save Field Action , User system/system user added field Host Thumbnail to Host Structure.
[19/06/23 15:11:58:213 UTC]  INFO util.ActivityLogger: class com.dotmarketing.util.ActivityLogger: system : Save Field Action , User system/system user added field Run Dashboard to Host Structure.
[19/06/23 15:11:58:228 UTC]  INFO util.ActivityLogger: class com.dotcms.contenttype.business.ContentTypeAPIImpl: system : Save ContentType Action , User system/system user system user added ContentType Host to host id:SYSTEM_HOST
[19/06/23 15:11:58:228 UTC]  INFO business.ContentTypeAPIImpl: UserId : system : ContentType : ContentType saved : Host
[19/06/23 15:11:58:228 UTC]  INFO util.AdminLogger: UserId : system : class com.dotcms.contenttype.business.ContentTypeAPIImpl : ContentType : ContentType saved : Host
[19/06/23 15:11:58:237 UTC]  INFO business.ContentTypeAPIImpl: Content type not found with given id: 2c46b6586c38852ac08a824a303ced80. Continuing...
[19/06/23 15:11:58:260 UTC]  INFO util.ActivityLogger: class com.dotmarketing.util.ActivityLogger: system : Save Field Action , User system/system user added field Site or Folder to Image Structure.
[19/06/23 15:11:58:280 UTC]  INFO util.ActivityLogger: class com.dotmarketing.util.ActivityLogger: system : Save Field Action , User system/system user added field Asset to Image Structure.
[19/06/23 15:11:58:304 UTC]  INFO util.ActivityLogger: class com.dotmarketing.util.ActivityLogger: system : Save Field Action , User system/system user added field Tags to Image Structure.
[19/06/23 15:11:58:336 UTC]  INFO util.ActivityLogger: class com.dotcms.contenttype.business.ContentTypeAPIImpl: system : Save ContentType Action , User system/system user system user added ContentType Image to host id:8a7d5e23-da1e-420a-b4f0-471e7da8ea2d
[19/06/23 15:11:58:337 UTC]  INFO business.ContentTypeAPIImpl: UserId : system : ContentType : ContentType saved : Image
[19/06/23 15:11:58:338 UTC]  INFO util.AdminLogger: UserId : system : class com.dotcms.contenttype.business.ContentTypeAPIImpl : ContentType : ContentType saved : Image
[19/06/23 15:11:58:357 UTC]  INFO business.ContentTypeAPIImpl: Content type not found with given id: c77450b834901a20c8193ef9d561ee5b. Continuing...
[19/06/23 15:11:58:404 UTC]  INFO util.ActivityLogger: class com.dotmarketing.util.ActivityLogger: system : Save Field Action , User system/system user added field Site or Folder to Video Structure.
[19/06/23 15:11:58:440 UTC]  INFO util.ActivityLogger: class com.dotmarketing.util.ActivityLogger: system : Save Field Action , User system/system user added field Asset to Video Structure.
[19/06/23 15:11:58:473 UTC]  INFO util.ActivityLogger: class com.dotmarketing.util.ActivityLogger: system : Save Field Action , User system/system user added field Tags to Video Structure.
[19/06/23 15:11:58:479 UTC]  INFO util.ActivityLogger: class com.dotcms.contenttype.business.ContentTypeAPIImpl: system : Save ContentType Action , User system/system user system user added ContentType Video to host id:8a7d5e23-da1e-420a-b4f0-471e7da8ea2d
[19/06/23 15:11:58:480 UTC]  INFO business.ContentTypeAPIImpl: UserId : system : ContentType : ContentType saved : Video
[19/06/23 15:11:58:480 UTC]  INFO util.AdminLogger: UserId : system : class com.dotcms.contenttype.business.ContentTypeAPIImpl : ContentType : ContentType saved : Video
[19/06/23 15:11:58:497 UTC]  INFO business.ContentTypeAPIImpl: Content type not found with given id: 2a3e91e4-fbbf-4876-8c5b-2233c1739b05. Continuing...
[19/06/23 15:11:58:507 UTC]  INFO util.ActivityLogger: class com.dotmarketing.util.ActivityLogger: system : Save Field Action , User system/system user added field Row Field to Content (Generic) Structure.
[19/06/23 15:11:58:518 UTC]  INFO util.ActivityLogger: class com.dotmarketing.util.ActivityLogger: system : Save Field Action , User system/system user added field Column Field to Content (Generic) Structure.
[19/06/23 15:11:58:540 UTC]  INFO util.ActivityLogger: class com.dotmarketing.util.ActivityLogger: system : Save Field Action , User system/system user added field Title to Content (Generic) Structure.
[19/06/23 15:11:58:556 UTC]  INFO util.ActivityLogger: class com.dotmarketing.util.ActivityLogger: system : Save Field Action , User system/system user added field Site to Content (Generic) Structure.
[19/06/23 15:11:58:585 UTC]  INFO util.ActivityLogger: class com.dotmarketing.util.ActivityLogger: system : Save Field Action , User system/system user added field Body to Content (Generic) Structure.
[19/06/23 15:11:58:592 UTC]  INFO util.ActivityLogger: class com.dotcms.contenttype.business.ContentTypeAPIImpl: system : Save ContentType Action , User system/system user system user added ContentType Content (Generic) to host id:SYSTEM_HOST
[19/06/23 15:11:58:594 UTC]  INFO business.ContentTypeAPIImpl: UserId : system : ContentType : ContentType saved : Content (Generic)
[19/06/23 15:11:58:594 UTC]  INFO util.AdminLogger: UserId : system : class com.dotcms.contenttype.business.ContentTypeAPIImpl : ContentType : ContentType saved : Content (Generic)
[19/06/23 15:11:58:597 UTC]  INFO business.ContentTypeAPIImpl: Content type not found with given id: ce930143870e11569f93f8a9fff5da19. Continuing...
[19/06/23 15:11:58:607 UTC]  INFO util.ActivityLogger: class com.dotmarketing.util.ActivityLogger: system : Save Field Action , User system/system user added field Screenshot to Dot Favorite Page Structure.
[19/06/23 15:11:58:618 UTC]  INFO util.ActivityLogger: class com.dotmarketing.util.ActivityLogger: system : Save Field Action , User system/system user added field title to Dot Favorite Page Structure.
[19/06/23 15:11:58:636 UTC]  INFO util.ActivityLogger: class com.dotmarketing.util.ActivityLogger: system : Save Field Action , User system/system user added field url to Dot Favorite Page Structure.
[19/06/23 15:11:58:653 UTC]  INFO util.ActivityLogger: class com.dotmarketing.util.ActivityLogger: system : Save Field Action , User system/system user added field order to Dot Favorite Page Structure.
[19/06/23 15:11:58:661 UTC]  INFO util.ActivityLogger: class com.dotcms.contenttype.business.ContentTypeAPIImpl: system : Save ContentType Action , User system/system user system user added ContentType Dot Favorite Page to host id:SYSTEM_HOST
[19/06/23 15:11:58:662 UTC]  INFO business.ContentTypeAPIImpl: UserId : system : ContentType : ContentType saved : Dot Favorite Page
[19/06/23 15:11:58:663 UTC]  INFO util.AdminLogger: UserId : system : class com.dotcms.contenttype.business.ContentTypeAPIImpl : ContentType : ContentType saved : Dot Favorite Page
[19/06/23 15:11:58:665 UTC]  INFO starter.ImportStarterUtil: **** Importing the file: /data/local/dotsecure/backup/temp/com.dotmarketing.portlets.contentlet.model.Contentlet_0000000000.json *****
[19/06/23 15:11:58:666 UTC]  INFO starter.ImportStarterUtil: Importing:	com.dotmarketing.portlets.contentlet.model.Contentlet
[19/06/23 15:11:58:852 UTC]  INFO starter.ImportStarterUtil: Found :	5 com.dotmarketing.portlets.contentlet.model.Contentlet(s)
[19/06/23 15:11:59:028 UTC]  INFO timedcache.TimedCacheProvider: ***	 Building Cache : esquerycache, size:10000, seconds:3600,Concurrency:32 (every 60000 millis)
[19/06/23 15:11:59:523 UTC]  INFO util.SecurityLogger: class com.dotmarketing.portlets.workflows.business.WorkflowAPIImpl : Workflow Scheme 'System Workflow' [d61a59e1-a49c-46f2-a929-db2b4bfa88b2] has been saved by User ID 'system' -- ip:ukn,user:null
[19/06/23 15:11:59:531 UTC]  INFO util.SecurityLogger: class com.dotmarketing.portlets.workflows.business.WorkflowAPIImpl : Workflow Step 'New' [6cb7e3bd-1710-4eed-8838-d3db60f78f19] has been saved by User ID 'system' -- ip:ukn,user:null
[19/06/23 15:11:59:535 UTC]  INFO util.SecurityLogger: class com.dotmarketing.portlets.workflows.business.WorkflowAPIImpl : Workflow Step 'Draft' [ee24a4cb-2d15-4c98-b1bd-6327126451f3] has been saved by User ID 'system' -- ip:ukn,user:null
[19/06/23 15:11:59:539 UTC]  INFO util.SecurityLogger: class com.dotmarketing.portlets.workflows.business.WorkflowAPIImpl : Workflow Step 'Published' [dc3c9cd0-8467-404b-bf95-cb7df3fbc293] has been saved by User ID 'system' -- ip:ukn,user:null
[19/06/23 15:11:59:543 UTC]  INFO util.SecurityLogger: class com.dotmarketing.portlets.workflows.business.WorkflowAPIImpl : Workflow Step 'Archived' [d6b095b6-b65f-4bdb-bbfd-701d663dfee2] has been saved by User ID 'system' -- ip:ukn,user:null
[19/06/23 15:11:59:550 UTC]  INFO util.SecurityLogger: class com.dotmarketing.portlets.workflows.business.WorkflowAPIImpl : Action id: '4da13a42-5d59-480c-ad8f-94a3adf809fe' has been reordered by user: system -- ip:ukn,user:null
[19/06/23 15:11:59:562 UTC]  INFO util.SecurityLogger: class com.dotmarketing.portlets.workflows.business.WorkflowAPIImpl : Action id: '963f6a04-5320-42e7-ab74-6d876d199946' has been reordered by user: system -- ip:ukn,user:null
[19/06/23 15:11:59:568 UTC]  INFO util.SecurityLogger: class com.dotmarketing.portlets.workflows.business.WorkflowAPIImpl : Action id: '777f1c6b-c877-4a37-ba4b-10627316c2cc' has been reordered by user: system -- ip:ukn,user:null
[19/06/23 15:11:59:573 UTC]  INFO util.SecurityLogger: class com.dotmarketing.portlets.workflows.business.WorkflowAPIImpl : Action id: '1e0f1c6b-b67f-4c99-983d-db2b4bfa88b2' has been reordered by user: system -- ip:ukn,user:null
[19/06/23 15:11:59:577 UTC]  INFO util.SecurityLogger: class com.dotmarketing.portlets.workflows.business.WorkflowAPIImpl : Action id: 'dd4c4b7c-e9d3-4dc0-8fbf-36102f9c6324' has been reordered by user: system -- ip:ukn,user:null
[19/06/23 15:11:59:581 UTC]  INFO util.SecurityLogger: class com.dotmarketing.portlets.workflows.business.WorkflowAPIImpl : Action id: 'b9d89c80-3d88-4311-8365-187323c96436' has been reordered by user: system -- ip:ukn,user:null
[19/06/23 15:11:59:586 UTC]  INFO util.SecurityLogger: class com.dotmarketing.portlets.workflows.business.WorkflowAPIImpl : Action id: 'ceca71a0-deee-4999-bd47-b01baa1bcfc8' has been reordered by user: system -- ip:ukn,user:null
[19/06/23 15:11:59:590 UTC]  INFO util.SecurityLogger: class com.dotmarketing.portlets.workflows.business.WorkflowAPIImpl : Action id: 'c92f9aa1-9503-4567-ac30-d3242b54d02d' has been reordered by user: system -- ip:ukn,user:null
[19/06/23 15:11:59:594 UTC]  INFO util.SecurityLogger: class com.dotmarketing.portlets.workflows.business.WorkflowAPIImpl : Action id: '38efc763-d78f-4e4b-b092-59cd8c579b93' has been reordered by user: system -- ip:ukn,user:null
[19/06/23 15:11:59:615 UTC]  INFO util.SecurityLogger: class com.dotmarketing.portlets.workflows.business.WorkflowAPIImpl : The action id: 'ceca71a0-deee-4999-bd47-b01baa1bcfc8' has been saved by the user: system -- ip:ukn,user:null
[19/06/23 15:11:59:621 UTC]  INFO util.SecurityLogger: class com.dotmarketing.portlets.workflows.business.WorkflowAPIImpl : The action id: 'b9d89c80-3d88-4311-8365-187323c96436' has been saved by the user: system -- ip:ukn,user:null
[19/06/23 15:11:59:626 UTC]  INFO util.SecurityLogger: class com.dotmarketing.portlets.workflows.business.WorkflowAPIImpl : The action id: '777f1c6b-c877-4a37-ba4b-10627316c2cc' has been saved by the user: system -- ip:ukn,user:null
[19/06/23 15:11:59:633 UTC]  INFO util.SecurityLogger: class com.dotmarketing.portlets.workflows.business.WorkflowAPIImpl : The action id: 'ceca71a0-deee-4999-bd47-b01baa1bcfc8' has been saved by the user: system -- ip:ukn,user:null
[19/06/23 15:11:59:639 UTC]  INFO util.SecurityLogger: class com.dotmarketing.portlets.workflows.business.WorkflowAPIImpl : The action id: 'dd4c4b7c-e9d3-4dc0-8fbf-36102f9c6324' has been saved by the user: system -- ip:ukn,user:null
[19/06/23 15:11:59:644 UTC]  INFO util.SecurityLogger: class com.dotmarketing.portlets.workflows.business.WorkflowAPIImpl : The action id: '38efc763-d78f-4e4b-b092-59cd8c579b93' has been saved by the user: system -- ip:ukn,user:null
[19/06/23 15:11:59:649 UTC]  INFO util.SecurityLogger: class com.dotmarketing.portlets.workflows.business.WorkflowAPIImpl : The action id: '963f6a04-5320-42e7-ab74-6d876d199946' has been saved by the user: system -- ip:ukn,user:null
[19/06/23 15:11:59:654 UTC]  INFO util.SecurityLogger: class com.dotmarketing.portlets.workflows.business.WorkflowAPIImpl : The action id: 'b9d89c80-3d88-4311-8365-187323c96436' has been saved by the user: system -- ip:ukn,user:null
[19/06/23 15:11:59:660 UTC]  INFO util.SecurityLogger: class com.dotmarketing.portlets.workflows.business.WorkflowAPIImpl : The action id: '4da13a42-5d59-480c-ad8f-94a3adf809fe' has been saved by the user: system -- ip:ukn,user:null
[19/06/23 15:11:59:666 UTC]  INFO util.SecurityLogger: class com.dotmarketing.portlets.workflows.business.WorkflowAPIImpl : The action id: '963f6a04-5320-42e7-ab74-6d876d199946' has been saved by the user: system -- ip:ukn,user:null
[19/06/23 15:11:59:670 UTC]  INFO util.SecurityLogger: class com.dotmarketing.portlets.workflows.business.WorkflowAPIImpl : The action id: '38efc763-d78f-4e4b-b092-59cd8c579b93' has been saved by the user: system -- ip:ukn,user:null
[19/06/23 15:11:59:675 UTC]  INFO util.SecurityLogger: class com.dotmarketing.portlets.workflows.business.WorkflowAPIImpl : The action id: 'ceca71a0-deee-4999-bd47-b01baa1bcfc8' has been saved by the user: system -- ip:ukn,user:null
[19/06/23 15:11:59:680 UTC]  INFO util.SecurityLogger: class com.dotmarketing.portlets.workflows.business.WorkflowAPIImpl : The action id: '4da13a42-5d59-480c-ad8f-94a3adf809fe' has been saved by the user: system -- ip:ukn,user:null
[19/06/23 15:11:59:685 UTC]  INFO util.SecurityLogger: class com.dotmarketing.portlets.workflows.business.WorkflowAPIImpl : The action id: 'b9d89c80-3d88-4311-8365-187323c96436' has been saved by the user: system -- ip:ukn,user:null
[19/06/23 15:11:59:690 UTC]  INFO util.SecurityLogger: class com.dotmarketing.portlets.workflows.business.WorkflowAPIImpl : The action id: 'dd4c4b7c-e9d3-4dc0-8fbf-36102f9c6324' has been saved by the user: system -- ip:ukn,user:null
[19/06/23 15:11:59:700 UTC]  INFO util.SecurityLogger: class com.dotmarketing.portlets.workflows.business.WorkflowAPIImpl : The action id: 'c92f9aa1-9503-4567-ac30-d3242b54d02d' has been saved by the user: system -- ip:ukn,user:null
[19/06/23 15:11:59:705 UTC]  INFO util.SecurityLogger: class com.dotmarketing.portlets.workflows.business.WorkflowAPIImpl : The action id: '777f1c6b-c877-4a37-ba4b-10627316c2cc' has been saved by the user: system -- ip:ukn,user:null
[19/06/23 15:11:59:710 UTC]  INFO util.SecurityLogger: class com.dotmarketing.portlets.workflows.business.WorkflowAPIImpl : The action id: '1e0f1c6b-b67f-4c99-983d-db2b4bfa88b2' has been saved by the user: system -- ip:ukn,user:null
[19/06/23 15:11:59:788 UTC]  INFO util.SecurityLogger: class com.dotmarketing.portlets.workflows.business.WorkflowAPIImpl : Saving class parameters by the user: system -- ip:ukn,user:null
[19/06/23 15:11:59:798 UTC]  INFO starter.ImportStarterUtil: **** Importing the file: /data/local/dotsecure/backup/temp/com.dotmarketing.beans.Permission_0000000000.json *****
[19/06/23 15:11:59:799 UTC]  INFO starter.ImportStarterUtil: Importing:	com.dotmarketing.beans.Permission
[19/06/23 15:11:59:804 UTC]  INFO starter.ImportStarterUtil: Found :	20 com.dotmarketing.beans.Permission(s)
[19/06/23 15:11:59:822 UTC]  INFO starter.ImportStarterUtil: **** Importing the file: /data/local/dotsecure/backup/temp/com.dotmarketing.portlets.contentlet.model.ContentletVersionInfo_0000000000.json *****
[19/06/23 15:11:59:823 UTC]  INFO starter.ImportStarterUtil: Importing:	com.dotmarketing.portlets.contentlet.model.ContentletVersionInfo
[19/06/23 15:11:59:826 UTC]  INFO starter.ImportStarterUtil: Found :	3 com.dotmarketing.portlets.contentlet.model.ContentletVersionInfo(s)
[19/06/23 15:11:59:882 UTC]  INFO starter.ImportStarterUtil: **** Importing the file: /data/local/dotsecure/backup/temp/com.dotmarketing.portlets.workflows.model.WorkflowTask_0000000000.json *****
[19/06/23 15:11:59:884 UTC]  INFO starter.ImportStarterUtil: Importing:	com.dotmarketing.portlets.workflows.model.WorkflowTask
[19/06/23 15:11:59:887 UTC]  INFO starter.ImportStarterUtil: Found :	1 com.dotmarketing.portlets.workflows.model.WorkflowTask(s)
[19/06/23 15:11:59:901 UTC]  INFO starter.ImportStarterUtil: **** Importing the file: /data/local/dotsecure/backup/temp/Image.json *****
[19/06/23 15:11:59:902 UTC]  INFO starter.ImportStarterUtil: Importing:	Image
[19/06/23 15:12:06:002 UTC]  INFO starter.ImportStarterUtil: Found :	1 Image(s)
[19/06/23 15:12:06:004 UTC]  INFO starter.ImportStarterUtil: **** Importing the file: /data/local/dotsecure/backup/temp/Portlet.json *****
[19/06/23 15:12:06:004 UTC]  INFO starter.ImportStarterUtil: Importing:	Portlet
[19/06/23 15:12:06:005 UTC]  INFO starter.ImportStarterUtil: Found :	3 Portlet(s)
[19/06/23 15:12:06:012 UTC]  INFO starter.ImportStarterUtil: Done Importing
[19/06/23 15:12:06:016 UTC]  INFO runonce.Task210321RemoveOldMetadataFiles:  executing metadata clean up under path /data/shared/assets
[19/06/23 15:12:06:023 UTC]  INFO db.DotCMSInitDb:  `1` old metadata entries removed and `0` old content files from the starter.
[19/06/23 15:12:06:026 UTC]  INFO timedcache.TimedCacheProvider: ===== Initializing [Timed Cache Provider].
[19/06/23 15:12:06:026 UTC]  INFO timedcache.TimedCacheProvider: ***	 Cache Config Memory : esquerycache: 10000
[19/06/23 15:12:06:026 UTC]  INFO timedcache.TimedCacheProvider: ***	 Cache Config Memory : esquerycountcache: 10000
[19/06/23 15:12:06:026 UTC]  INFO timedcache.TimedCacheProvider: ***	 Cache Config Memory : graphqlquerycache: 5000
[19/06/23 15:12:06:026 UTC]  INFO timedcache.TimedCacheProvider: ***	 Cache Config Memory : default: 1000
[19/06/23 15:12:06:026 UTC]  INFO timedcache.TimedCacheProvider: ***	 Cache Config Memory : adminconfigpool: 100
[19/06/23 15:12:06:026 UTC]  INFO timedcache.TimedCacheProvider: ***	 Cache Config Memory : companypool: 10
[19/06/23 15:12:06:026 UTC]  INFO timedcache.TimedCacheProvider: ***	 Cache Config Memory : contentletcache: 5000
[19/06/23 15:12:06:026 UTC]  INFO timedcache.TimedCacheProvider: ***	 Cache Config Memory : categoryparentscache: 30000
[19/06/23 15:12:06:026 UTC]  INFO timedcache.TimedCacheProvider: ***	 Cache Config Memory : taginodecache: 50000
[19/06/23 15:12:06:026 UTC]  INFO timedcache.TimedCacheProvider: ***	 Cache Config Memory : taginodesbyinodecache: 50000
[19/06/23 15:12:06:026 UTC]  INFO timedcache.TimedCacheProvider: ***	 Cache Config Memory : tagcache: 50000
[19/06/23 15:12:06:026 UTC]  INFO timedcache.TimedCacheProvider: ***	 Cache Config Memory : csscache: 2500
[19/06/23 15:12:06:026 UTC]  INFO timedcache.TimedCacheProvider: ***	 Cache Config Memory : assetmetadatacache: 10000
[19/06/23 15:12:06:027 UTC]  INFO timedcache.TimedCacheProvider: ***	 Cache Config Memory : identifiercache: 50000
[19/06/23 15:12:06:027 UTC]  INFO timedcache.TimedCacheProvider: ***	 Cache Config Memory : identifier404cache: 30000
[19/06/23 15:12:06:027 UTC]  INFO timedcache.TimedCacheProvider: ***	 Cache Config Memory : indiciescache: 8
[19/06/23 15:12:06:027 UTC]  INFO timedcache.TimedCacheProvider: ***	 Cache Config Memory : logmappercache: 10
[19/06/23 15:12:06:027 UTC]  INFO timedcache.TimedCacheProvider: ***	 Cache Config Memory : navcache: 1000
[19/06/23 15:12:06:027 UTC]  INFO timedcache.TimedCacheProvider: ***	 Cache Config Memory : parentpermissionablecache: 10000
[19/06/23 15:12:06:027 UTC]  INFO timedcache.TimedCacheProvider: ***	 Cache Config Memory : permissioncache: 50000
[19/06/23 15:12:06:027 UTC]  INFO timedcache.TimedCacheProvider: ***	 Cache Config Memory : portletpool: 100
[19/06/23 15:12:06:027 UTC]  INFO timedcache.TimedCacheProvider: ***	 Cache Config Memory : publishingendpointcache: 100
[19/06/23 15:12:06:027 UTC]  INFO timedcache.TimedCacheProvider: ***	 Cache Config Memory : pushedassetscache: 5000
[19/06/23 15:12:06:027 UTC]  INFO timedcache.TimedCacheProvider: ***	 Cache Config Memory : templatecache: 500
[19/06/23 15:12:06:027 UTC]  INFO timedcache.TimedCacheProvider: ***	 Cache Config Memory : translatedquerycache: 5000
[19/06/23 15:12:06:027 UTC]  INFO timedcache.TimedCacheProvider: ***	 Cache Config Memory : versioncache: 50000
[19/06/23 15:12:06:027 UTC]  INFO timedcache.TimedCacheProvider: ***	 Cache Config Memory : versioninfocache: 50000
[19/06/23 15:12:06:027 UTC]  INFO timedcache.TimedCacheProvider: ***	 Cache Config Memory : workflowactioncache: 10000
[19/06/23 15:12:06:028 UTC]  INFO timedcache.TimedCacheProvider: ***	 Cache Config Memory : workflowtaskcache: 10000
[19/06/23 15:12:06:028 UTC]  INFO timedcache.TimedCacheProvider: ***	 Cache Config Memory : shortyidcache: 25000
[19/06/23 15:12:06:028 UTC]  INFO timedcache.TimedCacheProvider: ***	 Cache Config Memory : velocitycache: 5000
[19/06/23 15:12:06:028 UTC]  INFO timedcache.TimedCacheProvider: ***	 Cache Config Memory : vanityurldirectcache: 25000
[19/06/23 15:12:06:028 UTC]  INFO timedcache.TimedCacheProvider: ***	 Cache Config Memory : vanityurlsitecache: 5000
[19/06/23 15:12:06:028 UTC]  INFO h22.H22Cache: Start Full Cache Flush in h22
[19/06/23 15:12:06:028 UTC]  INFO h22.H22Cache: Building new H22 Cache, db:0
[19/06/23 15:12:06:029 UTC]  INFO h22.H22HikariPool: H22 on disk cache:jdbc:h2:/data/local/dotsecure/h22cache/0/2023-06-19_15-12-06/cache;MVCC=TRUE;DB_CLOSE_ON_EXIT=FALSE
[19/06/23 15:12:06:100 UTC]  INFO h22.H22Cache: Building new H22 Cache, db:1
[19/06/23 15:12:06:100 UTC]  INFO h22.H22HikariPool: H22 on disk cache:jdbc:h2:/data/local/dotsecure/h22cache/1/2023-06-19_15-12-06/cache;MVCC=TRUE;DB_CLOSE_ON_EXIT=FALSE
[19/06/23 15:12:06:177 UTC]  INFO h22.H22Cache: End Full Cache Flush in h22 : 149ms
[19/06/23 15:12:06:217 UTC]  INFO reindex.ReindexThread: --- Recreating ReindexThread from stopped
[19/06/23 15:12:06:218 UTC]  INFO framework.OSGISystem: Starting: OSGi System Framework
[19/06/23 15:12:06:219 UTC]  INFO framework.OSGISystem: Felix System base dir: /srv/dotserver/tomcat-9.0.60/webapps/ROOT/WEB-INF/felix-system
[19/06/23 15:12:06:228 UTC]  INFO framework.OSGIUtil: Loading Factory org.apache.felix.framework.FrameworkFactory
[19/06/23 15:12:06:655 UTC]  INFO init.SamlInitializer: SAML Init STARTED...
[19/06/23 15:12:07:847 UTC]  INFO init.SamlInitializer: Doing instance of Java Crypto validator
[19/06/23 15:12:07:849 UTC]  INFO init.SamlInitializer: Getting the Security Providers
[19/06/23 15:12:07:849 UTC]  INFO init.SamlInitializer: - SUN (DSA key/parameter generation; DSA signing; SHA-1, MD5 digests; SecureRandom; X.509 certificates; PKCS12, JKS & DKS keystores; PKIX CertPathValidator; PKIX CertPathBuilder; LDAP, Collection CertStores, JavaPolicy Policy; JavaLoginConfig Configuration)
[19/06/23 15:12:07:849 UTC]  INFO init.SamlInitializer: - Sun RSA signature provider
[19/06/23 15:12:07:850 UTC]  INFO init.SamlInitializer: - Sun Elliptic Curve provider (EC, ECDSA, ECDH)
[19/06/23 15:12:07:850 UTC]  INFO init.SamlInitializer: - Sun JSSE provider(PKCS12, SunX509/PKIX key/trust factories, SSLv3/TLSv1/TLSv1.1/TLSv1.2/TLSv1.3/DTLSv1.0/DTLSv1.2)
[19/06/23 15:12:07:850 UTC]  INFO init.SamlInitializer: - SunJCE Provider (implements RSA, DES, Triple DES, AES, Blowfish, ARCFOUR, RC2, PBE, Diffie-Hellman, HMAC, ChaCha20)
[19/06/23 15:12:07:850 UTC]  INFO init.SamlInitializer: - Sun (Kerberos v5, SPNEGO)
[19/06/23 15:12:07:850 UTC]  INFO init.SamlInitializer: - Sun SASL provider(implements client mechanisms for: DIGEST-MD5, EXTERNAL, PLAIN, CRAM-MD5, NTLM; server mechanisms for: DIGEST-MD5, CRAM-MD5, NTLM)
[19/06/23 15:12:07:850 UTC]  INFO init.SamlInitializer: - JdkLDAP Provider (implements LDAP CertStore)
[19/06/23 15:12:07:850 UTC]  INFO init.SamlInitializer: Doing Init of SignatureValidationProvider
[19/06/23 15:12:07:852 UTC]  INFO init.SamlInitializer: SAML Init DONE
[19/06/23 15:12:07:862 UTC]  INFO init.SamlInitializer: Setting basic parser pool
[19/06/23 15:12:07:870 UTC]  INFO osgi.Activator: Adding the SAML Web Filter
[19/06/23 15:12:07:991 UTC]  INFO osgi.Activator: Adding the SAML Web Service: com.dotcms.auth.providers.saml.v1.DotSamlResource
[19/06/23 15:12:08:667 UTC]  INFO osgi.Activator: Subscribing to  AppSecretSavedEvent events
[19/06/23 15:12:09:496 UTC]  INFO framework.OSGISystem: Started : OSGi System Framework
[19/06/23 15:12:09:496 UTC]  INFO reindex.ReindexThread: --- ReindexThread Running (every 60000 millis)
[19/06/23 15:12:09:502 UTC]  INFO db.DotCMSInitDb: Building Initial Index
[19/06/23 15:12:09:502 UTC]  INFO reindex.ReindexThread: ---  ReindexThread is starting, background indexing will begin
[19/06/23 15:12:09:610 UTC]  INFO business.ESIndexAPI: createIndex : Trying to create index: cluster_bee0028703.working_20230619151209 with shards: 0
[19/06/23 15:12:09:611 UTC]  INFO util.AdminLogger: class com.dotcms.content.elasticsearch.business.ESIndexAPI : createIndex : Trying to create index: cluster_bee0028703.working_20230619151209 with shards: 0
[19/06/23 15:12:09:611 UTC]  WARN business.ESIndexAPI: Unable to parse shards from config
[19/06/23 15:12:09:611 UTC]  WARN business.ESIndexAPI: null
[19/06/23 15:12:09:611 UTC]  WARN business.ESIndexAPI: java.base/java.lang.Integer.parseInt(Integer.java:614)
[19/06/23 15:12:10:005 UTC]  INFO business.ESIndexAPI: createIndex : Index created: cluster_bee0028703.working_20230619151209 with shards: 1
[19/06/23 15:12:10:005 UTC]  INFO util.AdminLogger: class com.dotcms.content.elasticsearch.business.ESIndexAPI : createIndex : Index created: cluster_bee0028703.working_20230619151209 with shards: 1
[19/06/23 15:12:10:102 UTC]  INFO business.ESIndexAPI: createIndex : Trying to create index: cluster_bee0028703.live_20230619151209 with shards: 0
[19/06/23 15:12:10:103 UTC]  INFO util.AdminLogger: class com.dotcms.content.elasticsearch.business.ESIndexAPI : createIndex : Trying to create index: cluster_bee0028703.live_20230619151209 with shards: 0
[19/06/23 15:12:10:105 UTC]  WARN business.ESIndexAPI: Unable to parse shards from config
[19/06/23 15:12:10:106 UTC]  WARN business.ESIndexAPI: null
[19/06/23 15:12:10:107 UTC]  WARN business.ESIndexAPI: java.base/java.lang.Integer.parseInt(Integer.java:614)
[19/06/23 15:12:10:260 UTC]  INFO business.ESIndexAPI: createIndex : Index created: cluster_bee0028703.live_20230619151209 with shards: 1
[19/06/23 15:12:10:262 UTC]  INFO util.AdminLogger: class com.dotcms.content.elasticsearch.business.ESIndexAPI : createIndex : Index created: cluster_bee0028703.live_20230619151209 with shards: 1
[19/06/23 15:12:14:798 UTC]  INFO reindex.ReindexThread: --- Unpausing reindex thread 
[19/06/23 15:12:15:708 UTC]  INFO reindex.BulkProcessorListener: -----------
[19/06/23 15:12:15:709 UTC]  INFO reindex.BulkProcessorListener: Reindexing Server #  : 1 of 1
[19/06/23 15:12:15:710 UTC]  INFO reindex.BulkProcessorListener: Total Indexed        : 0
[19/06/23 15:12:15:710 UTC]  INFO reindex.BulkProcessorListener: ReindexEntries found : 3
[19/06/23 15:12:15:711 UTC]  INFO reindex.BulkProcessorListener: BulkRequests created : 6
[19/06/23 15:12:15:714 UTC]  INFO reindex.BulkProcessorListener: -----------
[19/06/23 15:12:17:802 UTC]  INFO db.DotCMSInitDb: Records left to index : 0
[19/06/23 15:12:17:803 UTC]  INFO db.DotCMSInitDb: While in DevMode dotCMS will not set an initial password to the admin user.
[19/06/23 15:12:17:804 UTC]  INFO startup.StartupTasksExecutor: Not Running Startup Tasks: Task00005LoadFixassets
[19/06/23 15:12:17:923 UTC]  INFO startup.StartupTasksExecutor: Running Startup Tasks : Task00006CreateSystemLayout
[19/06/23 15:12:20:961 UTC]  INFO startup.StartupTasksExecutor: Not Running Startup Tasks: Task00007RemoveSitesearchQuartzJob
[19/06/23 15:12:20:962 UTC]  INFO startup.StartupTasksExecutor: Running Startup Tasks : Task00040CheckAnonymousUser
[19/06/23 15:12:21:218 UTC]  INFO apps.SecretsKeyStoreHelper: KeyStore loaded successfully after `1` tries.
[19/06/23 15:12:21:218 UTC]  INFO startup.StartupTasksExecutor: Not Running Startup Tasks: Task00050LoadAppsSecrets
[19/06/23 15:12:21:220 UTC]  INFO startup.StartupTasksExecutor: Finishing startup tasks.
[19/06/23 15:12:21:221 UTC]  INFO startup.StartupTasksExecutor: ---
[19/06/23 15:12:21:222 UTC]  INFO startup.StartupTasksExecutor: 
[19/06/23 15:12:21:222 UTC]  INFO startup.StartupTasksExecutor: Running Upgrade Tasks
[19/06/23 15:12:21:224 UTC]  INFO startup.StartupTasksExecutor: Database version: 0
[19/06/23 15:12:22:570 UTC]  INFO startup.StartupTasksExecutor: Database upgraded to version: 760
[19/06/23 15:12:22:572 UTC]  INFO startup.StartupTasksExecutor: Database upgraded to version: 765
[19/06/23 15:12:22:573 UTC]  INFO startup.StartupTasksExecutor: Database upgraded to version: 766
[19/06/23 15:12:22:574 UTC]  INFO startup.StartupTasksExecutor: Database upgraded to version: 767
[19/06/23 15:12:22:575 UTC]  INFO startup.StartupTasksExecutor: Database upgraded to version: 768
[19/06/23 15:12:22:577 UTC]  INFO startup.StartupTasksExecutor: Database upgraded to version: 769
[19/06/23 15:12:22:578 UTC]  INFO startup.StartupTasksExecutor: Database upgraded to version: 775
[19/06/23 15:12:22:579 UTC]  INFO startup.StartupTasksExecutor: Database upgraded to version: 780
[19/06/23 15:12:22:580 UTC]  INFO startup.StartupTasksExecutor: Database upgraded to version: 782
[19/06/23 15:12:22:581 UTC]  INFO startup.StartupTasksExecutor: Database upgraded to version: 785
[19/06/23 15:12:22:582 UTC]  INFO startup.StartupTasksExecutor: Database upgraded to version: 790
[19/06/23 15:12:22:583 UTC]  INFO startup.StartupTasksExecutor: Database upgraded to version: 795
[19/06/23 15:12:22:585 UTC]  INFO startup.StartupTasksExecutor: Database upgraded to version: 800
[19/06/23 15:12:22:586 UTC]  INFO startup.StartupTasksExecutor: Database upgraded to version: 805
[19/06/23 15:12:22:587 UTC]  INFO startup.StartupTasksExecutor: Database upgraded to version: 810
[19/06/23 15:12:22:588 UTC]  INFO startup.StartupTasksExecutor: Database upgraded to version: 815
[19/06/23 15:12:22:589 UTC]  INFO startup.StartupTasksExecutor: Database upgraded to version: 820
[19/06/23 15:12:22:590 UTC]  INFO startup.StartupTasksExecutor: Database upgraded to version: 825
[19/06/23 15:12:22:591 UTC]  INFO startup.StartupTasksExecutor: Database upgraded to version: 835
[19/06/23 15:12:22:592 UTC]  INFO startup.StartupTasksExecutor: Database upgraded to version: 840
[19/06/23 15:12:22:593 UTC]  INFO startup.StartupTasksExecutor: Database upgraded to version: 845
[19/06/23 15:12:22:594 UTC]  INFO startup.StartupTasksExecutor: Database upgraded to version: 850
[19/06/23 15:12:22:595 UTC]  INFO startup.StartupTasksExecutor: Database upgraded to version: 855
[19/06/23 15:12:22:596 UTC]  INFO startup.StartupTasksExecutor: Database upgraded to version: 860
[19/06/23 15:12:22:597 UTC]  INFO startup.StartupTasksExecutor: Database upgraded to version: 865
[19/06/23 15:12:22:598 UTC]  INFO startup.StartupTasksExecutor: Database upgraded to version: 900
[19/06/23 15:12:22:599 UTC]  INFO startup.StartupTasksExecutor: Database upgraded to version: 905
[19/06/23 15:12:22:600 UTC]  INFO startup.StartupTasksExecutor: Database upgraded to version: 910
[19/06/23 15:12:22:601 UTC]  INFO startup.StartupTasksExecutor: Database upgraded to version: 920
[19/06/23 15:12:22:602 UTC]  INFO startup.StartupTasksExecutor: Database upgraded to version: 922
[19/06/23 15:12:22:603 UTC]  INFO startup.StartupTasksExecutor: Database upgraded to version: 925
[19/06/23 15:12:22:604 UTC]  INFO startup.StartupTasksExecutor: Database upgraded to version: 930
[19/06/23 15:12:22:605 UTC]  INFO startup.StartupTasksExecutor: Database upgraded to version: 935
[19/06/23 15:12:22:606 UTC]  INFO startup.StartupTasksExecutor: Database upgraded to version: 940
[19/06/23 15:12:22:607 UTC]  INFO startup.StartupTasksExecutor: Database upgraded to version: 945
[19/06/23 15:12:22:608 UTC]  INFO startup.StartupTasksExecutor: Database upgraded to version: 950
[19/06/23 15:12:22:609 UTC]  INFO startup.StartupTasksExecutor: Database upgraded to version: 1000
[19/06/23 15:12:22:610 UTC]  INFO startup.StartupTasksExecutor: Database upgraded to version: 1005
[19/06/23 15:12:22:611 UTC]  INFO startup.StartupTasksExecutor: Database upgraded to version: 1015
[19/06/23 15:12:22:612 UTC]  INFO startup.StartupTasksExecutor: Database upgraded to version: 1016
[19/06/23 15:12:22:613 UTC]  INFO startup.StartupTasksExecutor: Database upgraded to version: 1020
[19/06/23 15:12:22:614 UTC]  INFO startup.StartupTasksExecutor: Database upgraded to version: 1030
[19/06/23 15:12:22:615 UTC]  INFO startup.StartupTasksExecutor: Database upgraded to version: 1035
[19/06/23 15:12:22:616 UTC]  INFO startup.StartupTasksExecutor: Database upgraded to version: 1045
[19/06/23 15:12:22:617 UTC]  INFO startup.StartupTasksExecutor: Database upgraded to version: 1050
[19/06/23 15:12:22:617 UTC]  INFO startup.StartupTasksExecutor: Database upgraded to version: 1055
[19/06/23 15:12:22:619 UTC]  INFO startup.StartupTasksExecutor: Database upgraded to version: 1060
[19/06/23 15:12:22:619 UTC]  INFO startup.StartupTasksExecutor: Database upgraded to version: 1065
[19/06/23 15:12:22:621 UTC]  INFO startup.StartupTasksExecutor: Database upgraded to version: 1070
[19/06/23 15:12:22:621 UTC]  INFO startup.StartupTasksExecutor: Database upgraded to version: 1080
[19/06/23 15:12:22:623 UTC]  INFO startup.StartupTasksExecutor: Database upgraded to version: 1085
[19/06/23 15:12:22:624 UTC]  INFO startup.StartupTasksExecutor: Database upgraded to version: 1090
[19/06/23 15:12:22:625 UTC]  INFO startup.StartupTasksExecutor: Database upgraded to version: 1095
[19/06/23 15:12:22:626 UTC]  INFO startup.StartupTasksExecutor: Database upgraded to version: 1096
[19/06/23 15:12:22:627 UTC]  INFO startup.StartupTasksExecutor: Database upgraded to version: 3000
[19/06/23 15:12:22:628 UTC]  INFO startup.StartupTasksExecutor: Database upgraded to version: 3005
[19/06/23 15:12:22:629 UTC]  INFO startup.StartupTasksExecutor: Database upgraded to version: 3010
[19/06/23 15:12:22:630 UTC]  INFO startup.StartupTasksExecutor: Database upgraded to version: 3015
[19/06/23 15:12:22:631 UTC]  INFO startup.StartupTasksExecutor: Database upgraded to version: 3020
[19/06/23 15:12:22:632 UTC]  INFO startup.StartupTasksExecutor: Database upgraded to version: 3025
[19/06/23 15:12:22:633 UTC]  INFO startup.StartupTasksExecutor: Database upgraded to version: 3030
[19/06/23 15:12:22:634 UTC]  INFO startup.StartupTasksExecutor: Database upgraded to version: 3035
[19/06/23 15:12:22:635 UTC]  INFO startup.StartupTasksExecutor: Database upgraded to version: 3040
[19/06/23 15:12:22:636 UTC]  INFO startup.StartupTasksExecutor: Database upgraded to version: 3042
[19/06/23 15:12:22:637 UTC]  INFO startup.StartupTasksExecutor: Database upgraded to version: 3045
[19/06/23 15:12:22:638 UTC]  INFO startup.StartupTasksExecutor: Database upgraded to version: 3050
[19/06/23 15:12:22:639 UTC]  INFO startup.StartupTasksExecutor: Database upgraded to version: 3055
[19/06/23 15:12:22:639 UTC]  INFO startup.StartupTasksExecutor: Database upgraded to version: 3060
[19/06/23 15:12:22:641 UTC]  INFO startup.StartupTasksExecutor: Database upgraded to version: 3065
[19/06/23 15:12:22:649 UTC]  INFO startup.StartupTasksExecutor: Database upgraded to version: 3100
[19/06/23 15:12:22:653 UTC]  INFO startup.StartupTasksExecutor: Database upgraded to version: 3105
[19/06/23 15:12:22:654 UTC]  INFO startup.StartupTasksExecutor: Database upgraded to version: 3120
[19/06/23 15:12:22:655 UTC]  INFO startup.StartupTasksExecutor: Database upgraded to version: 3130
[19/06/23 15:12:22:656 UTC]  INFO startup.StartupTasksExecutor: Database upgraded to version: 3135
[19/06/23 15:12:22:657 UTC]  INFO startup.StartupTasksExecutor: Database upgraded to version: 3140
[19/06/23 15:12:22:659 UTC]  INFO startup.StartupTasksExecutor: Database upgraded to version: 3150
[19/06/23 15:12:22:660 UTC]  INFO startup.StartupTasksExecutor: Database upgraded to version: 3160
[19/06/23 15:12:22:662 UTC]  INFO startup.StartupTasksExecutor: Database upgraded to version: 3165
[19/06/23 15:12:22:664 UTC]  INFO startup.StartupTasksExecutor: Database upgraded to version: 3500
[19/06/23 15:12:22:665 UTC]  INFO startup.StartupTasksExecutor: Database upgraded to version: 3505
[19/06/23 15:12:22:666 UTC]  INFO startup.StartupTasksExecutor: Database upgraded to version: 3510
[19/06/23 15:12:22:667 UTC]  INFO startup.StartupTasksExecutor: Database upgraded to version: 3515
[19/06/23 15:12:22:668 UTC]  INFO startup.StartupTasksExecutor: Database upgraded to version: 3520
[19/06/23 15:12:22:669 UTC]  INFO startup.StartupTasksExecutor: Database upgraded to version: 3525
[19/06/23 15:12:22:670 UTC]  INFO startup.StartupTasksExecutor: Database upgraded to version: 3530
[19/06/23 15:12:22:673 UTC]  INFO startup.StartupTasksExecutor: Database upgraded to version: 3535
[19/06/23 15:12:22:679 UTC]  INFO startup.StartupTasksExecutor: Database upgraded to version: 3540
[19/06/23 15:12:22:681 UTC]  INFO startup.StartupTasksExecutor: Database upgraded to version: 3545
[19/06/23 15:12:22:682 UTC]  INFO startup.StartupTasksExecutor: Database upgraded to version: 3550
[19/06/23 15:12:22:683 UTC]  INFO startup.StartupTasksExecutor: Database upgraded to version: 3555
[19/06/23 15:12:22:684 UTC]  INFO startup.StartupTasksExecutor: Database upgraded to version: 3560
[19/06/23 15:12:22:686 UTC]  INFO startup.StartupTasksExecutor: Database upgraded to version: 3565
[19/06/23 15:12:22:687 UTC]  INFO startup.StartupTasksExecutor: Database upgraded to version: 3600
[19/06/23 15:12:22:689 UTC]  INFO startup.StartupTasksExecutor: Database upgraded to version: 3605
[19/06/23 15:12:22:691 UTC]  INFO startup.StartupTasksExecutor: Database upgraded to version: 3700
[19/06/23 15:12:22:691 UTC]  INFO startup.StartupTasksExecutor: Database upgraded to version: 3705
[19/06/23 15:12:22:692 UTC]  INFO startup.StartupTasksExecutor: Database upgraded to version: 3710
[19/06/23 15:12:22:693 UTC]  INFO startup.StartupTasksExecutor: Database upgraded to version: 3715
[19/06/23 15:12:22:694 UTC]  INFO startup.StartupTasksExecutor: Database upgraded to version: 3720
[19/06/23 15:12:22:695 UTC]  INFO startup.StartupTasksExecutor: Database upgraded to version: 3725
[19/06/23 15:12:22:696 UTC]  INFO startup.StartupTasksExecutor: Database upgraded to version: 3735
[19/06/23 15:12:22:697 UTC]  INFO startup.StartupTasksExecutor: Database upgraded to version: 3740
[19/06/23 15:12:22:698 UTC]  INFO startup.StartupTasksExecutor: Database upgraded to version: 3745
[19/06/23 15:12:22:699 UTC]  INFO startup.StartupTasksExecutor: Database upgraded to version: 3800
[19/06/23 15:12:22:701 UTC]  INFO startup.StartupTasksExecutor: Database upgraded to version: 4100
[19/06/23 15:12:22:702 UTC]  INFO startup.StartupTasksExecutor: Database upgraded to version: 4105
[19/06/23 15:12:22:703 UTC]  INFO startup.StartupTasksExecutor: Database upgraded to version: 4110
[19/06/23 15:12:22:704 UTC]  INFO startup.StartupTasksExecutor: Database upgraded to version: 4115
[19/06/23 15:12:22:705 UTC]  INFO startup.StartupTasksExecutor: Database upgraded to version: 4120
[19/06/23 15:12:22:706 UTC]  INFO startup.StartupTasksExecutor: Database upgraded to version: 4200
[19/06/23 15:12:22:707 UTC]  INFO startup.StartupTasksExecutor: Database upgraded to version: 4205
[19/06/23 15:12:22:708 UTC]  INFO startup.StartupTasksExecutor: Database upgraded to version: 4210
[19/06/23 15:12:22:709 UTC]  INFO startup.StartupTasksExecutor: Database upgraded to version: 4215
[19/06/23 15:12:22:710 UTC]  INFO startup.StartupTasksExecutor: Database upgraded to version: 4220
[19/06/23 15:12:22:711 UTC]  INFO startup.StartupTasksExecutor: Database upgraded to version: 4230
[19/06/23 15:12:22:712 UTC]  INFO startup.StartupTasksExecutor: Database upgraded to version: 4235
[19/06/23 15:12:22:713 UTC]  INFO startup.StartupTasksExecutor: Database upgraded to version: 4300
[19/06/23 15:12:22:713 UTC]  INFO startup.StartupTasksExecutor: Database upgraded to version: 4305
[19/06/23 15:12:22:714 UTC]  INFO startup.StartupTasksExecutor: Database upgraded to version: 4310
[19/06/23 15:12:22:717 UTC]  INFO startup.StartupTasksExecutor: Database upgraded to version: 4315
[19/06/23 15:12:22:718 UTC]  INFO startup.StartupTasksExecutor: Database upgraded to version: 4320
[19/06/23 15:12:22:719 UTC]  INFO startup.StartupTasksExecutor: Database upgraded to version: 4330
[19/06/23 15:12:22:720 UTC]  INFO startup.StartupTasksExecutor: Database upgraded to version: 4335
[19/06/23 15:12:22:722 UTC]  INFO startup.StartupTasksExecutor: Database upgraded to version: 4340
[19/06/23 15:12:22:723 UTC]  INFO startup.StartupTasksExecutor: Database upgraded to version: 4345
[19/06/23 15:12:22:725 UTC]  INFO startup.StartupTasksExecutor: Database upgraded to version: 4350
[19/06/23 15:12:22:726 UTC]  INFO startup.StartupTasksExecutor: Database upgraded to version: 4355
[19/06/23 15:12:22:727 UTC]  INFO startup.StartupTasksExecutor: Database upgraded to version: 4360
[19/06/23 15:12:22:728 UTC]  INFO startup.StartupTasksExecutor: Database upgraded to version: 4365
[19/06/23 15:12:22:729 UTC]  INFO startup.StartupTasksExecutor: Database upgraded to version: 4370
[19/06/23 15:12:22:730 UTC]  INFO startup.StartupTasksExecutor: Database upgraded to version: 4375
[19/06/23 15:12:22:731 UTC]  INFO startup.StartupTasksExecutor: Database upgraded to version: 4380
[19/06/23 15:12:22:732 UTC]  INFO startup.StartupTasksExecutor: Database upgraded to version: 4385
[19/06/23 15:12:22:733 UTC]  INFO startup.StartupTasksExecutor: Database upgraded to version: 4390
[19/06/23 15:12:22:734 UTC]  INFO startup.StartupTasksExecutor: Database upgraded to version: 5030
[19/06/23 15:12:22:735 UTC]  INFO startup.StartupTasksExecutor: Database upgraded to version: 5035
[19/06/23 15:12:22:736 UTC]  INFO startup.StartupTasksExecutor: Database upgraded to version: 5040
[19/06/23 15:12:22:737 UTC]  INFO startup.StartupTasksExecutor: Database upgraded to version: 5050
[19/06/23 15:12:22:739 UTC]  INFO startup.StartupTasksExecutor: Database upgraded to version: 5060
[19/06/23 15:12:22:740 UTC]  INFO startup.StartupTasksExecutor: Database upgraded to version: 5070
[19/06/23 15:12:22:741 UTC]  INFO startup.StartupTasksExecutor: Database upgraded to version: 5080
[19/06/23 15:12:22:742 UTC]  INFO startup.StartupTasksExecutor: Database upgraded to version: 5150
[19/06/23 15:12:22:742 UTC]  INFO startup.StartupTasksExecutor: Database upgraded to version: 5160
[19/06/23 15:12:22:743 UTC]  INFO startup.StartupTasksExecutor: Database upgraded to version: 5165
[19/06/23 15:12:22:744 UTC]  INFO startup.StartupTasksExecutor: Database upgraded to version: 5170
[19/06/23 15:12:22:745 UTC]  INFO startup.StartupTasksExecutor: Database upgraded to version: 5175
[19/06/23 15:12:22:746 UTC]  INFO startup.StartupTasksExecutor: Database upgraded to version: 5180
[19/06/23 15:12:22:747 UTC]  INFO startup.StartupTasksExecutor: Database upgraded to version: 5190
[19/06/23 15:12:22:749 UTC]  INFO startup.StartupTasksExecutor: Database upgraded to version: 5195
[19/06/23 15:12:22:750 UTC]  INFO startup.StartupTasksExecutor: Database upgraded to version: 5200
[19/06/23 15:12:22:751 UTC]  INFO startup.StartupTasksExecutor: Database upgraded to version: 5210
[19/06/23 15:12:22:752 UTC]  INFO startup.StartupTasksExecutor: Database upgraded to version: 5215
[19/06/23 15:12:22:753 UTC]  INFO startup.StartupTasksExecutor: Database upgraded to version: 5220
[19/06/23 15:12:22:754 UTC]  INFO startup.StartupTasksExecutor: Database upgraded to version: 5225
[19/06/23 15:12:22:755 UTC]  INFO startup.StartupTasksExecutor: Database upgraded to version: 5300
[19/06/23 15:12:22:756 UTC]  INFO startup.StartupTasksExecutor: Database upgraded to version: 5305
[19/06/23 15:12:22:756 UTC]  INFO startup.StartupTasksExecutor: Database upgraded to version: 5350
[19/06/23 15:12:22:757 UTC]  INFO startup.StartupTasksExecutor: Database upgraded to version: 5370
[19/06/23 15:12:22:758 UTC]  INFO startup.StartupTasksExecutor: Database upgraded to version: 5380
[19/06/23 15:12:22:759 UTC]  INFO startup.StartupTasksExecutor: Database upgraded to version: 5390
[19/06/23 15:12:22:760 UTC]  INFO startup.StartupTasksExecutor: Database upgraded to version: 5395
[19/06/23 15:12:22:761 UTC]  INFO startup.StartupTasksExecutor: Database upgraded to version: 201013
[19/06/23 15:12:22:762 UTC]  INFO startup.StartupTasksExecutor: Database upgraded to version: 201014
[19/06/23 15:12:22:763 UTC]  INFO startup.StartupTasksExecutor: Database upgraded to version: 201102
[19/06/23 15:12:22:764 UTC]  INFO startup.StartupTasksExecutor: Database upgraded to version: 210218
[19/06/23 15:12:22:765 UTC]  INFO startup.StartupTasksExecutor: Database upgraded to version: 210316
[19/06/23 15:12:22:766 UTC]  INFO startup.StartupTasksExecutor: Database upgraded to version: 210319
[19/06/23 15:12:22:766 UTC]  INFO startup.StartupTasksExecutor: Database upgraded to version: 210321
[19/06/23 15:12:22:767 UTC]  INFO startup.StartupTasksExecutor: Database upgraded to version: 210506
[19/06/23 15:12:22:768 UTC]  INFO startup.StartupTasksExecutor: Database upgraded to version: 210510
[19/06/23 15:12:22:769 UTC]  INFO startup.StartupTasksExecutor: Database upgraded to version: 210520
[19/06/23 15:12:22:770 UTC]  INFO startup.StartupTasksExecutor: Database upgraded to version: 210527
[19/06/23 15:12:22:771 UTC]  INFO startup.StartupTasksExecutor: Database upgraded to version: 210719
[19/06/23 15:12:22:772 UTC]  INFO startup.StartupTasksExecutor: Database upgraded to version: 210802
[19/06/23 15:12:22:773 UTC]  INFO startup.StartupTasksExecutor: Database upgraded to version: 210805
[19/06/23 15:12:22:777 UTC]  INFO startup.StartupTasksExecutor: Database upgraded to version: 210816
[19/06/23 15:12:22:778 UTC]  INFO startup.StartupTasksExecutor: Database upgraded to version: 210901
[19/06/23 15:12:22:779 UTC]  INFO startup.StartupTasksExecutor: Database upgraded to version: 211007
[19/06/23 15:12:22:781 UTC]  INFO startup.StartupTasksExecutor: Database upgraded to version: 211012
[19/06/23 15:12:22:782 UTC]  INFO startup.StartupTasksExecutor: Database upgraded to version: 211020
[19/06/23 15:12:22:783 UTC]  INFO startup.StartupTasksExecutor: Database upgraded to version: 211101
[19/06/23 15:12:22:784 UTC]  INFO startup.StartupTasksExecutor: Database upgraded to version: 211103
[19/06/23 15:12:22:785 UTC]  INFO startup.StartupTasksExecutor: Database upgraded to version: 220202
[19/06/23 15:12:22:786 UTC]  INFO startup.StartupTasksExecutor: Database upgraded to version: 220203
[19/06/23 15:12:22:787 UTC]  INFO startup.StartupTasksExecutor: Database upgraded to version: 220214
[19/06/23 15:12:22:788 UTC]  INFO startup.StartupTasksExecutor: Database upgraded to version: 220215
[19/06/23 15:12:22:788 UTC]  INFO startup.StartupTasksExecutor: Database upgraded to version: 220330
[19/06/23 15:12:22:789 UTC]  INFO startup.StartupTasksExecutor: Database upgraded to version: 220401
[19/06/23 15:12:22:793 UTC]  INFO startup.StartupTasksExecutor: Database upgraded to version: 220402
[19/06/23 15:12:22:795 UTC]  INFO startup.StartupTasksExecutor: Database upgraded to version: 220413
[19/06/23 15:12:22:796 UTC]  INFO startup.StartupTasksExecutor: Database upgraded to version: 220512
[19/06/23 15:12:22:797 UTC]  INFO startup.StartupTasksExecutor: Database upgraded to version: 220606
[19/06/23 15:12:22:798 UTC]  INFO startup.StartupTasksExecutor: Database upgraded to version: 220822
[19/06/23 15:12:22:799 UTC]  INFO startup.StartupTasksExecutor: Database upgraded to version: 220824
[19/06/23 15:12:22:800 UTC]  INFO startup.StartupTasksExecutor: Database upgraded to version: 220825
[19/06/23 15:12:22:800 UTC]  INFO startup.StartupTasksExecutor: Database upgraded to version: 220829
[19/06/23 15:12:22:802 UTC]  INFO startup.StartupTasksExecutor: Database upgraded to version: 220912
[19/06/23 15:12:22:803 UTC]  INFO startup.StartupTasksExecutor: Database upgraded to version: 220928
[19/06/23 15:12:22:804 UTC]  INFO startup.StartupTasksExecutor: Database upgraded to version: 221007
[19/06/23 15:12:22:805 UTC]  INFO startup.StartupTasksExecutor: Database upgraded to version: 221018
[19/06/23 15:12:22:806 UTC]  INFO startup.StartupTasksExecutor: Database upgraded to version: 230110
[19/06/23 15:12:22:808 UTC]  INFO startup.StartupTasksExecutor: Database upgraded to version: 230119
[19/06/23 15:12:22:808 UTC]  INFO startup.StartupTasksExecutor: Database upgraded to version: 230328
[19/06/23 15:12:22:809 UTC]  INFO startup.StartupTasksExecutor: Database upgraded to version: 230426
[19/06/23 15:12:22:810 UTC]  INFO startup.StartupTasksExecutor: Database upgraded to version: 230523
[19/06/23 15:12:22:810 UTC]  INFO reindex.ReindexThread: --- Unpausing reindex thread 
[19/06/23 15:12:22:810 UTC]  INFO startup.StartupTasksExecutor: Finishing upgrade tasks.
[19/06/23 15:12:22:810 UTC]  INFO startup.StartupTasksExecutor: Running Backported Tasks
[19/06/23 15:12:22:810 UTC]  INFO startup.StartupTasksExecutor: Finishing Backported tasks.
[19/06/23 15:12:22:834 UTC]  INFO util.Config: Setting property: CACHE_BINDPORT to 5701
[19/06/23 15:12:22:844 UTC]  INFO cluster.ClusterFactory: Cluster topography has changed. This might force a rewire
[19/06/23 15:12:22:844 UTC]  INFO cluster.ClusterFactory: Expecting Servers:[]
[19/06/23 15:12:22:873 UTC]  INFO cluster.ClusterFactory: Found Servers:[server={serverId=191e673c-59d7-476c-892b-420ac8006bd5, clusterId=bee0028703, ipAddress=172.18.0.3, host=null, name=952fe1168cdb, esTransportTcpPort=null, esNetworkPort=null, esHttpPort=9200, cachePort=5701, lastHeartBeat=1687187542841, key=null, licenseSerial=1cfc7c95-9fe0-4dcb-abe7-c31b9f0517fd, startupTime=0}]
[19/06/23 15:12:22:874 UTC]  INFO cluster.ClusterFactory: Cluster Active. Rewiring
[19/06/23 15:12:22:877 UTC]  INFO business.ChainableCacheAdministratorImpl: ***	 Cluster Update
[19/06/23 15:12:22:877 UTC]  INFO transport.PubSubCacheTransport: initing PubSubCacheTransport
[19/06/23 15:12:22:881 UTC]  INFO dotpubsub.PostgresPubSubImpl: Starting PostgresPubSub. Have servers:1
[19/06/23 15:12:22:881 UTC]  INFO dotpubsub.PostgresPubSubImpl: PGNotificationListener connecting to pub/sub...
[19/06/23 15:12:24:109 UTC]  INFO dotpubsub.PostgresPubSubImpl:  - LISTEN dotcache_topic
[19/06/23 15:12:24:129 UTC]  INFO transport.PubSubCacheTransport: Sending PING to cluster 
[19/06/23 15:12:24:141 UTC]  INFO license.LicenseManager: Updating server 191e673c-59d7-476c-892b-420ac8006bd5 start time to 1687187489758
[19/06/23 15:12:24:144 UTC]  INFO servlet.MainServlet: SuppressPropertiesBeanIntrospector enabled for legacy Struts applications
[19/06/23 15:12:24:158 UTC]  INFO transport.CacheTransportTopic: Got PING from server:191e673c59. sending PONG
[19/06/23 15:12:24:163 UTC]  INFO transport.CacheTransportTopic: Got PONG from server:{"t":"PONG","top":"dotcache_topic","o":"191e673c59"}.
[19/06/23 15:12:24:654 UTC]  INFO config.DotInitializationService: Initializing DotCMS services
[19/06/23 15:12:24:656 UTC]  INFO config.DotInitializationService: Initializing :com.dotcms.api.system.event.SystemEventProcessorFactoryInitializer
[19/06/23 15:12:24:659 UTC]  INFO config.DotInitializationService: Initializing Done:com.dotcms.api.system.event.SystemEventProcessorFactoryInitializer, duration:0 seconds
[19/06/23 15:12:24:662 UTC]  INFO config.DotInitializationService: Initializing :com.dotcms.api.system.event.PayloadVerifierFactoryInitializer
[19/06/23 15:12:24:668 UTC]  INFO config.DotInitializationService: Initializing Done:com.dotcms.api.system.event.PayloadVerifierFactoryInitializer, duration:0 seconds
[19/06/23 15:12:24:668 UTC]  INFO config.DotInitializationService: Initializing :com.dotcms.system.event.local.business.LocalSystemEventSubscribersInitializer
[19/06/23 15:12:24:816 UTC]  INFO config.DotInitializationService: Initializing Done:com.dotcms.system.event.local.business.LocalSystemEventSubscribersInitializer, duration:0 seconds
[19/06/23 15:12:24:816 UTC]  INFO config.DotInitializationService: Initializing :com.dotmarketing.portlets.personas.business.PersonaAPIImpl
[19/06/23 15:12:24:821 UTC]  INFO config.DotInitializationService: Initializing Done:com.dotmarketing.portlets.personas.business.PersonaAPIImpl, duration:0 seconds
[19/06/23 15:12:24:821 UTC]  INFO config.DotInitializationService: Initializing :com.dotcms.rendering.velocity.events.ExceptionHandlersInitializer
[19/06/23 15:12:24:825 UTC]  INFO config.DotInitializationService: Initializing Done:com.dotcms.rendering.velocity.events.ExceptionHandlersInitializer, duration:0 seconds
[19/06/23 15:12:24:825 UTC]  INFO config.DotInitializationService: Initializing :com.dotcms.publishing.PublisherAPIImpl
[19/06/23 15:12:24:827 UTC]  INFO publishing.PublisherAPIImpl: Push Publishing Filters directory does not exist. Creating it under: /data/shared/assets/server/publishing-filters
[19/06/23 15:12:24:832 UTC]  INFO publishing.PublisherAPIImpl: dotcms filters files copied
[19/06/23 15:12:24:833 UTC]  INFO publishing.PublisherAPIImpl: Push Publishing Filters Directory: Lazy(/data/shared/assets/server/publishing-filters)
[19/06/23 15:12:24:835 UTC]  INFO publishing.PublisherAPIImpl: Loading Push Publish Filter: Intelligent.yml
[19/06/23 15:12:24:925 UTC]  INFO publishing.PublisherAPIImpl: FilterDescriptor{key=Intelligent.yml, title=Everything and Dependencies, sort=3, default=true, roles=DOTCMS_BACK_END_USER, filters{{excludeQuery=, excludeClasses=[], dependencies=true, excludeDependencyQuery=, excludeDependencyClasses=[], forcePush=false, relationships=true}}}
[19/06/23 15:12:24:928 UTC]  INFO publishing.PublisherAPIImpl: Loading Push Publish Filter: ShallowPush.yml
[19/06/23 15:12:24:929 UTC]  INFO publishing.PublisherAPIImpl: FilterDescriptor{key=ShallowPush.yml, title=Only Selected Items, sort=5, default=false, roles=DOTCMS_BACK_END_USER, filters{{excludeQuery=, excludeClasses=[], dependencies=false, excludeDependencyQuery=, excludeDependencyClasses=[], forcePush=false, relationships=false}}}
[19/06/23 15:12:24:929 UTC]  INFO publishing.PublisherAPIImpl: Loading Push Publish Filter: WebContentOnly.yml
[19/06/23 15:12:24:932 UTC]  INFO publishing.PublisherAPIImpl: FilterDescriptor{key=WebContentOnly.yml, title=Content, Assets and Pages, sort=2, default=false, roles=DOTCMS_BACK_END_USER, filters{{excludeQuery=, excludeClasses=[Host, Workflow, ContentType, User, OSGI, Language], dependencies=true, excludeDependencyQuery=, excludeDependencyClasses=[Host, Workflow, ContentType, Language], forcePush=false, relationships=true}}}
[19/06/23 15:12:24:932 UTC]  INFO publishing.PublisherAPIImpl: Loading Push Publish Filter: ForcePush.yml
[19/06/23 15:12:24:933 UTC]  INFO publishing.PublisherAPIImpl: FilterDescriptor{key=ForcePush.yml, title=Force Push Everything, sort=4, default=false, roles=DOTCMS_BACK_END_USER, filters{{excludeQuery=, excludeClasses=[], dependencies=true, excludeDependencyQuery=, excludeDependencyClasses=[], forcePush=true, relationships=true}}}
[19/06/23 15:12:24:933 UTC]  INFO publishing.PublisherAPIImpl: Loading Push Publish Filter: ContentOnly.yml
[19/06/23 15:12:24:941 UTC]  INFO publishing.PublisherAPIImpl: FilterDescriptor{key=ContentOnly.yml, title=Content and Relationships, sort=1, default=false, roles=DOTCMS_BACK_END_USER, filters{{excludeQuery=, excludeClasses=[ContentType, Template, Containers, Folder, Host, Links, Workflow, Language, Rule, User, OSGI], dependencies=true, excludeDependencyQuery=, excludeDependencyClasses=[ContentType, Template, Containers, Folder, Host, Links, Workflow, Language, Rule], forcePush=false, relationships=true}}}
[19/06/23 15:12:24:942 UTC]  INFO config.DotInitializationService: Initializing Done:com.dotcms.publishing.PublisherAPIImpl, duration:0 seconds
[19/06/23 15:12:24:942 UTC]  INFO config.DotInitializationService: Initializing :com.dotmarketing.portlets.containers.business.ContainerAPIImpl
[19/06/23 15:12:24:945 UTC]  INFO config.DotInitializationService: Initializing Done:com.dotmarketing.portlets.containers.business.ContainerAPIImpl, duration:0 seconds
[19/06/23 15:12:24:945 UTC]  INFO config.DotInitializationService: Initializing :com.dotmarketing.business.ThemeAPIImpl
[19/06/23 15:12:24:947 UTC]  INFO config.DotInitializationService: Initializing Done:com.dotmarketing.business.ThemeAPIImpl, duration:0 seconds
[19/06/23 15:12:24:947 UTC]  INFO config.DotInitializationService: Initializing :com.dotmarketing.portlets.templates.business.TemplateAPIImpl
[19/06/23 15:12:24:949 UTC]  INFO config.DotInitializationService: Initializing Done:com.dotmarketing.portlets.templates.business.TemplateAPIImpl, duration:0 seconds
[19/06/23 15:12:24:949 UTC]  INFO config.DotInitializationService: Initializing :com.dotcms.contenttype.business.ContentTypeInitializer
[19/06/23 15:12:24:978 UTC]  INFO util.ActivityLogger: class com.dotcms.contenttype.business.ContentTypeAPIImpl: system : Save ContentType Action , User system/system user system user added ContentType Dot Favorite Page to host id:SYSTEM_HOST
[19/06/23 15:12:24:978 UTC]  INFO business.ContentTypeAPIImpl: UserId : system : ContentType : ContentType saved : Dot Favorite Page
[19/06/23 15:12:24:978 UTC]  INFO util.AdminLogger: UserId : system : class com.dotcms.contenttype.business.ContentTypeAPIImpl : ContentType : ContentType saved : Dot Favorite Page
[19/06/23 15:12:24:979 UTC]  INFO reindex.ReindexThread: --- Unpausing reindex thread 
[19/06/23 15:12:30:128 UTC]  INFO concurrent.Debouncer: Debouncing : invalidateGraphSchema after 5000 MILLISECONDS
[19/06/23 15:12:31:127 UTC]  INFO business.WorkflowAPIImpl: Saving Schemas [ d61a59e1-a49c-46f2-a929-db2b4bfa88b2 ] for Content type 'ce930143870e11569f93f8a9fff5da19'
[19/06/23 15:12:31:128 UTC]  INFO util.SecurityLogger: class com.dotmarketing.portlets.workflows.business.WorkflowAPIImpl : Saving Schemas [ d61a59e1-a49c-46f2-a929-db2b4bfa88b2 ] for Content type 'ce930143870e11569f93f8a9fff5da19' -- ip:ukn,user:null
[19/06/23 15:12:34:148 UTC]  INFO config.DotInitializationService: Initializing Done:com.dotcms.contenttype.business.ContentTypeInitializer, duration:9 seconds
[19/06/23 15:12:34:148 UTC]  INFO config.DotInitializationService: Initializing :com.dotcms.variant.business.DefaultVariantInitializer
[19/06/23 15:12:37:159 UTC]  INFO config.DotInitializationService: Initializing Done:com.dotcms.variant.business.DefaultVariantInitializer, duration:3 seconds
[19/06/23 15:12:37:159 UTC]  INFO startup.StartupTasksExecutor: ---
[19/06/23 15:12:37:159 UTC]  INFO startup.StartupTasksExecutor: 
[19/06/23 15:12:37:159 UTC]  INFO startup.StartupTasksExecutor: Running Data Upgrade Tasks
[19/06/23 15:12:37:159 UTC]  INFO startup.StartupTasksExecutor: Database data version: 0
[19/06/23 15:12:37:163 UTC]  INFO startup.StartupTasksExecutor: Data upgraded to version: 230320
[19/06/23 15:12:37:163 UTC]  INFO startup.StartupTasksExecutor: Finishing data upgrade tasks.
[19/06/23 15:12:37:195 UTC]  INFO servlets.StartupLogger: InitServlet: Setting Default Timezone: Coordinated Universal Time
[19/06/23 15:12:37:195 UTC]  INFO servlets.StartupLogger: 
[19/06/23 15:12:37:195 UTC]  INFO servlets.StartupLogger:    Initializing dotCMS
[19/06/23 15:12:37:196 UTC]  INFO servlets.StartupLogger:    Using database: PostgreSQL
[19/06/23 15:12:37:196 UTC]  INFO servlets.StartupLogger:    Using dialect : com.dotcms.repackage.net.sf.hibernate.dialect.PostgreSQLDialect
[19/06/23 15:12:37:196 UTC]  INFO servlets.StartupLogger:    Company Name  : dotcms.org
[19/06/23 15:12:37:197 UTC]  INFO servlets.StartupLogger: 
[19/06/23 15:12:37:197 UTC]  INFO servlets.StartupLogger:    License       : PLATFORM EDITION
[19/06/23 15:12:37:198 UTC]  INFO servlets.StartupLogger:    Licensed to   : dotCMS Internal
[19/06/23 15:12:37:198 UTC]  INFO servlets.StartupLogger:    Server id     : 191e673c
[19/06/23 15:12:37:199 UTC]  INFO servlets.StartupLogger:    License id    : 1cfc7c95
[19/06/23 15:12:37:199 UTC]  INFO servlets.StartupLogger:    Expires       : Thu, 20 Aug 2099 04:00 AM
[19/06/23 15:12:37:199 UTC]  INFO servlets.StartupLogger: 
[19/06/23 15:12:37:200 UTC]  INFO servlets.InitServlet: 
[19/06/23 15:12:37:200 UTC]  INFO servlets.InitServlet: 
[19/06/23 15:12:37:240 UTC]  INFO business.VanityUrlAPIImpl: Populating 0 Vanity URLs for Site default
[19/06/23 15:12:37:244 UTC]  INFO business.VanityUrlAPIImpl: Populating 0 Vanity URLs for Site System Host
[19/06/23 15:12:37:246 UTC]  INFO business.VanityUrlAPIImpl: Populating 0 Vanity URLs for Site System Host
[19/06/23 15:12:37:316 UTC]  INFO impl.StdSchedulerFactory: Using default implementation for ThreadExecutor
[19/06/23 15:12:37:321 UTC]  INFO simpl.SimpleThreadPool: Job execution threads will use class loader of thread: main
[19/06/23 15:12:37:344 UTC]  INFO core.SchedulerSignalerImpl: Initialized Scheduler Signaller of type: class org.quartz.core.SchedulerSignalerImpl
[19/06/23 15:12:37:350 UTC]  INFO core.QuartzScheduler: Quartz Scheduler v.1.8.6 created.
[19/06/23 15:12:37:356 UTC]  INFO quartz.DotJobStore: Using db table-based data access locking (synchronization).
[19/06/23 15:12:37:360 UTC]  INFO quartz.DotJobStore: JobStoreCMT initialized.
[19/06/23 15:12:37:361 UTC]  INFO core.QuartzScheduler: Scheduler meta-data: Quartz Scheduler (v1.8.6) 'dotCMSQuartz' with instanceId 'NON_CLUSTERED'
  Scheduler class: 'org.quartz.core.QuartzScheduler' - running locally.
  NOT STARTED.
  Currently in standby mode.
  Number of jobs executed: 0
  Using thread pool 'org.quartz.simpl.SimpleThreadPool' - with 10 threads.
  Using job-store 'com.dotmarketing.quartz.DotJobStore' - which supports persistence. and is clustered.

[19/06/23 15:12:37:361 UTC]  INFO impl.StdSchedulerFactory: Quartz scheduler 'dotCMSQuartz' initialized from an externally provided properties instance.
[19/06/23 15:12:37:361 UTC]  INFO impl.StdSchedulerFactory: Quartz scheduler version: 1.8.6
[19/06/23 15:12:37:362 UTC]  INFO init.DotInitScheduler: Automatic Content Reindexation Cron Thread schedule disabled on this server
[19/06/23 15:12:37:362 UTC]  INFO init.DotInitScheduler: Deleting ContentReindexerJob Job
[19/06/23 15:12:37:371 UTC]  INFO init.DotInitScheduler: Users To Delete Cron Thread schedule disabled on this server
[19/06/23 15:12:37:371 UTC]  INFO init.DotInitScheduler: Deleting UsersToDeleteJob Job
[19/06/23 15:12:37:460 UTC]  INFO init.DotInitScheduler: LinkCheckerJob Cron Job schedule disabled on this server
[19/06/23 15:12:37:573 UTC]  INFO job.AccessTokenRenewJob$AccessTokensRenewJobScheduler: Stateful AnalyticsAccessTokenRenewJob (trigger31:group31) job was schedule to run at Mon Jun 19 15:13:00 UTC 2023
[19/06/23 15:12:37:606 UTC]  INFO core.QuartzScheduler: Scheduler dotCMSQuartz_$_NON_CLUSTERED started.
[19/06/23 15:12:37:697 UTC]  INFO runtime.ConcurrentParserPoolImpl: Initializing Velocity Parser Pool - min: 20 max:100 @ main
[19/06/23 15:12:37:825 UTC]  INFO servlets.InitServlet: Starting System OSGi Framework
[19/06/23 15:12:37:834 UTC]  INFO servlets.InitServlet: Starting Client OSGi Framework
[19/06/23 15:12:37:834 UTC]  INFO reindex.ReindexThread: --- Unpausing reindex thread 
[19/06/23 15:12:37:843 UTC]  INFO servlets.BinaryExporterServlet: Exporter "Content Image Fields Resizer" registered for path /resize-image
[19/06/23 15:12:37:844 UTC]  INFO servlets.BinaryExporterServlet: Exporter "Export Field Content" registered for path /raw-data
[19/06/23 15:12:37:846 UTC]  INFO servlets.BinaryExporterServlet: Exporter "Image Filter Exporter" registered for path /image
[19/06/23 15:12:37:850 UTC]  INFO dotpubsub.PostgresPubSubImpl: Starting PostgresPubSub. Have servers:1
[19/06/23 15:12:37:851 UTC]  INFO dotpubsub.PostgresPubSubImpl: PGNotificationListener already connected. Returning
[19/06/23 15:12:37:852 UTC]  INFO dotpubsub.PostgresPubSubImpl:  - LISTEN dotcache_topic
[19/06/23 15:12:37:857 UTC]  INFO servlets.BinaryExporterServlet: Exporter "Image Thumbnail Field Exporter" registered for path /image-thumbnail
[19/06/23 15:12:37:859 UTC]  INFO dotpubsub.PostgresPubSubImpl:  - LISTEN osgi_restart_topic
[19/06/23 15:12:37:862 UTC]  INFO framework.OSGIUtil: Felix base dir: /srv/dotserver/tomcat-9.0.60/webapps/ROOT/WEB-INF/felix
[19/06/23 15:12:37:863 UTC]  INFO framework.OSGIUtil: Found property  felix.auto.deploy.action=install,start
[19/06/23 15:12:37:864 UTC]  INFO framework.OSGIUtil: Found property  felix.fileinstall.log.level=3
[19/06/23 15:12:37:864 UTC]  INFO framework.OSGIUtil: Found property  felix.org.osgi.framework.startlevel.beginning=2
[19/06/23 15:12:37:865 UTC]  INFO framework.OSGIUtil: Found property  felix.org.osgi.framework.storage.clean=onFirstInit
[19/06/23 15:12:37:865 UTC]  INFO framework.OSGIUtil: Found property  felix.log.level=3
[19/06/23 15:12:37:866 UTC]  INFO framework.OSGIUtil: Found property  felix.cache.locking=false
[19/06/23 15:12:37:867 UTC]  INFO framework.OSGIUtil: Found property  felix.fileinstall.dir=/data/shared/felix/load
[19/06/23 15:12:37:868 UTC]  INFO framework.OSGIUtil: Found property  felix.upload.dir=/data/shared/felix/upload
[19/06/23 15:12:37:869 UTC]  INFO framework.OSGIUtil: Found property  felix.undeployed.dir=/data/shared/felix/undeployed
[19/06/23 15:12:37:871 UTC]  INFO framework.OSGIUtil: Building Directory:/srv/dotserver/tomcat-9.0.60/webapps/ROOT/WEB-INF/felix
[19/06/23 15:12:37:872 UTC]  INFO framework.OSGIUtil: Building Directory:/data/shared/felix/upload
[19/06/23 15:12:37:872 UTC]  INFO framework.OSGIUtil: Building Directory:/data/shared/felix/load
[19/06/23 15:12:37:873 UTC]  INFO framework.OSGIUtil: Building Directory:/data/shared/felix/undeployed
[19/06/23 15:12:37:874 UTC]  INFO framework.OSGIUtil: Building Directory:/srv/dotserver/tomcat-9.0.60/webapps/ROOT/WEB-INF/felix/bundle
[19/06/23 15:12:37:874 UTC]  INFO framework.OSGIUtil: Building Directory:/srv/dotserver/tomcat-9.0.60/webapps/ROOT/WEB-INF/felix/felix-cache
[19/06/23 15:12:37:900 UTC]  INFO framework.OSGIUtil: Starting the osgi reload on folder: /data/shared/felix/upload
[19/06/23 15:12:37:915 UTC]  INFO framework.OSGIUtil: Loading Factory org.apache.felix.framework.FrameworkFactory
[19/06/23 15:12:38:423 UTC]  INFO framework.OSGIUtil: osgi felix framework started
[19/06/23 15:12:38:487 UTC]  INFO apps.SecretsKeyStoreHelper: KeyStore loaded successfully after `1` tries.
[19/06/23 15:12:38:537 UTC]  INFO apps.SecretsKeyStoreHelper: KeyStore loaded successfully after `1` tries.
[19/06/23 15:12:38:569 UTC]  WARN struts.MultiMessageResources: Duplicate resource property definition (key=was ==> is now): contenttypes.content.copy=Copy ==> Copy
[19/06/23 15:12:38:573 UTC]  WARN struts.MultiMessageResources: Duplicate resource property definition (key=was ==> is now): message.category.import=Importing Categories.  This operation cannot be cancelled or undone. ==> IMPORT
[19/06/23 15:12:38:573 UTC]  WARN struts.MultiMessageResources: Duplicate resource property definition (key=was ==> is now): message.containers.create.content_type_code=Content Type Code ==> Content Type Code
[19/06/23 15:12:38:577 UTC]  WARN struts.MultiMessageResources: Duplicate resource property definition (key=was ==> is now): Save=Save ==> Save
[19/06/23 15:12:38:580 UTC]  WARN struts.MultiMessageResources: Duplicate resource property definition (key=was ==> is now): Move=Move ==> Move
[19/06/23 15:12:38:582 UTC]  WARN struts.MultiMessageResources: Duplicate resource property definition (key=was ==> is now): archived=archived ==> Archived
[19/06/23 15:12:38:647 UTC]  INFO saml.DotSamlProxyFactory: SAML Osgi Bundle has been started
[19/06/23 15:12:38:656 UTC]  WARN impl.SamlConfigurationServiceImpl: The /data/shared/assets/saml/dotcms-saml-default.properties does not exists or can not read
[19/06/23 15:12:38:808 UTC]  INFO apps.SecretsKeyStoreHelper: KeyStore loaded successfully after `1` tries.
[19/06/23 15:12:38:891 UTC]  INFO util.GeoIp2CityDbUtil: Connecting to GeoIP2 database:/srv/dotserver/tomcat-9.0.60/webapps/ROOT/WEB-INF/geoip2/GeoLite2-City.mmdb
[19/06/23 15:12:38:947 UTC]  WARN rules.RulesAPIImpl: Actionlet with name 'CountRulesActionlet' already registered.
[19/06/23 15:12:38:947 UTC]  WARN rules.RulesAPIImpl: Actionlet with name 'SetSessionAttributeActionlet' already registered.
[19/06/23 15:12:38:947 UTC]  WARN rules.RulesAPIImpl: Actionlet with name 'SetRequestAttributeActionlet' already registered.
[19/06/23 15:12:38:947 UTC]  WARN rules.RulesAPIImpl: Actionlet with name 'SetResponseHeaderActionlet' already registered.
[19/06/23 15:12:38:948 UTC]  WARN rules.RulesAPIImpl: Actionlet with name 'PersonaActionlet' already registered.
[19/06/23 15:12:38:948 UTC]  WARN rules.RulesAPIImpl: Actionlet with name 'VisitorTagsActionlet' already registered.
[19/06/23 15:12:38:948 UTC]  WARN rules.RulesAPIImpl: Actionlet with name 'SendRedirectActionlet' already registered.
[19/06/23 15:12:38:948 UTC]  WARN rules.RulesAPIImpl: Actionlet with name 'StopProcessingActionlet' already registered.
[19/06/23 15:12:43:100 UTC]  INFO util.SecurityLogger: class com.dotmarketing.cms.login.factories.LoginFactory : User (dotcms.org.1) password was re-hashed 600000 times -- ip:172.19.0.1,user:null
[19/06/23 15:12:46:568 UTC]  INFO util.SecurityLogger: class com.dotcms.cms.login.LoginServiceAPIFactory$LoginServiceImpl : User dotcms.org.1 has successfully login from IP: 172.19.0.1 -- ip:172.19.0.1,user:Admin User [ID: dotcms.org.1][email:admin@dotcms.com]
[19/06/23 15:12:46:581 UTC]  INFO util.PushPublishLogger: class com.dotcms.publisher.business.PublishAuditStatus : Status Update: Pending.
[19/06/23 15:12:46:815 UTC]  INFO rest.PushPublisherJob: Started bundle publish process
[19/06/23 15:12:46:816 UTC]  INFO util.PushPublishLogger: class com.dotcms.rest.PushPublisherJob : [BundleID: _dotPageContent_test-01FNRS68FETJPPDHY6PJ9SA9ZQ.tar.gz] Started bundle publish process
[19/06/23 15:12:47:411 UTC]  INFO util.ActivityLogger: class com.dotcms.content.elasticsearch.business.ESContentletAPIImpl: System Host : Saving Content , StartDate: N/D; EndDate: N/D; User:system; ContentIdentifier: 48190c8c-42c4-46af-8d1a-0cd5db894797
[19/06/23 15:12:47:428 UTC]  INFO business.IdentifierAPIImpl: Creating new identifier for versionable asset of type `content` and title `demo.dotcms.com` 
[19/06/23 15:12:47:531 UTC]  INFO business.ContentletIndexAPIImpl: Indexing: 48190c8c-42c4-46af-8d1a-0cd5db894797 : demo.dotcms.com, includeDependencies: true, policy: FORCE
[19/06/23 15:12:47:624 UTC]  INFO util.ActivityLogger: class com.dotcms.content.elasticsearch.business.ESContentletAPIImpl: System Host : Content Saved , StartDate: N/D; EndDate: N/D; User:system; ContentIdentifier: 48190c8c-42c4-46af-8d1a-0cd5db894797
[19/06/23 15:12:47:678 UTC]  INFO business.ContentletIndexAPIImpl: Indexing: 48190c8c-42c4-46af-8d1a-0cd5db894797 : demo.dotcms.com, includeDependencies: false, policy: FORCE
[19/06/23 15:12:47:683 UTC]  INFO util.PushPublishLogger: class com.dotcms.enterprise.publishing.remote.handler.ContentHandler : [BundleID: _dotPageContent_test-01FNRS68FETJPPDHY6PJ9SA9ZQ.tar.gz] Host publish success, ID: 48190c8c-42c4-46af-8d1a-0cd5db894797, Inode: 6e8aca39-937c-437e-91d8-d46b631bdcc8, Name: demo.dotcms.com
[19/06/23 15:12:47:768 UTC]  INFO util.ActivityLogger: class com.dotcms.content.elasticsearch.business.ESContentletAPIImpl: System Host : Locking Content , StartDate: N/D; EndDate: N/D; User:system; ContentIdentifier: 8a7d5e23-da1e-420a-b4f0-471e7da8ea2d
[19/06/23 15:12:47:785 UTC]  INFO business.ContentletIndexAPIImpl: Indexing: 8a7d5e23-da1e-420a-b4f0-471e7da8ea2d : default, includeDependencies: false, policy: FORCE
[19/06/23 15:12:47:785 UTC]  INFO util.ActivityLogger: class com.dotcms.content.elasticsearch.business.ESContentletAPIImpl: System Host : Content Locked , StartDate: N/D; EndDate: N/D; User:system; ContentIdentifier: 8a7d5e23-da1e-420a-b4f0-471e7da8ea2d
[19/06/23 15:12:47:789 UTC]  INFO util.ActivityLogger: class com.dotcms.content.elasticsearch.business.ESContentletAPIImpl: System Host : Saving Content , StartDate: N/D; EndDate: N/D; User:system; ContentIdentifier: 8a7d5e23-da1e-420a-b4f0-471e7da8ea2d
[19/06/23 15:12:47:926 UTC]  INFO business.ContentletIndexAPIImpl: Indexing: 8a7d5e23-da1e-420a-b4f0-471e7da8ea2d : default, includeDependencies: true, policy: FORCE
[19/06/23 15:12:47:975 UTC]  INFO util.ActivityLogger: class com.dotcms.content.elasticsearch.business.ESContentletAPIImpl: System Host : Content Saved , StartDate: N/D; EndDate: N/D; User:system; ContentIdentifier: 8a7d5e23-da1e-420a-b4f0-471e7da8ea2d
[19/06/23 15:12:47:978 UTC]  INFO util.ActivityLogger: class com.dotcms.content.elasticsearch.business.ESContentletAPIImpl: System Host : Publishing Content , StartDate: N/D; EndDate: N/D; User:system; ContentIdentifier: 8a7d5e23-da1e-420a-b4f0-471e7da8ea2d
[19/06/23 15:12:47:983 UTC]  INFO business.ContentletIndexAPIImpl: Indexing: 8a7d5e23-da1e-420a-b4f0-471e7da8ea2d : default, includeDependencies: true, policy: FORCE
[19/06/23 15:12:48:032 UTC]  INFO util.ActivityLogger: class com.dotcms.content.elasticsearch.business.ESContentletAPIImpl: System Host : Content Published , StartDate: N/D; EndDate: N/D; User:system; ContentIdentifier: 8a7d5e23-da1e-420a-b4f0-471e7da8ea2d
[19/06/23 15:12:48:039 UTC]  INFO util.ActivityLogger: class com.dotcms.content.elasticsearch.business.ESContentletAPIImpl: System Host : Publishing Content , StartDate: N/D; EndDate: N/D; User:system; ContentIdentifier: 48190c8c-42c4-46af-8d1a-0cd5db894797
[19/06/23 15:12:48:042 UTC]  INFO business.ContentletIndexAPIImpl: Indexing: 48190c8c-42c4-46af-8d1a-0cd5db894797 : demo.dotcms.com, includeDependencies: true, policy: FORCE
[19/06/23 15:12:48:073 UTC]  INFO util.ActivityLogger: class com.dotcms.content.elasticsearch.business.ESContentletAPIImpl: System Host : Content Published , StartDate: N/D; EndDate: N/D; User:system; ContentIdentifier: 48190c8c-42c4-46af-8d1a-0cd5db894797
[19/06/23 15:12:48:079 UTC]  INFO business.ContentletIndexAPIImpl: Indexing: 48190c8c-42c4-46af-8d1a-0cd5db894797 : demo.dotcms.com, includeDependencies: true, policy: FORCE
[19/06/23 15:12:48:228 UTC]  INFO util.SecurityLogger: class com.dotmarketing.portlets.workflows.business.WorkflowAPIImpl : Workflow Scheme 'System Workflow' [d61a59e1-a49c-46f2-a929-db2b4bfa88b2] has been saved by User ID 'system' -- ip:172.19.0.1,user:Admin User [ID: dotcms.org.1][email:admin@dotcms.com]
[19/06/23 15:12:48:239 UTC]  INFO util.SecurityLogger: class com.dotmarketing.portlets.workflows.business.WorkflowAPIImpl : Workflow Step 'New' [6cb7e3bd-1710-4eed-8838-d3db60f78f19] has been saved by User ID 'system' -- ip:172.19.0.1,user:Admin User [ID: dotcms.org.1][email:admin@dotcms.com]
[19/06/23 15:12:48:244 UTC]  INFO util.SecurityLogger: class com.dotmarketing.portlets.workflows.business.WorkflowAPIImpl : Workflow Step 'Draft' [ee24a4cb-2d15-4c98-b1bd-6327126451f3] has been saved by User ID 'system' -- ip:172.19.0.1,user:Admin User [ID: dotcms.org.1][email:admin@dotcms.com]
[19/06/23 15:12:48:251 UTC]  INFO util.SecurityLogger: class com.dotmarketing.portlets.workflows.business.WorkflowAPIImpl : Workflow Step 'Published' [dc3c9cd0-8467-404b-bf95-cb7df3fbc293] has been saved by User ID 'system' -- ip:172.19.0.1,user:Admin User [ID: dotcms.org.1][email:admin@dotcms.com]
[19/06/23 15:12:48:262 UTC]  INFO util.SecurityLogger: class com.dotmarketing.portlets.workflows.business.WorkflowAPIImpl : Workflow Step 'Archived' [d6b095b6-b65f-4bdb-bbfd-701d663dfee2] has been saved by User ID 'system' -- ip:172.19.0.1,user:Admin User [ID: dotcms.org.1][email:admin@dotcms.com]
[19/06/23 15:12:48:291 UTC]  INFO util.SecurityLogger: class com.dotmarketing.portlets.workflows.business.WorkflowAPIImpl : Action id: '4da13a42-5d59-480c-ad8f-94a3adf809fe' has been reordered by user: system -- ip:172.19.0.1,user:Admin User [ID: dotcms.org.1][email:admin@dotcms.com]
[19/06/23 15:12:48:298 UTC]  WARN business.PermissionCacheImpl:  !!! Putting an empty list of permissions in the cache for asset:4da13a42-5d59-480c-ad8f-94a3adf809fe. Every asset should have at least 1 permission (or inherited permission) associated with it
[19/06/23 15:12:48:311 UTC]  INFO util.SecurityLogger: class com.dotmarketing.portlets.workflows.business.WorkflowAPIImpl : Action id: '963f6a04-5320-42e7-ab74-6d876d199946' has been reordered by user: system -- ip:172.19.0.1,user:Admin User [ID: dotcms.org.1][email:admin@dotcms.com]
[19/06/23 15:12:48:315 UTC]  WARN business.PermissionCacheImpl:  !!! Putting an empty list of permissions in the cache for asset:963f6a04-5320-42e7-ab74-6d876d199946. Every asset should have at least 1 permission (or inherited permission) associated with it
[19/06/23 15:12:48:327 UTC]  INFO util.SecurityLogger: class com.dotmarketing.portlets.workflows.business.WorkflowAPIImpl : Action id: '777f1c6b-c877-4a37-ba4b-10627316c2cc' has been reordered by user: system -- ip:172.19.0.1,user:Admin User [ID: dotcms.org.1][email:admin@dotcms.com]
[19/06/23 15:12:48:331 UTC]  WARN business.PermissionCacheImpl:  !!! Putting an empty list of permissions in the cache for asset:777f1c6b-c877-4a37-ba4b-10627316c2cc. Every asset should have at least 1 permission (or inherited permission) associated with it
[19/06/23 15:12:48:347 UTC]  INFO util.SecurityLogger: class com.dotmarketing.portlets.workflows.business.WorkflowAPIImpl : Action id: '1e0f1c6b-b67f-4c99-983d-db2b4bfa88b2' has been reordered by user: system -- ip:172.19.0.1,user:Admin User [ID: dotcms.org.1][email:admin@dotcms.com]
[19/06/23 15:12:48:352 UTC]  WARN business.PermissionCacheImpl:  !!! Putting an empty list of permissions in the cache for asset:1e0f1c6b-b67f-4c99-983d-db2b4bfa88b2. Every asset should have at least 1 permission (or inherited permission) associated with it
[19/06/23 15:12:48:361 UTC]  INFO util.SecurityLogger: class com.dotmarketing.portlets.workflows.business.WorkflowAPIImpl : Action id: 'fa294e6b-9832-4f19-999e-c9ae27cbd47f' has been reordered by user: system -- ip:172.19.0.1,user:Admin User [ID: dotcms.org.1][email:admin@dotcms.com]
[19/06/23 15:12:48:369 UTC]  INFO util.SecurityLogger: class com.dotmarketing.portlets.workflows.business.WorkflowAPIImpl : Action id: 'bc477b07-8f84-48d2-85b8-20d07512af4b' has been reordered by user: system -- ip:172.19.0.1,user:Admin User [ID: dotcms.org.1][email:admin@dotcms.com]
[19/06/23 15:12:48:374 UTC]  WARN business.PermissionCacheImpl:  !!! Putting an empty list of permissions in the cache for asset:bc477b07-8f84-48d2-85b8-20d07512af4b. Every asset should have at least 1 permission (or inherited permission) associated with it
[19/06/23 15:12:48:393 UTC]  INFO util.SecurityLogger: class com.dotmarketing.portlets.workflows.business.WorkflowAPIImpl : Action id: 'b9d89c80-3d88-4311-8365-187323c96436' has been reordered by user: system -- ip:172.19.0.1,user:Admin User [ID: dotcms.org.1][email:admin@dotcms.com]
[19/06/23 15:12:48:397 UTC]  WARN business.PermissionCacheImpl:  !!! Putting an empty list of permissions in the cache for asset:b9d89c80-3d88-4311-8365-187323c96436. Every asset should have at least 1 permission (or inherited permission) associated with it
[19/06/23 15:12:48:407 UTC]  INFO util.SecurityLogger: class com.dotmarketing.portlets.workflows.business.WorkflowAPIImpl : Action id: 'ceca71a0-deee-4999-bd47-b01baa1bcfc8' has been reordered by user: system -- ip:172.19.0.1,user:Admin User [ID: dotcms.org.1][email:admin@dotcms.com]
[19/06/23 15:12:48:411 UTC]  WARN business.PermissionCacheImpl:  !!! Putting an empty list of permissions in the cache for asset:ceca71a0-deee-4999-bd47-b01baa1bcfc8. Every asset should have at least 1 permission (or inherited permission) associated with it
[19/06/23 15:12:48:421 UTC]  INFO util.SecurityLogger: class com.dotmarketing.portlets.workflows.business.WorkflowAPIImpl : Action id: 'c92f9aa1-9503-4567-ac30-d3242b54d02d' has been reordered by user: system -- ip:172.19.0.1,user:Admin User [ID: dotcms.org.1][email:admin@dotcms.com]
[19/06/23 15:12:48:425 UTC]  WARN business.PermissionCacheImpl:  !!! Putting an empty list of permissions in the cache for asset:c92f9aa1-9503-4567-ac30-d3242b54d02d. Every asset should have at least 1 permission (or inherited permission) associated with it
[19/06/23 15:12:48:436 UTC]  INFO util.SecurityLogger: class com.dotmarketing.portlets.workflows.business.WorkflowAPIImpl : Action id: '38efc763-d78f-4e4b-b092-59cd8c579b93' has been reordered by user: system -- ip:172.19.0.1,user:Admin User [ID: dotcms.org.1][email:admin@dotcms.com]
[19/06/23 15:12:48:440 UTC]  WARN business.PermissionCacheImpl:  !!! Putting an empty list of permissions in the cache for asset:38efc763-d78f-4e4b-b092-59cd8c579b93. Every asset should have at least 1 permission (or inherited permission) associated with it
[19/06/23 15:12:48:454 UTC]  INFO util.SecurityLogger: class com.dotmarketing.portlets.workflows.business.WorkflowAPIImpl : The action id: 'ceca71a0-deee-4999-bd47-b01baa1bcfc8' has been saved by the user: system -- ip:172.19.0.1,user:Admin User [ID: dotcms.org.1][email:admin@dotcms.com]
[19/06/23 15:12:48:461 UTC]  INFO util.SecurityLogger: class com.dotmarketing.portlets.workflows.business.WorkflowAPIImpl : The action id: 'fa294e6b-9832-4f19-999e-c9ae27cbd47f' has been saved by the user: system -- ip:172.19.0.1,user:Admin User [ID: dotcms.org.1][email:admin@dotcms.com]
[19/06/23 15:12:48:469 UTC]  INFO util.SecurityLogger: class com.dotmarketing.portlets.workflows.business.WorkflowAPIImpl : The action id: 'b9d89c80-3d88-4311-8365-187323c96436' has been saved by the user: system -- ip:172.19.0.1,user:Admin User [ID: dotcms.org.1][email:admin@dotcms.com]
[19/06/23 15:12:48:478 UTC]  INFO util.SecurityLogger: class com.dotmarketing.portlets.workflows.business.WorkflowAPIImpl : The action id: '777f1c6b-c877-4a37-ba4b-10627316c2cc' has been saved by the user: system -- ip:172.19.0.1,user:Admin User [ID: dotcms.org.1][email:admin@dotcms.com]
[19/06/23 15:12:48:490 UTC]  INFO util.SecurityLogger: class com.dotmarketing.portlets.workflows.business.WorkflowAPIImpl : The action id: 'ceca71a0-deee-4999-bd47-b01baa1bcfc8' has been saved by the user: system -- ip:172.19.0.1,user:Admin User [ID: dotcms.org.1][email:admin@dotcms.com]
[19/06/23 15:12:48:498 UTC]  INFO util.SecurityLogger: class com.dotmarketing.portlets.workflows.business.WorkflowAPIImpl : The action id: 'bc477b07-8f84-48d2-85b8-20d07512af4b' has been saved by the user: system -- ip:172.19.0.1,user:Admin User [ID: dotcms.org.1][email:admin@dotcms.com]
[19/06/23 15:12:48:506 UTC]  INFO util.SecurityLogger: class com.dotmarketing.portlets.workflows.business.WorkflowAPIImpl : The action id: '38efc763-d78f-4e4b-b092-59cd8c579b93' has been saved by the user: system -- ip:172.19.0.1,user:Admin User [ID: dotcms.org.1][email:admin@dotcms.com]
[19/06/23 15:12:48:515 UTC]  INFO util.SecurityLogger: class com.dotmarketing.portlets.workflows.business.WorkflowAPIImpl : The action id: '963f6a04-5320-42e7-ab74-6d876d199946' has been saved by the user: system -- ip:172.19.0.1,user:Admin User [ID: dotcms.org.1][email:admin@dotcms.com]
[19/06/23 15:12:48:522 UTC]  INFO util.SecurityLogger: class com.dotmarketing.portlets.workflows.business.WorkflowAPIImpl : The action id: 'b9d89c80-3d88-4311-8365-187323c96436' has been saved by the user: system -- ip:172.19.0.1,user:Admin User [ID: dotcms.org.1][email:admin@dotcms.com]
[19/06/23 15:12:48:530 UTC]  INFO util.SecurityLogger: class com.dotmarketing.portlets.workflows.business.WorkflowAPIImpl : The action id: '4da13a42-5d59-480c-ad8f-94a3adf809fe' has been saved by the user: system -- ip:172.19.0.1,user:Admin User [ID: dotcms.org.1][email:admin@dotcms.com]
[19/06/23 15:12:48:539 UTC]  INFO util.SecurityLogger: class com.dotmarketing.portlets.workflows.business.WorkflowAPIImpl : The action id: '963f6a04-5320-42e7-ab74-6d876d199946' has been saved by the user: system -- ip:172.19.0.1,user:Admin User [ID: dotcms.org.1][email:admin@dotcms.com]
[19/06/23 15:12:48:547 UTC]  INFO util.SecurityLogger: class com.dotmarketing.portlets.workflows.business.WorkflowAPIImpl : The action id: 'ceca71a0-deee-4999-bd47-b01baa1bcfc8' has been saved by the user: system -- ip:172.19.0.1,user:Admin User [ID: dotcms.org.1][email:admin@dotcms.com]
[19/06/23 15:12:48:554 UTC]  INFO util.SecurityLogger: class com.dotmarketing.portlets.workflows.business.WorkflowAPIImpl : The action id: '38efc763-d78f-4e4b-b092-59cd8c579b93' has been saved by the user: system -- ip:172.19.0.1,user:Admin User [ID: dotcms.org.1][email:admin@dotcms.com]
[19/06/23 15:12:48:561 UTC]  INFO util.SecurityLogger: class com.dotmarketing.portlets.workflows.business.WorkflowAPIImpl : The action id: '4da13a42-5d59-480c-ad8f-94a3adf809fe' has been saved by the user: system -- ip:172.19.0.1,user:Admin User [ID: dotcms.org.1][email:admin@dotcms.com]
[19/06/23 15:12:48:568 UTC]  INFO util.SecurityLogger: class com.dotmarketing.portlets.workflows.business.WorkflowAPIImpl : The action id: 'b9d89c80-3d88-4311-8365-187323c96436' has been saved by the user: system -- ip:172.19.0.1,user:Admin User [ID: dotcms.org.1][email:admin@dotcms.com]
[19/06/23 15:12:48:574 UTC]  INFO util.SecurityLogger: class com.dotmarketing.portlets.workflows.business.WorkflowAPIImpl : The action id: 'bc477b07-8f84-48d2-85b8-20d07512af4b' has been saved by the user: system -- ip:172.19.0.1,user:Admin User [ID: dotcms.org.1][email:admin@dotcms.com]
[19/06/23 15:12:48:582 UTC]  INFO util.SecurityLogger: class com.dotmarketing.portlets.workflows.business.WorkflowAPIImpl : The action id: 'c92f9aa1-9503-4567-ac30-d3242b54d02d' has been saved by the user: system -- ip:172.19.0.1,user:Admin User [ID: dotcms.org.1][email:admin@dotcms.com]
[19/06/23 15:12:48:589 UTC]  INFO util.SecurityLogger: class com.dotmarketing.portlets.workflows.business.WorkflowAPIImpl : The action id: '777f1c6b-c877-4a37-ba4b-10627316c2cc' has been saved by the user: system -- ip:172.19.0.1,user:Admin User [ID: dotcms.org.1][email:admin@dotcms.com]
[19/06/23 15:12:48:596 UTC]  INFO util.SecurityLogger: class com.dotmarketing.portlets.workflows.business.WorkflowAPIImpl : The action id: '1e0f1c6b-b67f-4c99-983d-db2b4bfa88b2' has been saved by the user: system -- ip:172.19.0.1,user:Admin User [ID: dotcms.org.1][email:admin@dotcms.com]
[19/06/23 15:12:48:702 UTC]  INFO util.SecurityLogger: class com.dotmarketing.portlets.workflows.business.WorkflowAPIImpl : Saving class parameters by the user: system -- ip:172.19.0.1,user:Admin User [ID: dotcms.org.1][email:admin@dotcms.com]
[19/06/23 15:12:48:758 UTC]  INFO util.SecurityLogger: class com.dotmarketing.portlets.workflows.business.WorkflowAPIImpl : Workflow Action Class with id: 'f970943f-3768-49b6-bc6b-f24f9affbfbf' has been deleted -- ip:172.19.0.1,user:Admin User [ID: dotcms.org.1][email:admin@dotcms.com]
[19/06/23 15:12:48:764 UTC]  INFO util.SecurityLogger: class com.dotmarketing.portlets.workflows.business.WorkflowAPIImpl : Workflow Action with id: dd4c4b7c-e9d3-4dc0-8fbf-36102f9c6324, name: Move has been deleted -- ip:172.19.0.1,user:Admin User [ID: dotcms.org.1][email:admin@dotcms.com]
[19/06/23 15:12:48:839 UTC]  INFO helper.SystemActionMappingsHandlerMerger: The mapping for systemAction: NEW, workflowAction: Optional[WorkflowAction [id=ceca71a0-deee-4999-bd47-b01baa1bcfc8, name=Save, stepId=null, nextStep=ee24a4cb-2d15-4c98-b1bd-6327126451f3]], and scheme: d61a59e1-a49c-46f2-a929-db2b4bfa88b2 has been saved
[19/06/23 15:12:48:843 UTC]  INFO helper.SystemActionMappingsHandlerMerger: The mapping for systemAction: EDIT, workflowAction: Optional[WorkflowAction [id=ceca71a0-deee-4999-bd47-b01baa1bcfc8, name=Save, stepId=null, nextStep=ee24a4cb-2d15-4c98-b1bd-6327126451f3]], and scheme: d61a59e1-a49c-46f2-a929-db2b4bfa88b2 has been saved
[19/06/23 15:12:48:848 UTC]  INFO helper.SystemActionMappingsHandlerMerger: The mapping for systemAction: UNPUBLISH, workflowAction: Optional[WorkflowAction [id=38efc763-d78f-4e4b-b092-59cd8c579b93, name=Unpublish, stepId=null, nextStep=ee24a4cb-2d15-4c98-b1bd-6327126451f3]], and scheme: d61a59e1-a49c-46f2-a929-db2b4bfa88b2 has been saved
[19/06/23 15:12:48:852 UTC]  INFO helper.SystemActionMappingsHandlerMerger: The mapping for systemAction: UNARCHIVE, workflowAction: Optional[WorkflowAction [id=c92f9aa1-9503-4567-ac30-d3242b54d02d, name=Unarchive, stepId=null, nextStep=ee24a4cb-2d15-4c98-b1bd-6327126451f3]], and scheme: d61a59e1-a49c-46f2-a929-db2b4bfa88b2 has been saved
[19/06/23 15:12:48:857 UTC]  INFO helper.SystemActionMappingsHandlerMerger: The mapping for systemAction: PUBLISH, workflowAction: Optional[WorkflowAction [id=b9d89c80-3d88-4311-8365-187323c96436, name=Publish, stepId=null, nextStep=dc3c9cd0-8467-404b-bf95-cb7df3fbc293]], and scheme: d61a59e1-a49c-46f2-a929-db2b4bfa88b2 has been saved
[19/06/23 15:12:48:861 UTC]  INFO helper.SystemActionMappingsHandlerMerger: The mapping for systemAction: ARCHIVE, workflowAction: Optional[WorkflowAction [id=4da13a42-5d59-480c-ad8f-94a3adf809fe, name=Archive, stepId=null, nextStep=d6b095b6-b65f-4bdb-bbfd-701d663dfee2]], and scheme: d61a59e1-a49c-46f2-a929-db2b4bfa88b2 has been saved
[19/06/23 15:12:48:865 UTC]  INFO helper.SystemActionMappingsHandlerMerger: The mapping for systemAction: DESTROY, workflowAction: Optional[WorkflowAction [id=1e0f1c6b-b67f-4c99-983d-db2b4bfa88b2, name=Destroy, stepId=null, nextStep=d6b095b6-b65f-4bdb-bbfd-701d663dfee2]], and scheme: d61a59e1-a49c-46f2-a929-db2b4bfa88b2 has been saved
[19/06/23 15:12:48:869 UTC]  INFO helper.SystemActionMappingsHandlerMerger: The mapping for systemAction: DELETE, workflowAction: Optional[WorkflowAction [id=777f1c6b-c877-4a37-ba4b-10627316c2cc, name=Delete, stepId=null, nextStep=d6b095b6-b65f-4bdb-bbfd-701d663dfee2]], and scheme: d61a59e1-a49c-46f2-a929-db2b4bfa88b2 has been saved
[19/06/23 15:12:48:872 UTC]  INFO util.PushPublishLogger: class com.dotcms.enterprise.publishing.remote.handler.WorkflowHandler : [BundleID: _dotPageContent_test-01FNRS68FETJPPDHY6PJ9SA9ZQ.tar.gz] Workflow publish success, ID: d61a59e1-a49c-46f2-a929-db2b4bfa88b2, Name: System Workflow
[19/06/23 15:12:48:967 UTC]  INFO util.ActivityLogger: class com.dotcms.contenttype.business.ContentTypeAPIImpl: system : Save ContentType Action , User system/system user system user added ContentType Rich Text to host id:SYSTEM_HOST
[19/06/23 15:12:48:968 UTC]  INFO business.ContentTypeAPIImpl: UserId : system : ContentType : ContentType saved : Rich Text
[19/06/23 15:12:48:969 UTC]  INFO util.AdminLogger: UserId : system : class com.dotcms.contenttype.business.ContentTypeAPIImpl : ContentType : ContentType saved : Rich Text
[19/06/23 15:12:48:976 UTC]  INFO business.ContentTypeAPIImpl: Deleting no longer needed Field: Row Field with ID: 67c89b1df448623087f2f39fe3a7b9e8, from Content Type: Rich Text
[19/06/23 15:12:48:985 UTC]  INFO util.ActivityLogger: class com.dotmarketing.util.ActivityLogger: system : Delete Field Action , User system/system user deleted field Row Field from Rich Text Content Type.
[19/06/23 15:12:49:015 UTC]  INFO business.ContentTypeAPIImpl: Deleting no longer needed Field: Column Field with ID: 32b02fef08e09ddec71cb6f444343738, from Content Type: Rich Text
[19/06/23 15:12:49:024 UTC]  INFO util.ActivityLogger: class com.dotmarketing.util.ActivityLogger: system : Delete Field Action , User system/system user deleted field Column Field from Rich Text Content Type.
[19/06/23 15:12:49:061 UTC]  INFO util.ActivityLogger: class com.dotmarketing.util.ActivityLogger: system : Save Field Action , User system/system user added field fields-0 to Rich Text Structure.
[19/06/23 15:12:49:081 UTC]  INFO util.ActivityLogger: class com.dotmarketing.util.ActivityLogger: system : Save Field Action , User system/system user added field fields-1 to Rich Text Structure.
[19/06/23 15:12:49:107 UTC]  INFO util.ActivityLogger: class com.dotmarketing.util.ActivityLogger: system : Update Field Action , User system/system user modified field Site to Rich Text Structure.
[19/06/23 15:12:49:131 UTC]  INFO util.ActivityLogger: class com.dotmarketing.util.ActivityLogger: system : Update Field Action , User system/system user modified field Title to Rich Text Structure.
[19/06/23 15:12:49:148 UTC]  INFO util.ActivityLogger: class com.dotmarketing.util.ActivityLogger: system : Update Field Action , User system/system user modified field Body to Rich Text Structure.
[19/06/23 15:12:49:152 UTC]  INFO util.PushPublishLogger: class com.dotcms.enterprise.publishing.remote.handler.ContentTypeHandler : [BundleID: _dotPageContent_test-01FNRS68FETJPPDHY6PJ9SA9ZQ.tar.gz] Content Type publish success, ID: 2a3e91e4-fbbf-4876-8c5b-2233c1739b05, Name: Rich Text
[19/06/23 15:12:49:161 UTC]  INFO util.SecurityLogger: class com.dotmarketing.portlets.workflows.business.WorkflowAPIImpl : Saving schemes [ [WorkflowScheme [id=d61a59e1-a49c-46f2-a929-db2b4bfa88b2, name=System Workflow, archived=false, mandatory=false]] ] for Content Type [ com.dotmarketing.portlets.structure.model.Structure@122d9a27[name=Rich Text,description=WYSIWYG rich text content,defaultStructure=true,reviewInterval=<null>,reviewerRole=<null>,pagedetail=<null>,structureType=1,fixed=false,system=false,velocityVarName=webPageContent,urlMapPattern=<null>,host=SYSTEM_HOST,folder=SYSTEM_FOLDER,publishDateVar=<null>,expireDateVar=<null>,modDate=Mon Jun 19 15:12:49 UTC 2023,icon=wysiwyg,sortOrder=0,iDate=Thu Mar 09 14:51:36 UTC 2017,type=structure,owner=<null>,inode=2a3e91e4-fbbf-4876-8c5b-2233c1739b05,identifier=2a3e91e4-fbbf-4876-8c5b-2233c1739b05] ] -- ip:172.19.0.1,user:Admin User [ID: dotcms.org.1][email:admin@dotcms.com]
[19/06/23 15:12:49:265 UTC]  INFO util.ActivityLogger: class com.dotcms.contenttype.business.ContentTypeAPIImpl: system : Save ContentType Action , User system/system user system user added ContentType Page to host id:SYSTEM_HOST
[19/06/23 15:12:49:266 UTC]  INFO business.ContentTypeAPIImpl: UserId : system : ContentType : ContentType saved : Page
[19/06/23 15:12:49:267 UTC]  INFO util.AdminLogger: UserId : system : class com.dotcms.contenttype.business.ContentTypeAPIImpl : ContentType : ContentType saved : Page
[19/06/23 15:12:49:308 UTC]  INFO util.ActivityLogger: class com.dotmarketing.util.ActivityLogger: system : Save Field Action , User system/system user added field fields-0 to Page Structure.
[19/06/23 15:12:49:355 UTC]  INFO util.ActivityLogger: class com.dotmarketing.util.ActivityLogger: system : Save Field Action , User system/system user added field fields-1 to Page Structure.
[19/06/23 15:12:49:397 UTC]  INFO util.ActivityLogger: class com.dotmarketing.util.ActivityLogger: system : Update Field Action , User system/system user modified field Host or Folder to Page Structure.
[19/06/23 15:12:49:433 UTC]  INFO util.ActivityLogger: class com.dotmarketing.util.ActivityLogger: system : Update Field Action , User system/system user modified field Title to Page Structure.
[19/06/23 15:12:49:469 UTC]  INFO util.ActivityLogger: class com.dotmarketing.util.ActivityLogger: system : Update Field Action , User system/system user modified field Url to Page Structure.
[19/06/23 15:12:49:523 UTC]  INFO util.ActivityLogger: class com.dotmarketing.util.ActivityLogger: system : Update Field Action , User system/system user modified field Template to Page Structure.
[19/06/23 15:12:49:586 UTC]  INFO util.ActivityLogger: class com.dotmarketing.util.ActivityLogger: system : Save Field Action , User system/system user added field Subtitle to Page Structure.
[19/06/23 15:12:49:626 UTC]  INFO util.ActivityLogger: class com.dotmarketing.util.ActivityLogger: system : Save Field Action , User system/system user added field Image to Page Structure.
[19/06/23 15:12:49:669 UTC]  INFO util.ActivityLogger: class com.dotmarketing.util.ActivityLogger: system : Update Field Action , User system/system user modified field Friendly Name to Page Structure.
[19/06/23 15:12:49:720 UTC]  INFO util.ActivityLogger: class com.dotmarketing.util.ActivityLogger: system : Save Field Action , User system/system user added field fields-2 to Page Structure.
[19/06/23 15:12:49:772 UTC]  INFO util.ActivityLogger: class com.dotmarketing.util.ActivityLogger: system : Save Field Action , User system/system user added field fields-3 to Page Structure.
[19/06/23 15:12:49:818 UTC]  INFO util.ActivityLogger: class com.dotmarketing.util.ActivityLogger: system : Update Field Action , User system/system user modified field Show on Menu to Page Structure.
[19/06/23 15:12:49:868 UTC]  INFO util.ActivityLogger: class com.dotmarketing.util.ActivityLogger: system : Save Field Action , User system/system user added field fields-4 to Page Structure.
[19/06/23 15:12:49:917 UTC]  INFO util.ActivityLogger: class com.dotmarketing.util.ActivityLogger: system : Update Field Action , User system/system user modified field Sort Order to Page Structure.
[19/06/23 15:12:49:975 UTC]  INFO util.ActivityLogger: class com.dotmarketing.util.ActivityLogger: system : Save Field Action , User system/system user added field fields-5 to Page Structure.
[19/06/23 15:12:50:028 UTC]  INFO util.ActivityLogger: class com.dotmarketing.util.ActivityLogger: system : Save Field Action , User system/system user added field fields-6 to Page Structure.
[19/06/23 15:12:50:080 UTC]  INFO util.ActivityLogger: class com.dotmarketing.util.ActivityLogger: system : Save Field Action , User system/system user added field SEO to Page Structure.
[19/06/23 15:12:50:140 UTC]  INFO util.ActivityLogger: class com.dotmarketing.util.ActivityLogger: system : Save Field Action , User system/system user added field fields-7 to Page Structure.
[19/06/23 15:12:50:207 UTC]  INFO util.ActivityLogger: class com.dotmarketing.util.ActivityLogger: system : Save Field Action , User system/system user added field fields-8 to Page Structure.
[19/06/23 15:12:50:252 UTC]  INFO util.ActivityLogger: class com.dotmarketing.util.ActivityLogger: system : Update Field Action , User system/system user modified field Canonical URL to Page Structure.
[19/06/23 15:12:50:311 UTC]  INFO util.ActivityLogger: class com.dotmarketing.util.ActivityLogger: system : Save Field Action , User system/system user added field SEO Title to Page Structure.
[19/06/23 15:12:50:365 UTC]  INFO util.ActivityLogger: class com.dotmarketing.util.ActivityLogger: system : Save Field Action , User system/system user added field SEO Title Count to Page Structure.
[19/06/23 15:12:50:407 UTC]  INFO util.ActivityLogger: class com.dotmarketing.util.ActivityLogger: system : Update Field Action , User system/system user modified field SEO Description to Page Structure.
[19/06/23 15:12:50:469 UTC]  INFO util.ActivityLogger: class com.dotmarketing.util.ActivityLogger: system : Save Field Action , User system/system user added field SEO Description Count to Page Structure.
[19/06/23 15:12:50:530 UTC]  INFO util.ActivityLogger: class com.dotmarketing.util.ActivityLogger: system : Update Field Action , User system/system user modified field SEO Keywords to Page Structure.
[19/06/23 15:12:50:578 UTC]  INFO util.ActivityLogger: class com.dotmarketing.util.ActivityLogger: system : Update Field Action , User system/system user modified field Advanced Properties to Page Structure.
[19/06/23 15:12:50:638 UTC]  INFO util.ActivityLogger: class com.dotmarketing.util.ActivityLogger: system : Save Field Action , User system/system user added field fields-9 to Page Structure.
[19/06/23 15:12:50:703 UTC]  INFO util.ActivityLogger: class com.dotmarketing.util.ActivityLogger: system : Save Field Action , User system/system user added field fields-10 to Page Structure.
[19/06/23 15:12:50:759 UTC]  INFO util.ActivityLogger: class com.dotmarketing.util.ActivityLogger: system : Save Field Action , User system/system user added field Custom CSS to Page Structure.
[19/06/23 15:12:50:813 UTC]  INFO util.ActivityLogger: class com.dotmarketing.util.ActivityLogger: system : Update Field Action , User system/system user modified field Page Metadata to Page Structure.
[19/06/23 15:12:50:858 UTC]  INFO util.ActivityLogger: class com.dotmarketing.util.ActivityLogger: system : Update Field Action , User system/system user modified field Redirect Url to Page Structure.
[19/06/23 15:12:50:907 UTC]  INFO util.ActivityLogger: class com.dotmarketing.util.ActivityLogger: system : Update Field Action , User system/system user modified field Cache TTL to Page Structure.
[19/06/23 15:12:50:951 UTC]  INFO util.ActivityLogger: class com.dotmarketing.util.ActivityLogger: system : Update Field Action , User system/system user modified field HTTPS Required to Page Structure.
[19/06/23 15:12:50:964 UTC]  INFO util.PushPublishLogger: class com.dotcms.enterprise.publishing.remote.handler.ContentTypeHandler : [BundleID: _dotPageContent_test-01FNRS68FETJPPDHY6PJ9SA9ZQ.tar.gz] Content Type publish success, ID: c541abb1-69b3-4bc5-8430-5e09e5239cc8, Name: Page
[19/06/23 15:12:50:967 UTC]  INFO util.SecurityLogger: class com.dotmarketing.portlets.workflows.business.WorkflowAPIImpl : Saving schemes [ [WorkflowScheme [id=d61a59e1-a49c-46f2-a929-db2b4bfa88b2, name=System Workflow, archived=false, mandatory=false]] ] for Content Type [ com.dotmarketing.portlets.structure.model.Structure@526282cb[name=Page,description=Default Structure for Pages,defaultStructure=false,reviewInterval=<null>,reviewerRole=<null>,pagedetail=<null>,structureType=5,fixed=true,system=false,velocityVarName=htmlpageasset,urlMapPattern=<null>,host=SYSTEM_HOST,folder=SYSTEM_FOLDER,publishDateVar=<null>,expireDateVar=<null>,modDate=Mon Jun 19 15:12:51 UTC 2023,icon=description,sortOrder=0,iDate=Thu May 28 11:26:34 UTC 2015,type=structure,owner=<null>,inode=c541abb1-69b3-4bc5-8430-5e09e5239cc8,identifier=c541abb1-69b3-4bc5-8430-5e09e5239cc8] ] -- ip:172.19.0.1,user:Admin User [ID: dotcms.org.1][email:admin@dotcms.com]
[19/06/23 15:12:50:995 UTC]  INFO business.IdentifierAPIImpl: Creating new identifier for versionable asset of type `containers` and title `Test Containe` 
[19/06/23 15:12:51:017 UTC]  INFO util.PushPublishLogger: class com.dotcms.enterprise.publishing.remote.handler.ContainerHandler : [BundleID: _dotPageContent_test-01FNRS68FETJPPDHY6PJ9SA9ZQ.tar.gz] Container publish (new) success, ID: 067682378f271bec7fa17795192e7f59, Inode: 14100dab-81a9-4872-bcc0-8730c3de9ccd, Name: Test Containe
[19/06/23 15:12:51:046 UTC]  INFO business.IdentifierAPIImpl: Creating new identifier for versionable asset of type `template` and title `My Template` 
[19/06/23 15:12:51:061 UTC]  INFO util.PushPublishLogger: class com.dotcms.enterprise.publishing.remote.handler.TemplateHandler : [BundleID: _dotPageContent_test-01FNRS68FETJPPDHY6PJ9SA9ZQ.tar.gz] Template publish success, ID: 2323f14aaf06aadb2281171179147876, Inode: c0689c0c-a359-448e-b928-25029ffc8324, Name: My Template
[19/06/23 15:12:51:087 UTC]  INFO util.PushPublishLogger: class com.dotcms.enterprise.publishing.remote.handler.LanguageVariablesHandler : [BundleID: _dotPageContent_test-01FNRS68FETJPPDHY6PJ9SA9ZQ.tar.gz] Language File publish success, Name: cms_language_en.properties
[19/06/23 15:12:51:087 UTC]  INFO util.PushPublishLogger: class com.dotcms.enterprise.publishing.remote.handler.LanguageVariablesHandler : [BundleID: _dotPageContent_test-01FNRS68FETJPPDHY6PJ9SA9ZQ.tar.gz] Language File publish success, Name: cms_language_en_US.properties
[19/06/23 15:12:51:087 UTC]  INFO util.PushPublishLogger: class com.dotcms.enterprise.publishing.remote.handler.LanguageVariablesHandler : [BundleID: _dotPageContent_test-01FNRS68FETJPPDHY6PJ9SA9ZQ.tar.gz] Language File publish success, Name: cms_language_es.properties
[19/06/23 15:12:51:087 UTC]  INFO util.PushPublishLogger: class com.dotcms.enterprise.publishing.remote.handler.LanguageVariablesHandler : [BundleID: _dotPageContent_test-01FNRS68FETJPPDHY6PJ9SA9ZQ.tar.gz] Language File publish success, Name: cms_language_es_ES.properties
[19/06/23 15:12:51:088 UTC]  INFO util.PushPublishLogger: class com.dotcms.enterprise.publishing.remote.handler.LanguageVariablesHandler : [BundleID: _dotPageContent_test-01FNRS68FETJPPDHY6PJ9SA9ZQ.tar.gz] Language File publish success, Name: cms_language_fr.properties
[19/06/23 15:12:51:088 UTC]  INFO util.PushPublishLogger: class com.dotcms.enterprise.publishing.remote.handler.LanguageVariablesHandler : [BundleID: _dotPageContent_test-01FNRS68FETJPPDHY6PJ9SA9ZQ.tar.gz] Language File publish success, Name: cms_language_fr_FR.properties
[19/06/23 15:12:51:088 UTC]  INFO util.PushPublishLogger: class com.dotcms.enterprise.publishing.remote.handler.LanguageVariablesHandler : [BundleID: _dotPageContent_test-01FNRS68FETJPPDHY6PJ9SA9ZQ.tar.gz] Language File publish success, Name: cms_language_zh.properties
[19/06/23 15:12:51:090 UTC]  INFO util.PushPublishLogger: class com.dotcms.enterprise.publishing.remote.handler.LanguageVariablesHandler : [BundleID: _dotPageContent_test-01FNRS68FETJPPDHY6PJ9SA9ZQ.tar.gz] Language File publish success, Name: cms_language_zh_CN.properties
[19/06/23 15:12:51:116 UTC]  INFO util.ActivityLogger: class com.dotcms.content.elasticsearch.business.ESContentletAPIImpl: demo.dotcms.com : Saving Content , StartDate: N/D; EndDate: N/D; User:system; ContentIdentifier: 0207b411-b66a-4bcf-8da1-e3ab81db47c3
[19/06/23 15:12:51:118 UTC]  INFO business.IdentifierAPIImpl: Creating new identifier for versionable asset of type `content` and title `Before You Book` 
[19/06/23 15:12:51:145 UTC]  INFO business.ContentletIndexAPIImpl: Indexing: 0207b411-b66a-4bcf-8da1-e3ab81db47c3 : Before You Book, includeDependencies: true, policy: FORCE
[19/06/23 15:12:51:158 UTC]  INFO util.ActivityLogger: class com.dotcms.content.elasticsearch.business.ESContentletAPIImpl: demo.dotcms.com : Content Saved , StartDate: N/D; EndDate: N/D; User:system; ContentIdentifier: 0207b411-b66a-4bcf-8da1-e3ab81db47c3
[19/06/23 15:12:51:173 UTC]  INFO business.ContentletIndexAPIImpl: Indexing: 0207b411-b66a-4bcf-8da1-e3ab81db47c3 : Before You Book, includeDependencies: false, policy: FORCE
[19/06/23 15:12:51:173 UTC]  INFO util.PushPublishLogger: class com.dotcms.enterprise.publishing.remote.handler.ContentHandler : [BundleID: _dotPageContent_test-01FNRS68FETJPPDHY6PJ9SA9ZQ.tar.gz] Content publish success, ID: 0207b411-b66a-4bcf-8da1-e3ab81db47c3, Inode: 684e8058-b822-400d-b196-457ca256f402, Name: Before You Book
[19/06/23 15:12:51:185 UTC]  INFO util.ActivityLogger: class com.dotcms.content.elasticsearch.business.ESContentletAPIImpl: demo.dotcms.com : Saving Content , StartDate: N/D; EndDate: N/D; User:system; ContentIdentifier: bef4458a0da3e55cf37322b32e4ecb14
[19/06/23 15:12:51:189 UTC]  INFO business.IdentifierAPIImpl: Creating new identifier for versionable asset of type `content` and title `my-test-page` 
[19/06/23 15:12:51:281 UTC]  INFO business.ContentletIndexAPIImpl: Indexing: bef4458a0da3e55cf37322b32e4ecb14 : my-test-page, includeDependencies: true, policy: FORCE
[19/06/23 15:12:51:425 UTC]  INFO util.ActivityLogger: class com.dotcms.content.elasticsearch.business.ESContentletAPIImpl: demo.dotcms.com : Content Saved , StartDate: N/D; EndDate: N/D; User:system; ContentIdentifier: bef4458a0da3e55cf37322b32e4ecb14
[19/06/23 15:12:51:459 UTC]  INFO business.ContentletIndexAPIImpl: Indexing: bef4458a0da3e55cf37322b32e4ecb14 : my-test-page, includeDependencies: false, policy: FORCE
[19/06/23 15:12:51:459 UTC]  INFO util.PushPublishLogger: class com.dotcms.enterprise.publishing.remote.handler.ContentHandler : [BundleID: _dotPageContent_test-01FNRS68FETJPPDHY6PJ9SA9ZQ.tar.gz] Content publish success, ID: bef4458a0da3e55cf37322b32e4ecb14, Inode: 0cd9101a-fa6c-41b0-8149-e8eb6b444033, Name: my-test-page
[19/06/23 15:12:51:468 UTC]  INFO util.ActivityLogger: class com.dotcms.content.elasticsearch.business.ESContentletAPIImpl: demo.dotcms.com : Publishing Content , StartDate: N/D; EndDate: N/D; User:system; ContentIdentifier: 0207b411-b66a-4bcf-8da1-e3ab81db47c3
[19/06/23 15:12:51:470 UTC]  INFO business.ContentletIndexAPIImpl: Indexing: 0207b411-b66a-4bcf-8da1-e3ab81db47c3 : Before You Book, includeDependencies: true, policy: FORCE
[19/06/23 15:12:51:489 UTC]  WARN business.ESContentletAPIImpl: Cannot publish related HTML Pages. htmlPageIdentifier.getId() = [bef4458a0da3e55cf37322b32e4ecb14], languageId = [1], pageInode = [null]. This might happen if contents are being imported in batch.
[19/06/23 15:12:51:490 UTC]  INFO util.ActivityLogger: class com.dotcms.content.elasticsearch.business.ESContentletAPIImpl: demo.dotcms.com : Content Published , StartDate: N/D; EndDate: N/D; User:system; ContentIdentifier: 0207b411-b66a-4bcf-8da1-e3ab81db47c3
[19/06/23 15:12:51:499 UTC]  INFO util.ActivityLogger: class com.dotcms.content.elasticsearch.business.ESContentletAPIImpl: demo.dotcms.com : Unpublishing Content , StartDate: N/D; EndDate: N/D; User:system; ContentIdentifier: bef4458a0da3e55cf37322b32e4ecb14
[19/06/23 15:12:51:516 UTC]  INFO util.ActivityLogger: class com.dotcms.content.elasticsearch.business.ESContentletAPIImpl: demo.dotcms.com : Error Unpublishing Content , StartDate: N/D; EndDate: N/D; User:system; ContentIdentifier: bef4458a0da3e55cf37322b32e4ecb14
[19/06/23 15:12:51:521 UTC]  INFO business.ContentletIndexAPIImpl: Indexing: bef4458a0da3e55cf37322b32e4ecb14 : my-test-page, includeDependencies: true, policy: FORCE
[19/06/23 15:12:51:524 UTC]  INFO business.ContentletIndexAPIImpl: Indexing: 0207b411-b66a-4bcf-8da1-e3ab81db47c3 : Before You Book, includeDependencies: true, policy: FORCE
[19/06/23 15:12:51:540 UTC]  INFO util.SecurityLogger: class com.dotmarketing.portlets.workflows.business.WorkflowAPIImpl : Workflow task with id: 'f9deba1b-9cac-4af3-84b0-9a0fe1e94012' has been saved. -- ip:172.19.0.1,user:Admin User [ID: dotcms.org.1][email:admin@dotcms.com]
[19/06/23 15:12:51:540 UTC]  INFO util.PushPublishLogger: class com.dotcms.enterprise.publishing.remote.handler.ContentWorkflowHandler : [BundleID: _dotPageContent_test-01FNRS68FETJPPDHY6PJ9SA9ZQ.tar.gz] Content Workflow publish success, ID: 0207b411-b66a-4bcf-8da1-e3ab81db47c3
[19/06/23 15:12:51:545 UTC]  INFO util.SecurityLogger: class com.dotmarketing.portlets.workflows.business.WorkflowAPIImpl : Workflow task with id: 'd246fe94-33f8-4da2-a616-69162593b7a4' has been saved. -- ip:172.19.0.1,user:Admin User [ID: dotcms.org.1][email:admin@dotcms.com]
[19/06/23 15:12:51:549 UTC]  INFO util.PushPublishLogger: class com.dotcms.enterprise.publishing.remote.handler.ContentWorkflowHandler : [BundleID: _dotPageContent_test-01FNRS68FETJPPDHY6PJ9SA9ZQ.tar.gz] Content Workflow publish success, ID: bef4458a0da3e55cf37322b32e4ecb14
[19/06/23 15:12:52:619 UTC]  INFO reindex.ReindexThread: --- Unpausing reindex thread 
[19/06/23 15:12:52:675 UTC]  INFO quartz.DotStatefulJob: New Task for job `CleanUpFieldReferencesJob` scheduled for execution `52 12 15 19 6 ? 2023`.
[19/06/23 15:12:52:705 UTC]  INFO job.CleanUpFieldReferencesJob: CleanUpFieldReferencesJob ::: started for field `rowField`.
[19/06/23 15:12:52:735 UTC]  INFO quartz.DotStatefulJob: New Task for job `CleanUpFieldReferencesJob` scheduled for execution `52 12 15 19 6 ? 2023`.
[19/06/23 15:12:52:757 UTC]  INFO job.CleanUpFieldReferencesJob: CleanUpFieldReferencesJob ::: finished for field `rowField`.
[19/06/23 15:12:53:793 UTC]  INFO reindex.ReindexQueueAPIImpl: addIdentifierReindex: 0207b411-b66a-4bcf-8da1-e3ab81db47c3
[19/06/23 15:12:53:794 UTC]  INFO reindex.ReindexQueueAPIImpl: addIdentifierReindex: bef4458a0da3e55cf37322b32e4ecb14
[19/06/23 15:12:53:799 UTC]  INFO reindex.ReindexThread: --- Unpausing reindex thread 
[19/06/23 15:12:53:917 UTC]  INFO reindex.BulkProcessorListener: -----------
[19/06/23 15:12:53:918 UTC]  INFO reindex.BulkProcessorListener: Reindexing Server #  : 1 of 1
[19/06/23 15:12:53:918 UTC]  INFO reindex.BulkProcessorListener: Total Indexed        : 0
[19/06/23 15:12:53:918 UTC]  INFO reindex.BulkProcessorListener: ReindexEntries found : 2
[19/06/23 15:12:53:919 UTC]  INFO reindex.BulkProcessorListener: BulkRequests created : 3
[19/06/23 15:12:53:919 UTC]  INFO reindex.BulkProcessorListener: -----------
[19/06/23 15:12:55:790 UTC]  INFO job.CleanUpFieldReferencesJob: CleanUpFieldReferencesJob ::: started for field `columnField`.
[19/06/23 15:12:55:827 UTC]  INFO job.CleanUpFieldReferencesJob: CleanUpFieldReferencesJob ::: finished for field `columnField`.
[19/06/23 15:12:57:559 UTC]  INFO delegate.SystemEventsJobDelegate: The event: def55825-d16b-4229-86f6-ddcbea757404, has been skipped on the server: 191e673c-59d7-476c-892b-420ac8006bd5
[19/06/23 15:12:57:559 UTC]  INFO delegate.SystemEventsJobDelegate: The event: e457b65d-aecf-4349-aac7-950cc3b3f2ed, has been skipped on the server: 191e673c-59d7-476c-892b-420ac8006bd5
[19/06/23 15:12:57:741 UTC]  INFO concurrent.Debouncer: Debouncing : invalidateGraphSchema after 5000 MILLISECONDS
[19/06/23 15:12:59:803 UTC]  INFO timedcache.TimedCacheProvider: ***	 Building Cache : esquerycache, size:10000, seconds:3600,Concurrency:32 (every 60000 millis)
[19/06/23 15:13:00:131 UTC]  INFO apps.SecretsKeyStoreHelper: KeyStore loaded successfully after `1` tries.
[19/06/23 15:13:00:215 UTC]  INFO apps.SecretsKeyStoreHelper: KeyStore loaded successfully after `1` tries.
[19/06/23 15:13:00:270 UTC]  INFO apps.SecretsKeyStoreHelper: KeyStore loaded successfully after `1` tries.
[19/06/23 15:13:00:597 UTC] ERROR business.PublisherQueueJob: An error occurred when trying to publish bundles: null
java.lang.NullPointerException: null
	at com.dotcms.publisher.business.PublisherQueueJob.updateBundleStatus(PublisherQueueJob.java:328) ~[dotcms_master_811bc97.jar:?]
	at com.dotcms.publisher.business.PublisherQueueJob.updateAuditStatus(PublisherQueueJob.java:241) ~[dotcms_master_811bc97.jar:?]
	at com.dotcms.publisher.business.PublisherQueueJob.execute(PublisherQueueJob.java:125) ~[dotcms_master_811bc97.jar:?]
	at org.quartz.core.JobRunShell.run(JobRunShell.java:223) ~[dot.quartz-all-1.8.6_2.jar:?]
	at org.quartz.simpl.SimpleThreadPool$WorkerThread.run(SimpleThreadPool.java:549) ~[dot.quartz-all-1.8.6_2.jar:?]
[19/06/23 15:13:02:916 UTC]  INFO util.PushPublishLogger: class com.dotcms.rest.PushPublisherJob : [BundleID: _dotPageContent_test-01FNRS68FETJPPDHY6PJ9SA9ZQ.tar.gz] Finished bundle publish process
[19/06/23 15:13:02:916 UTC]  INFO rest.PushPublisherJob: Finished bundle publish process
[19/06/23 15:13:03:155 UTC]  INFO apps.SecretsKeyStoreHelper: KeyStore loaded successfully after `1` tries.
[19/06/23 15:13:06:193 UTC]  INFO util.SecurityLogger: class com.dotmarketing.cms.login.factories.LoginFactory : User admin@dotcms.com has sucessfully logged in from IP: 172.19.0.1 -- ip:172.19.0.1,user:Admin User [ID: dotcms.org.1][email:admin@dotcms.com]
[19/06/23 15:13:06:310 UTC]  INFO servlet.ServletToolboxManager: Trying config file '/WEB-INF/toolbox.xml'
[19/06/23 15:13:06:499 UTC]  INFO servlet.ServletToolboxManager: Toolbox setup complete.
[19/06/23 15:13:09:721 UTC]  INFO reindex.ReindexThread: --- ReindexThread Paused (every 3600000 millis)
[19/06/23 15:13:12:676 UTC]  INFO util.SecurityLogger: class com.dotcms.cms.login.LoginServiceAPIFactory$LoginServiceImpl : User dotcms.org.1 has successfully login from IP: 172.19.0.1 -- ip:172.19.0.1,user:Admin User [ID: dotcms.org.1][email:admin@dotcms.com]
[19/06/23 15:13:12:688 UTC]  INFO business.IdentifierAPIImpl: Creating new identifier for versionable asset of type `containers` and title `ToBeDeletedContainer1` 
[19/06/23 15:13:12:725 UTC]  INFO business.DeterministicIdentifierAPIImpl: hashing id: container:demo.dotcms.com/tobedeletedcontainer1 to 2f34d0fe032eed599600e7a78d32d3ef
[19/06/23 15:13:12:727 UTC]  WARN shorty.ShortyIdAPIImpl: An error occurred when getting shorty value for '' of type 'CONTENT': shorty  is not a short id.  Short Ids should be 10 chars in length
[19/06/23 15:13:12:743 UTC]  INFO util.ActivityLogger: class com.dotcms.rest.api.v1.container.ContainerResource: demo.dotcms.com : Save Container , User dotcms.org.1 savedToBeDeletedContainer1
[19/06/23 15:13:12:841 UTC]  INFO util.ActivityLogger: class com.dotcms.rest.api.v1.container.ContainerResource: system : Publish Container , User dotcms.org.1 published container: 2f34d0fe032eed599600e7a78d32d3ef
[19/06/23 15:13:18:979 UTC]  INFO util.SecurityLogger: class com.dotmarketing.cms.login.factories.LoginFactory : User admin@dotcms.com has sucessfully logged in from IP: 172.19.0.1 -- ip:172.19.0.1,user:Admin User [ID: dotcms.org.1][email:admin@dotcms.com]
[19/06/23 15:13:18:984 UTC]  INFO business.IdentifierAPIImpl: Creating new identifier for versionable asset of type `containers` and title `ToBeDeletedContainer2` 
[19/06/23 15:13:18:984 UTC]  INFO business.DeterministicIdentifierAPIImpl: hashing id: container:demo.dotcms.com/tobedeletedcontainer2 to a7992b4f1dc8dd40bbdb2dba56302fa0
[19/06/23 15:13:18:990 UTC]  WARN shorty.ShortyIdAPIImpl: An error occurred when getting shorty value for '' of type 'CONTENT': shorty  is not a short id.  Short Ids should be 10 chars in length
[19/06/23 15:13:19:013 UTC]  INFO util.ActivityLogger: class com.dotcms.rest.api.v1.container.ContainerResource: demo.dotcms.com : Save Container , User dotcms.org.1 savedToBeDeletedContainer2
[19/06/23 15:13:19:032 UTC]  INFO util.ActivityLogger: class com.dotcms.rest.api.v1.container.ContainerResource: system : Publish Container , User dotcms.org.1 published container: a7992b4f1dc8dd40bbdb2dba56302fa0
[19/06/23 15:13:25:103 UTC]  INFO util.SecurityLogger: class com.dotmarketing.cms.login.factories.LoginFactory : User admin@dotcms.com has sucessfully logged in from IP: 172.19.0.1 -- ip:172.19.0.1,user:Admin User [ID: dotcms.org.1][email:admin@dotcms.com]
[19/06/23 15:13:28:175 UTC]  INFO util.SecurityLogger: class com.dotmarketing.cms.login.factories.LoginFactory : User admin@dotcms.com has sucessfully logged in from IP: 172.19.0.1 -- ip:172.19.0.1,user:Admin User [ID: dotcms.org.1][email:admin@dotcms.com]
[19/06/23 15:13:31:243 UTC]  INFO util.ActivityLogger: class com.dotcms.rest.api.v1.container.ContainerResource: system : Delete Container Action , User dotcms.org.1 deleted template: 2f34d0fe032eed599600e7a78d32d3ef
[19/06/23 15:13:34:285 UTC]  INFO util.ActivityLogger: class com.dotcms.rest.api.v1.container.ContainerResource: system : Delete Container Action , User dotcms.org.1 deleted template: a7992b4f1dc8dd40bbdb2dba56302fa0
[19/06/23 15:13:37:355 UTC]  INFO util.SecurityLogger: class com.dotmarketing.cms.login.factories.LoginFactory : User admin@dotcms.com has sucessfully logged in from IP: 172.19.0.1 -- ip:172.19.0.1,user:Admin User [ID: dotcms.org.1][email:admin@dotcms.com]
[19/06/23 15:13:37:361 UTC]  INFO business.IdentifierAPIImpl: Creating new identifier for versionable asset of type `containers` and title `ToBePublishedContainer1` 
[19/06/23 15:13:37:362 UTC]  INFO business.DeterministicIdentifierAPIImpl: hashing id: container:demo.dotcms.com/tobepublishedcontainer1 to b390bf4b28dbaa960a7255e5501c800d
[19/06/23 15:13:37:365 UTC]  WARN shorty.ShortyIdAPIImpl: An error occurred when getting shorty value for '' of type 'CONTENT': shorty  is not a short id.  Short Ids should be 10 chars in length
[19/06/23 15:13:37:388 UTC]  INFO util.ActivityLogger: class com.dotcms.rest.api.v1.container.ContainerResource: demo.dotcms.com : Save Container , User dotcms.org.1 savedToBePublishedContainer1
[19/06/23 15:13:37:410 UTC]  INFO util.ActivityLogger: class com.dotcms.rest.api.v1.container.ContainerResource: system : Publish Container , User dotcms.org.1 published container: b390bf4b28dbaa960a7255e5501c800d
[19/06/23 15:13:43:492 UTC]  INFO util.SecurityLogger: class com.dotmarketing.cms.login.factories.LoginFactory : User admin@dotcms.com has sucessfully logged in from IP: 172.19.0.1 -- ip:172.19.0.1,user:Admin User [ID: dotcms.org.1][email:admin@dotcms.com]
[19/06/23 15:13:43:504 UTC]  INFO business.IdentifierAPIImpl: Creating new identifier for versionable asset of type `containers` and title `ToBePublishedContainer2` 
[19/06/23 15:13:43:505 UTC]  INFO business.DeterministicIdentifierAPIImpl: hashing id: container:demo.dotcms.com/tobepublishedcontainer2 to 85841330c67d14b42d406b81df3deb83
[19/06/23 15:13:43:507 UTC]  WARN shorty.ShortyIdAPIImpl: An error occurred when getting shorty value for '' of type 'CONTENT': shorty  is not a short id.  Short Ids should be 10 chars in length
[19/06/23 15:13:43:537 UTC]  INFO util.ActivityLogger: class com.dotcms.rest.api.v1.container.ContainerResource: demo.dotcms.com : Save Container , User dotcms.org.1 savedToBePublishedContainer2
[19/06/23 15:13:43:571 UTC]  INFO util.ActivityLogger: class com.dotcms.rest.api.v1.container.ContainerResource: system : Publish Container , User dotcms.org.1 published container: 85841330c67d14b42d406b81df3deb83
[19/06/23 15:13:49:657 UTC]  INFO util.SecurityLogger: class com.dotmarketing.cms.login.factories.LoginFactory : User admin@dotcms.com has sucessfully logged in from IP: 172.19.0.1 -- ip:172.19.0.1,user:Admin User [ID: dotcms.org.1][email:admin@dotcms.com]
[19/06/23 15:13:49:666 UTC]  WARN shorty.ShortyIdAPIImpl: An error occurred when getting shorty value for ' ' of type 'CONTENT': shorty   is not a short id.  Short Ids should be 10 chars in length
[19/06/23 15:13:49:666 UTC]  WARN shorty.ShortyIdAPIImpl: An error occurred when getting shorty value for ' ' of type 'CONTENT': shorty   is not a short id.  Short Ids should be 10 chars in length
[19/06/23 15:13:52:718 UTC]  INFO util.SecurityLogger: class com.dotmarketing.cms.login.factories.LoginFactory : User admin@dotcms.com has sucessfully logged in from IP: 172.19.0.1 -- ip:172.19.0.1,user:Admin User [ID: dotcms.org.1][email:admin@dotcms.com]
[19/06/23 15:13:55:773 UTC]  INFO util.SecurityLogger: class com.dotmarketing.cms.login.factories.LoginFactory : User admin@dotcms.com has sucessfully logged in from IP: 172.19.0.1 -- ip:172.19.0.1,user:Admin User [ID: dotcms.org.1][email:admin@dotcms.com]
[19/06/23 15:13:58:793 UTC]  INFO util.ActivityLogger: class com.dotcms.rest.api.v1.container.ContainerResource: system : Publish Container Action , User dotcms.org.1 published container: b390bf4b28dbaa960a7255e5501c800d
[19/06/23 15:14:00:012 UTC]  INFO timedcache.TimedCacheProvider: ***	 Building Cache : esquerycache, size:10000, seconds:3600,Concurrency:32 (every 60000 millis)
[19/06/23 15:14:01:823 UTC]  INFO util.ActivityLogger: class com.dotcms.rest.api.v1.container.ContainerResource: system : Publish Container Action , User dotcms.org.1 published container: 85841330c67d14b42d406b81df3deb83
[19/06/23 15:14:04:879 UTC]  INFO util.SecurityLogger: class com.dotmarketing.cms.login.factories.LoginFactory : User admin@dotcms.com has sucessfully logged in from IP: 172.19.0.1 -- ip:172.19.0.1,user:Admin User [ID: dotcms.org.1][email:admin@dotcms.com]
[19/06/23 15:14:04:884 UTC]  INFO business.IdentifierAPIImpl: Creating new identifier for versionable asset of type `containers` and title `ToBeUnpublishedContainer1` 
[19/06/23 15:14:04:884 UTC]  INFO business.DeterministicIdentifierAPIImpl: hashing id: container:demo.dotcms.com/tobeunpublishedcontainer1 to 571a3e4c6387eb476dae67623acf64ad
[19/06/23 15:14:04:888 UTC]  WARN shorty.ShortyIdAPIImpl: An error occurred when getting shorty value for '' of type 'CONTENT': shorty  is not a short id.  Short Ids should be 10 chars in length
[19/06/23 15:14:04:903 UTC]  INFO util.ActivityLogger: class com.dotcms.rest.api.v1.container.ContainerResource: demo.dotcms.com : Save Container , User dotcms.org.1 savedToBeUnpublishedContainer1
[19/06/23 15:14:04:914 UTC]  INFO util.ActivityLogger: class com.dotcms.rest.api.v1.container.ContainerResource: system : Publish Container , User dotcms.org.1 published container: 571a3e4c6387eb476dae67623acf64ad
[19/06/23 15:14:10:983 UTC]  INFO util.SecurityLogger: class com.dotmarketing.cms.login.factories.LoginFactory : User admin@dotcms.com has sucessfully logged in from IP: 172.19.0.1 -- ip:172.19.0.1,user:Admin User [ID: dotcms.org.1][email:admin@dotcms.com]
[19/06/23 15:14:10:988 UTC]  INFO business.IdentifierAPIImpl: Creating new identifier for versionable asset of type `containers` and title `ToBeUnpublishedContainer2` 
[19/06/23 15:14:10:994 UTC]  INFO business.DeterministicIdentifierAPIImpl: hashing id: container:demo.dotcms.com/tobeunpublishedcontainer2 to 74879f4ce8f9d5bc088daa6040e304ab
[19/06/23 15:14:10:996 UTC]  WARN shorty.ShortyIdAPIImpl: An error occurred when getting shorty value for '' of type 'CONTENT': shorty  is not a short id.  Short Ids should be 10 chars in length
[19/06/23 15:14:11:018 UTC]  INFO util.ActivityLogger: class com.dotcms.rest.api.v1.container.ContainerResource: demo.dotcms.com : Save Container , User dotcms.org.1 savedToBeUnpublishedContainer2
[19/06/23 15:14:11:036 UTC]  INFO util.ActivityLogger: class com.dotcms.rest.api.v1.container.ContainerResource: system : Publish Container , User dotcms.org.1 published container: 74879f4ce8f9d5bc088daa6040e304ab
[19/06/23 15:14:17:100 UTC]  INFO util.SecurityLogger: class com.dotmarketing.cms.login.factories.LoginFactory : User admin@dotcms.com has sucessfully logged in from IP: 172.19.0.1 -- ip:172.19.0.1,user:Admin User [ID: dotcms.org.1][email:admin@dotcms.com]
[19/06/23 15:14:17:113 UTC]  WARN shorty.ShortyIdAPIImpl: An error occurred when getting shorty value for ' ' of type 'CONTENT': shorty   is not a short id.  Short Ids should be 10 chars in length
[19/06/23 15:14:17:115 UTC]  WARN shorty.ShortyIdAPIImpl: An error occurred when getting shorty value for ' ' of type 'CONTENT': shorty   is not a short id.  Short Ids should be 10 chars in length
[19/06/23 15:14:20:157 UTC]  INFO util.SecurityLogger: class com.dotmarketing.cms.login.factories.LoginFactory : User admin@dotcms.com has sucessfully logged in from IP: 172.19.0.1 -- ip:172.19.0.1,user:Admin User [ID: dotcms.org.1][email:admin@dotcms.com]
[19/06/23 15:14:23:208 UTC]  INFO util.SecurityLogger: class com.dotmarketing.cms.login.factories.LoginFactory : User admin@dotcms.com has sucessfully logged in from IP: 172.19.0.1 -- ip:172.19.0.1,user:Admin User [ID: dotcms.org.1][email:admin@dotcms.com]
[19/06/23 15:14:26:232 UTC]  INFO util.ActivityLogger: class com.dotcms.rest.api.v1.container.ContainerResource: system : Publish Container Action , User dotcms.org.1 published container: 571a3e4c6387eb476dae67623acf64ad
[19/06/23 15:14:29:250 UTC]  INFO util.ActivityLogger: class com.dotcms.rest.api.v1.container.ContainerResource: system : Publish Container Action , User dotcms.org.1 published container: 74879f4ce8f9d5bc088daa6040e304ab
[19/06/23 15:14:32:321 UTC]  INFO util.SecurityLogger: class com.dotmarketing.cms.login.factories.LoginFactory : User admin@dotcms.com has sucessfully logged in from IP: 172.19.0.1 -- ip:172.19.0.1,user:Admin User [ID: dotcms.org.1][email:admin@dotcms.com]
[19/06/23 15:14:35:346 UTC]  INFO util.ActivityLogger: class com.dotcms.rest.api.v1.container.ContainerResource: system : Unpublish Container Action , User dotcms.org.1 unpublished container: 571a3e4c6387eb476dae67623acf64ad
[19/06/23 15:14:38:359 UTC]  INFO util.ActivityLogger: class com.dotcms.rest.api.v1.container.ContainerResource: system : Unpublish Container Action , User dotcms.org.1 unpublished container: 74879f4ce8f9d5bc088daa6040e304ab
[19/06/23 15:14:41:431 UTC]  INFO util.SecurityLogger: class com.dotmarketing.cms.login.factories.LoginFactory : User admin@dotcms.com has sucessfully logged in from IP: 172.19.0.1 -- ip:172.19.0.1,user:Admin User [ID: dotcms.org.1][email:admin@dotcms.com]
[19/06/23 15:14:41:449 UTC]  INFO business.IdentifierAPIImpl: Creating new identifier for versionable asset of type `containers` and title `ToBeArchivedContainer1` 
[19/06/23 15:14:41:449 UTC]  INFO business.DeterministicIdentifierAPIImpl: hashing id: container:demo.dotcms.com/tobearchivedcontainer1 to 7111ed09153f00150f04b348251cecfe
[19/06/23 15:14:41:456 UTC]  WARN shorty.ShortyIdAPIImpl: An error occurred when getting shorty value for '' of type 'CONTENT': shorty  is not a short id.  Short Ids should be 10 chars in length
[19/06/23 15:14:41:479 UTC]  INFO util.ActivityLogger: class com.dotcms.rest.api.v1.container.ContainerResource: demo.dotcms.com : Save Container , User dotcms.org.1 savedToBeArchivedContainer1
[19/06/23 15:14:41:499 UTC]  INFO util.ActivityLogger: class com.dotcms.rest.api.v1.container.ContainerResource: system : Publish Container , User dotcms.org.1 published container: 7111ed09153f00150f04b348251cecfe
[19/06/23 15:14:47:567 UTC]  INFO util.SecurityLogger: class com.dotmarketing.cms.login.factories.LoginFactory : User admin@dotcms.com has sucessfully logged in from IP: 172.19.0.1 -- ip:172.19.0.1,user:Admin User [ID: dotcms.org.1][email:admin@dotcms.com]
[19/06/23 15:14:47:575 UTC]  INFO business.IdentifierAPIImpl: Creating new identifier for versionable asset of type `containers` and title `ToBeArchivedContainer2` 
[19/06/23 15:14:47:576 UTC]  INFO business.DeterministicIdentifierAPIImpl: hashing id: container:demo.dotcms.com/tobearchivedcontainer2 to ff8a4035f1094ae84d820fbbc5278f04
[19/06/23 15:14:47:577 UTC]  WARN shorty.ShortyIdAPIImpl: An error occurred when getting shorty value for '' of type 'CONTENT': shorty  is not a short id.  Short Ids should be 10 chars in length
[19/06/23 15:14:47:596 UTC]  INFO util.ActivityLogger: class com.dotcms.rest.api.v1.container.ContainerResource: demo.dotcms.com : Save Container , User dotcms.org.1 savedToBeArchivedContainer2
[19/06/23 15:14:47:613 UTC]  INFO util.ActivityLogger: class com.dotcms.rest.api.v1.container.ContainerResource: system : Publish Container , User dotcms.org.1 published container: ff8a4035f1094ae84d820fbbc5278f04
[19/06/23 15:14:53:674 UTC]  INFO util.SecurityLogger: class com.dotmarketing.cms.login.factories.LoginFactory : User admin@dotcms.com has sucessfully logged in from IP: 172.19.0.1 -- ip:172.19.0.1,user:Admin User [ID: dotcms.org.1][email:admin@dotcms.com]
[19/06/23 15:14:56:689 UTC]  INFO util.ActivityLogger: class com.dotcms.rest.api.v1.container.ContainerResource: system : Unpublish Container Action , User dotcms.org.1 unpublished container: 7111ed09153f00150f04b348251cecfe
[19/06/23 15:14:59:707 UTC]  INFO util.ActivityLogger: class com.dotcms.rest.api.v1.container.ContainerResource: system : Unpublish Container Action , User dotcms.org.1 unpublished container: ff8a4035f1094ae84d820fbbc5278f04
[19/06/23 15:15:02:757 UTC]  INFO util.SecurityLogger: class com.dotmarketing.cms.login.factories.LoginFactory : User admin@dotcms.com has sucessfully logged in from IP: 172.19.0.1 -- ip:172.19.0.1,user:Admin User [ID: dotcms.org.1][email:admin@dotcms.com]
[19/06/23 15:15:02:763 UTC]  WARN shorty.ShortyIdAPIImpl: An error occurred when getting shorty value for ' ' of type 'CONTENT': shorty   is not a short id.  Short Ids should be 10 chars in length
[19/06/23 15:15:02:764 UTC]  WARN shorty.ShortyIdAPIImpl: An error occurred when getting shorty value for ' ' of type 'CONTENT': shorty   is not a short id.  Short Ids should be 10 chars in length
[19/06/23 15:15:05:813 UTC]  INFO util.SecurityLogger: class com.dotmarketing.cms.login.factories.LoginFactory : User admin@dotcms.com has sucessfully logged in from IP: 172.19.0.1 -- ip:172.19.0.1,user:Admin User [ID: dotcms.org.1][email:admin@dotcms.com]
[19/06/23 15:15:08:866 UTC]  INFO util.SecurityLogger: class com.dotmarketing.cms.login.factories.LoginFactory : User admin@dotcms.com has sucessfully logged in from IP: 172.19.0.1 -- ip:172.19.0.1,user:Admin User [ID: dotcms.org.1][email:admin@dotcms.com]
[19/06/23 15:15:11:884 UTC]  INFO util.ActivityLogger: class com.dotcms.rest.api.v1.container.ContainerResource: system : Archive Container Action , User dotcms.org.1 archived container: 7111ed09153f00150f04b348251cecfe
[19/06/23 15:15:14:895 UTC]  INFO util.ActivityLogger: class com.dotcms.rest.api.v1.container.ContainerResource: system : Archive Container Action , User dotcms.org.1 archived container: ff8a4035f1094ae84d820fbbc5278f04
[19/06/23 15:15:17:948 UTC]  INFO util.SecurityLogger: class com.dotmarketing.cms.login.factories.LoginFactory : User admin@dotcms.com has sucessfully logged in from IP: 172.19.0.1 -- ip:172.19.0.1,user:Admin User [ID: dotcms.org.1][email:admin@dotcms.com]
[19/06/23 15:15:17:956 UTC]  INFO business.IdentifierAPIImpl: Creating new identifier for versionable asset of type `containers` and title `ToBeUnarchivedContainer1` 
[19/06/23 15:15:17:957 UTC]  INFO business.DeterministicIdentifierAPIImpl: hashing id: container:demo.dotcms.com/tobeunarchivedcontainer1 to 943256b9388e48036fd781f23748f7de
[19/06/23 15:15:17:959 UTC]  WARN shorty.ShortyIdAPIImpl: An error occurred when getting shorty value for '' of type 'CONTENT': shorty  is not a short id.  Short Ids should be 10 chars in length
[19/06/23 15:15:17:968 UTC]  INFO util.ActivityLogger: class com.dotcms.rest.api.v1.container.ContainerResource: demo.dotcms.com : Save Container , User dotcms.org.1 savedToBeUnarchivedContainer1
[19/06/23 15:15:17:981 UTC]  INFO util.ActivityLogger: class com.dotcms.rest.api.v1.container.ContainerResource: system : Publish Container , User dotcms.org.1 published container: 943256b9388e48036fd781f23748f7de
[19/06/23 15:15:24:045 UTC]  INFO util.SecurityLogger: class com.dotmarketing.cms.login.factories.LoginFactory : User admin@dotcms.com has sucessfully logged in from IP: 172.19.0.1 -- ip:172.19.0.1,user:Admin User [ID: dotcms.org.1][email:admin@dotcms.com]
[19/06/23 15:15:24:050 UTC]  INFO business.IdentifierAPIImpl: Creating new identifier for versionable asset of type `containers` and title `ToBeUnarchivedContainer2` 
[19/06/23 15:15:24:050 UTC]  INFO business.DeterministicIdentifierAPIImpl: hashing id: container:demo.dotcms.com/tobeunarchivedcontainer2 to f7651c2950a22c30435b251b93e82db4
[19/06/23 15:15:24:052 UTC]  WARN shorty.ShortyIdAPIImpl: An error occurred when getting shorty value for '' of type 'CONTENT': shorty  is not a short id.  Short Ids should be 10 chars in length
[19/06/23 15:15:24:066 UTC]  INFO util.ActivityLogger: class com.dotcms.rest.api.v1.container.ContainerResource: demo.dotcms.com : Save Container , User dotcms.org.1 savedToBeUnarchivedContainer2
[19/06/23 15:15:24:077 UTC]  INFO util.ActivityLogger: class com.dotcms.rest.api.v1.container.ContainerResource: system : Publish Container , User dotcms.org.1 published container: f7651c2950a22c30435b251b93e82db4
[19/06/23 15:15:30:126 UTC]  INFO util.SecurityLogger: class com.dotmarketing.cms.login.factories.LoginFactory : User admin@dotcms.com has sucessfully logged in from IP: 172.19.0.1 -- ip:172.19.0.1,user:Admin User [ID: dotcms.org.1][email:admin@dotcms.com]
[19/06/23 15:15:33:141 UTC]  INFO util.ActivityLogger: class com.dotcms.rest.api.v1.container.ContainerResource: system : Unpublish Container Action , User dotcms.org.1 unpublished container: 943256b9388e48036fd781f23748f7de
[19/06/23 15:15:36:153 UTC]  INFO util.ActivityLogger: class com.dotcms.rest.api.v1.container.ContainerResource: system : Unpublish Container Action , User dotcms.org.1 unpublished container: f7651c2950a22c30435b251b93e82db4
[19/06/23 15:15:39:210 UTC]  INFO util.SecurityLogger: class com.dotmarketing.cms.login.factories.LoginFactory : User admin@dotcms.com has sucessfully logged in from IP: 172.19.0.1 -- ip:172.19.0.1,user:Admin User [ID: dotcms.org.1][email:admin@dotcms.com]
[19/06/23 15:15:39:224 UTC]  WARN shorty.ShortyIdAPIImpl: An error occurred when getting shorty value for ' ' of type 'CONTENT': shorty   is not a short id.  Short Ids should be 10 chars in length
[19/06/23 15:15:39:225 UTC]  WARN shorty.ShortyIdAPIImpl: An error occurred when getting shorty value for ' ' of type 'CONTENT': shorty   is not a short id.  Short Ids should be 10 chars in length
[19/06/23 15:15:42:277 UTC]  INFO util.SecurityLogger: class com.dotmarketing.cms.login.factories.LoginFactory : User admin@dotcms.com has sucessfully logged in from IP: 172.19.0.1 -- ip:172.19.0.1,user:Admin User [ID: dotcms.org.1][email:admin@dotcms.com]
[19/06/23 15:15:45:333 UTC]  INFO util.SecurityLogger: class com.dotmarketing.cms.login.factories.LoginFactory : User admin@dotcms.com has sucessfully logged in from IP: 172.19.0.1 -- ip:172.19.0.1,user:Admin User [ID: dotcms.org.1][email:admin@dotcms.com]
[19/06/23 15:15:48:353 UTC]  INFO util.ActivityLogger: class com.dotcms.rest.api.v1.container.ContainerResource: system : Archive Container Action , User dotcms.org.1 archived container: 943256b9388e48036fd781f23748f7de
[19/06/23 15:15:51:363 UTC]  INFO util.ActivityLogger: class com.dotcms.rest.api.v1.container.ContainerResource: system : Archive Container Action , User dotcms.org.1 archived container: f7651c2950a22c30435b251b93e82db4
[19/06/23 15:15:54:414 UTC]  INFO util.SecurityLogger: class com.dotmarketing.cms.login.factories.LoginFactory : User admin@dotcms.com has sucessfully logged in from IP: 172.19.0.1 -- ip:172.19.0.1,user:Admin User [ID: dotcms.org.1][email:admin@dotcms.com]
[19/06/23 15:15:57:436 UTC]  INFO util.ActivityLogger: class com.dotcms.rest.api.v1.container.ContainerResource: system : Unarchive Container Action , User dotcms.org.1 unarchived container: 943256b9388e48036fd781f23748f7de
[19/06/23 15:16:00:442 UTC]  INFO util.ActivityLogger: class com.dotcms.rest.api.v1.container.ContainerResource: system : Unarchive Container Action , User dotcms.org.1 unarchived container: f7651c2950a22c30435b251b93e82db4
[19/06/23 15:16:03:519 UTC]  INFO util.SecurityLogger: class com.dotmarketing.cms.login.factories.LoginFactory : User admin@dotcms.com has sucessfully logged in from IP: 172.19.0.1 -- ip:172.19.0.1,user:Admin User [ID: dotcms.org.1][email:admin@dotcms.com]
[19/06/23 15:16:03:526 UTC]  INFO business.IdentifierAPIImpl: Creating new identifier for versionable asset of type `containers` and title `abcd` 
[19/06/23 15:16:03:526 UTC]  INFO business.DeterministicIdentifierAPIImpl: hashing id: container:demo.dotcms.com/abcd to 5c6c7714fa2cd12830d0d422d2145e6d
[19/06/23 15:16:03:527 UTC]  WARN shorty.ShortyIdAPIImpl: An error occurred when getting shorty value for '' of type 'CONTENT': shorty  is not a short id.  Short Ids should be 10 chars in length
[19/06/23 15:16:03:542 UTC]  INFO util.ActivityLogger: class com.dotcms.rest.api.v1.container.ContainerResource: demo.dotcms.com : Save Container , User dotcms.org.1 savedabcd
[19/06/23 15:16:03:564 UTC]  INFO util.ActivityLogger: class com.dotcms.rest.api.v1.container.ContainerResource: system : Publish Container , User dotcms.org.1 published container: 5c6c7714fa2cd12830d0d422d2145e6d
[19/06/23 15:16:09:622 UTC]  INFO util.SecurityLogger: class com.dotmarketing.cms.login.factories.LoginFactory : User admin@dotcms.com has sucessfully logged in from IP: 172.19.0.1 -- ip:172.19.0.1,user:Admin User [ID: dotcms.org.1][email:admin@dotcms.com]
[19/06/23 15:16:09:633 UTC]  INFO util.ActivityLogger: class com.dotcms.rest.api.v1.container.ContainerResource: demo.dotcms.com : Copy Container , User dotcms.org.1 container: 5c6c7714fa2cd12830d0d422d2145e6d
[19/06/23 15:16:09:645 UTC]  INFO business.IdentifierAPIImpl: Creating new identifier for versionable asset of type `containers` and title `abcd (COPY)` 
[19/06/23 15:16:09:645 UTC]  INFO business.DeterministicIdentifierAPIImpl: hashing id: container:demo.dotcms.com/abcd (copy) to 14fa510f19acc7dc2bc47b7f0307951e
[19/06/23 15:16:09:647 UTC]  WARN shorty.ShortyIdAPIImpl: An error occurred when getting shorty value for '' of type 'CONTENT': shorty  is not a short id.  Short Ids should be 10 chars in length
[19/06/23 15:16:09:674 UTC]  WARN business.PermissionCacheImpl:  !!! Putting an empty list of permissions in the cache for asset:5c6c7714fa2cd12830d0d422d2145e6d. Every asset should have at least 1 permission (or inherited permission) associated with it
[19/06/23 15:16:15:728 UTC]  INFO util.SecurityLogger: class com.dotmarketing.cms.login.factories.LoginFactory : User admin@dotcms.com has sucessfully logged in from IP: 172.19.0.1 -- ip:172.19.0.1,user:Admin User [ID: dotcms.org.1][email:admin@dotcms.com]
[19/06/23 15:16:15:789 UTC]  WARN mapper.ResourceNotFoundExceptionMapper: Can't find Container:12345678-abcd-1234-abcd-123456789abc
org.apache.velocity.exception.ResourceNotFoundException: Can't find Container:12345678-abcd-1234-abcd-123456789abc
	at com.dotcms.rest.api.v1.container.ContainerResource.lambda$getContainer$1(ContainerResource.java:502) ~[dotcms_master_811bc97.jar:?]
	at java.util.Optional.orElseGet(Optional.java:369) ~[?:?]
	at com.dotcms.rest.api.v1.container.ContainerResource.getContainer(ContainerResource.java:501) ~[dotcms_master_811bc97.jar:?]
	at com.dotcms.rest.api.v1.container.ContainerResource.getContainer(ContainerResource.java:452) ~[dotcms_master_811bc97.jar:?]
	at com.dotcms.rest.api.v1.container.ContainerResource.getContainerWorking(ContainerResource.java:435) ~[dotcms_master_811bc97.jar:?]
	at com.dotcms.rest.api.v1.container.ContainerResource.copy(ContainerResource.java:1161) ~[dotcms_master_811bc97.jar:?]
	at jdk.internal.reflect.NativeMethodAccessorImpl.invoke0(Native Method) ~[?:?]
	at jdk.internal.reflect.NativeMethodAccessorImpl.invoke(NativeMethodAccessorImpl.java:62) ~[?:?]
	at jdk.internal.reflect.DelegatingMethodAccessorImpl.invoke(DelegatingMethodAccessorImpl.java:43) ~[?:?]
	at java.lang.reflect.Method.invoke(Method.java:566) ~[?:?]
	at org.glassfish.jersey.server.model.internal.ResourceMethodInvocationHandlerFactory$1.invoke(ResourceMethodInvocationHandlerFactory.java:81) ~[jersey-server-2.22.1.jar:?]
	at org.glassfish.jersey.server.model.internal.AbstractJavaResourceMethodDispatcher$1.run(AbstractJavaResourceMethodDispatcher.java:144) ~[jersey-server-2.22.1.jar:?]
	at org.glassfish.jersey.server.model.internal.AbstractJavaResourceMethodDispatcher.invoke(AbstractJavaResourceMethodDispatcher.java:161) ~[jersey-server-2.22.1.jar:?]
	at org.glassfish.jersey.server.model.internal.JavaResourceMethodDispatcherProvider$TypeOutInvoker.doDispatch(JavaResourceMethodDispatcherProvider.java:205) ~[jersey-server-2.22.1.jar:?]
	at org.glassfish.jersey.server.model.internal.AbstractJavaResourceMethodDispatcher.dispatch(AbstractJavaResourceMethodDispatcher.java:99) ~[jersey-server-2.22.1.jar:?]
	at org.glassfish.jersey.server.model.ResourceMethodInvoker.invoke(ResourceMethodInvoker.java:389) ~[jersey-server-2.22.1.jar:?]
	at org.glassfish.jersey.server.model.ResourceMethodInvoker.apply(ResourceMethodInvoker.java:347) ~[jersey-server-2.22.1.jar:?]
	at org.glassfish.jersey.server.model.ResourceMethodInvoker.apply(ResourceMethodInvoker.java:102) ~[jersey-server-2.22.1.jar:?]
	at org.glassfish.jersey.server.ServerRuntime$2.run(ServerRuntime.java:326) ~[jersey-server-2.22.1.jar:?]
	at org.glassfish.jersey.internal.Errors$1.call(Errors.java:271) ~[jersey-common-2.22.1.jar:?]
	at org.glassfish.jersey.internal.Errors$1.call(Errors.java:267) ~[jersey-common-2.22.1.jar:?]
	at org.glassfish.jersey.internal.Errors.process(Errors.java:315) ~[jersey-common-2.22.1.jar:?]
	at org.glassfish.jersey.internal.Errors.process(Errors.java:297) ~[jersey-common-2.22.1.jar:?]
	at org.glassfish.jersey.internal.Errors.process(Errors.java:267) ~[jersey-common-2.22.1.jar:?]
	at org.glassfish.jersey.process.internal.RequestScope.runInScope(RequestScope.java:317) ~[jersey-common-2.22.1.jar:?]
	at org.glassfish.jersey.server.ServerRuntime.process(ServerRuntime.java:305) ~[jersey-server-2.22.1.jar:?]
	at org.glassfish.jersey.server.ApplicationHandler.handle(ApplicationHandler.java:1154) ~[jersey-server-2.22.1.jar:?]
	at org.glassfish.jersey.servlet.WebComponent.serviceImpl(WebComponent.java:471) ~[jersey-container-servlet-core-2.22.1.jar:?]
	at org.glassfish.jersey.servlet.WebComponent.service(WebComponent.java:425) ~[jersey-container-servlet-core-2.22.1.jar:?]
	at org.glassfish.jersey.servlet.ServletContainer.service(ServletContainer.java:383) ~[jersey-container-servlet-core-2.22.1.jar:?]
	at org.glassfish.jersey.servlet.ServletContainer.service(ServletContainer.java:336) ~[jersey-container-servlet-core-2.22.1.jar:?]
	at org.glassfish.jersey.servlet.ServletContainer.service(ServletContainer.java:223) ~[jersey-container-servlet-core-2.22.1.jar:?]
	at com.dotcms.rest.servlet.ReloadableServletContainer.service(ReloadableServletContainer.java:117) ~[dotcms_master_811bc97.jar:?]
	at org.apache.catalina.core.ApplicationFilterChain.internalDoFilter(ApplicationFilterChain.java:227) ~[catalina.jar:9.0.60]
	at org.apache.catalina.core.ApplicationFilterChain.doFilter(ApplicationFilterChain.java:162) ~[catalina.jar:9.0.60]
	at org.apache.tomcat.websocket.server.WsFilter.doFilter(WsFilter.java:53) ~[tomcat-websocket.jar:9.0.60]
	at org.apache.catalina.core.ApplicationFilterChain.internalDoFilter(ApplicationFilterChain.java:189) ~[catalina.jar:9.0.60]
	at org.apache.catalina.core.ApplicationFilterChain.doFilter(ApplicationFilterChain.java:162) ~[catalina.jar:9.0.60]
	at com.dotmarketing.filters.CMSFilter.doFilterInternal(CMSFilter.java:181) ~[dotcms_master_811bc97.jar:?]
	at com.dotmarketing.filters.CMSFilter.doFilter(CMSFilter.java:61) ~[dotcms_master_811bc97.jar:?]
	at org.apache.catalina.core.ApplicationFilterChain.internalDoFilter(ApplicationFilterChain.java:189) ~[catalina.jar:9.0.60]
	at org.apache.catalina.core.ApplicationFilterChain.doFilter(ApplicationFilterChain.java:162) ~[catalina.jar:9.0.60]
	at com.dotcms.filters.interceptor.AbstractWebInterceptorSupportFilter.doFilter(AbstractWebInterceptorSupportFilter.java:90) ~[dotcms_master_811bc97.jar:?]
	at org.apache.catalina.core.ApplicationFilterChain.internalDoFilter(ApplicationFilterChain.java:189) ~[catalina.jar:9.0.60]
	at org.apache.catalina.core.ApplicationFilterChain.doFilter(ApplicationFilterChain.java:162) ~[catalina.jar:9.0.60]
	at com.dotcms.filters.interceptor.AbstractWebInterceptorSupportFilter.doFilter(AbstractWebInterceptorSupportFilter.java:90) ~[dotcms_master_811bc97.jar:?]
	at org.apache.catalina.core.ApplicationFilterChain.internalDoFilter(ApplicationFilterChain.java:189) ~[catalina.jar:9.0.60]
	at org.apache.catalina.core.ApplicationFilterChain.doFilter(ApplicationFilterChain.java:162) ~[catalina.jar:9.0.60]
	at com.dotcms.visitor.filter.servlet.VisitorFilter.doFilter(VisitorFilter.java:81) ~[dotcms_master_811bc97.jar:?]
	at org.apache.catalina.core.ApplicationFilterChain.internalDoFilter(ApplicationFilterChain.java:189) ~[catalina.jar:9.0.60]
	at org.apache.catalina.core.ApplicationFilterChain.doFilter(ApplicationFilterChain.java:162) ~[catalina.jar:9.0.60]
	at com.dotcms.vanityurl.filters.VanityURLFilter.doFilter(VanityURLFilter.java:114) ~[dotcms_master_811bc97.jar:?]
	at org.apache.catalina.core.ApplicationFilterChain.internalDoFilter(ApplicationFilterChain.java:189) ~[catalina.jar:9.0.60]
	at org.apache.catalina.core.ApplicationFilterChain.doFilter(ApplicationFilterChain.java:162) ~[catalina.jar:9.0.60]
	at org.tuckey.web.filters.urlrewrite.RuleChain.handleRewrite(RuleChain.java:176) ~[urlrewritefilter-4.0.4.jar:4.0.4]
	at org.tuckey.web.filters.urlrewrite.RuleChain.doRules(RuleChain.java:145) ~[urlrewritefilter-4.0.4.jar:4.0.4]
	at org.tuckey.web.filters.urlrewrite.UrlRewriter.processRequest(UrlRewriter.java:92) ~[urlrewritefilter-4.0.4.jar:4.0.4]
	at org.tuckey.web.filters.urlrewrite.UrlRewriteFilter.doFilter(UrlRewriteFilter.java:389) ~[urlrewritefilter-4.0.4.jar:4.0.4]
	at org.apache.catalina.core.ApplicationFilterChain.internalDoFilter(ApplicationFilterChain.java:189) ~[catalina.jar:9.0.60]
	at org.apache.catalina.core.ApplicationFilterChain.doFilter(ApplicationFilterChain.java:162) ~[catalina.jar:9.0.60]
	at com.dotmarketing.filters.TimeMachineFilter.doFilter(TimeMachineFilter.java:67) ~[dotcms_master_811bc97.jar:?]
	at org.apache.catalina.core.ApplicationFilterChain.internalDoFilter(ApplicationFilterChain.java:189) ~[catalina.jar:9.0.60]
	at org.apache.catalina.core.ApplicationFilterChain.doFilter(ApplicationFilterChain.java:162) ~[catalina.jar:9.0.60]
	at com.dotmarketing.filters.ThreadNameFilter.doFilter(ThreadNameFilter.java:88) ~[dotcms_master_811bc97.jar:?]
	at org.apache.catalina.core.ApplicationFilterChain.internalDoFilter(ApplicationFilterChain.java:189) ~[catalina.jar:9.0.60]
	at org.apache.catalina.core.ApplicationFilterChain.doFilter(ApplicationFilterChain.java:162) ~[catalina.jar:9.0.60]
	at com.dotmarketing.filters.CookiesFilter.doFilter(CookiesFilter.java:53) ~[dotcms_master_811bc97.jar:?]
	at org.apache.catalina.core.ApplicationFilterChain.internalDoFilter(ApplicationFilterChain.java:189) ~[catalina.jar:9.0.60]
	at org.apache.catalina.core.ApplicationFilterChain.doFilter(ApplicationFilterChain.java:162) ~[catalina.jar:9.0.60]
	at com.dotmarketing.filters.CharsetEncodingFilter.doFilter(CharsetEncodingFilter.java:99) ~[dotcms_master_811bc97.jar:?]
	at org.apache.catalina.core.ApplicationFilterChain.internalDoFilter(ApplicationFilterChain.java:189) ~[catalina.jar:9.0.60]
	at org.apache.catalina.core.ApplicationFilterChain.doFilter(ApplicationFilterChain.java:162) ~[catalina.jar:9.0.60]
	at com.dotcms.filters.interceptor.AbstractWebInterceptorSupportFilter.doFilter(AbstractWebInterceptorSupportFilter.java:90) ~[dotcms_master_811bc97.jar:?]
	at org.apache.catalina.core.ApplicationFilterChain.internalDoFilter(ApplicationFilterChain.java:189) ~[catalina.jar:9.0.60]
	at org.apache.catalina.core.ApplicationFilterChain.doFilter(ApplicationFilterChain.java:162) ~[catalina.jar:9.0.60]
	at org.apache.catalina.filters.HttpHeaderSecurityFilter.doFilter(HttpHeaderSecurityFilter.java:126) ~[catalina.jar:9.0.60]
	at org.apache.catalina.core.ApplicationFilterChain.internalDoFilter(ApplicationFilterChain.java:189) ~[catalina.jar:9.0.60]
	at org.apache.catalina.core.ApplicationFilterChain.doFilter(ApplicationFilterChain.java:162) ~[catalina.jar:9.0.60]
	at com.dotcms.filters.NormalizationFilter.doFilter(NormalizationFilter.java:89) ~[dotcms_master_811bc97.jar:?]
	at org.apache.catalina.core.ApplicationFilterChain.internalDoFilter(ApplicationFilterChain.java:189) ~[catalina.jar:9.0.60]
	at org.apache.catalina.core.ApplicationFilterChain.doFilter(ApplicationFilterChain.java:162) ~[catalina.jar:9.0.60]
	at org.apache.catalina.core.StandardWrapperValve.invoke(StandardWrapperValve.java:197) ~[catalina.jar:9.0.60]
	at org.apache.catalina.core.StandardContextValve.invoke(StandardContextValve.java:97) ~[catalina.jar:9.0.60]
	at org.apache.catalina.authenticator.AuthenticatorBase.invoke(AuthenticatorBase.java:541) ~[catalina.jar:9.0.60]
	at org.apache.catalina.core.StandardHostValve.invoke(StandardHostValve.java:135) ~[catalina.jar:9.0.60]
	at org.apache.catalina.valves.AbstractAccessLogValve.invoke(AbstractAccessLogValve.java:687) ~[catalina.jar:9.0.60]
	at org.apache.catalina.valves.ErrorReportValve.invoke(ErrorReportValve.java:92) ~[catalina.jar:9.0.60]
	at org.apache.catalina.valves.RemoteIpValve.invoke(RemoteIpValve.java:769) ~[catalina.jar:9.0.60]
	at org.apache.catalina.core.StandardEngineValve.invoke(StandardEngineValve.java:78) ~[catalina.jar:9.0.60]
	at org.apache.catalina.connector.CoyoteAdapter.service(CoyoteAdapter.java:360) ~[catalina.jar:9.0.60]
	at org.apache.coyote.http11.Http11Processor.service(Http11Processor.java:399) ~[tomcat-coyote.jar:9.0.60]
	at org.apache.coyote.AbstractProcessorLight.process(AbstractProcessorLight.java:65) ~[tomcat-coyote.jar:9.0.60]
	at org.apache.coyote.AbstractProtocol$ConnectionHandler.process(AbstractProtocol.java:889) ~[tomcat-coyote.jar:9.0.60]
	at org.apache.tomcat.util.net.Nio2Endpoint$SocketProcessor.doRun(Nio2Endpoint.java:1701) ~[tomcat-coyote.jar:9.0.60]
	at org.apache.tomcat.util.net.SocketProcessorBase.run(SocketProcessorBase.java:49) ~[tomcat-coyote.jar:9.0.60]
	at org.apache.tomcat.util.net.AbstractEndpoint.processSocket(AbstractEndpoint.java:1190) ~[tomcat-coyote.jar:9.0.60]
	at org.apache.tomcat.util.net.Nio2Endpoint$Nio2SocketWrapper$2.completed(Nio2Endpoint.java:633) ~[tomcat-coyote.jar:9.0.60]
	at org.apache.tomcat.util.net.Nio2Endpoint$Nio2SocketWrapper$2.completed(Nio2Endpoint.java:611) ~[tomcat-coyote.jar:9.0.60]
	at sun.nio.ch.Invoker.invokeUnchecked(Invoker.java:127) ~[?:?]
	at sun.nio.ch.UnixAsynchronousSocketChannelImpl.finishRead(UnixAsynchronousSocketChannelImpl.java:439) ~[?:?]
	at sun.nio.ch.UnixAsynchronousSocketChannelImpl.finish(UnixAsynchronousSocketChannelImpl.java:191) ~[?:?]
	at sun.nio.ch.UnixAsynchronousSocketChannelImpl.onEvent(UnixAsynchronousSocketChannelImpl.java:213) ~[?:?]
	at sun.nio.ch.EPollPort$EventHandlerTask.run(EPollPort.java:306) ~[?:?]
	at sun.nio.ch.AsynchronousChannelGroupImpl$1.run(AsynchronousChannelGroupImpl.java:112) ~[?:?]
	at java.util.concurrent.ThreadPoolExecutor.runWorker(ThreadPoolExecutor.java:1128) ~[?:?]
	at java.util.concurrent.ThreadPoolExecutor$Worker.run(ThreadPoolExecutor.java:628) ~[?:?]
	at java.lang.Thread.run(Thread.java:829) [?:?]
[19/06/23 15:16:18:836 UTC]  INFO util.SecurityLogger: class com.dotmarketing.cms.login.factories.LoginFactory : User admin@dotcms.com has sucessfully logged in from IP: 172.19.0.1 -- ip:172.19.0.1,user:Admin User [ID: dotcms.org.1][email:admin@dotcms.com]
[19/06/23 15:16:18:860 UTC]  INFO util.SecurityLogger: class com.dotcms.rest.exception.mapper.DotBadRequestExceptionMapper : The container id is required -- ip:172.19.0.1,user:Admin User [ID: dotcms.org.1][email:admin@dotcms.com]
[19/06/23 15:16:18:864 UTC]  WARN struts.MultiMessageResources: Duplicate resource property definition (key=was ==> is now): contenttypes.content.copy=Copy ==> Copy
[19/06/23 15:16:18:867 UTC]  WARN struts.MultiMessageResources: Duplicate resource property definition (key=was ==> is now): message.category.import=Importing Categories.  This operation cannot be cancelled or undone. ==> IMPORT
[19/06/23 15:16:18:867 UTC]  WARN struts.MultiMessageResources: Duplicate resource property definition (key=was ==> is now): message.containers.create.content_type_code=Content Type Code ==> Content Type Code
[19/06/23 15:16:18:870 UTC]  WARN struts.MultiMessageResources: Duplicate resource property definition (key=was ==> is now): Save=Save ==> Save
[19/06/23 15:16:18:872 UTC]  WARN struts.MultiMessageResources: Duplicate resource property definition (key=was ==> is now): Move=Move ==> Move
[19/06/23 15:16:18:874 UTC]  WARN struts.MultiMessageResources: Duplicate resource property definition (key=was ==> is now): archived=archived ==> Archived
[19/06/23 15:16:21:951 UTC]  INFO util.SecurityLogger: class com.dotmarketing.cms.login.factories.LoginFactory : User admin@dotcms.com has sucessfully logged in from IP: 172.19.0.1 -- ip:172.19.0.1,user:Admin User [ID: dotcms.org.1][email:admin@dotcms.com]
[19/06/23 15:16:21:956 UTC]  INFO business.IdentifierAPIImpl: Creating new identifier for versionable asset of type `containers` and title `TestContainer` 
[19/06/23 15:16:21:956 UTC]  INFO business.DeterministicIdentifierAPIImpl: hashing id: container:demo.dotcms.com/testcontainer to 308a1ae44062b8757fb465db96341c8b
[19/06/23 15:16:21:958 UTC]  WARN shorty.ShortyIdAPIImpl: An error occurred when getting shorty value for '' of type 'CONTENT': shorty  is not a short id.  Short Ids should be 10 chars in length
[19/06/23 15:16:21:966 UTC]  INFO util.ActivityLogger: class com.dotcms.rest.api.v1.container.ContainerResource: demo.dotcms.com : Save Container , User dotcms.org.1 savedTestContainer
[19/06/23 15:16:21:981 UTC]  INFO util.ActivityLogger: class com.dotcms.rest.api.v1.container.ContainerResource: system : Publish Container , User dotcms.org.1 published container: 308a1ae44062b8757fb465db96341c8b
[19/06/23 15:16:28:030 UTC]  INFO util.SecurityLogger: class com.dotmarketing.cms.login.factories.LoginFactory : User admin@dotcms.com has sucessfully logged in from IP: 172.19.0.1 -- ip:172.19.0.1,user:Admin User [ID: dotcms.org.1][email:admin@dotcms.com]
[19/06/23 15:16:28:041 UTC]  INFO business.IdentifierAPIImpl: Creating new identifier for versionable asset of type `containers` and title `TestContainer` 
[19/06/23 15:16:28:042 UTC]  INFO business.DeterministicIdentifierAPIImpl: hashing id: container:demo.dotcms.com/testcontainer to 308a1ae44062b8757fb465db96341c8b
[19/06/23 15:16:28:043 UTC]  WARN shorty.ShortyIdAPIImpl: An error occurred when getting shorty value for '' of type 'CONTENT': shorty  is not a short id.  Short Ids should be 10 chars in length
[19/06/23 15:16:28:064 UTC]  INFO util.ActivityLogger: class com.dotcms.rest.api.v1.container.ContainerResource: demo.dotcms.com : Save Container , User dotcms.org.1 savedTestContainer
[19/06/23 15:16:28:084 UTC]  INFO util.ActivityLogger: class com.dotcms.rest.api.v1.container.ContainerResource: system : Publish Container , User dotcms.org.1 published container: 1edec966-fa86-4e04-a0ea-60905ec1b4f5
[19/06/23 15:16:34:136 UTC]  INFO util.SecurityLogger: class com.dotmarketing.cms.login.factories.LoginFactory : User admin@dotcms.com has sucessfully logged in from IP: 172.19.0.1 -- ip:172.19.0.1,user:Admin User [ID: dotcms.org.1][email:admin@dotcms.com]
[19/06/23 15:16:34:140 UTC]  INFO business.IdentifierAPIImpl: Creating new identifier for versionable asset of type `containers` and title `TestContainer` 
[19/06/23 15:16:34:140 UTC]  INFO business.DeterministicIdentifierAPIImpl: hashing id: container:demo.dotcms.com/testcontainer to 308a1ae44062b8757fb465db96341c8b
[19/06/23 15:16:34:143 UTC]  WARN shorty.ShortyIdAPIImpl: An error occurred when getting shorty value for '' of type 'CONTENT': shorty  is not a short id.  Short Ids should be 10 chars in length
[19/06/23 15:16:34:154 UTC]  INFO util.ActivityLogger: class com.dotcms.rest.api.v1.container.ContainerResource: demo.dotcms.com : Save Container , User dotcms.org.1 savedTestContainer
[19/06/23 15:16:34:167 UTC]  INFO util.ActivityLogger: class com.dotcms.rest.api.v1.container.ContainerResource: system : Publish Container , User dotcms.org.1 published container: 1ce9e6ca-d9d7-4e89-a4b3-f9a3afa35dca
[19/06/23 15:16:40:243 UTC]  INFO util.SecurityLogger: class com.dotmarketing.cms.login.factories.LoginFactory : User admin@dotcms.com has sucessfully logged in from IP: 172.19.0.1 -- ip:172.19.0.1,user:Admin User [ID: dotcms.org.1][email:admin@dotcms.com]
[19/06/23 15:16:40:259 UTC]  INFO business.IdentifierAPIImpl: Creating new identifier for versionable asset of type `containers` and title `TestContainer` 
[19/06/23 15:16:40:261 UTC]  INFO business.DeterministicIdentifierAPIImpl: hashing id: container:demo.dotcms.com/testcontainer to 308a1ae44062b8757fb465db96341c8b
[19/06/23 15:16:40:270 UTC]  WARN shorty.ShortyIdAPIImpl: An error occurred when getting shorty value for '' of type 'CONTENT': shorty  is not a short id.  Short Ids should be 10 chars in length
[19/06/23 15:16:40:293 UTC]  INFO util.ActivityLogger: class com.dotcms.rest.api.v1.container.ContainerResource: demo.dotcms.com : Save Container , User dotcms.org.1 savedTestContainer
[19/06/23 15:16:40:311 UTC]  INFO util.ActivityLogger: class com.dotcms.rest.api.v1.container.ContainerResource: system : Publish Container , User dotcms.org.1 published container: adc2cc67-0116-41e2-8b89-227ad15e1dff
[19/06/23 15:16:46:447 UTC]  INFO util.SecurityLogger: class com.dotmarketing.cms.login.factories.LoginFactory : User admin@dotcms.com has sucessfully logged in from IP: 172.19.0.1 -- ip:172.19.0.1,user:Admin User [ID: dotcms.org.1][email:admin@dotcms.com]
[19/06/23 15:16:49:544 UTC]  INFO util.SecurityLogger: class com.dotmarketing.cms.login.factories.LoginFactory : User admin@dotcms.com has sucessfully logged in from IP: 172.19.0.1 -- ip:172.19.0.1,user:Admin User [ID: dotcms.org.1][email:admin@dotcms.com]
[19/06/23 15:16:49:547 UTC]  WARN mapper.ResourceNotFoundExceptionMapper: Can't find Container:12345678-abcd-1234-abcd-123456789abc
org.apache.velocity.exception.ResourceNotFoundException: Can't find Container:12345678-abcd-1234-abcd-123456789abc
	at com.dotcms.rest.api.v1.container.ContainerResource.lambda$getContainer$1(ContainerResource.java:502) ~[dotcms_master_811bc97.jar:?]
	at java.util.Optional.orElseGet(Optional.java:369) ~[?:?]
	at com.dotcms.rest.api.v1.container.ContainerResource.getContainer(ContainerResource.java:501) ~[dotcms_master_811bc97.jar:?]
	at com.dotcms.rest.api.v1.container.ContainerResource.getContainer(ContainerResource.java:452) ~[dotcms_master_811bc97.jar:?]
	at com.dotcms.rest.api.v1.container.ContainerResource.getContainerWorking(ContainerResource.java:435) ~[dotcms_master_811bc97.jar:?]
	at com.dotcms.rest.api.v1.container.ContainerResource.getWorkingById(ContainerResource.java:844) ~[dotcms_master_811bc97.jar:?]
	at jdk.internal.reflect.NativeMethodAccessorImpl.invoke0(Native Method) ~[?:?]
	at jdk.internal.reflect.NativeMethodAccessorImpl.invoke(NativeMethodAccessorImpl.java:62) ~[?:?]
	at jdk.internal.reflect.DelegatingMethodAccessorImpl.invoke(DelegatingMethodAccessorImpl.java:43) ~[?:?]
	at java.lang.reflect.Method.invoke(Method.java:566) ~[?:?]
	at org.glassfish.jersey.server.model.internal.ResourceMethodInvocationHandlerFactory$1.invoke(ResourceMethodInvocationHandlerFactory.java:81) ~[jersey-server-2.22.1.jar:?]
	at org.glassfish.jersey.server.model.internal.AbstractJavaResourceMethodDispatcher$1.run(AbstractJavaResourceMethodDispatcher.java:144) ~[jersey-server-2.22.1.jar:?]
	at org.glassfish.jersey.server.model.internal.AbstractJavaResourceMethodDispatcher.invoke(AbstractJavaResourceMethodDispatcher.java:161) ~[jersey-server-2.22.1.jar:?]
	at org.glassfish.jersey.server.model.internal.JavaResourceMethodDispatcherProvider$ResponseOutInvoker.doDispatch(JavaResourceMethodDispatcherProvider.java:160) ~[jersey-server-2.22.1.jar:?]
	at org.glassfish.jersey.server.model.internal.AbstractJavaResourceMethodDispatcher.dispatch(AbstractJavaResourceMethodDispatcher.java:99) ~[jersey-server-2.22.1.jar:?]
	at org.glassfish.jersey.server.model.ResourceMethodInvoker.invoke(ResourceMethodInvoker.java:389) ~[jersey-server-2.22.1.jar:?]
	at org.glassfish.jersey.server.model.ResourceMethodInvoker.apply(ResourceMethodInvoker.java:347) ~[jersey-server-2.22.1.jar:?]
	at org.glassfish.jersey.server.model.ResourceMethodInvoker.apply(ResourceMethodInvoker.java:102) ~[jersey-server-2.22.1.jar:?]
	at org.glassfish.jersey.server.ServerRuntime$2.run(ServerRuntime.java:326) ~[jersey-server-2.22.1.jar:?]
	at org.glassfish.jersey.internal.Errors$1.call(Errors.java:271) ~[jersey-common-2.22.1.jar:?]
	at org.glassfish.jersey.internal.Errors$1.call(Errors.java:267) ~[jersey-common-2.22.1.jar:?]
	at org.glassfish.jersey.internal.Errors.process(Errors.java:315) ~[jersey-common-2.22.1.jar:?]
	at org.glassfish.jersey.internal.Errors.process(Errors.java:297) ~[jersey-common-2.22.1.jar:?]
	at org.glassfish.jersey.internal.Errors.process(Errors.java:267) ~[jersey-common-2.22.1.jar:?]
	at org.glassfish.jersey.process.internal.RequestScope.runInScope(RequestScope.java:317) ~[jersey-common-2.22.1.jar:?]
	at org.glassfish.jersey.server.ServerRuntime.process(ServerRuntime.java:305) ~[jersey-server-2.22.1.jar:?]
	at org.glassfish.jersey.server.ApplicationHandler.handle(ApplicationHandler.java:1154) ~[jersey-server-2.22.1.jar:?]
	at org.glassfish.jersey.servlet.WebComponent.serviceImpl(WebComponent.java:471) ~[jersey-container-servlet-core-2.22.1.jar:?]
	at org.glassfish.jersey.servlet.WebComponent.service(WebComponent.java:425) ~[jersey-container-servlet-core-2.22.1.jar:?]
	at org.glassfish.jersey.servlet.ServletContainer.service(ServletContainer.java:383) ~[jersey-container-servlet-core-2.22.1.jar:?]
	at org.glassfish.jersey.servlet.ServletContainer.service(ServletContainer.java:336) ~[jersey-container-servlet-core-2.22.1.jar:?]
	at org.glassfish.jersey.servlet.ServletContainer.service(ServletContainer.java:223) ~[jersey-container-servlet-core-2.22.1.jar:?]
	at com.dotcms.rest.servlet.ReloadableServletContainer.service(ReloadableServletContainer.java:117) ~[dotcms_master_811bc97.jar:?]
	at org.apache.catalina.core.ApplicationFilterChain.internalDoFilter(ApplicationFilterChain.java:227) ~[catalina.jar:9.0.60]
	at org.apache.catalina.core.ApplicationFilterChain.doFilter(ApplicationFilterChain.java:162) ~[catalina.jar:9.0.60]
	at org.apache.tomcat.websocket.server.WsFilter.doFilter(WsFilter.java:53) ~[tomcat-websocket.jar:9.0.60]
	at org.apache.catalina.core.ApplicationFilterChain.internalDoFilter(ApplicationFilterChain.java:189) ~[catalina.jar:9.0.60]
	at org.apache.catalina.core.ApplicationFilterChain.doFilter(ApplicationFilterChain.java:162) ~[catalina.jar:9.0.60]
	at com.dotmarketing.filters.CMSFilter.doFilterInternal(CMSFilter.java:181) ~[dotcms_master_811bc97.jar:?]
	at com.dotmarketing.filters.CMSFilter.doFilter(CMSFilter.java:61) ~[dotcms_master_811bc97.jar:?]
	at org.apache.catalina.core.ApplicationFilterChain.internalDoFilter(ApplicationFilterChain.java:189) ~[catalina.jar:9.0.60]
	at org.apache.catalina.core.ApplicationFilterChain.doFilter(ApplicationFilterChain.java:162) ~[catalina.jar:9.0.60]
	at com.dotcms.filters.interceptor.AbstractWebInterceptorSupportFilter.doFilter(AbstractWebInterceptorSupportFilter.java:90) ~[dotcms_master_811bc97.jar:?]
	at org.apache.catalina.core.ApplicationFilterChain.internalDoFilter(ApplicationFilterChain.java:189) ~[catalina.jar:9.0.60]
	at org.apache.catalina.core.ApplicationFilterChain.doFilter(ApplicationFilterChain.java:162) ~[catalina.jar:9.0.60]
	at com.dotcms.filters.interceptor.AbstractWebInterceptorSupportFilter.doFilter(AbstractWebInterceptorSupportFilter.java:90) ~[dotcms_master_811bc97.jar:?]
	at org.apache.catalina.core.ApplicationFilterChain.internalDoFilter(ApplicationFilterChain.java:189) ~[catalina.jar:9.0.60]
	at org.apache.catalina.core.ApplicationFilterChain.doFilter(ApplicationFilterChain.java:162) ~[catalina.jar:9.0.60]
	at com.dotcms.visitor.filter.servlet.VisitorFilter.doFilter(VisitorFilter.java:81) ~[dotcms_master_811bc97.jar:?]
	at org.apache.catalina.core.ApplicationFilterChain.internalDoFilter(ApplicationFilterChain.java:189) ~[catalina.jar:9.0.60]
	at org.apache.catalina.core.ApplicationFilterChain.doFilter(ApplicationFilterChain.java:162) ~[catalina.jar:9.0.60]
	at com.dotcms.vanityurl.filters.VanityURLFilter.doFilter(VanityURLFilter.java:114) ~[dotcms_master_811bc97.jar:?]
	at org.apache.catalina.core.ApplicationFilterChain.internalDoFilter(ApplicationFilterChain.java:189) ~[catalina.jar:9.0.60]
	at org.apache.catalina.core.ApplicationFilterChain.doFilter(ApplicationFilterChain.java:162) ~[catalina.jar:9.0.60]
	at org.tuckey.web.filters.urlrewrite.RuleChain.handleRewrite(RuleChain.java:176) ~[urlrewritefilter-4.0.4.jar:4.0.4]
	at org.tuckey.web.filters.urlrewrite.RuleChain.doRules(RuleChain.java:145) ~[urlrewritefilter-4.0.4.jar:4.0.4]
	at org.tuckey.web.filters.urlrewrite.UrlRewriter.processRequest(UrlRewriter.java:92) ~[urlrewritefilter-4.0.4.jar:4.0.4]
	at org.tuckey.web.filters.urlrewrite.UrlRewriteFilter.doFilter(UrlRewriteFilter.java:389) ~[urlrewritefilter-4.0.4.jar:4.0.4]
	at org.apache.catalina.core.ApplicationFilterChain.internalDoFilter(ApplicationFilterChain.java:189) ~[catalina.jar:9.0.60]
	at org.apache.catalina.core.ApplicationFilterChain.doFilter(ApplicationFilterChain.java:162) ~[catalina.jar:9.0.60]
	at com.dotmarketing.filters.TimeMachineFilter.doFilter(TimeMachineFilter.java:67) ~[dotcms_master_811bc97.jar:?]
	at org.apache.catalina.core.ApplicationFilterChain.internalDoFilter(ApplicationFilterChain.java:189) ~[catalina.jar:9.0.60]
	at org.apache.catalina.core.ApplicationFilterChain.doFilter(ApplicationFilterChain.java:162) ~[catalina.jar:9.0.60]
	at com.dotmarketing.filters.ThreadNameFilter.doFilter(ThreadNameFilter.java:88) ~[dotcms_master_811bc97.jar:?]
	at org.apache.catalina.core.ApplicationFilterChain.internalDoFilter(ApplicationFilterChain.java:189) ~[catalina.jar:9.0.60]
	at org.apache.catalina.core.ApplicationFilterChain.doFilter(ApplicationFilterChain.java:162) ~[catalina.jar:9.0.60]
	at com.dotmarketing.filters.CookiesFilter.doFilter(CookiesFilter.java:53) ~[dotcms_master_811bc97.jar:?]
	at org.apache.catalina.core.ApplicationFilterChain.internalDoFilter(ApplicationFilterChain.java:189) ~[catalina.jar:9.0.60]
	at org.apache.catalina.core.ApplicationFilterChain.doFilter(ApplicationFilterChain.java:162) ~[catalina.jar:9.0.60]
	at com.dotmarketing.filters.CharsetEncodingFilter.doFilter(CharsetEncodingFilter.java:99) ~[dotcms_master_811bc97.jar:?]
	at org.apache.catalina.core.ApplicationFilterChain.internalDoFilter(ApplicationFilterChain.java:189) ~[catalina.jar:9.0.60]
	at org.apache.catalina.core.ApplicationFilterChain.doFilter(ApplicationFilterChain.java:162) ~[catalina.jar:9.0.60]
	at com.dotcms.filters.interceptor.AbstractWebInterceptorSupportFilter.doFilter(AbstractWebInterceptorSupportFilter.java:90) ~[dotcms_master_811bc97.jar:?]
	at org.apache.catalina.core.ApplicationFilterChain.internalDoFilter(ApplicationFilterChain.java:189) ~[catalina.jar:9.0.60]
	at org.apache.catalina.core.ApplicationFilterChain.doFilter(ApplicationFilterChain.java:162) ~[catalina.jar:9.0.60]
	at org.apache.catalina.filters.HttpHeaderSecurityFilter.doFilter(HttpHeaderSecurityFilter.java:126) ~[catalina.jar:9.0.60]
	at org.apache.catalina.core.ApplicationFilterChain.internalDoFilter(ApplicationFilterChain.java:189) ~[catalina.jar:9.0.60]
	at org.apache.catalina.core.ApplicationFilterChain.doFilter(ApplicationFilterChain.java:162) ~[catalina.jar:9.0.60]
	at com.dotcms.filters.NormalizationFilter.doFilter(NormalizationFilter.java:89) ~[dotcms_master_811bc97.jar:?]
	at org.apache.catalina.core.ApplicationFilterChain.internalDoFilter(ApplicationFilterChain.java:189) ~[catalina.jar:9.0.60]
	at org.apache.catalina.core.ApplicationFilterChain.doFilter(ApplicationFilterChain.java:162) ~[catalina.jar:9.0.60]
	at org.apache.catalina.core.StandardWrapperValve.invoke(StandardWrapperValve.java:197) ~[catalina.jar:9.0.60]
	at org.apache.catalina.core.StandardContextValve.invoke(StandardContextValve.java:97) ~[catalina.jar:9.0.60]
	at org.apache.catalina.authenticator.AuthenticatorBase.invoke(AuthenticatorBase.java:541) ~[catalina.jar:9.0.60]
	at org.apache.catalina.core.StandardHostValve.invoke(StandardHostValve.java:135) ~[catalina.jar:9.0.60]
	at org.apache.catalina.valves.AbstractAccessLogValve.invoke(AbstractAccessLogValve.java:687) ~[catalina.jar:9.0.60]
	at org.apache.catalina.valves.ErrorReportValve.invoke(ErrorReportValve.java:92) ~[catalina.jar:9.0.60]
	at org.apache.catalina.valves.RemoteIpValve.invoke(RemoteIpValve.java:769) ~[catalina.jar:9.0.60]
	at org.apache.catalina.core.StandardEngineValve.invoke(StandardEngineValve.java:78) ~[catalina.jar:9.0.60]
	at org.apache.catalina.connector.CoyoteAdapter.service(CoyoteAdapter.java:360) ~[catalina.jar:9.0.60]
	at org.apache.coyote.http11.Http11Processor.service(Http11Processor.java:399) ~[tomcat-coyote.jar:9.0.60]
	at org.apache.coyote.AbstractProcessorLight.process(AbstractProcessorLight.java:65) ~[tomcat-coyote.jar:9.0.60]
	at org.apache.coyote.AbstractProtocol$ConnectionHandler.process(AbstractProtocol.java:889) ~[tomcat-coyote.jar:9.0.60]
	at org.apache.tomcat.util.net.Nio2Endpoint$SocketProcessor.doRun(Nio2Endpoint.java:1701) ~[tomcat-coyote.jar:9.0.60]
	at org.apache.tomcat.util.net.SocketProcessorBase.run(SocketProcessorBase.java:49) ~[tomcat-coyote.jar:9.0.60]
	at org.apache.tomcat.util.net.AbstractEndpoint.processSocket(AbstractEndpoint.java:1190) ~[tomcat-coyote.jar:9.0.60]
	at org.apache.tomcat.util.net.Nio2Endpoint$Nio2SocketWrapper$2.completed(Nio2Endpoint.java:633) ~[tomcat-coyote.jar:9.0.60]
	at org.apache.tomcat.util.net.Nio2Endpoint$Nio2SocketWrapper$2.completed(Nio2Endpoint.java:611) ~[tomcat-coyote.jar:9.0.60]
	at sun.nio.ch.Invoker.invokeUnchecked(Invoker.java:127) ~[?:?]
	at sun.nio.ch.UnixAsynchronousSocketChannelImpl.finishRead(UnixAsynchronousSocketChannelImpl.java:439) ~[?:?]
	at sun.nio.ch.UnixAsynchronousSocketChannelImpl.finish(UnixAsynchronousSocketChannelImpl.java:191) ~[?:?]
	at sun.nio.ch.UnixAsynchronousSocketChannelImpl.onEvent(UnixAsynchronousSocketChannelImpl.java:213) ~[?:?]
	at sun.nio.ch.EPollPort$EventHandlerTask.run(EPollPort.java:306) ~[?:?]
	at sun.nio.ch.AsynchronousChannelGroupImpl$1.run(AsynchronousChannelGroupImpl.java:112) ~[?:?]
	at java.util.concurrent.ThreadPoolExecutor.runWorker(ThreadPoolExecutor.java:1128) ~[?:?]
	at java.util.concurrent.ThreadPoolExecutor$Worker.run(ThreadPoolExecutor.java:628) ~[?:?]
	at java.lang.Thread.run(Thread.java:829) [?:?]
[19/06/23 15:16:52:621 UTC]  INFO util.SecurityLogger: class com.dotmarketing.cms.login.factories.LoginFactory : User admin@dotcms.com has sucessfully logged in from IP: 172.19.0.1 -- ip:172.19.0.1,user:Admin User [ID: dotcms.org.1][email:admin@dotcms.com]
[19/06/23 15:16:52:632 UTC]  INFO business.IdentifierAPIImpl: Creating new identifier for versionable asset of type `containers` and title `Test Container to update` 
[19/06/23 15:16:52:632 UTC]  INFO business.DeterministicIdentifierAPIImpl: hashing id: container:demo.dotcms.com/test container to update to 981b41ca13f1223fa0a88b04c601786d
[19/06/23 15:16:52:634 UTC]  WARN shorty.ShortyIdAPIImpl: An error occurred when getting shorty value for '' of type 'CONTENT': shorty  is not a short id.  Short Ids should be 10 chars in length
[19/06/23 15:16:52:643 UTC]  INFO util.ActivityLogger: class com.dotcms.rest.api.v1.container.ContainerResource: demo.dotcms.com : Save Container , User dotcms.org.1 savedTest Container to update
[19/06/23 15:16:52:656 UTC]  INFO util.ActivityLogger: class com.dotcms.rest.api.v1.container.ContainerResource: system : Publish Container , User dotcms.org.1 published container: 981b41ca13f1223fa0a88b04c601786d
[19/06/23 15:16:58:707 UTC]  INFO util.SecurityLogger: class com.dotmarketing.cms.login.factories.LoginFactory : User admin@dotcms.com has sucessfully logged in from IP: 172.19.0.1 -- ip:172.19.0.1,user:Admin User [ID: dotcms.org.1][email:admin@dotcms.com]
[19/06/23 15:17:01:729 UTC]  INFO util.ActivityLogger: class com.dotcms.rest.api.v1.container.ContainerResource: demo.dotcms.com : Update Container: 981b41ca13f1223fa0a88b04c601786d , User dotcms.org.1 savedTestContainer
[19/06/23 15:17:04:774 UTC]  INFO util.SecurityLogger: class com.dotmarketing.cms.login.factories.LoginFactory : User admin@dotcms.com has sucessfully logged in from IP: 172.19.0.1 -- ip:172.19.0.1,user:Admin User [ID: dotcms.org.1][email:admin@dotcms.com]
[19/06/23 15:17:04:778 UTC]  INFO business.IdentifierAPIImpl: Creating new identifier for versionable asset of type `containers` and title `NewContainerToPublish` 
[19/06/23 15:17:04:779 UTC]  INFO business.DeterministicIdentifierAPIImpl: hashing id: container:demo.dotcms.com/newcontainertopublish to fdd1c1db5384352127b4535f907001fb
[19/06/23 15:17:04:781 UTC]  WARN shorty.ShortyIdAPIImpl: An error occurred when getting shorty value for '' of type 'CONTENT': shorty  is not a short id.  Short Ids should be 10 chars in length
[19/06/23 15:17:04:794 UTC]  INFO util.ActivityLogger: class com.dotcms.rest.api.v1.container.ContainerResource: demo.dotcms.com : Save Container , User dotcms.org.1 savedNewContainerToPublish
[19/06/23 15:17:04:807 UTC]  INFO util.ActivityLogger: class com.dotcms.rest.api.v1.container.ContainerResource: system : Publish Container , User dotcms.org.1 published container: fdd1c1db5384352127b4535f907001fb
[19/06/23 15:17:10:869 UTC]  INFO util.SecurityLogger: class com.dotmarketing.cms.login.factories.LoginFactory : User admin@dotcms.com has sucessfully logged in from IP: 172.19.0.1 -- ip:172.19.0.1,user:Admin User [ID: dotcms.org.1][email:admin@dotcms.com]
[19/06/23 15:17:10:942 UTC]  INFO util.PushPublishLogger: class com.dotcms.publisher.business.PublishAuditStatus : Status Update: Pending.
[19/06/23 15:17:10:947 UTC]  INFO rest.PushPublisherJob: Started bundle publish process
[19/06/23 15:17:10:947 UTC]  INFO util.PushPublishLogger: class com.dotcms.rest.PushPublisherJob : [BundleID: application_containers_folder.tar.gz] Started bundle publish process
[19/06/23 15:17:10:994 UTC]  INFO util.ActivityLogger: class com.dotcms.content.elasticsearch.business.ESContentletAPIImpl: System Host : Saving Content , StartDate: N/D; EndDate: N/D; User:system; ContentIdentifier: 8a7d5e23-da1e-420a-b4f0-471e7da8ea2d
[19/06/23 15:17:11:015 UTC]  INFO timedcache.TimedCacheProvider: ***	 Building Cache : esquerycountcache, size:10000, seconds:3600,Concurrency:32 (every 60000 millis)
[19/06/23 15:17:11:081 UTC]  INFO business.ContentletIndexAPIImpl: Indexing: 8a7d5e23-da1e-420a-b4f0-471e7da8ea2d : default, includeDependencies: true, policy: FORCE
[19/06/23 15:17:11:112 UTC]  INFO util.ActivityLogger: class com.dotcms.content.elasticsearch.business.ESContentletAPIImpl: System Host : Content Saved , StartDate: N/D; EndDate: N/D; User:system; ContentIdentifier: 8a7d5e23-da1e-420a-b4f0-471e7da8ea2d
[19/06/23 15:17:11:119 UTC]  INFO business.ContentletIndexAPIImpl: Indexing: 8a7d5e23-da1e-420a-b4f0-471e7da8ea2d : default, includeDependencies: false, policy: FORCE
[19/06/23 15:17:11:119 UTC]  INFO util.PushPublishLogger: class com.dotcms.enterprise.publishing.remote.handler.ContentHandler : [BundleID: application_containers_folder.tar.gz] Host publish success, ID: 8a7d5e23-da1e-420a-b4f0-471e7da8ea2d, Inode: 1b407535-67e3-4f21-ad00-8ef5ef492d64, Name: default
[19/06/23 15:17:11:141 UTC]  INFO util.ActivityLogger: class com.dotcms.content.elasticsearch.business.ESContentletAPIImpl: System Host : Locking Content , StartDate: N/D; EndDate: N/D; User:system; ContentIdentifier: 48190c8c-42c4-46af-8d1a-0cd5db894797
[19/06/23 15:17:11:144 UTC]  INFO business.ContentletIndexAPIImpl: Indexing: 48190c8c-42c4-46af-8d1a-0cd5db894797 : demo.dotcms.com, includeDependencies: false, policy: FORCE
[19/06/23 15:17:11:146 UTC]  INFO util.ActivityLogger: class com.dotcms.content.elasticsearch.business.ESContentletAPIImpl: System Host : Content Locked , StartDate: N/D; EndDate: N/D; User:system; ContentIdentifier: 48190c8c-42c4-46af-8d1a-0cd5db894797
[19/06/23 15:17:11:150 UTC]  INFO util.ActivityLogger: class com.dotcms.content.elasticsearch.business.ESContentletAPIImpl: System Host : Saving Content , StartDate: N/D; EndDate: N/D; User:system; ContentIdentifier: 48190c8c-42c4-46af-8d1a-0cd5db894797
[19/06/23 15:17:11:208 UTC]  INFO business.ContentletIndexAPIImpl: Indexing: 48190c8c-42c4-46af-8d1a-0cd5db894797 : demo.dotcms.com, includeDependencies: true, policy: FORCE
[19/06/23 15:17:11:235 UTC]  INFO util.ActivityLogger: class com.dotcms.content.elasticsearch.business.ESContentletAPIImpl: System Host : Content Saved , StartDate: N/D; EndDate: N/D; User:system; ContentIdentifier: 48190c8c-42c4-46af-8d1a-0cd5db894797
[19/06/23 15:17:11:239 UTC]  INFO util.ActivityLogger: class com.dotcms.content.elasticsearch.business.ESContentletAPIImpl: System Host : Publishing Content , StartDate: N/D; EndDate: N/D; User:system; ContentIdentifier: 48190c8c-42c4-46af-8d1a-0cd5db894797
[19/06/23 15:17:11:242 UTC]  INFO business.ContentletIndexAPIImpl: Indexing: 48190c8c-42c4-46af-8d1a-0cd5db894797 : demo.dotcms.com, includeDependencies: true, policy: FORCE
[19/06/23 15:17:11:272 UTC]  INFO util.ActivityLogger: class com.dotcms.content.elasticsearch.business.ESContentletAPIImpl: System Host : Content Published , StartDate: N/D; EndDate: N/D; User:system; ContentIdentifier: 48190c8c-42c4-46af-8d1a-0cd5db894797
[19/06/23 15:17:11:278 UTC]  INFO util.ActivityLogger: class com.dotcms.content.elasticsearch.business.ESContentletAPIImpl: System Host : Publishing Content , StartDate: N/D; EndDate: N/D; User:system; ContentIdentifier: 8a7d5e23-da1e-420a-b4f0-471e7da8ea2d
[19/06/23 15:17:11:281 UTC]  INFO business.ContentletIndexAPIImpl: Indexing: 8a7d5e23-da1e-420a-b4f0-471e7da8ea2d : default, includeDependencies: true, policy: FORCE
[19/06/23 15:17:11:313 UTC]  INFO util.ActivityLogger: class com.dotcms.content.elasticsearch.business.ESContentletAPIImpl: System Host : Content Published , StartDate: N/D; EndDate: N/D; User:system; ContentIdentifier: 8a7d5e23-da1e-420a-b4f0-471e7da8ea2d
[19/06/23 15:17:11:316 UTC]  INFO business.ContentletIndexAPIImpl: Indexing: 8a7d5e23-da1e-420a-b4f0-471e7da8ea2d : default, includeDependencies: true, policy: FORCE
[19/06/23 15:17:11:347 UTC]  INFO util.PushPublishLogger: class com.dotcms.enterprise.publishing.remote.handler.FolderHandler : [BundleID: application_containers_folder.tar.gz] Folder publish (new) success, ID: 577bbb1f-81f5-4184-bb01-dbca60731e75, Inode: 18f8b54b-f9f3-4a57-8b5d-b616ca9c030d, Name: application
[19/06/23 15:17:11:364 UTC]  INFO util.PushPublishLogger: class com.dotcms.enterprise.publishing.remote.handler.FolderHandler : [BundleID: application_containers_folder.tar.gz] Folder publish (new) success, ID: ce965ea9-bdba-42c2-b42d-a01e1a79ddbd, Inode: d6315999-4131-4e02-99d9-920a0bf2a4f8, Name: containers
[19/06/23 15:17:11:377 UTC]  INFO util.PushPublishLogger: class com.dotcms.enterprise.publishing.remote.handler.FolderHandler : [BundleID: application_containers_folder.tar.gz] Folder publish (new) success, ID: 0ae8965ca3ffbe440d9efdad5f92e2f2, Inode: 02b81440-03c5-490e-ad2d-4f7c79f35255, Name: default
[19/06/23 15:17:11:395 UTC]  INFO util.SecurityLogger: class com.dotmarketing.portlets.workflows.business.WorkflowAPIImpl : Workflow Scheme 'System Workflow' [d61a59e1-a49c-46f2-a929-db2b4bfa88b2] has been saved by User ID 'system' -- ip:ukn,user:null
[19/06/23 15:17:11:400 UTC]  INFO util.SecurityLogger: class com.dotmarketing.portlets.workflows.business.WorkflowAPIImpl : Workflow Step 'New' [6cb7e3bd-1710-4eed-8838-d3db60f78f19] has been saved by User ID 'system' -- ip:ukn,user:null
[19/06/23 15:17:11:403 UTC]  INFO util.SecurityLogger: class com.dotmarketing.portlets.workflows.business.WorkflowAPIImpl : Workflow Step 'Draft' [ee24a4cb-2d15-4c98-b1bd-6327126451f3] has been saved by User ID 'system' -- ip:ukn,user:null
[19/06/23 15:17:11:407 UTC]  INFO util.SecurityLogger: class com.dotmarketing.portlets.workflows.business.WorkflowAPIImpl : Workflow Step 'Published' [dc3c9cd0-8467-404b-bf95-cb7df3fbc293] has been saved by User ID 'system' -- ip:ukn,user:null
[19/06/23 15:17:11:411 UTC]  INFO util.SecurityLogger: class com.dotmarketing.portlets.workflows.business.WorkflowAPIImpl : Workflow Step 'Archived' [d6b095b6-b65f-4bdb-bbfd-701d663dfee2] has been saved by User ID 'system' -- ip:ukn,user:null
[19/06/23 15:17:11:417 UTC]  INFO util.SecurityLogger: class com.dotmarketing.portlets.workflows.business.WorkflowAPIImpl : Action id: '4da13a42-5d59-480c-ad8f-94a3adf809fe' has been reordered by user: system -- ip:ukn,user:null
[19/06/23 15:17:11:421 UTC]  WARN business.PermissionCacheImpl:  !!! Putting an empty list of permissions in the cache for asset:4da13a42-5d59-480c-ad8f-94a3adf809fe. Every asset should have at least 1 permission (or inherited permission) associated with it
[19/06/23 15:17:11:433 UTC]  INFO util.SecurityLogger: class com.dotmarketing.portlets.workflows.business.WorkflowAPIImpl : Action id: '963f6a04-5320-42e7-ab74-6d876d199946' has been reordered by user: system -- ip:ukn,user:null
[19/06/23 15:17:11:436 UTC]  WARN business.PermissionCacheImpl:  !!! Putting an empty list of permissions in the cache for asset:963f6a04-5320-42e7-ab74-6d876d199946. Every asset should have at least 1 permission (or inherited permission) associated with it
[19/06/23 15:17:11:443 UTC]  INFO util.SecurityLogger: class com.dotmarketing.portlets.workflows.business.WorkflowAPIImpl : Action id: '777f1c6b-c877-4a37-ba4b-10627316c2cc' has been reordered by user: system -- ip:ukn,user:null
[19/06/23 15:17:11:446 UTC]  WARN business.PermissionCacheImpl:  !!! Putting an empty list of permissions in the cache for asset:777f1c6b-c877-4a37-ba4b-10627316c2cc. Every asset should have at least 1 permission (or inherited permission) associated with it
[19/06/23 15:17:11:453 UTC]  INFO util.SecurityLogger: class com.dotmarketing.portlets.workflows.business.WorkflowAPIImpl : Action id: '1e0f1c6b-b67f-4c99-983d-db2b4bfa88b2' has been reordered by user: system -- ip:ukn,user:null
[19/06/23 15:17:11:456 UTC]  WARN business.PermissionCacheImpl:  !!! Putting an empty list of permissions in the cache for asset:1e0f1c6b-b67f-4c99-983d-db2b4bfa88b2. Every asset should have at least 1 permission (or inherited permission) associated with it
[19/06/23 15:17:11:461 UTC]  INFO util.SecurityLogger: class com.dotmarketing.portlets.workflows.business.WorkflowAPIImpl : Action id: 'dd4c4b7c-e9d3-4dc0-8fbf-36102f9c6324' has been reordered by user: system -- ip:ukn,user:null
[19/06/23 15:17:11:463 UTC]  WARN business.PermissionCacheImpl:  !!! Putting an empty list of permissions in the cache for asset:dd4c4b7c-e9d3-4dc0-8fbf-36102f9c6324. Every asset should have at least 1 permission (or inherited permission) associated with it
[19/06/23 15:17:11:471 UTC]  INFO util.SecurityLogger: class com.dotmarketing.portlets.workflows.business.WorkflowAPIImpl : Action id: 'b9d89c80-3d88-4311-8365-187323c96436' has been reordered by user: system -- ip:ukn,user:null
[19/06/23 15:17:11:474 UTC]  WARN business.PermissionCacheImpl:  !!! Putting an empty list of permissions in the cache for asset:b9d89c80-3d88-4311-8365-187323c96436. Every asset should have at least 1 permission (or inherited permission) associated with it
[19/06/23 15:17:11:481 UTC]  INFO util.SecurityLogger: class com.dotmarketing.portlets.workflows.business.WorkflowAPIImpl : Action id: 'ceca71a0-deee-4999-bd47-b01baa1bcfc8' has been reordered by user: system -- ip:ukn,user:null
[19/06/23 15:17:11:484 UTC]  WARN business.PermissionCacheImpl:  !!! Putting an empty list of permissions in the cache for asset:ceca71a0-deee-4999-bd47-b01baa1bcfc8. Every asset should have at least 1 permission (or inherited permission) associated with it
[19/06/23 15:17:11:490 UTC]  INFO util.SecurityLogger: class com.dotmarketing.portlets.workflows.business.WorkflowAPIImpl : Action id: 'c92f9aa1-9503-4567-ac30-d3242b54d02d' has been reordered by user: system -- ip:ukn,user:null
[19/06/23 15:17:11:493 UTC]  WARN business.PermissionCacheImpl:  !!! Putting an empty list of permissions in the cache for asset:c92f9aa1-9503-4567-ac30-d3242b54d02d. Every asset should have at least 1 permission (or inherited permission) associated with it
[19/06/23 15:17:11:499 UTC]  INFO util.SecurityLogger: class com.dotmarketing.portlets.workflows.business.WorkflowAPIImpl : Action id: '38efc763-d78f-4e4b-b092-59cd8c579b93' has been reordered by user: system -- ip:ukn,user:null
[19/06/23 15:17:11:502 UTC]  WARN business.PermissionCacheImpl:  !!! Putting an empty list of permissions in the cache for asset:38efc763-d78f-4e4b-b092-59cd8c579b93. Every asset should have at least 1 permission (or inherited permission) associated with it
[19/06/23 15:17:11:511 UTC]  INFO util.SecurityLogger: class com.dotmarketing.portlets.workflows.business.WorkflowAPIImpl : The action id: 'ceca71a0-deee-4999-bd47-b01baa1bcfc8' has been saved by the user: system -- ip:ukn,user:null
[19/06/23 15:17:11:517 UTC]  INFO util.SecurityLogger: class com.dotmarketing.portlets.workflows.business.WorkflowAPIImpl : The action id: 'b9d89c80-3d88-4311-8365-187323c96436' has been saved by the user: system -- ip:ukn,user:null
[19/06/23 15:17:11:523 UTC]  INFO util.SecurityLogger: class com.dotmarketing.portlets.workflows.business.WorkflowAPIImpl : The action id: '777f1c6b-c877-4a37-ba4b-10627316c2cc' has been saved by the user: system -- ip:ukn,user:null
[19/06/23 15:17:11:529 UTC]  INFO util.SecurityLogger: class com.dotmarketing.portlets.workflows.business.WorkflowAPIImpl : The action id: 'ceca71a0-deee-4999-bd47-b01baa1bcfc8' has been saved by the user: system -- ip:ukn,user:null
[19/06/23 15:17:11:534 UTC]  INFO util.SecurityLogger: class com.dotmarketing.portlets.workflows.business.WorkflowAPIImpl : The action id: 'dd4c4b7c-e9d3-4dc0-8fbf-36102f9c6324' has been saved by the user: system -- ip:ukn,user:null
[19/06/23 15:17:11:539 UTC]  INFO util.SecurityLogger: class com.dotmarketing.portlets.workflows.business.WorkflowAPIImpl : The action id: '38efc763-d78f-4e4b-b092-59cd8c579b93' has been saved by the user: system -- ip:ukn,user:null
[19/06/23 15:17:11:544 UTC]  INFO util.SecurityLogger: class com.dotmarketing.portlets.workflows.business.WorkflowAPIImpl : The action id: '963f6a04-5320-42e7-ab74-6d876d199946' has been saved by the user: system -- ip:ukn,user:null
[19/06/23 15:17:11:549 UTC]  INFO util.SecurityLogger: class com.dotmarketing.portlets.workflows.business.WorkflowAPIImpl : The action id: 'b9d89c80-3d88-4311-8365-187323c96436' has been saved by the user: system -- ip:ukn,user:null
[19/06/23 15:17:11:554 UTC]  INFO util.SecurityLogger: class com.dotmarketing.portlets.workflows.business.WorkflowAPIImpl : The action id: '4da13a42-5d59-480c-ad8f-94a3adf809fe' has been saved by the user: system -- ip:ukn,user:null
[19/06/23 15:17:11:561 UTC]  INFO util.SecurityLogger: class com.dotmarketing.portlets.workflows.business.WorkflowAPIImpl : The action id: '963f6a04-5320-42e7-ab74-6d876d199946' has been saved by the user: system -- ip:ukn,user:null
[19/06/23 15:17:11:566 UTC]  INFO util.SecurityLogger: class com.dotmarketing.portlets.workflows.business.WorkflowAPIImpl : The action id: '38efc763-d78f-4e4b-b092-59cd8c579b93' has been saved by the user: system -- ip:ukn,user:null
[19/06/23 15:17:11:570 UTC]  INFO util.SecurityLogger: class com.dotmarketing.portlets.workflows.business.WorkflowAPIImpl : The action id: 'ceca71a0-deee-4999-bd47-b01baa1bcfc8' has been saved by the user: system -- ip:ukn,user:null
[19/06/23 15:17:11:575 UTC]  INFO util.SecurityLogger: class com.dotmarketing.portlets.workflows.business.WorkflowAPIImpl : The action id: '4da13a42-5d59-480c-ad8f-94a3adf809fe' has been saved by the user: system -- ip:ukn,user:null
[19/06/23 15:17:11:580 UTC]  INFO util.SecurityLogger: class com.dotmarketing.portlets.workflows.business.WorkflowAPIImpl : The action id: 'b9d89c80-3d88-4311-8365-187323c96436' has been saved by the user: system -- ip:ukn,user:null
[19/06/23 15:17:11:584 UTC]  INFO util.SecurityLogger: class com.dotmarketing.portlets.workflows.business.WorkflowAPIImpl : The action id: 'dd4c4b7c-e9d3-4dc0-8fbf-36102f9c6324' has been saved by the user: system -- ip:ukn,user:null
[19/06/23 15:17:11:589 UTC]  INFO util.SecurityLogger: class com.dotmarketing.portlets.workflows.business.WorkflowAPIImpl : The action id: 'c92f9aa1-9503-4567-ac30-d3242b54d02d' has been saved by the user: system -- ip:ukn,user:null
[19/06/23 15:17:11:594 UTC]  INFO util.SecurityLogger: class com.dotmarketing.portlets.workflows.business.WorkflowAPIImpl : The action id: '777f1c6b-c877-4a37-ba4b-10627316c2cc' has been saved by the user: system -- ip:ukn,user:null
[19/06/23 15:17:11:598 UTC]  INFO util.SecurityLogger: class com.dotmarketing.portlets.workflows.business.WorkflowAPIImpl : The action id: '1e0f1c6b-b67f-4c99-983d-db2b4bfa88b2' has been saved by the user: system -- ip:ukn,user:null
[19/06/23 15:17:11:650 UTC]  INFO util.SecurityLogger: class com.dotmarketing.portlets.workflows.business.WorkflowAPIImpl : Saving class parameters by the user: system -- ip:ukn,user:null
[19/06/23 15:17:11:666 UTC]  INFO util.SecurityLogger: class com.dotmarketing.portlets.workflows.business.WorkflowAPIImpl : Workflow Action Class with id: '631c2c25-0d62-40e9-af7b-7a1a453bbfc0' has been deleted -- ip:ukn,user:null
[19/06/23 15:17:11:670 UTC]  INFO util.SecurityLogger: class com.dotmarketing.portlets.workflows.business.WorkflowAPIImpl : Workflow Action with id: fa294e6b-9832-4f19-999e-c9ae27cbd47f, name: Import CSV has been deleted -- ip:ukn,user:null
[19/06/23 15:17:11:689 UTC]  INFO util.SecurityLogger: class com.dotmarketing.portlets.workflows.business.WorkflowAPIImpl : Workflow Action Class with id: 'ad8d69c2-93d1-462c-ba78-a065d05a136f' has been deleted -- ip:ukn,user:null
[19/06/23 15:17:11:692 UTC]  INFO util.SecurityLogger: class com.dotmarketing.portlets.workflows.business.WorkflowAPIImpl : Workflow Action with id: bc477b07-8f84-48d2-85b8-20d07512af4b, name: Move has been deleted -- ip:ukn,user:null
[19/06/23 15:17:11:701 UTC]  INFO util.SecurityLogger: class com.dotmarketing.portlets.workflows.business.WorkflowAPIImpl : Workflow Action Class with id: 'f0dd0406-77e8-4713-bca5-c21fc0c7e5c5' has been deleted -- ip:ukn,user:null
[19/06/23 15:17:11:734 UTC]  INFO helper.SystemActionMappingsHandlerMerger: The mapping for systemAction: NEW, workflowAction: Optional[WorkflowAction [id=ceca71a0-deee-4999-bd47-b01baa1bcfc8, name=Save, stepId=null, nextStep=ee24a4cb-2d15-4c98-b1bd-6327126451f3]], and scheme: d61a59e1-a49c-46f2-a929-db2b4bfa88b2 has been saved
[19/06/23 15:17:11:738 UTC]  INFO helper.SystemActionMappingsHandlerMerger: The mapping for systemAction: EDIT, workflowAction: Optional[WorkflowAction [id=ceca71a0-deee-4999-bd47-b01baa1bcfc8, name=Save, stepId=null, nextStep=ee24a4cb-2d15-4c98-b1bd-6327126451f3]], and scheme: d61a59e1-a49c-46f2-a929-db2b4bfa88b2 has been saved
[19/06/23 15:17:11:741 UTC]  INFO helper.SystemActionMappingsHandlerMerger: The mapping for systemAction: UNPUBLISH, workflowAction: Optional[WorkflowAction [id=38efc763-d78f-4e4b-b092-59cd8c579b93, name=Unpublish, stepId=null, nextStep=ee24a4cb-2d15-4c98-b1bd-6327126451f3]], and scheme: d61a59e1-a49c-46f2-a929-db2b4bfa88b2 has been saved
[19/06/23 15:17:11:744 UTC]  INFO helper.SystemActionMappingsHandlerMerger: The mapping for systemAction: UNARCHIVE, workflowAction: Optional[WorkflowAction [id=c92f9aa1-9503-4567-ac30-d3242b54d02d, name=Unarchive, stepId=null, nextStep=ee24a4cb-2d15-4c98-b1bd-6327126451f3]], and scheme: d61a59e1-a49c-46f2-a929-db2b4bfa88b2 has been saved
[19/06/23 15:17:11:748 UTC]  INFO helper.SystemActionMappingsHandlerMerger: The mapping for systemAction: PUBLISH, workflowAction: Optional[WorkflowAction [id=b9d89c80-3d88-4311-8365-187323c96436, name=Publish, stepId=null, nextStep=dc3c9cd0-8467-404b-bf95-cb7df3fbc293]], and scheme: d61a59e1-a49c-46f2-a929-db2b4bfa88b2 has been saved
[19/06/23 15:17:11:751 UTC]  INFO helper.SystemActionMappingsHandlerMerger: The mapping for systemAction: ARCHIVE, workflowAction: Optional[WorkflowAction [id=4da13a42-5d59-480c-ad8f-94a3adf809fe, name=Archive, stepId=null, nextStep=d6b095b6-b65f-4bdb-bbfd-701d663dfee2]], and scheme: d61a59e1-a49c-46f2-a929-db2b4bfa88b2 has been saved
[19/06/23 15:17:11:754 UTC]  INFO helper.SystemActionMappingsHandlerMerger: The mapping for systemAction: DESTROY, workflowAction: Optional[WorkflowAction [id=1e0f1c6b-b67f-4c99-983d-db2b4bfa88b2, name=Destroy, stepId=null, nextStep=d6b095b6-b65f-4bdb-bbfd-701d663dfee2]], and scheme: d61a59e1-a49c-46f2-a929-db2b4bfa88b2 has been saved
[19/06/23 15:17:11:757 UTC]  INFO helper.SystemActionMappingsHandlerMerger: The mapping for systemAction: DELETE, workflowAction: Optional[WorkflowAction [id=777f1c6b-c877-4a37-ba4b-10627316c2cc, name=Delete, stepId=null, nextStep=d6b095b6-b65f-4bdb-bbfd-701d663dfee2]], and scheme: d61a59e1-a49c-46f2-a929-db2b4bfa88b2 has been saved
[19/06/23 15:17:11:757 UTC]  INFO util.PushPublishLogger: class com.dotcms.enterprise.publishing.remote.handler.WorkflowHandler : [BundleID: application_containers_folder.tar.gz] Workflow publish success, ID: d61a59e1-a49c-46f2-a929-db2b4bfa88b2, Name: System Workflow
[19/06/23 15:17:11:788 UTC]  INFO util.ActivityLogger: class com.dotcms.contenttype.business.ContentTypeAPIImpl: system : Save ContentType Action , User system/system user system user added ContentType File Asset to host id:SYSTEM_HOST
[19/06/23 15:17:11:788 UTC]  INFO business.ContentTypeAPIImpl: UserId : system : ContentType : ContentType saved : File Asset
[19/06/23 15:17:11:788 UTC]  INFO util.AdminLogger: UserId : system : class com.dotcms.contenttype.business.ContentTypeAPIImpl : ContentType : ContentType saved : File Asset
[19/06/23 15:17:11:791 UTC]  INFO business.FieldAPIImpl: No changes made to field: hostFolder, returning
[19/06/23 15:17:11:809 UTC]  INFO util.ActivityLogger: class com.dotmarketing.util.ActivityLogger: system : Update Field Action , User system/system user modified field File Name to File Asset Structure.
[19/06/23 15:17:11:816 UTC]  INFO business.FieldAPIImpl: No changes made to field: fileAsset, returning
[19/06/23 15:17:11:832 UTC]  INFO util.ActivityLogger: class com.dotmarketing.util.ActivityLogger: system : Update Field Action , User system/system user modified field Title to File Asset Structure.
[19/06/23 15:17:11:838 UTC]  INFO business.FieldAPIImpl: No changes made to field: MetadataTab, returning
[19/06/23 15:17:11:839 UTC]  INFO business.FieldAPIImpl: No changes made to field: metaData, returning
[19/06/23 15:17:11:854 UTC]  INFO util.ActivityLogger: class com.dotmarketing.util.ActivityLogger: system : Update Field Action , User system/system user modified field Show On Menu to File Asset Structure.
[19/06/23 15:17:11:872 UTC]  INFO util.ActivityLogger: class com.dotmarketing.util.ActivityLogger: system : Update Field Action , User system/system user modified field Sort Order to File Asset Structure.
[19/06/23 15:17:11:891 UTC]  INFO util.ActivityLogger: class com.dotmarketing.util.ActivityLogger: system : Update Field Action , User system/system user modified field Description to File Asset Structure.
[19/06/23 15:17:11:896 UTC]  INFO util.PushPublishLogger: class com.dotcms.enterprise.publishing.remote.handler.ContentTypeHandler : [BundleID: application_containers_folder.tar.gz] Content Type publish success, ID: 33888b6f-7a8e-4069-b1b6-5c1aa9d0a48d, Name: File Asset
[19/06/23 15:17:11:897 UTC]  INFO util.SecurityLogger: class com.dotmarketing.portlets.workflows.business.WorkflowAPIImpl : Saving schemes [ [WorkflowScheme [id=d61a59e1-a49c-46f2-a929-db2b4bfa88b2, name=System Workflow, archived=false, mandatory=false]] ] for Content Type [ com.dotmarketing.portlets.structure.model.Structure@4311de3c[name=File Asset,description=Default structure for all uploaded files,defaultStructure=false,reviewInterval=<null>,reviewerRole=<null>,pagedetail=<null>,structureType=4,fixed=true,system=false,velocityVarName=FileAsset,urlMapPattern=<null>,host=SYSTEM_HOST,folder=SYSTEM_FOLDER,publishDateVar=<null>,expireDateVar=<null>,modDate=Mon Jun 19 15:17:12 UTC 2023,icon=attach_file,sortOrder=0,iDate=Thu Dec 15 17:19:14 UTC 2011,type=structure,owner=<null>,inode=33888b6f-7a8e-4069-b1b6-5c1aa9d0a48d,identifier=33888b6f-7a8e-4069-b1b6-5c1aa9d0a48d] ] -- ip:ukn,user:null
[19/06/23 15:17:11:912 UTC]  INFO util.PushPublishLogger: class com.dotcms.enterprise.publishing.remote.handler.LanguageVariablesHandler : [BundleID: application_containers_folder.tar.gz] Language File publish success, Name: cms_language_en.properties
[19/06/23 15:17:11:913 UTC]  INFO util.PushPublishLogger: class com.dotcms.enterprise.publishing.remote.handler.LanguageVariablesHandler : [BundleID: application_containers_folder.tar.gz] Language File publish success, Name: cms_language_en_US.properties
[19/06/23 15:17:11:913 UTC]  INFO util.PushPublishLogger: class com.dotcms.enterprise.publishing.remote.handler.LanguageVariablesHandler : [BundleID: application_containers_folder.tar.gz] Language File publish success, Name: cms_language_es.properties
[19/06/23 15:17:11:913 UTC]  INFO util.PushPublishLogger: class com.dotcms.enterprise.publishing.remote.handler.LanguageVariablesHandler : [BundleID: application_containers_folder.tar.gz] Language File publish success, Name: cms_language_es_ES.properties
[19/06/23 15:17:11:914 UTC]  INFO util.PushPublishLogger: class com.dotcms.enterprise.publishing.remote.handler.LanguageVariablesHandler : [BundleID: application_containers_folder.tar.gz] Language File publish success, Name: cms_language_fr.properties
[19/06/23 15:17:11:915 UTC]  INFO util.PushPublishLogger: class com.dotcms.enterprise.publishing.remote.handler.LanguageVariablesHandler : [BundleID: application_containers_folder.tar.gz] Language File publish success, Name: cms_language_fr_FR.properties
[19/06/23 15:17:11:916 UTC]  INFO util.PushPublishLogger: class com.dotcms.enterprise.publishing.remote.handler.LanguageVariablesHandler : [BundleID: application_containers_folder.tar.gz] Language File publish success, Name: cms_language_zh.properties
[19/06/23 15:17:11:916 UTC]  INFO util.PushPublishLogger: class com.dotcms.enterprise.publishing.remote.handler.LanguageVariablesHandler : [BundleID: application_containers_folder.tar.gz] Language File publish success, Name: cms_language_zh_CN.properties
[19/06/23 15:17:11:917 UTC]  INFO util.PushPublishLogger: class com.dotcms.enterprise.publishing.remote.handler.LanguageVariablesHandler : [BundleID: application_containers_folder.tar.gz] Language File publish success, Name: cms_language_zh_TW.properties
[19/06/23 15:17:11:944 UTC]  INFO util.ActivityLogger: class com.dotcms.content.elasticsearch.business.ESContentletAPIImpl: default : Saving Content , StartDate: N/D; EndDate: N/D; User:system; ContentIdentifier: 97484802ec1482d63635ef5fe15767da
[19/06/23 15:17:11:947 UTC]  INFO business.IdentifierAPIImpl: Creating new identifier for versionable asset of type `content` and title `dotasset.vtl` 
[19/06/23 15:17:11:979 UTC]  INFO business.ContentletIndexAPIImpl: Indexing: 97484802ec1482d63635ef5fe15767da : dotasset.vtl, includeDependencies: true, policy: FORCE
[19/06/23 15:17:12:008 UTC]  INFO util.ActivityLogger: class com.dotcms.content.elasticsearch.business.ESContentletAPIImpl: default : Content Saved , StartDate: N/D; EndDate: N/D; User:system; ContentIdentifier: 97484802ec1482d63635ef5fe15767da
[19/06/23 15:17:12:019 UTC]  INFO business.ContentletIndexAPIImpl: Indexing: 97484802ec1482d63635ef5fe15767da : dotasset.vtl, includeDependencies: false, policy: FORCE
[19/06/23 15:17:12:019 UTC]  INFO util.PushPublishLogger: class com.dotcms.enterprise.publishing.remote.handler.ContentHandler : [BundleID: application_containers_folder.tar.gz] Content publish success, ID: 97484802ec1482d63635ef5fe15767da, Inode: b7f3efc0-3ddb-4173-a4d8-518baf712ebf, Name: dotasset.vtl
[19/06/23 15:17:12:028 UTC]  INFO util.ActivityLogger: class com.dotcms.content.elasticsearch.business.ESContentletAPIImpl: default : Publishing Content , StartDate: N/D; EndDate: N/D; User:system; ContentIdentifier: 97484802ec1482d63635ef5fe15767da
[19/06/23 15:17:12:031 UTC]  INFO business.ContentletIndexAPIImpl: Indexing: 97484802ec1482d63635ef5fe15767da : dotasset.vtl, includeDependencies: true, policy: FORCE
[19/06/23 15:17:12:053 UTC]  INFO util.ActivityLogger: class com.dotcms.content.elasticsearch.business.ESContentletAPIImpl: default : Content Published , StartDate: N/D; EndDate: N/D; User:system; ContentIdentifier: 97484802ec1482d63635ef5fe15767da
[19/06/23 15:17:12:055 UTC]  INFO business.ContentletIndexAPIImpl: Indexing: 97484802ec1482d63635ef5fe15767da : dotasset.vtl, includeDependencies: true, policy: FORCE
[19/06/23 15:17:12:064 UTC]  INFO util.SecurityLogger: class com.dotmarketing.portlets.workflows.business.WorkflowAPIImpl : Workflow task with id: '5960212b-f385-454c-b5f8-c1e609e74b7c' has been saved. -- ip:ukn,user:null
[19/06/23 15:17:12:064 UTC]  INFO util.PushPublishLogger: class com.dotcms.enterprise.publishing.remote.handler.ContentWorkflowHandler : [BundleID: application_containers_folder.tar.gz] Content Workflow publish success, ID: 97484802ec1482d63635ef5fe15767da
[19/06/23 15:17:12:782 UTC]  INFO reindex.ReindexThread: --- Unpausing reindex thread 
[19/06/23 15:17:13:528 UTC]  INFO reindex.ReindexQueueAPIImpl: addIdentifierReindex: 97484802ec1482d63635ef5fe15767da
[19/06/23 15:17:13:534 UTC]  INFO reindex.ReindexThread: --- Unpausing reindex thread 
[19/06/23 15:17:13:740 UTC]  INFO reindex.BulkProcessorListener: -----------
[19/06/23 15:17:13:740 UTC]  INFO reindex.BulkProcessorListener: Reindexing Server #  : 1 of 1
[19/06/23 15:17:13:740 UTC]  INFO reindex.BulkProcessorListener: Total Indexed        : 0
[19/06/23 15:17:13:740 UTC]  INFO reindex.BulkProcessorListener: ReindexEntries found : 1
[19/06/23 15:17:13:740 UTC]  INFO reindex.BulkProcessorListener: BulkRequests created : 2
[19/06/23 15:17:13:740 UTC]  INFO reindex.BulkProcessorListener: -----------
[19/06/23 15:17:17:784 UTC]  INFO concurrent.Debouncer: Debouncing : invalidateGraphSchema after 5000 MILLISECONDS
[19/06/23 15:17:22:595 UTC]  INFO util.PushPublishLogger: class com.dotcms.rest.PushPublisherJob : [BundleID: application_containers_folder.tar.gz] Finished bundle publish process
[19/06/23 15:17:22:595 UTC]  INFO rest.PushPublisherJob: Finished bundle publish process
[19/06/23 15:17:25:726 UTC]  INFO util.SecurityLogger: class com.dotmarketing.cms.login.factories.LoginFactory : User admin@dotcms.com has sucessfully logged in from IP: 172.19.0.1 -- ip:172.19.0.1,user:Admin User [ID: dotcms.org.1][email:admin@dotcms.com]
[19/06/23 15:17:25:757 UTC]  INFO business.DeterministicIdentifierAPIImpl: hashing id: folder:default/application/containers/test to 971253350bee3d3d1514e9d5673ded9d
[19/06/23 15:17:31:815 UTC]  INFO util.SecurityLogger: class com.dotmarketing.cms.login.factories.LoginFactory : User admin@dotcms.com has sucessfully logged in from IP: 172.19.0.1 -- ip:172.19.0.1,user:Admin User [ID: dotcms.org.1][email:admin@dotcms.com]
[19/06/23 15:17:32:074 UTC]  INFO util.ActivityLogger: class com.dotcms.content.elasticsearch.business.ESContentletAPIImpl: default : Saving Content , StartDate: N/D; EndDate: N/D; User:dotcms.org.1; ContentIdentifier: 
[19/06/23 15:17:32:081 UTC]  INFO business.IdentifierAPIImpl: Creating new identifier for versionable asset of type `content` and title `container.vtl` 
[19/06/23 15:17:32:082 UTC]  INFO business.DeterministicIdentifierAPIImpl: hashing id: fileasset:default/application/containers/test/container.vtl to 0eb4d77ee7df4372604bdb32f97f9b25
[19/06/23 15:17:32:126 UTC]  INFO util.ActivityLogger: class com.dotcms.content.elasticsearch.business.ESContentletAPIImpl: default : Content Saved , StartDate: N/D; EndDate: N/D; User:dotcms.org.1; ContentIdentifier: 0eb4d77ee7df4372604bdb32f97f9b25
[19/06/23 15:17:32:129 UTC]  INFO util.ActivityLogger: class com.dotcms.content.elasticsearch.business.ESContentletAPIImpl: default : Publishing Content , StartDate: N/D; EndDate: N/D; User:dotcms.org.1; ContentIdentifier: 0eb4d77ee7df4372604bdb32f97f9b25
[19/06/23 15:17:32:175 UTC]  INFO util.ActivityLogger: class com.dotcms.content.elasticsearch.business.ESContentletAPIImpl: default : Content Published , StartDate: N/D; EndDate: N/D; User:dotcms.org.1; ContentIdentifier: 0eb4d77ee7df4372604bdb32f97f9b25
[19/06/23 15:17:32:179 UTC]  INFO util.SecurityLogger: class com.dotmarketing.portlets.workflows.business.WorkflowAPIImpl : Workflow task 'dd83caeb-5fb3-4538-81eb-5f3f0a67e01f' has been saved. -- ip:172.19.0.1,user:Admin User [ID: dotcms.org.1][email:admin@dotcms.com]
[19/06/23 15:17:32:183 UTC]  WARN struts.MultiMessageResources: Duplicate resource property definition (key=was ==> is now): contenttypes.content.copy=Copy ==> Copy
[19/06/23 15:17:32:186 UTC]  WARN struts.MultiMessageResources: Duplicate resource property definition (key=was ==> is now): message.category.import=Importing Categories.  This operation cannot be cancelled or undone. ==> IMPORT
[19/06/23 15:17:32:186 UTC]  WARN struts.MultiMessageResources: Duplicate resource property definition (key=was ==> is now): message.containers.create.content_type_code=Content Type Code ==> Content Type Code
[19/06/23 15:17:32:192 UTC]  WARN struts.MultiMessageResources: Duplicate resource property definition (key=was ==> is now): Save=Save ==> Save
[19/06/23 15:17:32:194 UTC]  WARN struts.MultiMessageResources: Duplicate resource property definition (key=was ==> is now): Move=Move ==> Move
[19/06/23 15:17:32:196 UTC]  WARN struts.MultiMessageResources: Duplicate resource property definition (key=was ==> is now): archived=archived ==> Archived
[19/06/23 15:17:32:203 UTC]  INFO util.SecurityLogger: class com.dotmarketing.portlets.workflows.business.WorkflowAPIImpl : Workflow History 'acff4337-71dd-4394-abc2-51a14ea91037' has been saved. -- ip:172.19.0.1,user:Admin User [ID: dotcms.org.1][email:admin@dotcms.com]
[19/06/23 15:17:32:203 UTC]  INFO business.WorkflowAPIImpl: Needs reindex, adding the contentlet to the index at the end of the workflow execution
[19/06/23 15:17:32:203 UTC]  INFO business.ContentletIndexAPIImpl: Indexing: 0eb4d77ee7df4372604bdb32f97f9b25 : container.vtl, includeDependencies: true, policy: FORCE
[19/06/23 15:17:32:208 UTC]  INFO business.WorkflowAPIImpl: Added contentlet to the index at the end of the workflow execution, dependencies: true
[19/06/23 15:17:32:208 UTC]  INFO reindex.ReindexQueueAPIImpl: addIdentifierReindex: 0eb4d77ee7df4372604bdb32f97f9b25
[19/06/23 15:17:32:502 UTC]  INFO reindex.ReindexThread: --- Unpausing reindex thread 
[19/06/23 15:17:32:556 UTC]  INFO reindex.BulkProcessorListener: -----------
[19/06/23 15:17:32:557 UTC]  INFO reindex.BulkProcessorListener: Reindexing Server #  : 1 of 1
[19/06/23 15:17:32:558 UTC]  INFO reindex.BulkProcessorListener: Total Indexed        : 0
[19/06/23 15:17:32:559 UTC]  INFO reindex.BulkProcessorListener: ReindexEntries found : 1
[19/06/23 15:17:32:560 UTC]  INFO reindex.BulkProcessorListener: BulkRequests created : 2
[19/06/23 15:17:32:561 UTC]  INFO reindex.BulkProcessorListener: -----------
[19/06/23 15:17:41:611 UTC]  INFO util.SecurityLogger: class com.dotmarketing.cms.login.factories.LoginFactory : User admin@dotcms.com has sucessfully logged in from IP: 172.19.0.1 -- ip:172.19.0.1,user:Admin User [ID: dotcms.org.1][email:admin@dotcms.com]
[19/06/23 15:17:42:160 UTC]  INFO util.SecurityLogger: class com.dotcms.rest.api.v1.authentication.LogoutResource : User Admin User (dotcms.org.1) has logged out from IP: 172.19.0.1 -- ip:172.19.0.1,user:Admin User [ID: dotcms.org.1][email:admin@dotcms.com]
[19/06/23 15:17:42:203 UTC]  WARN rest.WebResource: InitDataObject Error: uri:/api/v1/containers err:Invalid User
[19/06/23 15:17:42:204 UTC]  WARN rest.WebResource: Invalid User
[19/06/23 15:17:42:205 UTC]  WARN rest.WebResource: com.dotcms.rest.WebResource.authenticate(WebResource.java:522)
[19/06/23 15:17:46:175 UTC]  INFO util.SecurityLogger: class com.dotcms.cms.login.LoginServiceAPIFactory$LoginServiceImpl : User dotcms.org.1 has successfully login from IP: 172.19.0.1 -- ip:172.19.0.1,user:Admin User [ID: dotcms.org.1][email:admin@dotcms.com]
[19/06/23 15:17:46:178 UTC]  WARN mapper.ResourceNotFoundExceptionMapper: Can't find Container:NOTFOUNDCONTAINER
org.apache.velocity.exception.ResourceNotFoundException: Can't find Container:NOTFOUNDCONTAINER
	at com.dotcms.rest.api.v1.container.ContainerResource.lambda$getContainer$1(ContainerResource.java:502) ~[dotcms_master_811bc97.jar:?]
	at java.util.Optional.orElseGet(Optional.java:369) ~[?:?]
	at com.dotcms.rest.api.v1.container.ContainerResource.getContainer(ContainerResource.java:501) ~[dotcms_master_811bc97.jar:?]
	at com.dotcms.rest.api.v1.container.ContainerResource.getContainer(ContainerResource.java:452) ~[dotcms_master_811bc97.jar:?]
	at com.dotcms.rest.api.v1.container.ContainerResource.getContainerWorking(ContainerResource.java:435) ~[dotcms_master_811bc97.jar:?]
	at com.dotcms.rest.api.v1.container.ContainerResource.update(ContainerResource.java:732) ~[dotcms_master_811bc97.jar:?]
	at jdk.internal.reflect.NativeMethodAccessorImpl.invoke0(Native Method) ~[?:?]
	at jdk.internal.reflect.NativeMethodAccessorImpl.invoke(NativeMethodAccessorImpl.java:62) ~[?:?]
	at jdk.internal.reflect.DelegatingMethodAccessorImpl.invoke(DelegatingMethodAccessorImpl.java:43) ~[?:?]
	at java.lang.reflect.Method.invoke(Method.java:566) ~[?:?]
	at org.glassfish.jersey.server.model.internal.ResourceMethodInvocationHandlerFactory$1.invoke(ResourceMethodInvocationHandlerFactory.java:81) ~[jersey-server-2.22.1.jar:?]
	at org.glassfish.jersey.server.model.internal.AbstractJavaResourceMethodDispatcher$1.run(AbstractJavaResourceMethodDispatcher.java:144) ~[jersey-server-2.22.1.jar:?]
	at org.glassfish.jersey.server.model.internal.AbstractJavaResourceMethodDispatcher.invoke(AbstractJavaResourceMethodDispatcher.java:161) ~[jersey-server-2.22.1.jar:?]
	at org.glassfish.jersey.server.model.internal.JavaResourceMethodDispatcherProvider$ResponseOutInvoker.doDispatch(JavaResourceMethodDispatcherProvider.java:160) ~[jersey-server-2.22.1.jar:?]
	at org.glassfish.jersey.server.model.internal.AbstractJavaResourceMethodDispatcher.dispatch(AbstractJavaResourceMethodDispatcher.java:99) ~[jersey-server-2.22.1.jar:?]
	at org.glassfish.jersey.server.model.ResourceMethodInvoker.invoke(ResourceMethodInvoker.java:389) ~[jersey-server-2.22.1.jar:?]
	at org.glassfish.jersey.server.model.ResourceMethodInvoker.apply(ResourceMethodInvoker.java:347) ~[jersey-server-2.22.1.jar:?]
	at org.glassfish.jersey.server.model.ResourceMethodInvoker.apply(ResourceMethodInvoker.java:102) ~[jersey-server-2.22.1.jar:?]
	at org.glassfish.jersey.server.ServerRuntime$2.run(ServerRuntime.java:326) ~[jersey-server-2.22.1.jar:?]
	at org.glassfish.jersey.internal.Errors$1.call(Errors.java:271) ~[jersey-common-2.22.1.jar:?]
	at org.glassfish.jersey.internal.Errors$1.call(Errors.java:267) ~[jersey-common-2.22.1.jar:?]
	at org.glassfish.jersey.internal.Errors.process(Errors.java:315) ~[jersey-common-2.22.1.jar:?]
	at org.glassfish.jersey.internal.Errors.process(Errors.java:297) ~[jersey-common-2.22.1.jar:?]
	at org.glassfish.jersey.internal.Errors.process(Errors.java:267) ~[jersey-common-2.22.1.jar:?]
	at org.glassfish.jersey.process.internal.RequestScope.runInScope(RequestScope.java:317) ~[jersey-common-2.22.1.jar:?]
	at org.glassfish.jersey.server.ServerRuntime.process(ServerRuntime.java:305) ~[jersey-server-2.22.1.jar:?]
	at org.glassfish.jersey.server.ApplicationHandler.handle(ApplicationHandler.java:1154) ~[jersey-server-2.22.1.jar:?]
	at org.glassfish.jersey.servlet.WebComponent.serviceImpl(WebComponent.java:471) ~[jersey-container-servlet-core-2.22.1.jar:?]
	at org.glassfish.jersey.servlet.WebComponent.service(WebComponent.java:425) ~[jersey-container-servlet-core-2.22.1.jar:?]
	at org.glassfish.jersey.servlet.ServletContainer.service(ServletContainer.java:383) ~[jersey-container-servlet-core-2.22.1.jar:?]
	at org.glassfish.jersey.servlet.ServletContainer.service(ServletContainer.java:336) ~[jersey-container-servlet-core-2.22.1.jar:?]
	at org.glassfish.jersey.servlet.ServletContainer.service(ServletContainer.java:223) ~[jersey-container-servlet-core-2.22.1.jar:?]
	at com.dotcms.rest.servlet.ReloadableServletContainer.service(ReloadableServletContainer.java:117) ~[dotcms_master_811bc97.jar:?]
	at org.apache.catalina.core.ApplicationFilterChain.internalDoFilter(ApplicationFilterChain.java:227) ~[catalina.jar:9.0.60]
	at org.apache.catalina.core.ApplicationFilterChain.doFilter(ApplicationFilterChain.java:162) ~[catalina.jar:9.0.60]
	at org.apache.tomcat.websocket.server.WsFilter.doFilter(WsFilter.java:53) ~[tomcat-websocket.jar:9.0.60]
	at org.apache.catalina.core.ApplicationFilterChain.internalDoFilter(ApplicationFilterChain.java:189) ~[catalina.jar:9.0.60]
	at org.apache.catalina.core.ApplicationFilterChain.doFilter(ApplicationFilterChain.java:162) ~[catalina.jar:9.0.60]
	at com.dotmarketing.filters.CMSFilter.doFilterInternal(CMSFilter.java:181) ~[dotcms_master_811bc97.jar:?]
	at com.dotmarketing.filters.CMSFilter.doFilter(CMSFilter.java:61) ~[dotcms_master_811bc97.jar:?]
	at org.apache.catalina.core.ApplicationFilterChain.internalDoFilter(ApplicationFilterChain.java:189) ~[catalina.jar:9.0.60]
	at org.apache.catalina.core.ApplicationFilterChain.doFilter(ApplicationFilterChain.java:162) ~[catalina.jar:9.0.60]
	at com.dotcms.filters.interceptor.AbstractWebInterceptorSupportFilter.doFilter(AbstractWebInterceptorSupportFilter.java:90) ~[dotcms_master_811bc97.jar:?]
	at org.apache.catalina.core.ApplicationFilterChain.internalDoFilter(ApplicationFilterChain.java:189) ~[catalina.jar:9.0.60]
	at org.apache.catalina.core.ApplicationFilterChain.doFilter(ApplicationFilterChain.java:162) ~[catalina.jar:9.0.60]
	at com.dotcms.filters.interceptor.AbstractWebInterceptorSupportFilter.doFilter(AbstractWebInterceptorSupportFilter.java:90) ~[dotcms_master_811bc97.jar:?]
	at org.apache.catalina.core.ApplicationFilterChain.internalDoFilter(ApplicationFilterChain.java:189) ~[catalina.jar:9.0.60]
	at org.apache.catalina.core.ApplicationFilterChain.doFilter(ApplicationFilterChain.java:162) ~[catalina.jar:9.0.60]
	at com.dotcms.visitor.filter.servlet.VisitorFilter.doFilter(VisitorFilter.java:81) ~[dotcms_master_811bc97.jar:?]
	at org.apache.catalina.core.ApplicationFilterChain.internalDoFilter(ApplicationFilterChain.java:189) ~[catalina.jar:9.0.60]
	at org.apache.catalina.core.ApplicationFilterChain.doFilter(ApplicationFilterChain.java:162) ~[catalina.jar:9.0.60]
	at com.dotcms.vanityurl.filters.VanityURLFilter.doFilter(VanityURLFilter.java:114) ~[dotcms_master_811bc97.jar:?]
	at org.apache.catalina.core.ApplicationFilterChain.internalDoFilter(ApplicationFilterChain.java:189) ~[catalina.jar:9.0.60]
	at org.apache.catalina.core.ApplicationFilterChain.doFilter(ApplicationFilterChain.java:162) ~[catalina.jar:9.0.60]
	at org.tuckey.web.filters.urlrewrite.RuleChain.handleRewrite(RuleChain.java:176) ~[urlrewritefilter-4.0.4.jar:4.0.4]
	at org.tuckey.web.filters.urlrewrite.RuleChain.doRules(RuleChain.java:145) ~[urlrewritefilter-4.0.4.jar:4.0.4]
	at org.tuckey.web.filters.urlrewrite.UrlRewriter.processRequest(UrlRewriter.java:92) ~[urlrewritefilter-4.0.4.jar:4.0.4]
	at org.tuckey.web.filters.urlrewrite.UrlRewriteFilter.doFilter(UrlRewriteFilter.java:389) ~[urlrewritefilter-4.0.4.jar:4.0.4]
	at org.apache.catalina.core.ApplicationFilterChain.internalDoFilter(ApplicationFilterChain.java:189) ~[catalina.jar:9.0.60]
	at org.apache.catalina.core.ApplicationFilterChain.doFilter(ApplicationFilterChain.java:162) ~[catalina.jar:9.0.60]
	at com.dotmarketing.filters.TimeMachineFilter.doFilter(TimeMachineFilter.java:67) ~[dotcms_master_811bc97.jar:?]
	at org.apache.catalina.core.ApplicationFilterChain.internalDoFilter(ApplicationFilterChain.java:189) ~[catalina.jar:9.0.60]
	at org.apache.catalina.core.ApplicationFilterChain.doFilter(ApplicationFilterChain.java:162) ~[catalina.jar:9.0.60]
	at com.dotmarketing.filters.ThreadNameFilter.doFilter(ThreadNameFilter.java:88) ~[dotcms_master_811bc97.jar:?]
	at org.apache.catalina.core.ApplicationFilterChain.internalDoFilter(ApplicationFilterChain.java:189) ~[catalina.jar:9.0.60]
	at org.apache.catalina.core.ApplicationFilterChain.doFilter(ApplicationFilterChain.java:162) ~[catalina.jar:9.0.60]
	at com.dotmarketing.filters.CookiesFilter.doFilter(CookiesFilter.java:53) ~[dotcms_master_811bc97.jar:?]
	at org.apache.catalina.core.ApplicationFilterChain.internalDoFilter(ApplicationFilterChain.java:189) ~[catalina.jar:9.0.60]
	at org.apache.catalina.core.ApplicationFilterChain.doFilter(ApplicationFilterChain.java:162) ~[catalina.jar:9.0.60]
	at com.dotmarketing.filters.CharsetEncodingFilter.doFilter(CharsetEncodingFilter.java:99) ~[dotcms_master_811bc97.jar:?]
	at org.apache.catalina.core.ApplicationFilterChain.internalDoFilter(ApplicationFilterChain.java:189) ~[catalina.jar:9.0.60]
	at org.apache.catalina.core.ApplicationFilterChain.doFilter(ApplicationFilterChain.java:162) ~[catalina.jar:9.0.60]
	at com.dotcms.filters.interceptor.AbstractWebInterceptorSupportFilter.doFilter(AbstractWebInterceptorSupportFilter.java:90) ~[dotcms_master_811bc97.jar:?]
	at org.apache.catalina.core.ApplicationFilterChain.internalDoFilter(ApplicationFilterChain.java:189) ~[catalina.jar:9.0.60]
	at org.apache.catalina.core.ApplicationFilterChain.doFilter(ApplicationFilterChain.java:162) ~[catalina.jar:9.0.60]
	at org.apache.catalina.filters.HttpHeaderSecurityFilter.doFilter(HttpHeaderSecurityFilter.java:126) ~[catalina.jar:9.0.60]
	at org.apache.catalina.core.ApplicationFilterChain.internalDoFilter(ApplicationFilterChain.java:189) ~[catalina.jar:9.0.60]
	at org.apache.catalina.core.ApplicationFilterChain.doFilter(ApplicationFilterChain.java:162) ~[catalina.jar:9.0.60]
	at com.dotcms.filters.NormalizationFilter.doFilter(NormalizationFilter.java:89) ~[dotcms_master_811bc97.jar:?]
	at org.apache.catalina.core.ApplicationFilterChain.internalDoFilter(ApplicationFilterChain.java:189) ~[catalina.jar:9.0.60]
	at org.apache.catalina.core.ApplicationFilterChain.doFilter(ApplicationFilterChain.java:162) ~[catalina.jar:9.0.60]
	at org.apache.catalina.core.StandardWrapperValve.invoke(StandardWrapperValve.java:197) ~[catalina.jar:9.0.60]
	at org.apache.catalina.core.StandardContextValve.invoke(StandardContextValve.java:97) ~[catalina.jar:9.0.60]
	at org.apache.catalina.authenticator.AuthenticatorBase.invoke(AuthenticatorBase.java:541) ~[catalina.jar:9.0.60]
	at org.apache.catalina.core.StandardHostValve.invoke(StandardHostValve.java:135) ~[catalina.jar:9.0.60]
	at org.apache.catalina.valves.AbstractAccessLogValve.invoke(AbstractAccessLogValve.java:687) ~[catalina.jar:9.0.60]
	at org.apache.catalina.valves.ErrorReportValve.invoke(ErrorReportValve.java:92) ~[catalina.jar:9.0.60]
	at org.apache.catalina.valves.RemoteIpValve.invoke(RemoteIpValve.java:769) ~[catalina.jar:9.0.60]
	at org.apache.catalina.core.StandardEngineValve.invoke(StandardEngineValve.java:78) ~[catalina.jar:9.0.60]
	at org.apache.catalina.connector.CoyoteAdapter.service(CoyoteAdapter.java:360) ~[catalina.jar:9.0.60]
	at org.apache.coyote.http11.Http11Processor.service(Http11Processor.java:399) ~[tomcat-coyote.jar:9.0.60]
	at org.apache.coyote.AbstractProcessorLight.process(AbstractProcessorLight.java:65) ~[tomcat-coyote.jar:9.0.60]
	at org.apache.coyote.AbstractProtocol$ConnectionHandler.process(AbstractProtocol.java:889) ~[tomcat-coyote.jar:9.0.60]
	at org.apache.tomcat.util.net.Nio2Endpoint$SocketProcessor.doRun(Nio2Endpoint.java:1701) ~[tomcat-coyote.jar:9.0.60]
	at org.apache.tomcat.util.net.SocketProcessorBase.run(SocketProcessorBase.java:49) ~[tomcat-coyote.jar:9.0.60]
	at org.apache.tomcat.util.net.AbstractEndpoint.processSocket(AbstractEndpoint.java:1190) ~[tomcat-coyote.jar:9.0.60]
	at org.apache.tomcat.util.net.Nio2Endpoint$Nio2SocketWrapper$2.completed(Nio2Endpoint.java:633) ~[tomcat-coyote.jar:9.0.60]
	at org.apache.tomcat.util.net.Nio2Endpoint$Nio2SocketWrapper$2.completed(Nio2Endpoint.java:611) ~[tomcat-coyote.jar:9.0.60]
	at sun.nio.ch.Invoker.invokeUnchecked(Invoker.java:127) ~[?:?]
	at sun.nio.ch.UnixAsynchronousSocketChannelImpl.finishRead(UnixAsynchronousSocketChannelImpl.java:439) ~[?:?]
	at sun.nio.ch.UnixAsynchronousSocketChannelImpl.finish(UnixAsynchronousSocketChannelImpl.java:191) ~[?:?]
	at sun.nio.ch.UnixAsynchronousSocketChannelImpl.onEvent(UnixAsynchronousSocketChannelImpl.java:213) ~[?:?]
	at sun.nio.ch.EPollPort$EventHandlerTask.run(EPollPort.java:306) ~[?:?]
	at sun.nio.ch.AsynchronousChannelGroupImpl$1.run(AsynchronousChannelGroupImpl.java:112) ~[?:?]
	at java.util.concurrent.ThreadPoolExecutor.runWorker(ThreadPoolExecutor.java:1128) ~[?:?]
	at java.util.concurrent.ThreadPoolExecutor$Worker.run(ThreadPoolExecutor.java:628) ~[?:?]
	at java.lang.Thread.run(Thread.java:829) [?:?]
[19/06/23 15:17:49:235 UTC]  INFO util.SecurityLogger: class com.dotmarketing.cms.login.factories.LoginFactory : User admin@dotcms.com has sucessfully logged in from IP: 172.19.0.1 -- ip:172.19.0.1,user:Admin User [ID: dotcms.org.1][email:admin@dotcms.com]
[19/06/23 15:17:49:240 UTC]  WARN mapper.ResourceNotFoundExceptionMapper: Can't find Container:INVALIDCONTAINER
org.apache.velocity.exception.ResourceNotFoundException: Can't find Container:INVALIDCONTAINER
	at com.dotcms.rest.api.v1.container.ContainerResource.lambda$getContainer$1(ContainerResource.java:502) ~[dotcms_master_811bc97.jar:?]
	at java.util.Optional.orElseGet(Optional.java:369) ~[?:?]
	at com.dotcms.rest.api.v1.container.ContainerResource.getContainer(ContainerResource.java:501) ~[dotcms_master_811bc97.jar:?]
	at com.dotcms.rest.api.v1.container.ContainerResource.getContainer(ContainerResource.java:452) ~[dotcms_master_811bc97.jar:?]
	at com.dotcms.rest.api.v1.container.ContainerResource.getContainerWorking(ContainerResource.java:435) ~[dotcms_master_811bc97.jar:?]
	at com.dotcms.rest.api.v1.container.ContainerResource.getWorkingById(ContainerResource.java:844) ~[dotcms_master_811bc97.jar:?]
	at jdk.internal.reflect.NativeMethodAccessorImpl.invoke0(Native Method) ~[?:?]
	at jdk.internal.reflect.NativeMethodAccessorImpl.invoke(NativeMethodAccessorImpl.java:62) ~[?:?]
	at jdk.internal.reflect.DelegatingMethodAccessorImpl.invoke(DelegatingMethodAccessorImpl.java:43) ~[?:?]
	at java.lang.reflect.Method.invoke(Method.java:566) ~[?:?]
	at org.glassfish.jersey.server.model.internal.ResourceMethodInvocationHandlerFactory$1.invoke(ResourceMethodInvocationHandlerFactory.java:81) ~[jersey-server-2.22.1.jar:?]
	at org.glassfish.jersey.server.model.internal.AbstractJavaResourceMethodDispatcher$1.run(AbstractJavaResourceMethodDispatcher.java:144) ~[jersey-server-2.22.1.jar:?]
	at org.glassfish.jersey.server.model.internal.AbstractJavaResourceMethodDispatcher.invoke(AbstractJavaResourceMethodDispatcher.java:161) ~[jersey-server-2.22.1.jar:?]
	at org.glassfish.jersey.server.model.internal.JavaResourceMethodDispatcherProvider$ResponseOutInvoker.doDispatch(JavaResourceMethodDispatcherProvider.java:160) ~[jersey-server-2.22.1.jar:?]
	at org.glassfish.jersey.server.model.internal.AbstractJavaResourceMethodDispatcher.dispatch(AbstractJavaResourceMethodDispatcher.java:99) ~[jersey-server-2.22.1.jar:?]
	at org.glassfish.jersey.server.model.ResourceMethodInvoker.invoke(ResourceMethodInvoker.java:389) ~[jersey-server-2.22.1.jar:?]
	at org.glassfish.jersey.server.model.ResourceMethodInvoker.apply(ResourceMethodInvoker.java:347) ~[jersey-server-2.22.1.jar:?]
	at org.glassfish.jersey.server.model.ResourceMethodInvoker.apply(ResourceMethodInvoker.java:102) ~[jersey-server-2.22.1.jar:?]
	at org.glassfish.jersey.server.ServerRuntime$2.run(ServerRuntime.java:326) ~[jersey-server-2.22.1.jar:?]
	at org.glassfish.jersey.internal.Errors$1.call(Errors.java:271) ~[jersey-common-2.22.1.jar:?]
	at org.glassfish.jersey.internal.Errors$1.call(Errors.java:267) ~[jersey-common-2.22.1.jar:?]
	at org.glassfish.jersey.internal.Errors.process(Errors.java:315) ~[jersey-common-2.22.1.jar:?]
	at org.glassfish.jersey.internal.Errors.process(Errors.java:297) ~[jersey-common-2.22.1.jar:?]
	at org.glassfish.jersey.internal.Errors.process(Errors.java:267) ~[jersey-common-2.22.1.jar:?]
	at org.glassfish.jersey.process.internal.RequestScope.runInScope(RequestScope.java:317) ~[jersey-common-2.22.1.jar:?]
	at org.glassfish.jersey.server.ServerRuntime.process(ServerRuntime.java:305) ~[jersey-server-2.22.1.jar:?]
	at org.glassfish.jersey.server.ApplicationHandler.handle(ApplicationHandler.java:1154) ~[jersey-server-2.22.1.jar:?]
	at org.glassfish.jersey.servlet.WebComponent.serviceImpl(WebComponent.java:471) ~[jersey-container-servlet-core-2.22.1.jar:?]
	at org.glassfish.jersey.servlet.WebComponent.service(WebComponent.java:425) ~[jersey-container-servlet-core-2.22.1.jar:?]
	at org.glassfish.jersey.servlet.ServletContainer.service(ServletContainer.java:383) ~[jersey-container-servlet-core-2.22.1.jar:?]
	at org.glassfish.jersey.servlet.ServletContainer.service(ServletContainer.java:336) ~[jersey-container-servlet-core-2.22.1.jar:?]
	at org.glassfish.jersey.servlet.ServletContainer.service(ServletContainer.java:223) ~[jersey-container-servlet-core-2.22.1.jar:?]
	at com.dotcms.rest.servlet.ReloadableServletContainer.service(ReloadableServletContainer.java:117) ~[dotcms_master_811bc97.jar:?]
	at org.apache.catalina.core.ApplicationFilterChain.internalDoFilter(ApplicationFilterChain.java:227) ~[catalina.jar:9.0.60]
	at org.apache.catalina.core.ApplicationFilterChain.doFilter(ApplicationFilterChain.java:162) ~[catalina.jar:9.0.60]
	at org.apache.tomcat.websocket.server.WsFilter.doFilter(WsFilter.java:53) ~[tomcat-websocket.jar:9.0.60]
	at org.apache.catalina.core.ApplicationFilterChain.internalDoFilter(ApplicationFilterChain.java:189) ~[catalina.jar:9.0.60]
	at org.apache.catalina.core.ApplicationFilterChain.doFilter(ApplicationFilterChain.java:162) ~[catalina.jar:9.0.60]
	at com.dotmarketing.filters.CMSFilter.doFilterInternal(CMSFilter.java:181) ~[dotcms_master_811bc97.jar:?]
	at com.dotmarketing.filters.CMSFilter.doFilter(CMSFilter.java:61) ~[dotcms_master_811bc97.jar:?]
	at org.apache.catalina.core.ApplicationFilterChain.internalDoFilter(ApplicationFilterChain.java:189) ~[catalina.jar:9.0.60]
	at org.apache.catalina.core.ApplicationFilterChain.doFilter(ApplicationFilterChain.java:162) ~[catalina.jar:9.0.60]
	at com.dotcms.filters.interceptor.AbstractWebInterceptorSupportFilter.doFilter(AbstractWebInterceptorSupportFilter.java:90) ~[dotcms_master_811bc97.jar:?]
	at org.apache.catalina.core.ApplicationFilterChain.internalDoFilter(ApplicationFilterChain.java:189) ~[catalina.jar:9.0.60]
	at org.apache.catalina.core.ApplicationFilterChain.doFilter(ApplicationFilterChain.java:162) ~[catalina.jar:9.0.60]
	at com.dotcms.filters.interceptor.AbstractWebInterceptorSupportFilter.doFilter(AbstractWebInterceptorSupportFilter.java:90) ~[dotcms_master_811bc97.jar:?]
	at org.apache.catalina.core.ApplicationFilterChain.internalDoFilter(ApplicationFilterChain.java:189) ~[catalina.jar:9.0.60]
	at org.apache.catalina.core.ApplicationFilterChain.doFilter(ApplicationFilterChain.java:162) ~[catalina.jar:9.0.60]
	at com.dotcms.visitor.filter.servlet.VisitorFilter.doFilter(VisitorFilter.java:81) ~[dotcms_master_811bc97.jar:?]
	at org.apache.catalina.core.ApplicationFilterChain.internalDoFilter(ApplicationFilterChain.java:189) ~[catalina.jar:9.0.60]
	at org.apache.catalina.core.ApplicationFilterChain.doFilter(ApplicationFilterChain.java:162) ~[catalina.jar:9.0.60]
	at com.dotcms.vanityurl.filters.VanityURLFilter.doFilter(VanityURLFilter.java:114) ~[dotcms_master_811bc97.jar:?]
	at org.apache.catalina.core.ApplicationFilterChain.internalDoFilter(ApplicationFilterChain.java:189) ~[catalina.jar:9.0.60]
	at org.apache.catalina.core.ApplicationFilterChain.doFilter(ApplicationFilterChain.java:162) ~[catalina.jar:9.0.60]
	at org.tuckey.web.filters.urlrewrite.RuleChain.handleRewrite(RuleChain.java:176) ~[urlrewritefilter-4.0.4.jar:4.0.4]
	at org.tuckey.web.filters.urlrewrite.RuleChain.doRules(RuleChain.java:145) ~[urlrewritefilter-4.0.4.jar:4.0.4]
	at org.tuckey.web.filters.urlrewrite.UrlRewriter.processRequest(UrlRewriter.java:92) ~[urlrewritefilter-4.0.4.jar:4.0.4]
	at org.tuckey.web.filters.urlrewrite.UrlRewriteFilter.doFilter(UrlRewriteFilter.java:389) ~[urlrewritefilter-4.0.4.jar:4.0.4]
	at org.apache.catalina.core.ApplicationFilterChain.internalDoFilter(ApplicationFilterChain.java:189) ~[catalina.jar:9.0.60]
	at org.apache.catalina.core.ApplicationFilterChain.doFilter(ApplicationFilterChain.java:162) ~[catalina.jar:9.0.60]
	at com.dotmarketing.filters.TimeMachineFilter.doFilter(TimeMachineFilter.java:67) ~[dotcms_master_811bc97.jar:?]
	at org.apache.catalina.core.ApplicationFilterChain.internalDoFilter(ApplicationFilterChain.java:189) ~[catalina.jar:9.0.60]
	at org.apache.catalina.core.ApplicationFilterChain.doFilter(ApplicationFilterChain.java:162) ~[catalina.jar:9.0.60]
	at com.dotmarketing.filters.ThreadNameFilter.doFilter(ThreadNameFilter.java:88) ~[dotcms_master_811bc97.jar:?]
	at org.apache.catalina.core.ApplicationFilterChain.internalDoFilter(ApplicationFilterChain.java:189) ~[catalina.jar:9.0.60]
	at org.apache.catalina.core.ApplicationFilterChain.doFilter(ApplicationFilterChain.java:162) ~[catalina.jar:9.0.60]
	at com.dotmarketing.filters.CookiesFilter.doFilter(CookiesFilter.java:53) ~[dotcms_master_811bc97.jar:?]
	at org.apache.catalina.core.ApplicationFilterChain.internalDoFilter(ApplicationFilterChain.java:189) ~[catalina.jar:9.0.60]
	at org.apache.catalina.core.ApplicationFilterChain.doFilter(ApplicationFilterChain.java:162) ~[catalina.jar:9.0.60]
	at com.dotmarketing.filters.CharsetEncodingFilter.doFilter(CharsetEncodingFilter.java:99) ~[dotcms_master_811bc97.jar:?]
	at org.apache.catalina.core.ApplicationFilterChain.internalDoFilter(ApplicationFilterChain.java:189) ~[catalina.jar:9.0.60]
	at org.apache.catalina.core.ApplicationFilterChain.doFilter(ApplicationFilterChain.java:162) ~[catalina.jar:9.0.60]
	at com.dotcms.filters.interceptor.AbstractWebInterceptorSupportFilter.doFilter(AbstractWebInterceptorSupportFilter.java:90) ~[dotcms_master_811bc97.jar:?]
	at org.apache.catalina.core.ApplicationFilterChain.internalDoFilter(ApplicationFilterChain.java:189) ~[catalina.jar:9.0.60]
	at org.apache.catalina.core.ApplicationFilterChain.doFilter(ApplicationFilterChain.java:162) ~[catalina.jar:9.0.60]
	at org.apache.catalina.filters.HttpHeaderSecurityFilter.doFilter(HttpHeaderSecurityFilter.java:126) ~[catalina.jar:9.0.60]
	at org.apache.catalina.core.ApplicationFilterChain.internalDoFilter(ApplicationFilterChain.java:189) ~[catalina.jar:9.0.60]
	at org.apache.catalina.core.ApplicationFilterChain.doFilter(ApplicationFilterChain.java:162) ~[catalina.jar:9.0.60]
	at com.dotcms.filters.NormalizationFilter.doFilter(NormalizationFilter.java:89) ~[dotcms_master_811bc97.jar:?]
	at org.apache.catalina.core.ApplicationFilterChain.internalDoFilter(ApplicationFilterChain.java:189) ~[catalina.jar:9.0.60]
	at org.apache.catalina.core.ApplicationFilterChain.doFilter(ApplicationFilterChain.java:162) ~[catalina.jar:9.0.60]
	at org.apache.catalina.core.StandardWrapperValve.invoke(StandardWrapperValve.java:197) ~[catalina.jar:9.0.60]
	at org.apache.catalina.core.StandardContextValve.invoke(StandardContextValve.java:97) ~[catalina.jar:9.0.60]
	at org.apache.catalina.authenticator.AuthenticatorBase.invoke(AuthenticatorBase.java:541) ~[catalina.jar:9.0.60]
	at org.apache.catalina.core.StandardHostValve.invoke(StandardHostValve.java:135) ~[catalina.jar:9.0.60]
	at org.apache.catalina.valves.AbstractAccessLogValve.invoke(AbstractAccessLogValve.java:687) ~[catalina.jar:9.0.60]
	at org.apache.catalina.valves.ErrorReportValve.invoke(ErrorReportValve.java:92) ~[catalina.jar:9.0.60]
	at org.apache.catalina.valves.RemoteIpValve.invoke(RemoteIpValve.java:769) ~[catalina.jar:9.0.60]
	at org.apache.catalina.core.StandardEngineValve.invoke(StandardEngineValve.java:78) ~[catalina.jar:9.0.60]
	at org.apache.catalina.connector.CoyoteAdapter.service(CoyoteAdapter.java:360) ~[catalina.jar:9.0.60]
	at org.apache.coyote.http11.Http11Processor.service(Http11Processor.java:399) ~[tomcat-coyote.jar:9.0.60]
	at org.apache.coyote.AbstractProcessorLight.process(AbstractProcessorLight.java:65) ~[tomcat-coyote.jar:9.0.60]
	at org.apache.coyote.AbstractProtocol$ConnectionHandler.process(AbstractProtocol.java:889) ~[tomcat-coyote.jar:9.0.60]
	at org.apache.tomcat.util.net.Nio2Endpoint$SocketProcessor.doRun(Nio2Endpoint.java:1701) ~[tomcat-coyote.jar:9.0.60]
	at org.apache.tomcat.util.net.SocketProcessorBase.run(SocketProcessorBase.java:49) ~[tomcat-coyote.jar:9.0.60]
	at org.apache.tomcat.util.net.AbstractEndpoint.processSocket(AbstractEndpoint.java:1190) ~[tomcat-coyote.jar:9.0.60]
	at org.apache.tomcat.util.net.Nio2Endpoint$Nio2SocketWrapper$2.completed(Nio2Endpoint.java:633) ~[tomcat-coyote.jar:9.0.60]
	at org.apache.tomcat.util.net.Nio2Endpoint$Nio2SocketWrapper$2.completed(Nio2Endpoint.java:611) ~[tomcat-coyote.jar:9.0.60]
	at sun.nio.ch.Invoker.invokeUnchecked(Invoker.java:127) ~[?:?]
	at sun.nio.ch.UnixAsynchronousSocketChannelImpl.finishRead(UnixAsynchronousSocketChannelImpl.java:439) ~[?:?]
	at sun.nio.ch.UnixAsynchronousSocketChannelImpl.finish(UnixAsynchronousSocketChannelImpl.java:191) ~[?:?]
	at sun.nio.ch.UnixAsynchronousSocketChannelImpl.onEvent(UnixAsynchronousSocketChannelImpl.java:213) ~[?:?]
	at sun.nio.ch.EPollPort$EventHandlerTask.run(EPollPort.java:306) ~[?:?]
	at sun.nio.ch.AsynchronousChannelGroupImpl$1.run(AsynchronousChannelGroupImpl.java:112) ~[?:?]
	at java.util.concurrent.ThreadPoolExecutor.runWorker(ThreadPoolExecutor.java:1128) ~[?:?]
	at java.util.concurrent.ThreadPoolExecutor$Worker.run(ThreadPoolExecutor.java:628) ~[?:?]
	at java.lang.Thread.run(Thread.java:829) [?:?]
[19/06/23 15:17:52:292 UTC]  INFO util.SecurityLogger: class com.dotmarketing.cms.login.factories.LoginFactory : User admin@dotcms.com has sucessfully logged in from IP: 172.19.0.1 -- ip:172.19.0.1,user:Admin User [ID: dotcms.org.1][email:admin@dotcms.com]
[19/06/23 15:17:52:317 UTC]  INFO util.SecurityLogger: class com.dotcms.rest.exception.mapper.NotFoundInDbExceptionMapper : no container found under: /application/containers/ -- ip:172.19.0.1,user:Admin User [ID: dotcms.org.1][email:admin@dotcms.com]
[19/06/23 15:17:55:382 UTC]  INFO util.SecurityLogger: class com.dotmarketing.cms.login.factories.LoginFactory : User admin@dotcms.com has sucessfully logged in from IP: 172.19.0.1 -- ip:172.19.0.1,user:Admin User [ID: dotcms.org.1][email:admin@dotcms.com]
[19/06/23 15:17:55:384 UTC]  WARN mapper.ResourceNotFoundExceptionMapper: Can't find Container:invalidContainer
org.apache.velocity.exception.ResourceNotFoundException: Can't find Container:invalidContainer
	at com.dotcms.rest.api.v1.container.ContainerResource.lambda$getContainer$1(ContainerResource.java:502) ~[dotcms_master_811bc97.jar:?]
	at java.util.Optional.orElseGet(Optional.java:369) ~[?:?]
	at com.dotcms.rest.api.v1.container.ContainerResource.getContainer(ContainerResource.java:501) ~[dotcms_master_811bc97.jar:?]
	at com.dotcms.rest.api.v1.container.ContainerResource.getContainer(ContainerResource.java:452) ~[dotcms_master_811bc97.jar:?]
	at com.dotcms.rest.api.v1.container.ContainerResource.getContainerLive(ContainerResource.java:447) ~[dotcms_master_811bc97.jar:?]
	at com.dotcms.rest.api.v1.container.ContainerResource.getLiveById(ContainerResource.java:801) ~[dotcms_master_811bc97.jar:?]
	at jdk.internal.reflect.NativeMethodAccessorImpl.invoke0(Native Method) ~[?:?]
	at jdk.internal.reflect.NativeMethodAccessorImpl.invoke(NativeMethodAccessorImpl.java:62) ~[?:?]
	at jdk.internal.reflect.DelegatingMethodAccessorImpl.invoke(DelegatingMethodAccessorImpl.java:43) ~[?:?]
	at java.lang.reflect.Method.invoke(Method.java:566) ~[?:?]
	at org.glassfish.jersey.server.model.internal.ResourceMethodInvocationHandlerFactory$1.invoke(ResourceMethodInvocationHandlerFactory.java:81) ~[jersey-server-2.22.1.jar:?]
	at org.glassfish.jersey.server.model.internal.AbstractJavaResourceMethodDispatcher$1.run(AbstractJavaResourceMethodDispatcher.java:144) ~[jersey-server-2.22.1.jar:?]
	at org.glassfish.jersey.server.model.internal.AbstractJavaResourceMethodDispatcher.invoke(AbstractJavaResourceMethodDispatcher.java:161) ~[jersey-server-2.22.1.jar:?]
	at org.glassfish.jersey.server.model.internal.JavaResourceMethodDispatcherProvider$ResponseOutInvoker.doDispatch(JavaResourceMethodDispatcherProvider.java:160) ~[jersey-server-2.22.1.jar:?]
	at org.glassfish.jersey.server.model.internal.AbstractJavaResourceMethodDispatcher.dispatch(AbstractJavaResourceMethodDispatcher.java:99) ~[jersey-server-2.22.1.jar:?]
	at org.glassfish.jersey.server.model.ResourceMethodInvoker.invoke(ResourceMethodInvoker.java:389) ~[jersey-server-2.22.1.jar:?]
	at org.glassfish.jersey.server.model.ResourceMethodInvoker.apply(ResourceMethodInvoker.java:347) ~[jersey-server-2.22.1.jar:?]
	at org.glassfish.jersey.server.model.ResourceMethodInvoker.apply(ResourceMethodInvoker.java:102) ~[jersey-server-2.22.1.jar:?]
	at org.glassfish.jersey.server.ServerRuntime$2.run(ServerRuntime.java:326) ~[jersey-server-2.22.1.jar:?]
	at org.glassfish.jersey.internal.Errors$1.call(Errors.java:271) ~[jersey-common-2.22.1.jar:?]
	at org.glassfish.jersey.internal.Errors$1.call(Errors.java:267) ~[jersey-common-2.22.1.jar:?]
	at org.glassfish.jersey.internal.Errors.process(Errors.java:315) ~[jersey-common-2.22.1.jar:?]
	at org.glassfish.jersey.internal.Errors.process(Errors.java:297) ~[jersey-common-2.22.1.jar:?]
	at org.glassfish.jersey.internal.Errors.process(Errors.java:267) ~[jersey-common-2.22.1.jar:?]
	at org.glassfish.jersey.process.internal.RequestScope.runInScope(RequestScope.java:317) ~[jersey-common-2.22.1.jar:?]
	at org.glassfish.jersey.server.ServerRuntime.process(ServerRuntime.java:305) ~[jersey-server-2.22.1.jar:?]
	at org.glassfish.jersey.server.ApplicationHandler.handle(ApplicationHandler.java:1154) ~[jersey-server-2.22.1.jar:?]
	at org.glassfish.jersey.servlet.WebComponent.serviceImpl(WebComponent.java:471) ~[jersey-container-servlet-core-2.22.1.jar:?]
	at org.glassfish.jersey.servlet.WebComponent.service(WebComponent.java:425) ~[jersey-container-servlet-core-2.22.1.jar:?]
	at org.glassfish.jersey.servlet.ServletContainer.service(ServletContainer.java:383) ~[jersey-container-servlet-core-2.22.1.jar:?]
	at org.glassfish.jersey.servlet.ServletContainer.service(ServletContainer.java:336) ~[jersey-container-servlet-core-2.22.1.jar:?]
	at org.glassfish.jersey.servlet.ServletContainer.service(ServletContainer.java:223) ~[jersey-container-servlet-core-2.22.1.jar:?]
	at com.dotcms.rest.servlet.ReloadableServletContainer.service(ReloadableServletContainer.java:117) ~[dotcms_master_811bc97.jar:?]
	at org.apache.catalina.core.ApplicationFilterChain.internalDoFilter(ApplicationFilterChain.java:227) ~[catalina.jar:9.0.60]
	at org.apache.catalina.core.ApplicationFilterChain.doFilter(ApplicationFilterChain.java:162) ~[catalina.jar:9.0.60]
	at org.apache.tomcat.websocket.server.WsFilter.doFilter(WsFilter.java:53) ~[tomcat-websocket.jar:9.0.60]
	at org.apache.catalina.core.ApplicationFilterChain.internalDoFilter(ApplicationFilterChain.java:189) ~[catalina.jar:9.0.60]
	at org.apache.catalina.core.ApplicationFilterChain.doFilter(ApplicationFilterChain.java:162) ~[catalina.jar:9.0.60]
	at com.dotmarketing.filters.CMSFilter.doFilterInternal(CMSFilter.java:181) ~[dotcms_master_811bc97.jar:?]
	at com.dotmarketing.filters.CMSFilter.doFilter(CMSFilter.java:61) ~[dotcms_master_811bc97.jar:?]
	at org.apache.catalina.core.ApplicationFilterChain.internalDoFilter(ApplicationFilterChain.java:189) ~[catalina.jar:9.0.60]
	at org.apache.catalina.core.ApplicationFilterChain.doFilter(ApplicationFilterChain.java:162) ~[catalina.jar:9.0.60]
	at com.dotcms.filters.interceptor.AbstractWebInterceptorSupportFilter.doFilter(AbstractWebInterceptorSupportFilter.java:90) ~[dotcms_master_811bc97.jar:?]
	at org.apache.catalina.core.ApplicationFilterChain.internalDoFilter(ApplicationFilterChain.java:189) ~[catalina.jar:9.0.60]
	at org.apache.catalina.core.ApplicationFilterChain.doFilter(ApplicationFilterChain.java:162) ~[catalina.jar:9.0.60]
	at com.dotcms.filters.interceptor.AbstractWebInterceptorSupportFilter.doFilter(AbstractWebInterceptorSupportFilter.java:90) ~[dotcms_master_811bc97.jar:?]
	at org.apache.catalina.core.ApplicationFilterChain.internalDoFilter(ApplicationFilterChain.java:189) ~[catalina.jar:9.0.60]
	at org.apache.catalina.core.ApplicationFilterChain.doFilter(ApplicationFilterChain.java:162) ~[catalina.jar:9.0.60]
	at com.dotcms.visitor.filter.servlet.VisitorFilter.doFilter(VisitorFilter.java:81) ~[dotcms_master_811bc97.jar:?]
	at org.apache.catalina.core.ApplicationFilterChain.internalDoFilter(ApplicationFilterChain.java:189) ~[catalina.jar:9.0.60]
	at org.apache.catalina.core.ApplicationFilterChain.doFilter(ApplicationFilterChain.java:162) ~[catalina.jar:9.0.60]
	at com.dotcms.vanityurl.filters.VanityURLFilter.doFilter(VanityURLFilter.java:114) ~[dotcms_master_811bc97.jar:?]
	at org.apache.catalina.core.ApplicationFilterChain.internalDoFilter(ApplicationFilterChain.java:189) ~[catalina.jar:9.0.60]
	at org.apache.catalina.core.ApplicationFilterChain.doFilter(ApplicationFilterChain.java:162) ~[catalina.jar:9.0.60]
	at org.tuckey.web.filters.urlrewrite.RuleChain.handleRewrite(RuleChain.java:176) ~[urlrewritefilter-4.0.4.jar:4.0.4]
	at org.tuckey.web.filters.urlrewrite.RuleChain.doRules(RuleChain.java:145) ~[urlrewritefilter-4.0.4.jar:4.0.4]
	at org.tuckey.web.filters.urlrewrite.UrlRewriter.processRequest(UrlRewriter.java:92) ~[urlrewritefilter-4.0.4.jar:4.0.4]
	at org.tuckey.web.filters.urlrewrite.UrlRewriteFilter.doFilter(UrlRewriteFilter.java:389) ~[urlrewritefilter-4.0.4.jar:4.0.4]
	at org.apache.catalina.core.ApplicationFilterChain.internalDoFilter(ApplicationFilterChain.java:189) ~[catalina.jar:9.0.60]
	at org.apache.catalina.core.ApplicationFilterChain.doFilter(ApplicationFilterChain.java:162) ~[catalina.jar:9.0.60]
	at com.dotmarketing.filters.TimeMachineFilter.doFilter(TimeMachineFilter.java:67) ~[dotcms_master_811bc97.jar:?]
	at org.apache.catalina.core.ApplicationFilterChain.internalDoFilter(ApplicationFilterChain.java:189) ~[catalina.jar:9.0.60]
	at org.apache.catalina.core.ApplicationFilterChain.doFilter(ApplicationFilterChain.java:162) ~[catalina.jar:9.0.60]
	at com.dotmarketing.filters.ThreadNameFilter.doFilter(ThreadNameFilter.java:88) ~[dotcms_master_811bc97.jar:?]
	at org.apache.catalina.core.ApplicationFilterChain.internalDoFilter(ApplicationFilterChain.java:189) ~[catalina.jar:9.0.60]
	at org.apache.catalina.core.ApplicationFilterChain.doFilter(ApplicationFilterChain.java:162) ~[catalina.jar:9.0.60]
	at com.dotmarketing.filters.CookiesFilter.doFilter(CookiesFilter.java:53) ~[dotcms_master_811bc97.jar:?]
	at org.apache.catalina.core.ApplicationFilterChain.internalDoFilter(ApplicationFilterChain.java:189) ~[catalina.jar:9.0.60]
	at org.apache.catalina.core.ApplicationFilterChain.doFilter(ApplicationFilterChain.java:162) ~[catalina.jar:9.0.60]
	at com.dotmarketing.filters.CharsetEncodingFilter.doFilter(CharsetEncodingFilter.java:99) ~[dotcms_master_811bc97.jar:?]
	at org.apache.catalina.core.ApplicationFilterChain.internalDoFilter(ApplicationFilterChain.java:189) ~[catalina.jar:9.0.60]
	at org.apache.catalina.core.ApplicationFilterChain.doFilter(ApplicationFilterChain.java:162) ~[catalina.jar:9.0.60]
	at com.dotcms.filters.interceptor.AbstractWebInterceptorSupportFilter.doFilter(AbstractWebInterceptorSupportFilter.java:90) ~[dotcms_master_811bc97.jar:?]
	at org.apache.catalina.core.ApplicationFilterChain.internalDoFilter(ApplicationFilterChain.java:189) ~[catalina.jar:9.0.60]
	at org.apache.catalina.core.ApplicationFilterChain.doFilter(ApplicationFilterChain.java:162) ~[catalina.jar:9.0.60]
	at org.apache.catalina.filters.HttpHeaderSecurityFilter.doFilter(HttpHeaderSecurityFilter.java:126) ~[catalina.jar:9.0.60]
	at org.apache.catalina.core.ApplicationFilterChain.internalDoFilter(ApplicationFilterChain.java:189) ~[catalina.jar:9.0.60]
	at org.apache.catalina.core.ApplicationFilterChain.doFilter(ApplicationFilterChain.java:162) ~[catalina.jar:9.0.60]
	at com.dotcms.filters.NormalizationFilter.doFilter(NormalizationFilter.java:89) ~[dotcms_master_811bc97.jar:?]
	at org.apache.catalina.core.ApplicationFilterChain.internalDoFilter(ApplicationFilterChain.java:189) ~[catalina.jar:9.0.60]
	at org.apache.catalina.core.ApplicationFilterChain.doFilter(ApplicationFilterChain.java:162) ~[catalina.jar:9.0.60]
	at org.apache.catalina.core.StandardWrapperValve.invoke(StandardWrapperValve.java:197) ~[catalina.jar:9.0.60]
	at org.apache.catalina.core.StandardContextValve.invoke(StandardContextValve.java:97) ~[catalina.jar:9.0.60]
	at org.apache.catalina.authenticator.AuthenticatorBase.invoke(AuthenticatorBase.java:541) ~[catalina.jar:9.0.60]
	at org.apache.catalina.core.StandardHostValve.invoke(StandardHostValve.java:135) ~[catalina.jar:9.0.60]
	at org.apache.catalina.valves.AbstractAccessLogValve.invoke(AbstractAccessLogValve.java:687) ~[catalina.jar:9.0.60]
	at org.apache.catalina.valves.ErrorReportValve.invoke(ErrorReportValve.java:92) ~[catalina.jar:9.0.60]
	at org.apache.catalina.valves.RemoteIpValve.invoke(RemoteIpValve.java:769) ~[catalina.jar:9.0.60]
	at org.apache.catalina.core.StandardEngineValve.invoke(StandardEngineValve.java:78) ~[catalina.jar:9.0.60]
	at org.apache.catalina.connector.CoyoteAdapter.service(CoyoteAdapter.java:360) ~[catalina.jar:9.0.60]
	at org.apache.coyote.http11.Http11Processor.service(Http11Processor.java:399) ~[tomcat-coyote.jar:9.0.60]
	at org.apache.coyote.AbstractProcessorLight.process(AbstractProcessorLight.java:65) ~[tomcat-coyote.jar:9.0.60]
	at org.apache.coyote.AbstractProtocol$ConnectionHandler.process(AbstractProtocol.java:889) ~[tomcat-coyote.jar:9.0.60]
	at org.apache.tomcat.util.net.Nio2Endpoint$SocketProcessor.doRun(Nio2Endpoint.java:1701) ~[tomcat-coyote.jar:9.0.60]
	at org.apache.tomcat.util.net.SocketProcessorBase.run(SocketProcessorBase.java:49) ~[tomcat-coyote.jar:9.0.60]
	at org.apache.tomcat.util.net.AbstractEndpoint.processSocket(AbstractEndpoint.java:1190) ~[tomcat-coyote.jar:9.0.60]
	at org.apache.tomcat.util.net.Nio2Endpoint$Nio2SocketWrapper$2.completed(Nio2Endpoint.java:633) ~[tomcat-coyote.jar:9.0.60]
	at org.apache.tomcat.util.net.Nio2Endpoint$Nio2SocketWrapper$2.completed(Nio2Endpoint.java:611) ~[tomcat-coyote.jar:9.0.60]
	at sun.nio.ch.Invoker.invokeUnchecked(Invoker.java:127) ~[?:?]
	at sun.nio.ch.UnixAsynchronousSocketChannelImpl.finishRead(UnixAsynchronousSocketChannelImpl.java:439) ~[?:?]
	at sun.nio.ch.UnixAsynchronousSocketChannelImpl.finish(UnixAsynchronousSocketChannelImpl.java:191) ~[?:?]
	at sun.nio.ch.UnixAsynchronousSocketChannelImpl.onEvent(UnixAsynchronousSocketChannelImpl.java:213) ~[?:?]
	at sun.nio.ch.EPollPort$EventHandlerTask.run(EPollPort.java:306) ~[?:?]
	at sun.nio.ch.AsynchronousChannelGroupImpl$1.run(AsynchronousChannelGroupImpl.java:112) ~[?:?]
	at java.util.concurrent.ThreadPoolExecutor.runWorker(ThreadPoolExecutor.java:1128) ~[?:?]
	at java.util.concurrent.ThreadPoolExecutor$Worker.run(ThreadPoolExecutor.java:628) ~[?:?]
	at java.lang.Thread.run(Thread.java:829) [?:?]
[19/06/23 15:17:58:460 UTC]  INFO util.SecurityLogger: class com.dotmarketing.cms.login.factories.LoginFactory : User admin@dotcms.com has sucessfully logged in from IP: 172.19.0.1 -- ip:172.19.0.1,user:Admin User [ID: dotcms.org.1][email:admin@dotcms.com]
[19/06/23 15:17:58:465 UTC] ERROR container.ContainerResource: The container id is required
[19/06/23 15:17:58:465 UTC]  INFO util.SecurityLogger: class com.dotcms.rest.exception.mapper.DotBadRequestExceptionMapper : The container id is required -- ip:172.19.0.1,user:Admin User [ID: dotcms.org.1][email:admin@dotcms.com]
[19/06/23 15:18:01:510 UTC]  INFO util.SecurityLogger: class com.dotmarketing.cms.login.factories.LoginFactory : User admin@dotcms.com has sucessfully logged in from IP: 172.19.0.1 -- ip:172.19.0.1,user:Admin User [ID: dotcms.org.1][email:admin@dotcms.com]
[19/06/23 15:18:01:513 UTC]  WARN mapper.ResourceNotFoundExceptionMapper: Can't find Container:NOTFOUNDCONTAINER
org.apache.velocity.exception.ResourceNotFoundException: Can't find Container:NOTFOUNDCONTAINER
	at com.dotcms.rest.api.v1.container.ContainerResource.lambda$getContainer$1(ContainerResource.java:502) ~[dotcms_master_811bc97.jar:?]
	at java.util.Optional.orElseGet(Optional.java:369) ~[?:?]
	at com.dotcms.rest.api.v1.container.ContainerResource.getContainer(ContainerResource.java:501) ~[dotcms_master_811bc97.jar:?]
	at com.dotcms.rest.api.v1.container.ContainerResource.getContainer(ContainerResource.java:452) ~[dotcms_master_811bc97.jar:?]
	at com.dotcms.rest.api.v1.container.ContainerResource.getContainerWorking(ContainerResource.java:435) ~[dotcms_master_811bc97.jar:?]
	at com.dotcms.rest.api.v1.container.ContainerResource.publish(ContainerResource.java:897) ~[dotcms_master_811bc97.jar:?]
	at jdk.internal.reflect.NativeMethodAccessorImpl.invoke0(Native Method) ~[?:?]
	at jdk.internal.reflect.NativeMethodAccessorImpl.invoke(NativeMethodAccessorImpl.java:62) ~[?:?]
	at jdk.internal.reflect.DelegatingMethodAccessorImpl.invoke(DelegatingMethodAccessorImpl.java:43) ~[?:?]
	at java.lang.reflect.Method.invoke(Method.java:566) ~[?:?]
	at org.glassfish.jersey.server.model.internal.ResourceMethodInvocationHandlerFactory$1.invoke(ResourceMethodInvocationHandlerFactory.java:81) ~[jersey-server-2.22.1.jar:?]
	at org.glassfish.jersey.server.model.internal.AbstractJavaResourceMethodDispatcher$1.run(AbstractJavaResourceMethodDispatcher.java:144) ~[jersey-server-2.22.1.jar:?]
	at org.glassfish.jersey.server.model.internal.AbstractJavaResourceMethodDispatcher.invoke(AbstractJavaResourceMethodDispatcher.java:161) ~[jersey-server-2.22.1.jar:?]
	at org.glassfish.jersey.server.model.internal.JavaResourceMethodDispatcherProvider$ResponseOutInvoker.doDispatch(JavaResourceMethodDispatcherProvider.java:160) ~[jersey-server-2.22.1.jar:?]
	at org.glassfish.jersey.server.model.internal.AbstractJavaResourceMethodDispatcher.dispatch(AbstractJavaResourceMethodDispatcher.java:99) ~[jersey-server-2.22.1.jar:?]
	at org.glassfish.jersey.server.model.ResourceMethodInvoker.invoke(ResourceMethodInvoker.java:389) ~[jersey-server-2.22.1.jar:?]
	at org.glassfish.jersey.server.model.ResourceMethodInvoker.apply(ResourceMethodInvoker.java:347) ~[jersey-server-2.22.1.jar:?]
	at org.glassfish.jersey.server.model.ResourceMethodInvoker.apply(ResourceMethodInvoker.java:102) ~[jersey-server-2.22.1.jar:?]
	at org.glassfish.jersey.server.ServerRuntime$2.run(ServerRuntime.java:326) ~[jersey-server-2.22.1.jar:?]
	at org.glassfish.jersey.internal.Errors$1.call(Errors.java:271) ~[jersey-common-2.22.1.jar:?]
	at org.glassfish.jersey.internal.Errors$1.call(Errors.java:267) ~[jersey-common-2.22.1.jar:?]
	at org.glassfish.jersey.internal.Errors.process(Errors.java:315) ~[jersey-common-2.22.1.jar:?]
	at org.glassfish.jersey.internal.Errors.process(Errors.java:297) ~[jersey-common-2.22.1.jar:?]
	at org.glassfish.jersey.internal.Errors.process(Errors.java:267) ~[jersey-common-2.22.1.jar:?]
	at org.glassfish.jersey.process.internal.RequestScope.runInScope(RequestScope.java:317) ~[jersey-common-2.22.1.jar:?]
	at org.glassfish.jersey.server.ServerRuntime.process(ServerRuntime.java:305) ~[jersey-server-2.22.1.jar:?]
	at org.glassfish.jersey.server.ApplicationHandler.handle(ApplicationHandler.java:1154) ~[jersey-server-2.22.1.jar:?]
	at org.glassfish.jersey.servlet.WebComponent.serviceImpl(WebComponent.java:471) ~[jersey-container-servlet-core-2.22.1.jar:?]
	at org.glassfish.jersey.servlet.WebComponent.service(WebComponent.java:425) ~[jersey-container-servlet-core-2.22.1.jar:?]
	at org.glassfish.jersey.servlet.ServletContainer.service(ServletContainer.java:383) ~[jersey-container-servlet-core-2.22.1.jar:?]
	at org.glassfish.jersey.servlet.ServletContainer.service(ServletContainer.java:336) ~[jersey-container-servlet-core-2.22.1.jar:?]
	at org.glassfish.jersey.servlet.ServletContainer.service(ServletContainer.java:223) ~[jersey-container-servlet-core-2.22.1.jar:?]
	at com.dotcms.rest.servlet.ReloadableServletContainer.service(ReloadableServletContainer.java:117) ~[dotcms_master_811bc97.jar:?]
	at org.apache.catalina.core.ApplicationFilterChain.internalDoFilter(ApplicationFilterChain.java:227) ~[catalina.jar:9.0.60]
	at org.apache.catalina.core.ApplicationFilterChain.doFilter(ApplicationFilterChain.java:162) ~[catalina.jar:9.0.60]
	at org.apache.tomcat.websocket.server.WsFilter.doFilter(WsFilter.java:53) ~[tomcat-websocket.jar:9.0.60]
	at org.apache.catalina.core.ApplicationFilterChain.internalDoFilter(ApplicationFilterChain.java:189) ~[catalina.jar:9.0.60]
	at org.apache.catalina.core.ApplicationFilterChain.doFilter(ApplicationFilterChain.java:162) ~[catalina.jar:9.0.60]
	at com.dotmarketing.filters.CMSFilter.doFilterInternal(CMSFilter.java:181) ~[dotcms_master_811bc97.jar:?]
	at com.dotmarketing.filters.CMSFilter.doFilter(CMSFilter.java:61) ~[dotcms_master_811bc97.jar:?]
	at org.apache.catalina.core.ApplicationFilterChain.internalDoFilter(ApplicationFilterChain.java:189) ~[catalina.jar:9.0.60]
	at org.apache.catalina.core.ApplicationFilterChain.doFilter(ApplicationFilterChain.java:162) ~[catalina.jar:9.0.60]
	at com.dotcms.filters.interceptor.AbstractWebInterceptorSupportFilter.doFilter(AbstractWebInterceptorSupportFilter.java:90) ~[dotcms_master_811bc97.jar:?]
	at org.apache.catalina.core.ApplicationFilterChain.internalDoFilter(ApplicationFilterChain.java:189) ~[catalina.jar:9.0.60]
	at org.apache.catalina.core.ApplicationFilterChain.doFilter(ApplicationFilterChain.java:162) ~[catalina.jar:9.0.60]
	at com.dotcms.filters.interceptor.AbstractWebInterceptorSupportFilter.doFilter(AbstractWebInterceptorSupportFilter.java:90) ~[dotcms_master_811bc97.jar:?]
	at org.apache.catalina.core.ApplicationFilterChain.internalDoFilter(ApplicationFilterChain.java:189) ~[catalina.jar:9.0.60]
	at org.apache.catalina.core.ApplicationFilterChain.doFilter(ApplicationFilterChain.java:162) ~[catalina.jar:9.0.60]
	at com.dotcms.visitor.filter.servlet.VisitorFilter.doFilter(VisitorFilter.java:81) ~[dotcms_master_811bc97.jar:?]
	at org.apache.catalina.core.ApplicationFilterChain.internalDoFilter(ApplicationFilterChain.java:189) ~[catalina.jar:9.0.60]
	at org.apache.catalina.core.ApplicationFilterChain.doFilter(ApplicationFilterChain.java:162) ~[catalina.jar:9.0.60]
	at com.dotcms.vanityurl.filters.VanityURLFilter.doFilter(VanityURLFilter.java:114) ~[dotcms_master_811bc97.jar:?]
	at org.apache.catalina.core.ApplicationFilterChain.internalDoFilter(ApplicationFilterChain.java:189) ~[catalina.jar:9.0.60]
	at org.apache.catalina.core.ApplicationFilterChain.doFilter(ApplicationFilterChain.java:162) ~[catalina.jar:9.0.60]
	at org.tuckey.web.filters.urlrewrite.RuleChain.handleRewrite(RuleChain.java:176) ~[urlrewritefilter-4.0.4.jar:4.0.4]
	at org.tuckey.web.filters.urlrewrite.RuleChain.doRules(RuleChain.java:145) ~[urlrewritefilter-4.0.4.jar:4.0.4]
	at org.tuckey.web.filters.urlrewrite.UrlRewriter.processRequest(UrlRewriter.java:92) ~[urlrewritefilter-4.0.4.jar:4.0.4]
	at org.tuckey.web.filters.urlrewrite.UrlRewriteFilter.doFilter(UrlRewriteFilter.java:389) ~[urlrewritefilter-4.0.4.jar:4.0.4]
	at org.apache.catalina.core.ApplicationFilterChain.internalDoFilter(ApplicationFilterChain.java:189) ~[catalina.jar:9.0.60]
	at org.apache.catalina.core.ApplicationFilterChain.doFilter(ApplicationFilterChain.java:162) ~[catalina.jar:9.0.60]
	at com.dotmarketing.filters.TimeMachineFilter.doFilter(TimeMachineFilter.java:67) ~[dotcms_master_811bc97.jar:?]
	at org.apache.catalina.core.ApplicationFilterChain.internalDoFilter(ApplicationFilterChain.java:189) ~[catalina.jar:9.0.60]
	at org.apache.catalina.core.ApplicationFilterChain.doFilter(ApplicationFilterChain.java:162) ~[catalina.jar:9.0.60]
	at com.dotmarketing.filters.ThreadNameFilter.doFilter(ThreadNameFilter.java:88) ~[dotcms_master_811bc97.jar:?]
	at org.apache.catalina.core.ApplicationFilterChain.internalDoFilter(ApplicationFilterChain.java:189) ~[catalina.jar:9.0.60]
	at org.apache.catalina.core.ApplicationFilterChain.doFilter(ApplicationFilterChain.java:162) ~[catalina.jar:9.0.60]
	at com.dotmarketing.filters.CookiesFilter.doFilter(CookiesFilter.java:53) ~[dotcms_master_811bc97.jar:?]
	at org.apache.catalina.core.ApplicationFilterChain.internalDoFilter(ApplicationFilterChain.java:189) ~[catalina.jar:9.0.60]
	at org.apache.catalina.core.ApplicationFilterChain.doFilter(ApplicationFilterChain.java:162) ~[catalina.jar:9.0.60]
	at com.dotmarketing.filters.CharsetEncodingFilter.doFilter(CharsetEncodingFilter.java:99) ~[dotcms_master_811bc97.jar:?]
	at org.apache.catalina.core.ApplicationFilterChain.internalDoFilter(ApplicationFilterChain.java:189) ~[catalina.jar:9.0.60]
	at org.apache.catalina.core.ApplicationFilterChain.doFilter(ApplicationFilterChain.java:162) ~[catalina.jar:9.0.60]
	at com.dotcms.filters.interceptor.AbstractWebInterceptorSupportFilter.doFilter(AbstractWebInterceptorSupportFilter.java:90) ~[dotcms_master_811bc97.jar:?]
	at org.apache.catalina.core.ApplicationFilterChain.internalDoFilter(ApplicationFilterChain.java:189) ~[catalina.jar:9.0.60]
	at org.apache.catalina.core.ApplicationFilterChain.doFilter(ApplicationFilterChain.java:162) ~[catalina.jar:9.0.60]
	at org.apache.catalina.filters.HttpHeaderSecurityFilter.doFilter(HttpHeaderSecurityFilter.java:126) ~[catalina.jar:9.0.60]
	at org.apache.catalina.core.ApplicationFilterChain.internalDoFilter(ApplicationFilterChain.java:189) ~[catalina.jar:9.0.60]
	at org.apache.catalina.core.ApplicationFilterChain.doFilter(ApplicationFilterChain.java:162) ~[catalina.jar:9.0.60]
	at com.dotcms.filters.NormalizationFilter.doFilter(NormalizationFilter.java:89) ~[dotcms_master_811bc97.jar:?]
	at org.apache.catalina.core.ApplicationFilterChain.internalDoFilter(ApplicationFilterChain.java:189) ~[catalina.jar:9.0.60]
	at org.apache.catalina.core.ApplicationFilterChain.doFilter(ApplicationFilterChain.java:162) ~[catalina.jar:9.0.60]
	at org.apache.catalina.core.StandardWrapperValve.invoke(StandardWrapperValve.java:197) ~[catalina.jar:9.0.60]
	at org.apache.catalina.core.StandardContextValve.invoke(StandardContextValve.java:97) ~[catalina.jar:9.0.60]
	at org.apache.catalina.authenticator.AuthenticatorBase.invoke(AuthenticatorBase.java:541) ~[catalina.jar:9.0.60]
	at org.apache.catalina.core.StandardHostValve.invoke(StandardHostValve.java:135) ~[catalina.jar:9.0.60]
	at org.apache.catalina.valves.AbstractAccessLogValve.invoke(AbstractAccessLogValve.java:687) ~[catalina.jar:9.0.60]
	at org.apache.catalina.valves.ErrorReportValve.invoke(ErrorReportValve.java:92) ~[catalina.jar:9.0.60]
	at org.apache.catalina.valves.RemoteIpValve.invoke(RemoteIpValve.java:769) ~[catalina.jar:9.0.60]
	at org.apache.catalina.core.StandardEngineValve.invoke(StandardEngineValve.java:78) ~[catalina.jar:9.0.60]
	at org.apache.catalina.connector.CoyoteAdapter.service(CoyoteAdapter.java:360) ~[catalina.jar:9.0.60]
	at org.apache.coyote.http11.Http11Processor.service(Http11Processor.java:399) ~[tomcat-coyote.jar:9.0.60]
	at org.apache.coyote.AbstractProcessorLight.process(AbstractProcessorLight.java:65) ~[tomcat-coyote.jar:9.0.60]
	at org.apache.coyote.AbstractProtocol$ConnectionHandler.process(AbstractProtocol.java:889) ~[tomcat-coyote.jar:9.0.60]
	at org.apache.tomcat.util.net.Nio2Endpoint$SocketProcessor.doRun(Nio2Endpoint.java:1701) ~[tomcat-coyote.jar:9.0.60]
	at org.apache.tomcat.util.net.SocketProcessorBase.run(SocketProcessorBase.java:49) ~[tomcat-coyote.jar:9.0.60]
	at org.apache.tomcat.util.net.AbstractEndpoint.processSocket(AbstractEndpoint.java:1190) ~[tomcat-coyote.jar:9.0.60]
	at org.apache.tomcat.util.net.Nio2Endpoint.setSocketOptions(Nio2Endpoint.java:337) ~[tomcat-coyote.jar:9.0.60]
	at org.apache.tomcat.util.net.Nio2Endpoint$Nio2Acceptor.completed(Nio2Endpoint.java:471) ~[tomcat-coyote.jar:9.0.60]
	at org.apache.tomcat.util.net.Nio2Endpoint$Nio2Acceptor.completed(Nio2Endpoint.java:407) ~[tomcat-coyote.jar:9.0.60]
	at sun.nio.ch.Invoker.invokeUnchecked(Invoker.java:127) ~[?:?]
	at sun.nio.ch.Invoker$2.run(Invoker.java:219) ~[?:?]
	at sun.nio.ch.AsynchronousChannelGroupImpl$1.run(AsynchronousChannelGroupImpl.java:112) ~[?:?]
	at java.util.concurrent.ThreadPoolExecutor.runWorker(ThreadPoolExecutor.java:1128) ~[?:?]
	at java.util.concurrent.ThreadPoolExecutor$Worker.run(ThreadPoolExecutor.java:628) ~[?:?]
	at java.lang.Thread.run(Thread.java:829) [?:?]
[19/06/23 15:18:04:581 UTC]  INFO util.SecurityLogger: class com.dotmarketing.cms.login.factories.LoginFactory : User admin@dotcms.com has sucessfully logged in from IP: 172.19.0.1 -- ip:172.19.0.1,user:Admin User [ID: dotcms.org.1][email:admin@dotcms.com]
[19/06/23 15:18:04:588 UTC] ERROR container.ContainerResource: The container id is required
[19/06/23 15:18:04:588 UTC]  INFO util.SecurityLogger: class com.dotcms.rest.exception.mapper.DotBadRequestExceptionMapper : The container id is required -- ip:172.19.0.1,user:Admin User [ID: dotcms.org.1][email:admin@dotcms.com]
[19/06/23 15:18:07:637 UTC]  INFO util.SecurityLogger: class com.dotmarketing.cms.login.factories.LoginFactory : User admin@dotcms.com has sucessfully logged in from IP: 172.19.0.1 -- ip:172.19.0.1,user:Admin User [ID: dotcms.org.1][email:admin@dotcms.com]
[19/06/23 15:18:07:643 UTC]  WARN mapper.ResourceNotFoundExceptionMapper: Can't find Container:NOTFOUNDCONTAINER
org.apache.velocity.exception.ResourceNotFoundException: Can't find Container:NOTFOUNDCONTAINER
	at com.dotcms.rest.api.v1.container.ContainerResource.lambda$getContainer$1(ContainerResource.java:502) ~[dotcms_master_811bc97.jar:?]
	at java.util.Optional.orElseGet(Optional.java:369) ~[?:?]
	at com.dotcms.rest.api.v1.container.ContainerResource.getContainer(ContainerResource.java:501) ~[dotcms_master_811bc97.jar:?]
	at com.dotcms.rest.api.v1.container.ContainerResource.getContainer(ContainerResource.java:452) ~[dotcms_master_811bc97.jar:?]
	at com.dotcms.rest.api.v1.container.ContainerResource.getContainerWorking(ContainerResource.java:435) ~[dotcms_master_811bc97.jar:?]
	at com.dotcms.rest.api.v1.container.ContainerResource.unpublish(ContainerResource.java:952) ~[dotcms_master_811bc97.jar:?]
	at jdk.internal.reflect.NativeMethodAccessorImpl.invoke0(Native Method) ~[?:?]
	at jdk.internal.reflect.NativeMethodAccessorImpl.invoke(NativeMethodAccessorImpl.java:62) ~[?:?]
	at jdk.internal.reflect.DelegatingMethodAccessorImpl.invoke(DelegatingMethodAccessorImpl.java:43) ~[?:?]
	at java.lang.reflect.Method.invoke(Method.java:566) ~[?:?]
	at org.glassfish.jersey.server.model.internal.ResourceMethodInvocationHandlerFactory$1.invoke(ResourceMethodInvocationHandlerFactory.java:81) ~[jersey-server-2.22.1.jar:?]
	at org.glassfish.jersey.server.model.internal.AbstractJavaResourceMethodDispatcher$1.run(AbstractJavaResourceMethodDispatcher.java:144) ~[jersey-server-2.22.1.jar:?]
	at org.glassfish.jersey.server.model.internal.AbstractJavaResourceMethodDispatcher.invoke(AbstractJavaResourceMethodDispatcher.java:161) ~[jersey-server-2.22.1.jar:?]
	at org.glassfish.jersey.server.model.internal.JavaResourceMethodDispatcherProvider$ResponseOutInvoker.doDispatch(JavaResourceMethodDispatcherProvider.java:160) ~[jersey-server-2.22.1.jar:?]
	at org.glassfish.jersey.server.model.internal.AbstractJavaResourceMethodDispatcher.dispatch(AbstractJavaResourceMethodDispatcher.java:99) ~[jersey-server-2.22.1.jar:?]
	at org.glassfish.jersey.server.model.ResourceMethodInvoker.invoke(ResourceMethodInvoker.java:389) ~[jersey-server-2.22.1.jar:?]
	at org.glassfish.jersey.server.model.ResourceMethodInvoker.apply(ResourceMethodInvoker.java:347) ~[jersey-server-2.22.1.jar:?]
	at org.glassfish.jersey.server.model.ResourceMethodInvoker.apply(ResourceMethodInvoker.java:102) ~[jersey-server-2.22.1.jar:?]
	at org.glassfish.jersey.server.ServerRuntime$2.run(ServerRuntime.java:326) ~[jersey-server-2.22.1.jar:?]
	at org.glassfish.jersey.internal.Errors$1.call(Errors.java:271) ~[jersey-common-2.22.1.jar:?]
	at org.glassfish.jersey.internal.Errors$1.call(Errors.java:267) ~[jersey-common-2.22.1.jar:?]
	at org.glassfish.jersey.internal.Errors.process(Errors.java:315) ~[jersey-common-2.22.1.jar:?]
	at org.glassfish.jersey.internal.Errors.process(Errors.java:297) ~[jersey-common-2.22.1.jar:?]
	at org.glassfish.jersey.internal.Errors.process(Errors.java:267) ~[jersey-common-2.22.1.jar:?]
	at org.glassfish.jersey.process.internal.RequestScope.runInScope(RequestScope.java:317) ~[jersey-common-2.22.1.jar:?]
	at org.glassfish.jersey.server.ServerRuntime.process(ServerRuntime.java:305) ~[jersey-server-2.22.1.jar:?]
	at org.glassfish.jersey.server.ApplicationHandler.handle(ApplicationHandler.java:1154) ~[jersey-server-2.22.1.jar:?]
	at org.glassfish.jersey.servlet.WebComponent.serviceImpl(WebComponent.java:471) ~[jersey-container-servlet-core-2.22.1.jar:?]
	at org.glassfish.jersey.servlet.WebComponent.service(WebComponent.java:425) ~[jersey-container-servlet-core-2.22.1.jar:?]
	at org.glassfish.jersey.servlet.ServletContainer.service(ServletContainer.java:383) ~[jersey-container-servlet-core-2.22.1.jar:?]
	at org.glassfish.jersey.servlet.ServletContainer.service(ServletContainer.java:336) ~[jersey-container-servlet-core-2.22.1.jar:?]
	at org.glassfish.jersey.servlet.ServletContainer.service(ServletContainer.java:223) ~[jersey-container-servlet-core-2.22.1.jar:?]
	at com.dotcms.rest.servlet.ReloadableServletContainer.service(ReloadableServletContainer.java:117) ~[dotcms_master_811bc97.jar:?]
	at org.apache.catalina.core.ApplicationFilterChain.internalDoFilter(ApplicationFilterChain.java:227) ~[catalina.jar:9.0.60]
	at org.apache.catalina.core.ApplicationFilterChain.doFilter(ApplicationFilterChain.java:162) ~[catalina.jar:9.0.60]
	at org.apache.tomcat.websocket.server.WsFilter.doFilter(WsFilter.java:53) ~[tomcat-websocket.jar:9.0.60]
	at org.apache.catalina.core.ApplicationFilterChain.internalDoFilter(ApplicationFilterChain.java:189) ~[catalina.jar:9.0.60]
	at org.apache.catalina.core.ApplicationFilterChain.doFilter(ApplicationFilterChain.java:162) ~[catalina.jar:9.0.60]
	at com.dotmarketing.filters.CMSFilter.doFilterInternal(CMSFilter.java:181) ~[dotcms_master_811bc97.jar:?]
	at com.dotmarketing.filters.CMSFilter.doFilter(CMSFilter.java:61) ~[dotcms_master_811bc97.jar:?]
	at org.apache.catalina.core.ApplicationFilterChain.internalDoFilter(ApplicationFilterChain.java:189) ~[catalina.jar:9.0.60]
	at org.apache.catalina.core.ApplicationFilterChain.doFilter(ApplicationFilterChain.java:162) ~[catalina.jar:9.0.60]
	at com.dotcms.filters.interceptor.AbstractWebInterceptorSupportFilter.doFilter(AbstractWebInterceptorSupportFilter.java:90) ~[dotcms_master_811bc97.jar:?]
	at org.apache.catalina.core.ApplicationFilterChain.internalDoFilter(ApplicationFilterChain.java:189) ~[catalina.jar:9.0.60]
	at org.apache.catalina.core.ApplicationFilterChain.doFilter(ApplicationFilterChain.java:162) ~[catalina.jar:9.0.60]
	at com.dotcms.filters.interceptor.AbstractWebInterceptorSupportFilter.doFilter(AbstractWebInterceptorSupportFilter.java:90) ~[dotcms_master_811bc97.jar:?]
	at org.apache.catalina.core.ApplicationFilterChain.internalDoFilter(ApplicationFilterChain.java:189) ~[catalina.jar:9.0.60]
	at org.apache.catalina.core.ApplicationFilterChain.doFilter(ApplicationFilterChain.java:162) ~[catalina.jar:9.0.60]
	at com.dotcms.visitor.filter.servlet.VisitorFilter.doFilter(VisitorFilter.java:81) ~[dotcms_master_811bc97.jar:?]
	at org.apache.catalina.core.ApplicationFilterChain.internalDoFilter(ApplicationFilterChain.java:189) ~[catalina.jar:9.0.60]
	at org.apache.catalina.core.ApplicationFilterChain.doFilter(ApplicationFilterChain.java:162) ~[catalina.jar:9.0.60]
	at com.dotcms.vanityurl.filters.VanityURLFilter.doFilter(VanityURLFilter.java:114) ~[dotcms_master_811bc97.jar:?]
	at org.apache.catalina.core.ApplicationFilterChain.internalDoFilter(ApplicationFilterChain.java:189) ~[catalina.jar:9.0.60]
	at org.apache.catalina.core.ApplicationFilterChain.doFilter(ApplicationFilterChain.java:162) ~[catalina.jar:9.0.60]
	at org.tuckey.web.filters.urlrewrite.RuleChain.handleRewrite(RuleChain.java:176) ~[urlrewritefilter-4.0.4.jar:4.0.4]
	at org.tuckey.web.filters.urlrewrite.RuleChain.doRules(RuleChain.java:145) ~[urlrewritefilter-4.0.4.jar:4.0.4]
	at org.tuckey.web.filters.urlrewrite.UrlRewriter.processRequest(UrlRewriter.java:92) ~[urlrewritefilter-4.0.4.jar:4.0.4]
	at org.tuckey.web.filters.urlrewrite.UrlRewriteFilter.doFilter(UrlRewriteFilter.java:389) ~[urlrewritefilter-4.0.4.jar:4.0.4]
	at org.apache.catalina.core.ApplicationFilterChain.internalDoFilter(ApplicationFilterChain.java:189) ~[catalina.jar:9.0.60]
	at org.apache.catalina.core.ApplicationFilterChain.doFilter(ApplicationFilterChain.java:162) ~[catalina.jar:9.0.60]
	at com.dotmarketing.filters.TimeMachineFilter.doFilter(TimeMachineFilter.java:67) ~[dotcms_master_811bc97.jar:?]
	at org.apache.catalina.core.ApplicationFilterChain.internalDoFilter(ApplicationFilterChain.java:189) ~[catalina.jar:9.0.60]
	at org.apache.catalina.core.ApplicationFilterChain.doFilter(ApplicationFilterChain.java:162) ~[catalina.jar:9.0.60]
	at com.dotmarketing.filters.ThreadNameFilter.doFilter(ThreadNameFilter.java:88) ~[dotcms_master_811bc97.jar:?]
	at org.apache.catalina.core.ApplicationFilterChain.internalDoFilter(ApplicationFilterChain.java:189) ~[catalina.jar:9.0.60]
	at org.apache.catalina.core.ApplicationFilterChain.doFilter(ApplicationFilterChain.java:162) ~[catalina.jar:9.0.60]
	at com.dotmarketing.filters.CookiesFilter.doFilter(CookiesFilter.java:53) ~[dotcms_master_811bc97.jar:?]
	at org.apache.catalina.core.ApplicationFilterChain.internalDoFilter(ApplicationFilterChain.java:189) ~[catalina.jar:9.0.60]
	at org.apache.catalina.core.ApplicationFilterChain.doFilter(ApplicationFilterChain.java:162) ~[catalina.jar:9.0.60]
	at com.dotmarketing.filters.CharsetEncodingFilter.doFilter(CharsetEncodingFilter.java:99) ~[dotcms_master_811bc97.jar:?]
	at org.apache.catalina.core.ApplicationFilterChain.internalDoFilter(ApplicationFilterChain.java:189) ~[catalina.jar:9.0.60]
	at org.apache.catalina.core.ApplicationFilterChain.doFilter(ApplicationFilterChain.java:162) ~[catalina.jar:9.0.60]
	at com.dotcms.filters.interceptor.AbstractWebInterceptorSupportFilter.doFilter(AbstractWebInterceptorSupportFilter.java:90) ~[dotcms_master_811bc97.jar:?]
	at org.apache.catalina.core.ApplicationFilterChain.internalDoFilter(ApplicationFilterChain.java:189) ~[catalina.jar:9.0.60]
	at org.apache.catalina.core.ApplicationFilterChain.doFilter(ApplicationFilterChain.java:162) ~[catalina.jar:9.0.60]
	at org.apache.catalina.filters.HttpHeaderSecurityFilter.doFilter(HttpHeaderSecurityFilter.java:126) ~[catalina.jar:9.0.60]
	at org.apache.catalina.core.ApplicationFilterChain.internalDoFilter(ApplicationFilterChain.java:189) ~[catalina.jar:9.0.60]
	at org.apache.catalina.core.ApplicationFilterChain.doFilter(ApplicationFilterChain.java:162) ~[catalina.jar:9.0.60]
	at com.dotcms.filters.NormalizationFilter.doFilter(NormalizationFilter.java:89) ~[dotcms_master_811bc97.jar:?]
	at org.apache.catalina.core.ApplicationFilterChain.internalDoFilter(ApplicationFilterChain.java:189) ~[catalina.jar:9.0.60]
	at org.apache.catalina.core.ApplicationFilterChain.doFilter(ApplicationFilterChain.java:162) ~[catalina.jar:9.0.60]
	at org.apache.catalina.core.StandardWrapperValve.invoke(StandardWrapperValve.java:197) ~[catalina.jar:9.0.60]
	at org.apache.catalina.core.StandardContextValve.invoke(StandardContextValve.java:97) ~[catalina.jar:9.0.60]
	at org.apache.catalina.authenticator.AuthenticatorBase.invoke(AuthenticatorBase.java:541) ~[catalina.jar:9.0.60]
	at org.apache.catalina.core.StandardHostValve.invoke(StandardHostValve.java:135) ~[catalina.jar:9.0.60]
	at org.apache.catalina.valves.AbstractAccessLogValve.invoke(AbstractAccessLogValve.java:687) ~[catalina.jar:9.0.60]
	at org.apache.catalina.valves.ErrorReportValve.invoke(ErrorReportValve.java:92) ~[catalina.jar:9.0.60]
	at org.apache.catalina.valves.RemoteIpValve.invoke(RemoteIpValve.java:769) ~[catalina.jar:9.0.60]
	at org.apache.catalina.core.StandardEngineValve.invoke(StandardEngineValve.java:78) ~[catalina.jar:9.0.60]
	at org.apache.catalina.connector.CoyoteAdapter.service(CoyoteAdapter.java:360) ~[catalina.jar:9.0.60]
	at org.apache.coyote.http11.Http11Processor.service(Http11Processor.java:399) ~[tomcat-coyote.jar:9.0.60]
	at org.apache.coyote.AbstractProcessorLight.process(AbstractProcessorLight.java:65) ~[tomcat-coyote.jar:9.0.60]
	at org.apache.coyote.AbstractProtocol$ConnectionHandler.process(AbstractProtocol.java:889) ~[tomcat-coyote.jar:9.0.60]
	at org.apache.tomcat.util.net.Nio2Endpoint$SocketProcessor.doRun(Nio2Endpoint.java:1701) ~[tomcat-coyote.jar:9.0.60]
	at org.apache.tomcat.util.net.SocketProcessorBase.run(SocketProcessorBase.java:49) ~[tomcat-coyote.jar:9.0.60]
	at org.apache.tomcat.util.net.AbstractEndpoint.processSocket(AbstractEndpoint.java:1190) ~[tomcat-coyote.jar:9.0.60]
	at org.apache.tomcat.util.net.Nio2Endpoint.setSocketOptions(Nio2Endpoint.java:337) ~[tomcat-coyote.jar:9.0.60]
	at org.apache.tomcat.util.net.Nio2Endpoint$Nio2Acceptor.completed(Nio2Endpoint.java:471) ~[tomcat-coyote.jar:9.0.60]
	at org.apache.tomcat.util.net.Nio2Endpoint$Nio2Acceptor.completed(Nio2Endpoint.java:407) ~[tomcat-coyote.jar:9.0.60]
	at sun.nio.ch.Invoker.invokeUnchecked(Invoker.java:127) ~[?:?]
	at sun.nio.ch.Invoker$2.run(Invoker.java:219) ~[?:?]
	at sun.nio.ch.AsynchronousChannelGroupImpl$1.run(AsynchronousChannelGroupImpl.java:112) ~[?:?]
	at java.util.concurrent.ThreadPoolExecutor.runWorker(ThreadPoolExecutor.java:1128) ~[?:?]
	at java.util.concurrent.ThreadPoolExecutor$Worker.run(ThreadPoolExecutor.java:628) ~[?:?]
	at java.lang.Thread.run(Thread.java:829) [?:?]
[19/06/23 15:18:10:745 UTC]  INFO util.SecurityLogger: class com.dotmarketing.cms.login.factories.LoginFactory : User admin@dotcms.com has sucessfully logged in from IP: 172.19.0.1 -- ip:172.19.0.1,user:Admin User [ID: dotcms.org.1][email:admin@dotcms.com]
[19/06/23 15:18:10:749 UTC] ERROR container.ContainerResource: The container id is required
[19/06/23 15:18:10:749 UTC]  INFO util.SecurityLogger: class com.dotcms.rest.exception.mapper.DotBadRequestExceptionMapper : The container id is required -- ip:172.19.0.1,user:Admin User [ID: dotcms.org.1][email:admin@dotcms.com]
[19/06/23 15:18:13:796 UTC]  INFO util.SecurityLogger: class com.dotmarketing.cms.login.factories.LoginFactory : User admin@dotcms.com has sucessfully logged in from IP: 172.19.0.1 -- ip:172.19.0.1,user:Admin User [ID: dotcms.org.1][email:admin@dotcms.com]
[19/06/23 15:18:13:800 UTC]  WARN shorty.ShortyIdAPIImpl: An error occurred when getting shorty value for 'NOTFOUND' of type 'CONTENT': shorty NOTFOUND is not a short id.  Short Ids should be 10 chars in length
[19/06/23 15:18:13:801 UTC]  WARN mapper.ResourceNotFoundExceptionMapper: Can't find Container:NOTFOUND
org.apache.velocity.exception.ResourceNotFoundException: Can't find Container:NOTFOUND
	at com.dotcms.rest.api.v1.container.ContainerResource.lambda$getContainer$1(ContainerResource.java:502) ~[dotcms_master_811bc97.jar:?]
	at java.util.Optional.orElseGet(Optional.java:369) ~[?:?]
	at com.dotcms.rest.api.v1.container.ContainerResource.getContainer(ContainerResource.java:501) ~[dotcms_master_811bc97.jar:?]
	at com.dotcms.rest.api.v1.container.ContainerResource.getContainer(ContainerResource.java:452) ~[dotcms_master_811bc97.jar:?]
	at com.dotcms.rest.api.v1.container.ContainerResource.getContainerWorking(ContainerResource.java:435) ~[dotcms_master_811bc97.jar:?]
	at com.dotcms.rest.api.v1.container.ContainerResource.archive(ContainerResource.java:1005) ~[dotcms_master_811bc97.jar:?]
	at jdk.internal.reflect.NativeMethodAccessorImpl.invoke0(Native Method) ~[?:?]
	at jdk.internal.reflect.NativeMethodAccessorImpl.invoke(NativeMethodAccessorImpl.java:62) ~[?:?]
	at jdk.internal.reflect.DelegatingMethodAccessorImpl.invoke(DelegatingMethodAccessorImpl.java:43) ~[?:?]
	at java.lang.reflect.Method.invoke(Method.java:566) ~[?:?]
	at org.glassfish.jersey.server.model.internal.ResourceMethodInvocationHandlerFactory$1.invoke(ResourceMethodInvocationHandlerFactory.java:81) ~[jersey-server-2.22.1.jar:?]
	at org.glassfish.jersey.server.model.internal.AbstractJavaResourceMethodDispatcher$1.run(AbstractJavaResourceMethodDispatcher.java:144) ~[jersey-server-2.22.1.jar:?]
	at org.glassfish.jersey.server.model.internal.AbstractJavaResourceMethodDispatcher.invoke(AbstractJavaResourceMethodDispatcher.java:161) ~[jersey-server-2.22.1.jar:?]
	at org.glassfish.jersey.server.model.internal.JavaResourceMethodDispatcherProvider$ResponseOutInvoker.doDispatch(JavaResourceMethodDispatcherProvider.java:160) ~[jersey-server-2.22.1.jar:?]
	at org.glassfish.jersey.server.model.internal.AbstractJavaResourceMethodDispatcher.dispatch(AbstractJavaResourceMethodDispatcher.java:99) ~[jersey-server-2.22.1.jar:?]
	at org.glassfish.jersey.server.model.ResourceMethodInvoker.invoke(ResourceMethodInvoker.java:389) ~[jersey-server-2.22.1.jar:?]
	at org.glassfish.jersey.server.model.ResourceMethodInvoker.apply(ResourceMethodInvoker.java:347) ~[jersey-server-2.22.1.jar:?]
	at org.glassfish.jersey.server.model.ResourceMethodInvoker.apply(ResourceMethodInvoker.java:102) ~[jersey-server-2.22.1.jar:?]
	at org.glassfish.jersey.server.ServerRuntime$2.run(ServerRuntime.java:326) ~[jersey-server-2.22.1.jar:?]
	at org.glassfish.jersey.internal.Errors$1.call(Errors.java:271) ~[jersey-common-2.22.1.jar:?]
	at org.glassfish.jersey.internal.Errors$1.call(Errors.java:267) ~[jersey-common-2.22.1.jar:?]
	at org.glassfish.jersey.internal.Errors.process(Errors.java:315) ~[jersey-common-2.22.1.jar:?]
	at org.glassfish.jersey.internal.Errors.process(Errors.java:297) ~[jersey-common-2.22.1.jar:?]
	at org.glassfish.jersey.internal.Errors.process(Errors.java:267) ~[jersey-common-2.22.1.jar:?]
	at org.glassfish.jersey.process.internal.RequestScope.runInScope(RequestScope.java:317) ~[jersey-common-2.22.1.jar:?]
	at org.glassfish.jersey.server.ServerRuntime.process(ServerRuntime.java:305) ~[jersey-server-2.22.1.jar:?]
	at org.glassfish.jersey.server.ApplicationHandler.handle(ApplicationHandler.java:1154) ~[jersey-server-2.22.1.jar:?]
	at org.glassfish.jersey.servlet.WebComponent.serviceImpl(WebComponent.java:471) ~[jersey-container-servlet-core-2.22.1.jar:?]
	at org.glassfish.jersey.servlet.WebComponent.service(WebComponent.java:425) ~[jersey-container-servlet-core-2.22.1.jar:?]
	at org.glassfish.jersey.servlet.ServletContainer.service(ServletContainer.java:383) ~[jersey-container-servlet-core-2.22.1.jar:?]
	at org.glassfish.jersey.servlet.ServletContainer.service(ServletContainer.java:336) ~[jersey-container-servlet-core-2.22.1.jar:?]
	at org.glassfish.jersey.servlet.ServletContainer.service(ServletContainer.java:223) ~[jersey-container-servlet-core-2.22.1.jar:?]
	at com.dotcms.rest.servlet.ReloadableServletContainer.service(ReloadableServletContainer.java:117) ~[dotcms_master_811bc97.jar:?]
	at org.apache.catalina.core.ApplicationFilterChain.internalDoFilter(ApplicationFilterChain.java:227) ~[catalina.jar:9.0.60]
	at org.apache.catalina.core.ApplicationFilterChain.doFilter(ApplicationFilterChain.java:162) ~[catalina.jar:9.0.60]
	at org.apache.tomcat.websocket.server.WsFilter.doFilter(WsFilter.java:53) ~[tomcat-websocket.jar:9.0.60]
	at org.apache.catalina.core.ApplicationFilterChain.internalDoFilter(ApplicationFilterChain.java:189) ~[catalina.jar:9.0.60]
	at org.apache.catalina.core.ApplicationFilterChain.doFilter(ApplicationFilterChain.java:162) ~[catalina.jar:9.0.60]
	at com.dotmarketing.filters.CMSFilter.doFilterInternal(CMSFilter.java:181) ~[dotcms_master_811bc97.jar:?]
	at com.dotmarketing.filters.CMSFilter.doFilter(CMSFilter.java:61) ~[dotcms_master_811bc97.jar:?]
	at org.apache.catalina.core.ApplicationFilterChain.internalDoFilter(ApplicationFilterChain.java:189) ~[catalina.jar:9.0.60]
	at org.apache.catalina.core.ApplicationFilterChain.doFilter(ApplicationFilterChain.java:162) ~[catalina.jar:9.0.60]
	at com.dotcms.filters.interceptor.AbstractWebInterceptorSupportFilter.doFilter(AbstractWebInterceptorSupportFilter.java:90) ~[dotcms_master_811bc97.jar:?]
	at org.apache.catalina.core.ApplicationFilterChain.internalDoFilter(ApplicationFilterChain.java:189) ~[catalina.jar:9.0.60]
	at org.apache.catalina.core.ApplicationFilterChain.doFilter(ApplicationFilterChain.java:162) ~[catalina.jar:9.0.60]
	at com.dotcms.filters.interceptor.AbstractWebInterceptorSupportFilter.doFilter(AbstractWebInterceptorSupportFilter.java:90) ~[dotcms_master_811bc97.jar:?]
	at org.apache.catalina.core.ApplicationFilterChain.internalDoFilter(ApplicationFilterChain.java:189) ~[catalina.jar:9.0.60]
	at org.apache.catalina.core.ApplicationFilterChain.doFilter(ApplicationFilterChain.java:162) ~[catalina.jar:9.0.60]
	at com.dotcms.visitor.filter.servlet.VisitorFilter.doFilter(VisitorFilter.java:81) ~[dotcms_master_811bc97.jar:?]
	at org.apache.catalina.core.ApplicationFilterChain.internalDoFilter(ApplicationFilterChain.java:189) ~[catalina.jar:9.0.60]
	at org.apache.catalina.core.ApplicationFilterChain.doFilter(ApplicationFilterChain.java:162) ~[catalina.jar:9.0.60]
	at com.dotcms.vanityurl.filters.VanityURLFilter.doFilter(VanityURLFilter.java:114) ~[dotcms_master_811bc97.jar:?]
	at org.apache.catalina.core.ApplicationFilterChain.internalDoFilter(ApplicationFilterChain.java:189) ~[catalina.jar:9.0.60]
	at org.apache.catalina.core.ApplicationFilterChain.doFilter(ApplicationFilterChain.java:162) ~[catalina.jar:9.0.60]
	at org.tuckey.web.filters.urlrewrite.RuleChain.handleRewrite(RuleChain.java:176) ~[urlrewritefilter-4.0.4.jar:4.0.4]
	at org.tuckey.web.filters.urlrewrite.RuleChain.doRules(RuleChain.java:145) ~[urlrewritefilter-4.0.4.jar:4.0.4]
	at org.tuckey.web.filters.urlrewrite.UrlRewriter.processRequest(UrlRewriter.java:92) ~[urlrewritefilter-4.0.4.jar:4.0.4]
	at org.tuckey.web.filters.urlrewrite.UrlRewriteFilter.doFilter(UrlRewriteFilter.java:389) ~[urlrewritefilter-4.0.4.jar:4.0.4]
	at org.apache.catalina.core.ApplicationFilterChain.internalDoFilter(ApplicationFilterChain.java:189) ~[catalina.jar:9.0.60]
	at org.apache.catalina.core.ApplicationFilterChain.doFilter(ApplicationFilterChain.java:162) ~[catalina.jar:9.0.60]
	at com.dotmarketing.filters.TimeMachineFilter.doFilter(TimeMachineFilter.java:67) ~[dotcms_master_811bc97.jar:?]
	at org.apache.catalina.core.ApplicationFilterChain.internalDoFilter(ApplicationFilterChain.java:189) ~[catalina.jar:9.0.60]
	at org.apache.catalina.core.ApplicationFilterChain.doFilter(ApplicationFilterChain.java:162) ~[catalina.jar:9.0.60]
	at com.dotmarketing.filters.ThreadNameFilter.doFilter(ThreadNameFilter.java:88) ~[dotcms_master_811bc97.jar:?]
	at org.apache.catalina.core.ApplicationFilterChain.internalDoFilter(ApplicationFilterChain.java:189) ~[catalina.jar:9.0.60]
	at org.apache.catalina.core.ApplicationFilterChain.doFilter(ApplicationFilterChain.java:162) ~[catalina.jar:9.0.60]
	at com.dotmarketing.filters.CookiesFilter.doFilter(CookiesFilter.java:53) ~[dotcms_master_811bc97.jar:?]
	at org.apache.catalina.core.ApplicationFilterChain.internalDoFilter(ApplicationFilterChain.java:189) ~[catalina.jar:9.0.60]
	at org.apache.catalina.core.ApplicationFilterChain.doFilter(ApplicationFilterChain.java:162) ~[catalina.jar:9.0.60]
	at com.dotmarketing.filters.CharsetEncodingFilter.doFilter(CharsetEncodingFilter.java:99) ~[dotcms_master_811bc97.jar:?]
	at org.apache.catalina.core.ApplicationFilterChain.internalDoFilter(ApplicationFilterChain.java:189) ~[catalina.jar:9.0.60]
	at org.apache.catalina.core.ApplicationFilterChain.doFilter(ApplicationFilterChain.java:162) ~[catalina.jar:9.0.60]
	at com.dotcms.filters.interceptor.AbstractWebInterceptorSupportFilter.doFilter(AbstractWebInterceptorSupportFilter.java:90) ~[dotcms_master_811bc97.jar:?]
	at org.apache.catalina.core.ApplicationFilterChain.internalDoFilter(ApplicationFilterChain.java:189) ~[catalina.jar:9.0.60]
	at org.apache.catalina.core.ApplicationFilterChain.doFilter(ApplicationFilterChain.java:162) ~[catalina.jar:9.0.60]
	at org.apache.catalina.filters.HttpHeaderSecurityFilter.doFilter(HttpHeaderSecurityFilter.java:126) ~[catalina.jar:9.0.60]
	at org.apache.catalina.core.ApplicationFilterChain.internalDoFilter(ApplicationFilterChain.java:189) ~[catalina.jar:9.0.60]
	at org.apache.catalina.core.ApplicationFilterChain.doFilter(ApplicationFilterChain.java:162) ~[catalina.jar:9.0.60]
	at com.dotcms.filters.NormalizationFilter.doFilter(NormalizationFilter.java:89) ~[dotcms_master_811bc97.jar:?]
	at org.apache.catalina.core.ApplicationFilterChain.internalDoFilter(ApplicationFilterChain.java:189) ~[catalina.jar:9.0.60]
	at org.apache.catalina.core.ApplicationFilterChain.doFilter(ApplicationFilterChain.java:162) ~[catalina.jar:9.0.60]
	at org.apache.catalina.core.StandardWrapperValve.invoke(StandardWrapperValve.java:197) ~[catalina.jar:9.0.60]
	at org.apache.catalina.core.StandardContextValve.invoke(StandardContextValve.java:97) ~[catalina.jar:9.0.60]
	at org.apache.catalina.authenticator.AuthenticatorBase.invoke(AuthenticatorBase.java:541) ~[catalina.jar:9.0.60]
	at org.apache.catalina.core.StandardHostValve.invoke(StandardHostValve.java:135) ~[catalina.jar:9.0.60]
	at org.apache.catalina.valves.AbstractAccessLogValve.invoke(AbstractAccessLogValve.java:687) ~[catalina.jar:9.0.60]
	at org.apache.catalina.valves.ErrorReportValve.invoke(ErrorReportValve.java:92) ~[catalina.jar:9.0.60]
	at org.apache.catalina.valves.RemoteIpValve.invoke(RemoteIpValve.java:769) ~[catalina.jar:9.0.60]
	at org.apache.catalina.core.StandardEngineValve.invoke(StandardEngineValve.java:78) ~[catalina.jar:9.0.60]
	at org.apache.catalina.connector.CoyoteAdapter.service(CoyoteAdapter.java:360) ~[catalina.jar:9.0.60]
	at org.apache.coyote.http11.Http11Processor.service(Http11Processor.java:399) ~[tomcat-coyote.jar:9.0.60]
	at org.apache.coyote.AbstractProcessorLight.process(AbstractProcessorLight.java:65) ~[tomcat-coyote.jar:9.0.60]
	at org.apache.coyote.AbstractProtocol$ConnectionHandler.process(AbstractProtocol.java:889) ~[tomcat-coyote.jar:9.0.60]
	at org.apache.tomcat.util.net.Nio2Endpoint$SocketProcessor.doRun(Nio2Endpoint.java:1701) ~[tomcat-coyote.jar:9.0.60]
	at org.apache.tomcat.util.net.SocketProcessorBase.run(SocketProcessorBase.java:49) ~[tomcat-coyote.jar:9.0.60]
	at org.apache.tomcat.util.net.AbstractEndpoint.processSocket(AbstractEndpoint.java:1190) ~[tomcat-coyote.jar:9.0.60]
	at org.apache.tomcat.util.net.Nio2Endpoint$Nio2SocketWrapper$2.completed(Nio2Endpoint.java:633) ~[tomcat-coyote.jar:9.0.60]
	at org.apache.tomcat.util.net.Nio2Endpoint$Nio2SocketWrapper$2.completed(Nio2Endpoint.java:611) ~[tomcat-coyote.jar:9.0.60]
	at sun.nio.ch.Invoker.invokeUnchecked(Invoker.java:127) ~[?:?]
	at sun.nio.ch.Invoker$2.run(Invoker.java:219) ~[?:?]
	at sun.nio.ch.AsynchronousChannelGroupImpl$1.run(AsynchronousChannelGroupImpl.java:112) ~[?:?]
	at java.util.concurrent.ThreadPoolExecutor.runWorker(ThreadPoolExecutor.java:1128) ~[?:?]
	at java.util.concurrent.ThreadPoolExecutor$Worker.run(ThreadPoolExecutor.java:628) ~[?:?]
	at java.lang.Thread.run(Thread.java:829) [?:?]
[19/06/23 15:18:16:856 UTC]  INFO util.SecurityLogger: class com.dotmarketing.cms.login.factories.LoginFactory : User admin@dotcms.com has sucessfully logged in from IP: 172.19.0.1 -- ip:172.19.0.1,user:Admin User [ID: dotcms.org.1][email:admin@dotcms.com]
[19/06/23 15:18:16:860 UTC] ERROR container.ContainerResource: The container id is required
[19/06/23 15:18:16:861 UTC]  INFO util.SecurityLogger: class com.dotcms.rest.exception.mapper.DotBadRequestExceptionMapper : The container id is required -- ip:172.19.0.1,user:Admin User [ID: dotcms.org.1][email:admin@dotcms.com]
[19/06/23 15:18:19:911 UTC]  INFO util.SecurityLogger: class com.dotmarketing.cms.login.factories.LoginFactory : User admin@dotcms.com has sucessfully logged in from IP: 172.19.0.1 -- ip:172.19.0.1,user:Admin User [ID: dotcms.org.1][email:admin@dotcms.com]
[19/06/23 15:18:19:915 UTC]  WARN shorty.ShortyIdAPIImpl: An error occurred when getting shorty value for 'NOTFOUND' of type 'CONTENT': shorty NOTFOUND is not a short id.  Short Ids should be 10 chars in length
[19/06/23 15:18:19:916 UTC]  WARN mapper.ResourceNotFoundExceptionMapper: Can't find Container:NOTFOUND
org.apache.velocity.exception.ResourceNotFoundException: Can't find Container:NOTFOUND
	at com.dotcms.rest.api.v1.container.ContainerResource.lambda$getContainer$1(ContainerResource.java:502) ~[dotcms_master_811bc97.jar:?]
	at java.util.Optional.orElseGet(Optional.java:369) ~[?:?]
	at com.dotcms.rest.api.v1.container.ContainerResource.getContainer(ContainerResource.java:501) ~[dotcms_master_811bc97.jar:?]
	at com.dotcms.rest.api.v1.container.ContainerResource.getContainerArchiveWorking(ContainerResource.java:441) ~[dotcms_master_811bc97.jar:?]
	at com.dotcms.rest.api.v1.container.ContainerResource.unarchive(ContainerResource.java:1058) ~[dotcms_master_811bc97.jar:?]
	at jdk.internal.reflect.NativeMethodAccessorImpl.invoke0(Native Method) ~[?:?]
	at jdk.internal.reflect.NativeMethodAccessorImpl.invoke(NativeMethodAccessorImpl.java:62) ~[?:?]
	at jdk.internal.reflect.DelegatingMethodAccessorImpl.invoke(DelegatingMethodAccessorImpl.java:43) ~[?:?]
	at java.lang.reflect.Method.invoke(Method.java:566) ~[?:?]
	at org.glassfish.jersey.server.model.internal.ResourceMethodInvocationHandlerFactory$1.invoke(ResourceMethodInvocationHandlerFactory.java:81) ~[jersey-server-2.22.1.jar:?]
	at org.glassfish.jersey.server.model.internal.AbstractJavaResourceMethodDispatcher$1.run(AbstractJavaResourceMethodDispatcher.java:144) ~[jersey-server-2.22.1.jar:?]
	at org.glassfish.jersey.server.model.internal.AbstractJavaResourceMethodDispatcher.invoke(AbstractJavaResourceMethodDispatcher.java:161) ~[jersey-server-2.22.1.jar:?]
	at org.glassfish.jersey.server.model.internal.JavaResourceMethodDispatcherProvider$ResponseOutInvoker.doDispatch(JavaResourceMethodDispatcherProvider.java:160) ~[jersey-server-2.22.1.jar:?]
	at org.glassfish.jersey.server.model.internal.AbstractJavaResourceMethodDispatcher.dispatch(AbstractJavaResourceMethodDispatcher.java:99) ~[jersey-server-2.22.1.jar:?]
	at org.glassfish.jersey.server.model.ResourceMethodInvoker.invoke(ResourceMethodInvoker.java:389) ~[jersey-server-2.22.1.jar:?]
	at org.glassfish.jersey.server.model.ResourceMethodInvoker.apply(ResourceMethodInvoker.java:347) ~[jersey-server-2.22.1.jar:?]
	at org.glassfish.jersey.server.model.ResourceMethodInvoker.apply(ResourceMethodInvoker.java:102) ~[jersey-server-2.22.1.jar:?]
	at org.glassfish.jersey.server.ServerRuntime$2.run(ServerRuntime.java:326) ~[jersey-server-2.22.1.jar:?]
	at org.glassfish.jersey.internal.Errors$1.call(Errors.java:271) ~[jersey-common-2.22.1.jar:?]
	at org.glassfish.jersey.internal.Errors$1.call(Errors.java:267) ~[jersey-common-2.22.1.jar:?]
	at org.glassfish.jersey.internal.Errors.process(Errors.java:315) ~[jersey-common-2.22.1.jar:?]
	at org.glassfish.jersey.internal.Errors.process(Errors.java:297) ~[jersey-common-2.22.1.jar:?]
	at org.glassfish.jersey.internal.Errors.process(Errors.java:267) ~[jersey-common-2.22.1.jar:?]
	at org.glassfish.jersey.process.internal.RequestScope.runInScope(RequestScope.java:317) ~[jersey-common-2.22.1.jar:?]
	at org.glassfish.jersey.server.ServerRuntime.process(ServerRuntime.java:305) ~[jersey-server-2.22.1.jar:?]
	at org.glassfish.jersey.server.ApplicationHandler.handle(ApplicationHandler.java:1154) ~[jersey-server-2.22.1.jar:?]
	at org.glassfish.jersey.servlet.WebComponent.serviceImpl(WebComponent.java:471) ~[jersey-container-servlet-core-2.22.1.jar:?]
	at org.glassfish.jersey.servlet.WebComponent.service(WebComponent.java:425) ~[jersey-container-servlet-core-2.22.1.jar:?]
	at org.glassfish.jersey.servlet.ServletContainer.service(ServletContainer.java:383) ~[jersey-container-servlet-core-2.22.1.jar:?]
	at org.glassfish.jersey.servlet.ServletContainer.service(ServletContainer.java:336) ~[jersey-container-servlet-core-2.22.1.jar:?]
	at org.glassfish.jersey.servlet.ServletContainer.service(ServletContainer.java:223) ~[jersey-container-servlet-core-2.22.1.jar:?]
	at com.dotcms.rest.servlet.ReloadableServletContainer.service(ReloadableServletContainer.java:117) ~[dotcms_master_811bc97.jar:?]
	at org.apache.catalina.core.ApplicationFilterChain.internalDoFilter(ApplicationFilterChain.java:227) ~[catalina.jar:9.0.60]
	at org.apache.catalina.core.ApplicationFilterChain.doFilter(ApplicationFilterChain.java:162) ~[catalina.jar:9.0.60]
	at org.apache.tomcat.websocket.server.WsFilter.doFilter(WsFilter.java:53) ~[tomcat-websocket.jar:9.0.60]
	at org.apache.catalina.core.ApplicationFilterChain.internalDoFilter(ApplicationFilterChain.java:189) ~[catalina.jar:9.0.60]
	at org.apache.catalina.core.ApplicationFilterChain.doFilter(ApplicationFilterChain.java:162) ~[catalina.jar:9.0.60]
	at com.dotmarketing.filters.CMSFilter.doFilterInternal(CMSFilter.java:181) ~[dotcms_master_811bc97.jar:?]
	at com.dotmarketing.filters.CMSFilter.doFilter(CMSFilter.java:61) ~[dotcms_master_811bc97.jar:?]
	at org.apache.catalina.core.ApplicationFilterChain.internalDoFilter(ApplicationFilterChain.java:189) ~[catalina.jar:9.0.60]
	at org.apache.catalina.core.ApplicationFilterChain.doFilter(ApplicationFilterChain.java:162) ~[catalina.jar:9.0.60]
	at com.dotcms.filters.interceptor.AbstractWebInterceptorSupportFilter.doFilter(AbstractWebInterceptorSupportFilter.java:90) ~[dotcms_master_811bc97.jar:?]
	at org.apache.catalina.core.ApplicationFilterChain.internalDoFilter(ApplicationFilterChain.java:189) ~[catalina.jar:9.0.60]
	at org.apache.catalina.core.ApplicationFilterChain.doFilter(ApplicationFilterChain.java:162) ~[catalina.jar:9.0.60]
	at com.dotcms.filters.interceptor.AbstractWebInterceptorSupportFilter.doFilter(AbstractWebInterceptorSupportFilter.java:90) ~[dotcms_master_811bc97.jar:?]
	at org.apache.catalina.core.ApplicationFilterChain.internalDoFilter(ApplicationFilterChain.java:189) ~[catalina.jar:9.0.60]
	at org.apache.catalina.core.ApplicationFilterChain.doFilter(ApplicationFilterChain.java:162) ~[catalina.jar:9.0.60]
	at com.dotcms.visitor.filter.servlet.VisitorFilter.doFilter(VisitorFilter.java:81) ~[dotcms_master_811bc97.jar:?]
	at org.apache.catalina.core.ApplicationFilterChain.internalDoFilter(ApplicationFilterChain.java:189) ~[catalina.jar:9.0.60]
	at org.apache.catalina.core.ApplicationFilterChain.doFilter(ApplicationFilterChain.java:162) ~[catalina.jar:9.0.60]
	at com.dotcms.vanityurl.filters.VanityURLFilter.doFilter(VanityURLFilter.java:114) ~[dotcms_master_811bc97.jar:?]
	at org.apache.catalina.core.ApplicationFilterChain.internalDoFilter(ApplicationFilterChain.java:189) ~[catalina.jar:9.0.60]
	at org.apache.catalina.core.ApplicationFilterChain.doFilter(ApplicationFilterChain.java:162) ~[catalina.jar:9.0.60]
	at org.tuckey.web.filters.urlrewrite.RuleChain.handleRewrite(RuleChain.java:176) ~[urlrewritefilter-4.0.4.jar:4.0.4]
	at org.tuckey.web.filters.urlrewrite.RuleChain.doRules(RuleChain.java:145) ~[urlrewritefilter-4.0.4.jar:4.0.4]
	at org.tuckey.web.filters.urlrewrite.UrlRewriter.processRequest(UrlRewriter.java:92) ~[urlrewritefilter-4.0.4.jar:4.0.4]
	at org.tuckey.web.filters.urlrewrite.UrlRewriteFilter.doFilter(UrlRewriteFilter.java:389) ~[urlrewritefilter-4.0.4.jar:4.0.4]
	at org.apache.catalina.core.ApplicationFilterChain.internalDoFilter(ApplicationFilterChain.java:189) ~[catalina.jar:9.0.60]
	at org.apache.catalina.core.ApplicationFilterChain.doFilter(ApplicationFilterChain.java:162) ~[catalina.jar:9.0.60]
	at com.dotmarketing.filters.TimeMachineFilter.doFilter(TimeMachineFilter.java:67) ~[dotcms_master_811bc97.jar:?]
	at org.apache.catalina.core.ApplicationFilterChain.internalDoFilter(ApplicationFilterChain.java:189) ~[catalina.jar:9.0.60]
	at org.apache.catalina.core.ApplicationFilterChain.doFilter(ApplicationFilterChain.java:162) ~[catalina.jar:9.0.60]
	at com.dotmarketing.filters.ThreadNameFilter.doFilter(ThreadNameFilter.java:88) ~[dotcms_master_811bc97.jar:?]
	at org.apache.catalina.core.ApplicationFilterChain.internalDoFilter(ApplicationFilterChain.java:189) ~[catalina.jar:9.0.60]
	at org.apache.catalina.core.ApplicationFilterChain.doFilter(ApplicationFilterChain.java:162) ~[catalina.jar:9.0.60]
	at com.dotmarketing.filters.CookiesFilter.doFilter(CookiesFilter.java:53) ~[dotcms_master_811bc97.jar:?]
	at org.apache.catalina.core.ApplicationFilterChain.internalDoFilter(ApplicationFilterChain.java:189) ~[catalina.jar:9.0.60]
	at org.apache.catalina.core.ApplicationFilterChain.doFilter(ApplicationFilterChain.java:162) ~[catalina.jar:9.0.60]
	at com.dotmarketing.filters.CharsetEncodingFilter.doFilter(CharsetEncodingFilter.java:99) ~[dotcms_master_811bc97.jar:?]
	at org.apache.catalina.core.ApplicationFilterChain.internalDoFilter(ApplicationFilterChain.java:189) ~[catalina.jar:9.0.60]
	at org.apache.catalina.core.ApplicationFilterChain.doFilter(ApplicationFilterChain.java:162) ~[catalina.jar:9.0.60]
	at com.dotcms.filters.interceptor.AbstractWebInterceptorSupportFilter.doFilter(AbstractWebInterceptorSupportFilter.java:90) ~[dotcms_master_811bc97.jar:?]
	at org.apache.catalina.core.ApplicationFilterChain.internalDoFilter(ApplicationFilterChain.java:189) ~[catalina.jar:9.0.60]
	at org.apache.catalina.core.ApplicationFilterChain.doFilter(ApplicationFilterChain.java:162) ~[catalina.jar:9.0.60]
	at org.apache.catalina.filters.HttpHeaderSecurityFilter.doFilter(HttpHeaderSecurityFilter.java:126) ~[catalina.jar:9.0.60]
	at org.apache.catalina.core.ApplicationFilterChain.internalDoFilter(ApplicationFilterChain.java:189) ~[catalina.jar:9.0.60]
	at org.apache.catalina.core.ApplicationFilterChain.doFilter(ApplicationFilterChain.java:162) ~[catalina.jar:9.0.60]
	at com.dotcms.filters.NormalizationFilter.doFilter(NormalizationFilter.java:89) ~[dotcms_master_811bc97.jar:?]
	at org.apache.catalina.core.ApplicationFilterChain.internalDoFilter(ApplicationFilterChain.java:189) ~[catalina.jar:9.0.60]
	at org.apache.catalina.core.ApplicationFilterChain.doFilter(ApplicationFilterChain.java:162) ~[catalina.jar:9.0.60]
	at org.apache.catalina.core.StandardWrapperValve.invoke(StandardWrapperValve.java:197) ~[catalina.jar:9.0.60]
	at org.apache.catalina.core.StandardContextValve.invoke(StandardContextValve.java:97) ~[catalina.jar:9.0.60]
	at org.apache.catalina.authenticator.AuthenticatorBase.invoke(AuthenticatorBase.java:541) ~[catalina.jar:9.0.60]
	at org.apache.catalina.core.StandardHostValve.invoke(StandardHostValve.java:135) ~[catalina.jar:9.0.60]
	at org.apache.catalina.valves.AbstractAccessLogValve.invoke(AbstractAccessLogValve.java:687) ~[catalina.jar:9.0.60]
	at org.apache.catalina.valves.ErrorReportValve.invoke(ErrorReportValve.java:92) ~[catalina.jar:9.0.60]
	at org.apache.catalina.valves.RemoteIpValve.invoke(RemoteIpValve.java:769) ~[catalina.jar:9.0.60]
	at org.apache.catalina.core.StandardEngineValve.invoke(StandardEngineValve.java:78) ~[catalina.jar:9.0.60]
	at org.apache.catalina.connector.CoyoteAdapter.service(CoyoteAdapter.java:360) ~[catalina.jar:9.0.60]
	at org.apache.coyote.http11.Http11Processor.service(Http11Processor.java:399) ~[tomcat-coyote.jar:9.0.60]
	at org.apache.coyote.AbstractProcessorLight.process(AbstractProcessorLight.java:65) ~[tomcat-coyote.jar:9.0.60]
	at org.apache.coyote.AbstractProtocol$ConnectionHandler.process(AbstractProtocol.java:889) ~[tomcat-coyote.jar:9.0.60]
	at org.apache.tomcat.util.net.Nio2Endpoint$SocketProcessor.doRun(Nio2Endpoint.java:1701) ~[tomcat-coyote.jar:9.0.60]
	at org.apache.tomcat.util.net.SocketProcessorBase.run(SocketProcessorBase.java:49) ~[tomcat-coyote.jar:9.0.60]
	at org.apache.tomcat.util.net.AbstractEndpoint.processSocket(AbstractEndpoint.java:1190) ~[tomcat-coyote.jar:9.0.60]
	at org.apache.tomcat.util.net.Nio2Endpoint.setSocketOptions(Nio2Endpoint.java:337) ~[tomcat-coyote.jar:9.0.60]
	at org.apache.tomcat.util.net.Nio2Endpoint$Nio2Acceptor.completed(Nio2Endpoint.java:471) ~[tomcat-coyote.jar:9.0.60]
	at org.apache.tomcat.util.net.Nio2Endpoint$Nio2Acceptor.completed(Nio2Endpoint.java:407) ~[tomcat-coyote.jar:9.0.60]
	at sun.nio.ch.Invoker.invokeUnchecked(Invoker.java:127) ~[?:?]
	at sun.nio.ch.Invoker$2.run(Invoker.java:219) ~[?:?]
	at sun.nio.ch.AsynchronousChannelGroupImpl$1.run(AsynchronousChannelGroupImpl.java:112) ~[?:?]
	at java.util.concurrent.ThreadPoolExecutor.runWorker(ThreadPoolExecutor.java:1128) ~[?:?]
	at java.util.concurrent.ThreadPoolExecutor$Worker.run(ThreadPoolExecutor.java:628) ~[?:?]
	at java.lang.Thread.run(Thread.java:829) [?:?]
[19/06/23 15:18:22:964 UTC]  INFO util.SecurityLogger: class com.dotmarketing.cms.login.factories.LoginFactory : User admin@dotcms.com has sucessfully logged in from IP: 172.19.0.1 -- ip:172.19.0.1,user:Admin User [ID: dotcms.org.1][email:admin@dotcms.com]
[19/06/23 15:18:22:967 UTC] ERROR container.ContainerResource: The container id is required
[19/06/23 15:18:22:968 UTC]  INFO util.SecurityLogger: class com.dotcms.rest.exception.mapper.DotBadRequestExceptionMapper : The container id is required -- ip:172.19.0.1,user:Admin User [ID: dotcms.org.1][email:admin@dotcms.com]
[19/06/23 15:18:26:011 UTC]  INFO util.SecurityLogger: class com.dotmarketing.cms.login.factories.LoginFactory : User admin@dotcms.com has sucessfully logged in from IP: 172.19.0.1 -- ip:172.19.0.1,user:Admin User [ID: dotcms.org.1][email:admin@dotcms.com]
[19/06/23 15:18:26:013 UTC]  WARN shorty.ShortyIdAPIImpl: An error occurred when getting shorty value for 'NOTFOUND' of type 'CONTENT': shorty NOTFOUND is not a short id.  Short Ids should be 10 chars in length
[19/06/23 15:18:26:013 UTC]  WARN mapper.ResourceNotFoundExceptionMapper: Can't find Container:NOTFOUND
org.apache.velocity.exception.ResourceNotFoundException: Can't find Container:NOTFOUND
	at com.dotcms.rest.api.v1.container.ContainerResource.lambda$getContainer$1(ContainerResource.java:502) ~[dotcms_master_811bc97.jar:?]
	at java.util.Optional.orElseGet(Optional.java:369) ~[?:?]
	at com.dotcms.rest.api.v1.container.ContainerResource.getContainer(ContainerResource.java:501) ~[dotcms_master_811bc97.jar:?]
	at com.dotcms.rest.api.v1.container.ContainerResource.getContainer(ContainerResource.java:452) ~[dotcms_master_811bc97.jar:?]
	at com.dotcms.rest.api.v1.container.ContainerResource.getContainerWorking(ContainerResource.java:435) ~[dotcms_master_811bc97.jar:?]
	at com.dotcms.rest.api.v1.container.ContainerResource.delete(ContainerResource.java:1107) ~[dotcms_master_811bc97.jar:?]
	at jdk.internal.reflect.NativeMethodAccessorImpl.invoke0(Native Method) ~[?:?]
	at jdk.internal.reflect.NativeMethodAccessorImpl.invoke(NativeMethodAccessorImpl.java:62) ~[?:?]
	at jdk.internal.reflect.DelegatingMethodAccessorImpl.invoke(DelegatingMethodAccessorImpl.java:43) ~[?:?]
	at java.lang.reflect.Method.invoke(Method.java:566) ~[?:?]
	at org.glassfish.jersey.server.model.internal.ResourceMethodInvocationHandlerFactory$1.invoke(ResourceMethodInvocationHandlerFactory.java:81) ~[jersey-server-2.22.1.jar:?]
	at org.glassfish.jersey.server.model.internal.AbstractJavaResourceMethodDispatcher$1.run(AbstractJavaResourceMethodDispatcher.java:144) ~[jersey-server-2.22.1.jar:?]
	at org.glassfish.jersey.server.model.internal.AbstractJavaResourceMethodDispatcher.invoke(AbstractJavaResourceMethodDispatcher.java:161) ~[jersey-server-2.22.1.jar:?]
	at org.glassfish.jersey.server.model.internal.JavaResourceMethodDispatcherProvider$ResponseOutInvoker.doDispatch(JavaResourceMethodDispatcherProvider.java:160) ~[jersey-server-2.22.1.jar:?]
	at org.glassfish.jersey.server.model.internal.AbstractJavaResourceMethodDispatcher.dispatch(AbstractJavaResourceMethodDispatcher.java:99) ~[jersey-server-2.22.1.jar:?]
	at org.glassfish.jersey.server.model.ResourceMethodInvoker.invoke(ResourceMethodInvoker.java:389) ~[jersey-server-2.22.1.jar:?]
	at org.glassfish.jersey.server.model.ResourceMethodInvoker.apply(ResourceMethodInvoker.java:347) ~[jersey-server-2.22.1.jar:?]
	at org.glassfish.jersey.server.model.ResourceMethodInvoker.apply(ResourceMethodInvoker.java:102) ~[jersey-server-2.22.1.jar:?]
	at org.glassfish.jersey.server.ServerRuntime$2.run(ServerRuntime.java:326) ~[jersey-server-2.22.1.jar:?]
	at org.glassfish.jersey.internal.Errors$1.call(Errors.java:271) ~[jersey-common-2.22.1.jar:?]
	at org.glassfish.jersey.internal.Errors$1.call(Errors.java:267) ~[jersey-common-2.22.1.jar:?]
	at org.glassfish.jersey.internal.Errors.process(Errors.java:315) ~[jersey-common-2.22.1.jar:?]
	at org.glassfish.jersey.internal.Errors.process(Errors.java:297) ~[jersey-common-2.22.1.jar:?]
	at org.glassfish.jersey.internal.Errors.process(Errors.java:267) ~[jersey-common-2.22.1.jar:?]
	at org.glassfish.jersey.process.internal.RequestScope.runInScope(RequestScope.java:317) ~[jersey-common-2.22.1.jar:?]
	at org.glassfish.jersey.server.ServerRuntime.process(ServerRuntime.java:305) ~[jersey-server-2.22.1.jar:?]
	at org.glassfish.jersey.server.ApplicationHandler.handle(ApplicationHandler.java:1154) ~[jersey-server-2.22.1.jar:?]
	at org.glassfish.jersey.servlet.WebComponent.serviceImpl(WebComponent.java:471) ~[jersey-container-servlet-core-2.22.1.jar:?]
	at org.glassfish.jersey.servlet.WebComponent.service(WebComponent.java:425) ~[jersey-container-servlet-core-2.22.1.jar:?]
	at org.glassfish.jersey.servlet.ServletContainer.service(ServletContainer.java:383) ~[jersey-container-servlet-core-2.22.1.jar:?]
	at org.glassfish.jersey.servlet.ServletContainer.service(ServletContainer.java:336) ~[jersey-container-servlet-core-2.22.1.jar:?]
	at org.glassfish.jersey.servlet.ServletContainer.service(ServletContainer.java:223) ~[jersey-container-servlet-core-2.22.1.jar:?]
	at com.dotcms.rest.servlet.ReloadableServletContainer.service(ReloadableServletContainer.java:117) ~[dotcms_master_811bc97.jar:?]
	at org.apache.catalina.core.ApplicationFilterChain.internalDoFilter(ApplicationFilterChain.java:227) ~[catalina.jar:9.0.60]
	at org.apache.catalina.core.ApplicationFilterChain.doFilter(ApplicationFilterChain.java:162) ~[catalina.jar:9.0.60]
	at org.apache.tomcat.websocket.server.WsFilter.doFilter(WsFilter.java:53) ~[tomcat-websocket.jar:9.0.60]
	at org.apache.catalina.core.ApplicationFilterChain.internalDoFilter(ApplicationFilterChain.java:189) ~[catalina.jar:9.0.60]
	at org.apache.catalina.core.ApplicationFilterChain.doFilter(ApplicationFilterChain.java:162) ~[catalina.jar:9.0.60]
	at com.dotmarketing.filters.CMSFilter.doFilterInternal(CMSFilter.java:181) ~[dotcms_master_811bc97.jar:?]
	at com.dotmarketing.filters.CMSFilter.doFilter(CMSFilter.java:61) ~[dotcms_master_811bc97.jar:?]
	at org.apache.catalina.core.ApplicationFilterChain.internalDoFilter(ApplicationFilterChain.java:189) ~[catalina.jar:9.0.60]
	at org.apache.catalina.core.ApplicationFilterChain.doFilter(ApplicationFilterChain.java:162) ~[catalina.jar:9.0.60]
	at com.dotcms.filters.interceptor.AbstractWebInterceptorSupportFilter.doFilter(AbstractWebInterceptorSupportFilter.java:90) ~[dotcms_master_811bc97.jar:?]
	at org.apache.catalina.core.ApplicationFilterChain.internalDoFilter(ApplicationFilterChain.java:189) ~[catalina.jar:9.0.60]
	at org.apache.catalina.core.ApplicationFilterChain.doFilter(ApplicationFilterChain.java:162) ~[catalina.jar:9.0.60]
	at com.dotcms.filters.interceptor.AbstractWebInterceptorSupportFilter.doFilter(AbstractWebInterceptorSupportFilter.java:90) ~[dotcms_master_811bc97.jar:?]
	at org.apache.catalina.core.ApplicationFilterChain.internalDoFilter(ApplicationFilterChain.java:189) ~[catalina.jar:9.0.60]
	at org.apache.catalina.core.ApplicationFilterChain.doFilter(ApplicationFilterChain.java:162) ~[catalina.jar:9.0.60]
	at com.dotcms.visitor.filter.servlet.VisitorFilter.doFilter(VisitorFilter.java:81) ~[dotcms_master_811bc97.jar:?]
	at org.apache.catalina.core.ApplicationFilterChain.internalDoFilter(ApplicationFilterChain.java:189) ~[catalina.jar:9.0.60]
	at org.apache.catalina.core.ApplicationFilterChain.doFilter(ApplicationFilterChain.java:162) ~[catalina.jar:9.0.60]
	at com.dotcms.vanityurl.filters.VanityURLFilter.doFilter(VanityURLFilter.java:114) ~[dotcms_master_811bc97.jar:?]
	at org.apache.catalina.core.ApplicationFilterChain.internalDoFilter(ApplicationFilterChain.java:189) ~[catalina.jar:9.0.60]
	at org.apache.catalina.core.ApplicationFilterChain.doFilter(ApplicationFilterChain.java:162) ~[catalina.jar:9.0.60]
	at org.tuckey.web.filters.urlrewrite.RuleChain.handleRewrite(RuleChain.java:176) ~[urlrewritefilter-4.0.4.jar:4.0.4]
	at org.tuckey.web.filters.urlrewrite.RuleChain.doRules(RuleChain.java:145) ~[urlrewritefilter-4.0.4.jar:4.0.4]
	at org.tuckey.web.filters.urlrewrite.UrlRewriter.processRequest(UrlRewriter.java:92) ~[urlrewritefilter-4.0.4.jar:4.0.4]
	at org.tuckey.web.filters.urlrewrite.UrlRewriteFilter.doFilter(UrlRewriteFilter.java:389) ~[urlrewritefilter-4.0.4.jar:4.0.4]
	at org.apache.catalina.core.ApplicationFilterChain.internalDoFilter(ApplicationFilterChain.java:189) ~[catalina.jar:9.0.60]
	at org.apache.catalina.core.ApplicationFilterChain.doFilter(ApplicationFilterChain.java:162) ~[catalina.jar:9.0.60]
	at com.dotmarketing.filters.TimeMachineFilter.doFilter(TimeMachineFilter.java:67) ~[dotcms_master_811bc97.jar:?]
	at org.apache.catalina.core.ApplicationFilterChain.internalDoFilter(ApplicationFilterChain.java:189) ~[catalina.jar:9.0.60]
	at org.apache.catalina.core.ApplicationFilterChain.doFilter(ApplicationFilterChain.java:162) ~[catalina.jar:9.0.60]
	at com.dotmarketing.filters.ThreadNameFilter.doFilter(ThreadNameFilter.java:88) ~[dotcms_master_811bc97.jar:?]
	at org.apache.catalina.core.ApplicationFilterChain.internalDoFilter(ApplicationFilterChain.java:189) ~[catalina.jar:9.0.60]
	at org.apache.catalina.core.ApplicationFilterChain.doFilter(ApplicationFilterChain.java:162) ~[catalina.jar:9.0.60]
	at com.dotmarketing.filters.CookiesFilter.doFilter(CookiesFilter.java:53) ~[dotcms_master_811bc97.jar:?]
	at org.apache.catalina.core.ApplicationFilterChain.internalDoFilter(ApplicationFilterChain.java:189) ~[catalina.jar:9.0.60]
	at org.apache.catalina.core.ApplicationFilterChain.doFilter(ApplicationFilterChain.java:162) ~[catalina.jar:9.0.60]
	at com.dotmarketing.filters.CharsetEncodingFilter.doFilter(CharsetEncodingFilter.java:99) ~[dotcms_master_811bc97.jar:?]
	at org.apache.catalina.core.ApplicationFilterChain.internalDoFilter(ApplicationFilterChain.java:189) ~[catalina.jar:9.0.60]
	at org.apache.catalina.core.ApplicationFilterChain.doFilter(ApplicationFilterChain.java:162) ~[catalina.jar:9.0.60]
	at com.dotcms.filters.interceptor.AbstractWebInterceptorSupportFilter.doFilter(AbstractWebInterceptorSupportFilter.java:90) ~[dotcms_master_811bc97.jar:?]
	at org.apache.catalina.core.ApplicationFilterChain.internalDoFilter(ApplicationFilterChain.java:189) ~[catalina.jar:9.0.60]
	at org.apache.catalina.core.ApplicationFilterChain.doFilter(ApplicationFilterChain.java:162) ~[catalina.jar:9.0.60]
	at org.apache.catalina.filters.HttpHeaderSecurityFilter.doFilter(HttpHeaderSecurityFilter.java:126) ~[catalina.jar:9.0.60]
	at org.apache.catalina.core.ApplicationFilterChain.internalDoFilter(ApplicationFilterChain.java:189) ~[catalina.jar:9.0.60]
	at org.apache.catalina.core.ApplicationFilterChain.doFilter(ApplicationFilterChain.java:162) ~[catalina.jar:9.0.60]
	at com.dotcms.filters.NormalizationFilter.doFilter(NormalizationFilter.java:89) ~[dotcms_master_811bc97.jar:?]
	at org.apache.catalina.core.ApplicationFilterChain.internalDoFilter(ApplicationFilterChain.java:189) ~[catalina.jar:9.0.60]
	at org.apache.catalina.core.ApplicationFilterChain.doFilter(ApplicationFilterChain.java:162) ~[catalina.jar:9.0.60]
	at org.apache.catalina.core.StandardWrapperValve.invoke(StandardWrapperValve.java:197) ~[catalina.jar:9.0.60]
	at org.apache.catalina.core.StandardContextValve.invoke(StandardContextValve.java:97) ~[catalina.jar:9.0.60]
	at org.apache.catalina.authenticator.AuthenticatorBase.invoke(AuthenticatorBase.java:541) ~[catalina.jar:9.0.60]
	at org.apache.catalina.core.StandardHostValve.invoke(StandardHostValve.java:135) ~[catalina.jar:9.0.60]
	at org.apache.catalina.valves.AbstractAccessLogValve.invoke(AbstractAccessLogValve.java:687) ~[catalina.jar:9.0.60]
	at org.apache.catalina.valves.ErrorReportValve.invoke(ErrorReportValve.java:92) ~[catalina.jar:9.0.60]
	at org.apache.catalina.valves.RemoteIpValve.invoke(RemoteIpValve.java:769) ~[catalina.jar:9.0.60]
	at org.apache.catalina.core.StandardEngineValve.invoke(StandardEngineValve.java:78) ~[catalina.jar:9.0.60]
	at org.apache.catalina.connector.CoyoteAdapter.service(CoyoteAdapter.java:360) ~[catalina.jar:9.0.60]
	at org.apache.coyote.http11.Http11Processor.service(Http11Processor.java:399) ~[tomcat-coyote.jar:9.0.60]
	at org.apache.coyote.AbstractProcessorLight.process(AbstractProcessorLight.java:65) ~[tomcat-coyote.jar:9.0.60]
	at org.apache.coyote.AbstractProtocol$ConnectionHandler.process(AbstractProtocol.java:889) ~[tomcat-coyote.jar:9.0.60]
	at org.apache.tomcat.util.net.Nio2Endpoint$SocketProcessor.doRun(Nio2Endpoint.java:1701) ~[tomcat-coyote.jar:9.0.60]
	at org.apache.tomcat.util.net.SocketProcessorBase.run(SocketProcessorBase.java:49) ~[tomcat-coyote.jar:9.0.60]
	at org.apache.tomcat.util.net.AbstractEndpoint.processSocket(AbstractEndpoint.java:1190) ~[tomcat-coyote.jar:9.0.60]
	at org.apache.tomcat.util.net.Nio2Endpoint.setSocketOptions(Nio2Endpoint.java:337) ~[tomcat-coyote.jar:9.0.60]
	at org.apache.tomcat.util.net.Nio2Endpoint$Nio2Acceptor.completed(Nio2Endpoint.java:471) ~[tomcat-coyote.jar:9.0.60]
	at org.apache.tomcat.util.net.Nio2Endpoint$Nio2Acceptor.completed(Nio2Endpoint.java:407) ~[tomcat-coyote.jar:9.0.60]
	at sun.nio.ch.Invoker.invokeUnchecked(Invoker.java:127) ~[?:?]
	at sun.nio.ch.Invoker$2.run(Invoker.java:219) ~[?:?]
	at sun.nio.ch.AsynchronousChannelGroupImpl$1.run(AsynchronousChannelGroupImpl.java:112) ~[?:?]
	at java.util.concurrent.ThreadPoolExecutor.runWorker(ThreadPoolExecutor.java:1128) ~[?:?]
	at java.util.concurrent.ThreadPoolExecutor$Worker.run(ThreadPoolExecutor.java:628) ~[?:?]
	at java.lang.Thread.run(Thread.java:829) [?:?]
[19/06/23 15:18:29:075 UTC]  INFO util.SecurityLogger: class com.dotmarketing.cms.login.factories.LoginFactory : User admin@dotcms.com has sucessfully logged in from IP: 172.19.0.1 -- ip:172.19.0.1,user:Admin User [ID: dotcms.org.1][email:admin@dotcms.com]
[19/06/23 15:18:29:079 UTC]  INFO business.IdentifierAPIImpl: Creating new identifier for versionable asset of type `containers` and title `abcd` 
[19/06/23 15:18:29:079 UTC]  INFO business.DeterministicIdentifierAPIImpl: hashing id: container:demo.dotcms.com/abcd to 5c6c7714fa2cd12830d0d422d2145e6d
[19/06/23 15:18:29:083 UTC]  WARN shorty.ShortyIdAPIImpl: An error occurred when getting shorty value for '' of type 'CONTENT': shorty  is not a short id.  Short Ids should be 10 chars in length
[19/06/23 15:18:29:098 UTC]  INFO util.ActivityLogger: class com.dotcms.rest.api.v1.container.ContainerResource: demo.dotcms.com : Save Container , User dotcms.org.1 savedabcd
[19/06/23 15:18:29:111 UTC]  INFO util.ActivityLogger: class com.dotcms.rest.api.v1.container.ContainerResource: system : Publish Container , User dotcms.org.1 published container: 8e0ca803-9757-4e3e-828b-33c2fdd9feee
[19/06/23 15:18:35:176 UTC]  INFO util.SecurityLogger: class com.dotmarketing.cms.login.factories.LoginFactory : User admin@dotcms.com has sucessfully logged in from IP: 172.19.0.1 -- ip:172.19.0.1,user:Admin User [ID: dotcms.org.1][email:admin@dotcms.com]
[19/06/23 15:18:38:229 UTC]  INFO util.ActivityLogger: class com.dotcms.rest.api.v1.container.ContainerResource: demo.dotcms.com : Update Container: 8e0ca803-9757-4e3e-828b-33c2fdd9feee , User dotcms.org.1 savedTestContainer
[19/06/23 15:18:41:290 UTC]  INFO util.SecurityLogger: class com.dotmarketing.cms.login.factories.LoginFactory : User admin@dotcms.com has sucessfully logged in from IP: 172.19.0.1 -- ip:172.19.0.1,user:Admin User [ID: dotcms.org.1][email:admin@dotcms.com]
[19/06/23 15:18:41:380 UTC]  INFO util.ActivityLogger: class com.dotcms.content.elasticsearch.business.ESContentletAPIImpl: System Host : Locking Content , StartDate: N/D; EndDate: N/D; User:dotcms.org.1; ContentIdentifier: 8a7d5e23-da1e-420a-b4f0-471e7da8ea2d
[19/06/23 15:18:41:386 UTC]  INFO business.ContentletIndexAPIImpl: Indexing: 8a7d5e23-da1e-420a-b4f0-471e7da8ea2d : default, includeDependencies: false, policy: FORCE
[19/06/23 15:18:41:389 UTC]  INFO util.ActivityLogger: class com.dotcms.content.elasticsearch.business.ESContentletAPIImpl: System Host : Content Locked , StartDate: N/D; EndDate: N/D; User:dotcms.org.1; ContentIdentifier: 8a7d5e23-da1e-420a-b4f0-471e7da8ea2d
[19/06/23 15:18:41:391 UTC]  INFO util.ActivityLogger: class com.dotcms.content.elasticsearch.business.ESContentletAPIImpl: System Host : Saving Content , StartDate: N/D; EndDate: N/D; User:dotcms.org.1; ContentIdentifier: 8a7d5e23-da1e-420a-b4f0-471e7da8ea2d
[19/06/23 15:18:41:424 UTC]  INFO timedcache.TimedCacheProvider: ***	 Building Cache : esquerycountcache, size:10000, seconds:3600,Concurrency:32 (every 60000 millis)
[19/06/23 15:18:41:507 UTC]  INFO business.ContentletIndexAPIImpl: Indexing: 8a7d5e23-da1e-420a-b4f0-471e7da8ea2d : default, includeDependencies: true, policy: FORCE
[19/06/23 15:18:41:540 UTC]  INFO util.ActivityLogger: class com.dotcms.content.elasticsearch.business.ESContentletAPIImpl: System Host : Content Saved , StartDate: N/D; EndDate: N/D; User:dotcms.org.1; ContentIdentifier: 8a7d5e23-da1e-420a-b4f0-471e7da8ea2d
[19/06/23 15:18:50:747 UTC]  INFO util.SecurityLogger: class com.dotmarketing.cms.login.factories.LoginFactory : User admin@dotcms.com has sucessfully logged in from IP: 172.19.0.1 -- ip:172.19.0.1,user:Admin User [ID: dotcms.org.1][email:admin@dotcms.com]
[19/06/23 15:18:53:839 UTC]  INFO util.SecurityLogger: class com.dotmarketing.cms.login.factories.LoginFactory : User admin@dotcms.com has sucessfully logged in from IP: 172.19.0.1 -- ip:172.19.0.1,user:Admin User [ID: dotcms.org.1][email:admin@dotcms.com]
[19/06/23 15:18:57:248 UTC]  INFO util.SecurityLogger: class com.dotmarketing.cms.login.factories.LoginFactory : User admin@dotcms.com has sucessfully logged in from IP: 172.19.0.1 -- ip:172.19.0.1,user:Admin User [ID: dotcms.org.1][email:admin@dotcms.com]
[19/06/23 15:19:00:317 UTC]  INFO util.SecurityLogger: class com.dotmarketing.cms.login.factories.LoginFactory : User admin@dotcms.com has sucessfully logged in from IP: 172.19.0.1 -- ip:172.19.0.1,user:Admin User [ID: dotcms.org.1][email:admin@dotcms.com]
[19/06/23 15:19:03:340 UTC]  INFO util.ActivityLogger: class com.dotcms.rest.api.v1.container.ContainerResource: system : Publish Container , User dotcms.org.1 published container: 8e0ca803-9757-4e3e-828b-33c2fdd9feee
[19/06/23 15:19:06:398 UTC]  INFO util.SecurityLogger: class com.dotmarketing.cms.login.factories.LoginFactory : User admin@dotcms.com has sucessfully logged in from IP: 172.19.0.1 -- ip:172.19.0.1,user:Admin User [ID: dotcms.org.1][email:admin@dotcms.com]
[19/06/23 15:19:09:456 UTC]  INFO util.SecurityLogger: class com.dotmarketing.cms.login.factories.LoginFactory : User admin@dotcms.com has sucessfully logged in from IP: 172.19.0.1 -- ip:172.19.0.1,user:Admin User [ID: dotcms.org.1][email:admin@dotcms.com]
[19/06/23 15:19:09:459 UTC]  WARN shorty.ShortyIdAPIImpl: An error occurred when getting shorty value for 'xxxxx' of type 'CONTENT': shorty xxxxx is not a short id.  Short Ids should be 10 chars in length
[19/06/23 15:19:09:460 UTC]  WARN mapper.ResourceNotFoundExceptionMapper: Can't find Container:xxxxx
org.apache.velocity.exception.ResourceNotFoundException: Can't find Container:xxxxx
	at com.dotcms.rest.api.v1.container.ContainerResource.lambda$getContainer$1(ContainerResource.java:502) ~[dotcms_master_811bc97.jar:?]
	at java.util.Optional.orElseGet(Optional.java:369) ~[?:?]
	at com.dotcms.rest.api.v1.container.ContainerResource.getContainer(ContainerResource.java:501) ~[dotcms_master_811bc97.jar:?]
	at com.dotcms.rest.api.v1.container.ContainerResource.getContainer(ContainerResource.java:452) ~[dotcms_master_811bc97.jar:?]
	at com.dotcms.rest.api.v1.container.ContainerResource.getContainerLive(ContainerResource.java:447) ~[dotcms_master_811bc97.jar:?]
	at com.dotcms.rest.api.v1.container.ContainerResource.getLiveById(ContainerResource.java:801) ~[dotcms_master_811bc97.jar:?]
	at jdk.internal.reflect.NativeMethodAccessorImpl.invoke0(Native Method) ~[?:?]
	at jdk.internal.reflect.NativeMethodAccessorImpl.invoke(NativeMethodAccessorImpl.java:62) ~[?:?]
	at jdk.internal.reflect.DelegatingMethodAccessorImpl.invoke(DelegatingMethodAccessorImpl.java:43) ~[?:?]
	at java.lang.reflect.Method.invoke(Method.java:566) ~[?:?]
	at org.glassfish.jersey.server.model.internal.ResourceMethodInvocationHandlerFactory$1.invoke(ResourceMethodInvocationHandlerFactory.java:81) ~[jersey-server-2.22.1.jar:?]
	at org.glassfish.jersey.server.model.internal.AbstractJavaResourceMethodDispatcher$1.run(AbstractJavaResourceMethodDispatcher.java:144) ~[jersey-server-2.22.1.jar:?]
	at org.glassfish.jersey.server.model.internal.AbstractJavaResourceMethodDispatcher.invoke(AbstractJavaResourceMethodDispatcher.java:161) ~[jersey-server-2.22.1.jar:?]
	at org.glassfish.jersey.server.model.internal.JavaResourceMethodDispatcherProvider$ResponseOutInvoker.doDispatch(JavaResourceMethodDispatcherProvider.java:160) ~[jersey-server-2.22.1.jar:?]
	at org.glassfish.jersey.server.model.internal.AbstractJavaResourceMethodDispatcher.dispatch(AbstractJavaResourceMethodDispatcher.java:99) ~[jersey-server-2.22.1.jar:?]
	at org.glassfish.jersey.server.model.ResourceMethodInvoker.invoke(ResourceMethodInvoker.java:389) ~[jersey-server-2.22.1.jar:?]
	at org.glassfish.jersey.server.model.ResourceMethodInvoker.apply(ResourceMethodInvoker.java:347) ~[jersey-server-2.22.1.jar:?]
	at org.glassfish.jersey.server.model.ResourceMethodInvoker.apply(ResourceMethodInvoker.java:102) ~[jersey-server-2.22.1.jar:?]
	at org.glassfish.jersey.server.ServerRuntime$2.run(ServerRuntime.java:326) ~[jersey-server-2.22.1.jar:?]
	at org.glassfish.jersey.internal.Errors$1.call(Errors.java:271) ~[jersey-common-2.22.1.jar:?]
	at org.glassfish.jersey.internal.Errors$1.call(Errors.java:267) ~[jersey-common-2.22.1.jar:?]
	at org.glassfish.jersey.internal.Errors.process(Errors.java:315) ~[jersey-common-2.22.1.jar:?]
	at org.glassfish.jersey.internal.Errors.process(Errors.java:297) ~[jersey-common-2.22.1.jar:?]
	at org.glassfish.jersey.internal.Errors.process(Errors.java:267) ~[jersey-common-2.22.1.jar:?]
	at org.glassfish.jersey.process.internal.RequestScope.runInScope(RequestScope.java:317) ~[jersey-common-2.22.1.jar:?]
	at org.glassfish.jersey.server.ServerRuntime.process(ServerRuntime.java:305) ~[jersey-server-2.22.1.jar:?]
	at org.glassfish.jersey.server.ApplicationHandler.handle(ApplicationHandler.java:1154) ~[jersey-server-2.22.1.jar:?]
	at org.glassfish.jersey.servlet.WebComponent.serviceImpl(WebComponent.java:471) ~[jersey-container-servlet-core-2.22.1.jar:?]
	at org.glassfish.jersey.servlet.WebComponent.service(WebComponent.java:425) ~[jersey-container-servlet-core-2.22.1.jar:?]
	at org.glassfish.jersey.servlet.ServletContainer.service(ServletContainer.java:383) ~[jersey-container-servlet-core-2.22.1.jar:?]
	at org.glassfish.jersey.servlet.ServletContainer.service(ServletContainer.java:336) ~[jersey-container-servlet-core-2.22.1.jar:?]
	at org.glassfish.jersey.servlet.ServletContainer.service(ServletContainer.java:223) ~[jersey-container-servlet-core-2.22.1.jar:?]
	at com.dotcms.rest.servlet.ReloadableServletContainer.service(ReloadableServletContainer.java:117) ~[dotcms_master_811bc97.jar:?]
	at org.apache.catalina.core.ApplicationFilterChain.internalDoFilter(ApplicationFilterChain.java:227) ~[catalina.jar:9.0.60]
	at org.apache.catalina.core.ApplicationFilterChain.doFilter(ApplicationFilterChain.java:162) ~[catalina.jar:9.0.60]
	at org.apache.tomcat.websocket.server.WsFilter.doFilter(WsFilter.java:53) ~[tomcat-websocket.jar:9.0.60]
	at org.apache.catalina.core.ApplicationFilterChain.internalDoFilter(ApplicationFilterChain.java:189) ~[catalina.jar:9.0.60]
	at org.apache.catalina.core.ApplicationFilterChain.doFilter(ApplicationFilterChain.java:162) ~[catalina.jar:9.0.60]
	at com.dotmarketing.filters.CMSFilter.doFilterInternal(CMSFilter.java:181) ~[dotcms_master_811bc97.jar:?]
	at com.dotmarketing.filters.CMSFilter.doFilter(CMSFilter.java:61) ~[dotcms_master_811bc97.jar:?]
	at org.apache.catalina.core.ApplicationFilterChain.internalDoFilter(ApplicationFilterChain.java:189) ~[catalina.jar:9.0.60]
	at org.apache.catalina.core.ApplicationFilterChain.doFilter(ApplicationFilterChain.java:162) ~[catalina.jar:9.0.60]
	at com.dotcms.filters.interceptor.AbstractWebInterceptorSupportFilter.doFilter(AbstractWebInterceptorSupportFilter.java:90) ~[dotcms_master_811bc97.jar:?]
	at org.apache.catalina.core.ApplicationFilterChain.internalDoFilter(ApplicationFilterChain.java:189) ~[catalina.jar:9.0.60]
	at org.apache.catalina.core.ApplicationFilterChain.doFilter(ApplicationFilterChain.java:162) ~[catalina.jar:9.0.60]
	at com.dotcms.filters.interceptor.AbstractWebInterceptorSupportFilter.doFilter(AbstractWebInterceptorSupportFilter.java:90) ~[dotcms_master_811bc97.jar:?]
	at org.apache.catalina.core.ApplicationFilterChain.internalDoFilter(ApplicationFilterChain.java:189) ~[catalina.jar:9.0.60]
	at org.apache.catalina.core.ApplicationFilterChain.doFilter(ApplicationFilterChain.java:162) ~[catalina.jar:9.0.60]
	at com.dotcms.visitor.filter.servlet.VisitorFilter.doFilter(VisitorFilter.java:81) ~[dotcms_master_811bc97.jar:?]
	at org.apache.catalina.core.ApplicationFilterChain.internalDoFilter(ApplicationFilterChain.java:189) ~[catalina.jar:9.0.60]
	at org.apache.catalina.core.ApplicationFilterChain.doFilter(ApplicationFilterChain.java:162) ~[catalina.jar:9.0.60]
	at com.dotcms.vanityurl.filters.VanityURLFilter.doFilter(VanityURLFilter.java:114) ~[dotcms_master_811bc97.jar:?]
	at org.apache.catalina.core.ApplicationFilterChain.internalDoFilter(ApplicationFilterChain.java:189) ~[catalina.jar:9.0.60]
	at org.apache.catalina.core.ApplicationFilterChain.doFilter(ApplicationFilterChain.java:162) ~[catalina.jar:9.0.60]
	at org.tuckey.web.filters.urlrewrite.RuleChain.handleRewrite(RuleChain.java:176) ~[urlrewritefilter-4.0.4.jar:4.0.4]
	at org.tuckey.web.filters.urlrewrite.RuleChain.doRules(RuleChain.java:145) ~[urlrewritefilter-4.0.4.jar:4.0.4]
	at org.tuckey.web.filters.urlrewrite.UrlRewriter.processRequest(UrlRewriter.java:92) ~[urlrewritefilter-4.0.4.jar:4.0.4]
	at org.tuckey.web.filters.urlrewrite.UrlRewriteFilter.doFilter(UrlRewriteFilter.java:389) ~[urlrewritefilter-4.0.4.jar:4.0.4]
	at org.apache.catalina.core.ApplicationFilterChain.internalDoFilter(ApplicationFilterChain.java:189) ~[catalina.jar:9.0.60]
	at org.apache.catalina.core.ApplicationFilterChain.doFilter(ApplicationFilterChain.java:162) ~[catalina.jar:9.0.60]
	at com.dotmarketing.filters.TimeMachineFilter.doFilter(TimeMachineFilter.java:67) ~[dotcms_master_811bc97.jar:?]
	at org.apache.catalina.core.ApplicationFilterChain.internalDoFilter(ApplicationFilterChain.java:189) ~[catalina.jar:9.0.60]
	at org.apache.catalina.core.ApplicationFilterChain.doFilter(ApplicationFilterChain.java:162) ~[catalina.jar:9.0.60]
	at com.dotmarketing.filters.ThreadNameFilter.doFilter(ThreadNameFilter.java:88) ~[dotcms_master_811bc97.jar:?]
	at org.apache.catalina.core.ApplicationFilterChain.internalDoFilter(ApplicationFilterChain.java:189) ~[catalina.jar:9.0.60]
	at org.apache.catalina.core.ApplicationFilterChain.doFilter(ApplicationFilterChain.java:162) ~[catalina.jar:9.0.60]
	at com.dotmarketing.filters.CookiesFilter.doFilter(CookiesFilter.java:53) ~[dotcms_master_811bc97.jar:?]
	at org.apache.catalina.core.ApplicationFilterChain.internalDoFilter(ApplicationFilterChain.java:189) ~[catalina.jar:9.0.60]
	at org.apache.catalina.core.ApplicationFilterChain.doFilter(ApplicationFilterChain.java:162) ~[catalina.jar:9.0.60]
	at com.dotmarketing.filters.CharsetEncodingFilter.doFilter(CharsetEncodingFilter.java:99) ~[dotcms_master_811bc97.jar:?]
	at org.apache.catalina.core.ApplicationFilterChain.internalDoFilter(ApplicationFilterChain.java:189) ~[catalina.jar:9.0.60]
	at org.apache.catalina.core.ApplicationFilterChain.doFilter(ApplicationFilterChain.java:162) ~[catalina.jar:9.0.60]
	at com.dotcms.filters.interceptor.AbstractWebInterceptorSupportFilter.doFilter(AbstractWebInterceptorSupportFilter.java:90) ~[dotcms_master_811bc97.jar:?]
	at org.apache.catalina.core.ApplicationFilterChain.internalDoFilter(ApplicationFilterChain.java:189) ~[catalina.jar:9.0.60]
	at org.apache.catalina.core.ApplicationFilterChain.doFilter(ApplicationFilterChain.java:162) ~[catalina.jar:9.0.60]
	at org.apache.catalina.filters.HttpHeaderSecurityFilter.doFilter(HttpHeaderSecurityFilter.java:126) ~[catalina.jar:9.0.60]
	at org.apache.catalina.core.ApplicationFilterChain.internalDoFilter(ApplicationFilterChain.java:189) ~[catalina.jar:9.0.60]
	at org.apache.catalina.core.ApplicationFilterChain.doFilter(ApplicationFilterChain.java:162) ~[catalina.jar:9.0.60]
	at com.dotcms.filters.NormalizationFilter.doFilter(NormalizationFilter.java:89) ~[dotcms_master_811bc97.jar:?]
	at org.apache.catalina.core.ApplicationFilterChain.internalDoFilter(ApplicationFilterChain.java:189) ~[catalina.jar:9.0.60]
	at org.apache.catalina.core.ApplicationFilterChain.doFilter(ApplicationFilterChain.java:162) ~[catalina.jar:9.0.60]
	at org.apache.catalina.core.StandardWrapperValve.invoke(StandardWrapperValve.java:197) ~[catalina.jar:9.0.60]
	at org.apache.catalina.core.StandardContextValve.invoke(StandardContextValve.java:97) ~[catalina.jar:9.0.60]
	at org.apache.catalina.authenticator.AuthenticatorBase.invoke(AuthenticatorBase.java:541) ~[catalina.jar:9.0.60]
	at org.apache.catalina.core.StandardHostValve.invoke(StandardHostValve.java:135) ~[catalina.jar:9.0.60]
	at org.apache.catalina.valves.AbstractAccessLogValve.invoke(AbstractAccessLogValve.java:687) ~[catalina.jar:9.0.60]
	at org.apache.catalina.valves.ErrorReportValve.invoke(ErrorReportValve.java:92) ~[catalina.jar:9.0.60]
	at org.apache.catalina.valves.RemoteIpValve.invoke(RemoteIpValve.java:769) ~[catalina.jar:9.0.60]
	at org.apache.catalina.core.StandardEngineValve.invoke(StandardEngineValve.java:78) ~[catalina.jar:9.0.60]
	at org.apache.catalina.connector.CoyoteAdapter.service(CoyoteAdapter.java:360) ~[catalina.jar:9.0.60]
	at org.apache.coyote.http11.Http11Processor.service(Http11Processor.java:399) ~[tomcat-coyote.jar:9.0.60]
	at org.apache.coyote.AbstractProcessorLight.process(AbstractProcessorLight.java:65) ~[tomcat-coyote.jar:9.0.60]
	at org.apache.coyote.AbstractProtocol$ConnectionHandler.process(AbstractProtocol.java:889) ~[tomcat-coyote.jar:9.0.60]
	at org.apache.tomcat.util.net.Nio2Endpoint$SocketProcessor.doRun(Nio2Endpoint.java:1701) ~[tomcat-coyote.jar:9.0.60]
	at org.apache.tomcat.util.net.SocketProcessorBase.run(SocketProcessorBase.java:49) ~[tomcat-coyote.jar:9.0.60]
	at org.apache.tomcat.util.net.AbstractEndpoint.processSocket(AbstractEndpoint.java:1190) ~[tomcat-coyote.jar:9.0.60]
	at org.apache.tomcat.util.net.Nio2Endpoint$Nio2SocketWrapper$2.completed(Nio2Endpoint.java:633) ~[tomcat-coyote.jar:9.0.60]
	at org.apache.tomcat.util.net.Nio2Endpoint$Nio2SocketWrapper$2.completed(Nio2Endpoint.java:611) ~[tomcat-coyote.jar:9.0.60]
	at sun.nio.ch.Invoker.invokeUnchecked(Invoker.java:127) ~[?:?]
	at sun.nio.ch.UnixAsynchronousSocketChannelImpl.finishRead(UnixAsynchronousSocketChannelImpl.java:439) ~[?:?]
	at sun.nio.ch.UnixAsynchronousSocketChannelImpl.finish(UnixAsynchronousSocketChannelImpl.java:191) ~[?:?]
	at sun.nio.ch.UnixAsynchronousSocketChannelImpl.onEvent(UnixAsynchronousSocketChannelImpl.java:213) ~[?:?]
	at sun.nio.ch.EPollPort$EventHandlerTask.run(EPollPort.java:306) ~[?:?]
	at sun.nio.ch.AsynchronousChannelGroupImpl$1.run(AsynchronousChannelGroupImpl.java:112) ~[?:?]
	at java.util.concurrent.ThreadPoolExecutor.runWorker(ThreadPoolExecutor.java:1128) ~[?:?]
	at java.util.concurrent.ThreadPoolExecutor$Worker.run(ThreadPoolExecutor.java:628) ~[?:?]
	at java.lang.Thread.run(Thread.java:829) [?:?]
[19/06/23 15:19:12:509 UTC]  INFO util.SecurityLogger: class com.dotmarketing.cms.login.factories.LoginFactory : User admin@dotcms.com has sucessfully logged in from IP: 172.19.0.1 -- ip:172.19.0.1,user:Admin User [ID: dotcms.org.1][email:admin@dotcms.com]
[19/06/23 15:19:15:525 UTC]  INFO util.ActivityLogger: class com.dotcms.rest.api.v1.container.ContainerResource: system : Unpublish Container , User dotcms.org.1 unpublished container: 8e0ca803-9757-4e3e-828b-33c2fdd9feee
[19/06/23 15:19:18:574 UTC]  INFO util.SecurityLogger: class com.dotmarketing.cms.login.factories.LoginFactory : User admin@dotcms.com has sucessfully logged in from IP: 172.19.0.1 -- ip:172.19.0.1,user:Admin User [ID: dotcms.org.1][email:admin@dotcms.com]
[19/06/23 15:19:18:585 UTC]  INFO util.ActivityLogger: class com.dotcms.content.elasticsearch.business.ESContentletAPIImpl: default : Unpublishing Content , StartDate: N/D; EndDate: N/D; User:dotcms.org.1; ContentIdentifier: 0eb4d77ee7df4372604bdb32f97f9b25
[19/06/23 15:19:18:632 UTC]  INFO business.ESContentletAPIImpl: The contentlet: 0eb4d77ee7df4372604bdb32f97f9b25 hasn't action id set using the default action: 38efc763-d78f-4e4b-b092-59cd8c579b93
[19/06/23 15:19:18:634 UTC]  INFO business.ESContentletAPIImpl: The action: 38efc763-d78f-4e4b-b092-59cd8c579b93 has an unpublish contentlet actionlet so firing a workflow and skipping the current publish for the contentlet: 0eb4d77ee7df4372604bdb32f97f9b25
[19/06/23 15:19:18:650 UTC]  INFO util.ActivityLogger: class com.dotcms.content.elasticsearch.business.ESContentletAPIImpl: default : Unpublishing Content , StartDate: N/D; EndDate: N/D; User:dotcms.org.1; ContentIdentifier: 0eb4d77ee7df4372604bdb32f97f9b25
[19/06/23 15:19:18:761 UTC]  INFO util.ActivityLogger: class com.dotcms.content.elasticsearch.business.ESContentletAPIImpl: default : Content Unpublished , StartDate: N/D; EndDate: N/D; User:dotcms.org.1; ContentIdentifier: 0eb4d77ee7df4372604bdb32f97f9b25
[19/06/23 15:19:18:766 UTC]  INFO util.SecurityLogger: class com.dotmarketing.portlets.workflows.business.WorkflowAPIImpl : Workflow task 'dd83caeb-5fb3-4538-81eb-5f3f0a67e01f' has been saved. -- ip:172.19.0.1,user:Admin User [ID: dotcms.org.1][email:admin@dotcms.com]
[19/06/23 15:19:18:769 UTC]  INFO util.SecurityLogger: class com.dotmarketing.portlets.workflows.business.WorkflowAPIImpl : Workflow History 'ef6a51b7-73ee-4fa9-a081-3d07c2567e5d' has been saved. -- ip:172.19.0.1,user:Admin User [ID: dotcms.org.1][email:admin@dotcms.com]
[19/06/23 15:19:18:770 UTC]  INFO business.WorkflowAPIImpl: Needs reindex, adding the contentlet to the index at the end of the workflow execution
[19/06/23 15:19:18:770 UTC]  INFO business.ContentletIndexAPIImpl: Indexing: 0eb4d77ee7df4372604bdb32f97f9b25 : container.vtl, includeDependencies: false, policy: FORCE
[19/06/23 15:19:18:770 UTC]  INFO business.WorkflowAPIImpl: Added contentlet to the index at the end of the workflow execution, dependencies: false
[19/06/23 15:19:18:770 UTC]  INFO reindex.ReindexQueueAPIImpl: addIdentifierReindex: 0eb4d77ee7df4372604bdb32f97f9b25
[19/06/23 15:19:18:771 UTC]  INFO business.ESContentletAPIImpl: A Workflow has been ran instead of unpublish the contentlet: 0eb4d77ee7df4372604bdb32f97f9b25
[19/06/23 15:19:18:846 UTC]  INFO reindex.ReindexThread: --- Unpausing reindex thread 
[19/06/23 15:19:18:962 UTC]  INFO reindex.BulkProcessorListener: -----------
[19/06/23 15:19:18:963 UTC]  INFO reindex.BulkProcessorListener: Reindexing Server #  : 1 of 1
[19/06/23 15:19:18:964 UTC]  INFO reindex.BulkProcessorListener: Total Indexed        : 0
[19/06/23 15:19:18:965 UTC]  INFO reindex.BulkProcessorListener: ReindexEntries found : 1
[19/06/23 15:19:18:965 UTC]  INFO reindex.BulkProcessorListener: BulkRequests created : 1
[19/06/23 15:19:18:966 UTC]  INFO reindex.BulkProcessorListener: -----------
[19/06/23 15:19:24:854 UTC]  INFO util.ActivityLogger: class com.dotcms.rest.api.v1.container.ContainerResource: system : Unpublish Container , User dotcms.org.1 unpublished container: 0eb4d77ee7df4372604bdb32f97f9b25
[19/06/23 15:19:27:933 UTC]  INFO util.SecurityLogger: class com.dotmarketing.cms.login.factories.LoginFactory : User admin@dotcms.com has sucessfully logged in from IP: 172.19.0.1 -- ip:172.19.0.1,user:Admin User [ID: dotcms.org.1][email:admin@dotcms.com]
[19/06/23 15:19:30:951 UTC]  INFO util.ActivityLogger: class com.dotcms.rest.api.v1.container.ContainerResource: system : Doing Archive Container Action , User dotcms.org.1 archived container: 8e0ca803-9757-4e3e-828b-33c2fdd9feee
[19/06/23 15:19:33:997 UTC]  INFO util.SecurityLogger: class com.dotmarketing.cms.login.factories.LoginFactory : User admin@dotcms.com has sucessfully logged in from IP: 172.19.0.1 -- ip:172.19.0.1,user:Admin User [ID: dotcms.org.1][email:admin@dotcms.com]
[19/06/23 15:19:34:010 UTC]  INFO util.ActivityLogger: class com.dotcms.content.elasticsearch.business.ESContentletAPIImpl: default : Archiving Content , StartDate: N/A; EndDate: N/A; User:dotcms.org.1; ContentIdentifier: 0eb4d77ee7df4372604bdb32f97f9b25
[19/06/23 15:19:34:047 UTC]  INFO business.ESContentletAPIImpl: The contentlet: 0eb4d77ee7df4372604bdb32f97f9b25 hasn't action id set using the default action: 4da13a42-5d59-480c-ad8f-94a3adf809fe
[19/06/23 15:19:34:048 UTC]  INFO business.ESContentletAPIImpl: The action: 4da13a42-5d59-480c-ad8f-94a3adf809fe has an archive contentlet actionlet so firing a workflow and skipping the current archive for the contentlet: 0eb4d77ee7df4372604bdb32f97f9b25
[19/06/23 15:19:34:083 UTC]  INFO util.ActivityLogger: class com.dotcms.content.elasticsearch.business.ESContentletAPIImpl: default : Archiving Content , StartDate: N/A; EndDate: N/A; User:dotcms.org.1; ContentIdentifier: 0eb4d77ee7df4372604bdb32f97f9b25
[19/06/23 15:19:34:096 UTC]  INFO business.ContentletIndexAPIImpl: Indexing: 0eb4d77ee7df4372604bdb32f97f9b25 : container.vtl, includeDependencies: true, policy: FORCE
[19/06/23 15:19:34:165 UTC]  INFO util.ActivityLogger: class com.dotcms.content.elasticsearch.business.ESContentletAPIImpl: default : Content Archived , StartDate: N/A; EndDate: N/A; User:dotcms.org.1; ContentIdentifier: 0eb4d77ee7df4372604bdb32f97f9b25
[19/06/23 15:19:34:170 UTC]  INFO util.SecurityLogger: class com.dotmarketing.portlets.workflows.business.WorkflowAPIImpl : Workflow task 'dd83caeb-5fb3-4538-81eb-5f3f0a67e01f' has been saved. -- ip:172.19.0.1,user:Admin User [ID: dotcms.org.1][email:admin@dotcms.com]
[19/06/23 15:19:34:172 UTC]  INFO util.SecurityLogger: class com.dotmarketing.portlets.workflows.business.WorkflowAPIImpl : Workflow History '5e2f383c-8b01-4c2f-9b05-6ceeeb79b841' has been saved. -- ip:172.19.0.1,user:Admin User [ID: dotcms.org.1][email:admin@dotcms.com]
[19/06/23 15:19:34:174 UTC]  INFO business.WorkflowAPIImpl: Needs reindex, adding the contentlet to the index at the end of the workflow execution
[19/06/23 15:19:34:174 UTC]  INFO business.ContentletIndexAPIImpl: Indexing: 0eb4d77ee7df4372604bdb32f97f9b25 : container.vtl, includeDependencies: false, policy: FORCE
[19/06/23 15:19:34:175 UTC]  INFO business.WorkflowAPIImpl: Added contentlet to the index at the end of the workflow execution, dependencies: false
[19/06/23 15:19:34:176 UTC]  INFO reindex.ReindexQueueAPIImpl: addIdentifierReindex: 0eb4d77ee7df4372604bdb32f97f9b25
[19/06/23 15:19:34:177 UTC]  INFO business.ESContentletAPIImpl: A Workflow has been ran instead of archive the contentlet: 0eb4d77ee7df4372604bdb32f97f9b25
[19/06/23 15:19:34:444 UTC]  INFO reindex.ReindexThread: --- Unpausing reindex thread 
[19/06/23 15:19:34:536 UTC]  INFO reindex.BulkProcessorListener: -----------
[19/06/23 15:19:34:536 UTC]  INFO reindex.BulkProcessorListener: Reindexing Server #  : 1 of 1
[19/06/23 15:19:34:536 UTC]  INFO reindex.BulkProcessorListener: Total Indexed        : 0
[19/06/23 15:19:34:536 UTC]  INFO reindex.BulkProcessorListener: ReindexEntries found : 1
[19/06/23 15:19:34:536 UTC]  INFO reindex.BulkProcessorListener: BulkRequests created : 1
[19/06/23 15:19:34:537 UTC]  INFO reindex.BulkProcessorListener: -----------
[19/06/23 15:19:40:461 UTC]  INFO util.ActivityLogger: class com.dotcms.rest.api.v1.container.ContainerResource: system : Doing Archive Container Action , User dotcms.org.1 archived container: 0eb4d77ee7df4372604bdb32f97f9b25
[19/06/23 15:19:43:526 UTC]  INFO util.SecurityLogger: class com.dotmarketing.cms.login.factories.LoginFactory : User admin@dotcms.com has sucessfully logged in from IP: 172.19.0.1 -- ip:172.19.0.1,user:Admin User [ID: dotcms.org.1][email:admin@dotcms.com]
[19/06/23 15:19:46:548 UTC]  INFO util.ActivityLogger: class com.dotcms.rest.api.v1.container.ContainerResource: system : Doing Archive Container Action , User dotcms.org.1 archived container: 8e0ca803-9757-4e3e-828b-33c2fdd9feee
[19/06/23 15:19:49:599 UTC]  INFO util.SecurityLogger: class com.dotmarketing.cms.login.factories.LoginFactory : User admin@dotcms.com has sucessfully logged in from IP: 172.19.0.1 -- ip:172.19.0.1,user:Admin User [ID: dotcms.org.1][email:admin@dotcms.com]
[19/06/23 15:19:49:611 UTC]  INFO util.ActivityLogger: class com.dotcms.content.elasticsearch.business.ESContentletAPIImpl: default : Unarchiving Content , StartDate: N/D; EndDate: N/D; User:dotcms.org.1; ContentIdentifier: 0eb4d77ee7df4372604bdb32f97f9b25
[19/06/23 15:19:49:628 UTC]  INFO business.ESContentletAPIImpl: The contentlet: 0eb4d77ee7df4372604bdb32f97f9b25 hasn't action id set using the default action: c92f9aa1-9503-4567-ac30-d3242b54d02d
[19/06/23 15:19:49:629 UTC]  INFO business.ESContentletAPIImpl: The action: c92f9aa1-9503-4567-ac30-d3242b54d02d has an unarchive contentlet actionlet so firing a workflow and skipping the current unarchive for the contentlet: 0eb4d77ee7df4372604bdb32f97f9b25
[19/06/23 15:19:49:641 UTC]  INFO util.ActivityLogger: class com.dotcms.content.elasticsearch.business.ESContentletAPIImpl: default : Unarchiving Content , StartDate: N/D; EndDate: N/D; User:dotcms.org.1; ContentIdentifier: 0eb4d77ee7df4372604bdb32f97f9b25
[19/06/23 15:19:49:647 UTC]  INFO business.ContentletIndexAPIImpl: Indexing: 0eb4d77ee7df4372604bdb32f97f9b25 : container.vtl, includeDependencies: true, policy: FORCE
[19/06/23 15:19:49:668 UTC]  INFO timedcache.TimedCacheProvider: ***	 Building Cache : esquerycache, size:10000, seconds:3600,Concurrency:32 (every 60000 millis)
[19/06/23 15:19:49:671 UTC]  INFO util.ActivityLogger: class com.dotcms.content.elasticsearch.business.ESContentletAPIImpl: default : Content Unarchived , StartDate: N/D; EndDate: N/D; User:dotcms.org.1; ContentIdentifier: 0eb4d77ee7df4372604bdb32f97f9b25
[19/06/23 15:19:49:674 UTC]  INFO util.SecurityLogger: class com.dotmarketing.portlets.workflows.business.WorkflowAPIImpl : Workflow task 'dd83caeb-5fb3-4538-81eb-5f3f0a67e01f' has been saved. -- ip:172.19.0.1,user:Admin User [ID: dotcms.org.1][email:admin@dotcms.com]
[19/06/23 15:19:49:675 UTC]  INFO util.SecurityLogger: class com.dotmarketing.portlets.workflows.business.WorkflowAPIImpl : Workflow History 'f5fac896-7491-4326-80b0-aa51fd1d7bbb' has been saved. -- ip:172.19.0.1,user:Admin User [ID: dotcms.org.1][email:admin@dotcms.com]
[19/06/23 15:19:49:675 UTC]  INFO business.WorkflowAPIImpl: Needs reindex, adding the contentlet to the index at the end of the workflow execution
[19/06/23 15:19:49:675 UTC]  INFO business.ContentletIndexAPIImpl: Indexing: 0eb4d77ee7df4372604bdb32f97f9b25 : container.vtl, includeDependencies: false, policy: FORCE
[19/06/23 15:19:49:675 UTC]  INFO business.WorkflowAPIImpl: Added contentlet to the index at the end of the workflow execution, dependencies: false
[19/06/23 15:19:49:675 UTC]  INFO reindex.ReindexQueueAPIImpl: addIdentifierReindex: 0eb4d77ee7df4372604bdb32f97f9b25
[19/06/23 15:19:49:676 UTC]  INFO business.ESContentletAPIImpl: A Workflow has been ran instead of unarchive the contentlet: 0eb4d77ee7df4372604bdb32f97f9b25
[19/06/23 15:19:49:838 UTC]  INFO reindex.ReindexThread: --- Unpausing reindex thread 
[19/06/23 15:19:49:865 UTC]  INFO reindex.BulkProcessorListener: -----------
[19/06/23 15:19:49:865 UTC]  INFO reindex.BulkProcessorListener: Reindexing Server #  : 1 of 1
[19/06/23 15:19:49:865 UTC]  INFO reindex.BulkProcessorListener: Total Indexed        : 0
[19/06/23 15:19:49:865 UTC]  INFO reindex.BulkProcessorListener: ReindexEntries found : 1
[19/06/23 15:19:49:866 UTC]  INFO reindex.BulkProcessorListener: BulkRequests created : 1
[19/06/23 15:19:49:866 UTC]  INFO reindex.BulkProcessorListener: -----------
[19/06/23 15:19:55:845 UTC]  INFO util.ActivityLogger: class com.dotcms.rest.api.v1.container.ContainerResource: system : Doing Archive Container Action , User dotcms.org.1 archived container: 0eb4d77ee7df4372604bdb32f97f9b25
[19/06/23 15:19:58:891 UTC]  INFO util.SecurityLogger: class com.dotmarketing.cms.login.factories.LoginFactory : User admin@dotcms.com has sucessfully logged in from IP: 172.19.0.1 -- ip:172.19.0.1,user:Admin User [ID: dotcms.org.1][email:admin@dotcms.com]
[19/06/23 15:19:58:904 UTC]  INFO util.ActivityLogger: class com.dotcms.content.elasticsearch.business.ESContentletAPIImpl: default : Publishing Content , StartDate: N/D; EndDate: N/D; User:dotcms.org.1; ContentIdentifier: 0eb4d77ee7df4372604bdb32f97f9b25
[19/06/23 15:19:58:914 UTC]  INFO business.ESContentletAPIImpl: The contentlet: 0eb4d77ee7df4372604bdb32f97f9b25 hasn't action id set using the default action: b9d89c80-3d88-4311-8365-187323c96436
[19/06/23 15:19:58:916 UTC]  INFO business.ESContentletAPIImpl: The action: b9d89c80-3d88-4311-8365-187323c96436 has a publish contentlet actionlet so firing a workflow and skipping the current publish for the contentlet: 0eb4d77ee7df4372604bdb32f97f9b25
[19/06/23 15:19:58:930 UTC]  INFO util.ActivityLogger: class com.dotcms.content.elasticsearch.business.ESContentletAPIImpl: default : Locking Content , StartDate: N/D; EndDate: N/D; User:dotcms.org.1; ContentIdentifier: 0eb4d77ee7df4372604bdb32f97f9b25
[19/06/23 15:19:58:933 UTC]  INFO util.ActivityLogger: class com.dotcms.content.elasticsearch.business.ESContentletAPIImpl: default : Content Locked , StartDate: N/D; EndDate: N/D; User:dotcms.org.1; ContentIdentifier: 0eb4d77ee7df4372604bdb32f97f9b25
[19/06/23 15:19:58:935 UTC]  INFO util.ActivityLogger: class com.dotcms.content.elasticsearch.business.ESContentletAPIImpl: default : Saving Content , StartDate: N/D; EndDate: N/D; User:dotcms.org.1; ContentIdentifier: 0eb4d77ee7df4372604bdb32f97f9b25
[19/06/23 15:19:58:972 UTC]  INFO reindex.ReindexQueueAPIImpl: addIdentifierReindex: 0eb4d77ee7df4372604bdb32f97f9b25
[19/06/23 15:19:59:023 UTC]  INFO util.ActivityLogger: class com.dotcms.content.elasticsearch.business.ESContentletAPIImpl: default : Content Saved , StartDate: N/D; EndDate: N/D; User:dotcms.org.1; ContentIdentifier: 0eb4d77ee7df4372604bdb32f97f9b25
[19/06/23 15:19:59:024 UTC]  INFO util.ActivityLogger: class com.dotcms.content.elasticsearch.business.ESContentletAPIImpl: default : Publishing Content , StartDate: N/D; EndDate: N/D; User:dotcms.org.1; ContentIdentifier: 0eb4d77ee7df4372604bdb32f97f9b25
[19/06/23 15:19:59:070 UTC]  INFO util.ActivityLogger: class com.dotcms.content.elasticsearch.business.ESContentletAPIImpl: default : Content Published , StartDate: N/D; EndDate: N/D; User:dotcms.org.1; ContentIdentifier: 0eb4d77ee7df4372604bdb32f97f9b25
[19/06/23 15:19:59:074 UTC]  INFO util.ActivityLogger: class com.dotcms.content.elasticsearch.business.ESContentletAPIImpl: default : Unlocking Content , StartDate: N/D; EndDate: N/D; User:dotcms.org.1; ContentIdentifier: 0eb4d77ee7df4372604bdb32f97f9b25
[19/06/23 15:19:59:088 UTC]  INFO util.ActivityLogger: class com.dotcms.content.elasticsearch.business.ESContentletAPIImpl: default : Content Unlocked , StartDate: N/D; EndDate: N/D; User:dotcms.org.1; ContentIdentifier: 0eb4d77ee7df4372604bdb32f97f9b25
[19/06/23 15:19:59:091 UTC]  INFO util.SecurityLogger: class com.dotmarketing.portlets.workflows.business.WorkflowAPIImpl : Workflow task 'dd83caeb-5fb3-4538-81eb-5f3f0a67e01f' has been saved. -- ip:172.19.0.1,user:Admin User [ID: dotcms.org.1][email:admin@dotcms.com]
[19/06/23 15:19:59:092 UTC]  INFO util.SecurityLogger: class com.dotmarketing.portlets.workflows.business.WorkflowAPIImpl : Workflow History '6ee1415d-4d4c-43f9-971a-564dbaf540fd' has been saved. -- ip:172.19.0.1,user:Admin User [ID: dotcms.org.1][email:admin@dotcms.com]
[19/06/23 15:19:59:094 UTC]  INFO business.WorkflowAPIImpl: Needs reindex, adding the contentlet to the index at the end of the workflow execution
[19/06/23 15:19:59:094 UTC]  INFO business.ContentletIndexAPIImpl: Indexing: 0eb4d77ee7df4372604bdb32f97f9b25 : container.vtl, includeDependencies: true, policy: FORCE
[19/06/23 15:19:59:096 UTC]  INFO business.WorkflowAPIImpl: Added contentlet to the index at the end of the workflow execution, dependencies: true
[19/06/23 15:19:59:097 UTC]  INFO reindex.ReindexQueueAPIImpl: addIdentifierReindex: 0eb4d77ee7df4372604bdb32f97f9b25
[19/06/23 15:19:59:103 UTC]  INFO reindex.ReindexThread: --- Unpausing reindex thread 
[19/06/23 15:19:59:240 UTC]  INFO reindex.BulkProcessorListener: -----------
[19/06/23 15:19:59:242 UTC]  INFO reindex.BulkProcessorListener: Reindexing Server #  : 1 of 1
[19/06/23 15:19:59:243 UTC]  INFO reindex.BulkProcessorListener: Total Indexed        : 0
[19/06/23 15:19:59:244 UTC]  INFO reindex.BulkProcessorListener: ReindexEntries found : 1
[19/06/23 15:19:59:244 UTC]  INFO reindex.BulkProcessorListener: BulkRequests created : 2
[19/06/23 15:19:59:245 UTC]  INFO reindex.BulkProcessorListener: -----------
[19/06/23 15:20:05:330 UTC]  INFO util.ActivityLogger: class com.dotcms.rest.api.v1.container.ContainerResource: system : Publish Container , User dotcms.org.1 published container: 0eb4d77ee7df4372604bdb32f97f9b25
[19/06/23 15:20:08:447 UTC]  INFO util.SecurityLogger: class com.dotmarketing.cms.login.factories.LoginFactory : User admin@dotcms.com has sucessfully logged in from IP: 172.19.0.1 -- ip:172.19.0.1,user:Admin User [ID: dotcms.org.1][email:admin@dotcms.com]
[19/06/23 15:20:11:500 UTC]  INFO util.ActivityLogger: class com.dotcms.rest.api.v1.container.ContainerResource: system : Done Delete Container , User dotcms.org.1 deleted container: 8e0ca803-9757-4e3e-828b-33c2fdd9feee
[19/06/23 15:20:14:545 UTC]  INFO util.SecurityLogger: class com.dotmarketing.cms.login.factories.LoginFactory : User admin@dotcms.com has sucessfully logged in from IP: 172.19.0.1 -- ip:172.19.0.1,user:Admin User [ID: dotcms.org.1][email:admin@dotcms.com]
[19/06/23 15:20:14:550 UTC]  INFO business.IdentifierAPIImpl: Creating new identifier for versionable asset of type `containers` and title `Container to be archived` 
[19/06/23 15:20:14:551 UTC]  INFO business.DeterministicIdentifierAPIImpl: hashing id: container:demo.dotcms.com/container to be archived to 486d5022846bda6ee279bf9cc328d8e1
[19/06/23 15:20:14:551 UTC]  WARN shorty.ShortyIdAPIImpl: An error occurred when getting shorty value for '' of type 'CONTENT': shorty  is not a short id.  Short Ids should be 10 chars in length
[19/06/23 15:20:14:561 UTC]  INFO util.ActivityLogger: class com.dotcms.rest.api.v1.container.ContainerResource: demo.dotcms.com : Save Container , User dotcms.org.1 savedContainer to be archived
[19/06/23 15:20:14:585 UTC]  INFO util.ActivityLogger: class com.dotcms.rest.api.v1.container.ContainerResource: system : Publish Container , User dotcms.org.1 published container: 486d5022846bda6ee279bf9cc328d8e1
[19/06/23 15:20:20:633 UTC]  INFO util.SecurityLogger: class com.dotmarketing.cms.login.factories.LoginFactory : User admin@dotcms.com has sucessfully logged in from IP: 172.19.0.1 -- ip:172.19.0.1,user:Admin User [ID: dotcms.org.1][email:admin@dotcms.com]
[19/06/23 15:20:23:648 UTC]  INFO util.ActivityLogger: class com.dotcms.rest.api.v1.container.ContainerResource: system : Unpublish Container , User dotcms.org.1 unpublished container: 486d5022846bda6ee279bf9cc328d8e1
[19/06/23 15:20:26:690 UTC]  INFO util.SecurityLogger: class com.dotmarketing.cms.login.factories.LoginFactory : User admin@dotcms.com has sucessfully logged in from IP: 172.19.0.1 -- ip:172.19.0.1,user:Admin User [ID: dotcms.org.1][email:admin@dotcms.com]
[19/06/23 15:20:29:699 UTC]  INFO util.ActivityLogger: class com.dotcms.rest.api.v1.container.ContainerResource: system : Doing Archive Container Action , User dotcms.org.1 archived container: 486d5022846bda6ee279bf9cc328d8e1
[19/06/23 15:20:32:745 UTC]  INFO util.SecurityLogger: class com.dotmarketing.cms.login.factories.LoginFactory : User admin@dotcms.com has sucessfully logged in from IP: 172.19.0.1 -- ip:172.19.0.1,user:Admin User [ID: dotcms.org.1][email:admin@dotcms.com]
[19/06/23 15:20:35:938 UTC]  INFO util.SecurityLogger: class com.dotmarketing.cms.login.factories.LoginFactory : User admin@dotcms.com has sucessfully logged in from IP: 172.19.0.1 -- ip:172.19.0.1,user:Admin User [ID: dotcms.org.1][email:admin@dotcms.com]
