[02/06/23 15:41:51:389 UTC]  INFO loggers.Log4jUtil: Async Logger enabled: true
[02/06/23 15:41:51:390 UTC]  INFO listeners.ContextLifecycleListener: Installing the web socket
[02/06/23 15:41:52:329 UTC]  INFO business.CacheLocator: loading cache administrator: ChainableCacheAdministratorImpl
[02/06/23 15:41:52:721 UTC]  INFO db.DataSourceStrategyProvider: Datasource loaded using custom class com.dotmarketing.db.SystemEnvDataSourceStrategy
[02/06/23 15:41:52:734 UTC]  INFO cfg.Environment: Hibernate 2.1.8
[02/06/23 15:41:52:735 UTC]  INFO cfg.Environment: hibernate.properties not found
[02/06/23 15:41:52:739 UTC]  INFO cfg.Environment: using CGLIB reflection optimizer
[02/06/23 15:41:52:742 UTC]  INFO cfg.Environment: using JDK 1.4 java.sql.Timestamp handling
[02/06/23 15:41:52:746 UTC]  INFO cfg.Configuration: configuring from resource: /hibernate.cfg.xml
[02/06/23 15:41:52:746 UTC]  INFO cfg.Configuration: Configuration resource: /hibernate.cfg.xml
[02/06/23 15:41:52:832 UTC]  INFO cfg.Configuration: Configured SessionFactory: null
[02/06/23 15:41:52:832 UTC]  INFO cfg.Configuration: Mapping resource: META-INF/portal-hbm.xml
[02/06/23 15:41:52:869 UTC]  INFO cfg.Binder: Mapping class: com.liferay.portal.ejb.AddressHBM -> Address
[02/06/23 15:41:52:904 UTC]  INFO cfg.Binder: Mapping class: com.liferay.portal.ejb.CompanyHBM -> Company
[02/06/23 15:41:52:909 UTC]  INFO cfg.Binder: Mapping class: com.liferay.portal.ejb.ImageHBM -> Image
[02/06/23 15:41:52:910 UTC]  INFO cfg.Binder: Mapping class: com.liferay.portal.ejb.PasswordTrackerHBM -> PasswordTracker
[02/06/23 15:41:52:913 UTC]  INFO cfg.Binder: Mapping class: com.liferay.portal.ejb.UserHBM -> User_
[02/06/23 15:41:52:918 UTC]  INFO cfg.Binder: Mapping class: com.liferay.portal.ejb.UserTrackerHBM -> UserTracker
[02/06/23 15:41:52:919 UTC]  INFO cfg.Binder: Mapping class: com.liferay.portal.ejb.UserTrackerPathHBM -> UserTrackerPath
[02/06/23 15:41:52:920 UTC]  INFO cfg.Binder: Mapping class: com.liferay.portlet.admin.ejb.AdminConfigHBM -> AdminConfig
[02/06/23 15:41:52:921 UTC]  INFO cfg.Configuration: Mapping resource: com/dotmarketing/beans/DotCMSSeq.hbm.xml
[02/06/23 15:41:52:946 UTC]  INFO cfg.Binder: Mapping class: com.dotmarketing.beans.Inode -> inode
[02/06/23 15:41:52:956 UTC]  INFO cfg.Binder: Mapping joined-subclass: com.dotmarketing.portlets.containers.model.Container -> dot_containers
[02/06/23 15:41:52:959 UTC]  INFO cfg.Binder: Mapping joined-subclass: com.dotmarketing.portlets.links.model.Link -> links
[02/06/23 15:41:52:961 UTC]  INFO cfg.Binder: Mapping joined-subclass: com.dotmarketing.portlets.structure.model.Field -> field
[02/06/23 15:41:52:963 UTC]  INFO cfg.Binder: Mapping class: com.dotmarketing.portlets.workflows.model.WorkflowTask -> workflow_task
[02/06/23 15:41:52:964 UTC]  INFO cfg.Binder: Mapping class: com.dotmarketing.portlets.workflows.model.WorkflowComment -> workflow_comment
[02/06/23 15:41:52:966 UTC]  INFO cfg.Binder: Mapping class: com.dotmarketing.portlets.workflows.model.WorkflowHistory -> workflow_history
[02/06/23 15:41:52:967 UTC]  INFO cfg.Binder: Mapping class: com.dotmarketing.portlets.workflows.model.WorkFlowTaskFiles -> workflowtask_files
[02/06/23 15:41:52:968 UTC]  INFO cfg.Binder: Mapping class: com.dotmarketing.beans.Permission -> permission
[02/06/23 15:41:52:970 UTC]  INFO cfg.Binder: Mapping class: com.dotmarketing.beans.PermissionReference -> permission_reference
[02/06/23 15:41:52:971 UTC]  INFO cfg.Binder: Mapping class: com.dotmarketing.beans.Tree -> tree
[02/06/23 15:41:53:049 UTC]  INFO cfg.Binder: Mapping class: com.dotmarketing.beans.MultiTree -> multi_tree
[02/06/23 15:41:53:065 UTC]  INFO util.ReflectHelper: reflection optimizer disabled for: com.dotmarketing.beans.MultiTree, BulkBeanException: Index 1 out of bounds for length 0 (property setParent1)
[02/06/23 15:41:53:065 UTC]  INFO cfg.Binder: Mapping class: com.dotmarketing.beans.Clickstream -> clickstream
[02/06/23 15:41:53:074 UTC]  INFO cfg.Binder: Mapping class: com.dotmarketing.beans.ClickstreamRequest -> clickstream_request
[02/06/23 15:41:53:075 UTC]  INFO cfg.Binder: Mapping class: com.dotmarketing.beans.Clickstream404 -> clickstream_404
[02/06/23 15:41:53:077 UTC]  INFO cfg.Binder: Mapping class: com.dotmarketing.tag.model.Tag -> tag
[02/06/23 15:41:53:078 UTC]  INFO cfg.Binder: Mapping class: com.dotmarketing.tag.model.TagInode -> tag_inode
[02/06/23 15:41:53:091 UTC]  INFO cfg.Binder: Mapping class: com.dotmarketing.beans.ChallengeQuestion -> challenge_question
[02/06/23 15:41:53:093 UTC]  INFO cfg.Binder: Mapping class: com.dotmarketing.beans.UsersToDelete -> users_to_delete
[02/06/23 15:41:53:094 UTC]  INFO cfg.Binder: Mapping class: com.dotmarketing.plugin.model.Plugin -> plugin
[02/06/23 15:41:53:095 UTC]  INFO cfg.Binder: Mapping class: com.dotmarketing.business.Role -> cms_role
[02/06/23 15:41:53:096 UTC]  INFO cfg.Binder: Mapping class: com.dotmarketing.business.UsersRoles -> users_cms_roles
[02/06/23 15:41:53:097 UTC]  INFO cfg.Binder: Mapping class: com.dotmarketing.business.LayoutsRoles -> layouts_cms_roles
[02/06/23 15:41:53:098 UTC]  INFO cfg.Binder: Mapping class: com.dotmarketing.business.Layout -> cms_layout
[02/06/23 15:41:53:099 UTC]  INFO cfg.Binder: Mapping class: com.dotmarketing.business.PortletsLayouts -> cms_layouts_portlets
[02/06/23 15:41:53:100 UTC]  INFO cfg.Binder: Mapping class: com.dotmarketing.portlets.hostvariable.model.HostVariable -> host_variable
[02/06/23 15:41:53:101 UTC]  INFO cfg.Binder: Mapping class: com.dotmarketing.beans.FixAudit -> fixes_audit
[02/06/23 15:41:53:102 UTC]  INFO cfg.Binder: Mapping class: com.dotmarketing.beans.ContainerStructure -> container_structures
[02/06/23 15:41:53:104 UTC]  INFO cfg.Binder: Mapping class: com.dotmarketing.portlets.templates.model.TemplateVersionInfo -> template_version_info
[02/06/23 15:41:53:105 UTC]  INFO cfg.Binder: Mapping class: com.dotmarketing.portlets.containers.model.ContainerVersionInfo -> container_version_info
[02/06/23 15:41:53:105 UTC]  INFO cfg.Binder: Mapping class: com.dotmarketing.portlets.links.model.LinkVersionInfo -> link_version_info
[02/06/23 15:41:53:106 UTC]  INFO cfg.Configuration: Mapping resource: com/dotmarketing/beans/DotCMSSeq_NOSQLGEN.hbm.xml
[02/06/23 15:41:53:113 UTC]  INFO cfg.Binder: Mapping class: com.dotmarketing.plugin.model.PluginProperty -> plugin_property
[02/06/23 15:41:53:145 UTC]  INFO cfg.Configuration: processing one-to-many association mappings
[02/06/23 15:41:53:145 UTC]  INFO cfg.Binder: Mapping collection: com.dotmarketing.beans.Clickstream.clickstreamRequests -> clickstream_request
[02/06/23 15:41:53:145 UTC]  INFO cfg.Configuration: processing one-to-one association property references
[02/06/23 15:41:53:145 UTC]  INFO cfg.Configuration: processing foreign key constraints
[02/06/23 15:41:53:161 UTC]  INFO dialect.Dialect: Using dialect: com.dotcms.repackage.net.sf.hibernate.dialect.PostgreSQLDialect
[02/06/23 15:41:53:165 UTC]  INFO cfg.SettingsFactory: Use outer join fetching: true
[02/06/23 15:41:53:167 UTC]  WARN connection.UserSuppliedConnectionProvider: No connection properties specified - the user must supply JDBC connections
[02/06/23 15:41:53:171 UTC]  INFO transaction.TransactionManagerLookupFactory: No TransactionManagerLookup configured (in JTA environment, use of process level read-write cache is not recommended)
[02/06/23 15:41:53:172 UTC]  INFO cfg.SettingsFactory: Use scrollable result sets: true
[02/06/23 15:41:53:173 UTC]  INFO cfg.SettingsFactory: Use JDBC3 getGeneratedKeys(): false
[02/06/23 15:41:53:173 UTC]  INFO cfg.SettingsFactory: Optimize cache for minimal puts: false
[02/06/23 15:41:53:173 UTC]  INFO cfg.SettingsFactory: Query language substitutions: {}
[02/06/23 15:41:53:173 UTC]  INFO cfg.SettingsFactory: cache provider: com.dotmarketing.db.NoCacheProvider
[02/06/23 15:41:53:176 UTC]  INFO cfg.Configuration: instantiating and configuring caches
[02/06/23 15:41:53:201 UTC]  INFO impl.SessionFactoryImpl: building session factory
[02/06/23 15:41:53:236 UTC]  INFO util.ReflectHelper: reflection optimizer disabled for: com.dotmarketing.beans.MultiTree, BulkBeanException: Index 1 out of bounds for length 0 (property setTreeOrder)
[02/06/23 15:41:53:677 UTC]  INFO impl.SessionFactoryObjectFactory: Not binding factory to JNDI, no JNDI name configured
[02/06/23 15:41:53:868 UTC]  WARN lang.System: No Valid License Found : /data/local/dotsecure/license/license.dat
[02/06/23 15:41:53:868 UTC]  INFO enterprise.LicenseUtil: Setting up default license
[02/06/23 15:41:54:261 UTC]  INFO servlet.VisitorFilter: VisitorLogger Filter Started
[02/06/23 15:41:54:622 UTC]  INFO util.SystemProperties: Loading file:/srv/dotserver/tomcat-9.0.60/webapps/ROOT/WEB-INF/classes/system.properties
[02/06/23 15:41:54:622 UTC]  INFO util.SystemProperties: Loading file:/srv/dotserver/tomcat-9.0.60/webapps/ROOT/WEB-INF/classes/system-ext.properties
[02/06/23 15:41:54:636 UTC]  INFO util.SystemProperties: Loading file:/srv/dotserver/tomcat-9.0.60/webapps/ROOT/WEB-INF/classes/system.properties
[02/06/23 15:41:54:639 UTC]  INFO util.SystemProperties: Loading file:/srv/dotserver/tomcat-9.0.60/webapps/ROOT/WEB-INF/classes/system-ext.properties
[02/06/23 15:41:55:322 UTC]  INFO util.PropsLoader: Loading file:/srv/dotserver/tomcat-9.0.60/webapps/ROOT/WEB-INF/classes/portal.properties
[02/06/23 15:41:55:324 UTC]  INFO util.PropsLoader: Loading file:/srv/dotserver/tomcat-9.0.60/webapps/ROOT/WEB-INF/classes/portal-ext.properties
[02/06/23 15:41:56:175 UTC]  WARN impl.SessionImpl: finalizing unclosed session with closed connection
[02/06/23 15:41:58:203 UTC]  INFO tiles.TilesPlugin: Tiles definition factory loaded for module ''.
[02/06/23 15:41:58:212 UTC]  INFO validator.ValidatorPlugIn: Loading validation rules file from '/WEB-INF/validator-rules.xml'
[02/06/23 15:41:58:213 UTC]  INFO validator.ValidatorPlugIn: Loading validation rules file from '/WEB-INF/validation.xml'
[02/06/23 15:41:58:435 UTC]  INFO util.RestHighLevelClientProvider: disabling String.intern() in Jackson
[02/06/23 15:41:58:438 UTC]  WARN util.DotRestHighLevelClientProvider: Elastic RestHighLevelClient will be initialized without certificates
[02/06/23 15:41:58:444 UTC]  INFO util.DotRestHighLevelClientProvider: Initializing Elastic RestHighLevelClient using Basic authentication
[02/06/23 15:41:58:465 UTC]  INFO util.DotRestHighLevelClientProvider: Initializing Elastic RestHighLevelClient using endpoints [
[02/06/23 15:41:58:466 UTC]  INFO util.DotRestHighLevelClientProvider:   - http://elasticsearch:9200
[02/06/23 15:41:58:466 UTC]  INFO util.DotRestHighLevelClientProvider: ]
[02/06/23 15:41:58:466 UTC]  WARN util.DotRestHighLevelClientProvider: Initializing Elastic RestHighLevelClient using an unsecured http connection
[02/06/23 15:41:58:924 UTC]  INFO util.DotRestHighLevelClientProvider: RestHighLevelClientProvider com.dotcms.content.elasticsearch.util.DotRestHighLevelClientProvider loaded successfully
[02/06/23 15:41:59:307 UTC]  INFO startup.StartupTasksExecutor: Running Startup Tasks
[02/06/23 15:41:59:400 UTC]  INFO runalways.Task00001LoadSchema: -------------------------------------------------------------------------------------
[02/06/23 15:41:59:401 UTC]  INFO runalways.Task00001LoadSchema: 
[02/06/23 15:41:59:402 UTC]  INFO runalways.Task00001LoadSchema: Empty dotCMS database found.  Loading initial dotCMS schema for PostgreSQL
[02/06/23 15:41:59:403 UTC]  INFO runalways.Task00001LoadSchema: 
[02/06/23 15:41:59:404 UTC]  INFO runalways.Task00001LoadSchema: -------------------------------------------------------------------------------------
[02/06/23 15:41:59:406 UTC]  INFO startup.StartupTasksExecutor: Running Startup Tasks : Task00001LoadSchema
[02/06/23 15:41:59:408 UTC]  INFO runalways.Task00001LoadSchema: Loading schema
[02/06/23 15:41:59:838 UTC]  INFO runalways.Task00001LoadSchema: Schema created (506 statements executed)
[02/06/23 15:41:59:846 UTC]  INFO timedcache.TimedCacheProvider: ===== Initializing [Timed Cache Provider].
[02/06/23 15:41:59:847 UTC]  INFO timedcache.TimedCacheProvider: ***	 Cache Config Memory : esquerycache: 10000
[02/06/23 15:41:59:848 UTC]  INFO timedcache.TimedCacheProvider: ***	 Cache Config Memory : esquerycountcache: 10000
[02/06/23 15:41:59:848 UTC]  INFO timedcache.TimedCacheProvider: ***	 Cache Config Memory : graphqlquerycache: 5000
[02/06/23 15:41:59:849 UTC]  INFO timedcache.TimedCacheProvider: ***	 Cache Config Memory : default: 1000
[02/06/23 15:41:59:849 UTC]  INFO timedcache.TimedCacheProvider: ***	 Cache Config Memory : adminconfigpool: 100
[02/06/23 15:41:59:850 UTC]  INFO timedcache.TimedCacheProvider: ***	 Cache Config Memory : companypool: 10
[02/06/23 15:41:59:850 UTC]  INFO timedcache.TimedCacheProvider: ***	 Cache Config Memory : contentletcache: 5000
[02/06/23 15:41:59:850 UTC]  INFO timedcache.TimedCacheProvider: ***	 Cache Config Memory : categoryparentscache: 30000
[02/06/23 15:41:59:851 UTC]  INFO timedcache.TimedCacheProvider: ***	 Cache Config Memory : taginodecache: 50000
[02/06/23 15:41:59:851 UTC]  INFO timedcache.TimedCacheProvider: ***	 Cache Config Memory : taginodesbyinodecache: 50000
[02/06/23 15:41:59:852 UTC]  INFO timedcache.TimedCacheProvider: ***	 Cache Config Memory : tagcache: 50000
[02/06/23 15:41:59:852 UTC]  INFO timedcache.TimedCacheProvider: ***	 Cache Config Memory : csscache: 2500
[02/06/23 15:41:59:852 UTC]  INFO timedcache.TimedCacheProvider: ***	 Cache Config Memory : assetmetadatacache: 10000
[02/06/23 15:41:59:853 UTC]  INFO timedcache.TimedCacheProvider: ***	 Cache Config Memory : identifiercache: 50000
[02/06/23 15:41:59:853 UTC]  INFO timedcache.TimedCacheProvider: ***	 Cache Config Memory : identifier404cache: 30000
[02/06/23 15:41:59:853 UTC]  INFO timedcache.TimedCacheProvider: ***	 Cache Config Memory : indiciescache: 8
[02/06/23 15:41:59:854 UTC]  INFO timedcache.TimedCacheProvider: ***	 Cache Config Memory : logmappercache: 10
[02/06/23 15:41:59:854 UTC]  INFO timedcache.TimedCacheProvider: ***	 Cache Config Memory : navcache: 1000
[02/06/23 15:41:59:855 UTC]  INFO timedcache.TimedCacheProvider: ***	 Cache Config Memory : parentpermissionablecache: 10000
[02/06/23 15:41:59:855 UTC]  INFO timedcache.TimedCacheProvider: ***	 Cache Config Memory : permissioncache: 50000
[02/06/23 15:41:59:855 UTC]  INFO timedcache.TimedCacheProvider: ***	 Cache Config Memory : portletpool: 100
[02/06/23 15:41:59:856 UTC]  INFO timedcache.TimedCacheProvider: ***	 Cache Config Memory : publishingendpointcache: 100
[02/06/23 15:41:59:856 UTC]  INFO timedcache.TimedCacheProvider: ***	 Cache Config Memory : pushedassetscache: 5000
[02/06/23 15:41:59:857 UTC]  INFO timedcache.TimedCacheProvider: ***	 Cache Config Memory : templatecache: 500
[02/06/23 15:41:59:857 UTC]  INFO timedcache.TimedCacheProvider: ***	 Cache Config Memory : translatedquerycache: 5000
[02/06/23 15:41:59:857 UTC]  INFO timedcache.TimedCacheProvider: ***	 Cache Config Memory : versioncache: 50000
[02/06/23 15:41:59:858 UTC]  INFO timedcache.TimedCacheProvider: ***	 Cache Config Memory : versioninfocache: 50000
[02/06/23 15:41:59:858 UTC]  INFO timedcache.TimedCacheProvider: ***	 Cache Config Memory : workflowactioncache: 10000
[02/06/23 15:41:59:859 UTC]  INFO timedcache.TimedCacheProvider: ***	 Cache Config Memory : workflowtaskcache: 10000
[02/06/23 15:41:59:859 UTC]  INFO timedcache.TimedCacheProvider: ***	 Cache Config Memory : shortyidcache: 25000
[02/06/23 15:41:59:859 UTC]  INFO timedcache.TimedCacheProvider: ***	 Cache Config Memory : velocitycache: 5000
[02/06/23 15:41:59:860 UTC]  INFO timedcache.TimedCacheProvider: ***	 Cache Config Memory : vanityurldirectcache: 25000
[02/06/23 15:41:59:860 UTC]  INFO timedcache.TimedCacheProvider: ***	 Cache Config Memory : vanityurlsitecache: 5000
[02/06/23 15:41:59:861 UTC]  INFO h22.H22Cache: Start Full Cache Flush in h22
[02/06/23 15:41:59:861 UTC]  INFO h22.H22Cache: Building new H22 Cache, db:0
[02/06/23 15:41:59:872 UTC]  INFO h22.H22HikariPool: H22 on disk cache:jdbc:h2:/data/local/dotsecure/h22cache/0/2023-06-02_15-41-59/cache;MVCC=TRUE;DB_CLOSE_ON_EXIT=FALSE
[02/06/23 15:42:00:071 UTC]  INFO h22.H22Cache: Building new H22 Cache, db:1
[02/06/23 15:42:00:074 UTC]  INFO h22.H22HikariPool: H22 on disk cache:jdbc:h2:/data/local/dotsecure/h22cache/1/2023-06-02_15-42-00/cache;MVCC=TRUE;DB_CLOSE_ON_EXIT=FALSE
[02/06/23 15:42:00:122 UTC]  INFO h22.H22Cache: End Full Cache Flush in h22 : 260ms
[02/06/23 15:42:03:148 UTC]  INFO timedcache.TimedCacheProvider: ===== Initializing [Timed Cache Provider].
[02/06/23 15:42:03:148 UTC]  INFO timedcache.TimedCacheProvider: ***	 Cache Config Memory : esquerycache: 10000
[02/06/23 15:42:03:149 UTC]  INFO timedcache.TimedCacheProvider: ***	 Cache Config Memory : esquerycountcache: 10000
[02/06/23 15:42:03:149 UTC]  INFO timedcache.TimedCacheProvider: ***	 Cache Config Memory : graphqlquerycache: 5000
[02/06/23 15:42:03:149 UTC]  INFO timedcache.TimedCacheProvider: ***	 Cache Config Memory : default: 1000
[02/06/23 15:42:03:149 UTC]  INFO timedcache.TimedCacheProvider: ***	 Cache Config Memory : adminconfigpool: 100
[02/06/23 15:42:03:149 UTC]  INFO timedcache.TimedCacheProvider: ***	 Cache Config Memory : companypool: 10
[02/06/23 15:42:03:149 UTC]  INFO timedcache.TimedCacheProvider: ***	 Cache Config Memory : contentletcache: 5000
[02/06/23 15:42:03:149 UTC]  INFO timedcache.TimedCacheProvider: ***	 Cache Config Memory : categoryparentscache: 30000
[02/06/23 15:42:03:149 UTC]  INFO timedcache.TimedCacheProvider: ***	 Cache Config Memory : taginodecache: 50000
[02/06/23 15:42:03:149 UTC]  INFO timedcache.TimedCacheProvider: ***	 Cache Config Memory : taginodesbyinodecache: 50000
[02/06/23 15:42:03:150 UTC]  INFO timedcache.TimedCacheProvider: ***	 Cache Config Memory : tagcache: 50000
[02/06/23 15:42:03:150 UTC]  INFO timedcache.TimedCacheProvider: ***	 Cache Config Memory : csscache: 2500
[02/06/23 15:42:03:150 UTC]  INFO timedcache.TimedCacheProvider: ***	 Cache Config Memory : assetmetadatacache: 10000
[02/06/23 15:42:03:150 UTC]  INFO timedcache.TimedCacheProvider: ***	 Cache Config Memory : identifiercache: 50000
[02/06/23 15:42:03:150 UTC]  INFO timedcache.TimedCacheProvider: ***	 Cache Config Memory : identifier404cache: 30000
[02/06/23 15:42:03:150 UTC]  INFO timedcache.TimedCacheProvider: ***	 Cache Config Memory : indiciescache: 8
[02/06/23 15:42:03:150 UTC]  INFO timedcache.TimedCacheProvider: ***	 Cache Config Memory : logmappercache: 10
[02/06/23 15:42:03:155 UTC]  INFO timedcache.TimedCacheProvider: ***	 Cache Config Memory : navcache: 1000
[02/06/23 15:42:03:155 UTC]  INFO timedcache.TimedCacheProvider: ***	 Cache Config Memory : parentpermissionablecache: 10000
[02/06/23 15:42:03:155 UTC]  INFO timedcache.TimedCacheProvider: ***	 Cache Config Memory : permissioncache: 50000
[02/06/23 15:42:03:155 UTC]  INFO timedcache.TimedCacheProvider: ***	 Cache Config Memory : portletpool: 100
[02/06/23 15:42:03:155 UTC]  INFO timedcache.TimedCacheProvider: ***	 Cache Config Memory : publishingendpointcache: 100
[02/06/23 15:42:03:155 UTC]  INFO timedcache.TimedCacheProvider: ***	 Cache Config Memory : pushedassetscache: 5000
[02/06/23 15:42:03:155 UTC]  INFO timedcache.TimedCacheProvider: ***	 Cache Config Memory : templatecache: 500
[02/06/23 15:42:03:155 UTC]  INFO timedcache.TimedCacheProvider: ***	 Cache Config Memory : translatedquerycache: 5000
[02/06/23 15:42:03:155 UTC]  INFO timedcache.TimedCacheProvider: ***	 Cache Config Memory : versioncache: 50000
[02/06/23 15:42:03:155 UTC]  INFO timedcache.TimedCacheProvider: ***	 Cache Config Memory : versioninfocache: 50000
[02/06/23 15:42:03:155 UTC]  INFO timedcache.TimedCacheProvider: ***	 Cache Config Memory : workflowactioncache: 10000
[02/06/23 15:42:03:156 UTC]  INFO timedcache.TimedCacheProvider: ***	 Cache Config Memory : workflowtaskcache: 10000
[02/06/23 15:42:03:156 UTC]  INFO timedcache.TimedCacheProvider: ***	 Cache Config Memory : shortyidcache: 25000
[02/06/23 15:42:03:156 UTC]  INFO timedcache.TimedCacheProvider: ***	 Cache Config Memory : velocitycache: 5000
[02/06/23 15:42:03:156 UTC]  INFO timedcache.TimedCacheProvider: ***	 Cache Config Memory : vanityurldirectcache: 25000
[02/06/23 15:42:03:156 UTC]  INFO timedcache.TimedCacheProvider: ***	 Cache Config Memory : vanityurlsitecache: 5000
[02/06/23 15:42:03:156 UTC]  INFO h22.H22Cache: Start Full Cache Flush in h22
[02/06/23 15:42:03:156 UTC]  INFO h22.H22Cache: Building new H22 Cache, db:0
[02/06/23 15:42:03:156 UTC]  INFO h22.H22HikariPool: H22 on disk cache:jdbc:h2:/data/local/dotsecure/h22cache/0/2023-06-02_15-42-03/cache;MVCC=TRUE;DB_CLOSE_ON_EXIT=FALSE
[02/06/23 15:42:03:250 UTC]  INFO h22.H22Cache: Building new H22 Cache, db:1
[02/06/23 15:42:03:251 UTC]  INFO h22.H22HikariPool: H22 on disk cache:jdbc:h2:/data/local/dotsecure/h22cache/1/2023-06-02_15-42-03/cache;MVCC=TRUE;DB_CLOSE_ON_EXIT=FALSE
[02/06/23 15:42:03:320 UTC]  INFO h22.H22Cache: End Full Cache Flush in h22 : 164ms
[02/06/23 15:42:03:323 UTC]  INFO startup.StartupTasksExecutor: Not Running Startup Tasks: Task00002LoadClusterLicenses
[02/06/23 15:42:03:327 UTC]  INFO startup.StartupTasksExecutor: Running Startup Tasks : Task00003CreateSystemRoles
[02/06/23 15:42:03:351 UTC]  INFO startup.StartupTasksExecutor: Running Startup Tasks : Task00004LoadStarter
[02/06/23 15:42:03:381 UTC]  INFO db.DotCMSInitDb: There are no inodes - initializing db with starter site
[02/06/23 15:42:03:461 UTC]  INFO starter.ImportStarterUtil: Found 21 files to import
[02/06/23 15:42:03:466 UTC]  WARN util.FileUtil: /data/local/dotsecure/backup/temp/assets/messages/cms_language_en_US.properties is empty
[02/06/23 15:42:03:468 UTC]  WARN util.FileUtil: /data/local/dotsecure/backup/temp/assets/messages/cms_language_es_ES.properties is empty
[02/06/23 15:42:03:475 UTC]  WARN util.FileUtil: /data/local/dotsecure/backup/temp/assets/messages/cms_language_fr_FR.properties is empty
[02/06/23 15:42:03:476 UTC]  WARN util.FileUtil: /data/local/dotsecure/backup/temp/assets/messages/cms_language_zh_CN.properties is empty
[02/06/23 15:42:03:479 UTC]  INFO starter.ImportStarterUtil: About to delete all records from multi_tree
[02/06/23 15:42:03:481 UTC]  INFO starter.ImportStarterUtil: Deleted all records from multi_tree
[02/06/23 15:42:03:481 UTC]  INFO starter.ImportStarterUtil: About to delete all records from clickstream_404
[02/06/23 15:42:03:483 UTC]  INFO starter.ImportStarterUtil: Deleted all records from clickstream_404
[02/06/23 15:42:03:483 UTC]  INFO starter.ImportStarterUtil: About to delete all records from link_version_info
[02/06/23 15:42:03:484 UTC]  INFO starter.ImportStarterUtil: Deleted all records from link_version_info
[02/06/23 15:42:03:485 UTC]  INFO starter.ImportStarterUtil: About to delete all records from container_structures
[02/06/23 15:42:03:486 UTC]  INFO starter.ImportStarterUtil: Deleted all records from container_structures
[02/06/23 15:42:03:488 UTC]  INFO starter.ImportStarterUtil: About to delete all records from links
[02/06/23 15:42:03:489 UTC]  INFO starter.ImportStarterUtil: Deleted all records from links
[02/06/23 15:42:03:490 UTC]  INFO starter.ImportStarterUtil: About to delete all records from host_variable
[02/06/23 15:42:03:491 UTC]  INFO starter.ImportStarterUtil: Deleted all records from host_variable
[02/06/23 15:42:03:492 UTC]  INFO starter.ImportStarterUtil: About to delete all records from workflow_comment
[02/06/23 15:42:03:493 UTC]  INFO starter.ImportStarterUtil: Deleted all records from workflow_comment
[02/06/23 15:42:03:493 UTC]  INFO starter.ImportStarterUtil: About to delete all records from container_version_info
[02/06/23 15:42:03:494 UTC]  INFO starter.ImportStarterUtil: Deleted all records from container_version_info
[02/06/23 15:42:03:495 UTC]  INFO starter.ImportStarterUtil: About to delete all records from field
[02/06/23 15:42:03:496 UTC]  INFO starter.ImportStarterUtil: Deleted all records from field
[02/06/23 15:42:03:497 UTC]  INFO starter.ImportStarterUtil: About to delete all records from dot_containers
[02/06/23 15:42:03:497 UTC]  INFO starter.ImportStarterUtil: Deleted all records from dot_containers
[02/06/23 15:42:03:498 UTC]  INFO starter.ImportStarterUtil: About to delete all records from workflow_task
[02/06/23 15:42:03:499 UTC]  INFO starter.ImportStarterUtil: Deleted all records from workflow_task
[02/06/23 15:42:03:500 UTC]  INFO starter.ImportStarterUtil: About to delete all records from tag_inode
[02/06/23 15:42:03:502 UTC]  INFO starter.ImportStarterUtil: Deleted all records from tag_inode
[02/06/23 15:42:03:503 UTC]  INFO starter.ImportStarterUtil: About to delete all records from AdminConfig
[02/06/23 15:42:03:503 UTC]  INFO starter.ImportStarterUtil: Deleted all records from AdminConfig
[02/06/23 15:42:03:504 UTC]  INFO starter.ImportStarterUtil: About to delete all records from clickstream
[02/06/23 15:42:03:505 UTC]  INFO starter.ImportStarterUtil: Deleted all records from clickstream
[02/06/23 15:42:03:506 UTC]  INFO starter.ImportStarterUtil: About to delete all records from workflow_history
[02/06/23 15:42:03:506 UTC]  INFO starter.ImportStarterUtil: Deleted all records from workflow_history
[02/06/23 15:42:03:507 UTC]  INFO starter.ImportStarterUtil: About to delete all records from template_version_info
[02/06/23 15:42:03:508 UTC]  INFO starter.ImportStarterUtil: Deleted all records from template_version_info
[02/06/23 15:42:03:508 UTC]  INFO starter.ImportStarterUtil: About to delete all records from UserTrackerPath
[02/06/23 15:42:03:509 UTC]  INFO starter.ImportStarterUtil: Deleted all records from UserTrackerPath
[02/06/23 15:42:03:510 UTC]  INFO starter.ImportStarterUtil: About to delete all records from permission
[02/06/23 15:42:03:511 UTC]  INFO starter.ImportStarterUtil: Deleted all records from permission
[02/06/23 15:42:03:511 UTC]  INFO starter.ImportStarterUtil: About to delete all records from tag
[02/06/23 15:42:03:512 UTC]  INFO starter.ImportStarterUtil: Deleted all records from tag
[02/06/23 15:42:03:512 UTC]  INFO starter.ImportStarterUtil: About to delete all records from fixes_audit
[02/06/23 15:42:03:514 UTC]  INFO starter.ImportStarterUtil: Deleted all records from fixes_audit
[02/06/23 15:42:03:515 UTC]  INFO starter.ImportStarterUtil: About to delete all records from challenge_question
[02/06/23 15:42:03:515 UTC]  INFO starter.ImportStarterUtil: Deleted all records from challenge_question
[02/06/23 15:42:03:516 UTC]  INFO starter.ImportStarterUtil: About to delete all records from tree
[02/06/23 15:42:03:517 UTC]  INFO starter.ImportStarterUtil: Deleted all records from tree
[02/06/23 15:42:03:517 UTC]  INFO starter.ImportStarterUtil: About to delete all records from permission_reference
[02/06/23 15:42:03:518 UTC]  INFO starter.ImportStarterUtil: Deleted all records from permission_reference
[02/06/23 15:42:03:522 UTC]  INFO starter.ImportStarterUtil: About to delete all records from users_to_delete
[02/06/23 15:42:03:522 UTC]  INFO starter.ImportStarterUtil: Deleted all records from users_to_delete
[02/06/23 15:42:03:523 UTC]  INFO starter.ImportStarterUtil: About to delete all records from workflowtask_files
[02/06/23 15:42:03:524 UTC]  INFO starter.ImportStarterUtil: Deleted all records from workflowtask_files
[02/06/23 15:42:03:524 UTC]  INFO starter.ImportStarterUtil: About to delete all records from PasswordTracker
[02/06/23 15:42:03:525 UTC]  INFO starter.ImportStarterUtil: Deleted all records from PasswordTracker
[02/06/23 15:42:03:526 UTC]  INFO starter.ImportStarterUtil: About to delete all records from clickstream_request
[02/06/23 15:42:03:527 UTC]  INFO starter.ImportStarterUtil: Deleted all records from clickstream_request
[02/06/23 15:42:03:527 UTC]  INFO starter.ImportStarterUtil: About to delete all records from UserTracker
[02/06/23 15:42:03:528 UTC]  INFO starter.ImportStarterUtil: Deleted all records from UserTracker
[02/06/23 15:42:03:528 UTC]  INFO starter.ImportStarterUtil: About to delete all records from cms_layouts_portlets
[02/06/23 15:42:03:529 UTC]  INFO starter.ImportStarterUtil: Deleted all records from cms_layouts_portlets
[02/06/23 15:42:03:530 UTC]  INFO starter.ImportStarterUtil: About to delete all records from layouts_cms_roles
[02/06/23 15:42:03:530 UTC]  INFO starter.ImportStarterUtil: Deleted all records from layouts_cms_roles
[02/06/23 15:42:03:531 UTC]  INFO starter.ImportStarterUtil: About to delete all records from users_cms_roles
[02/06/23 15:42:03:532 UTC]  INFO starter.ImportStarterUtil: Deleted all records from users_cms_roles
[02/06/23 15:42:03:532 UTC]  INFO starter.ImportStarterUtil: About to delete all records from cms_role
[02/06/23 15:42:03:536 UTC]  INFO starter.ImportStarterUtil: Deleted all records from cms_role
[02/06/23 15:42:03:536 UTC]  INFO starter.ImportStarterUtil: About to delete all records from cms_layout
[02/06/23 15:42:03:538 UTC]  INFO starter.ImportStarterUtil: Deleted all records from cms_layout
[02/06/23 15:42:03:538 UTC]  INFO starter.ImportStarterUtil: About to delete all records from structure
[02/06/23 15:42:03:540 UTC]  INFO starter.ImportStarterUtil: Deleted all records from structure
[02/06/23 15:42:03:540 UTC]  INFO starter.ImportStarterUtil: About to delete all records from folder
[02/06/23 15:42:03:541 UTC]  INFO starter.ImportStarterUtil: Deleted all records from folder
[02/06/23 15:42:03:542 UTC]  INFO starter.ImportStarterUtil: About to delete all records from identifier
[02/06/23 15:42:03:543 UTC]  INFO starter.ImportStarterUtil: Deleted all records from identifier
[02/06/23 15:42:03:544 UTC]  INFO starter.ImportStarterUtil: About to delete all records from inode
[02/06/23 15:42:03:548 UTC]  INFO starter.ImportStarterUtil: Deleted all records from inode
[02/06/23 15:42:03:548 UTC]  INFO starter.ImportStarterUtil: About to delete all records from user_
[02/06/23 15:42:03:553 UTC]  INFO starter.ImportStarterUtil: Deleted all records from user_
[02/06/23 15:42:03:554 UTC]  INFO starter.ImportStarterUtil: About to delete all records from company
[02/06/23 15:42:03:555 UTC]  INFO starter.ImportStarterUtil: Deleted all records from company
[02/06/23 15:42:03:556 UTC]  INFO starter.ImportStarterUtil: About to delete all records from counter
[02/06/23 15:42:03:557 UTC]  INFO starter.ImportStarterUtil: Deleted all records from counter
[02/06/23 15:42:03:557 UTC]  INFO starter.ImportStarterUtil: About to delete all records from image
[02/06/23 15:42:03:558 UTC]  INFO starter.ImportStarterUtil: Deleted all records from image
[02/06/23 15:42:03:559 UTC]  INFO starter.ImportStarterUtil: About to delete all records from portlet
[02/06/23 15:42:03:559 UTC]  INFO starter.ImportStarterUtil: Deleted all records from portlet
[02/06/23 15:42:03:560 UTC]  INFO starter.ImportStarterUtil: About to delete all records from portletpreferences
[02/06/23 15:42:03:561 UTC]  INFO starter.ImportStarterUtil: Deleted all records from portletpreferences
[02/06/23 15:42:03:562 UTC]  INFO starter.ImportStarterUtil: About to delete all records from address
[02/06/23 15:42:03:563 UTC]  INFO starter.ImportStarterUtil: Deleted all records from address
[02/06/23 15:42:03:563 UTC]  INFO starter.ImportStarterUtil: About to delete all records from plugin_property
[02/06/23 15:42:03:564 UTC]  INFO starter.ImportStarterUtil: Deleted all records from plugin_property
[02/06/23 15:42:03:565 UTC]  INFO starter.ImportStarterUtil: About to delete all records from plugin
[02/06/23 15:42:03:565 UTC]  INFO starter.ImportStarterUtil: Deleted all records from plugin
[02/06/23 15:42:03:603 UTC]  INFO starter.ImportStarterUtil: **** Importing the file: /data/local/dotsecure/backup/temp/com.liferay.portal.model.Company.json *****
[02/06/23 15:42:03:614 UTC]  INFO starter.ImportStarterUtil: Importing:	com.liferay.portal.model.Company
[02/06/23 15:42:03:768 UTC]  INFO starter.ImportStarterUtil: Found :	1 com.liferay.portal.model.Company(s)
[02/06/23 15:42:03:840 UTC]  INFO starter.ImportStarterUtil: **** Importing the file: /data/local/dotsecure/backup/temp/com.dotmarketing.business.Role_0000000000.json *****
[02/06/23 15:42:03:841 UTC]  INFO starter.ImportStarterUtil: Importing:	com.dotmarketing.business.Role
[02/06/23 15:42:03:858 UTC]  INFO starter.ImportStarterUtil: Found :	18 com.dotmarketing.business.Role(s)
[02/06/23 15:42:03:866 UTC]  INFO starter.ImportStarterUtil: roleKey:cms_users = 0
[02/06/23 15:42:03:869 UTC]  INFO starter.ImportStarterUtil: roleKey:System = 0
[02/06/23 15:42:03:871 UTC]  INFO starter.ImportStarterUtil: roleKey:DOTCMS_BACK_END_USER = 0
[02/06/23 15:42:03:874 UTC]  INFO starter.ImportStarterUtil: roleKey:cms_workflow_any_who_can_view = 0
[02/06/23 15:42:03:876 UTC]  INFO starter.ImportStarterUtil: roleKey:Form Editor = 0
[02/06/23 15:42:03:879 UTC]  INFO starter.ImportStarterUtil: roleKey:dotcms.org.default = 0
[02/06/23 15:42:03:881 UTC]  INFO starter.ImportStarterUtil: roleKey:cms_workflow_any_who_can_edit_permissions = 0
[02/06/23 15:42:03:882 UTC]  INFO starter.ImportStarterUtil: roleKey:cms_workflow_any_who_can_edit = 0
[02/06/23 15:42:03:884 UTC]  INFO starter.ImportStarterUtil: roleKey:CMS Anonymous = 0
[02/06/23 15:42:03:886 UTC]  INFO starter.ImportStarterUtil: roleKey:CMS Owner = 0
[02/06/23 15:42:03:887 UTC]  INFO starter.ImportStarterUtil: roleKey:Login As = 0
[02/06/23 15:42:03:890 UTC]  INFO starter.ImportStarterUtil: roleKey:LDAP User = 0
[02/06/23 15:42:03:892 UTC]  INFO starter.ImportStarterUtil: roleKey:CMS Administrator = 0
[02/06/23 15:42:03:893 UTC]  INFO starter.ImportStarterUtil: roleKey:DOTCMS_FRONT_END_USER = 0
[02/06/23 15:42:03:895 UTC]  INFO starter.ImportStarterUtil: roleKey:cms_workflow_any_who_can_publish = 0
[02/06/23 15:42:03:897 UTC]  INFO starter.ImportStarterUtil: roleKey:dotcms.org.1 = 0
[02/06/23 15:42:03:899 UTC]  INFO starter.ImportStarterUtil: roleKey:anonymous = 0
[02/06/23 15:42:03:901 UTC]  INFO starter.ImportStarterUtil: roleKey:Scripting Developer = 0
[02/06/23 15:42:03:903 UTC]  INFO starter.ImportStarterUtil: **** Importing the file: /data/local/dotsecure/backup/temp/com.liferay.portal.model.User.json *****
[02/06/23 15:42:03:904 UTC]  INFO starter.ImportStarterUtil: Importing:	com.liferay.portal.model.User
[02/06/23 15:42:03:934 UTC]  INFO starter.ImportStarterUtil: Found :	4 com.liferay.portal.model.User(s)
[02/06/23 15:42:03:959 UTC]  WARN util.LocaleUtil: null is not a valid language id
[02/06/23 15:42:03:967 UTC]  WARN business.UserHelper: Error loading user with id dotcms.org.1
[02/06/23 15:42:04:027 UTC]  INFO xml.Marshaller: Marshaller called using one of the *static*  marshal(Object, *) methods. This will ignore any  mapping files as specified. Please consider switching to  using Marshaller instances and calling one of the marshal(*) methods.
[02/06/23 15:42:05:110 UTC]  WARN business.UserHelper: Error loading user with id system
[02/06/23 15:42:05:860 UTC]  INFO util.SecurityLogger: class com.dotmarketing.business.RoleAPIImpl : Adding role:'Admin User' to user:dotcms.org.1 email:admin@dotcms.com -- ip:ukn,user:null
[02/06/23 15:42:05:867 UTC]  WARN business.UserHelper: Error loading user with id anonymous
[02/06/23 15:42:06:585 UTC]  INFO util.SecurityLogger: class com.dotmarketing.business.RoleAPIImpl : Adding role:'anonymous user anonymous' to user:anonymous email:anonymous@dotcms.anonymoususer -- ip:ukn,user:null
[02/06/23 15:42:06:587 UTC]  INFO starter.ImportStarterUtil: 
[02/06/23 15:42:06:587 UTC]  INFO starter.ImportStarterUtil: 
[02/06/23 15:42:06:587 UTC]  INFO starter.ImportStarterUtil: **** Importing the file: /data/local/dotsecure/backup/temp/com.dotmarketing.business.UsersRoles_0000000000.json *****
[02/06/23 15:42:06:587 UTC]  INFO starter.ImportStarterUtil: Importing:	com.dotmarketing.business.UsersRoles
[02/06/23 15:42:06:589 UTC]  INFO starter.ImportStarterUtil: Found :	14 com.dotmarketing.business.UsersRoles(s)
[02/06/23 15:42:06:597 UTC]  INFO starter.ImportStarterUtil: **** Importing the file: /data/local/dotsecure/backup/temp/com.dotmarketing.business.Layout_0000000000.json *****
[02/06/23 15:42:06:597 UTC]  INFO starter.ImportStarterUtil: Importing:	com.dotmarketing.business.Layout
[02/06/23 15:42:06:599 UTC]  INFO starter.ImportStarterUtil: Found :	11 com.dotmarketing.business.Layout(s)
[02/06/23 15:42:06:609 UTC]  INFO starter.ImportStarterUtil: **** Importing the file: /data/local/dotsecure/backup/temp/com.dotmarketing.business.PortletsLayouts_0000000000.json *****
[02/06/23 15:42:06:609 UTC]  INFO starter.ImportStarterUtil: Importing:	com.dotmarketing.business.PortletsLayouts
[02/06/23 15:42:06:612 UTC]  INFO starter.ImportStarterUtil: Found :	36 com.dotmarketing.business.PortletsLayouts(s)
[02/06/23 15:42:06:634 UTC]  INFO starter.ImportStarterUtil: **** Importing the file: /data/local/dotsecure/backup/temp/com.dotmarketing.business.LayoutsRoles_0000000000.json *****
[02/06/23 15:42:06:634 UTC]  INFO starter.ImportStarterUtil: Importing:	com.dotmarketing.business.LayoutsRoles
[02/06/23 15:42:06:636 UTC]  INFO starter.ImportStarterUtil: Found :	7 com.dotmarketing.business.LayoutsRoles(s)
[02/06/23 15:42:06:643 UTC]  INFO starter.ImportStarterUtil: **** Importing the file: /data/local/dotsecure/backup/temp/com.dotmarketing.portlets.languagesmanager.model.Language_0000000000.json *****
[02/06/23 15:42:06:643 UTC]  INFO starter.ImportStarterUtil: Importing:	com.dotmarketing.portlets.languagesmanager.model.Language
[02/06/23 15:42:06:646 UTC]  INFO starter.ImportStarterUtil: Found :	1 com.dotmarketing.portlets.languagesmanager.model.Language(s)
[02/06/23 15:42:06:656 UTC]  INFO starter.ImportStarterUtil: Importing folder path /System foldersystem folder
[02/06/23 15:42:06:682 UTC]  INFO starter.ImportStarterUtil: **** Importing the file: /data/local/dotsecure/backup/temp/com.dotmarketing.portlets.folders.model.Folder_0000000000.json *****
[02/06/23 15:42:06:682 UTC]  INFO starter.ImportStarterUtil: Importing:	com.dotmarketing.portlets.folders.model.Folder
[02/06/23 15:42:06:687 UTC]  INFO starter.ImportStarterUtil: Found :	1 com.dotmarketing.portlets.folders.model.Folder(s)
[02/06/23 15:42:07:069 UTC]  INFO business.ContentTypeAPIImpl: Content type not found with given id: c938b15f-bcb6-49ef-8651-14d455a97045. Continuing...
[02/06/23 15:42:07:216 UTC]  INFO util.ActivityLogger: class com.dotmarketing.util.ActivityLogger: system : Save Field Action , User system/system user added field Site/Folder to Persona Structure.
[02/06/23 15:42:07:253 UTC]  INFO util.ActivityLogger: class com.dotmarketing.util.ActivityLogger: system : Save Field Action , User system/system user added field Name to Persona Structure.
[02/06/23 15:42:07:302 UTC]  INFO util.ActivityLogger: class com.dotmarketing.util.ActivityLogger: system : Save Field Action , User system/system user added field Key Tag to Persona Structure.
[02/06/23 15:42:07:341 UTC]  INFO util.ActivityLogger: class com.dotmarketing.util.ActivityLogger: system : Save Field Action , User system/system user added field Photo to Persona Structure.
[02/06/23 15:42:07:387 UTC]  INFO util.ActivityLogger: class com.dotmarketing.util.ActivityLogger: system : Save Field Action , User system/system user added field Other Tags to Persona Structure.
[02/06/23 15:42:07:433 UTC]  INFO util.ActivityLogger: class com.dotmarketing.util.ActivityLogger: system : Save Field Action , User system/system user added field Description to Persona Structure.
[02/06/23 15:42:07:461 UTC]  INFO util.ActivityLogger: class com.dotcms.contenttype.business.ContentTypeAPIImpl: system : Save ContentType Action , User system/system user system user added ContentType Persona to host id:SYSTEM_HOST
[02/06/23 15:42:07:462 UTC]  INFO business.ContentTypeAPIImpl: UserId : system : ContentType : ContentType saved : Persona
[02/06/23 15:42:07:462 UTC]  INFO util.AdminLogger: UserId : system : class com.dotcms.contenttype.business.ContentTypeAPIImpl : ContentType : ContentType saved : Persona
[02/06/23 15:42:07:475 UTC]  INFO business.ContentTypeAPIImpl: Content type not found with given id: f4d7c1b8-2c88-4071-abf1-a5328977b07d. Continuing...
[02/06/23 15:42:07:488 UTC]  INFO util.ActivityLogger: class com.dotmarketing.util.ActivityLogger: system : Save Field Action , User system/system user added field Key to Language Variable Structure.
[02/06/23 15:42:07:501 UTC]  INFO util.ActivityLogger: class com.dotmarketing.util.ActivityLogger: system : Save Field Action , User system/system user added field Value to Language Variable Structure.
[02/06/23 15:42:07:505 UTC]  INFO util.ActivityLogger: class com.dotcms.contenttype.business.ContentTypeAPIImpl: system : Save ContentType Action , User system/system user system user added ContentType Language Variable to host id:SYSTEM_HOST
[02/06/23 15:42:07:505 UTC]  INFO business.ContentTypeAPIImpl: UserId : system : ContentType : ContentType saved : Language Variable
[02/06/23 15:42:07:505 UTC]  INFO util.AdminLogger: UserId : system : class com.dotcms.contenttype.business.ContentTypeAPIImpl : ContentType : ContentType saved : Language Variable
[02/06/23 15:42:07:525 UTC]  INFO business.ContentTypeAPIImpl: Content type not found with given id: 4d21b6d8-1711-4ae6-9419-89e2b1ae5a06. Continuing...
[02/06/23 15:42:07:539 UTC]  INFO util.ActivityLogger: class com.dotmarketing.util.ActivityLogger: system : Save Field Action , User system/system user added field Form ID to Forms Structure.
[02/06/23 15:42:07:552 UTC]  INFO util.ActivityLogger: class com.dotmarketing.util.ActivityLogger: system : Save Field Action , User system/system user added field Widget Title to Forms Structure.
[02/06/23 15:42:07:568 UTC]  INFO util.ActivityLogger: class com.dotmarketing.util.ActivityLogger: system : Save Field Action , User system/system user added field Widget Usage to Forms Structure.
[02/06/23 15:42:07:588 UTC]  INFO util.ActivityLogger: class com.dotmarketing.util.ActivityLogger: system : Save Field Action , User system/system user added field Widget Code to Forms Structure.
[02/06/23 15:42:07:630 UTC]  INFO util.ActivityLogger: class com.dotmarketing.util.ActivityLogger: system : Save Field Action , User system/system user added field Widget Pre-Execute to Forms Structure.
[02/06/23 15:42:07:642 UTC]  INFO util.ActivityLogger: class com.dotcms.contenttype.business.ContentTypeAPIImpl: system : Save ContentType Action , User system/system user system user added ContentType Forms to host id:SYSTEM_HOST
[02/06/23 15:42:07:642 UTC]  INFO business.ContentTypeAPIImpl: UserId : system : ContentType : ContentType saved : Forms
[02/06/23 15:42:07:642 UTC]  INFO util.AdminLogger: UserId : system : class com.dotcms.contenttype.business.ContentTypeAPIImpl : ContentType : ContentType saved : Forms
[02/06/23 15:42:07:668 UTC]  INFO business.ContentTypeAPIImpl: Content type not found with given id: f2d8a1c7-2b77-2081-bcf1-b5348988c08d. Continuing...
[02/06/23 15:42:07:692 UTC]  INFO util.ActivityLogger: class com.dotmarketing.util.ActivityLogger: system : Save Field Action , User system/system user added field Site or Folder to dotAsset Structure.
[02/06/23 15:42:07:712 UTC]  INFO util.ActivityLogger: class com.dotmarketing.util.ActivityLogger: system : Save Field Action , User system/system user added field Asset to dotAsset Structure.
[02/06/23 15:42:07:741 UTC]  INFO util.ActivityLogger: class com.dotmarketing.util.ActivityLogger: system : Save Field Action , User system/system user added field Tags to dotAsset Structure.
[02/06/23 15:42:07:750 UTC]  INFO util.ActivityLogger: class com.dotcms.contenttype.business.ContentTypeAPIImpl: system : Save ContentType Action , User system/system user system user added ContentType dotAsset to host id:SYSTEM_HOST
[02/06/23 15:42:07:750 UTC]  INFO business.ContentTypeAPIImpl: UserId : system : ContentType : ContentType saved : dotAsset
[02/06/23 15:42:07:750 UTC]  INFO util.AdminLogger: UserId : system : class com.dotcms.contenttype.business.ContentTypeAPIImpl : ContentType : ContentType saved : dotAsset
[02/06/23 15:42:07:831 UTC]  INFO business.ContentTypeAPIImpl: Content type not found with given id: 33888b6f-7a8e-4069-b1b6-5c1aa9d0a48d. Continuing...
[02/06/23 15:42:07:853 UTC]  INFO util.ActivityLogger: class com.dotmarketing.util.ActivityLogger: system : Save Field Action , User system/system user added field Host Or Folder to File Asset Structure.
[02/06/23 15:42:07:873 UTC]  INFO util.ActivityLogger: class com.dotmarketing.util.ActivityLogger: system : Save Field Action , User system/system user added field File Name to File Asset Structure.
[02/06/23 15:42:07:896 UTC]  INFO util.ActivityLogger: class com.dotmarketing.util.ActivityLogger: system : Save Field Action , User system/system user added field File Asset to File Asset Structure.
[02/06/23 15:42:07:923 UTC]  INFO util.ActivityLogger: class com.dotmarketing.util.ActivityLogger: system : Save Field Action , User system/system user added field Title to File Asset Structure.
[02/06/23 15:42:07:957 UTC]  INFO util.ActivityLogger: class com.dotmarketing.util.ActivityLogger: system : Save Field Action , User system/system user added field Metadata to File Asset Structure.
[02/06/23 15:42:07:990 UTC]  INFO util.ActivityLogger: class com.dotmarketing.util.ActivityLogger: system : Save Field Action , User system/system user added field Metadata to File Asset Structure.
[02/06/23 15:42:08:030 UTC]  INFO util.ActivityLogger: class com.dotmarketing.util.ActivityLogger: system : Save Field Action , User system/system user added field Show On Menu to File Asset Structure.
[02/06/23 15:42:08:054 UTC]  INFO util.ActivityLogger: class com.dotmarketing.util.ActivityLogger: system : Save Field Action , User system/system user added field Sort Order to File Asset Structure.
[02/06/23 15:42:08:077 UTC]  INFO util.ActivityLogger: class com.dotmarketing.util.ActivityLogger: system : Save Field Action , User system/system user added field Description to File Asset Structure.
[02/06/23 15:42:08:086 UTC]  INFO util.ActivityLogger: class com.dotcms.contenttype.business.ContentTypeAPIImpl: system : Save ContentType Action , User system/system user system user added ContentType File Asset to host id:SYSTEM_HOST
[02/06/23 15:42:08:086 UTC]  INFO business.ContentTypeAPIImpl: UserId : system : ContentType : ContentType saved : File Asset
[02/06/23 15:42:08:086 UTC]  INFO util.AdminLogger: UserId : system : class com.dotcms.contenttype.business.ContentTypeAPIImpl : ContentType : ContentType saved : File Asset
[02/06/23 15:42:08:105 UTC]  INFO business.ContentTypeAPIImpl: Content type not found with given id: 8e850645-bb92-4fda-a765-e67063a59be0. Continuing...
[02/06/23 15:42:08:115 UTC]  INFO util.ActivityLogger: class com.dotmarketing.util.ActivityLogger: system : Save Field Action , User system/system user added field Title to Vanity URL Structure.
[02/06/23 15:42:08:125 UTC]  INFO util.ActivityLogger: class com.dotmarketing.util.ActivityLogger: system : Save Field Action , User system/system user added field Site to Vanity URL Structure.
[02/06/23 15:42:08:137 UTC]  INFO util.ActivityLogger: class com.dotmarketing.util.ActivityLogger: system : Save Field Action , User system/system user added field Uri to Vanity URL Structure.
[02/06/23 15:42:08:150 UTC]  INFO util.ActivityLogger: class com.dotmarketing.util.ActivityLogger: system : Save Field Action , User system/system user added field Action to Vanity URL Structure.
[02/06/23 15:42:08:164 UTC]  INFO util.ActivityLogger: class com.dotmarketing.util.ActivityLogger: system : Save Field Action , User system/system user added field Forward To to Vanity URL Structure.
[02/06/23 15:42:08:181 UTC]  INFO util.ActivityLogger: class com.dotmarketing.util.ActivityLogger: system : Save Field Action , User system/system user added field Order to Vanity URL Structure.
[02/06/23 15:42:08:188 UTC]  INFO util.ActivityLogger: class com.dotcms.contenttype.business.ContentTypeAPIImpl: system : Save ContentType Action , User system/system user system user added ContentType Vanity URL to host id:SYSTEM_HOST
[02/06/23 15:42:08:188 UTC]  INFO business.ContentTypeAPIImpl: UserId : system : ContentType : ContentType saved : Vanity URL
[02/06/23 15:42:08:188 UTC]  INFO util.AdminLogger: UserId : system : class com.dotcms.contenttype.business.ContentTypeAPIImpl : ContentType : ContentType saved : Vanity URL
[02/06/23 15:42:08:200 UTC]  INFO business.ContentTypeAPIImpl: Content type not found with given id: c541abb1-69b3-4bc5-8430-5e09e5239cc8. Continuing...
[02/06/23 15:42:08:211 UTC]  INFO util.ActivityLogger: class com.dotmarketing.util.ActivityLogger: system : Save Field Action , User system/system user added field Title to Page Structure.
[02/06/23 15:42:08:226 UTC]  INFO util.ActivityLogger: class com.dotmarketing.util.ActivityLogger: system : Save Field Action , User system/system user added field Url to Page Structure.
[02/06/23 15:42:08:238 UTC]  INFO util.ActivityLogger: class com.dotmarketing.util.ActivityLogger: system : Save Field Action , User system/system user added field Host or Folder to Page Structure.
[02/06/23 15:42:08:252 UTC]  INFO util.ActivityLogger: class com.dotmarketing.util.ActivityLogger: system : Save Field Action , User system/system user added field Template to Page Structure.
[02/06/23 15:42:08:267 UTC]  INFO util.ActivityLogger: class com.dotmarketing.util.ActivityLogger: system : Save Field Action , User system/system user added field Friendly Name to Page Structure.
[02/06/23 15:42:08:283 UTC]  INFO util.ActivityLogger: class com.dotmarketing.util.ActivityLogger: system : Save Field Action , User system/system user added field Show on Menu to Page Structure.
[02/06/23 15:42:08:301 UTC]  INFO util.ActivityLogger: class com.dotmarketing.util.ActivityLogger: system : Save Field Action , User system/system user added field Sort Order to Page Structure.
[02/06/23 15:42:08:321 UTC]  INFO util.ActivityLogger: class com.dotmarketing.util.ActivityLogger: system : Save Field Action , User system/system user added field Cache TTL to Page Structure.
[02/06/23 15:42:08:343 UTC]  INFO util.ActivityLogger: class com.dotmarketing.util.ActivityLogger: system : Save Field Action , User system/system user added field Advanced Properties to Page Structure.
[02/06/23 15:42:08:365 UTC]  INFO util.ActivityLogger: class com.dotmarketing.util.ActivityLogger: system : Save Field Action , User system/system user added field Redirect Url to Page Structure.
[02/06/23 15:42:08:388 UTC]  INFO util.ActivityLogger: class com.dotmarketing.util.ActivityLogger: system : Save Field Action , User system/system user added field HTTPS Required to Page Structure.
[02/06/23 15:42:08:414 UTC]  INFO util.ActivityLogger: class com.dotmarketing.util.ActivityLogger: system : Save Field Action , User system/system user added field SEO Description to Page Structure.
[02/06/23 15:42:08:440 UTC]  INFO util.ActivityLogger: class com.dotmarketing.util.ActivityLogger: system : Save Field Action , User system/system user added field SEO Keywords to Page Structure.
[02/06/23 15:42:08:468 UTC]  INFO util.ActivityLogger: class com.dotmarketing.util.ActivityLogger: system : Save Field Action , User system/system user added field Page Metadata to Page Structure.
[02/06/23 15:42:08:498 UTC]  INFO util.ActivityLogger: class com.dotmarketing.util.ActivityLogger: system : Save Field Action , User system/system user added field Canonical URL to Page Structure.
[02/06/23 15:42:08:513 UTC]  INFO util.ActivityLogger: class com.dotcms.contenttype.business.ContentTypeAPIImpl: system : Save ContentType Action , User system/system user system user added ContentType Page to host id:SYSTEM_HOST
[02/06/23 15:42:08:513 UTC]  INFO business.ContentTypeAPIImpl: UserId : system : ContentType : ContentType saved : Page
[02/06/23 15:42:08:513 UTC]  INFO util.AdminLogger: UserId : system : class com.dotcms.contenttype.business.ContentTypeAPIImpl : ContentType : ContentType saved : Page
[02/06/23 15:42:08:560 UTC]  INFO business.ContentTypeAPIImpl: Content type not found with given id: 855a2d72-f2f3-4169-8b04-ac5157c4380c. Continuing...
[02/06/23 15:42:08:569 UTC]  INFO util.ActivityLogger: class com.dotmarketing.util.ActivityLogger: system : Save Field Action , User system/system user added field fields-2 to Host Structure.
[02/06/23 15:42:08:578 UTC]  INFO util.ActivityLogger: class com.dotmarketing.util.ActivityLogger: system : Save Field Action , User system/system user added field fields-3 to Host Structure.
[02/06/23 15:42:08:588 UTC]  INFO util.ActivityLogger: class com.dotmarketing.util.ActivityLogger: system : Save Field Action , User system/system user added field Site Key to Host Structure.
[02/06/23 15:42:08:600 UTC]  INFO util.ActivityLogger: class com.dotmarketing.util.ActivityLogger: system : Save Field Action , User system/system user added field Aliases to Host Structure.
[02/06/23 15:42:08:614 UTC]  INFO util.ActivityLogger: class com.dotmarketing.util.ActivityLogger: system : Save Field Action , User system/system user added field Tag Storage to Host Structure.
[02/06/23 15:42:08:630 UTC]  INFO util.ActivityLogger: class com.dotmarketing.util.ActivityLogger: system : Save Field Action , User system/system user added field Is Default to Host Structure.
[02/06/23 15:42:08:649 UTC]  INFO util.ActivityLogger: class com.dotmarketing.util.ActivityLogger: system : Save Field Action , User system/system user added field Is System Host to Host Structure.
[02/06/23 15:42:08:668 UTC]  INFO util.ActivityLogger: class com.dotmarketing.util.ActivityLogger: system : Save Field Action , User system/system user added field Host Thumbnail to Host Structure.
[02/06/23 15:42:08:688 UTC]  INFO util.ActivityLogger: class com.dotmarketing.util.ActivityLogger: system : Save Field Action , User system/system user added field Run Dashboard to Host Structure.
[02/06/23 15:42:08:697 UTC]  INFO util.ActivityLogger: class com.dotcms.contenttype.business.ContentTypeAPIImpl: system : Save ContentType Action , User system/system user system user added ContentType Host to host id:SYSTEM_HOST
[02/06/23 15:42:08:697 UTC]  INFO business.ContentTypeAPIImpl: UserId : system : ContentType : ContentType saved : Host
[02/06/23 15:42:08:697 UTC]  INFO util.AdminLogger: UserId : system : class com.dotcms.contenttype.business.ContentTypeAPIImpl : ContentType : ContentType saved : Host
[02/06/23 15:42:08:700 UTC]  INFO business.ContentTypeAPIImpl: Content type not found with given id: 2c46b6586c38852ac08a824a303ced80. Continuing...
[02/06/23 15:42:08:716 UTC]  INFO util.ActivityLogger: class com.dotmarketing.util.ActivityLogger: system : Save Field Action , User system/system user added field Site or Folder to Image Structure.
[02/06/23 15:42:08:732 UTC]  INFO util.ActivityLogger: class com.dotmarketing.util.ActivityLogger: system : Save Field Action , User system/system user added field Asset to Image Structure.
[02/06/23 15:42:08:750 UTC]  INFO util.ActivityLogger: class com.dotmarketing.util.ActivityLogger: system : Save Field Action , User system/system user added field Tags to Image Structure.
[02/06/23 15:42:08:755 UTC]  INFO util.ActivityLogger: class com.dotcms.contenttype.business.ContentTypeAPIImpl: system : Save ContentType Action , User system/system user system user added ContentType Image to host id:8a7d5e23-da1e-420a-b4f0-471e7da8ea2d
[02/06/23 15:42:08:755 UTC]  INFO business.ContentTypeAPIImpl: UserId : system : ContentType : ContentType saved : Image
[02/06/23 15:42:08:755 UTC]  INFO util.AdminLogger: UserId : system : class com.dotcms.contenttype.business.ContentTypeAPIImpl : ContentType : ContentType saved : Image
[02/06/23 15:42:08:762 UTC]  INFO business.ContentTypeAPIImpl: Content type not found with given id: c77450b834901a20c8193ef9d561ee5b. Continuing...
[02/06/23 15:42:08:778 UTC]  INFO util.ActivityLogger: class com.dotmarketing.util.ActivityLogger: system : Save Field Action , User system/system user added field Site or Folder to Video Structure.
[02/06/23 15:42:08:795 UTC]  INFO util.ActivityLogger: class com.dotmarketing.util.ActivityLogger: system : Save Field Action , User system/system user added field Asset to Video Structure.
[02/06/23 15:42:08:813 UTC]  INFO util.ActivityLogger: class com.dotmarketing.util.ActivityLogger: system : Save Field Action , User system/system user added field Tags to Video Structure.
[02/06/23 15:42:08:818 UTC]  INFO util.ActivityLogger: class com.dotcms.contenttype.business.ContentTypeAPIImpl: system : Save ContentType Action , User system/system user system user added ContentType Video to host id:8a7d5e23-da1e-420a-b4f0-471e7da8ea2d
[02/06/23 15:42:08:818 UTC]  INFO business.ContentTypeAPIImpl: UserId : system : ContentType : ContentType saved : Video
[02/06/23 15:42:08:818 UTC]  INFO util.AdminLogger: UserId : system : class com.dotcms.contenttype.business.ContentTypeAPIImpl : ContentType : ContentType saved : Video
[02/06/23 15:42:08:833 UTC]  INFO business.ContentTypeAPIImpl: Content type not found with given id: 2a3e91e4-fbbf-4876-8c5b-2233c1739b05. Continuing...
[02/06/23 15:42:08:842 UTC]  INFO util.ActivityLogger: class com.dotmarketing.util.ActivityLogger: system : Save Field Action , User system/system user added field Row Field to Content (Generic) Structure.
[02/06/23 15:42:08:851 UTC]  INFO util.ActivityLogger: class com.dotmarketing.util.ActivityLogger: system : Save Field Action , User system/system user added field Column Field to Content (Generic) Structure.
[02/06/23 15:42:08:866 UTC]  INFO util.ActivityLogger: class com.dotmarketing.util.ActivityLogger: system : Save Field Action , User system/system user added field Title to Content (Generic) Structure.
[02/06/23 15:42:08:878 UTC]  INFO util.ActivityLogger: class com.dotmarketing.util.ActivityLogger: system : Save Field Action , User system/system user added field Site to Content (Generic) Structure.
[02/06/23 15:42:08:891 UTC]  INFO util.ActivityLogger: class com.dotmarketing.util.ActivityLogger: system : Save Field Action , User system/system user added field Body to Content (Generic) Structure.
[02/06/23 15:42:08:897 UTC]  INFO util.ActivityLogger: class com.dotcms.contenttype.business.ContentTypeAPIImpl: system : Save ContentType Action , User system/system user system user added ContentType Content (Generic) to host id:SYSTEM_HOST
[02/06/23 15:42:08:897 UTC]  INFO business.ContentTypeAPIImpl: UserId : system : ContentType : ContentType saved : Content (Generic)
[02/06/23 15:42:08:897 UTC]  INFO util.AdminLogger: UserId : system : class com.dotcms.contenttype.business.ContentTypeAPIImpl : ContentType : ContentType saved : Content (Generic)
[02/06/23 15:42:08:899 UTC]  INFO business.ContentTypeAPIImpl: Content type not found with given id: ce930143870e11569f93f8a9fff5da19. Continuing...
[02/06/23 15:42:08:907 UTC]  INFO util.ActivityLogger: class com.dotmarketing.util.ActivityLogger: system : Save Field Action , User system/system user added field Screenshot to Dot Favorite Page Structure.
[02/06/23 15:42:08:915 UTC]  INFO util.ActivityLogger: class com.dotmarketing.util.ActivityLogger: system : Save Field Action , User system/system user added field title to Dot Favorite Page Structure.
[02/06/23 15:42:08:928 UTC]  INFO util.ActivityLogger: class com.dotmarketing.util.ActivityLogger: system : Save Field Action , User system/system user added field url to Dot Favorite Page Structure.
[02/06/23 15:42:08:939 UTC]  INFO util.ActivityLogger: class com.dotmarketing.util.ActivityLogger: system : Save Field Action , User system/system user added field order to Dot Favorite Page Structure.
[02/06/23 15:42:08:943 UTC]  INFO util.ActivityLogger: class com.dotcms.contenttype.business.ContentTypeAPIImpl: system : Save ContentType Action , User system/system user system user added ContentType Dot Favorite Page to host id:SYSTEM_HOST
[02/06/23 15:42:08:944 UTC]  INFO business.ContentTypeAPIImpl: UserId : system : ContentType : ContentType saved : Dot Favorite Page
[02/06/23 15:42:08:944 UTC]  INFO util.AdminLogger: UserId : system : class com.dotcms.contenttype.business.ContentTypeAPIImpl : ContentType : ContentType saved : Dot Favorite Page
[02/06/23 15:42:08:945 UTC]  INFO starter.ImportStarterUtil: **** Importing the file: /data/local/dotsecure/backup/temp/com.dotmarketing.portlets.contentlet.model.Contentlet_0000000000.json *****
[02/06/23 15:42:08:945 UTC]  INFO starter.ImportStarterUtil: Importing:	com.dotmarketing.portlets.contentlet.model.Contentlet
[02/06/23 15:42:09:108 UTC]  INFO starter.ImportStarterUtil: Found :	5 com.dotmarketing.portlets.contentlet.model.Contentlet(s)
[02/06/23 15:42:09:241 UTC]  INFO timedcache.TimedCacheProvider: ***	 Building Cache : esquerycache, size:10000, seconds:3600,Concurrency:32 (every 60000 millis)
[02/06/23 15:42:09:577 UTC]  INFO util.SecurityLogger: class com.dotmarketing.portlets.workflows.business.WorkflowAPIImpl : Workflow Scheme 'System Workflow' [d61a59e1-a49c-46f2-a929-db2b4bfa88b2] has been saved by User ID 'system' -- ip:ukn,user:null
[02/06/23 15:42:09:582 UTC]  INFO util.SecurityLogger: class com.dotmarketing.portlets.workflows.business.WorkflowAPIImpl : Workflow Step 'New' [6cb7e3bd-1710-4eed-8838-d3db60f78f19] has been saved by User ID 'system' -- ip:ukn,user:null
[02/06/23 15:42:09:584 UTC]  INFO util.SecurityLogger: class com.dotmarketing.portlets.workflows.business.WorkflowAPIImpl : Workflow Step 'Draft' [ee24a4cb-2d15-4c98-b1bd-6327126451f3] has been saved by User ID 'system' -- ip:ukn,user:null
[02/06/23 15:42:09:587 UTC]  INFO util.SecurityLogger: class com.dotmarketing.portlets.workflows.business.WorkflowAPIImpl : Workflow Step 'Published' [dc3c9cd0-8467-404b-bf95-cb7df3fbc293] has been saved by User ID 'system' -- ip:ukn,user:null
[02/06/23 15:42:09:589 UTC]  INFO util.SecurityLogger: class com.dotmarketing.portlets.workflows.business.WorkflowAPIImpl : Workflow Step 'Archived' [d6b095b6-b65f-4bdb-bbfd-701d663dfee2] has been saved by User ID 'system' -- ip:ukn,user:null
[02/06/23 15:42:09:594 UTC]  INFO util.SecurityLogger: class com.dotmarketing.portlets.workflows.business.WorkflowAPIImpl : Action id: '4da13a42-5d59-480c-ad8f-94a3adf809fe' has been reordered by user: system -- ip:ukn,user:null
[02/06/23 15:42:09:602 UTC]  INFO util.SecurityLogger: class com.dotmarketing.portlets.workflows.business.WorkflowAPIImpl : Action id: '963f6a04-5320-42e7-ab74-6d876d199946' has been reordered by user: system -- ip:ukn,user:null
[02/06/23 15:42:09:606 UTC]  INFO util.SecurityLogger: class com.dotmarketing.portlets.workflows.business.WorkflowAPIImpl : Action id: '777f1c6b-c877-4a37-ba4b-10627316c2cc' has been reordered by user: system -- ip:ukn,user:null
[02/06/23 15:42:09:608 UTC]  INFO util.SecurityLogger: class com.dotmarketing.portlets.workflows.business.WorkflowAPIImpl : Action id: '1e0f1c6b-b67f-4c99-983d-db2b4bfa88b2' has been reordered by user: system -- ip:ukn,user:null
[02/06/23 15:42:09:611 UTC]  INFO util.SecurityLogger: class com.dotmarketing.portlets.workflows.business.WorkflowAPIImpl : Action id: 'dd4c4b7c-e9d3-4dc0-8fbf-36102f9c6324' has been reordered by user: system -- ip:ukn,user:null
[02/06/23 15:42:09:614 UTC]  INFO util.SecurityLogger: class com.dotmarketing.portlets.workflows.business.WorkflowAPIImpl : Action id: 'b9d89c80-3d88-4311-8365-187323c96436' has been reordered by user: system -- ip:ukn,user:null
[02/06/23 15:42:09:616 UTC]  INFO util.SecurityLogger: class com.dotmarketing.portlets.workflows.business.WorkflowAPIImpl : Action id: 'ceca71a0-deee-4999-bd47-b01baa1bcfc8' has been reordered by user: system -- ip:ukn,user:null
[02/06/23 15:42:09:619 UTC]  INFO util.SecurityLogger: class com.dotmarketing.portlets.workflows.business.WorkflowAPIImpl : Action id: 'c92f9aa1-9503-4567-ac30-d3242b54d02d' has been reordered by user: system -- ip:ukn,user:null
[02/06/23 15:42:09:621 UTC]  INFO util.SecurityLogger: class com.dotmarketing.portlets.workflows.business.WorkflowAPIImpl : Action id: '38efc763-d78f-4e4b-b092-59cd8c579b93' has been reordered by user: system -- ip:ukn,user:null
[02/06/23 15:42:09:638 UTC]  INFO util.SecurityLogger: class com.dotmarketing.portlets.workflows.business.WorkflowAPIImpl : The action id: 'ceca71a0-deee-4999-bd47-b01baa1bcfc8' has been saved by the user: system -- ip:ukn,user:null
[02/06/23 15:42:09:642 UTC]  INFO util.SecurityLogger: class com.dotmarketing.portlets.workflows.business.WorkflowAPIImpl : The action id: 'b9d89c80-3d88-4311-8365-187323c96436' has been saved by the user: system -- ip:ukn,user:null
[02/06/23 15:42:09:647 UTC]  INFO util.SecurityLogger: class com.dotmarketing.portlets.workflows.business.WorkflowAPIImpl : The action id: '777f1c6b-c877-4a37-ba4b-10627316c2cc' has been saved by the user: system -- ip:ukn,user:null
[02/06/23 15:42:09:651 UTC]  INFO util.SecurityLogger: class com.dotmarketing.portlets.workflows.business.WorkflowAPIImpl : The action id: 'ceca71a0-deee-4999-bd47-b01baa1bcfc8' has been saved by the user: system -- ip:ukn,user:null
[02/06/23 15:42:09:655 UTC]  INFO util.SecurityLogger: class com.dotmarketing.portlets.workflows.business.WorkflowAPIImpl : The action id: 'dd4c4b7c-e9d3-4dc0-8fbf-36102f9c6324' has been saved by the user: system -- ip:ukn,user:null
[02/06/23 15:42:09:663 UTC]  INFO util.SecurityLogger: class com.dotmarketing.portlets.workflows.business.WorkflowAPIImpl : The action id: '38efc763-d78f-4e4b-b092-59cd8c579b93' has been saved by the user: system -- ip:ukn,user:null
[02/06/23 15:42:09:668 UTC]  INFO util.SecurityLogger: class com.dotmarketing.portlets.workflows.business.WorkflowAPIImpl : The action id: '963f6a04-5320-42e7-ab74-6d876d199946' has been saved by the user: system -- ip:ukn,user:null
[02/06/23 15:42:09:675 UTC]  INFO util.SecurityLogger: class com.dotmarketing.portlets.workflows.business.WorkflowAPIImpl : The action id: 'b9d89c80-3d88-4311-8365-187323c96436' has been saved by the user: system -- ip:ukn,user:null
[02/06/23 15:42:09:681 UTC]  INFO util.SecurityLogger: class com.dotmarketing.portlets.workflows.business.WorkflowAPIImpl : The action id: '4da13a42-5d59-480c-ad8f-94a3adf809fe' has been saved by the user: system -- ip:ukn,user:null
[02/06/23 15:42:09:689 UTC]  INFO util.SecurityLogger: class com.dotmarketing.portlets.workflows.business.WorkflowAPIImpl : The action id: '963f6a04-5320-42e7-ab74-6d876d199946' has been saved by the user: system -- ip:ukn,user:null
[02/06/23 15:42:09:695 UTC]  INFO util.SecurityLogger: class com.dotmarketing.portlets.workflows.business.WorkflowAPIImpl : The action id: '38efc763-d78f-4e4b-b092-59cd8c579b93' has been saved by the user: system -- ip:ukn,user:null
[02/06/23 15:42:09:701 UTC]  INFO util.SecurityLogger: class com.dotmarketing.portlets.workflows.business.WorkflowAPIImpl : The action id: 'ceca71a0-deee-4999-bd47-b01baa1bcfc8' has been saved by the user: system -- ip:ukn,user:null
[02/06/23 15:42:09:708 UTC]  INFO util.SecurityLogger: class com.dotmarketing.portlets.workflows.business.WorkflowAPIImpl : The action id: '4da13a42-5d59-480c-ad8f-94a3adf809fe' has been saved by the user: system -- ip:ukn,user:null
[02/06/23 15:42:09:714 UTC]  INFO util.SecurityLogger: class com.dotmarketing.portlets.workflows.business.WorkflowAPIImpl : The action id: 'b9d89c80-3d88-4311-8365-187323c96436' has been saved by the user: system -- ip:ukn,user:null
[02/06/23 15:42:09:718 UTC]  INFO util.SecurityLogger: class com.dotmarketing.portlets.workflows.business.WorkflowAPIImpl : The action id: 'dd4c4b7c-e9d3-4dc0-8fbf-36102f9c6324' has been saved by the user: system -- ip:ukn,user:null
[02/06/23 15:42:09:739 UTC]  INFO util.SecurityLogger: class com.dotmarketing.portlets.workflows.business.WorkflowAPIImpl : The action id: 'c92f9aa1-9503-4567-ac30-d3242b54d02d' has been saved by the user: system -- ip:ukn,user:null
[02/06/23 15:42:09:746 UTC]  INFO util.SecurityLogger: class com.dotmarketing.portlets.workflows.business.WorkflowAPIImpl : The action id: '777f1c6b-c877-4a37-ba4b-10627316c2cc' has been saved by the user: system -- ip:ukn,user:null
[02/06/23 15:42:09:753 UTC]  INFO util.SecurityLogger: class com.dotmarketing.portlets.workflows.business.WorkflowAPIImpl : The action id: '1e0f1c6b-b67f-4c99-983d-db2b4bfa88b2' has been saved by the user: system -- ip:ukn,user:null
[02/06/23 15:42:09:839 UTC]  INFO util.SecurityLogger: class com.dotmarketing.portlets.workflows.business.WorkflowAPIImpl : Saving class parameters by the user: system -- ip:ukn,user:null
[02/06/23 15:42:09:849 UTC]  INFO starter.ImportStarterUtil: **** Importing the file: /data/local/dotsecure/backup/temp/com.dotmarketing.beans.Permission_0000000000.json *****
[02/06/23 15:42:09:849 UTC]  INFO starter.ImportStarterUtil: Importing:	com.dotmarketing.beans.Permission
[02/06/23 15:42:09:857 UTC]  INFO starter.ImportStarterUtil: Found :	20 com.dotmarketing.beans.Permission(s)
[02/06/23 15:42:09:884 UTC]  INFO starter.ImportStarterUtil: **** Importing the file: /data/local/dotsecure/backup/temp/com.dotmarketing.portlets.contentlet.model.ContentletVersionInfo_0000000000.json *****
[02/06/23 15:42:09:884 UTC]  INFO starter.ImportStarterUtil: Importing:	com.dotmarketing.portlets.contentlet.model.ContentletVersionInfo
[02/06/23 15:42:09:887 UTC]  INFO starter.ImportStarterUtil: Found :	3 com.dotmarketing.portlets.contentlet.model.ContentletVersionInfo(s)
[02/06/23 15:42:09:939 UTC]  INFO starter.ImportStarterUtil: **** Importing the file: /data/local/dotsecure/backup/temp/com.dotmarketing.portlets.workflows.model.WorkflowTask_0000000000.json *****
[02/06/23 15:42:09:939 UTC]  INFO starter.ImportStarterUtil: Importing:	com.dotmarketing.portlets.workflows.model.WorkflowTask
[02/06/23 15:42:09:943 UTC]  INFO starter.ImportStarterUtil: Found :	1 com.dotmarketing.portlets.workflows.model.WorkflowTask(s)
[02/06/23 15:42:09:948 UTC]  INFO starter.ImportStarterUtil: **** Importing the file: /data/local/dotsecure/backup/temp/Image.json *****
[02/06/23 15:42:09:949 UTC]  INFO starter.ImportStarterUtil: Importing:	Image
[02/06/23 15:42:15:083 UTC]  INFO starter.ImportStarterUtil: Found :	1 Image(s)
[02/06/23 15:42:15:085 UTC]  INFO starter.ImportStarterUtil: **** Importing the file: /data/local/dotsecure/backup/temp/Portlet.json *****
[02/06/23 15:42:15:085 UTC]  INFO starter.ImportStarterUtil: Importing:	Portlet
[02/06/23 15:42:15:086 UTC]  INFO starter.ImportStarterUtil: Found :	3 Portlet(s)
[02/06/23 15:42:15:090 UTC]  INFO starter.ImportStarterUtil: Done Importing
[02/06/23 15:42:15:094 UTC]  INFO runonce.Task210321RemoveOldMetadataFiles:  executing metadata clean up under path /data/shared/assets
[02/06/23 15:42:15:100 UTC]  INFO db.DotCMSInitDb:  `1` old metadata entries removed and `0` old content files from the starter.
[02/06/23 15:42:15:102 UTC]  INFO timedcache.TimedCacheProvider: ===== Initializing [Timed Cache Provider].
[02/06/23 15:42:15:103 UTC]  INFO timedcache.TimedCacheProvider: ***	 Cache Config Memory : esquerycache: 10000
[02/06/23 15:42:15:103 UTC]  INFO timedcache.TimedCacheProvider: ***	 Cache Config Memory : esquerycountcache: 10000
[02/06/23 15:42:15:103 UTC]  INFO timedcache.TimedCacheProvider: ***	 Cache Config Memory : graphqlquerycache: 5000
[02/06/23 15:42:15:103 UTC]  INFO timedcache.TimedCacheProvider: ***	 Cache Config Memory : default: 1000
[02/06/23 15:42:15:103 UTC]  INFO timedcache.TimedCacheProvider: ***	 Cache Config Memory : adminconfigpool: 100
[02/06/23 15:42:15:103 UTC]  INFO timedcache.TimedCacheProvider: ***	 Cache Config Memory : companypool: 10
[02/06/23 15:42:15:103 UTC]  INFO timedcache.TimedCacheProvider: ***	 Cache Config Memory : contentletcache: 5000
[02/06/23 15:42:15:103 UTC]  INFO timedcache.TimedCacheProvider: ***	 Cache Config Memory : categoryparentscache: 30000
[02/06/23 15:42:15:103 UTC]  INFO timedcache.TimedCacheProvider: ***	 Cache Config Memory : taginodecache: 50000
[02/06/23 15:42:15:103 UTC]  INFO timedcache.TimedCacheProvider: ***	 Cache Config Memory : taginodesbyinodecache: 50000
[02/06/23 15:42:15:103 UTC]  INFO timedcache.TimedCacheProvider: ***	 Cache Config Memory : tagcache: 50000
[02/06/23 15:42:15:103 UTC]  INFO timedcache.TimedCacheProvider: ***	 Cache Config Memory : csscache: 2500
[02/06/23 15:42:15:103 UTC]  INFO timedcache.TimedCacheProvider: ***	 Cache Config Memory : assetmetadatacache: 10000
[02/06/23 15:42:15:103 UTC]  INFO timedcache.TimedCacheProvider: ***	 Cache Config Memory : identifiercache: 50000
[02/06/23 15:42:15:103 UTC]  INFO timedcache.TimedCacheProvider: ***	 Cache Config Memory : identifier404cache: 30000
[02/06/23 15:42:15:103 UTC]  INFO timedcache.TimedCacheProvider: ***	 Cache Config Memory : indiciescache: 8
[02/06/23 15:42:15:103 UTC]  INFO timedcache.TimedCacheProvider: ***	 Cache Config Memory : logmappercache: 10
[02/06/23 15:42:15:103 UTC]  INFO timedcache.TimedCacheProvider: ***	 Cache Config Memory : navcache: 1000
[02/06/23 15:42:15:104 UTC]  INFO timedcache.TimedCacheProvider: ***	 Cache Config Memory : parentpermissionablecache: 10000
[02/06/23 15:42:15:104 UTC]  INFO timedcache.TimedCacheProvider: ***	 Cache Config Memory : permissioncache: 50000
[02/06/23 15:42:15:104 UTC]  INFO timedcache.TimedCacheProvider: ***	 Cache Config Memory : portletpool: 100
[02/06/23 15:42:15:104 UTC]  INFO timedcache.TimedCacheProvider: ***	 Cache Config Memory : publishingendpointcache: 100
[02/06/23 15:42:15:104 UTC]  INFO timedcache.TimedCacheProvider: ***	 Cache Config Memory : pushedassetscache: 5000
[02/06/23 15:42:15:104 UTC]  INFO timedcache.TimedCacheProvider: ***	 Cache Config Memory : templatecache: 500
[02/06/23 15:42:15:104 UTC]  INFO timedcache.TimedCacheProvider: ***	 Cache Config Memory : translatedquerycache: 5000
[02/06/23 15:42:15:104 UTC]  INFO timedcache.TimedCacheProvider: ***	 Cache Config Memory : versioncache: 50000
[02/06/23 15:42:15:104 UTC]  INFO timedcache.TimedCacheProvider: ***	 Cache Config Memory : versioninfocache: 50000
[02/06/23 15:42:15:104 UTC]  INFO timedcache.TimedCacheProvider: ***	 Cache Config Memory : workflowactioncache: 10000
[02/06/23 15:42:15:104 UTC]  INFO timedcache.TimedCacheProvider: ***	 Cache Config Memory : workflowtaskcache: 10000
[02/06/23 15:42:15:104 UTC]  INFO timedcache.TimedCacheProvider: ***	 Cache Config Memory : shortyidcache: 25000
[02/06/23 15:42:15:104 UTC]  INFO timedcache.TimedCacheProvider: ***	 Cache Config Memory : velocitycache: 5000
[02/06/23 15:42:15:104 UTC]  INFO timedcache.TimedCacheProvider: ***	 Cache Config Memory : vanityurldirectcache: 25000
[02/06/23 15:42:15:104 UTC]  INFO timedcache.TimedCacheProvider: ***	 Cache Config Memory : vanityurlsitecache: 5000
[02/06/23 15:42:15:104 UTC]  INFO h22.H22Cache: Start Full Cache Flush in h22
[02/06/23 15:42:15:104 UTC]  INFO h22.H22Cache: Building new H22 Cache, db:0
[02/06/23 15:42:15:104 UTC]  INFO h22.H22HikariPool: H22 on disk cache:jdbc:h2:/data/local/dotsecure/h22cache/0/2023-06-02_15-42-15/cache;MVCC=TRUE;DB_CLOSE_ON_EXIT=FALSE
[02/06/23 15:42:15:175 UTC]  INFO h22.H22Cache: Building new H22 Cache, db:1
[02/06/23 15:42:15:176 UTC]  INFO h22.H22HikariPool: H22 on disk cache:jdbc:h2:/data/local/dotsecure/h22cache/1/2023-06-02_15-42-15/cache;MVCC=TRUE;DB_CLOSE_ON_EXIT=FALSE
[02/06/23 15:42:15:248 UTC]  INFO h22.H22Cache: End Full Cache Flush in h22 : 144ms
[02/06/23 15:42:15:290 UTC]  INFO reindex.ReindexThread: --- Recreating ReindexThread from stopped
[02/06/23 15:42:15:292 UTC]  INFO framework.OSGISystem: Starting: OSGi System Framework
[02/06/23 15:42:15:295 UTC]  INFO framework.OSGISystem: Felix System base dir: /srv/dotserver/tomcat-9.0.60/webapps/ROOT/WEB-INF/felix-system
[02/06/23 15:42:15:304 UTC]  INFO framework.OSGIUtil: Loading Factory org.apache.felix.framework.FrameworkFactory
[02/06/23 15:42:15:752 UTC]  INFO init.SamlInitializer: SAML Init STARTED...
[02/06/23 15:42:16:611 UTC]  INFO init.SamlInitializer: Doing instance of Java Crypto validator
[02/06/23 15:42:16:611 UTC]  INFO init.SamlInitializer: Getting the Security Providers
[02/06/23 15:42:16:611 UTC]  INFO init.SamlInitializer: - SUN (DSA key/parameter generation; DSA signing; SHA-1, MD5 digests; SecureRandom; X.509 certificates; PKCS12, JKS & DKS keystores; PKIX CertPathValidator; PKIX CertPathBuilder; LDAP, Collection CertStores, JavaPolicy Policy; JavaLoginConfig Configuration)
[02/06/23 15:42:16:611 UTC]  INFO init.SamlInitializer: - Sun RSA signature provider
[02/06/23 15:42:16:611 UTC]  INFO init.SamlInitializer: - Sun Elliptic Curve provider (EC, ECDSA, ECDH)
[02/06/23 15:42:16:611 UTC]  INFO init.SamlInitializer: - Sun JSSE provider(PKCS12, SunX509/PKIX key/trust factories, SSLv3/TLSv1/TLSv1.1/TLSv1.2/TLSv1.3/DTLSv1.0/DTLSv1.2)
[02/06/23 15:42:16:612 UTC]  INFO init.SamlInitializer: - SunJCE Provider (implements RSA, DES, Triple DES, AES, Blowfish, ARCFOUR, RC2, PBE, Diffie-Hellman, HMAC, ChaCha20)
[02/06/23 15:42:16:612 UTC]  INFO init.SamlInitializer: - Sun (Kerberos v5, SPNEGO)
[02/06/23 15:42:16:612 UTC]  INFO init.SamlInitializer: - Sun SASL provider(implements client mechanisms for: DIGEST-MD5, EXTERNAL, PLAIN, CRAM-MD5, NTLM; server mechanisms for: DIGEST-MD5, CRAM-MD5, NTLM)
[02/06/23 15:42:16:612 UTC]  INFO init.SamlInitializer: - JdkLDAP Provider (implements LDAP CertStore)
[02/06/23 15:42:16:612 UTC]  INFO init.SamlInitializer: Doing Init of SignatureValidationProvider
[02/06/23 15:42:16:614 UTC]  INFO init.SamlInitializer: SAML Init DONE
[02/06/23 15:42:16:614 UTC]  INFO init.SamlInitializer: Setting basic parser pool
[02/06/23 15:42:16:616 UTC]  INFO osgi.Activator: Adding the SAML Web Filter
[02/06/23 15:42:16:677 UTC]  INFO osgi.Activator: Adding the SAML Web Service: com.dotcms.auth.providers.saml.v1.DotSamlResource
[02/06/23 15:42:17:165 UTC]  INFO osgi.Activator: Subscribing to  AppSecretSavedEvent events
[02/06/23 15:42:17:554 UTC]  INFO framework.OSGISystem: Started : OSGi System Framework
[02/06/23 15:42:17:554 UTC]  INFO reindex.ReindexThread: --- ReindexThread Running (every 60000 millis)
[02/06/23 15:42:17:557 UTC]  INFO db.DotCMSInitDb: Building Initial Index
[02/06/23 15:42:17:561 UTC]  INFO reindex.ReindexThread: ---  ReindexThread is starting, background indexing will begin
[02/06/23 15:42:17:615 UTC]  INFO business.ESIndexAPI: createIndex : Trying to create index: cluster_0f24f7465f.working_20230602154217 with shards: 0
[02/06/23 15:42:17:615 UTC]  INFO util.AdminLogger: class com.dotcms.content.elasticsearch.business.ESIndexAPI : createIndex : Trying to create index: cluster_0f24f7465f.working_20230602154217 with shards: 0
[02/06/23 15:42:17:615 UTC]  WARN business.ESIndexAPI: Unable to parse shards from config
[02/06/23 15:42:17:615 UTC]  WARN business.ESIndexAPI: null
[02/06/23 15:42:17:615 UTC]  WARN business.ESIndexAPI: java.base/java.lang.Integer.parseInt(Integer.java:614)
[02/06/23 15:42:17:947 UTC]  INFO business.ESIndexAPI: createIndex : Index created: cluster_0f24f7465f.working_20230602154217 with shards: 1
[02/06/23 15:42:17:947 UTC]  INFO util.AdminLogger: class com.dotcms.content.elasticsearch.business.ESIndexAPI : createIndex : Index created: cluster_0f24f7465f.working_20230602154217 with shards: 1
[02/06/23 15:42:18:069 UTC]  INFO business.ESIndexAPI: createIndex : Trying to create index: cluster_0f24f7465f.live_20230602154217 with shards: 0
[02/06/23 15:42:18:070 UTC]  INFO util.AdminLogger: class com.dotcms.content.elasticsearch.business.ESIndexAPI : createIndex : Trying to create index: cluster_0f24f7465f.live_20230602154217 with shards: 0
[02/06/23 15:42:18:071 UTC]  WARN business.ESIndexAPI: Unable to parse shards from config
[02/06/23 15:42:18:072 UTC]  WARN business.ESIndexAPI: null
[02/06/23 15:42:18:073 UTC]  WARN business.ESIndexAPI: java.base/java.lang.Integer.parseInt(Integer.java:614)
[02/06/23 15:42:18:247 UTC]  INFO business.ESIndexAPI: createIndex : Index created: cluster_0f24f7465f.live_20230602154217 with shards: 1
[02/06/23 15:42:18:248 UTC]  INFO util.AdminLogger: class com.dotcms.content.elasticsearch.business.ESIndexAPI : createIndex : Index created: cluster_0f24f7465f.live_20230602154217 with shards: 1
[02/06/23 15:42:18:360 UTC]  INFO servlets.InitServlet: 
[02/06/23 15:42:18:362 UTC]  INFO servlets.InitServlet:  * Copyright (c) 2023 dotCMS Inc. 
[02/06/23 15:42:18:363 UTC]  INFO servlets.InitServlet:  * This software, code and any modifications to the code are licensed under the terms of the dotCMS Enterprise License 
[02/06/23 15:42:18:364 UTC]  INFO servlets.InitServlet:  * which can be found here : https://www.github.com/dotCMS/core/LICENSE 
[02/06/23 15:42:18:364 UTC]  INFO servlets.InitServlet: 
[02/06/23 15:42:22:368 UTC]  INFO reindex.ReindexThread: --- Unpausing reindex thread 
[02/06/23 15:42:23:283 UTC]  WARN util.FileUtil:  Fail to remove destination dir [/data/local/dotsecure/trash/h22/20230602154223281/2023-06-02_15-41-59]
[02/06/23 15:42:23:322 UTC]  WARN util.FileUtil:  Fail to remove destination dir [/data/local/dotsecure/trash/h22/20230602154223322/2023-06-02_15-42-00]
[02/06/23 15:42:23:677 UTC]  INFO reindex.BulkProcessorListener: -----------
[02/06/23 15:42:23:678 UTC]  INFO reindex.BulkProcessorListener: Reindexing Server #  : 1 of 1
[02/06/23 15:42:23:679 UTC]  INFO reindex.BulkProcessorListener: Total Indexed        : 0
[02/06/23 15:42:23:679 UTC]  INFO reindex.BulkProcessorListener: ReindexEntries found : 3
[02/06/23 15:42:23:680 UTC]  INFO reindex.BulkProcessorListener: BulkRequests created : 6
[02/06/23 15:42:23:681 UTC]  INFO reindex.BulkProcessorListener: -----------
[02/06/23 15:42:25:371 UTC]  INFO db.DotCMSInitDb: Records left to index : 0
[02/06/23 15:42:25:372 UTC]  INFO db.DotCMSInitDb: While in DevMode dotCMS will not set an initial password to the admin user.
[02/06/23 15:42:25:373 UTC]  INFO startup.StartupTasksExecutor: Not Running Startup Tasks: Task00005LoadFixassets
[02/06/23 15:42:25:409 UTC]  INFO startup.StartupTasksExecutor: Running Startup Tasks : Task00006CreateSystemLayout
[02/06/23 15:42:28:430 UTC]  INFO startup.StartupTasksExecutor: Not Running Startup Tasks: Task00007RemoveSitesearchQuartzJob
[02/06/23 15:42:28:431 UTC]  INFO startup.StartupTasksExecutor: Running Startup Tasks : Task00040CheckAnonymousUser
[02/06/23 15:42:28:681 UTC]  INFO apps.SecretsKeyStoreHelper: KeyStore loaded successfully after `1` tries.
[02/06/23 15:42:28:687 UTC]  INFO startup.StartupTasksExecutor: Not Running Startup Tasks: Task00050LoadAppsSecrets
[02/06/23 15:42:28:691 UTC]  INFO startup.StartupTasksExecutor: Finishing startup tasks.
[02/06/23 15:42:28:691 UTC]  INFO startup.StartupTasksExecutor: ---
[02/06/23 15:42:28:691 UTC]  INFO startup.StartupTasksExecutor: 
[02/06/23 15:42:28:691 UTC]  INFO startup.StartupTasksExecutor: Running Upgrade Tasks
[02/06/23 15:42:28:691 UTC]  INFO startup.StartupTasksExecutor: Database version: 0
[02/06/23 15:42:29:339 UTC]  INFO startup.StartupTasksExecutor: Database upgraded to version: 760
[02/06/23 15:42:29:341 UTC]  INFO startup.StartupTasksExecutor: Database upgraded to version: 765
[02/06/23 15:42:29:342 UTC]  INFO startup.StartupTasksExecutor: Database upgraded to version: 766
[02/06/23 15:42:29:343 UTC]  INFO startup.StartupTasksExecutor: Database upgraded to version: 767
[02/06/23 15:42:29:344 UTC]  INFO startup.StartupTasksExecutor: Database upgraded to version: 768
[02/06/23 15:42:29:345 UTC]  INFO startup.StartupTasksExecutor: Database upgraded to version: 769
[02/06/23 15:42:29:346 UTC]  INFO startup.StartupTasksExecutor: Database upgraded to version: 775
[02/06/23 15:42:29:347 UTC]  INFO startup.StartupTasksExecutor: Database upgraded to version: 780
[02/06/23 15:42:29:348 UTC]  INFO startup.StartupTasksExecutor: Database upgraded to version: 782
[02/06/23 15:42:29:349 UTC]  INFO startup.StartupTasksExecutor: Database upgraded to version: 785
[02/06/23 15:42:29:351 UTC]  INFO startup.StartupTasksExecutor: Database upgraded to version: 790
[02/06/23 15:42:29:352 UTC]  INFO startup.StartupTasksExecutor: Database upgraded to version: 795
[02/06/23 15:42:29:353 UTC]  INFO startup.StartupTasksExecutor: Database upgraded to version: 800
[02/06/23 15:42:29:355 UTC]  INFO startup.StartupTasksExecutor: Database upgraded to version: 805
[02/06/23 15:42:29:357 UTC]  INFO startup.StartupTasksExecutor: Database upgraded to version: 810
[02/06/23 15:42:29:357 UTC]  INFO startup.StartupTasksExecutor: Database upgraded to version: 815
[02/06/23 15:42:29:357 UTC]  INFO startup.StartupTasksExecutor: Database upgraded to version: 820
[02/06/23 15:42:29:358 UTC]  INFO startup.StartupTasksExecutor: Database upgraded to version: 825
[02/06/23 15:42:29:358 UTC]  INFO startup.StartupTasksExecutor: Database upgraded to version: 835
[02/06/23 15:42:29:358 UTC]  INFO startup.StartupTasksExecutor: Database upgraded to version: 840
[02/06/23 15:42:29:358 UTC]  INFO startup.StartupTasksExecutor: Database upgraded to version: 845
[02/06/23 15:42:29:359 UTC]  INFO startup.StartupTasksExecutor: Database upgraded to version: 850
[02/06/23 15:42:29:359 UTC]  INFO startup.StartupTasksExecutor: Database upgraded to version: 855
[02/06/23 15:42:29:359 UTC]  INFO startup.StartupTasksExecutor: Database upgraded to version: 860
[02/06/23 15:42:29:360 UTC]  INFO startup.StartupTasksExecutor: Database upgraded to version: 865
[02/06/23 15:42:29:360 UTC]  INFO startup.StartupTasksExecutor: Database upgraded to version: 900
[02/06/23 15:42:29:360 UTC]  INFO startup.StartupTasksExecutor: Database upgraded to version: 905
[02/06/23 15:42:29:374 UTC]  INFO startup.StartupTasksExecutor: Database upgraded to version: 910
[02/06/23 15:42:29:375 UTC]  INFO startup.StartupTasksExecutor: Database upgraded to version: 920
[02/06/23 15:42:29:376 UTC]  INFO startup.StartupTasksExecutor: Database upgraded to version: 922
[02/06/23 15:42:29:377 UTC]  INFO startup.StartupTasksExecutor: Database upgraded to version: 925
[02/06/23 15:42:29:378 UTC]  INFO startup.StartupTasksExecutor: Database upgraded to version: 930
[02/06/23 15:42:29:379 UTC]  INFO startup.StartupTasksExecutor: Database upgraded to version: 935
[02/06/23 15:42:29:380 UTC]  INFO startup.StartupTasksExecutor: Database upgraded to version: 940
[02/06/23 15:42:29:381 UTC]  INFO startup.StartupTasksExecutor: Database upgraded to version: 945
[02/06/23 15:42:29:382 UTC]  INFO startup.StartupTasksExecutor: Database upgraded to version: 950
[02/06/23 15:42:29:383 UTC]  INFO startup.StartupTasksExecutor: Database upgraded to version: 1000
[02/06/23 15:42:29:384 UTC]  INFO startup.StartupTasksExecutor: Database upgraded to version: 1005
[02/06/23 15:42:29:385 UTC]  INFO startup.StartupTasksExecutor: Database upgraded to version: 1015
[02/06/23 15:42:29:386 UTC]  INFO startup.StartupTasksExecutor: Database upgraded to version: 1016
[02/06/23 15:42:29:387 UTC]  INFO startup.StartupTasksExecutor: Database upgraded to version: 1020
[02/06/23 15:42:29:388 UTC]  INFO startup.StartupTasksExecutor: Database upgraded to version: 1030
[02/06/23 15:42:29:388 UTC]  INFO startup.StartupTasksExecutor: Database upgraded to version: 1035
[02/06/23 15:42:29:389 UTC]  INFO startup.StartupTasksExecutor: Database upgraded to version: 1045
[02/06/23 15:42:29:390 UTC]  INFO startup.StartupTasksExecutor: Database upgraded to version: 1050
[02/06/23 15:42:29:391 UTC]  INFO startup.StartupTasksExecutor: Database upgraded to version: 1055
[02/06/23 15:42:29:392 UTC]  INFO startup.StartupTasksExecutor: Database upgraded to version: 1060
[02/06/23 15:42:29:393 UTC]  INFO startup.StartupTasksExecutor: Database upgraded to version: 1065
[02/06/23 15:42:29:394 UTC]  INFO startup.StartupTasksExecutor: Database upgraded to version: 1070
[02/06/23 15:42:29:395 UTC]  INFO startup.StartupTasksExecutor: Database upgraded to version: 1080
[02/06/23 15:42:29:396 UTC]  INFO startup.StartupTasksExecutor: Database upgraded to version: 1085
[02/06/23 15:42:29:396 UTC]  INFO startup.StartupTasksExecutor: Database upgraded to version: 1090
[02/06/23 15:42:29:397 UTC]  INFO startup.StartupTasksExecutor: Database upgraded to version: 1095
[02/06/23 15:42:29:398 UTC]  INFO startup.StartupTasksExecutor: Database upgraded to version: 1096
[02/06/23 15:42:29:399 UTC]  INFO startup.StartupTasksExecutor: Database upgraded to version: 3000
[02/06/23 15:42:29:400 UTC]  INFO startup.StartupTasksExecutor: Database upgraded to version: 3005
[02/06/23 15:42:29:401 UTC]  INFO startup.StartupTasksExecutor: Database upgraded to version: 3010
[02/06/23 15:42:29:402 UTC]  INFO startup.StartupTasksExecutor: Database upgraded to version: 3015
[02/06/23 15:42:29:402 UTC]  INFO startup.StartupTasksExecutor: Database upgraded to version: 3020
[02/06/23 15:42:29:403 UTC]  INFO startup.StartupTasksExecutor: Database upgraded to version: 3025
[02/06/23 15:42:29:404 UTC]  INFO startup.StartupTasksExecutor: Database upgraded to version: 3030
[02/06/23 15:42:29:406 UTC]  INFO startup.StartupTasksExecutor: Database upgraded to version: 3035
[02/06/23 15:42:29:407 UTC]  INFO startup.StartupTasksExecutor: Database upgraded to version: 3040
[02/06/23 15:42:29:408 UTC]  INFO startup.StartupTasksExecutor: Database upgraded to version: 3042
[02/06/23 15:42:29:408 UTC]  INFO startup.StartupTasksExecutor: Database upgraded to version: 3045
[02/06/23 15:42:29:409 UTC]  INFO startup.StartupTasksExecutor: Database upgraded to version: 3050
[02/06/23 15:42:29:411 UTC]  INFO startup.StartupTasksExecutor: Database upgraded to version: 3055
[02/06/23 15:42:29:415 UTC]  INFO startup.StartupTasksExecutor: Database upgraded to version: 3060
[02/06/23 15:42:29:416 UTC]  INFO startup.StartupTasksExecutor: Database upgraded to version: 3065
[02/06/23 15:42:29:421 UTC]  INFO startup.StartupTasksExecutor: Database upgraded to version: 3100
[02/06/23 15:42:29:423 UTC]  INFO startup.StartupTasksExecutor: Database upgraded to version: 3105
[02/06/23 15:42:29:424 UTC]  INFO startup.StartupTasksExecutor: Database upgraded to version: 3120
[02/06/23 15:42:29:424 UTC]  INFO startup.StartupTasksExecutor: Database upgraded to version: 3130
[02/06/23 15:42:29:425 UTC]  INFO startup.StartupTasksExecutor: Database upgraded to version: 3135
[02/06/23 15:42:29:427 UTC]  INFO startup.StartupTasksExecutor: Database upgraded to version: 3140
[02/06/23 15:42:29:428 UTC]  INFO startup.StartupTasksExecutor: Database upgraded to version: 3150
[02/06/23 15:42:29:429 UTC]  INFO startup.StartupTasksExecutor: Database upgraded to version: 3160
[02/06/23 15:42:29:431 UTC]  INFO startup.StartupTasksExecutor: Database upgraded to version: 3165
[02/06/23 15:42:29:433 UTC]  INFO startup.StartupTasksExecutor: Database upgraded to version: 3500
[02/06/23 15:42:29:433 UTC]  INFO startup.StartupTasksExecutor: Database upgraded to version: 3505
[02/06/23 15:42:29:434 UTC]  INFO startup.StartupTasksExecutor: Database upgraded to version: 3510
[02/06/23 15:42:29:435 UTC]  INFO startup.StartupTasksExecutor: Database upgraded to version: 3515
[02/06/23 15:42:29:436 UTC]  INFO startup.StartupTasksExecutor: Database upgraded to version: 3520
[02/06/23 15:42:29:437 UTC]  INFO startup.StartupTasksExecutor: Database upgraded to version: 3525
[02/06/23 15:42:29:438 UTC]  INFO startup.StartupTasksExecutor: Database upgraded to version: 3530
[02/06/23 15:42:29:439 UTC]  INFO startup.StartupTasksExecutor: Database upgraded to version: 3535
[02/06/23 15:42:29:442 UTC]  INFO startup.StartupTasksExecutor: Database upgraded to version: 3540
[02/06/23 15:42:29:443 UTC]  INFO startup.StartupTasksExecutor: Database upgraded to version: 3545
[02/06/23 15:42:29:444 UTC]  INFO startup.StartupTasksExecutor: Database upgraded to version: 3550
[02/06/23 15:42:29:446 UTC]  INFO startup.StartupTasksExecutor: Database upgraded to version: 3555
[02/06/23 15:42:29:446 UTC]  INFO startup.StartupTasksExecutor: Database upgraded to version: 3560
[02/06/23 15:42:29:448 UTC]  INFO startup.StartupTasksExecutor: Database upgraded to version: 3565
[02/06/23 15:42:29:449 UTC]  INFO startup.StartupTasksExecutor: Database upgraded to version: 3600
[02/06/23 15:42:29:450 UTC]  INFO startup.StartupTasksExecutor: Database upgraded to version: 3605
[02/06/23 15:42:29:451 UTC]  INFO startup.StartupTasksExecutor: Database upgraded to version: 3700
[02/06/23 15:42:29:452 UTC]  INFO startup.StartupTasksExecutor: Database upgraded to version: 3705
[02/06/23 15:42:29:452 UTC]  INFO startup.StartupTasksExecutor: Database upgraded to version: 3710
[02/06/23 15:42:29:453 UTC]  INFO startup.StartupTasksExecutor: Database upgraded to version: 3715
[02/06/23 15:42:29:454 UTC]  INFO startup.StartupTasksExecutor: Database upgraded to version: 3720
[02/06/23 15:42:29:455 UTC]  INFO startup.StartupTasksExecutor: Database upgraded to version: 3725
[02/06/23 15:42:29:456 UTC]  INFO startup.StartupTasksExecutor: Database upgraded to version: 3735
[02/06/23 15:42:29:458 UTC]  INFO startup.StartupTasksExecutor: Database upgraded to version: 3740
[02/06/23 15:42:29:458 UTC]  INFO startup.StartupTasksExecutor: Database upgraded to version: 3745
[02/06/23 15:42:29:459 UTC]  INFO startup.StartupTasksExecutor: Database upgraded to version: 3800
[02/06/23 15:42:29:460 UTC]  INFO startup.StartupTasksExecutor: Database upgraded to version: 4100
[02/06/23 15:42:29:461 UTC]  INFO startup.StartupTasksExecutor: Database upgraded to version: 4105
[02/06/23 15:42:29:462 UTC]  INFO startup.StartupTasksExecutor: Database upgraded to version: 4110
[02/06/23 15:42:29:463 UTC]  INFO startup.StartupTasksExecutor: Database upgraded to version: 4115
[02/06/23 15:42:29:463 UTC]  INFO startup.StartupTasksExecutor: Database upgraded to version: 4120
[02/06/23 15:42:29:464 UTC]  INFO startup.StartupTasksExecutor: Database upgraded to version: 4200
[02/06/23 15:42:29:465 UTC]  INFO startup.StartupTasksExecutor: Database upgraded to version: 4205
[02/06/23 15:42:29:466 UTC]  INFO startup.StartupTasksExecutor: Database upgraded to version: 4210
[02/06/23 15:42:29:467 UTC]  INFO startup.StartupTasksExecutor: Database upgraded to version: 4215
[02/06/23 15:42:29:467 UTC]  INFO startup.StartupTasksExecutor: Database upgraded to version: 4220
[02/06/23 15:42:29:468 UTC]  INFO startup.StartupTasksExecutor: Database upgraded to version: 4230
[02/06/23 15:42:29:469 UTC]  INFO startup.StartupTasksExecutor: Database upgraded to version: 4235
[02/06/23 15:42:29:470 UTC]  INFO startup.StartupTasksExecutor: Database upgraded to version: 4300
[02/06/23 15:42:29:471 UTC]  INFO startup.StartupTasksExecutor: Database upgraded to version: 4305
[02/06/23 15:42:29:472 UTC]  INFO startup.StartupTasksExecutor: Database upgraded to version: 4310
[02/06/23 15:42:29:472 UTC]  INFO startup.StartupTasksExecutor: Database upgraded to version: 4315
[02/06/23 15:42:29:473 UTC]  INFO startup.StartupTasksExecutor: Database upgraded to version: 4320
[02/06/23 15:42:29:477 UTC]  INFO startup.StartupTasksExecutor: Database upgraded to version: 4330
[02/06/23 15:42:29:477 UTC]  INFO startup.StartupTasksExecutor: Database upgraded to version: 4335
[02/06/23 15:42:29:478 UTC]  INFO startup.StartupTasksExecutor: Database upgraded to version: 4340
[02/06/23 15:42:29:479 UTC]  INFO startup.StartupTasksExecutor: Database upgraded to version: 4345
[02/06/23 15:42:29:480 UTC]  INFO startup.StartupTasksExecutor: Database upgraded to version: 4350
[02/06/23 15:42:29:481 UTC]  INFO startup.StartupTasksExecutor: Database upgraded to version: 4355
[02/06/23 15:42:29:482 UTC]  INFO startup.StartupTasksExecutor: Database upgraded to version: 4360
[02/06/23 15:42:29:483 UTC]  INFO startup.StartupTasksExecutor: Database upgraded to version: 4365
[02/06/23 15:42:29:483 UTC]  INFO startup.StartupTasksExecutor: Database upgraded to version: 4370
[02/06/23 15:42:29:484 UTC]  INFO startup.StartupTasksExecutor: Database upgraded to version: 4375
[02/06/23 15:42:29:485 UTC]  INFO startup.StartupTasksExecutor: Database upgraded to version: 4380
[02/06/23 15:42:29:486 UTC]  INFO startup.StartupTasksExecutor: Database upgraded to version: 4385
[02/06/23 15:42:29:487 UTC]  INFO startup.StartupTasksExecutor: Database upgraded to version: 4390
[02/06/23 15:42:29:488 UTC]  INFO startup.StartupTasksExecutor: Database upgraded to version: 5030
[02/06/23 15:42:29:489 UTC]  INFO startup.StartupTasksExecutor: Database upgraded to version: 5035
[02/06/23 15:42:29:489 UTC]  INFO startup.StartupTasksExecutor: Database upgraded to version: 5040
[02/06/23 15:42:29:490 UTC]  INFO startup.StartupTasksExecutor: Database upgraded to version: 5050
[02/06/23 15:42:29:492 UTC]  INFO startup.StartupTasksExecutor: Database upgraded to version: 5060
[02/06/23 15:42:29:493 UTC]  INFO startup.StartupTasksExecutor: Database upgraded to version: 5070
[02/06/23 15:42:29:493 UTC]  INFO startup.StartupTasksExecutor: Database upgraded to version: 5080
[02/06/23 15:42:29:494 UTC]  INFO startup.StartupTasksExecutor: Database upgraded to version: 5150
[02/06/23 15:42:29:495 UTC]  INFO startup.StartupTasksExecutor: Database upgraded to version: 5160
[02/06/23 15:42:29:496 UTC]  INFO startup.StartupTasksExecutor: Database upgraded to version: 5165
[02/06/23 15:42:29:497 UTC]  INFO startup.StartupTasksExecutor: Database upgraded to version: 5170
[02/06/23 15:42:29:498 UTC]  INFO startup.StartupTasksExecutor: Database upgraded to version: 5175
[02/06/23 15:42:29:502 UTC]  INFO startup.StartupTasksExecutor: Database upgraded to version: 5180
[02/06/23 15:42:29:502 UTC]  INFO startup.StartupTasksExecutor: Database upgraded to version: 5190
[02/06/23 15:42:29:503 UTC]  INFO startup.StartupTasksExecutor: Database upgraded to version: 5195
[02/06/23 15:42:29:504 UTC]  INFO startup.StartupTasksExecutor: Database upgraded to version: 5200
[02/06/23 15:42:29:504 UTC]  INFO startup.StartupTasksExecutor: Database upgraded to version: 5210
[02/06/23 15:42:29:505 UTC]  INFO startup.StartupTasksExecutor: Database upgraded to version: 5215
[02/06/23 15:42:29:506 UTC]  INFO startup.StartupTasksExecutor: Database upgraded to version: 5220
[02/06/23 15:42:29:507 UTC]  INFO startup.StartupTasksExecutor: Database upgraded to version: 5225
[02/06/23 15:42:29:507 UTC]  INFO startup.StartupTasksExecutor: Database upgraded to version: 5300
[02/06/23 15:42:29:508 UTC]  INFO startup.StartupTasksExecutor: Database upgraded to version: 5305
[02/06/23 15:42:29:509 UTC]  INFO startup.StartupTasksExecutor: Database upgraded to version: 5350
[02/06/23 15:42:29:509 UTC]  INFO startup.StartupTasksExecutor: Database upgraded to version: 5370
[02/06/23 15:42:29:510 UTC]  INFO startup.StartupTasksExecutor: Database upgraded to version: 5380
[02/06/23 15:42:29:511 UTC]  INFO startup.StartupTasksExecutor: Database upgraded to version: 5390
[02/06/23 15:42:29:512 UTC]  INFO startup.StartupTasksExecutor: Database upgraded to version: 5395
[02/06/23 15:42:29:513 UTC]  INFO startup.StartupTasksExecutor: Database upgraded to version: 201013
[02/06/23 15:42:29:513 UTC]  INFO startup.StartupTasksExecutor: Database upgraded to version: 201014
[02/06/23 15:42:29:514 UTC]  INFO startup.StartupTasksExecutor: Database upgraded to version: 201102
[02/06/23 15:42:29:515 UTC]  INFO startup.StartupTasksExecutor: Database upgraded to version: 210218
[02/06/23 15:42:29:516 UTC]  INFO startup.StartupTasksExecutor: Database upgraded to version: 210316
[02/06/23 15:42:29:516 UTC]  INFO startup.StartupTasksExecutor: Database upgraded to version: 210319
[02/06/23 15:42:29:517 UTC]  INFO startup.StartupTasksExecutor: Database upgraded to version: 210321
[02/06/23 15:42:29:518 UTC]  INFO startup.StartupTasksExecutor: Database upgraded to version: 210506
[02/06/23 15:42:29:518 UTC]  INFO startup.StartupTasksExecutor: Database upgraded to version: 210510
[02/06/23 15:42:29:519 UTC]  INFO startup.StartupTasksExecutor: Database upgraded to version: 210520
[02/06/23 15:42:29:520 UTC]  INFO startup.StartupTasksExecutor: Database upgraded to version: 210527
[02/06/23 15:42:29:521 UTC]  INFO startup.StartupTasksExecutor: Database upgraded to version: 210719
[02/06/23 15:42:29:522 UTC]  INFO startup.StartupTasksExecutor: Database upgraded to version: 210802
[02/06/23 15:42:29:522 UTC]  INFO startup.StartupTasksExecutor: Database upgraded to version: 210805
[02/06/23 15:42:29:526 UTC]  INFO startup.StartupTasksExecutor: Database upgraded to version: 210816
[02/06/23 15:42:29:526 UTC]  INFO startup.StartupTasksExecutor: Database upgraded to version: 210901
[02/06/23 15:42:29:527 UTC]  INFO startup.StartupTasksExecutor: Database upgraded to version: 211007
[02/06/23 15:42:29:527 UTC]  INFO startup.StartupTasksExecutor: Database upgraded to version: 211012
[02/06/23 15:42:29:528 UTC]  INFO startup.StartupTasksExecutor: Database upgraded to version: 211020
[02/06/23 15:42:29:528 UTC]  INFO startup.StartupTasksExecutor: Database upgraded to version: 211101
[02/06/23 15:42:29:528 UTC]  INFO startup.StartupTasksExecutor: Database upgraded to version: 211103
[02/06/23 15:42:29:528 UTC]  INFO startup.StartupTasksExecutor: Database upgraded to version: 220202
[02/06/23 15:42:29:529 UTC]  INFO startup.StartupTasksExecutor: Database upgraded to version: 220203
[02/06/23 15:42:29:530 UTC]  INFO startup.StartupTasksExecutor: Database upgraded to version: 220214
[02/06/23 15:42:29:531 UTC]  INFO startup.StartupTasksExecutor: Database upgraded to version: 220215
[02/06/23 15:42:29:531 UTC]  INFO startup.StartupTasksExecutor: Database upgraded to version: 220330
[02/06/23 15:42:29:533 UTC]  INFO startup.StartupTasksExecutor: Database upgraded to version: 220401
[02/06/23 15:42:29:535 UTC]  INFO startup.StartupTasksExecutor: Database upgraded to version: 220402
[02/06/23 15:42:29:536 UTC]  INFO startup.StartupTasksExecutor: Database upgraded to version: 220413
[02/06/23 15:42:29:537 UTC]  INFO startup.StartupTasksExecutor: Database upgraded to version: 220512
[02/06/23 15:42:29:537 UTC]  INFO startup.StartupTasksExecutor: Database upgraded to version: 220606
[02/06/23 15:42:29:538 UTC]  INFO startup.StartupTasksExecutor: Database upgraded to version: 220822
[02/06/23 15:42:29:539 UTC]  INFO startup.StartupTasksExecutor: Database upgraded to version: 220824
[02/06/23 15:42:29:540 UTC]  INFO startup.StartupTasksExecutor: Database upgraded to version: 220825
[02/06/23 15:42:29:541 UTC]  INFO startup.StartupTasksExecutor: Database upgraded to version: 220829
[02/06/23 15:42:29:542 UTC]  INFO startup.StartupTasksExecutor: Database upgraded to version: 220912
[02/06/23 15:42:29:543 UTC]  INFO startup.StartupTasksExecutor: Database upgraded to version: 220928
[02/06/23 15:42:29:544 UTC]  INFO startup.StartupTasksExecutor: Database upgraded to version: 221007
[02/06/23 15:42:29:544 UTC]  INFO startup.StartupTasksExecutor: Database upgraded to version: 221018
[02/06/23 15:42:29:546 UTC]  INFO startup.StartupTasksExecutor: Database upgraded to version: 230110
[02/06/23 15:42:29:547 UTC]  INFO startup.StartupTasksExecutor: Database upgraded to version: 230119
[02/06/23 15:42:29:547 UTC]  INFO startup.StartupTasksExecutor: Database upgraded to version: 230328
[02/06/23 15:42:29:548 UTC]  INFO startup.StartupTasksExecutor: Database upgraded to version: 230426
[02/06/23 15:42:29:548 UTC]  INFO reindex.ReindexThread: --- Unpausing reindex thread 
[02/06/23 15:42:29:548 UTC]  INFO startup.StartupTasksExecutor: Finishing upgrade tasks.
[02/06/23 15:42:29:548 UTC]  INFO startup.StartupTasksExecutor: Running Backported Tasks
[02/06/23 15:42:29:548 UTC]  INFO startup.StartupTasksExecutor: Finishing Backported tasks.
[02/06/23 15:42:29:563 UTC]  INFO util.Config: Setting property: CACHE_BINDPORT to 5701
[02/06/23 15:42:29:577 UTC]  INFO cluster.ClusterFactory: Cluster topography has changed. This might force a rewire
[02/06/23 15:42:29:577 UTC]  INFO cluster.ClusterFactory: Expecting Servers:[]
[02/06/23 15:42:29:601 UTC]  INFO cluster.ClusterFactory: Found Servers:[server={serverId=f7c6009c-2c26-4f6c-9bbd-c6dd5bddf330, clusterId=0f24f7465f, ipAddress=172.18.0.3, host=null, name=a0ae4bb9b85d, esTransportTcpPort=null, esNetworkPort=null, esHttpPort=9200, cachePort=5701, lastHeartBeat=1685720549571, key=null, licenseSerial=1cfc7c95-9fe0-4dcb-abe7-c31b9f0517fd, startupTime=0}]
[02/06/23 15:42:29:601 UTC]  INFO cluster.ClusterFactory: Cluster Active. Rewiring
[02/06/23 15:42:29:604 UTC]  INFO business.ChainableCacheAdministratorImpl: ***	 Cluster Update
[02/06/23 15:42:29:604 UTC]  INFO transport.PubSubCacheTransport: initing PubSubCacheTransport
[02/06/23 15:42:29:607 UTC]  INFO dotpubsub.PostgresPubSubImpl: Starting PostgresPubSub. Have servers:1
[02/06/23 15:42:29:607 UTC]  INFO dotpubsub.PostgresPubSubImpl: PGNotificationListener connecting to pub/sub...
[02/06/23 15:42:30:426 UTC]  INFO dotpubsub.PostgresPubSubImpl:  - LISTEN dotcache_topic
[02/06/23 15:42:30:445 UTC]  INFO transport.PubSubCacheTransport: Sending PING to cluster 
[02/06/23 15:42:30:452 UTC]  INFO license.LicenseManager: Updating server f7c6009c-2c26-4f6c-9bbd-c6dd5bddf330 start time to 1685720505759
[02/06/23 15:42:30:454 UTC]  INFO servlet.MainServlet: SuppressPropertiesBeanIntrospector enabled for legacy Struts applications
[02/06/23 15:42:30:466 UTC]  INFO transport.CacheTransportTopic: Got PING from server:f7c6009c2c. sending PONG
[02/06/23 15:42:30:467 UTC]  INFO transport.CacheTransportTopic: Got PONG from server:{"t":"PONG","top":"dotcache_topic","o":"f7c6009c2c"}.
[02/06/23 15:42:30:654 UTC]  INFO config.DotInitializationService: Initializing DotCMS services
[02/06/23 15:42:30:656 UTC]  INFO config.DotInitializationService: Initializing :com.dotcms.api.system.event.SystemEventProcessorFactoryInitializer
[02/06/23 15:42:30:658 UTC]  INFO config.DotInitializationService: Initializing Done:com.dotcms.api.system.event.SystemEventProcessorFactoryInitializer, duration:0 seconds
[02/06/23 15:42:30:659 UTC]  INFO config.DotInitializationService: Initializing :com.dotcms.api.system.event.PayloadVerifierFactoryInitializer
[02/06/23 15:42:30:664 UTC]  INFO config.DotInitializationService: Initializing Done:com.dotcms.api.system.event.PayloadVerifierFactoryInitializer, duration:0 seconds
[02/06/23 15:42:30:665 UTC]  INFO config.DotInitializationService: Initializing :com.dotcms.system.event.local.business.LocalSystemEventSubscribersInitializer
[02/06/23 15:42:30:755 UTC]  INFO config.DotInitializationService: Initializing Done:com.dotcms.system.event.local.business.LocalSystemEventSubscribersInitializer, duration:0 seconds
[02/06/23 15:42:30:757 UTC]  INFO config.DotInitializationService: Initializing :com.dotmarketing.portlets.personas.business.PersonaAPIImpl
[02/06/23 15:42:30:760 UTC]  INFO config.DotInitializationService: Initializing Done:com.dotmarketing.portlets.personas.business.PersonaAPIImpl, duration:0 seconds
[02/06/23 15:42:30:761 UTC]  INFO config.DotInitializationService: Initializing :com.dotcms.rendering.velocity.events.ExceptionHandlersInitializer
[02/06/23 15:42:30:764 UTC]  INFO config.DotInitializationService: Initializing Done:com.dotcms.rendering.velocity.events.ExceptionHandlersInitializer, duration:0 seconds
[02/06/23 15:42:30:765 UTC]  INFO config.DotInitializationService: Initializing :com.dotcms.publishing.PublisherAPIImpl
[02/06/23 15:42:30:767 UTC]  INFO publishing.PublisherAPIImpl: Push Publishing Filters directory does not exist. Creating it under: /data/shared/assets/server/publishing-filters
[02/06/23 15:42:30:770 UTC]  INFO publishing.PublisherAPIImpl: dotcms filters files copied
[02/06/23 15:42:30:771 UTC]  INFO publishing.PublisherAPIImpl: Push Publishing Filters Directory: Lazy(/data/shared/assets/server/publishing-filters)
[02/06/23 15:42:30:773 UTC]  INFO publishing.PublisherAPIImpl: Loading Push Publish Filter: ShallowPush.yml
[02/06/23 15:42:30:869 UTC]  INFO publishing.PublisherAPIImpl: FilterDescriptor{key=ShallowPush.yml, title=Only Selected Items, sort=5, default=false, roles=DOTCMS_BACK_END_USER, filters{{excludeQuery=, excludeClasses=[], dependencies=false, excludeDependencyQuery=, excludeDependencyClasses=[], forcePush=false, relationships=false}}}
[02/06/23 15:42:30:871 UTC]  INFO publishing.PublisherAPIImpl: Loading Push Publish Filter: Intelligent.yml
[02/06/23 15:42:30:873 UTC]  INFO publishing.PublisherAPIImpl: FilterDescriptor{key=Intelligent.yml, title=Everything and Dependencies, sort=3, default=true, roles=DOTCMS_BACK_END_USER, filters{{excludeQuery=, excludeClasses=[], dependencies=true, excludeDependencyQuery=, excludeDependencyClasses=[], forcePush=false, relationships=true}}}
[02/06/23 15:42:30:873 UTC]  INFO publishing.PublisherAPIImpl: Loading Push Publish Filter: ForcePush.yml
[02/06/23 15:42:30:874 UTC]  INFO publishing.PublisherAPIImpl: FilterDescriptor{key=ForcePush.yml, title=Force Push Everything, sort=4, default=false, roles=DOTCMS_BACK_END_USER, filters{{excludeQuery=, excludeClasses=[], dependencies=true, excludeDependencyQuery=, excludeDependencyClasses=[], forcePush=true, relationships=true}}}
[02/06/23 15:42:30:874 UTC]  INFO publishing.PublisherAPIImpl: Loading Push Publish Filter: ContentOnly.yml
[02/06/23 15:42:30:877 UTC]  INFO publishing.PublisherAPIImpl: FilterDescriptor{key=ContentOnly.yml, title=Content and Relationships, sort=1, default=false, roles=DOTCMS_BACK_END_USER, filters{{excludeQuery=, excludeClasses=[ContentType, Template, Containers, Folder, Host, Links, Workflow, Language, Rule, User, OSGI], dependencies=true, excludeDependencyQuery=, excludeDependencyClasses=[ContentType, Template, Containers, Folder, Host, Links, Workflow, Language, Rule], forcePush=false, relationships=true}}}
[02/06/23 15:42:30:877 UTC]  INFO publishing.PublisherAPIImpl: Loading Push Publish Filter: WebContentOnly.yml
[02/06/23 15:42:30:878 UTC]  INFO publishing.PublisherAPIImpl: FilterDescriptor{key=WebContentOnly.yml, title=Content, Assets and Pages, sort=2, default=false, roles=DOTCMS_BACK_END_USER, filters{{excludeQuery=, excludeClasses=[Host, Workflow, ContentType, User, OSGI, Language], dependencies=true, excludeDependencyQuery=, excludeDependencyClasses=[Host, Workflow, ContentType, Language], forcePush=false, relationships=true}}}
[02/06/23 15:42:30:881 UTC]  INFO config.DotInitializationService: Initializing Done:com.dotcms.publishing.PublisherAPIImpl, duration:0 seconds
[02/06/23 15:42:30:881 UTC]  INFO config.DotInitializationService: Initializing :com.dotmarketing.portlets.containers.business.ContainerAPIImpl
[02/06/23 15:42:30:884 UTC]  INFO config.DotInitializationService: Initializing Done:com.dotmarketing.portlets.containers.business.ContainerAPIImpl, duration:0 seconds
[02/06/23 15:42:30:884 UTC]  INFO config.DotInitializationService: Initializing :com.dotmarketing.business.ThemeAPIImpl
[02/06/23 15:42:30:886 UTC]  INFO config.DotInitializationService: Initializing Done:com.dotmarketing.business.ThemeAPIImpl, duration:0 seconds
[02/06/23 15:42:30:886 UTC]  INFO config.DotInitializationService: Initializing :com.dotmarketing.portlets.templates.business.TemplateAPIImpl
[02/06/23 15:42:30:889 UTC]  INFO config.DotInitializationService: Initializing Done:com.dotmarketing.portlets.templates.business.TemplateAPIImpl, duration:0 seconds
[02/06/23 15:42:30:889 UTC]  INFO config.DotInitializationService: Initializing :com.dotcms.contenttype.business.ContentTypeInitializer
[02/06/23 15:42:30:897 UTC]  INFO config.DotInitializationService: Initializing Done:com.dotcms.contenttype.business.ContentTypeInitializer, duration:0 seconds
[02/06/23 15:42:30:897 UTC]  INFO config.DotInitializationService: Initializing :com.dotcms.variant.business.DefaultVariantInitializer
[02/06/23 15:42:33:912 UTC]  INFO config.DotInitializationService: Initializing Done:com.dotcms.variant.business.DefaultVariantInitializer, duration:3 seconds
[02/06/23 15:42:33:912 UTC]  INFO startup.StartupTasksExecutor: ---
[02/06/23 15:42:33:912 UTC]  INFO startup.StartupTasksExecutor: 
[02/06/23 15:42:33:912 UTC]  INFO startup.StartupTasksExecutor: Running Data Upgrade Tasks
[02/06/23 15:42:33:913 UTC]  INFO startup.StartupTasksExecutor: Database data version: 0
[02/06/23 15:42:33:914 UTC]  INFO startup.StartupTasksExecutor: Data upgraded to version: 230320
[02/06/23 15:42:33:914 UTC]  INFO startup.StartupTasksExecutor: Finishing data upgrade tasks.
[02/06/23 15:42:33:934 UTC]  INFO servlets.StartupLogger: InitServlet: Setting Default Timezone: Coordinated Universal Time
[02/06/23 15:42:33:935 UTC]  INFO servlets.StartupLogger: 
[02/06/23 15:42:33:935 UTC]  INFO servlets.StartupLogger:    Initializing dotCMS
[02/06/23 15:42:33:937 UTC]  INFO servlets.StartupLogger:    Using database: PostgreSQL
[02/06/23 15:42:33:937 UTC]  INFO servlets.StartupLogger:    Using dialect : com.dotcms.repackage.net.sf.hibernate.dialect.PostgreSQLDialect
[02/06/23 15:42:33:938 UTC]  INFO servlets.StartupLogger:    Company Name  : dotcms.org
[02/06/23 15:42:33:938 UTC]  INFO servlets.StartupLogger: 
[02/06/23 15:42:33:939 UTC]  INFO servlets.StartupLogger:    License       : PLATFORM EDITION
[02/06/23 15:42:33:939 UTC]  INFO servlets.StartupLogger:    Licensed to   : dotCMS Internal
[02/06/23 15:42:33:940 UTC]  INFO servlets.StartupLogger:    Server id     : f7c6009c
[02/06/23 15:42:33:940 UTC]  INFO servlets.StartupLogger:    License id    : 1cfc7c95
[02/06/23 15:42:33:940 UTC]  INFO servlets.StartupLogger:    Expires       : Thu, 20 Aug 2099 04:00 AM
[02/06/23 15:42:33:940 UTC]  INFO servlets.StartupLogger: 
[02/06/23 15:42:33:942 UTC]  INFO servlets.InitServlet: 
[02/06/23 15:42:33:942 UTC]  INFO servlets.InitServlet: 
[02/06/23 15:42:33:970 UTC]  INFO business.VanityUrlAPIImpl: Populating 0 Vanity URLs for Site default
[02/06/23 15:42:33:972 UTC]  INFO business.VanityUrlAPIImpl: Populating 0 Vanity URLs for Site System Host
[02/06/23 15:42:33:974 UTC]  INFO business.VanityUrlAPIImpl: Populating 0 Vanity URLs for Site System Host
[02/06/23 15:42:34:035 UTC]  INFO impl.StdSchedulerFactory: Using default implementation for ThreadExecutor
[02/06/23 15:42:34:038 UTC]  INFO simpl.SimpleThreadPool: Job execution threads will use class loader of thread: main
[02/06/23 15:42:34:057 UTC]  INFO core.SchedulerSignalerImpl: Initialized Scheduler Signaller of type: class org.quartz.core.SchedulerSignalerImpl
[02/06/23 15:42:34:065 UTC]  INFO core.QuartzScheduler: Quartz Scheduler v.1.8.6 created.
[02/06/23 15:42:34:071 UTC]  INFO quartz.DotJobStore: Using db table-based data access locking (synchronization).
[02/06/23 15:42:34:075 UTC]  INFO quartz.DotJobStore: JobStoreCMT initialized.
[02/06/23 15:42:34:076 UTC]  INFO core.QuartzScheduler: Scheduler meta-data: Quartz Scheduler (v1.8.6) 'dotCMSQuartz' with instanceId 'NON_CLUSTERED'
  Scheduler class: 'org.quartz.core.QuartzScheduler' - running locally.
  NOT STARTED.
  Currently in standby mode.
  Number of jobs executed: 0
  Using thread pool 'org.quartz.simpl.SimpleThreadPool' - with 10 threads.
  Using job-store 'com.dotmarketing.quartz.DotJobStore' - which supports persistence. and is clustered.

[02/06/23 15:42:34:077 UTC]  INFO impl.StdSchedulerFactory: Quartz scheduler 'dotCMSQuartz' initialized from an externally provided properties instance.
[02/06/23 15:42:34:077 UTC]  INFO impl.StdSchedulerFactory: Quartz scheduler version: 1.8.6
[02/06/23 15:42:34:079 UTC]  INFO init.DotInitScheduler: Automatic Content Reindexation Cron Thread schedule disabled on this server
[02/06/23 15:42:34:079 UTC]  INFO init.DotInitScheduler: Deleting ContentReindexerJob Job
[02/06/23 15:42:34:086 UTC]  INFO init.DotInitScheduler: Users To Delete Cron Thread schedule disabled on this server
[02/06/23 15:42:34:086 UTC]  INFO init.DotInitScheduler: Deleting UsersToDeleteJob Job
[02/06/23 15:42:34:140 UTC]  INFO init.DotInitScheduler: LinkCheckerJob Cron Job schedule disabled on this server
[02/06/23 15:42:34:198 UTC]  INFO job.AccessTokenRenewJob$AccessTokensRenewJobScheduler: Stateful AnalyticsAccessTokenRenewJob (trigger31:group31) job was schedule to run at Fri Jun 02 15:43:00 UTC 2023
[02/06/23 15:42:34:218 UTC]  INFO core.QuartzScheduler: Scheduler dotCMSQuartz_$_NON_CLUSTERED started.
[02/06/23 15:42:34:275 UTC]  INFO runtime.ConcurrentParserPoolImpl: Initializing Velocity Parser Pool - min: 20 max:100 @ main
[02/06/23 15:42:34:396 UTC]  INFO servlets.InitServlet: Starting System OSGi Framework
[02/06/23 15:42:34:402 UTC]  INFO reindex.ReindexThread: --- Unpausing reindex thread 
[02/06/23 15:42:34:410 UTC]  INFO servlets.InitServlet: Starting Client OSGi Framework
[02/06/23 15:42:34:411 UTC]  INFO servlets.BinaryExporterServlet: Exporter "Content Image Fields Resizer" registered for path /resize-image
[02/06/23 15:42:34:413 UTC]  INFO servlets.BinaryExporterServlet: Exporter "Export Field Content" registered for path /raw-data
[02/06/23 15:42:34:414 UTC]  INFO servlets.BinaryExporterServlet: Exporter "Image Filter Exporter" registered for path /image
[02/06/23 15:42:34:415 UTC]  INFO servlets.BinaryExporterServlet: Exporter "Image Thumbnail Field Exporter" registered for path /image-thumbnail
[02/06/23 15:42:34:422 UTC]  INFO dotpubsub.PostgresPubSubImpl: Starting PostgresPubSub. Have servers:1
[02/06/23 15:42:34:423 UTC]  INFO dotpubsub.PostgresPubSubImpl: PGNotificationListener already connected. Returning
[02/06/23 15:42:34:424 UTC]  INFO dotpubsub.PostgresPubSubImpl:  - LISTEN dotcache_topic
[02/06/23 15:42:34:427 UTC]  INFO dotpubsub.PostgresPubSubImpl:  - LISTEN osgi_restart_topic
[02/06/23 15:42:34:429 UTC]  INFO framework.OSGIUtil: Felix base dir: /srv/dotserver/tomcat-9.0.60/webapps/ROOT/WEB-INF/felix
[02/06/23 15:42:34:430 UTC]  INFO framework.OSGIUtil: Found property  felix.auto.deploy.action=install,start
[02/06/23 15:42:34:430 UTC]  INFO framework.OSGIUtil: Found property  felix.fileinstall.log.level=3
[02/06/23 15:42:34:430 UTC]  INFO framework.OSGIUtil: Found property  felix.org.osgi.framework.startlevel.beginning=2
[02/06/23 15:42:34:430 UTC]  INFO framework.OSGIUtil: Found property  felix.org.osgi.framework.storage.clean=onFirstInit
[02/06/23 15:42:34:430 UTC]  INFO framework.OSGIUtil: Found property  felix.log.level=3
[02/06/23 15:42:34:430 UTC]  INFO framework.OSGIUtil: Found property  felix.cache.locking=false
[02/06/23 15:42:34:431 UTC]  INFO framework.OSGIUtil: Found property  felix.upload.dir=/data/shared/felix/upload
[02/06/23 15:42:34:431 UTC]  INFO framework.OSGIUtil: Found property  felix.fileinstall.dir=/data/shared/felix/load
[02/06/23 15:42:34:431 UTC]  INFO framework.OSGIUtil: Found property  felix.undeployed.dir=/data/shared/felix/undeployed
[02/06/23 15:42:34:434 UTC]  INFO framework.OSGIUtil: Building Directory:/srv/dotserver/tomcat-9.0.60/webapps/ROOT/WEB-INF/felix
[02/06/23 15:42:34:434 UTC]  INFO framework.OSGIUtil: Building Directory:/data/shared/felix/upload
[02/06/23 15:42:34:434 UTC]  INFO framework.OSGIUtil: Building Directory:/data/shared/felix/load
[02/06/23 15:42:34:434 UTC]  INFO framework.OSGIUtil: Building Directory:/data/shared/felix/undeployed
[02/06/23 15:42:34:434 UTC]  INFO framework.OSGIUtil: Building Directory:/srv/dotserver/tomcat-9.0.60/webapps/ROOT/WEB-INF/felix/bundle
[02/06/23 15:42:34:434 UTC]  INFO framework.OSGIUtil: Building Directory:/srv/dotserver/tomcat-9.0.60/webapps/ROOT/WEB-INF/felix/felix-cache
[02/06/23 15:42:34:441 UTC]  INFO framework.OSGIUtil: Starting the osgi reload on folder: /data/shared/felix/upload
[02/06/23 15:42:34:457 UTC]  INFO framework.OSGIUtil: Loading Factory org.apache.felix.framework.FrameworkFactory
[02/06/23 15:42:34:818 UTC]  INFO framework.OSGIUtil: osgi felix framework started
[02/06/23 15:42:35:177 UTC]  WARN util.FileUtil:  Fail to remove destination dir [/data/local/dotsecure/trash/h22/20230602154235177/2023-06-02_15-42-15]
[02/06/23 15:42:35:178 UTC]  WARN util.FileUtil:  Fail to remove destination dir [/data/local/dotsecure/trash/h22/20230602154235177/2023-06-02_15-42-03]
[02/06/23 15:42:35:250 UTC]  WARN util.FileUtil:  Fail to remove destination dir [/data/local/dotsecure/trash/h22/20230602154235250/2023-06-02_15-42-15]
[02/06/23 15:42:35:251 UTC]  WARN util.FileUtil:  Fail to remove destination dir [/data/local/dotsecure/trash/h22/20230602154235250/2023-06-02_15-42-03]
[02/06/23 15:42:37:261 UTC]  INFO apps.SecretsKeyStoreHelper: KeyStore loaded successfully after `1` tries.
[02/06/23 15:42:37:299 UTC]  INFO apps.SecretsKeyStoreHelper: KeyStore loaded successfully after `1` tries.
[02/06/23 15:42:37:332 UTC]  WARN struts.MultiMessageResources: Duplicate resource property definition (key=was ==> is now): contenttypes.content.copy=Copy ==> Copy
[02/06/23 15:42:37:335 UTC]  WARN struts.MultiMessageResources: Duplicate resource property definition (key=was ==> is now): message.category.import=Importing Categories.  This operation cannot be cancelled or undone. ==> IMPORT
[02/06/23 15:42:37:336 UTC]  WARN struts.MultiMessageResources: Duplicate resource property definition (key=was ==> is now): message.containers.create.content_type_code=Content Type Code ==> Content Type Code
[02/06/23 15:42:37:338 UTC]  WARN struts.MultiMessageResources: Duplicate resource property definition (key=was ==> is now): Save=Save ==> Save
[02/06/23 15:42:37:339 UTC]  WARN struts.MultiMessageResources: Duplicate resource property definition (key=was ==> is now): Move=Move ==> Move
[02/06/23 15:42:37:340 UTC]  WARN struts.MultiMessageResources: Duplicate resource property definition (key=was ==> is now): archived=archived ==> Archived
[02/06/23 15:42:37:405 UTC]  INFO saml.DotSamlProxyFactory: SAML Osgi Bundle has been started
[02/06/23 15:42:37:414 UTC]  WARN impl.SamlConfigurationServiceImpl: The /data/shared/assets/saml/dotcms-saml-default.properties does not exists or can not read
[02/06/23 15:42:37:525 UTC]  INFO apps.SecretsKeyStoreHelper: KeyStore loaded successfully after `1` tries.
[02/06/23 15:42:37:585 UTC]  INFO util.GeoIp2CityDbUtil: Connecting to GeoIP2 database:/srv/dotserver/tomcat-9.0.60/webapps/ROOT/WEB-INF/geoip2/GeoLite2-City.mmdb
[02/06/23 15:42:37:629 UTC]  WARN rules.RulesAPIImpl: Actionlet with name 'CountRulesActionlet' already registered.
[02/06/23 15:42:37:629 UTC]  WARN rules.RulesAPIImpl: Actionlet with name 'SetSessionAttributeActionlet' already registered.
[02/06/23 15:42:37:630 UTC]  WARN rules.RulesAPIImpl: Actionlet with name 'SetRequestAttributeActionlet' already registered.
[02/06/23 15:42:37:630 UTC]  WARN rules.RulesAPIImpl: Actionlet with name 'SetResponseHeaderActionlet' already registered.
[02/06/23 15:42:37:630 UTC]  WARN rules.RulesAPIImpl: Actionlet with name 'PersonaActionlet' already registered.
[02/06/23 15:42:37:631 UTC]  WARN rules.RulesAPIImpl: Actionlet with name 'VisitorTagsActionlet' already registered.
[02/06/23 15:42:37:631 UTC]  WARN rules.RulesAPIImpl: Actionlet with name 'SendRedirectActionlet' already registered.
[02/06/23 15:42:37:631 UTC]  WARN rules.RulesAPIImpl: Actionlet with name 'StopProcessingActionlet' already registered.
[02/06/23 15:42:41:562 UTC]  INFO util.SecurityLogger: class com.dotmarketing.cms.login.factories.LoginFactory : User (dotcms.org.1) password was re-hashed 600000 times -- ip:172.18.0.1,user:null
[02/06/23 15:42:45:006 UTC]  WARN auth.PrincipalThreadLocal: getName null
[02/06/23 15:42:45:010 UTC]  INFO util.SecurityLogger: class com.dotcms.cms.login.LoginServiceAPIFactory$LoginServiceImpl : User dotcms.org.1 has successfully login from IP: 172.18.0.1 -- ip:172.18.0.1,user:Admin User [ID: dotcms.org.1][email:admin@dotcms.com]
[02/06/23 15:42:45:020 UTC]  INFO util.PushPublishLogger: class com.dotcms.publisher.business.PublishAuditStatus : Status Update: Pending.
[02/06/23 15:42:45:265 UTC]  INFO rest.PushPublisherJob: Started bundle publish process
[02/06/23 15:42:45:266 UTC]  INFO util.PushPublishLogger: class com.dotcms.rest.PushPublisherJob : [BundleID: _dotPageContent_test-01FNRS68FETJPPDHY6PJ9SA9ZQ.tar.gz] Started bundle publish process
[02/06/23 15:42:45:826 UTC]  INFO util.ActivityLogger: class com.dotcms.content.elasticsearch.business.ESContentletAPIImpl: System Host : Saving Content , StartDate: N/D; EndDate: N/D; User:system; ContentIdentifier: 48190c8c-42c4-46af-8d1a-0cd5db894797
[02/06/23 15:42:45:839 UTC]  INFO business.IdentifierAPIImpl: Creating new identifier for versionable asset of type `content` and title `demo.dotcms.com` 
[02/06/23 15:42:45:903 UTC]  INFO business.ContentletIndexAPIImpl: Indexing: 48190c8c-42c4-46af-8d1a-0cd5db894797 : demo.dotcms.com, includeDependencies: true, policy: FORCE
[02/06/23 15:42:45:988 UTC]  INFO util.ActivityLogger: class com.dotcms.content.elasticsearch.business.ESContentletAPIImpl: System Host : Content Saved , StartDate: N/D; EndDate: N/D; User:system; ContentIdentifier: 48190c8c-42c4-46af-8d1a-0cd5db894797
[02/06/23 15:42:46:047 UTC]  INFO business.ContentletIndexAPIImpl: Indexing: 48190c8c-42c4-46af-8d1a-0cd5db894797 : demo.dotcms.com, includeDependencies: false, policy: FORCE
[02/06/23 15:42:46:050 UTC]  INFO util.PushPublishLogger: class com.dotcms.enterprise.publishing.remote.handler.ContentHandler : [BundleID: _dotPageContent_test-01FNRS68FETJPPDHY6PJ9SA9ZQ.tar.gz] Host publish success, ID: 48190c8c-42c4-46af-8d1a-0cd5db894797, Inode: 6e8aca39-937c-437e-91d8-d46b631bdcc8, Name: demo.dotcms.com
[02/06/23 15:42:46:105 UTC]  INFO util.ActivityLogger: class com.dotcms.content.elasticsearch.business.ESContentletAPIImpl: System Host : Locking Content , StartDate: N/D; EndDate: N/D; User:system; ContentIdentifier: 8a7d5e23-da1e-420a-b4f0-471e7da8ea2d
[02/06/23 15:42:46:115 UTC]  INFO business.ContentletIndexAPIImpl: Indexing: 8a7d5e23-da1e-420a-b4f0-471e7da8ea2d : default, includeDependencies: false, policy: FORCE
[02/06/23 15:42:46:116 UTC]  INFO util.ActivityLogger: class com.dotcms.content.elasticsearch.business.ESContentletAPIImpl: System Host : Content Locked , StartDate: N/D; EndDate: N/D; User:system; ContentIdentifier: 8a7d5e23-da1e-420a-b4f0-471e7da8ea2d
[02/06/23 15:42:46:119 UTC]  INFO util.ActivityLogger: class com.dotcms.content.elasticsearch.business.ESContentletAPIImpl: System Host : Saving Content , StartDate: N/D; EndDate: N/D; User:system; ContentIdentifier: 8a7d5e23-da1e-420a-b4f0-471e7da8ea2d
[02/06/23 15:42:46:217 UTC]  INFO business.ContentletIndexAPIImpl: Indexing: 8a7d5e23-da1e-420a-b4f0-471e7da8ea2d : default, includeDependencies: true, policy: FORCE
[02/06/23 15:42:46:250 UTC]  INFO util.ActivityLogger: class com.dotcms.content.elasticsearch.business.ESContentletAPIImpl: System Host : Content Saved , StartDate: N/D; EndDate: N/D; User:system; ContentIdentifier: 8a7d5e23-da1e-420a-b4f0-471e7da8ea2d
[02/06/23 15:42:46:257 UTC]  INFO util.ActivityLogger: class com.dotcms.content.elasticsearch.business.ESContentletAPIImpl: System Host : Publishing Content , StartDate: N/D; EndDate: N/D; User:system; ContentIdentifier: 8a7d5e23-da1e-420a-b4f0-471e7da8ea2d
[02/06/23 15:42:46:262 UTC]  INFO business.ContentletIndexAPIImpl: Indexing: 8a7d5e23-da1e-420a-b4f0-471e7da8ea2d : default, includeDependencies: true, policy: FORCE
[02/06/23 15:42:46:320 UTC]  INFO util.ActivityLogger: class com.dotcms.content.elasticsearch.business.ESContentletAPIImpl: System Host : Content Published , StartDate: N/D; EndDate: N/D; User:system; ContentIdentifier: 8a7d5e23-da1e-420a-b4f0-471e7da8ea2d
[02/06/23 15:42:46:327 UTC]  INFO util.ActivityLogger: class com.dotcms.content.elasticsearch.business.ESContentletAPIImpl: System Host : Publishing Content , StartDate: N/D; EndDate: N/D; User:system; ContentIdentifier: 48190c8c-42c4-46af-8d1a-0cd5db894797
[02/06/23 15:42:46:331 UTC]  INFO business.ContentletIndexAPIImpl: Indexing: 48190c8c-42c4-46af-8d1a-0cd5db894797 : demo.dotcms.com, includeDependencies: true, policy: FORCE
[02/06/23 15:42:46:365 UTC]  INFO util.ActivityLogger: class com.dotcms.content.elasticsearch.business.ESContentletAPIImpl: System Host : Content Published , StartDate: N/D; EndDate: N/D; User:system; ContentIdentifier: 48190c8c-42c4-46af-8d1a-0cd5db894797
[02/06/23 15:42:46:371 UTC]  INFO business.ContentletIndexAPIImpl: Indexing: 48190c8c-42c4-46af-8d1a-0cd5db894797 : demo.dotcms.com, includeDependencies: true, policy: FORCE
[02/06/23 15:42:46:442 UTC]  INFO util.SecurityLogger: class com.dotmarketing.portlets.workflows.business.WorkflowAPIImpl : Workflow Scheme 'System Workflow' [d61a59e1-a49c-46f2-a929-db2b4bfa88b2] has been saved by User ID 'system' -- ip:172.18.0.1,user:Admin User [ID: dotcms.org.1][email:admin@dotcms.com]
[02/06/23 15:42:46:451 UTC]  INFO util.SecurityLogger: class com.dotmarketing.portlets.workflows.business.WorkflowAPIImpl : Workflow Step 'New' [6cb7e3bd-1710-4eed-8838-d3db60f78f19] has been saved by User ID 'system' -- ip:172.18.0.1,user:Admin User [ID: dotcms.org.1][email:admin@dotcms.com]
[02/06/23 15:42:46:456 UTC]  INFO util.SecurityLogger: class com.dotmarketing.portlets.workflows.business.WorkflowAPIImpl : Workflow Step 'Draft' [ee24a4cb-2d15-4c98-b1bd-6327126451f3] has been saved by User ID 'system' -- ip:172.18.0.1,user:Admin User [ID: dotcms.org.1][email:admin@dotcms.com]
[02/06/23 15:42:46:459 UTC]  INFO util.SecurityLogger: class com.dotmarketing.portlets.workflows.business.WorkflowAPIImpl : Workflow Step 'Published' [dc3c9cd0-8467-404b-bf95-cb7df3fbc293] has been saved by User ID 'system' -- ip:172.18.0.1,user:Admin User [ID: dotcms.org.1][email:admin@dotcms.com]
[02/06/23 15:42:46:464 UTC]  INFO util.SecurityLogger: class com.dotmarketing.portlets.workflows.business.WorkflowAPIImpl : Workflow Step 'Archived' [d6b095b6-b65f-4bdb-bbfd-701d663dfee2] has been saved by User ID 'system' -- ip:172.18.0.1,user:Admin User [ID: dotcms.org.1][email:admin@dotcms.com]
[02/06/23 15:42:46:477 UTC]  INFO util.SecurityLogger: class com.dotmarketing.portlets.workflows.business.WorkflowAPIImpl : Action id: '4da13a42-5d59-480c-ad8f-94a3adf809fe' has been reordered by user: system -- ip:172.18.0.1,user:Admin User [ID: dotcms.org.1][email:admin@dotcms.com]
[02/06/23 15:42:46:481 UTC]  WARN business.PermissionCacheImpl:  !!! Putting an empty list of permissions in the cache for asset:4da13a42-5d59-480c-ad8f-94a3adf809fe. Every asset should have at least 1 permission (or inherited permission) associated with it
[02/06/23 15:42:46:497 UTC]  INFO util.SecurityLogger: class com.dotmarketing.portlets.workflows.business.WorkflowAPIImpl : Action id: '963f6a04-5320-42e7-ab74-6d876d199946' has been reordered by user: system -- ip:172.18.0.1,user:Admin User [ID: dotcms.org.1][email:admin@dotcms.com]
[02/06/23 15:42:46:500 UTC]  WARN business.PermissionCacheImpl:  !!! Putting an empty list of permissions in the cache for asset:963f6a04-5320-42e7-ab74-6d876d199946. Every asset should have at least 1 permission (or inherited permission) associated with it
[02/06/23 15:42:46:509 UTC]  INFO util.SecurityLogger: class com.dotmarketing.portlets.workflows.business.WorkflowAPIImpl : Action id: '777f1c6b-c877-4a37-ba4b-10627316c2cc' has been reordered by user: system -- ip:172.18.0.1,user:Admin User [ID: dotcms.org.1][email:admin@dotcms.com]
[02/06/23 15:42:46:512 UTC]  WARN business.PermissionCacheImpl:  !!! Putting an empty list of permissions in the cache for asset:777f1c6b-c877-4a37-ba4b-10627316c2cc. Every asset should have at least 1 permission (or inherited permission) associated with it
[02/06/23 15:42:46:521 UTC]  INFO util.SecurityLogger: class com.dotmarketing.portlets.workflows.business.WorkflowAPIImpl : Action id: '1e0f1c6b-b67f-4c99-983d-db2b4bfa88b2' has been reordered by user: system -- ip:172.18.0.1,user:Admin User [ID: dotcms.org.1][email:admin@dotcms.com]
[02/06/23 15:42:46:523 UTC]  WARN business.PermissionCacheImpl:  !!! Putting an empty list of permissions in the cache for asset:1e0f1c6b-b67f-4c99-983d-db2b4bfa88b2. Every asset should have at least 1 permission (or inherited permission) associated with it
[02/06/23 15:42:46:528 UTC]  INFO util.SecurityLogger: class com.dotmarketing.portlets.workflows.business.WorkflowAPIImpl : Action id: 'fa294e6b-9832-4f19-999e-c9ae27cbd47f' has been reordered by user: system -- ip:172.18.0.1,user:Admin User [ID: dotcms.org.1][email:admin@dotcms.com]
[02/06/23 15:42:46:533 UTC]  INFO util.SecurityLogger: class com.dotmarketing.portlets.workflows.business.WorkflowAPIImpl : Action id: 'bc477b07-8f84-48d2-85b8-20d07512af4b' has been reordered by user: system -- ip:172.18.0.1,user:Admin User [ID: dotcms.org.1][email:admin@dotcms.com]
[02/06/23 15:42:46:536 UTC]  WARN business.PermissionCacheImpl:  !!! Putting an empty list of permissions in the cache for asset:bc477b07-8f84-48d2-85b8-20d07512af4b. Every asset should have at least 1 permission (or inherited permission) associated with it
[02/06/23 15:42:46:543 UTC]  INFO util.SecurityLogger: class com.dotmarketing.portlets.workflows.business.WorkflowAPIImpl : Action id: 'b9d89c80-3d88-4311-8365-187323c96436' has been reordered by user: system -- ip:172.18.0.1,user:Admin User [ID: dotcms.org.1][email:admin@dotcms.com]
[02/06/23 15:42:46:547 UTC]  WARN business.PermissionCacheImpl:  !!! Putting an empty list of permissions in the cache for asset:b9d89c80-3d88-4311-8365-187323c96436. Every asset should have at least 1 permission (or inherited permission) associated with it
[02/06/23 15:42:46:557 UTC]  INFO util.SecurityLogger: class com.dotmarketing.portlets.workflows.business.WorkflowAPIImpl : Action id: 'ceca71a0-deee-4999-bd47-b01baa1bcfc8' has been reordered by user: system -- ip:172.18.0.1,user:Admin User [ID: dotcms.org.1][email:admin@dotcms.com]
[02/06/23 15:42:46:561 UTC]  WARN business.PermissionCacheImpl:  !!! Putting an empty list of permissions in the cache for asset:ceca71a0-deee-4999-bd47-b01baa1bcfc8. Every asset should have at least 1 permission (or inherited permission) associated with it
[02/06/23 15:42:46:573 UTC]  INFO util.SecurityLogger: class com.dotmarketing.portlets.workflows.business.WorkflowAPIImpl : Action id: 'c92f9aa1-9503-4567-ac30-d3242b54d02d' has been reordered by user: system -- ip:172.18.0.1,user:Admin User [ID: dotcms.org.1][email:admin@dotcms.com]
[02/06/23 15:42:46:575 UTC]  WARN business.PermissionCacheImpl:  !!! Putting an empty list of permissions in the cache for asset:c92f9aa1-9503-4567-ac30-d3242b54d02d. Every asset should have at least 1 permission (or inherited permission) associated with it
[02/06/23 15:42:46:583 UTC]  INFO util.SecurityLogger: class com.dotmarketing.portlets.workflows.business.WorkflowAPIImpl : Action id: '38efc763-d78f-4e4b-b092-59cd8c579b93' has been reordered by user: system -- ip:172.18.0.1,user:Admin User [ID: dotcms.org.1][email:admin@dotcms.com]
[02/06/23 15:42:46:587 UTC]  WARN business.PermissionCacheImpl:  !!! Putting an empty list of permissions in the cache for asset:38efc763-d78f-4e4b-b092-59cd8c579b93. Every asset should have at least 1 permission (or inherited permission) associated with it
[02/06/23 15:42:46:595 UTC]  INFO util.SecurityLogger: class com.dotmarketing.portlets.workflows.business.WorkflowAPIImpl : The action id: 'ceca71a0-deee-4999-bd47-b01baa1bcfc8' has been saved by the user: system -- ip:172.18.0.1,user:Admin User [ID: dotcms.org.1][email:admin@dotcms.com]
[02/06/23 15:42:46:600 UTC]  INFO util.SecurityLogger: class com.dotmarketing.portlets.workflows.business.WorkflowAPIImpl : The action id: 'fa294e6b-9832-4f19-999e-c9ae27cbd47f' has been saved by the user: system -- ip:172.18.0.1,user:Admin User [ID: dotcms.org.1][email:admin@dotcms.com]
[02/06/23 15:42:46:606 UTC]  INFO util.SecurityLogger: class com.dotmarketing.portlets.workflows.business.WorkflowAPIImpl : The action id: 'b9d89c80-3d88-4311-8365-187323c96436' has been saved by the user: system -- ip:172.18.0.1,user:Admin User [ID: dotcms.org.1][email:admin@dotcms.com]
[02/06/23 15:42:46:612 UTC]  INFO util.SecurityLogger: class com.dotmarketing.portlets.workflows.business.WorkflowAPIImpl : The action id: '777f1c6b-c877-4a37-ba4b-10627316c2cc' has been saved by the user: system -- ip:172.18.0.1,user:Admin User [ID: dotcms.org.1][email:admin@dotcms.com]
[02/06/23 15:42:46:618 UTC]  INFO util.SecurityLogger: class com.dotmarketing.portlets.workflows.business.WorkflowAPIImpl : The action id: 'ceca71a0-deee-4999-bd47-b01baa1bcfc8' has been saved by the user: system -- ip:172.18.0.1,user:Admin User [ID: dotcms.org.1][email:admin@dotcms.com]
[02/06/23 15:42:46:621 UTC]  INFO util.SecurityLogger: class com.dotmarketing.portlets.workflows.business.WorkflowAPIImpl : The action id: 'bc477b07-8f84-48d2-85b8-20d07512af4b' has been saved by the user: system -- ip:172.18.0.1,user:Admin User [ID: dotcms.org.1][email:admin@dotcms.com]
[02/06/23 15:42:46:628 UTC]  INFO util.SecurityLogger: class com.dotmarketing.portlets.workflows.business.WorkflowAPIImpl : The action id: '38efc763-d78f-4e4b-b092-59cd8c579b93' has been saved by the user: system -- ip:172.18.0.1,user:Admin User [ID: dotcms.org.1][email:admin@dotcms.com]
[02/06/23 15:42:46:636 UTC]  INFO util.SecurityLogger: class com.dotmarketing.portlets.workflows.business.WorkflowAPIImpl : The action id: '963f6a04-5320-42e7-ab74-6d876d199946' has been saved by the user: system -- ip:172.18.0.1,user:Admin User [ID: dotcms.org.1][email:admin@dotcms.com]
[02/06/23 15:42:46:641 UTC]  INFO util.SecurityLogger: class com.dotmarketing.portlets.workflows.business.WorkflowAPIImpl : The action id: 'b9d89c80-3d88-4311-8365-187323c96436' has been saved by the user: system -- ip:172.18.0.1,user:Admin User [ID: dotcms.org.1][email:admin@dotcms.com]
[02/06/23 15:42:46:646 UTC]  INFO util.SecurityLogger: class com.dotmarketing.portlets.workflows.business.WorkflowAPIImpl : The action id: '4da13a42-5d59-480c-ad8f-94a3adf809fe' has been saved by the user: system -- ip:172.18.0.1,user:Admin User [ID: dotcms.org.1][email:admin@dotcms.com]
[02/06/23 15:42:46:652 UTC]  INFO util.SecurityLogger: class com.dotmarketing.portlets.workflows.business.WorkflowAPIImpl : The action id: '963f6a04-5320-42e7-ab74-6d876d199946' has been saved by the user: system -- ip:172.18.0.1,user:Admin User [ID: dotcms.org.1][email:admin@dotcms.com]
[02/06/23 15:42:46:658 UTC]  INFO util.SecurityLogger: class com.dotmarketing.portlets.workflows.business.WorkflowAPIImpl : The action id: 'ceca71a0-deee-4999-bd47-b01baa1bcfc8' has been saved by the user: system -- ip:172.18.0.1,user:Admin User [ID: dotcms.org.1][email:admin@dotcms.com]
[02/06/23 15:42:46:665 UTC]  INFO util.SecurityLogger: class com.dotmarketing.portlets.workflows.business.WorkflowAPIImpl : The action id: '38efc763-d78f-4e4b-b092-59cd8c579b93' has been saved by the user: system -- ip:172.18.0.1,user:Admin User [ID: dotcms.org.1][email:admin@dotcms.com]
[02/06/23 15:42:46:672 UTC]  INFO util.SecurityLogger: class com.dotmarketing.portlets.workflows.business.WorkflowAPIImpl : The action id: '4da13a42-5d59-480c-ad8f-94a3adf809fe' has been saved by the user: system -- ip:172.18.0.1,user:Admin User [ID: dotcms.org.1][email:admin@dotcms.com]
[02/06/23 15:42:46:677 UTC]  INFO util.SecurityLogger: class com.dotmarketing.portlets.workflows.business.WorkflowAPIImpl : The action id: 'b9d89c80-3d88-4311-8365-187323c96436' has been saved by the user: system -- ip:172.18.0.1,user:Admin User [ID: dotcms.org.1][email:admin@dotcms.com]
[02/06/23 15:42:46:687 UTC]  INFO util.SecurityLogger: class com.dotmarketing.portlets.workflows.business.WorkflowAPIImpl : The action id: 'bc477b07-8f84-48d2-85b8-20d07512af4b' has been saved by the user: system -- ip:172.18.0.1,user:Admin User [ID: dotcms.org.1][email:admin@dotcms.com]
[02/06/23 15:42:46:704 UTC]  INFO util.SecurityLogger: class com.dotmarketing.portlets.workflows.business.WorkflowAPIImpl : The action id: 'c92f9aa1-9503-4567-ac30-d3242b54d02d' has been saved by the user: system -- ip:172.18.0.1,user:Admin User [ID: dotcms.org.1][email:admin@dotcms.com]
[02/06/23 15:42:46:710 UTC]  INFO util.SecurityLogger: class com.dotmarketing.portlets.workflows.business.WorkflowAPIImpl : The action id: '777f1c6b-c877-4a37-ba4b-10627316c2cc' has been saved by the user: system -- ip:172.18.0.1,user:Admin User [ID: dotcms.org.1][email:admin@dotcms.com]
[02/06/23 15:42:46:716 UTC]  INFO util.SecurityLogger: class com.dotmarketing.portlets.workflows.business.WorkflowAPIImpl : The action id: '1e0f1c6b-b67f-4c99-983d-db2b4bfa88b2' has been saved by the user: system -- ip:172.18.0.1,user:Admin User [ID: dotcms.org.1][email:admin@dotcms.com]
[02/06/23 15:42:46:806 UTC]  INFO util.SecurityLogger: class com.dotmarketing.portlets.workflows.business.WorkflowAPIImpl : Saving class parameters by the user: system -- ip:172.18.0.1,user:Admin User [ID: dotcms.org.1][email:admin@dotcms.com]
[02/06/23 15:42:46:851 UTC]  INFO util.SecurityLogger: class com.dotmarketing.portlets.workflows.business.WorkflowAPIImpl : Workflow Action Class with id: 'f970943f-3768-49b6-bc6b-f24f9affbfbf' has been deleted -- ip:172.18.0.1,user:Admin User [ID: dotcms.org.1][email:admin@dotcms.com]
[02/06/23 15:42:46:856 UTC]  INFO util.SecurityLogger: class com.dotmarketing.portlets.workflows.business.WorkflowAPIImpl : Workflow Action with id: dd4c4b7c-e9d3-4dc0-8fbf-36102f9c6324, name: Move has been deleted -- ip:172.18.0.1,user:Admin User [ID: dotcms.org.1][email:admin@dotcms.com]
[02/06/23 15:42:46:915 UTC]  INFO helper.SystemActionMappingsHandlerMerger: The mapping for systemAction: NEW, workflowAction: Optional[WorkflowAction [id=ceca71a0-deee-4999-bd47-b01baa1bcfc8, name=Save, stepId=null, nextStep=ee24a4cb-2d15-4c98-b1bd-6327126451f3]], and scheme: d61a59e1-a49c-46f2-a929-db2b4bfa88b2 has been saved
[02/06/23 15:42:46:920 UTC]  INFO helper.SystemActionMappingsHandlerMerger: The mapping for systemAction: EDIT, workflowAction: Optional[WorkflowAction [id=ceca71a0-deee-4999-bd47-b01baa1bcfc8, name=Save, stepId=null, nextStep=ee24a4cb-2d15-4c98-b1bd-6327126451f3]], and scheme: d61a59e1-a49c-46f2-a929-db2b4bfa88b2 has been saved
[02/06/23 15:42:46:925 UTC]  INFO helper.SystemActionMappingsHandlerMerger: The mapping for systemAction: UNPUBLISH, workflowAction: Optional[WorkflowAction [id=38efc763-d78f-4e4b-b092-59cd8c579b93, name=Unpublish, stepId=null, nextStep=ee24a4cb-2d15-4c98-b1bd-6327126451f3]], and scheme: d61a59e1-a49c-46f2-a929-db2b4bfa88b2 has been saved
[02/06/23 15:42:46:928 UTC]  INFO helper.SystemActionMappingsHandlerMerger: The mapping for systemAction: UNARCHIVE, workflowAction: Optional[WorkflowAction [id=c92f9aa1-9503-4567-ac30-d3242b54d02d, name=Unarchive, stepId=null, nextStep=ee24a4cb-2d15-4c98-b1bd-6327126451f3]], and scheme: d61a59e1-a49c-46f2-a929-db2b4bfa88b2 has been saved
[02/06/23 15:42:46:932 UTC]  INFO helper.SystemActionMappingsHandlerMerger: The mapping for systemAction: PUBLISH, workflowAction: Optional[WorkflowAction [id=b9d89c80-3d88-4311-8365-187323c96436, name=Publish, stepId=null, nextStep=dc3c9cd0-8467-404b-bf95-cb7df3fbc293]], and scheme: d61a59e1-a49c-46f2-a929-db2b4bfa88b2 has been saved
[02/06/23 15:42:46:936 UTC]  INFO helper.SystemActionMappingsHandlerMerger: The mapping for systemAction: ARCHIVE, workflowAction: Optional[WorkflowAction [id=4da13a42-5d59-480c-ad8f-94a3adf809fe, name=Archive, stepId=null, nextStep=d6b095b6-b65f-4bdb-bbfd-701d663dfee2]], and scheme: d61a59e1-a49c-46f2-a929-db2b4bfa88b2 has been saved
[02/06/23 15:42:46:939 UTC]  INFO helper.SystemActionMappingsHandlerMerger: The mapping for systemAction: DESTROY, workflowAction: Optional[WorkflowAction [id=1e0f1c6b-b67f-4c99-983d-db2b4bfa88b2, name=Destroy, stepId=null, nextStep=d6b095b6-b65f-4bdb-bbfd-701d663dfee2]], and scheme: d61a59e1-a49c-46f2-a929-db2b4bfa88b2 has been saved
[02/06/23 15:42:46:943 UTC]  INFO helper.SystemActionMappingsHandlerMerger: The mapping for systemAction: DELETE, workflowAction: Optional[WorkflowAction [id=777f1c6b-c877-4a37-ba4b-10627316c2cc, name=Delete, stepId=null, nextStep=d6b095b6-b65f-4bdb-bbfd-701d663dfee2]], and scheme: d61a59e1-a49c-46f2-a929-db2b4bfa88b2 has been saved
[02/06/23 15:42:46:944 UTC]  INFO util.PushPublishLogger: class com.dotcms.enterprise.publishing.remote.handler.WorkflowHandler : [BundleID: _dotPageContent_test-01FNRS68FETJPPDHY6PJ9SA9ZQ.tar.gz] Workflow publish success, ID: d61a59e1-a49c-46f2-a929-db2b4bfa88b2, Name: System Workflow
[02/06/23 15:42:47:027 UTC]  INFO util.ActivityLogger: class com.dotcms.contenttype.business.ContentTypeAPIImpl: system : Save ContentType Action , User system/system user system user added ContentType Rich Text to host id:SYSTEM_HOST
[02/06/23 15:42:47:028 UTC]  INFO business.ContentTypeAPIImpl: UserId : system : ContentType : ContentType saved : Rich Text
[02/06/23 15:42:47:030 UTC]  INFO util.AdminLogger: UserId : system : class com.dotcms.contenttype.business.ContentTypeAPIImpl : ContentType : ContentType saved : Rich Text
[02/06/23 15:42:47:031 UTC]  INFO business.ContentTypeAPIImpl: Deleting no longer needed Field: Row Field with ID: 67c89b1df448623087f2f39fe3a7b9e8, from Content Type: Rich Text
[02/06/23 15:42:47:037 UTC]  INFO util.ActivityLogger: class com.dotmarketing.util.ActivityLogger: system : Delete Field Action , User system/system user deleted field Row Field from Rich Text Content Type.
[02/06/23 15:42:47:165 UTC]  INFO business.ContentTypeAPIImpl: Deleting no longer needed Field: Column Field with ID: 32b02fef08e09ddec71cb6f444343738, from Content Type: Rich Text
[02/06/23 15:42:47:173 UTC]  INFO util.ActivityLogger: class com.dotmarketing.util.ActivityLogger: system : Delete Field Action , User system/system user deleted field Column Field from Rich Text Content Type.
[02/06/23 15:42:47:203 UTC]  INFO util.ActivityLogger: class com.dotmarketing.util.ActivityLogger: system : Save Field Action , User system/system user added field fields-0 to Rich Text Structure.
[02/06/23 15:42:47:226 UTC]  INFO util.ActivityLogger: class com.dotmarketing.util.ActivityLogger: system : Save Field Action , User system/system user added field fields-1 to Rich Text Structure.
[02/06/23 15:42:47:245 UTC]  INFO util.ActivityLogger: class com.dotmarketing.util.ActivityLogger: system : Update Field Action , User system/system user modified field Site to Rich Text Structure.
[02/06/23 15:42:47:259 UTC]  INFO util.ActivityLogger: class com.dotmarketing.util.ActivityLogger: system : Update Field Action , User system/system user modified field Title to Rich Text Structure.
[02/06/23 15:42:47:272 UTC]  INFO util.ActivityLogger: class com.dotmarketing.util.ActivityLogger: system : Update Field Action , User system/system user modified field Body to Rich Text Structure.
[02/06/23 15:42:47:275 UTC]  INFO util.PushPublishLogger: class com.dotcms.enterprise.publishing.remote.handler.ContentTypeHandler : [BundleID: _dotPageContent_test-01FNRS68FETJPPDHY6PJ9SA9ZQ.tar.gz] Content Type publish success, ID: 2a3e91e4-fbbf-4876-8c5b-2233c1739b05, Name: Rich Text
[02/06/23 15:42:47:278 UTC]  INFO util.SecurityLogger: class com.dotmarketing.portlets.workflows.business.WorkflowAPIImpl : Saving schemes [ [WorkflowScheme [id=d61a59e1-a49c-46f2-a929-db2b4bfa88b2, name=System Workflow, archived=false, mandatory=false]] ] for Content Type [ com.dotmarketing.portlets.structure.model.Structure@58676a85[name=Rich Text,description=WYSIWYG rich text content,defaultStructure=true,reviewInterval=<null>,reviewerRole=<null>,pagedetail=<null>,structureType=1,fixed=false,system=false,velocityVarName=webPageContent,urlMapPattern=<null>,host=SYSTEM_HOST,folder=SYSTEM_FOLDER,publishDateVar=<null>,expireDateVar=<null>,modDate=Fri Jun 02 15:42:47 UTC 2023,icon=wysiwyg,sortOrder=0,iDate=Thu Mar 09 14:51:36 UTC 2017,type=structure,owner=<null>,inode=2a3e91e4-fbbf-4876-8c5b-2233c1739b05,identifier=2a3e91e4-fbbf-4876-8c5b-2233c1739b05] ] -- ip:172.18.0.1,user:Admin User [ID: dotcms.org.1][email:admin@dotcms.com]
[02/06/23 15:42:47:353 UTC]  INFO util.ActivityLogger: class com.dotcms.contenttype.business.ContentTypeAPIImpl: system : Save ContentType Action , User system/system user system user added ContentType Page to host id:SYSTEM_HOST
[02/06/23 15:42:47:353 UTC]  INFO business.ContentTypeAPIImpl: UserId : system : ContentType : ContentType saved : Page
[02/06/23 15:42:47:353 UTC]  INFO util.AdminLogger: UserId : system : class com.dotcms.contenttype.business.ContentTypeAPIImpl : ContentType : ContentType saved : Page
[02/06/23 15:42:47:384 UTC]  INFO util.ActivityLogger: class com.dotmarketing.util.ActivityLogger: system : Save Field Action , User system/system user added field fields-0 to Page Structure.
[02/06/23 15:42:47:425 UTC]  INFO util.ActivityLogger: class com.dotmarketing.util.ActivityLogger: system : Save Field Action , User system/system user added field fields-1 to Page Structure.
[02/06/23 15:42:47:465 UTC]  INFO util.ActivityLogger: class com.dotmarketing.util.ActivityLogger: system : Update Field Action , User system/system user modified field Host or Folder to Page Structure.
[02/06/23 15:42:47:500 UTC]  INFO util.ActivityLogger: class com.dotmarketing.util.ActivityLogger: system : Update Field Action , User system/system user modified field Title to Page Structure.
[02/06/23 15:42:47:534 UTC]  INFO util.ActivityLogger: class com.dotmarketing.util.ActivityLogger: system : Update Field Action , User system/system user modified field Url to Page Structure.
[02/06/23 15:42:47:576 UTC]  INFO util.ActivityLogger: class com.dotmarketing.util.ActivityLogger: system : Update Field Action , User system/system user modified field Template to Page Structure.
[02/06/23 15:42:47:627 UTC]  INFO util.ActivityLogger: class com.dotmarketing.util.ActivityLogger: system : Save Field Action , User system/system user added field Subtitle to Page Structure.
[02/06/23 15:42:47:669 UTC]  INFO util.ActivityLogger: class com.dotmarketing.util.ActivityLogger: system : Save Field Action , User system/system user added field Image to Page Structure.
[02/06/23 15:42:47:712 UTC]  INFO util.ActivityLogger: class com.dotmarketing.util.ActivityLogger: system : Update Field Action , User system/system user modified field Friendly Name to Page Structure.
[02/06/23 15:42:47:754 UTC]  INFO util.ActivityLogger: class com.dotmarketing.util.ActivityLogger: system : Save Field Action , User system/system user added field fields-2 to Page Structure.
[02/06/23 15:42:47:814 UTC]  INFO util.ActivityLogger: class com.dotmarketing.util.ActivityLogger: system : Save Field Action , User system/system user added field fields-3 to Page Structure.
[02/06/23 15:42:47:870 UTC]  INFO util.ActivityLogger: class com.dotmarketing.util.ActivityLogger: system : Update Field Action , User system/system user modified field Show on Menu to Page Structure.
[02/06/23 15:42:47:935 UTC]  INFO util.ActivityLogger: class com.dotmarketing.util.ActivityLogger: system : Save Field Action , User system/system user added field fields-4 to Page Structure.
[02/06/23 15:42:47:970 UTC]  INFO util.ActivityLogger: class com.dotmarketing.util.ActivityLogger: system : Update Field Action , User system/system user modified field Sort Order to Page Structure.
[02/06/23 15:42:48:012 UTC]  INFO util.ActivityLogger: class com.dotmarketing.util.ActivityLogger: system : Save Field Action , User system/system user added field fields-5 to Page Structure.
[02/06/23 15:42:48:055 UTC]  INFO util.ActivityLogger: class com.dotmarketing.util.ActivityLogger: system : Save Field Action , User system/system user added field fields-6 to Page Structure.
[02/06/23 15:42:48:096 UTC]  INFO util.ActivityLogger: class com.dotmarketing.util.ActivityLogger: system : Save Field Action , User system/system user added field SEO to Page Structure.
[02/06/23 15:42:48:141 UTC]  INFO util.ActivityLogger: class com.dotmarketing.util.ActivityLogger: system : Save Field Action , User system/system user added field fields-7 to Page Structure.
[02/06/23 15:42:48:185 UTC]  INFO util.ActivityLogger: class com.dotmarketing.util.ActivityLogger: system : Save Field Action , User system/system user added field fields-8 to Page Structure.
[02/06/23 15:42:48:221 UTC]  INFO util.ActivityLogger: class com.dotmarketing.util.ActivityLogger: system : Update Field Action , User system/system user modified field Canonical URL to Page Structure.
[02/06/23 15:42:48:265 UTC]  INFO util.ActivityLogger: class com.dotmarketing.util.ActivityLogger: system : Save Field Action , User system/system user added field SEO Title to Page Structure.
[02/06/23 15:42:48:314 UTC]  INFO util.ActivityLogger: class com.dotmarketing.util.ActivityLogger: system : Save Field Action , User system/system user added field SEO Title Count to Page Structure.
[02/06/23 15:42:48:369 UTC]  INFO util.ActivityLogger: class com.dotmarketing.util.ActivityLogger: system : Update Field Action , User system/system user modified field SEO Description to Page Structure.
[02/06/23 15:42:48:438 UTC]  INFO util.ActivityLogger: class com.dotmarketing.util.ActivityLogger: system : Save Field Action , User system/system user added field SEO Description Count to Page Structure.
[02/06/23 15:42:48:480 UTC]  INFO util.ActivityLogger: class com.dotmarketing.util.ActivityLogger: system : Update Field Action , User system/system user modified field SEO Keywords to Page Structure.
[02/06/23 15:42:48:522 UTC]  INFO util.ActivityLogger: class com.dotmarketing.util.ActivityLogger: system : Update Field Action , User system/system user modified field Advanced Properties to Page Structure.
[02/06/23 15:42:48:572 UTC]  INFO util.ActivityLogger: class com.dotmarketing.util.ActivityLogger: system : Save Field Action , User system/system user added field fields-9 to Page Structure.
[02/06/23 15:42:48:623 UTC]  INFO util.ActivityLogger: class com.dotmarketing.util.ActivityLogger: system : Save Field Action , User system/system user added field fields-10 to Page Structure.
[02/06/23 15:42:48:674 UTC]  INFO util.ActivityLogger: class com.dotmarketing.util.ActivityLogger: system : Save Field Action , User system/system user added field Custom CSS to Page Structure.
[02/06/23 15:42:48:716 UTC]  INFO util.ActivityLogger: class com.dotmarketing.util.ActivityLogger: system : Update Field Action , User system/system user modified field Page Metadata to Page Structure.
[02/06/23 15:42:48:757 UTC]  INFO util.ActivityLogger: class com.dotmarketing.util.ActivityLogger: system : Update Field Action , User system/system user modified field Redirect Url to Page Structure.
[02/06/23 15:42:48:798 UTC]  INFO util.ActivityLogger: class com.dotmarketing.util.ActivityLogger: system : Update Field Action , User system/system user modified field Cache TTL to Page Structure.
[02/06/23 15:42:48:839 UTC]  INFO util.ActivityLogger: class com.dotmarketing.util.ActivityLogger: system : Update Field Action , User system/system user modified field HTTPS Required to Page Structure.
[02/06/23 15:42:48:852 UTC]  INFO util.PushPublishLogger: class com.dotcms.enterprise.publishing.remote.handler.ContentTypeHandler : [BundleID: _dotPageContent_test-01FNRS68FETJPPDHY6PJ9SA9ZQ.tar.gz] Content Type publish success, ID: c541abb1-69b3-4bc5-8430-5e09e5239cc8, Name: Page
[02/06/23 15:42:48:853 UTC]  INFO util.SecurityLogger: class com.dotmarketing.portlets.workflows.business.WorkflowAPIImpl : Saving schemes [ [WorkflowScheme [id=d61a59e1-a49c-46f2-a929-db2b4bfa88b2, name=System Workflow, archived=false, mandatory=false]] ] for Content Type [ com.dotmarketing.portlets.structure.model.Structure@78421f7b[name=Page,description=Default Structure for Pages,defaultStructure=false,reviewInterval=<null>,reviewerRole=<null>,pagedetail=<null>,structureType=5,fixed=true,system=false,velocityVarName=htmlpageasset,urlMapPattern=<null>,host=SYSTEM_HOST,folder=SYSTEM_FOLDER,publishDateVar=<null>,expireDateVar=<null>,modDate=Fri Jun 02 15:42:49 UTC 2023,icon=description,sortOrder=0,iDate=Thu May 28 11:26:34 UTC 2015,type=structure,owner=<null>,inode=c541abb1-69b3-4bc5-8430-5e09e5239cc8,identifier=c541abb1-69b3-4bc5-8430-5e09e5239cc8] ] -- ip:172.18.0.1,user:Admin User [ID: dotcms.org.1][email:admin@dotcms.com]
[02/06/23 15:42:48:877 UTC]  INFO business.IdentifierAPIImpl: Creating new identifier for versionable asset of type `containers` and title `Test Containe` 
[02/06/23 15:42:48:891 UTC]  INFO util.PushPublishLogger: class com.dotcms.enterprise.publishing.remote.handler.ContainerHandler : [BundleID: _dotPageContent_test-01FNRS68FETJPPDHY6PJ9SA9ZQ.tar.gz] Container publish (new) success, ID: 067682378f271bec7fa17795192e7f59, Inode: 14100dab-81a9-4872-bcc0-8730c3de9ccd, Name: Test Containe
[02/06/23 15:42:48:908 UTC]  INFO business.IdentifierAPIImpl: Creating new identifier for versionable asset of type `template` and title `My Template` 
[02/06/23 15:42:48:918 UTC]  INFO util.PushPublishLogger: class com.dotcms.enterprise.publishing.remote.handler.TemplateHandler : [BundleID: _dotPageContent_test-01FNRS68FETJPPDHY6PJ9SA9ZQ.tar.gz] Template publish success, ID: 2323f14aaf06aadb2281171179147876, Inode: c0689c0c-a359-448e-b928-25029ffc8324, Name: My Template
[02/06/23 15:42:48:935 UTC]  INFO util.PushPublishLogger: class com.dotcms.enterprise.publishing.remote.handler.LanguageVariablesHandler : [BundleID: _dotPageContent_test-01FNRS68FETJPPDHY6PJ9SA9ZQ.tar.gz] Language File publish success, Name: cms_language_en.properties
[02/06/23 15:42:48:935 UTC]  INFO util.PushPublishLogger: class com.dotcms.enterprise.publishing.remote.handler.LanguageVariablesHandler : [BundleID: _dotPageContent_test-01FNRS68FETJPPDHY6PJ9SA9ZQ.tar.gz] Language File publish success, Name: cms_language_en_US.properties
[02/06/23 15:42:48:935 UTC]  INFO util.PushPublishLogger: class com.dotcms.enterprise.publishing.remote.handler.LanguageVariablesHandler : [BundleID: _dotPageContent_test-01FNRS68FETJPPDHY6PJ9SA9ZQ.tar.gz] Language File publish success, Name: cms_language_es.properties
[02/06/23 15:42:48:937 UTC]  INFO util.PushPublishLogger: class com.dotcms.enterprise.publishing.remote.handler.LanguageVariablesHandler : [BundleID: _dotPageContent_test-01FNRS68FETJPPDHY6PJ9SA9ZQ.tar.gz] Language File publish success, Name: cms_language_es_ES.properties
[02/06/23 15:42:48:937 UTC]  INFO util.PushPublishLogger: class com.dotcms.enterprise.publishing.remote.handler.LanguageVariablesHandler : [BundleID: _dotPageContent_test-01FNRS68FETJPPDHY6PJ9SA9ZQ.tar.gz] Language File publish success, Name: cms_language_fr.properties
[02/06/23 15:42:48:939 UTC]  INFO util.PushPublishLogger: class com.dotcms.enterprise.publishing.remote.handler.LanguageVariablesHandler : [BundleID: _dotPageContent_test-01FNRS68FETJPPDHY6PJ9SA9ZQ.tar.gz] Language File publish success, Name: cms_language_fr_FR.properties
[02/06/23 15:42:48:939 UTC]  INFO util.PushPublishLogger: class com.dotcms.enterprise.publishing.remote.handler.LanguageVariablesHandler : [BundleID: _dotPageContent_test-01FNRS68FETJPPDHY6PJ9SA9ZQ.tar.gz] Language File publish success, Name: cms_language_zh.properties
[02/06/23 15:42:48:941 UTC]  INFO util.PushPublishLogger: class com.dotcms.enterprise.publishing.remote.handler.LanguageVariablesHandler : [BundleID: _dotPageContent_test-01FNRS68FETJPPDHY6PJ9SA9ZQ.tar.gz] Language File publish success, Name: cms_language_zh_CN.properties
[02/06/23 15:42:48:954 UTC]  INFO util.ActivityLogger: class com.dotcms.content.elasticsearch.business.ESContentletAPIImpl: demo.dotcms.com : Saving Content , StartDate: N/D; EndDate: N/D; User:system; ContentIdentifier: 0207b411-b66a-4bcf-8da1-e3ab81db47c3
[02/06/23 15:42:48:957 UTC]  INFO business.IdentifierAPIImpl: Creating new identifier for versionable asset of type `content` and title `Before You Book` 
[02/06/23 15:42:48:975 UTC]  INFO business.ContentletIndexAPIImpl: Indexing: 0207b411-b66a-4bcf-8da1-e3ab81db47c3 : Before You Book, includeDependencies: true, policy: FORCE
[02/06/23 15:42:48:984 UTC]  INFO util.ActivityLogger: class com.dotcms.content.elasticsearch.business.ESContentletAPIImpl: demo.dotcms.com : Content Saved , StartDate: N/D; EndDate: N/D; User:system; ContentIdentifier: 0207b411-b66a-4bcf-8da1-e3ab81db47c3
[02/06/23 15:42:48:992 UTC]  INFO business.ContentletIndexAPIImpl: Indexing: 0207b411-b66a-4bcf-8da1-e3ab81db47c3 : Before You Book, includeDependencies: false, policy: FORCE
[02/06/23 15:42:48:992 UTC]  INFO util.PushPublishLogger: class com.dotcms.enterprise.publishing.remote.handler.ContentHandler : [BundleID: _dotPageContent_test-01FNRS68FETJPPDHY6PJ9SA9ZQ.tar.gz] Content publish success, ID: 0207b411-b66a-4bcf-8da1-e3ab81db47c3, Inode: 684e8058-b822-400d-b196-457ca256f402, Name: Before You Book
[02/06/23 15:42:49:001 UTC]  INFO util.ActivityLogger: class com.dotcms.content.elasticsearch.business.ESContentletAPIImpl: demo.dotcms.com : Saving Content , StartDate: N/D; EndDate: N/D; User:system; ContentIdentifier: bef4458a0da3e55cf37322b32e4ecb14
[02/06/23 15:42:49:005 UTC]  INFO business.IdentifierAPIImpl: Creating new identifier for versionable asset of type `content` and title `my-test-page` 
[02/06/23 15:42:49:057 UTC]  INFO business.ContentletIndexAPIImpl: Indexing: bef4458a0da3e55cf37322b32e4ecb14 : my-test-page, includeDependencies: true, policy: FORCE
[02/06/23 15:42:49:169 UTC]  INFO util.ActivityLogger: class com.dotcms.content.elasticsearch.business.ESContentletAPIImpl: demo.dotcms.com : Content Saved , StartDate: N/D; EndDate: N/D; User:system; ContentIdentifier: bef4458a0da3e55cf37322b32e4ecb14
[02/06/23 15:42:49:190 UTC]  INFO business.ContentletIndexAPIImpl: Indexing: bef4458a0da3e55cf37322b32e4ecb14 : my-test-page, includeDependencies: false, policy: FORCE
[02/06/23 15:42:49:191 UTC]  INFO util.PushPublishLogger: class com.dotcms.enterprise.publishing.remote.handler.ContentHandler : [BundleID: _dotPageContent_test-01FNRS68FETJPPDHY6PJ9SA9ZQ.tar.gz] Content publish success, ID: bef4458a0da3e55cf37322b32e4ecb14, Inode: 0cd9101a-fa6c-41b0-8149-e8eb6b444033, Name: my-test-page
[02/06/23 15:42:49:203 UTC]  INFO util.ActivityLogger: class com.dotcms.content.elasticsearch.business.ESContentletAPIImpl: demo.dotcms.com : Publishing Content , StartDate: N/D; EndDate: N/D; User:system; ContentIdentifier: 0207b411-b66a-4bcf-8da1-e3ab81db47c3
[02/06/23 15:42:49:207 UTC]  INFO business.ContentletIndexAPIImpl: Indexing: 0207b411-b66a-4bcf-8da1-e3ab81db47c3 : Before You Book, includeDependencies: true, policy: FORCE
[02/06/23 15:42:49:219 UTC]  WARN business.ESContentletAPIImpl: Cannot publish related HTML Pages. htmlPageIdentifier.getId() = [bef4458a0da3e55cf37322b32e4ecb14], languageId = [1], pageInode = [null]. This might happen if contents are being imported in batch.
[02/06/23 15:42:49:220 UTC]  INFO util.ActivityLogger: class com.dotcms.content.elasticsearch.business.ESContentletAPIImpl: demo.dotcms.com : Content Published , StartDate: N/D; EndDate: N/D; User:system; ContentIdentifier: 0207b411-b66a-4bcf-8da1-e3ab81db47c3
[02/06/23 15:42:49:225 UTC]  INFO util.ActivityLogger: class com.dotcms.content.elasticsearch.business.ESContentletAPIImpl: demo.dotcms.com : Unpublishing Content , StartDate: N/D; EndDate: N/D; User:system; ContentIdentifier: bef4458a0da3e55cf37322b32e4ecb14
[02/06/23 15:42:49:241 UTC]  INFO util.ActivityLogger: class com.dotcms.content.elasticsearch.business.ESContentletAPIImpl: demo.dotcms.com : Error Unpublishing Content , StartDate: N/D; EndDate: N/D; User:system; ContentIdentifier: bef4458a0da3e55cf37322b32e4ecb14
[02/06/23 15:42:49:245 UTC]  INFO business.ContentletIndexAPIImpl: Indexing: bef4458a0da3e55cf37322b32e4ecb14 : my-test-page, includeDependencies: true, policy: FORCE
[02/06/23 15:42:49:248 UTC]  INFO business.ContentletIndexAPIImpl: Indexing: 0207b411-b66a-4bcf-8da1-e3ab81db47c3 : Before You Book, includeDependencies: true, policy: FORCE
[02/06/23 15:42:49:257 UTC]  INFO util.SecurityLogger: class com.dotmarketing.portlets.workflows.business.WorkflowAPIImpl : Workflow task with id: '80b5c38f-cc13-4a75-84af-88a881965064' has been saved. -- ip:172.18.0.1,user:Admin User [ID: dotcms.org.1][email:admin@dotcms.com]
[02/06/23 15:42:49:257 UTC]  INFO util.PushPublishLogger: class com.dotcms.enterprise.publishing.remote.handler.ContentWorkflowHandler : [BundleID: _dotPageContent_test-01FNRS68FETJPPDHY6PJ9SA9ZQ.tar.gz] Content Workflow publish success, ID: 0207b411-b66a-4bcf-8da1-e3ab81db47c3
[02/06/23 15:42:49:262 UTC]  INFO util.SecurityLogger: class com.dotmarketing.portlets.workflows.business.WorkflowAPIImpl : Workflow task with id: '7f602fe8-1617-4590-90a0-248348b3b3f6' has been saved. -- ip:172.18.0.1,user:Admin User [ID: dotcms.org.1][email:admin@dotcms.com]
[02/06/23 15:42:49:262 UTC]  INFO util.PushPublishLogger: class com.dotcms.enterprise.publishing.remote.handler.ContentWorkflowHandler : [BundleID: _dotPageContent_test-01FNRS68FETJPPDHY6PJ9SA9ZQ.tar.gz] Content Workflow publish success, ID: bef4458a0da3e55cf37322b32e4ecb14
[02/06/23 15:42:50:341 UTC]  INFO reindex.ReindexThread: --- Unpausing reindex thread 
[02/06/23 15:42:50:378 UTC]  INFO quartz.DotStatefulJob: New Task for job `CleanUpFieldReferencesJob` scheduled for execution `50 42 15 2 6 ? 2023`.
[02/06/23 15:42:50:404 UTC]  INFO job.CleanUpFieldReferencesJob: CleanUpFieldReferencesJob ::: started for field `rowField`.
[02/06/23 15:42:50:414 UTC]  INFO quartz.DotStatefulJob: New Task for job `CleanUpFieldReferencesJob` scheduled for execution `50 42 15 2 6 ? 2023`.
[02/06/23 15:42:50:440 UTC]  INFO job.CleanUpFieldReferencesJob: CleanUpFieldReferencesJob ::: finished for field `rowField`.
[02/06/23 15:42:51:273 UTC]  INFO reindex.ReindexQueueAPIImpl: addIdentifierReindex: 0207b411-b66a-4bcf-8da1-e3ab81db47c3
[02/06/23 15:42:51:274 UTC]  INFO reindex.ReindexQueueAPIImpl: addIdentifierReindex: bef4458a0da3e55cf37322b32e4ecb14
[02/06/23 15:42:51:281 UTC]  INFO reindex.ReindexThread: --- Unpausing reindex thread 
[02/06/23 15:42:51:526 UTC]  INFO reindex.BulkProcessorListener: -----------
[02/06/23 15:42:51:527 UTC]  INFO reindex.BulkProcessorListener: Reindexing Server #  : 1 of 1
[02/06/23 15:42:51:527 UTC]  INFO reindex.BulkProcessorListener: Total Indexed        : 0
[02/06/23 15:42:51:528 UTC]  INFO reindex.BulkProcessorListener: ReindexEntries found : 2
[02/06/23 15:42:51:528 UTC]  INFO reindex.BulkProcessorListener: BulkRequests created : 3
[02/06/23 15:42:51:529 UTC]  INFO reindex.BulkProcessorListener: -----------
[02/06/23 15:42:53:480 UTC]  INFO job.CleanUpFieldReferencesJob: CleanUpFieldReferencesJob ::: started for field `columnField`.
[02/06/23 15:42:53:501 UTC]  INFO job.CleanUpFieldReferencesJob: CleanUpFieldReferencesJob ::: finished for field `columnField`.
[02/06/23 15:42:54:209 UTC]  INFO delegate.SystemEventsJobDelegate: The event: f0000aaf-9a60-452b-8c7f-022cf55f13ab, has been skipped on the server: f7c6009c-2c26-4f6c-9bbd-c6dd5bddf330
[02/06/23 15:42:54:209 UTC]  INFO delegate.SystemEventsJobDelegate: The event: 4822a880-aef7-4100-b3bb-e2d3bcd48663, has been skipped on the server: f7c6009c-2c26-4f6c-9bbd-c6dd5bddf330
[02/06/23 15:42:55:421 UTC]  INFO concurrent.Debouncer: Debouncing : invalidateGraphSchema after 5000 MILLISECONDS
[02/06/23 15:43:00:149 UTC]  INFO apps.SecretsKeyStoreHelper: KeyStore loaded successfully after `1` tries.
[02/06/23 15:43:00:186 UTC]  INFO apps.SecretsKeyStoreHelper: KeyStore loaded successfully after `1` tries.
[02/06/23 15:43:00:230 UTC]  INFO apps.SecretsKeyStoreHelper: KeyStore loaded successfully after `1` tries.
[02/06/23 15:43:00:438 UTC] ERROR business.PublisherQueueJob: An error occurred when trying to publish bundles: null
java.lang.NullPointerException: null
	at com.dotcms.publisher.business.PublisherQueueJob.updateBundleStatus(PublisherQueueJob.java:328) ~[dotcms_null.jar:?]
	at com.dotcms.publisher.business.PublisherQueueJob.updateAuditStatus(PublisherQueueJob.java:241) ~[dotcms_null.jar:?]
	at com.dotcms.publisher.business.PublisherQueueJob.execute(PublisherQueueJob.java:125) ~[dotcms_null.jar:?]
	at org.quartz.core.JobRunShell.run(JobRunShell.java:223) ~[dot.quartz-all-1.8.6_2.jar:?]
	at org.quartz.simpl.SimpleThreadPool$WorkerThread.run(SimpleThreadPool.java:549) ~[dot.quartz-all-1.8.6_2.jar:?]
[02/06/23 15:43:00:446 UTC]  INFO util.PushPublishLogger: class com.dotcms.rest.PushPublisherJob : [BundleID: _dotPageContent_test-01FNRS68FETJPPDHY6PJ9SA9ZQ.tar.gz] Finished bundle publish process
[02/06/23 15:43:00:446 UTC]  INFO rest.PushPublisherJob: Finished bundle publish process
[02/06/23 15:43:00:637 UTC]  INFO apps.SecretsKeyStoreHelper: KeyStore loaded successfully after `1` tries.
[02/06/23 15:43:03:676 UTC]  INFO util.SecurityLogger: class com.dotmarketing.cms.login.factories.LoginFactory : User admin@dotcms.com has sucessfully logged in from IP: 172.18.0.1 -- ip:172.18.0.1,user:Admin User [ID: dotcms.org.1][email:admin@dotcms.com]
[02/06/23 15:43:03:756 UTC]  INFO servlet.ServletToolboxManager: Trying config file '/WEB-INF/toolbox.xml'
[02/06/23 15:43:03:932 UTC]  INFO servlet.ServletToolboxManager: Toolbox setup complete.
[02/06/23 15:43:09:707 UTC]  WARN auth.PrincipalThreadLocal: getName dotcms.org.1
[02/06/23 15:43:09:709 UTC]  INFO util.SecurityLogger: class com.dotcms.cms.login.LoginServiceAPIFactory$LoginServiceImpl : User dotcms.org.1 has successfully login from IP: 172.18.0.1 -- ip:172.18.0.1,user:Admin User [ID: dotcms.org.1][email:admin@dotcms.com]
[02/06/23 15:43:09:717 UTC]  INFO business.IdentifierAPIImpl: Creating new identifier for versionable asset of type `containers` and title `ToBeDeletedContainer1` 
[02/06/23 15:43:09:746 UTC]  INFO business.DeterministicIdentifierAPIImpl: hashing id: container:demo.dotcms.com/tobedeletedcontainer1 to 2f34d0fe032eed599600e7a78d32d3ef
[02/06/23 15:43:09:748 UTC]  WARN shorty.ShortyIdAPIImpl: An error occurred when getting shorty value for '' of type 'CONTENT': shorty  is not a short id.  Short Ids should be 10 chars in length
[02/06/23 15:43:09:777 UTC]  INFO util.ActivityLogger: class com.dotcms.rest.api.v1.container.ContainerResource: demo.dotcms.com : Save Container , User dotcms.org.1 savedToBeDeletedContainer1
[02/06/23 15:43:09:851 UTC]  INFO util.ActivityLogger: class com.dotcms.rest.api.v1.container.ContainerResource: system : Publish Container , User dotcms.org.1 published container: 2f34d0fe032eed599600e7a78d32d3ef
[02/06/23 15:43:15:963 UTC]  INFO util.SecurityLogger: class com.dotmarketing.cms.login.factories.LoginFactory : User admin@dotcms.com has sucessfully logged in from IP: 172.18.0.1 -- ip:172.18.0.1,user:Admin User [ID: dotcms.org.1][email:admin@dotcms.com]
[02/06/23 15:43:15:970 UTC]  INFO business.IdentifierAPIImpl: Creating new identifier for versionable asset of type `containers` and title `ToBeDeletedContainer2` 
[02/06/23 15:43:15:970 UTC]  INFO business.DeterministicIdentifierAPIImpl: hashing id: container:demo.dotcms.com/tobedeletedcontainer2 to a7992b4f1dc8dd40bbdb2dba56302fa0
[02/06/23 15:43:15:972 UTC]  WARN shorty.ShortyIdAPIImpl: An error occurred when getting shorty value for '' of type 'CONTENT': shorty  is not a short id.  Short Ids should be 10 chars in length
[02/06/23 15:43:15:988 UTC]  INFO util.ActivityLogger: class com.dotcms.rest.api.v1.container.ContainerResource: demo.dotcms.com : Save Container , User dotcms.org.1 savedToBeDeletedContainer2
[02/06/23 15:43:16:001 UTC]  INFO util.ActivityLogger: class com.dotcms.rest.api.v1.container.ContainerResource: system : Publish Container , User dotcms.org.1 published container: a7992b4f1dc8dd40bbdb2dba56302fa0
[02/06/23 15:43:17:597 UTC]  INFO reindex.ReindexThread: --- ReindexThread Paused (every 3600000 millis)
[02/06/23 15:43:22:065 UTC]  INFO util.SecurityLogger: class com.dotmarketing.cms.login.factories.LoginFactory : User admin@dotcms.com has sucessfully logged in from IP: 172.18.0.1 -- ip:172.18.0.1,user:Admin User [ID: dotcms.org.1][email:admin@dotcms.com]
[02/06/23 15:43:25:180 UTC]  INFO util.SecurityLogger: class com.dotmarketing.cms.login.factories.LoginFactory : User admin@dotcms.com has sucessfully logged in from IP: 172.18.0.1 -- ip:172.18.0.1,user:Admin User [ID: dotcms.org.1][email:admin@dotcms.com]
[02/06/23 15:43:28:236 UTC]  INFO util.ActivityLogger: class com.dotcms.rest.api.v1.container.ContainerResource: system : Delete Container Action , User dotcms.org.1 deleted template: 2f34d0fe032eed599600e7a78d32d3ef
[02/06/23 15:43:31:269 UTC]  INFO util.ActivityLogger: class com.dotcms.rest.api.v1.container.ContainerResource: system : Delete Container Action , User dotcms.org.1 deleted template: a7992b4f1dc8dd40bbdb2dba56302fa0
[02/06/23 15:43:34:321 UTC]  INFO util.SecurityLogger: class com.dotmarketing.cms.login.factories.LoginFactory : User admin@dotcms.com has sucessfully logged in from IP: 172.18.0.1 -- ip:172.18.0.1,user:Admin User [ID: dotcms.org.1][email:admin@dotcms.com]
[02/06/23 15:43:34:327 UTC]  INFO business.IdentifierAPIImpl: Creating new identifier for versionable asset of type `containers` and title `ToBePublishedContainer1` 
[02/06/23 15:43:34:328 UTC]  INFO business.DeterministicIdentifierAPIImpl: hashing id: container:demo.dotcms.com/tobepublishedcontainer1 to b390bf4b28dbaa960a7255e5501c800d
[02/06/23 15:43:34:329 UTC]  WARN shorty.ShortyIdAPIImpl: An error occurred when getting shorty value for '' of type 'CONTENT': shorty  is not a short id.  Short Ids should be 10 chars in length
[02/06/23 15:43:34:352 UTC]  INFO util.ActivityLogger: class com.dotcms.rest.api.v1.container.ContainerResource: demo.dotcms.com : Save Container , User dotcms.org.1 savedToBePublishedContainer1
[02/06/23 15:43:34:367 UTC]  INFO util.ActivityLogger: class com.dotcms.rest.api.v1.container.ContainerResource: system : Publish Container , User dotcms.org.1 published container: b390bf4b28dbaa960a7255e5501c800d
[02/06/23 15:43:40:428 UTC]  INFO util.SecurityLogger: class com.dotmarketing.cms.login.factories.LoginFactory : User admin@dotcms.com has sucessfully logged in from IP: 172.18.0.1 -- ip:172.18.0.1,user:Admin User [ID: dotcms.org.1][email:admin@dotcms.com]
[02/06/23 15:43:40:432 UTC]  INFO business.IdentifierAPIImpl: Creating new identifier for versionable asset of type `containers` and title `ToBePublishedContainer2` 
[02/06/23 15:43:40:433 UTC]  INFO business.DeterministicIdentifierAPIImpl: hashing id: container:demo.dotcms.com/tobepublishedcontainer2 to 85841330c67d14b42d406b81df3deb83
[02/06/23 15:43:40:434 UTC]  WARN shorty.ShortyIdAPIImpl: An error occurred when getting shorty value for '' of type 'CONTENT': shorty  is not a short id.  Short Ids should be 10 chars in length
[02/06/23 15:43:40:455 UTC]  INFO util.ActivityLogger: class com.dotcms.rest.api.v1.container.ContainerResource: demo.dotcms.com : Save Container , User dotcms.org.1 savedToBePublishedContainer2
[02/06/23 15:43:40:478 UTC]  INFO util.ActivityLogger: class com.dotcms.rest.api.v1.container.ContainerResource: system : Publish Container , User dotcms.org.1 published container: 85841330c67d14b42d406b81df3deb83
[02/06/23 15:43:46:542 UTC]  INFO util.SecurityLogger: class com.dotmarketing.cms.login.factories.LoginFactory : User admin@dotcms.com has sucessfully logged in from IP: 172.18.0.1 -- ip:172.18.0.1,user:Admin User [ID: dotcms.org.1][email:admin@dotcms.com]
[02/06/23 15:43:46:548 UTC]  WARN shorty.ShortyIdAPIImpl: An error occurred when getting shorty value for ' ' of type 'CONTENT': shorty   is not a short id.  Short Ids should be 10 chars in length
[02/06/23 15:43:46:548 UTC]  WARN shorty.ShortyIdAPIImpl: An error occurred when getting shorty value for ' ' of type 'CONTENT': shorty   is not a short id.  Short Ids should be 10 chars in length
[02/06/23 15:43:49:589 UTC]  INFO util.SecurityLogger: class com.dotmarketing.cms.login.factories.LoginFactory : User admin@dotcms.com has sucessfully logged in from IP: 172.18.0.1 -- ip:172.18.0.1,user:Admin User [ID: dotcms.org.1][email:admin@dotcms.com]
[02/06/23 15:43:52:649 UTC]  INFO util.SecurityLogger: class com.dotmarketing.cms.login.factories.LoginFactory : User admin@dotcms.com has sucessfully logged in from IP: 172.18.0.1 -- ip:172.18.0.1,user:Admin User [ID: dotcms.org.1][email:admin@dotcms.com]
[02/06/23 15:43:55:672 UTC]  INFO util.ActivityLogger: class com.dotcms.rest.api.v1.container.ContainerResource: system : Publish Container Action , User dotcms.org.1 published container: b390bf4b28dbaa960a7255e5501c800d
[02/06/23 15:43:58:706 UTC]  INFO util.ActivityLogger: class com.dotcms.rest.api.v1.container.ContainerResource: system : Publish Container Action , User dotcms.org.1 published container: 85841330c67d14b42d406b81df3deb83
[02/06/23 15:44:00:009 UTC]  INFO timedcache.TimedCacheProvider: ***	 Building Cache : esquerycache, size:10000, seconds:3600,Concurrency:32 (every 60000 millis)
[02/06/23 15:44:01:752 UTC]  INFO util.SecurityLogger: class com.dotmarketing.cms.login.factories.LoginFactory : User admin@dotcms.com has sucessfully logged in from IP: 172.18.0.1 -- ip:172.18.0.1,user:Admin User [ID: dotcms.org.1][email:admin@dotcms.com]
[02/06/23 15:44:01:760 UTC]  INFO business.IdentifierAPIImpl: Creating new identifier for versionable asset of type `containers` and title `ToBeUnpublishedContainer1` 
[02/06/23 15:44:01:761 UTC]  INFO business.DeterministicIdentifierAPIImpl: hashing id: container:demo.dotcms.com/tobeunpublishedcontainer1 to 571a3e4c6387eb476dae67623acf64ad
[02/06/23 15:44:01:762 UTC]  WARN shorty.ShortyIdAPIImpl: An error occurred when getting shorty value for '' of type 'CONTENT': shorty  is not a short id.  Short Ids should be 10 chars in length
[02/06/23 15:44:01:776 UTC]  INFO util.ActivityLogger: class com.dotcms.rest.api.v1.container.ContainerResource: demo.dotcms.com : Save Container , User dotcms.org.1 savedToBeUnpublishedContainer1
[02/06/23 15:44:01:791 UTC]  INFO util.ActivityLogger: class com.dotcms.rest.api.v1.container.ContainerResource: system : Publish Container , User dotcms.org.1 published container: 571a3e4c6387eb476dae67623acf64ad
[02/06/23 15:44:07:851 UTC]  INFO util.SecurityLogger: class com.dotmarketing.cms.login.factories.LoginFactory : User admin@dotcms.com has sucessfully logged in from IP: 172.18.0.1 -- ip:172.18.0.1,user:Admin User [ID: dotcms.org.1][email:admin@dotcms.com]
[02/06/23 15:44:07:856 UTC]  INFO business.IdentifierAPIImpl: Creating new identifier for versionable asset of type `containers` and title `ToBeUnpublishedContainer2` 
[02/06/23 15:44:07:856 UTC]  INFO business.DeterministicIdentifierAPIImpl: hashing id: container:demo.dotcms.com/tobeunpublishedcontainer2 to 74879f4ce8f9d5bc088daa6040e304ab
[02/06/23 15:44:07:857 UTC]  WARN shorty.ShortyIdAPIImpl: An error occurred when getting shorty value for '' of type 'CONTENT': shorty  is not a short id.  Short Ids should be 10 chars in length
[02/06/23 15:44:07:869 UTC]  INFO util.ActivityLogger: class com.dotcms.rest.api.v1.container.ContainerResource: demo.dotcms.com : Save Container , User dotcms.org.1 savedToBeUnpublishedContainer2
[02/06/23 15:44:07:878 UTC]  INFO util.ActivityLogger: class com.dotcms.rest.api.v1.container.ContainerResource: system : Publish Container , User dotcms.org.1 published container: 74879f4ce8f9d5bc088daa6040e304ab
[02/06/23 15:44:13:932 UTC]  INFO util.SecurityLogger: class com.dotmarketing.cms.login.factories.LoginFactory : User admin@dotcms.com has sucessfully logged in from IP: 172.18.0.1 -- ip:172.18.0.1,user:Admin User [ID: dotcms.org.1][email:admin@dotcms.com]
[02/06/23 15:44:13:937 UTC]  WARN shorty.ShortyIdAPIImpl: An error occurred when getting shorty value for ' ' of type 'CONTENT': shorty   is not a short id.  Short Ids should be 10 chars in length
[02/06/23 15:44:13:939 UTC]  WARN shorty.ShortyIdAPIImpl: An error occurred when getting shorty value for ' ' of type 'CONTENT': shorty   is not a short id.  Short Ids should be 10 chars in length
[02/06/23 15:44:16:978 UTC]  INFO util.SecurityLogger: class com.dotmarketing.cms.login.factories.LoginFactory : User admin@dotcms.com has sucessfully logged in from IP: 172.18.0.1 -- ip:172.18.0.1,user:Admin User [ID: dotcms.org.1][email:admin@dotcms.com]
[02/06/23 15:44:20:017 UTC]  INFO util.SecurityLogger: class com.dotmarketing.cms.login.factories.LoginFactory : User admin@dotcms.com has sucessfully logged in from IP: 172.18.0.1 -- ip:172.18.0.1,user:Admin User [ID: dotcms.org.1][email:admin@dotcms.com]
[02/06/23 15:44:23:032 UTC]  INFO util.ActivityLogger: class com.dotcms.rest.api.v1.container.ContainerResource: system : Publish Container Action , User dotcms.org.1 published container: 571a3e4c6387eb476dae67623acf64ad
[02/06/23 15:44:26:045 UTC]  INFO util.ActivityLogger: class com.dotcms.rest.api.v1.container.ContainerResource: system : Publish Container Action , User dotcms.org.1 published container: 74879f4ce8f9d5bc088daa6040e304ab
[02/06/23 15:44:29:099 UTC]  INFO util.SecurityLogger: class com.dotmarketing.cms.login.factories.LoginFactory : User admin@dotcms.com has sucessfully logged in from IP: 172.18.0.1 -- ip:172.18.0.1,user:Admin User [ID: dotcms.org.1][email:admin@dotcms.com]
[02/06/23 15:44:32:112 UTC]  INFO util.ActivityLogger: class com.dotcms.rest.api.v1.container.ContainerResource: system : Unpublish Container Action , User dotcms.org.1 unpublished container: 571a3e4c6387eb476dae67623acf64ad
[02/06/23 15:44:35:127 UTC]  INFO util.ActivityLogger: class com.dotcms.rest.api.v1.container.ContainerResource: system : Unpublish Container Action , User dotcms.org.1 unpublished container: 74879f4ce8f9d5bc088daa6040e304ab
[02/06/23 15:44:38:166 UTC]  INFO util.SecurityLogger: class com.dotmarketing.cms.login.factories.LoginFactory : User admin@dotcms.com has sucessfully logged in from IP: 172.18.0.1 -- ip:172.18.0.1,user:Admin User [ID: dotcms.org.1][email:admin@dotcms.com]
[02/06/23 15:44:38:170 UTC]  INFO business.IdentifierAPIImpl: Creating new identifier for versionable asset of type `containers` and title `ToBeArchivedContainer1` 
[02/06/23 15:44:38:170 UTC]  INFO business.DeterministicIdentifierAPIImpl: hashing id: container:demo.dotcms.com/tobearchivedcontainer1 to 7111ed09153f00150f04b348251cecfe
[02/06/23 15:44:38:172 UTC]  WARN shorty.ShortyIdAPIImpl: An error occurred when getting shorty value for '' of type 'CONTENT': shorty  is not a short id.  Short Ids should be 10 chars in length
[02/06/23 15:44:38:183 UTC]  INFO util.ActivityLogger: class com.dotcms.rest.api.v1.container.ContainerResource: demo.dotcms.com : Save Container , User dotcms.org.1 savedToBeArchivedContainer1
[02/06/23 15:44:38:193 UTC]  INFO util.ActivityLogger: class com.dotcms.rest.api.v1.container.ContainerResource: system : Publish Container , User dotcms.org.1 published container: 7111ed09153f00150f04b348251cecfe
[02/06/23 15:44:44:246 UTC]  INFO util.SecurityLogger: class com.dotmarketing.cms.login.factories.LoginFactory : User admin@dotcms.com has sucessfully logged in from IP: 172.18.0.1 -- ip:172.18.0.1,user:Admin User [ID: dotcms.org.1][email:admin@dotcms.com]
[02/06/23 15:44:44:252 UTC]  INFO business.IdentifierAPIImpl: Creating new identifier for versionable asset of type `containers` and title `ToBeArchivedContainer2` 
[02/06/23 15:44:44:252 UTC]  INFO business.DeterministicIdentifierAPIImpl: hashing id: container:demo.dotcms.com/tobearchivedcontainer2 to ff8a4035f1094ae84d820fbbc5278f04
[02/06/23 15:44:44:252 UTC]  WARN shorty.ShortyIdAPIImpl: An error occurred when getting shorty value for '' of type 'CONTENT': shorty  is not a short id.  Short Ids should be 10 chars in length
[02/06/23 15:44:44:263 UTC]  INFO util.ActivityLogger: class com.dotcms.rest.api.v1.container.ContainerResource: demo.dotcms.com : Save Container , User dotcms.org.1 savedToBeArchivedContainer2
[02/06/23 15:44:44:272 UTC]  INFO util.ActivityLogger: class com.dotcms.rest.api.v1.container.ContainerResource: system : Publish Container , User dotcms.org.1 published container: ff8a4035f1094ae84d820fbbc5278f04
[02/06/23 15:44:50:319 UTC]  INFO util.SecurityLogger: class com.dotmarketing.cms.login.factories.LoginFactory : User admin@dotcms.com has sucessfully logged in from IP: 172.18.0.1 -- ip:172.18.0.1,user:Admin User [ID: dotcms.org.1][email:admin@dotcms.com]
[02/06/23 15:44:53:344 UTC]  INFO util.ActivityLogger: class com.dotcms.rest.api.v1.container.ContainerResource: system : Unpublish Container Action , User dotcms.org.1 unpublished container: 7111ed09153f00150f04b348251cecfe
[02/06/23 15:44:56:368 UTC]  INFO util.ActivityLogger: class com.dotcms.rest.api.v1.container.ContainerResource: system : Unpublish Container Action , User dotcms.org.1 unpublished container: ff8a4035f1094ae84d820fbbc5278f04
[02/06/23 15:44:59:420 UTC]  INFO util.SecurityLogger: class com.dotmarketing.cms.login.factories.LoginFactory : User admin@dotcms.com has sucessfully logged in from IP: 172.18.0.1 -- ip:172.18.0.1,user:Admin User [ID: dotcms.org.1][email:admin@dotcms.com]
[02/06/23 15:44:59:425 UTC]  WARN shorty.ShortyIdAPIImpl: An error occurred when getting shorty value for ' ' of type 'CONTENT': shorty   is not a short id.  Short Ids should be 10 chars in length
[02/06/23 15:44:59:425 UTC]  WARN shorty.ShortyIdAPIImpl: An error occurred when getting shorty value for ' ' of type 'CONTENT': shorty   is not a short id.  Short Ids should be 10 chars in length
[02/06/23 15:45:02:465 UTC]  INFO util.SecurityLogger: class com.dotmarketing.cms.login.factories.LoginFactory : User admin@dotcms.com has sucessfully logged in from IP: 172.18.0.1 -- ip:172.18.0.1,user:Admin User [ID: dotcms.org.1][email:admin@dotcms.com]
[02/06/23 15:45:05:509 UTC]  INFO util.SecurityLogger: class com.dotmarketing.cms.login.factories.LoginFactory : User admin@dotcms.com has sucessfully logged in from IP: 172.18.0.1 -- ip:172.18.0.1,user:Admin User [ID: dotcms.org.1][email:admin@dotcms.com]
[02/06/23 15:45:08:522 UTC]  INFO util.ActivityLogger: class com.dotcms.rest.api.v1.container.ContainerResource: system : Archive Container Action , User dotcms.org.1 archived container: 7111ed09153f00150f04b348251cecfe
[02/06/23 15:45:11:535 UTC]  INFO util.ActivityLogger: class com.dotcms.rest.api.v1.container.ContainerResource: system : Archive Container Action , User dotcms.org.1 archived container: ff8a4035f1094ae84d820fbbc5278f04
[02/06/23 15:45:14:578 UTC]  INFO util.SecurityLogger: class com.dotmarketing.cms.login.factories.LoginFactory : User admin@dotcms.com has sucessfully logged in from IP: 172.18.0.1 -- ip:172.18.0.1,user:Admin User [ID: dotcms.org.1][email:admin@dotcms.com]
[02/06/23 15:45:14:582 UTC]  INFO business.IdentifierAPIImpl: Creating new identifier for versionable asset of type `containers` and title `ToBeUnarchivedContainer1` 
[02/06/23 15:45:14:582 UTC]  INFO business.DeterministicIdentifierAPIImpl: hashing id: container:demo.dotcms.com/tobeunarchivedcontainer1 to 943256b9388e48036fd781f23748f7de
[02/06/23 15:45:14:583 UTC]  WARN shorty.ShortyIdAPIImpl: An error occurred when getting shorty value for '' of type 'CONTENT': shorty  is not a short id.  Short Ids should be 10 chars in length
[02/06/23 15:45:14:597 UTC]  INFO util.ActivityLogger: class com.dotcms.rest.api.v1.container.ContainerResource: demo.dotcms.com : Save Container , User dotcms.org.1 savedToBeUnarchivedContainer1
[02/06/23 15:45:14:611 UTC]  INFO util.ActivityLogger: class com.dotcms.rest.api.v1.container.ContainerResource: system : Publish Container , User dotcms.org.1 published container: 943256b9388e48036fd781f23748f7de
[02/06/23 15:45:20:663 UTC]  INFO util.SecurityLogger: class com.dotmarketing.cms.login.factories.LoginFactory : User admin@dotcms.com has sucessfully logged in from IP: 172.18.0.1 -- ip:172.18.0.1,user:Admin User [ID: dotcms.org.1][email:admin@dotcms.com]
[02/06/23 15:45:20:668 UTC]  INFO business.IdentifierAPIImpl: Creating new identifier for versionable asset of type `containers` and title `ToBeUnarchivedContainer2` 
[02/06/23 15:45:20:669 UTC]  INFO business.DeterministicIdentifierAPIImpl: hashing id: container:demo.dotcms.com/tobeunarchivedcontainer2 to f7651c2950a22c30435b251b93e82db4
[02/06/23 15:45:20:670 UTC]  WARN shorty.ShortyIdAPIImpl: An error occurred when getting shorty value for '' of type 'CONTENT': shorty  is not a short id.  Short Ids should be 10 chars in length
[02/06/23 15:45:20:678 UTC]  INFO util.ActivityLogger: class com.dotcms.rest.api.v1.container.ContainerResource: demo.dotcms.com : Save Container , User dotcms.org.1 savedToBeUnarchivedContainer2
[02/06/23 15:45:20:686 UTC]  INFO util.ActivityLogger: class com.dotcms.rest.api.v1.container.ContainerResource: system : Publish Container , User dotcms.org.1 published container: f7651c2950a22c30435b251b93e82db4
[02/06/23 15:45:26:730 UTC]  INFO util.SecurityLogger: class com.dotmarketing.cms.login.factories.LoginFactory : User admin@dotcms.com has sucessfully logged in from IP: 172.18.0.1 -- ip:172.18.0.1,user:Admin User [ID: dotcms.org.1][email:admin@dotcms.com]
[02/06/23 15:45:29:744 UTC]  INFO util.ActivityLogger: class com.dotcms.rest.api.v1.container.ContainerResource: system : Unpublish Container Action , User dotcms.org.1 unpublished container: 943256b9388e48036fd781f23748f7de
[02/06/23 15:45:32:756 UTC]  INFO util.ActivityLogger: class com.dotcms.rest.api.v1.container.ContainerResource: system : Unpublish Container Action , User dotcms.org.1 unpublished container: f7651c2950a22c30435b251b93e82db4
[02/06/23 15:45:35:791 UTC]  INFO util.SecurityLogger: class com.dotmarketing.cms.login.factories.LoginFactory : User admin@dotcms.com has sucessfully logged in from IP: 172.18.0.1 -- ip:172.18.0.1,user:Admin User [ID: dotcms.org.1][email:admin@dotcms.com]
[02/06/23 15:45:35:796 UTC]  WARN shorty.ShortyIdAPIImpl: An error occurred when getting shorty value for ' ' of type 'CONTENT': shorty   is not a short id.  Short Ids should be 10 chars in length
[02/06/23 15:45:35:797 UTC]  WARN shorty.ShortyIdAPIImpl: An error occurred when getting shorty value for ' ' of type 'CONTENT': shorty   is not a short id.  Short Ids should be 10 chars in length
[02/06/23 15:45:38:831 UTC]  INFO util.SecurityLogger: class com.dotmarketing.cms.login.factories.LoginFactory : User admin@dotcms.com has sucessfully logged in from IP: 172.18.0.1 -- ip:172.18.0.1,user:Admin User [ID: dotcms.org.1][email:admin@dotcms.com]
[02/06/23 15:45:41:865 UTC]  INFO util.SecurityLogger: class com.dotmarketing.cms.login.factories.LoginFactory : User admin@dotcms.com has sucessfully logged in from IP: 172.18.0.1 -- ip:172.18.0.1,user:Admin User [ID: dotcms.org.1][email:admin@dotcms.com]
[02/06/23 15:45:44:875 UTC]  INFO util.ActivityLogger: class com.dotcms.rest.api.v1.container.ContainerResource: system : Archive Container Action , User dotcms.org.1 archived container: 943256b9388e48036fd781f23748f7de
[02/06/23 15:45:47:884 UTC]  INFO util.ActivityLogger: class com.dotcms.rest.api.v1.container.ContainerResource: system : Archive Container Action , User dotcms.org.1 archived container: f7651c2950a22c30435b251b93e82db4
[02/06/23 15:45:50:919 UTC]  INFO util.SecurityLogger: class com.dotmarketing.cms.login.factories.LoginFactory : User admin@dotcms.com has sucessfully logged in from IP: 172.18.0.1 -- ip:172.18.0.1,user:Admin User [ID: dotcms.org.1][email:admin@dotcms.com]
[02/06/23 15:45:53:933 UTC]  INFO util.ActivityLogger: class com.dotcms.rest.api.v1.container.ContainerResource: system : Unarchive Container Action , User dotcms.org.1 unarchived container: 943256b9388e48036fd781f23748f7de
[02/06/23 15:45:56:956 UTC]  INFO util.ActivityLogger: class com.dotcms.rest.api.v1.container.ContainerResource: system : Unarchive Container Action , User dotcms.org.1 unarchived container: f7651c2950a22c30435b251b93e82db4
[02/06/23 15:45:59:999 UTC]  INFO util.SecurityLogger: class com.dotmarketing.cms.login.factories.LoginFactory : User admin@dotcms.com has sucessfully logged in from IP: 172.18.0.1 -- ip:172.18.0.1,user:Admin User [ID: dotcms.org.1][email:admin@dotcms.com]
[02/06/23 15:46:00:003 UTC]  INFO business.IdentifierAPIImpl: Creating new identifier for versionable asset of type `containers` and title `abcd` 
[02/06/23 15:46:00:003 UTC]  INFO business.DeterministicIdentifierAPIImpl: hashing id: container:demo.dotcms.com/abcd to 5c6c7714fa2cd12830d0d422d2145e6d
[02/06/23 15:46:00:005 UTC]  WARN shorty.ShortyIdAPIImpl: An error occurred when getting shorty value for '' of type 'CONTENT': shorty  is not a short id.  Short Ids should be 10 chars in length
[02/06/23 15:46:00:041 UTC]  INFO util.ActivityLogger: class com.dotcms.rest.api.v1.container.ContainerResource: demo.dotcms.com : Save Container , User dotcms.org.1 savedabcd
[02/06/23 15:46:00:076 UTC]  INFO util.ActivityLogger: class com.dotcms.rest.api.v1.container.ContainerResource: system : Publish Container , User dotcms.org.1 published container: 5c6c7714fa2cd12830d0d422d2145e6d
[02/06/23 15:46:06:132 UTC]  INFO util.SecurityLogger: class com.dotmarketing.cms.login.factories.LoginFactory : User admin@dotcms.com has sucessfully logged in from IP: 172.18.0.1 -- ip:172.18.0.1,user:Admin User [ID: dotcms.org.1][email:admin@dotcms.com]
[02/06/23 15:46:06:138 UTC]  INFO util.ActivityLogger: class com.dotcms.rest.api.v1.container.ContainerResource: demo.dotcms.com : Copy Container , User dotcms.org.1 container: 5c6c7714fa2cd12830d0d422d2145e6d
[02/06/23 15:46:06:153 UTC]  INFO business.IdentifierAPIImpl: Creating new identifier for versionable asset of type `containers` and title `abcd (COPY)` 
[02/06/23 15:46:06:153 UTC]  INFO business.DeterministicIdentifierAPIImpl: hashing id: container:demo.dotcms.com/abcd (copy) to 14fa510f19acc7dc2bc47b7f0307951e
[02/06/23 15:46:06:154 UTC]  WARN shorty.ShortyIdAPIImpl: An error occurred when getting shorty value for '' of type 'CONTENT': shorty  is not a short id.  Short Ids should be 10 chars in length
[02/06/23 15:46:06:170 UTC]  WARN business.PermissionCacheImpl:  !!! Putting an empty list of permissions in the cache for asset:5c6c7714fa2cd12830d0d422d2145e6d. Every asset should have at least 1 permission (or inherited permission) associated with it
[02/06/23 15:46:12:222 UTC]  INFO util.SecurityLogger: class com.dotmarketing.cms.login.factories.LoginFactory : User admin@dotcms.com has sucessfully logged in from IP: 172.18.0.1 -- ip:172.18.0.1,user:Admin User [ID: dotcms.org.1][email:admin@dotcms.com]
[02/06/23 15:46:12:260 UTC]  WARN mapper.ResourceNotFoundExceptionMapper: Can't find Container:12345678-abcd-1234-abcd-123456789abc
org.apache.velocity.exception.ResourceNotFoundException: Can't find Container:12345678-abcd-1234-abcd-123456789abc
	at com.dotcms.rest.api.v1.container.ContainerResource.lambda$getContainer$1(ContainerResource.java:502) ~[dotcms_null.jar:?]
	at java.util.Optional.orElseGet(Optional.java:369) ~[?:?]
	at com.dotcms.rest.api.v1.container.ContainerResource.getContainer(ContainerResource.java:501) ~[dotcms_null.jar:?]
	at com.dotcms.rest.api.v1.container.ContainerResource.getContainer(ContainerResource.java:452) ~[dotcms_null.jar:?]
	at com.dotcms.rest.api.v1.container.ContainerResource.getContainerWorking(ContainerResource.java:435) ~[dotcms_null.jar:?]
	at com.dotcms.rest.api.v1.container.ContainerResource.copy(ContainerResource.java:1161) ~[dotcms_null.jar:?]
	at jdk.internal.reflect.NativeMethodAccessorImpl.invoke0(Native Method) ~[?:?]
	at jdk.internal.reflect.NativeMethodAccessorImpl.invoke(NativeMethodAccessorImpl.java:62) ~[?:?]
	at jdk.internal.reflect.DelegatingMethodAccessorImpl.invoke(DelegatingMethodAccessorImpl.java:43) ~[?:?]
	at java.lang.reflect.Method.invoke(Method.java:566) ~[?:?]
	at org.glassfish.jersey.server.model.internal.ResourceMethodInvocationHandlerFactory$1.invoke(ResourceMethodInvocationHandlerFactory.java:81) ~[jersey-server-2.22.1.jar:?]
	at org.glassfish.jersey.server.model.internal.AbstractJavaResourceMethodDispatcher$1.run(AbstractJavaResourceMethodDispatcher.java:144) ~[jersey-server-2.22.1.jar:?]
	at org.glassfish.jersey.server.model.internal.AbstractJavaResourceMethodDispatcher.invoke(AbstractJavaResourceMethodDispatcher.java:161) ~[jersey-server-2.22.1.jar:?]
	at org.glassfish.jersey.server.model.internal.JavaResourceMethodDispatcherProvider$TypeOutInvoker.doDispatch(JavaResourceMethodDispatcherProvider.java:205) ~[jersey-server-2.22.1.jar:?]
	at org.glassfish.jersey.server.model.internal.AbstractJavaResourceMethodDispatcher.dispatch(AbstractJavaResourceMethodDispatcher.java:99) ~[jersey-server-2.22.1.jar:?]
	at org.glassfish.jersey.server.model.ResourceMethodInvoker.invoke(ResourceMethodInvoker.java:389) ~[jersey-server-2.22.1.jar:?]
	at org.glassfish.jersey.server.model.ResourceMethodInvoker.apply(ResourceMethodInvoker.java:347) ~[jersey-server-2.22.1.jar:?]
	at org.glassfish.jersey.server.model.ResourceMethodInvoker.apply(ResourceMethodInvoker.java:102) ~[jersey-server-2.22.1.jar:?]
	at org.glassfish.jersey.server.ServerRuntime$2.run(ServerRuntime.java:326) ~[jersey-server-2.22.1.jar:?]
	at org.glassfish.jersey.internal.Errors$1.call(Errors.java:271) ~[jersey-common-2.22.1.jar:?]
	at org.glassfish.jersey.internal.Errors$1.call(Errors.java:267) ~[jersey-common-2.22.1.jar:?]
	at org.glassfish.jersey.internal.Errors.process(Errors.java:315) ~[jersey-common-2.22.1.jar:?]
	at org.glassfish.jersey.internal.Errors.process(Errors.java:297) ~[jersey-common-2.22.1.jar:?]
	at org.glassfish.jersey.internal.Errors.process(Errors.java:267) ~[jersey-common-2.22.1.jar:?]
	at org.glassfish.jersey.process.internal.RequestScope.runInScope(RequestScope.java:317) ~[jersey-common-2.22.1.jar:?]
	at org.glassfish.jersey.server.ServerRuntime.process(ServerRuntime.java:305) ~[jersey-server-2.22.1.jar:?]
	at org.glassfish.jersey.server.ApplicationHandler.handle(ApplicationHandler.java:1154) ~[jersey-server-2.22.1.jar:?]
	at org.glassfish.jersey.servlet.WebComponent.serviceImpl(WebComponent.java:471) ~[jersey-container-servlet-core-2.22.1.jar:?]
	at org.glassfish.jersey.servlet.WebComponent.service(WebComponent.java:425) ~[jersey-container-servlet-core-2.22.1.jar:?]
	at org.glassfish.jersey.servlet.ServletContainer.service(ServletContainer.java:383) ~[jersey-container-servlet-core-2.22.1.jar:?]
	at org.glassfish.jersey.servlet.ServletContainer.service(ServletContainer.java:336) ~[jersey-container-servlet-core-2.22.1.jar:?]
	at org.glassfish.jersey.servlet.ServletContainer.service(ServletContainer.java:223) ~[jersey-container-servlet-core-2.22.1.jar:?]
	at com.dotcms.rest.servlet.ReloadableServletContainer.service(ReloadableServletContainer.java:117) ~[dotcms_null.jar:?]
	at org.apache.catalina.core.ApplicationFilterChain.internalDoFilter(ApplicationFilterChain.java:227) ~[catalina.jar:9.0.60]
	at org.apache.catalina.core.ApplicationFilterChain.doFilter(ApplicationFilterChain.java:162) ~[catalina.jar:9.0.60]
	at org.apache.tomcat.websocket.server.WsFilter.doFilter(WsFilter.java:53) ~[tomcat-websocket.jar:9.0.60]
	at org.apache.catalina.core.ApplicationFilterChain.internalDoFilter(ApplicationFilterChain.java:189) ~[catalina.jar:9.0.60]
	at org.apache.catalina.core.ApplicationFilterChain.doFilter(ApplicationFilterChain.java:162) ~[catalina.jar:9.0.60]
	at com.dotmarketing.filters.CMSFilter.doFilterInternal(CMSFilter.java:181) ~[dotcms_null.jar:?]
	at com.dotmarketing.filters.CMSFilter.doFilter(CMSFilter.java:61) ~[dotcms_null.jar:?]
	at org.apache.catalina.core.ApplicationFilterChain.internalDoFilter(ApplicationFilterChain.java:189) ~[catalina.jar:9.0.60]
	at org.apache.catalina.core.ApplicationFilterChain.doFilter(ApplicationFilterChain.java:162) ~[catalina.jar:9.0.60]
	at com.dotcms.filters.interceptor.AbstractWebInterceptorSupportFilter.doFilter(AbstractWebInterceptorSupportFilter.java:90) ~[dotcms_null.jar:?]
	at org.apache.catalina.core.ApplicationFilterChain.internalDoFilter(ApplicationFilterChain.java:189) ~[catalina.jar:9.0.60]
	at org.apache.catalina.core.ApplicationFilterChain.doFilter(ApplicationFilterChain.java:162) ~[catalina.jar:9.0.60]
	at com.dotcms.filters.interceptor.AbstractWebInterceptorSupportFilter.doFilter(AbstractWebInterceptorSupportFilter.java:90) ~[dotcms_null.jar:?]
	at org.apache.catalina.core.ApplicationFilterChain.internalDoFilter(ApplicationFilterChain.java:189) ~[catalina.jar:9.0.60]
	at org.apache.catalina.core.ApplicationFilterChain.doFilter(ApplicationFilterChain.java:162) ~[catalina.jar:9.0.60]
	at com.dotcms.visitor.filter.servlet.VisitorFilter.doFilter(VisitorFilter.java:81) ~[dotcms_null.jar:?]
	at org.apache.catalina.core.ApplicationFilterChain.internalDoFilter(ApplicationFilterChain.java:189) ~[catalina.jar:9.0.60]
	at org.apache.catalina.core.ApplicationFilterChain.doFilter(ApplicationFilterChain.java:162) ~[catalina.jar:9.0.60]
	at com.dotcms.vanityurl.filters.VanityURLFilter.doFilter(VanityURLFilter.java:114) ~[dotcms_null.jar:?]
	at org.apache.catalina.core.ApplicationFilterChain.internalDoFilter(ApplicationFilterChain.java:189) ~[catalina.jar:9.0.60]
	at org.apache.catalina.core.ApplicationFilterChain.doFilter(ApplicationFilterChain.java:162) ~[catalina.jar:9.0.60]
	at org.tuckey.web.filters.urlrewrite.RuleChain.handleRewrite(RuleChain.java:176) ~[urlrewritefilter-4.0.4.jar:4.0.4]
	at org.tuckey.web.filters.urlrewrite.RuleChain.doRules(RuleChain.java:145) ~[urlrewritefilter-4.0.4.jar:4.0.4]
	at org.tuckey.web.filters.urlrewrite.UrlRewriter.processRequest(UrlRewriter.java:92) ~[urlrewritefilter-4.0.4.jar:4.0.4]
	at org.tuckey.web.filters.urlrewrite.UrlRewriteFilter.doFilter(UrlRewriteFilter.java:389) ~[urlrewritefilter-4.0.4.jar:4.0.4]
	at org.apache.catalina.core.ApplicationFilterChain.internalDoFilter(ApplicationFilterChain.java:189) ~[catalina.jar:9.0.60]
	at org.apache.catalina.core.ApplicationFilterChain.doFilter(ApplicationFilterChain.java:162) ~[catalina.jar:9.0.60]
	at com.dotmarketing.filters.TimeMachineFilter.doFilter(TimeMachineFilter.java:67) ~[dotcms_null.jar:?]
	at org.apache.catalina.core.ApplicationFilterChain.internalDoFilter(ApplicationFilterChain.java:189) ~[catalina.jar:9.0.60]
	at org.apache.catalina.core.ApplicationFilterChain.doFilter(ApplicationFilterChain.java:162) ~[catalina.jar:9.0.60]
	at com.dotmarketing.filters.ThreadNameFilter.doFilter(ThreadNameFilter.java:88) ~[dotcms_null.jar:?]
	at org.apache.catalina.core.ApplicationFilterChain.internalDoFilter(ApplicationFilterChain.java:189) ~[catalina.jar:9.0.60]
	at org.apache.catalina.core.ApplicationFilterChain.doFilter(ApplicationFilterChain.java:162) ~[catalina.jar:9.0.60]
	at com.dotmarketing.filters.CookiesFilter.doFilter(CookiesFilter.java:53) ~[dotcms_null.jar:?]
	at org.apache.catalina.core.ApplicationFilterChain.internalDoFilter(ApplicationFilterChain.java:189) ~[catalina.jar:9.0.60]
	at org.apache.catalina.core.ApplicationFilterChain.doFilter(ApplicationFilterChain.java:162) ~[catalina.jar:9.0.60]
	at com.dotmarketing.filters.CharsetEncodingFilter.doFilter(CharsetEncodingFilter.java:99) ~[dotcms_null.jar:?]
	at org.apache.catalina.core.ApplicationFilterChain.internalDoFilter(ApplicationFilterChain.java:189) ~[catalina.jar:9.0.60]
	at org.apache.catalina.core.ApplicationFilterChain.doFilter(ApplicationFilterChain.java:162) ~[catalina.jar:9.0.60]
	at com.dotcms.filters.interceptor.AbstractWebInterceptorSupportFilter.doFilter(AbstractWebInterceptorSupportFilter.java:90) ~[dotcms_null.jar:?]
	at org.apache.catalina.core.ApplicationFilterChain.internalDoFilter(ApplicationFilterChain.java:189) ~[catalina.jar:9.0.60]
	at org.apache.catalina.core.ApplicationFilterChain.doFilter(ApplicationFilterChain.java:162) ~[catalina.jar:9.0.60]
	at org.apache.catalina.filters.HttpHeaderSecurityFilter.doFilter(HttpHeaderSecurityFilter.java:126) ~[catalina.jar:9.0.60]
	at org.apache.catalina.core.ApplicationFilterChain.internalDoFilter(ApplicationFilterChain.java:189) ~[catalina.jar:9.0.60]
	at org.apache.catalina.core.ApplicationFilterChain.doFilter(ApplicationFilterChain.java:162) ~[catalina.jar:9.0.60]
	at com.dotcms.filters.NormalizationFilter.doFilter(NormalizationFilter.java:88) ~[dotcms_null.jar:?]
	at org.apache.catalina.core.ApplicationFilterChain.internalDoFilter(ApplicationFilterChain.java:189) ~[catalina.jar:9.0.60]
	at org.apache.catalina.core.ApplicationFilterChain.doFilter(ApplicationFilterChain.java:162) ~[catalina.jar:9.0.60]
	at org.apache.catalina.core.StandardWrapperValve.invoke(StandardWrapperValve.java:197) ~[catalina.jar:9.0.60]
	at org.apache.catalina.core.StandardContextValve.invoke(StandardContextValve.java:97) ~[catalina.jar:9.0.60]
	at org.apache.catalina.authenticator.AuthenticatorBase.invoke(AuthenticatorBase.java:541) ~[catalina.jar:9.0.60]
	at org.apache.catalina.core.StandardHostValve.invoke(StandardHostValve.java:135) ~[catalina.jar:9.0.60]
	at org.apache.catalina.valves.AbstractAccessLogValve.invoke(AbstractAccessLogValve.java:687) ~[catalina.jar:9.0.60]
	at org.apache.catalina.valves.ErrorReportValve.invoke(ErrorReportValve.java:92) ~[catalina.jar:9.0.60]
	at org.apache.catalina.valves.RemoteIpValve.invoke(RemoteIpValve.java:769) ~[catalina.jar:9.0.60]
	at org.apache.catalina.core.StandardEngineValve.invoke(StandardEngineValve.java:78) ~[catalina.jar:9.0.60]
	at org.apache.catalina.connector.CoyoteAdapter.service(CoyoteAdapter.java:360) ~[catalina.jar:9.0.60]
	at org.apache.coyote.http11.Http11Processor.service(Http11Processor.java:399) ~[tomcat-coyote.jar:9.0.60]
	at org.apache.coyote.AbstractProcessorLight.process(AbstractProcessorLight.java:65) ~[tomcat-coyote.jar:9.0.60]
	at org.apache.coyote.AbstractProtocol$ConnectionHandler.process(AbstractProtocol.java:889) ~[tomcat-coyote.jar:9.0.60]
	at org.apache.tomcat.util.net.Nio2Endpoint$SocketProcessor.doRun(Nio2Endpoint.java:1701) ~[tomcat-coyote.jar:9.0.60]
	at org.apache.tomcat.util.net.SocketProcessorBase.run(SocketProcessorBase.java:49) ~[tomcat-coyote.jar:9.0.60]
	at org.apache.tomcat.util.net.AbstractEndpoint.processSocket(AbstractEndpoint.java:1190) ~[tomcat-coyote.jar:9.0.60]
	at org.apache.tomcat.util.net.Nio2Endpoint$Nio2SocketWrapper$2.completed(Nio2Endpoint.java:633) ~[tomcat-coyote.jar:9.0.60]
	at org.apache.tomcat.util.net.Nio2Endpoint$Nio2SocketWrapper$2.completed(Nio2Endpoint.java:611) ~[tomcat-coyote.jar:9.0.60]
	at sun.nio.ch.Invoker.invokeUnchecked(Invoker.java:127) ~[?:?]
	at sun.nio.ch.UnixAsynchronousSocketChannelImpl.finishRead(UnixAsynchronousSocketChannelImpl.java:439) ~[?:?]
	at sun.nio.ch.UnixAsynchronousSocketChannelImpl.finish(UnixAsynchronousSocketChannelImpl.java:191) ~[?:?]
	at sun.nio.ch.UnixAsynchronousSocketChannelImpl.onEvent(UnixAsynchronousSocketChannelImpl.java:213) ~[?:?]
	at sun.nio.ch.EPollPort$EventHandlerTask.run(EPollPort.java:306) ~[?:?]
	at sun.nio.ch.AsynchronousChannelGroupImpl$1.run(AsynchronousChannelGroupImpl.java:112) ~[?:?]
	at java.util.concurrent.ThreadPoolExecutor.runWorker(ThreadPoolExecutor.java:1128) ~[?:?]
	at java.util.concurrent.ThreadPoolExecutor$Worker.run(ThreadPoolExecutor.java:628) ~[?:?]
	at java.lang.Thread.run(Thread.java:829) [?:?]
[02/06/23 15:46:15:301 UTC]  INFO util.SecurityLogger: class com.dotmarketing.cms.login.factories.LoginFactory : User admin@dotcms.com has sucessfully logged in from IP: 172.18.0.1 -- ip:172.18.0.1,user:Admin User [ID: dotcms.org.1][email:admin@dotcms.com]
[02/06/23 15:46:15:335 UTC]  INFO util.SecurityLogger: class com.dotcms.rest.exception.mapper.DotBadRequestExceptionMapper : The container id is required -- ip:172.18.0.1,user:Admin User [ID: dotcms.org.1][email:admin@dotcms.com]
[02/06/23 15:46:15:338 UTC]  WARN struts.MultiMessageResources: Duplicate resource property definition (key=was ==> is now): contenttypes.content.copy=Copy ==> Copy
[02/06/23 15:46:15:340 UTC]  WARN struts.MultiMessageResources: Duplicate resource property definition (key=was ==> is now): message.category.import=Importing Categories.  This operation cannot be cancelled or undone. ==> IMPORT
[02/06/23 15:46:15:340 UTC]  WARN struts.MultiMessageResources: Duplicate resource property definition (key=was ==> is now): message.containers.create.content_type_code=Content Type Code ==> Content Type Code
[02/06/23 15:46:15:343 UTC]  WARN struts.MultiMessageResources: Duplicate resource property definition (key=was ==> is now): Save=Save ==> Save
[02/06/23 15:46:15:345 UTC]  WARN struts.MultiMessageResources: Duplicate resource property definition (key=was ==> is now): Move=Move ==> Move
[02/06/23 15:46:15:346 UTC]  WARN struts.MultiMessageResources: Duplicate resource property definition (key=was ==> is now): archived=archived ==> Archived
[02/06/23 15:46:18:405 UTC]  INFO util.SecurityLogger: class com.dotmarketing.cms.login.factories.LoginFactory : User admin@dotcms.com has sucessfully logged in from IP: 172.18.0.1 -- ip:172.18.0.1,user:Admin User [ID: dotcms.org.1][email:admin@dotcms.com]
[02/06/23 15:46:18:409 UTC]  INFO business.IdentifierAPIImpl: Creating new identifier for versionable asset of type `containers` and title `TestContainer` 
[02/06/23 15:46:18:409 UTC]  INFO business.DeterministicIdentifierAPIImpl: hashing id: container:demo.dotcms.com/testcontainer to 308a1ae44062b8757fb465db96341c8b
[02/06/23 15:46:18:411 UTC]  WARN shorty.ShortyIdAPIImpl: An error occurred when getting shorty value for '' of type 'CONTENT': shorty  is not a short id.  Short Ids should be 10 chars in length
[02/06/23 15:46:18:423 UTC]  INFO util.ActivityLogger: class com.dotcms.rest.api.v1.container.ContainerResource: demo.dotcms.com : Save Container , User dotcms.org.1 savedTestContainer
[02/06/23 15:46:18:431 UTC]  INFO util.ActivityLogger: class com.dotcms.rest.api.v1.container.ContainerResource: system : Publish Container , User dotcms.org.1 published container: 308a1ae44062b8757fb465db96341c8b
[02/06/23 15:46:24:474 UTC]  INFO util.SecurityLogger: class com.dotmarketing.cms.login.factories.LoginFactory : User admin@dotcms.com has sucessfully logged in from IP: 172.18.0.1 -- ip:172.18.0.1,user:Admin User [ID: dotcms.org.1][email:admin@dotcms.com]
[02/06/23 15:46:24:479 UTC]  INFO business.IdentifierAPIImpl: Creating new identifier for versionable asset of type `containers` and title `TestContainer` 
[02/06/23 15:46:24:480 UTC]  INFO business.DeterministicIdentifierAPIImpl: hashing id: container:demo.dotcms.com/testcontainer to 308a1ae44062b8757fb465db96341c8b
[02/06/23 15:46:24:482 UTC]  WARN shorty.ShortyIdAPIImpl: An error occurred when getting shorty value for '' of type 'CONTENT': shorty  is not a short id.  Short Ids should be 10 chars in length
[02/06/23 15:46:24:493 UTC]  INFO util.ActivityLogger: class com.dotcms.rest.api.v1.container.ContainerResource: demo.dotcms.com : Save Container , User dotcms.org.1 savedTestContainer
[02/06/23 15:46:24:502 UTC]  INFO util.ActivityLogger: class com.dotcms.rest.api.v1.container.ContainerResource: system : Publish Container , User dotcms.org.1 published container: 72f0ae0f-c765-49aa-8e5a-606f21c9d890
[02/06/23 15:46:30:546 UTC]  INFO util.SecurityLogger: class com.dotmarketing.cms.login.factories.LoginFactory : User admin@dotcms.com has sucessfully logged in from IP: 172.18.0.1 -- ip:172.18.0.1,user:Admin User [ID: dotcms.org.1][email:admin@dotcms.com]
[02/06/23 15:46:30:550 UTC]  INFO business.IdentifierAPIImpl: Creating new identifier for versionable asset of type `containers` and title `TestContainer` 
[02/06/23 15:46:30:551 UTC]  INFO business.DeterministicIdentifierAPIImpl: hashing id: container:demo.dotcms.com/testcontainer to 308a1ae44062b8757fb465db96341c8b
[02/06/23 15:46:30:552 UTC]  WARN shorty.ShortyIdAPIImpl: An error occurred when getting shorty value for '' of type 'CONTENT': shorty  is not a short id.  Short Ids should be 10 chars in length
[02/06/23 15:46:30:561 UTC]  INFO util.ActivityLogger: class com.dotcms.rest.api.v1.container.ContainerResource: demo.dotcms.com : Save Container , User dotcms.org.1 savedTestContainer
[02/06/23 15:46:30:576 UTC]  INFO util.ActivityLogger: class com.dotcms.rest.api.v1.container.ContainerResource: system : Publish Container , User dotcms.org.1 published container: 46ebad13-3134-4cd9-97f2-b7c654902f12
[02/06/23 15:46:36:618 UTC]  INFO util.SecurityLogger: class com.dotmarketing.cms.login.factories.LoginFactory : User admin@dotcms.com has sucessfully logged in from IP: 172.18.0.1 -- ip:172.18.0.1,user:Admin User [ID: dotcms.org.1][email:admin@dotcms.com]
[02/06/23 15:46:36:624 UTC]  INFO business.IdentifierAPIImpl: Creating new identifier for versionable asset of type `containers` and title `TestContainer` 
[02/06/23 15:46:36:624 UTC]  INFO business.DeterministicIdentifierAPIImpl: hashing id: container:demo.dotcms.com/testcontainer to 308a1ae44062b8757fb465db96341c8b
[02/06/23 15:46:36:625 UTC]  WARN shorty.ShortyIdAPIImpl: An error occurred when getting shorty value for '' of type 'CONTENT': shorty  is not a short id.  Short Ids should be 10 chars in length
[02/06/23 15:46:36:644 UTC]  INFO util.ActivityLogger: class com.dotcms.rest.api.v1.container.ContainerResource: demo.dotcms.com : Save Container , User dotcms.org.1 savedTestContainer
[02/06/23 15:46:36:657 UTC]  INFO util.ActivityLogger: class com.dotcms.rest.api.v1.container.ContainerResource: system : Publish Container , User dotcms.org.1 published container: be3013f6-e247-4ecd-b562-1d40c8331268
[02/06/23 15:46:42:724 UTC]  INFO util.SecurityLogger: class com.dotmarketing.cms.login.factories.LoginFactory : User admin@dotcms.com has sucessfully logged in from IP: 172.18.0.1 -- ip:172.18.0.1,user:Admin User [ID: dotcms.org.1][email:admin@dotcms.com]
[02/06/23 15:46:45:842 UTC]  INFO util.SecurityLogger: class com.dotmarketing.cms.login.factories.LoginFactory : User admin@dotcms.com has sucessfully logged in from IP: 172.18.0.1 -- ip:172.18.0.1,user:Admin User [ID: dotcms.org.1][email:admin@dotcms.com]
[02/06/23 15:46:45:846 UTC]  WARN mapper.ResourceNotFoundExceptionMapper: Can't find Container:12345678-abcd-1234-abcd-123456789abc
org.apache.velocity.exception.ResourceNotFoundException: Can't find Container:12345678-abcd-1234-abcd-123456789abc
	at com.dotcms.rest.api.v1.container.ContainerResource.lambda$getContainer$1(ContainerResource.java:502) ~[dotcms_null.jar:?]
	at java.util.Optional.orElseGet(Optional.java:369) ~[?:?]
	at com.dotcms.rest.api.v1.container.ContainerResource.getContainer(ContainerResource.java:501) ~[dotcms_null.jar:?]
	at com.dotcms.rest.api.v1.container.ContainerResource.getContainer(ContainerResource.java:452) ~[dotcms_null.jar:?]
	at com.dotcms.rest.api.v1.container.ContainerResource.getContainerWorking(ContainerResource.java:435) ~[dotcms_null.jar:?]
	at com.dotcms.rest.api.v1.container.ContainerResource.getWorkingById(ContainerResource.java:844) ~[dotcms_null.jar:?]
	at jdk.internal.reflect.NativeMethodAccessorImpl.invoke0(Native Method) ~[?:?]
	at jdk.internal.reflect.NativeMethodAccessorImpl.invoke(NativeMethodAccessorImpl.java:62) ~[?:?]
	at jdk.internal.reflect.DelegatingMethodAccessorImpl.invoke(DelegatingMethodAccessorImpl.java:43) ~[?:?]
	at java.lang.reflect.Method.invoke(Method.java:566) ~[?:?]
	at org.glassfish.jersey.server.model.internal.ResourceMethodInvocationHandlerFactory$1.invoke(ResourceMethodInvocationHandlerFactory.java:81) ~[jersey-server-2.22.1.jar:?]
	at org.glassfish.jersey.server.model.internal.AbstractJavaResourceMethodDispatcher$1.run(AbstractJavaResourceMethodDispatcher.java:144) ~[jersey-server-2.22.1.jar:?]
	at org.glassfish.jersey.server.model.internal.AbstractJavaResourceMethodDispatcher.invoke(AbstractJavaResourceMethodDispatcher.java:161) ~[jersey-server-2.22.1.jar:?]
	at org.glassfish.jersey.server.model.internal.JavaResourceMethodDispatcherProvider$ResponseOutInvoker.doDispatch(JavaResourceMethodDispatcherProvider.java:160) ~[jersey-server-2.22.1.jar:?]
	at org.glassfish.jersey.server.model.internal.AbstractJavaResourceMethodDispatcher.dispatch(AbstractJavaResourceMethodDispatcher.java:99) ~[jersey-server-2.22.1.jar:?]
	at org.glassfish.jersey.server.model.ResourceMethodInvoker.invoke(ResourceMethodInvoker.java:389) ~[jersey-server-2.22.1.jar:?]
	at org.glassfish.jersey.server.model.ResourceMethodInvoker.apply(ResourceMethodInvoker.java:347) ~[jersey-server-2.22.1.jar:?]
	at org.glassfish.jersey.server.model.ResourceMethodInvoker.apply(ResourceMethodInvoker.java:102) ~[jersey-server-2.22.1.jar:?]
	at org.glassfish.jersey.server.ServerRuntime$2.run(ServerRuntime.java:326) ~[jersey-server-2.22.1.jar:?]
	at org.glassfish.jersey.internal.Errors$1.call(Errors.java:271) ~[jersey-common-2.22.1.jar:?]
	at org.glassfish.jersey.internal.Errors$1.call(Errors.java:267) ~[jersey-common-2.22.1.jar:?]
	at org.glassfish.jersey.internal.Errors.process(Errors.java:315) ~[jersey-common-2.22.1.jar:?]
	at org.glassfish.jersey.internal.Errors.process(Errors.java:297) ~[jersey-common-2.22.1.jar:?]
	at org.glassfish.jersey.internal.Errors.process(Errors.java:267) ~[jersey-common-2.22.1.jar:?]
	at org.glassfish.jersey.process.internal.RequestScope.runInScope(RequestScope.java:317) ~[jersey-common-2.22.1.jar:?]
	at org.glassfish.jersey.server.ServerRuntime.process(ServerRuntime.java:305) ~[jersey-server-2.22.1.jar:?]
	at org.glassfish.jersey.server.ApplicationHandler.handle(ApplicationHandler.java:1154) ~[jersey-server-2.22.1.jar:?]
	at org.glassfish.jersey.servlet.WebComponent.serviceImpl(WebComponent.java:471) ~[jersey-container-servlet-core-2.22.1.jar:?]
	at org.glassfish.jersey.servlet.WebComponent.service(WebComponent.java:425) ~[jersey-container-servlet-core-2.22.1.jar:?]
	at org.glassfish.jersey.servlet.ServletContainer.service(ServletContainer.java:383) ~[jersey-container-servlet-core-2.22.1.jar:?]
	at org.glassfish.jersey.servlet.ServletContainer.service(ServletContainer.java:336) ~[jersey-container-servlet-core-2.22.1.jar:?]
	at org.glassfish.jersey.servlet.ServletContainer.service(ServletContainer.java:223) ~[jersey-container-servlet-core-2.22.1.jar:?]
	at com.dotcms.rest.servlet.ReloadableServletContainer.service(ReloadableServletContainer.java:117) ~[dotcms_null.jar:?]
	at org.apache.catalina.core.ApplicationFilterChain.internalDoFilter(ApplicationFilterChain.java:227) ~[catalina.jar:9.0.60]
	at org.apache.catalina.core.ApplicationFilterChain.doFilter(ApplicationFilterChain.java:162) ~[catalina.jar:9.0.60]
	at org.apache.tomcat.websocket.server.WsFilter.doFilter(WsFilter.java:53) ~[tomcat-websocket.jar:9.0.60]
	at org.apache.catalina.core.ApplicationFilterChain.internalDoFilter(ApplicationFilterChain.java:189) ~[catalina.jar:9.0.60]
	at org.apache.catalina.core.ApplicationFilterChain.doFilter(ApplicationFilterChain.java:162) ~[catalina.jar:9.0.60]
	at com.dotmarketing.filters.CMSFilter.doFilterInternal(CMSFilter.java:181) ~[dotcms_null.jar:?]
	at com.dotmarketing.filters.CMSFilter.doFilter(CMSFilter.java:61) ~[dotcms_null.jar:?]
	at org.apache.catalina.core.ApplicationFilterChain.internalDoFilter(ApplicationFilterChain.java:189) ~[catalina.jar:9.0.60]
	at org.apache.catalina.core.ApplicationFilterChain.doFilter(ApplicationFilterChain.java:162) ~[catalina.jar:9.0.60]
	at com.dotcms.filters.interceptor.AbstractWebInterceptorSupportFilter.doFilter(AbstractWebInterceptorSupportFilter.java:90) ~[dotcms_null.jar:?]
	at org.apache.catalina.core.ApplicationFilterChain.internalDoFilter(ApplicationFilterChain.java:189) ~[catalina.jar:9.0.60]
	at org.apache.catalina.core.ApplicationFilterChain.doFilter(ApplicationFilterChain.java:162) ~[catalina.jar:9.0.60]
	at com.dotcms.filters.interceptor.AbstractWebInterceptorSupportFilter.doFilter(AbstractWebInterceptorSupportFilter.java:90) ~[dotcms_null.jar:?]
	at org.apache.catalina.core.ApplicationFilterChain.internalDoFilter(ApplicationFilterChain.java:189) ~[catalina.jar:9.0.60]
	at org.apache.catalina.core.ApplicationFilterChain.doFilter(ApplicationFilterChain.java:162) ~[catalina.jar:9.0.60]
	at com.dotcms.visitor.filter.servlet.VisitorFilter.doFilter(VisitorFilter.java:81) ~[dotcms_null.jar:?]
	at org.apache.catalina.core.ApplicationFilterChain.internalDoFilter(ApplicationFilterChain.java:189) ~[catalina.jar:9.0.60]
	at org.apache.catalina.core.ApplicationFilterChain.doFilter(ApplicationFilterChain.java:162) ~[catalina.jar:9.0.60]
	at com.dotcms.vanityurl.filters.VanityURLFilter.doFilter(VanityURLFilter.java:114) ~[dotcms_null.jar:?]
	at org.apache.catalina.core.ApplicationFilterChain.internalDoFilter(ApplicationFilterChain.java:189) ~[catalina.jar:9.0.60]
	at org.apache.catalina.core.ApplicationFilterChain.doFilter(ApplicationFilterChain.java:162) ~[catalina.jar:9.0.60]
	at org.tuckey.web.filters.urlrewrite.RuleChain.handleRewrite(RuleChain.java:176) ~[urlrewritefilter-4.0.4.jar:4.0.4]
	at org.tuckey.web.filters.urlrewrite.RuleChain.doRules(RuleChain.java:145) ~[urlrewritefilter-4.0.4.jar:4.0.4]
	at org.tuckey.web.filters.urlrewrite.UrlRewriter.processRequest(UrlRewriter.java:92) ~[urlrewritefilter-4.0.4.jar:4.0.4]
	at org.tuckey.web.filters.urlrewrite.UrlRewriteFilter.doFilter(UrlRewriteFilter.java:389) ~[urlrewritefilter-4.0.4.jar:4.0.4]
	at org.apache.catalina.core.ApplicationFilterChain.internalDoFilter(ApplicationFilterChain.java:189) ~[catalina.jar:9.0.60]
	at org.apache.catalina.core.ApplicationFilterChain.doFilter(ApplicationFilterChain.java:162) ~[catalina.jar:9.0.60]
	at com.dotmarketing.filters.TimeMachineFilter.doFilter(TimeMachineFilter.java:67) ~[dotcms_null.jar:?]
	at org.apache.catalina.core.ApplicationFilterChain.internalDoFilter(ApplicationFilterChain.java:189) ~[catalina.jar:9.0.60]
	at org.apache.catalina.core.ApplicationFilterChain.doFilter(ApplicationFilterChain.java:162) ~[catalina.jar:9.0.60]
	at com.dotmarketing.filters.ThreadNameFilter.doFilter(ThreadNameFilter.java:88) ~[dotcms_null.jar:?]
	at org.apache.catalina.core.ApplicationFilterChain.internalDoFilter(ApplicationFilterChain.java:189) ~[catalina.jar:9.0.60]
	at org.apache.catalina.core.ApplicationFilterChain.doFilter(ApplicationFilterChain.java:162) ~[catalina.jar:9.0.60]
	at com.dotmarketing.filters.CookiesFilter.doFilter(CookiesFilter.java:53) ~[dotcms_null.jar:?]
	at org.apache.catalina.core.ApplicationFilterChain.internalDoFilter(ApplicationFilterChain.java:189) ~[catalina.jar:9.0.60]
	at org.apache.catalina.core.ApplicationFilterChain.doFilter(ApplicationFilterChain.java:162) ~[catalina.jar:9.0.60]
	at com.dotmarketing.filters.CharsetEncodingFilter.doFilter(CharsetEncodingFilter.java:99) ~[dotcms_null.jar:?]
	at org.apache.catalina.core.ApplicationFilterChain.internalDoFilter(ApplicationFilterChain.java:189) ~[catalina.jar:9.0.60]
	at org.apache.catalina.core.ApplicationFilterChain.doFilter(ApplicationFilterChain.java:162) ~[catalina.jar:9.0.60]
	at com.dotcms.filters.interceptor.AbstractWebInterceptorSupportFilter.doFilter(AbstractWebInterceptorSupportFilter.java:90) ~[dotcms_null.jar:?]
	at org.apache.catalina.core.ApplicationFilterChain.internalDoFilter(ApplicationFilterChain.java:189) ~[catalina.jar:9.0.60]
	at org.apache.catalina.core.ApplicationFilterChain.doFilter(ApplicationFilterChain.java:162) ~[catalina.jar:9.0.60]
	at org.apache.catalina.filters.HttpHeaderSecurityFilter.doFilter(HttpHeaderSecurityFilter.java:126) ~[catalina.jar:9.0.60]
	at org.apache.catalina.core.ApplicationFilterChain.internalDoFilter(ApplicationFilterChain.java:189) ~[catalina.jar:9.0.60]
	at org.apache.catalina.core.ApplicationFilterChain.doFilter(ApplicationFilterChain.java:162) ~[catalina.jar:9.0.60]
	at com.dotcms.filters.NormalizationFilter.doFilter(NormalizationFilter.java:88) ~[dotcms_null.jar:?]
	at org.apache.catalina.core.ApplicationFilterChain.internalDoFilter(ApplicationFilterChain.java:189) ~[catalina.jar:9.0.60]
	at org.apache.catalina.core.ApplicationFilterChain.doFilter(ApplicationFilterChain.java:162) ~[catalina.jar:9.0.60]
	at org.apache.catalina.core.StandardWrapperValve.invoke(StandardWrapperValve.java:197) ~[catalina.jar:9.0.60]
	at org.apache.catalina.core.StandardContextValve.invoke(StandardContextValve.java:97) ~[catalina.jar:9.0.60]
	at org.apache.catalina.authenticator.AuthenticatorBase.invoke(AuthenticatorBase.java:541) ~[catalina.jar:9.0.60]
	at org.apache.catalina.core.StandardHostValve.invoke(StandardHostValve.java:135) ~[catalina.jar:9.0.60]
	at org.apache.catalina.valves.AbstractAccessLogValve.invoke(AbstractAccessLogValve.java:687) ~[catalina.jar:9.0.60]
	at org.apache.catalina.valves.ErrorReportValve.invoke(ErrorReportValve.java:92) ~[catalina.jar:9.0.60]
	at org.apache.catalina.valves.RemoteIpValve.invoke(RemoteIpValve.java:769) ~[catalina.jar:9.0.60]
	at org.apache.catalina.core.StandardEngineValve.invoke(StandardEngineValve.java:78) ~[catalina.jar:9.0.60]
	at org.apache.catalina.connector.CoyoteAdapter.service(CoyoteAdapter.java:360) ~[catalina.jar:9.0.60]
	at org.apache.coyote.http11.Http11Processor.service(Http11Processor.java:399) ~[tomcat-coyote.jar:9.0.60]
	at org.apache.coyote.AbstractProcessorLight.process(AbstractProcessorLight.java:65) ~[tomcat-coyote.jar:9.0.60]
	at org.apache.coyote.AbstractProtocol$ConnectionHandler.process(AbstractProtocol.java:889) ~[tomcat-coyote.jar:9.0.60]
	at org.apache.tomcat.util.net.Nio2Endpoint$SocketProcessor.doRun(Nio2Endpoint.java:1701) ~[tomcat-coyote.jar:9.0.60]
	at org.apache.tomcat.util.net.SocketProcessorBase.run(SocketProcessorBase.java:49) ~[tomcat-coyote.jar:9.0.60]
	at org.apache.tomcat.util.net.AbstractEndpoint.processSocket(AbstractEndpoint.java:1190) ~[tomcat-coyote.jar:9.0.60]
	at org.apache.tomcat.util.net.Nio2Endpoint$Nio2SocketWrapper$2.completed(Nio2Endpoint.java:633) ~[tomcat-coyote.jar:9.0.60]
	at org.apache.tomcat.util.net.Nio2Endpoint$Nio2SocketWrapper$2.completed(Nio2Endpoint.java:611) ~[tomcat-coyote.jar:9.0.60]
	at sun.nio.ch.Invoker.invokeUnchecked(Invoker.java:127) ~[?:?]
	at sun.nio.ch.Invoker$2.run(Invoker.java:219) ~[?:?]
	at sun.nio.ch.AsynchronousChannelGroupImpl$1.run(AsynchronousChannelGroupImpl.java:112) ~[?:?]
	at java.util.concurrent.ThreadPoolExecutor.runWorker(ThreadPoolExecutor.java:1128) ~[?:?]
	at java.util.concurrent.ThreadPoolExecutor$Worker.run(ThreadPoolExecutor.java:628) ~[?:?]
	at java.lang.Thread.run(Thread.java:829) [?:?]
[02/06/23 15:46:48:891 UTC]  INFO util.SecurityLogger: class com.dotmarketing.cms.login.factories.LoginFactory : User admin@dotcms.com has sucessfully logged in from IP: 172.18.0.1 -- ip:172.18.0.1,user:Admin User [ID: dotcms.org.1][email:admin@dotcms.com]
[02/06/23 15:46:48:898 UTC]  INFO business.IdentifierAPIImpl: Creating new identifier for versionable asset of type `containers` and title `Test Container to update` 
[02/06/23 15:46:48:898 UTC]  INFO business.DeterministicIdentifierAPIImpl: hashing id: container:demo.dotcms.com/test container to update to 981b41ca13f1223fa0a88b04c601786d
[02/06/23 15:46:48:902 UTC]  WARN shorty.ShortyIdAPIImpl: An error occurred when getting shorty value for '' of type 'CONTENT': shorty  is not a short id.  Short Ids should be 10 chars in length
[02/06/23 15:46:48:908 UTC]  INFO util.ActivityLogger: class com.dotcms.rest.api.v1.container.ContainerResource: demo.dotcms.com : Save Container , User dotcms.org.1 savedTest Container to update
[02/06/23 15:46:48:916 UTC]  INFO util.ActivityLogger: class com.dotcms.rest.api.v1.container.ContainerResource: system : Publish Container , User dotcms.org.1 published container: 981b41ca13f1223fa0a88b04c601786d
[02/06/23 15:46:54:975 UTC]  INFO util.SecurityLogger: class com.dotmarketing.cms.login.factories.LoginFactory : User admin@dotcms.com has sucessfully logged in from IP: 172.18.0.1 -- ip:172.18.0.1,user:Admin User [ID: dotcms.org.1][email:admin@dotcms.com]
[02/06/23 15:46:57:995 UTC]  INFO util.ActivityLogger: class com.dotcms.rest.api.v1.container.ContainerResource: demo.dotcms.com : Update Container: 981b41ca13f1223fa0a88b04c601786d , User dotcms.org.1 savedTestContainer
[02/06/23 15:47:01:041 UTC]  INFO util.SecurityLogger: class com.dotmarketing.cms.login.factories.LoginFactory : User admin@dotcms.com has sucessfully logged in from IP: 172.18.0.1 -- ip:172.18.0.1,user:Admin User [ID: dotcms.org.1][email:admin@dotcms.com]
[02/06/23 15:47:01:045 UTC]  INFO business.IdentifierAPIImpl: Creating new identifier for versionable asset of type `containers` and title `NewContainerToPublish` 
[02/06/23 15:47:01:045 UTC]  INFO business.DeterministicIdentifierAPIImpl: hashing id: container:demo.dotcms.com/newcontainertopublish to fdd1c1db5384352127b4535f907001fb
[02/06/23 15:47:01:045 UTC]  WARN shorty.ShortyIdAPIImpl: An error occurred when getting shorty value for '' of type 'CONTENT': shorty  is not a short id.  Short Ids should be 10 chars in length
[02/06/23 15:47:01:063 UTC]  INFO util.ActivityLogger: class com.dotcms.rest.api.v1.container.ContainerResource: demo.dotcms.com : Save Container , User dotcms.org.1 savedNewContainerToPublish
[02/06/23 15:47:01:075 UTC]  INFO util.ActivityLogger: class com.dotcms.rest.api.v1.container.ContainerResource: system : Publish Container , User dotcms.org.1 published container: fdd1c1db5384352127b4535f907001fb
[02/06/23 15:47:07:136 UTC]  INFO util.SecurityLogger: class com.dotmarketing.cms.login.factories.LoginFactory : User admin@dotcms.com has sucessfully logged in from IP: 172.18.0.1 -- ip:172.18.0.1,user:Admin User [ID: dotcms.org.1][email:admin@dotcms.com]
[02/06/23 15:47:07:196 UTC]  INFO util.PushPublishLogger: class com.dotcms.publisher.business.PublishAuditStatus : Status Update: Pending.
[02/06/23 15:47:07:200 UTC]  INFO rest.PushPublisherJob: Started bundle publish process
[02/06/23 15:47:07:200 UTC]  INFO util.PushPublishLogger: class com.dotcms.rest.PushPublisherJob : [BundleID: application_containers_folder.tar.gz] Started bundle publish process
[02/06/23 15:47:07:247 UTC]  INFO util.ActivityLogger: class com.dotcms.content.elasticsearch.business.ESContentletAPIImpl: System Host : Saving Content , StartDate: N/D; EndDate: N/D; User:system; ContentIdentifier: 8a7d5e23-da1e-420a-b4f0-471e7da8ea2d
[02/06/23 15:47:07:268 UTC]  INFO timedcache.TimedCacheProvider: ***	 Building Cache : esquerycountcache, size:10000, seconds:3600,Concurrency:32 (every 60000 millis)
[02/06/23 15:47:07:304 UTC]  INFO business.ContentletIndexAPIImpl: Indexing: 8a7d5e23-da1e-420a-b4f0-471e7da8ea2d : default, includeDependencies: true, policy: FORCE
[02/06/23 15:47:07:323 UTC]  INFO util.ActivityLogger: class com.dotcms.content.elasticsearch.business.ESContentletAPIImpl: System Host : Content Saved , StartDate: N/D; EndDate: N/D; User:system; ContentIdentifier: 8a7d5e23-da1e-420a-b4f0-471e7da8ea2d
[02/06/23 15:47:07:333 UTC]  INFO business.ContentletIndexAPIImpl: Indexing: 8a7d5e23-da1e-420a-b4f0-471e7da8ea2d : default, includeDependencies: false, policy: FORCE
[02/06/23 15:47:07:334 UTC]  INFO util.PushPublishLogger: class com.dotcms.enterprise.publishing.remote.handler.ContentHandler : [BundleID: application_containers_folder.tar.gz] Host publish success, ID: 8a7d5e23-da1e-420a-b4f0-471e7da8ea2d, Inode: 1b407535-67e3-4f21-ad00-8ef5ef492d64, Name: default
[02/06/23 15:47:07:357 UTC]  INFO util.ActivityLogger: class com.dotcms.content.elasticsearch.business.ESContentletAPIImpl: System Host : Locking Content , StartDate: N/D; EndDate: N/D; User:system; ContentIdentifier: 48190c8c-42c4-46af-8d1a-0cd5db894797
[02/06/23 15:47:07:359 UTC]  INFO business.ContentletIndexAPIImpl: Indexing: 48190c8c-42c4-46af-8d1a-0cd5db894797 : demo.dotcms.com, includeDependencies: false, policy: FORCE
[02/06/23 15:47:07:361 UTC]  INFO util.ActivityLogger: class com.dotcms.content.elasticsearch.business.ESContentletAPIImpl: System Host : Content Locked , StartDate: N/D; EndDate: N/D; User:system; ContentIdentifier: 48190c8c-42c4-46af-8d1a-0cd5db894797
[02/06/23 15:47:07:362 UTC]  INFO util.ActivityLogger: class com.dotcms.content.elasticsearch.business.ESContentletAPIImpl: System Host : Saving Content , StartDate: N/D; EndDate: N/D; User:system; ContentIdentifier: 48190c8c-42c4-46af-8d1a-0cd5db894797
[02/06/23 15:47:07:407 UTC]  INFO business.ContentletIndexAPIImpl: Indexing: 48190c8c-42c4-46af-8d1a-0cd5db894797 : demo.dotcms.com, includeDependencies: true, policy: FORCE
[02/06/23 15:47:07:423 UTC]  INFO util.ActivityLogger: class com.dotcms.content.elasticsearch.business.ESContentletAPIImpl: System Host : Content Saved , StartDate: N/D; EndDate: N/D; User:system; ContentIdentifier: 48190c8c-42c4-46af-8d1a-0cd5db894797
[02/06/23 15:47:07:426 UTC]  INFO util.ActivityLogger: class com.dotcms.content.elasticsearch.business.ESContentletAPIImpl: System Host : Publishing Content , StartDate: N/D; EndDate: N/D; User:system; ContentIdentifier: 48190c8c-42c4-46af-8d1a-0cd5db894797
[02/06/23 15:47:07:429 UTC]  INFO business.ContentletIndexAPIImpl: Indexing: 48190c8c-42c4-46af-8d1a-0cd5db894797 : demo.dotcms.com, includeDependencies: true, policy: FORCE
[02/06/23 15:47:07:445 UTC]  INFO util.ActivityLogger: class com.dotcms.content.elasticsearch.business.ESContentletAPIImpl: System Host : Content Published , StartDate: N/D; EndDate: N/D; User:system; ContentIdentifier: 48190c8c-42c4-46af-8d1a-0cd5db894797
[02/06/23 15:47:07:450 UTC]  INFO util.ActivityLogger: class com.dotcms.content.elasticsearch.business.ESContentletAPIImpl: System Host : Publishing Content , StartDate: N/D; EndDate: N/D; User:system; ContentIdentifier: 8a7d5e23-da1e-420a-b4f0-471e7da8ea2d
[02/06/23 15:47:07:452 UTC]  INFO business.ContentletIndexAPIImpl: Indexing: 8a7d5e23-da1e-420a-b4f0-471e7da8ea2d : default, includeDependencies: true, policy: FORCE
[02/06/23 15:47:07:472 UTC]  INFO util.ActivityLogger: class com.dotcms.content.elasticsearch.business.ESContentletAPIImpl: System Host : Content Published , StartDate: N/D; EndDate: N/D; User:system; ContentIdentifier: 8a7d5e23-da1e-420a-b4f0-471e7da8ea2d
[02/06/23 15:47:07:475 UTC]  INFO business.ContentletIndexAPIImpl: Indexing: 8a7d5e23-da1e-420a-b4f0-471e7da8ea2d : default, includeDependencies: true, policy: FORCE
[02/06/23 15:47:07:514 UTC]  INFO util.PushPublishLogger: class com.dotcms.enterprise.publishing.remote.handler.FolderHandler : [BundleID: application_containers_folder.tar.gz] Folder publish (new) success, ID: 577bbb1f-81f5-4184-bb01-dbca60731e75, Inode: 18f8b54b-f9f3-4a57-8b5d-b616ca9c030d, Name: application
[02/06/23 15:47:07:533 UTC]  INFO util.PushPublishLogger: class com.dotcms.enterprise.publishing.remote.handler.FolderHandler : [BundleID: application_containers_folder.tar.gz] Folder publish (new) success, ID: ce965ea9-bdba-42c2-b42d-a01e1a79ddbd, Inode: d6315999-4131-4e02-99d9-920a0bf2a4f8, Name: containers
[02/06/23 15:47:07:548 UTC]  INFO util.PushPublishLogger: class com.dotcms.enterprise.publishing.remote.handler.FolderHandler : [BundleID: application_containers_folder.tar.gz] Folder publish (new) success, ID: 0ae8965ca3ffbe440d9efdad5f92e2f2, Inode: 02b81440-03c5-490e-ad2d-4f7c79f35255, Name: default
[02/06/23 15:47:07:577 UTC]  INFO util.SecurityLogger: class com.dotmarketing.portlets.workflows.business.WorkflowAPIImpl : Workflow Scheme 'System Workflow' [d61a59e1-a49c-46f2-a929-db2b4bfa88b2] has been saved by User ID 'system' -- ip:ukn,user:null
[02/06/23 15:47:07:581 UTC]  INFO util.SecurityLogger: class com.dotmarketing.portlets.workflows.business.WorkflowAPIImpl : Workflow Step 'New' [6cb7e3bd-1710-4eed-8838-d3db60f78f19] has been saved by User ID 'system' -- ip:ukn,user:null
[02/06/23 15:47:07:585 UTC]  INFO util.SecurityLogger: class com.dotmarketing.portlets.workflows.business.WorkflowAPIImpl : Workflow Step 'Draft' [ee24a4cb-2d15-4c98-b1bd-6327126451f3] has been saved by User ID 'system' -- ip:ukn,user:null
[02/06/23 15:47:07:588 UTC]  INFO util.SecurityLogger: class com.dotmarketing.portlets.workflows.business.WorkflowAPIImpl : Workflow Step 'Published' [dc3c9cd0-8467-404b-bf95-cb7df3fbc293] has been saved by User ID 'system' -- ip:ukn,user:null
[02/06/23 15:47:07:591 UTC]  INFO util.SecurityLogger: class com.dotmarketing.portlets.workflows.business.WorkflowAPIImpl : Workflow Step 'Archived' [d6b095b6-b65f-4bdb-bbfd-701d663dfee2] has been saved by User ID 'system' -- ip:ukn,user:null
[02/06/23 15:47:07:599 UTC]  INFO util.SecurityLogger: class com.dotmarketing.portlets.workflows.business.WorkflowAPIImpl : Action id: '4da13a42-5d59-480c-ad8f-94a3adf809fe' has been reordered by user: system -- ip:ukn,user:null
[02/06/23 15:47:07:602 UTC]  WARN business.PermissionCacheImpl:  !!! Putting an empty list of permissions in the cache for asset:4da13a42-5d59-480c-ad8f-94a3adf809fe. Every asset should have at least 1 permission (or inherited permission) associated with it
[02/06/23 15:47:07:611 UTC]  INFO util.SecurityLogger: class com.dotmarketing.portlets.workflows.business.WorkflowAPIImpl : Action id: '963f6a04-5320-42e7-ab74-6d876d199946' has been reordered by user: system -- ip:ukn,user:null
[02/06/23 15:47:07:613 UTC]  WARN business.PermissionCacheImpl:  !!! Putting an empty list of permissions in the cache for asset:963f6a04-5320-42e7-ab74-6d876d199946. Every asset should have at least 1 permission (or inherited permission) associated with it
[02/06/23 15:47:07:619 UTC]  INFO util.SecurityLogger: class com.dotmarketing.portlets.workflows.business.WorkflowAPIImpl : Action id: '777f1c6b-c877-4a37-ba4b-10627316c2cc' has been reordered by user: system -- ip:ukn,user:null
[02/06/23 15:47:07:621 UTC]  WARN business.PermissionCacheImpl:  !!! Putting an empty list of permissions in the cache for asset:777f1c6b-c877-4a37-ba4b-10627316c2cc. Every asset should have at least 1 permission (or inherited permission) associated with it
[02/06/23 15:47:07:628 UTC]  INFO util.SecurityLogger: class com.dotmarketing.portlets.workflows.business.WorkflowAPIImpl : Action id: '1e0f1c6b-b67f-4c99-983d-db2b4bfa88b2' has been reordered by user: system -- ip:ukn,user:null
[02/06/23 15:47:07:631 UTC]  WARN business.PermissionCacheImpl:  !!! Putting an empty list of permissions in the cache for asset:1e0f1c6b-b67f-4c99-983d-db2b4bfa88b2. Every asset should have at least 1 permission (or inherited permission) associated with it
[02/06/23 15:47:07:635 UTC]  INFO util.SecurityLogger: class com.dotmarketing.portlets.workflows.business.WorkflowAPIImpl : Action id: 'dd4c4b7c-e9d3-4dc0-8fbf-36102f9c6324' has been reordered by user: system -- ip:ukn,user:null
[02/06/23 15:47:07:637 UTC]  WARN business.PermissionCacheImpl:  !!! Putting an empty list of permissions in the cache for asset:dd4c4b7c-e9d3-4dc0-8fbf-36102f9c6324. Every asset should have at least 1 permission (or inherited permission) associated with it
[02/06/23 15:47:07:644 UTC]  INFO util.SecurityLogger: class com.dotmarketing.portlets.workflows.business.WorkflowAPIImpl : Action id: 'b9d89c80-3d88-4311-8365-187323c96436' has been reordered by user: system -- ip:ukn,user:null
[02/06/23 15:47:07:646 UTC]  WARN business.PermissionCacheImpl:  !!! Putting an empty list of permissions in the cache for asset:b9d89c80-3d88-4311-8365-187323c96436. Every asset should have at least 1 permission (or inherited permission) associated with it
[02/06/23 15:47:07:654 UTC]  INFO util.SecurityLogger: class com.dotmarketing.portlets.workflows.business.WorkflowAPIImpl : Action id: 'ceca71a0-deee-4999-bd47-b01baa1bcfc8' has been reordered by user: system -- ip:ukn,user:null
[02/06/23 15:47:07:658 UTC]  WARN business.PermissionCacheImpl:  !!! Putting an empty list of permissions in the cache for asset:ceca71a0-deee-4999-bd47-b01baa1bcfc8. Every asset should have at least 1 permission (or inherited permission) associated with it
[02/06/23 15:47:07:664 UTC]  INFO util.SecurityLogger: class com.dotmarketing.portlets.workflows.business.WorkflowAPIImpl : Action id: 'c92f9aa1-9503-4567-ac30-d3242b54d02d' has been reordered by user: system -- ip:ukn,user:null
[02/06/23 15:47:07:667 UTC]  WARN business.PermissionCacheImpl:  !!! Putting an empty list of permissions in the cache for asset:c92f9aa1-9503-4567-ac30-d3242b54d02d. Every asset should have at least 1 permission (or inherited permission) associated with it
[02/06/23 15:47:07:672 UTC]  INFO util.SecurityLogger: class com.dotmarketing.portlets.workflows.business.WorkflowAPIImpl : Action id: '38efc763-d78f-4e4b-b092-59cd8c579b93' has been reordered by user: system -- ip:ukn,user:null
[02/06/23 15:47:07:674 UTC]  WARN business.PermissionCacheImpl:  !!! Putting an empty list of permissions in the cache for asset:38efc763-d78f-4e4b-b092-59cd8c579b93. Every asset should have at least 1 permission (or inherited permission) associated with it
[02/06/23 15:47:07:681 UTC]  INFO util.SecurityLogger: class com.dotmarketing.portlets.workflows.business.WorkflowAPIImpl : The action id: 'ceca71a0-deee-4999-bd47-b01baa1bcfc8' has been saved by the user: system -- ip:ukn,user:null
[02/06/23 15:47:07:687 UTC]  INFO util.SecurityLogger: class com.dotmarketing.portlets.workflows.business.WorkflowAPIImpl : The action id: 'b9d89c80-3d88-4311-8365-187323c96436' has been saved by the user: system -- ip:ukn,user:null
[02/06/23 15:47:07:693 UTC]  INFO util.SecurityLogger: class com.dotmarketing.portlets.workflows.business.WorkflowAPIImpl : The action id: '777f1c6b-c877-4a37-ba4b-10627316c2cc' has been saved by the user: system -- ip:ukn,user:null
[02/06/23 15:47:07:698 UTC]  INFO util.SecurityLogger: class com.dotmarketing.portlets.workflows.business.WorkflowAPIImpl : The action id: 'ceca71a0-deee-4999-bd47-b01baa1bcfc8' has been saved by the user: system -- ip:ukn,user:null
[02/06/23 15:47:07:702 UTC]  INFO util.SecurityLogger: class com.dotmarketing.portlets.workflows.business.WorkflowAPIImpl : The action id: 'dd4c4b7c-e9d3-4dc0-8fbf-36102f9c6324' has been saved by the user: system -- ip:ukn,user:null
[02/06/23 15:47:07:707 UTC]  INFO util.SecurityLogger: class com.dotmarketing.portlets.workflows.business.WorkflowAPIImpl : The action id: '38efc763-d78f-4e4b-b092-59cd8c579b93' has been saved by the user: system -- ip:ukn,user:null
[02/06/23 15:47:07:711 UTC]  INFO util.SecurityLogger: class com.dotmarketing.portlets.workflows.business.WorkflowAPIImpl : The action id: '963f6a04-5320-42e7-ab74-6d876d199946' has been saved by the user: system -- ip:ukn,user:null
[02/06/23 15:47:07:715 UTC]  INFO util.SecurityLogger: class com.dotmarketing.portlets.workflows.business.WorkflowAPIImpl : The action id: 'b9d89c80-3d88-4311-8365-187323c96436' has been saved by the user: system -- ip:ukn,user:null
[02/06/23 15:47:07:722 UTC]  INFO util.SecurityLogger: class com.dotmarketing.portlets.workflows.business.WorkflowAPIImpl : The action id: '4da13a42-5d59-480c-ad8f-94a3adf809fe' has been saved by the user: system -- ip:ukn,user:null
[02/06/23 15:47:07:727 UTC]  INFO util.SecurityLogger: class com.dotmarketing.portlets.workflows.business.WorkflowAPIImpl : The action id: '963f6a04-5320-42e7-ab74-6d876d199946' has been saved by the user: system -- ip:ukn,user:null
[02/06/23 15:47:07:731 UTC]  INFO util.SecurityLogger: class com.dotmarketing.portlets.workflows.business.WorkflowAPIImpl : The action id: '38efc763-d78f-4e4b-b092-59cd8c579b93' has been saved by the user: system -- ip:ukn,user:null
[02/06/23 15:47:07:735 UTC]  INFO util.SecurityLogger: class com.dotmarketing.portlets.workflows.business.WorkflowAPIImpl : The action id: 'ceca71a0-deee-4999-bd47-b01baa1bcfc8' has been saved by the user: system -- ip:ukn,user:null
[02/06/23 15:47:07:743 UTC]  INFO util.SecurityLogger: class com.dotmarketing.portlets.workflows.business.WorkflowAPIImpl : The action id: '4da13a42-5d59-480c-ad8f-94a3adf809fe' has been saved by the user: system -- ip:ukn,user:null
[02/06/23 15:47:07:752 UTC]  INFO util.SecurityLogger: class com.dotmarketing.portlets.workflows.business.WorkflowAPIImpl : The action id: 'b9d89c80-3d88-4311-8365-187323c96436' has been saved by the user: system -- ip:ukn,user:null
[02/06/23 15:47:07:754 UTC]  INFO util.SecurityLogger: class com.dotmarketing.portlets.workflows.business.WorkflowAPIImpl : The action id: 'dd4c4b7c-e9d3-4dc0-8fbf-36102f9c6324' has been saved by the user: system -- ip:ukn,user:null
[02/06/23 15:47:07:759 UTC]  INFO util.SecurityLogger: class com.dotmarketing.portlets.workflows.business.WorkflowAPIImpl : The action id: 'c92f9aa1-9503-4567-ac30-d3242b54d02d' has been saved by the user: system -- ip:ukn,user:null
[02/06/23 15:47:07:763 UTC]  INFO util.SecurityLogger: class com.dotmarketing.portlets.workflows.business.WorkflowAPIImpl : The action id: '777f1c6b-c877-4a37-ba4b-10627316c2cc' has been saved by the user: system -- ip:ukn,user:null
[02/06/23 15:47:07:766 UTC]  INFO util.SecurityLogger: class com.dotmarketing.portlets.workflows.business.WorkflowAPIImpl : The action id: '1e0f1c6b-b67f-4c99-983d-db2b4bfa88b2' has been saved by the user: system -- ip:ukn,user:null
[02/06/23 15:47:07:811 UTC]  INFO util.SecurityLogger: class com.dotmarketing.portlets.workflows.business.WorkflowAPIImpl : Saving class parameters by the user: system -- ip:ukn,user:null
[02/06/23 15:47:07:825 UTC]  INFO util.SecurityLogger: class com.dotmarketing.portlets.workflows.business.WorkflowAPIImpl : Workflow Action Class with id: '631c2c25-0d62-40e9-af7b-7a1a453bbfc0' has been deleted -- ip:ukn,user:null
[02/06/23 15:47:07:828 UTC]  INFO util.SecurityLogger: class com.dotmarketing.portlets.workflows.business.WorkflowAPIImpl : Workflow Action with id: fa294e6b-9832-4f19-999e-c9ae27cbd47f, name: Import CSV has been deleted -- ip:ukn,user:null
[02/06/23 15:47:07:846 UTC]  INFO util.SecurityLogger: class com.dotmarketing.portlets.workflows.business.WorkflowAPIImpl : Workflow Action Class with id: 'ad8d69c2-93d1-462c-ba78-a065d05a136f' has been deleted -- ip:ukn,user:null
[02/06/23 15:47:07:849 UTC]  INFO util.SecurityLogger: class com.dotmarketing.portlets.workflows.business.WorkflowAPIImpl : Workflow Action with id: bc477b07-8f84-48d2-85b8-20d07512af4b, name: Move has been deleted -- ip:ukn,user:null
[02/06/23 15:47:07:857 UTC]  INFO util.SecurityLogger: class com.dotmarketing.portlets.workflows.business.WorkflowAPIImpl : Workflow Action Class with id: 'f0dd0406-77e8-4713-bca5-c21fc0c7e5c5' has been deleted -- ip:ukn,user:null
[02/06/23 15:47:07:889 UTC]  INFO helper.SystemActionMappingsHandlerMerger: The mapping for systemAction: NEW, workflowAction: Optional[WorkflowAction [id=ceca71a0-deee-4999-bd47-b01baa1bcfc8, name=Save, stepId=null, nextStep=ee24a4cb-2d15-4c98-b1bd-6327126451f3]], and scheme: d61a59e1-a49c-46f2-a929-db2b4bfa88b2 has been saved
[02/06/23 15:47:07:891 UTC]  INFO helper.SystemActionMappingsHandlerMerger: The mapping for systemAction: EDIT, workflowAction: Optional[WorkflowAction [id=ceca71a0-deee-4999-bd47-b01baa1bcfc8, name=Save, stepId=null, nextStep=ee24a4cb-2d15-4c98-b1bd-6327126451f3]], and scheme: d61a59e1-a49c-46f2-a929-db2b4bfa88b2 has been saved
[02/06/23 15:47:07:894 UTC]  INFO helper.SystemActionMappingsHandlerMerger: The mapping for systemAction: UNPUBLISH, workflowAction: Optional[WorkflowAction [id=38efc763-d78f-4e4b-b092-59cd8c579b93, name=Unpublish, stepId=null, nextStep=ee24a4cb-2d15-4c98-b1bd-6327126451f3]], and scheme: d61a59e1-a49c-46f2-a929-db2b4bfa88b2 has been saved
[02/06/23 15:47:07:896 UTC]  INFO helper.SystemActionMappingsHandlerMerger: The mapping for systemAction: UNARCHIVE, workflowAction: Optional[WorkflowAction [id=c92f9aa1-9503-4567-ac30-d3242b54d02d, name=Unarchive, stepId=null, nextStep=ee24a4cb-2d15-4c98-b1bd-6327126451f3]], and scheme: d61a59e1-a49c-46f2-a929-db2b4bfa88b2 has been saved
[02/06/23 15:47:07:899 UTC]  INFO helper.SystemActionMappingsHandlerMerger: The mapping for systemAction: PUBLISH, workflowAction: Optional[WorkflowAction [id=b9d89c80-3d88-4311-8365-187323c96436, name=Publish, stepId=null, nextStep=dc3c9cd0-8467-404b-bf95-cb7df3fbc293]], and scheme: d61a59e1-a49c-46f2-a929-db2b4bfa88b2 has been saved
[02/06/23 15:47:07:901 UTC]  INFO helper.SystemActionMappingsHandlerMerger: The mapping for systemAction: ARCHIVE, workflowAction: Optional[WorkflowAction [id=4da13a42-5d59-480c-ad8f-94a3adf809fe, name=Archive, stepId=null, nextStep=d6b095b6-b65f-4bdb-bbfd-701d663dfee2]], and scheme: d61a59e1-a49c-46f2-a929-db2b4bfa88b2 has been saved
[02/06/23 15:47:07:903 UTC]  INFO helper.SystemActionMappingsHandlerMerger: The mapping for systemAction: DESTROY, workflowAction: Optional[WorkflowAction [id=1e0f1c6b-b67f-4c99-983d-db2b4bfa88b2, name=Destroy, stepId=null, nextStep=d6b095b6-b65f-4bdb-bbfd-701d663dfee2]], and scheme: d61a59e1-a49c-46f2-a929-db2b4bfa88b2 has been saved
[02/06/23 15:47:07:906 UTC]  INFO helper.SystemActionMappingsHandlerMerger: The mapping for systemAction: DELETE, workflowAction: Optional[WorkflowAction [id=777f1c6b-c877-4a37-ba4b-10627316c2cc, name=Delete, stepId=null, nextStep=d6b095b6-b65f-4bdb-bbfd-701d663dfee2]], and scheme: d61a59e1-a49c-46f2-a929-db2b4bfa88b2 has been saved
[02/06/23 15:47:07:906 UTC]  INFO util.PushPublishLogger: class com.dotcms.enterprise.publishing.remote.handler.WorkflowHandler : [BundleID: application_containers_folder.tar.gz] Workflow publish success, ID: d61a59e1-a49c-46f2-a929-db2b4bfa88b2, Name: System Workflow
[02/06/23 15:47:07:943 UTC]  INFO util.ActivityLogger: class com.dotcms.contenttype.business.ContentTypeAPIImpl: system : Save ContentType Action , User system/system user system user added ContentType File Asset to host id:SYSTEM_HOST
[02/06/23 15:47:07:943 UTC]  INFO business.ContentTypeAPIImpl: UserId : system : ContentType : ContentType saved : File Asset
[02/06/23 15:47:07:944 UTC]  INFO util.AdminLogger: UserId : system : class com.dotcms.contenttype.business.ContentTypeAPIImpl : ContentType : ContentType saved : File Asset
[02/06/23 15:47:07:945 UTC]  INFO business.FieldAPIImpl: No changes made to field: hostFolder, returning
[02/06/23 15:47:07:957 UTC]  INFO util.ActivityLogger: class com.dotmarketing.util.ActivityLogger: system : Update Field Action , User system/system user modified field File Name to File Asset Structure.
[02/06/23 15:47:07:962 UTC]  INFO business.FieldAPIImpl: No changes made to field: fileAsset, returning
[02/06/23 15:47:07:976 UTC]  INFO util.ActivityLogger: class com.dotmarketing.util.ActivityLogger: system : Update Field Action , User system/system user modified field Title to File Asset Structure.
[02/06/23 15:47:07:981 UTC]  INFO business.FieldAPIImpl: No changes made to field: MetadataTab, returning
[02/06/23 15:47:07:982 UTC]  INFO business.FieldAPIImpl: No changes made to field: metaData, returning
[02/06/23 15:47:08:000 UTC]  INFO util.ActivityLogger: class com.dotmarketing.util.ActivityLogger: system : Update Field Action , User system/system user modified field Show On Menu to File Asset Structure.
[02/06/23 15:47:08:022 UTC]  INFO util.ActivityLogger: class com.dotmarketing.util.ActivityLogger: system : Update Field Action , User system/system user modified field Sort Order to File Asset Structure.
[02/06/23 15:47:08:040 UTC]  INFO util.ActivityLogger: class com.dotmarketing.util.ActivityLogger: system : Update Field Action , User system/system user modified field Description to File Asset Structure.
[02/06/23 15:47:08:045 UTC]  INFO util.PushPublishLogger: class com.dotcms.enterprise.publishing.remote.handler.ContentTypeHandler : [BundleID: application_containers_folder.tar.gz] Content Type publish success, ID: 33888b6f-7a8e-4069-b1b6-5c1aa9d0a48d, Name: File Asset
[02/06/23 15:47:08:048 UTC]  INFO util.SecurityLogger: class com.dotmarketing.portlets.workflows.business.WorkflowAPIImpl : Saving schemes [ [WorkflowScheme [id=d61a59e1-a49c-46f2-a929-db2b4bfa88b2, name=System Workflow, archived=false, mandatory=false]] ] for Content Type [ com.dotmarketing.portlets.structure.model.Structure@618c518c[name=File Asset,description=Default structure for all uploaded files,defaultStructure=false,reviewInterval=<null>,reviewerRole=<null>,pagedetail=<null>,structureType=4,fixed=true,system=false,velocityVarName=FileAsset,urlMapPattern=<null>,host=SYSTEM_HOST,folder=SYSTEM_FOLDER,publishDateVar=<null>,expireDateVar=<null>,modDate=Fri Jun 02 15:47:08 UTC 2023,icon=attach_file,sortOrder=0,iDate=Thu Dec 15 17:19:14 UTC 2011,type=structure,owner=<null>,inode=33888b6f-7a8e-4069-b1b6-5c1aa9d0a48d,identifier=33888b6f-7a8e-4069-b1b6-5c1aa9d0a48d] ] -- ip:ukn,user:null
[02/06/23 15:47:08:061 UTC]  INFO util.PushPublishLogger: class com.dotcms.enterprise.publishing.remote.handler.LanguageVariablesHandler : [BundleID: application_containers_folder.tar.gz] Language File publish success, Name: cms_language_en.properties
[02/06/23 15:47:08:062 UTC]  INFO util.PushPublishLogger: class com.dotcms.enterprise.publishing.remote.handler.LanguageVariablesHandler : [BundleID: application_containers_folder.tar.gz] Language File publish success, Name: cms_language_en_US.properties
[02/06/23 15:47:08:062 UTC]  INFO util.PushPublishLogger: class com.dotcms.enterprise.publishing.remote.handler.LanguageVariablesHandler : [BundleID: application_containers_folder.tar.gz] Language File publish success, Name: cms_language_es.properties
[02/06/23 15:47:08:063 UTC]  INFO util.PushPublishLogger: class com.dotcms.enterprise.publishing.remote.handler.LanguageVariablesHandler : [BundleID: application_containers_folder.tar.gz] Language File publish success, Name: cms_language_es_ES.properties
[02/06/23 15:47:08:064 UTC]  INFO util.PushPublishLogger: class com.dotcms.enterprise.publishing.remote.handler.LanguageVariablesHandler : [BundleID: application_containers_folder.tar.gz] Language File publish success, Name: cms_language_fr.properties
[02/06/23 15:47:08:064 UTC]  INFO util.PushPublishLogger: class com.dotcms.enterprise.publishing.remote.handler.LanguageVariablesHandler : [BundleID: application_containers_folder.tar.gz] Language File publish success, Name: cms_language_fr_FR.properties
[02/06/23 15:47:08:065 UTC]  INFO util.PushPublishLogger: class com.dotcms.enterprise.publishing.remote.handler.LanguageVariablesHandler : [BundleID: application_containers_folder.tar.gz] Language File publish success, Name: cms_language_zh.properties
[02/06/23 15:47:08:065 UTC]  INFO util.PushPublishLogger: class com.dotcms.enterprise.publishing.remote.handler.LanguageVariablesHandler : [BundleID: application_containers_folder.tar.gz] Language File publish success, Name: cms_language_zh_CN.properties
[02/06/23 15:47:08:066 UTC]  INFO util.PushPublishLogger: class com.dotcms.enterprise.publishing.remote.handler.LanguageVariablesHandler : [BundleID: application_containers_folder.tar.gz] Language File publish success, Name: cms_language_zh_TW.properties
[02/06/23 15:47:08:089 UTC]  INFO util.ActivityLogger: class com.dotcms.content.elasticsearch.business.ESContentletAPIImpl: default : Saving Content , StartDate: N/D; EndDate: N/D; User:system; ContentIdentifier: 97484802ec1482d63635ef5fe15767da
[02/06/23 15:47:08:092 UTC]  INFO business.IdentifierAPIImpl: Creating new identifier for versionable asset of type `content` and title `dotasset.vtl` 
[02/06/23 15:47:08:115 UTC]  INFO business.ContentletIndexAPIImpl: Indexing: 97484802ec1482d63635ef5fe15767da : dotasset.vtl, includeDependencies: true, policy: FORCE
[02/06/23 15:47:08:137 UTC]  INFO util.ActivityLogger: class com.dotcms.content.elasticsearch.business.ESContentletAPIImpl: default : Content Saved , StartDate: N/D; EndDate: N/D; User:system; ContentIdentifier: 97484802ec1482d63635ef5fe15767da
[02/06/23 15:47:08:147 UTC]  INFO business.ContentletIndexAPIImpl: Indexing: 97484802ec1482d63635ef5fe15767da : dotasset.vtl, includeDependencies: false, policy: FORCE
[02/06/23 15:47:08:147 UTC]  INFO util.PushPublishLogger: class com.dotcms.enterprise.publishing.remote.handler.ContentHandler : [BundleID: application_containers_folder.tar.gz] Content publish success, ID: 97484802ec1482d63635ef5fe15767da, Inode: b7f3efc0-3ddb-4173-a4d8-518baf712ebf, Name: dotasset.vtl
[02/06/23 15:47:08:155 UTC]  INFO util.ActivityLogger: class com.dotcms.content.elasticsearch.business.ESContentletAPIImpl: default : Publishing Content , StartDate: N/D; EndDate: N/D; User:system; ContentIdentifier: 97484802ec1482d63635ef5fe15767da
[02/06/23 15:47:08:158 UTC]  INFO business.ContentletIndexAPIImpl: Indexing: 97484802ec1482d63635ef5fe15767da : dotasset.vtl, includeDependencies: true, policy: FORCE
[02/06/23 15:47:08:177 UTC]  INFO util.ActivityLogger: class com.dotcms.content.elasticsearch.business.ESContentletAPIImpl: default : Content Published , StartDate: N/D; EndDate: N/D; User:system; ContentIdentifier: 97484802ec1482d63635ef5fe15767da
[02/06/23 15:47:08:180 UTC]  INFO business.ContentletIndexAPIImpl: Indexing: 97484802ec1482d63635ef5fe15767da : dotasset.vtl, includeDependencies: true, policy: FORCE
[02/06/23 15:47:08:188 UTC]  INFO util.SecurityLogger: class com.dotmarketing.portlets.workflows.business.WorkflowAPIImpl : Workflow task with id: '1d36828a-cfa6-49a1-bb73-abe35097e2cb' has been saved. -- ip:ukn,user:null
[02/06/23 15:47:08:188 UTC]  INFO util.PushPublishLogger: class com.dotcms.enterprise.publishing.remote.handler.ContentWorkflowHandler : [BundleID: application_containers_folder.tar.gz] Content Workflow publish success, ID: 97484802ec1482d63635ef5fe15767da
[02/06/23 15:47:08:877 UTC]  INFO reindex.ReindexThread: --- Unpausing reindex thread 
[02/06/23 15:47:09:519 UTC]  INFO reindex.ReindexQueueAPIImpl: addIdentifierReindex: 97484802ec1482d63635ef5fe15767da
[02/06/23 15:47:09:534 UTC]  INFO reindex.ReindexThread: --- Unpausing reindex thread 
[02/06/23 15:47:09:567 UTC]  INFO reindex.BulkProcessorListener: -----------
[02/06/23 15:47:09:567 UTC]  INFO reindex.BulkProcessorListener: Reindexing Server #  : 1 of 1
[02/06/23 15:47:09:567 UTC]  INFO reindex.BulkProcessorListener: Total Indexed        : 0
[02/06/23 15:47:09:567 UTC]  INFO reindex.BulkProcessorListener: ReindexEntries found : 1
[02/06/23 15:47:09:567 UTC]  INFO reindex.BulkProcessorListener: BulkRequests created : 2
[02/06/23 15:47:09:567 UTC]  INFO reindex.BulkProcessorListener: -----------
[02/06/23 15:47:13:880 UTC]  INFO concurrent.Debouncer: Debouncing : invalidateGraphSchema after 5000 MILLISECONDS
[02/06/23 15:47:18:576 UTC]  INFO util.PushPublishLogger: class com.dotcms.rest.PushPublisherJob : [BundleID: application_containers_folder.tar.gz] Finished bundle publish process
[02/06/23 15:47:18:576 UTC]  INFO rest.PushPublisherJob: Finished bundle publish process
[02/06/23 15:47:21:669 UTC]  INFO util.SecurityLogger: class com.dotmarketing.cms.login.factories.LoginFactory : User admin@dotcms.com has sucessfully logged in from IP: 172.18.0.1 -- ip:172.18.0.1,user:Admin User [ID: dotcms.org.1][email:admin@dotcms.com]
[02/06/23 15:47:21:688 UTC]  INFO business.DeterministicIdentifierAPIImpl: hashing id: folder:default/application/containers/test to 971253350bee3d3d1514e9d5673ded9d
[02/06/23 15:47:27:734 UTC]  INFO util.SecurityLogger: class com.dotmarketing.cms.login.factories.LoginFactory : User admin@dotcms.com has sucessfully logged in from IP: 172.18.0.1 -- ip:172.18.0.1,user:Admin User [ID: dotcms.org.1][email:admin@dotcms.com]
[02/06/23 15:47:27:890 UTC]  INFO util.ActivityLogger: class com.dotcms.content.elasticsearch.business.ESContentletAPIImpl: default : Saving Content , StartDate: N/D; EndDate: N/D; User:dotcms.org.1; ContentIdentifier: 
[02/06/23 15:47:27:894 UTC]  INFO business.IdentifierAPIImpl: Creating new identifier for versionable asset of type `content` and title `container.vtl` 
[02/06/23 15:47:27:895 UTC]  INFO business.DeterministicIdentifierAPIImpl: hashing id: fileasset:default/application/containers/test/container.vtl to 0eb4d77ee7df4372604bdb32f97f9b25
[02/06/23 15:47:27:933 UTC]  INFO util.ActivityLogger: class com.dotcms.content.elasticsearch.business.ESContentletAPIImpl: default : Content Saved , StartDate: N/D; EndDate: N/D; User:dotcms.org.1; ContentIdentifier: 0eb4d77ee7df4372604bdb32f97f9b25
[02/06/23 15:47:27:934 UTC]  INFO util.ActivityLogger: class com.dotcms.content.elasticsearch.business.ESContentletAPIImpl: default : Publishing Content , StartDate: N/D; EndDate: N/D; User:dotcms.org.1; ContentIdentifier: 0eb4d77ee7df4372604bdb32f97f9b25
[02/06/23 15:47:27:955 UTC]  INFO util.ActivityLogger: class com.dotcms.content.elasticsearch.business.ESContentletAPIImpl: default : Content Published , StartDate: N/D; EndDate: N/D; User:dotcms.org.1; ContentIdentifier: 0eb4d77ee7df4372604bdb32f97f9b25
[02/06/23 15:47:27:958 UTC]  INFO util.SecurityLogger: class com.dotmarketing.portlets.workflows.business.WorkflowAPIImpl : Workflow task '4814d517-96b4-4f8c-a2ce-2b58f8791c25' has been saved. -- ip:172.18.0.1,user:Admin User [ID: dotcms.org.1][email:admin@dotcms.com]
[02/06/23 15:47:27:961 UTC]  WARN struts.MultiMessageResources: Duplicate resource property definition (key=was ==> is now): contenttypes.content.copy=Copy ==> Copy
[02/06/23 15:47:27:963 UTC]  WARN struts.MultiMessageResources: Duplicate resource property definition (key=was ==> is now): message.category.import=Importing Categories.  This operation cannot be cancelled or undone. ==> IMPORT
[02/06/23 15:47:27:963 UTC]  WARN struts.MultiMessageResources: Duplicate resource property definition (key=was ==> is now): message.containers.create.content_type_code=Content Type Code ==> Content Type Code
[02/06/23 15:47:27:965 UTC]  WARN struts.MultiMessageResources: Duplicate resource property definition (key=was ==> is now): Save=Save ==> Save
[02/06/23 15:47:27:966 UTC]  WARN struts.MultiMessageResources: Duplicate resource property definition (key=was ==> is now): Move=Move ==> Move
[02/06/23 15:47:27:967 UTC]  WARN struts.MultiMessageResources: Duplicate resource property definition (key=was ==> is now): archived=archived ==> Archived
[02/06/23 15:47:27:971 UTC]  INFO util.SecurityLogger: class com.dotmarketing.portlets.workflows.business.WorkflowAPIImpl : Workflow History 'c5dd8c74-3fe1-44f1-a9a0-6e176cb84e1e' has been saved. -- ip:172.18.0.1,user:Admin User [ID: dotcms.org.1][email:admin@dotcms.com]
[02/06/23 15:47:27:971 UTC]  INFO business.WorkflowAPIImpl: Needs reindex, adding the contentlet to the index at the end of the workflow execution
[02/06/23 15:47:27:971 UTC]  INFO business.ContentletIndexAPIImpl: Indexing: 0eb4d77ee7df4372604bdb32f97f9b25 : container.vtl, includeDependencies: true, policy: FORCE
[02/06/23 15:47:27:972 UTC]  INFO business.WorkflowAPIImpl: Added contentlet to the index at the end of the workflow execution, dependencies: true
[02/06/23 15:47:27:972 UTC]  INFO reindex.ReindexQueueAPIImpl: addIdentifierReindex: 0eb4d77ee7df4372604bdb32f97f9b25
[02/06/23 15:47:28:101 UTC]  INFO reindex.ReindexThread: --- Unpausing reindex thread 
[02/06/23 15:47:28:130 UTC]  INFO reindex.BulkProcessorListener: -----------
[02/06/23 15:47:28:130 UTC]  INFO reindex.BulkProcessorListener: Reindexing Server #  : 1 of 1
[02/06/23 15:47:28:130 UTC]  INFO reindex.BulkProcessorListener: Total Indexed        : 0
[02/06/23 15:47:28:130 UTC]  INFO reindex.BulkProcessorListener: ReindexEntries found : 1
[02/06/23 15:47:28:132 UTC]  INFO reindex.BulkProcessorListener: BulkRequests created : 2
[02/06/23 15:47:28:132 UTC]  INFO reindex.BulkProcessorListener: -----------
[02/06/23 15:47:37:169 UTC]  INFO util.SecurityLogger: class com.dotmarketing.cms.login.factories.LoginFactory : User admin@dotcms.com has sucessfully logged in from IP: 172.18.0.1 -- ip:172.18.0.1,user:Admin User [ID: dotcms.org.1][email:admin@dotcms.com]
[02/06/23 15:47:37:651 UTC]  INFO util.SecurityLogger: class com.dotcms.rest.api.v1.authentication.LogoutResource : User Admin User (dotcms.org.1) has logged out from IP: 172.18.0.1 -- ip:172.18.0.1,user:Admin User [ID: dotcms.org.1][email:admin@dotcms.com]
[02/06/23 15:47:37:690 UTC]  WARN rest.WebResource: InitDataObject Error: uri:/api/v1/containers err:Invalid User
[02/06/23 15:47:37:691 UTC]  WARN rest.WebResource: Invalid User
[02/06/23 15:47:37:691 UTC]  WARN rest.WebResource: com.dotcms.rest.WebResource.authenticate(WebResource.java:522)
[02/06/23 15:47:41:484 UTC]  WARN auth.PrincipalThreadLocal: getName null
[02/06/23 15:47:41:492 UTC]  INFO util.SecurityLogger: class com.dotcms.cms.login.LoginServiceAPIFactory$LoginServiceImpl : User dotcms.org.1 has successfully login from IP: 172.18.0.1 -- ip:172.18.0.1,user:Admin User [ID: dotcms.org.1][email:admin@dotcms.com]
[02/06/23 15:47:41:498 UTC]  WARN mapper.ResourceNotFoundExceptionMapper: Can't find Container:NOTFOUNDCONTAINER
org.apache.velocity.exception.ResourceNotFoundException: Can't find Container:NOTFOUNDCONTAINER
	at com.dotcms.rest.api.v1.container.ContainerResource.lambda$getContainer$1(ContainerResource.java:502) ~[dotcms_null.jar:?]
	at java.util.Optional.orElseGet(Optional.java:369) ~[?:?]
	at com.dotcms.rest.api.v1.container.ContainerResource.getContainer(ContainerResource.java:501) ~[dotcms_null.jar:?]
	at com.dotcms.rest.api.v1.container.ContainerResource.getContainer(ContainerResource.java:452) ~[dotcms_null.jar:?]
	at com.dotcms.rest.api.v1.container.ContainerResource.getContainerWorking(ContainerResource.java:435) ~[dotcms_null.jar:?]
	at com.dotcms.rest.api.v1.container.ContainerResource.update(ContainerResource.java:732) ~[dotcms_null.jar:?]
	at jdk.internal.reflect.NativeMethodAccessorImpl.invoke0(Native Method) ~[?:?]
	at jdk.internal.reflect.NativeMethodAccessorImpl.invoke(NativeMethodAccessorImpl.java:62) ~[?:?]
	at jdk.internal.reflect.DelegatingMethodAccessorImpl.invoke(DelegatingMethodAccessorImpl.java:43) ~[?:?]
	at java.lang.reflect.Method.invoke(Method.java:566) ~[?:?]
	at org.glassfish.jersey.server.model.internal.ResourceMethodInvocationHandlerFactory$1.invoke(ResourceMethodInvocationHandlerFactory.java:81) ~[jersey-server-2.22.1.jar:?]
	at org.glassfish.jersey.server.model.internal.AbstractJavaResourceMethodDispatcher$1.run(AbstractJavaResourceMethodDispatcher.java:144) ~[jersey-server-2.22.1.jar:?]
	at org.glassfish.jersey.server.model.internal.AbstractJavaResourceMethodDispatcher.invoke(AbstractJavaResourceMethodDispatcher.java:161) ~[jersey-server-2.22.1.jar:?]
	at org.glassfish.jersey.server.model.internal.JavaResourceMethodDispatcherProvider$ResponseOutInvoker.doDispatch(JavaResourceMethodDispatcherProvider.java:160) ~[jersey-server-2.22.1.jar:?]
	at org.glassfish.jersey.server.model.internal.AbstractJavaResourceMethodDispatcher.dispatch(AbstractJavaResourceMethodDispatcher.java:99) ~[jersey-server-2.22.1.jar:?]
	at org.glassfish.jersey.server.model.ResourceMethodInvoker.invoke(ResourceMethodInvoker.java:389) ~[jersey-server-2.22.1.jar:?]
	at org.glassfish.jersey.server.model.ResourceMethodInvoker.apply(ResourceMethodInvoker.java:347) ~[jersey-server-2.22.1.jar:?]
	at org.glassfish.jersey.server.model.ResourceMethodInvoker.apply(ResourceMethodInvoker.java:102) ~[jersey-server-2.22.1.jar:?]
	at org.glassfish.jersey.server.ServerRuntime$2.run(ServerRuntime.java:326) ~[jersey-server-2.22.1.jar:?]
	at org.glassfish.jersey.internal.Errors$1.call(Errors.java:271) ~[jersey-common-2.22.1.jar:?]
	at org.glassfish.jersey.internal.Errors$1.call(Errors.java:267) ~[jersey-common-2.22.1.jar:?]
	at org.glassfish.jersey.internal.Errors.process(Errors.java:315) ~[jersey-common-2.22.1.jar:?]
	at org.glassfish.jersey.internal.Errors.process(Errors.java:297) ~[jersey-common-2.22.1.jar:?]
	at org.glassfish.jersey.internal.Errors.process(Errors.java:267) ~[jersey-common-2.22.1.jar:?]
	at org.glassfish.jersey.process.internal.RequestScope.runInScope(RequestScope.java:317) ~[jersey-common-2.22.1.jar:?]
	at org.glassfish.jersey.server.ServerRuntime.process(ServerRuntime.java:305) ~[jersey-server-2.22.1.jar:?]
	at org.glassfish.jersey.server.ApplicationHandler.handle(ApplicationHandler.java:1154) ~[jersey-server-2.22.1.jar:?]
	at org.glassfish.jersey.servlet.WebComponent.serviceImpl(WebComponent.java:471) ~[jersey-container-servlet-core-2.22.1.jar:?]
	at org.glassfish.jersey.servlet.WebComponent.service(WebComponent.java:425) ~[jersey-container-servlet-core-2.22.1.jar:?]
	at org.glassfish.jersey.servlet.ServletContainer.service(ServletContainer.java:383) ~[jersey-container-servlet-core-2.22.1.jar:?]
	at org.glassfish.jersey.servlet.ServletContainer.service(ServletContainer.java:336) ~[jersey-container-servlet-core-2.22.1.jar:?]
	at org.glassfish.jersey.servlet.ServletContainer.service(ServletContainer.java:223) ~[jersey-container-servlet-core-2.22.1.jar:?]
	at com.dotcms.rest.servlet.ReloadableServletContainer.service(ReloadableServletContainer.java:117) ~[dotcms_null.jar:?]
	at org.apache.catalina.core.ApplicationFilterChain.internalDoFilter(ApplicationFilterChain.java:227) ~[catalina.jar:9.0.60]
	at org.apache.catalina.core.ApplicationFilterChain.doFilter(ApplicationFilterChain.java:162) ~[catalina.jar:9.0.60]
	at org.apache.tomcat.websocket.server.WsFilter.doFilter(WsFilter.java:53) ~[tomcat-websocket.jar:9.0.60]
	at org.apache.catalina.core.ApplicationFilterChain.internalDoFilter(ApplicationFilterChain.java:189) ~[catalina.jar:9.0.60]
	at org.apache.catalina.core.ApplicationFilterChain.doFilter(ApplicationFilterChain.java:162) ~[catalina.jar:9.0.60]
	at com.dotmarketing.filters.CMSFilter.doFilterInternal(CMSFilter.java:181) ~[dotcms_null.jar:?]
	at com.dotmarketing.filters.CMSFilter.doFilter(CMSFilter.java:61) ~[dotcms_null.jar:?]
	at org.apache.catalina.core.ApplicationFilterChain.internalDoFilter(ApplicationFilterChain.java:189) ~[catalina.jar:9.0.60]
	at org.apache.catalina.core.ApplicationFilterChain.doFilter(ApplicationFilterChain.java:162) ~[catalina.jar:9.0.60]
	at com.dotcms.filters.interceptor.AbstractWebInterceptorSupportFilter.doFilter(AbstractWebInterceptorSupportFilter.java:90) ~[dotcms_null.jar:?]
	at org.apache.catalina.core.ApplicationFilterChain.internalDoFilter(ApplicationFilterChain.java:189) ~[catalina.jar:9.0.60]
	at org.apache.catalina.core.ApplicationFilterChain.doFilter(ApplicationFilterChain.java:162) ~[catalina.jar:9.0.60]
	at com.dotcms.filters.interceptor.AbstractWebInterceptorSupportFilter.doFilter(AbstractWebInterceptorSupportFilter.java:90) ~[dotcms_null.jar:?]
	at org.apache.catalina.core.ApplicationFilterChain.internalDoFilter(ApplicationFilterChain.java:189) ~[catalina.jar:9.0.60]
	at org.apache.catalina.core.ApplicationFilterChain.doFilter(ApplicationFilterChain.java:162) ~[catalina.jar:9.0.60]
	at com.dotcms.visitor.filter.servlet.VisitorFilter.doFilter(VisitorFilter.java:81) ~[dotcms_null.jar:?]
	at org.apache.catalina.core.ApplicationFilterChain.internalDoFilter(ApplicationFilterChain.java:189) ~[catalina.jar:9.0.60]
	at org.apache.catalina.core.ApplicationFilterChain.doFilter(ApplicationFilterChain.java:162) ~[catalina.jar:9.0.60]
	at com.dotcms.vanityurl.filters.VanityURLFilter.doFilter(VanityURLFilter.java:114) ~[dotcms_null.jar:?]
	at org.apache.catalina.core.ApplicationFilterChain.internalDoFilter(ApplicationFilterChain.java:189) ~[catalina.jar:9.0.60]
	at org.apache.catalina.core.ApplicationFilterChain.doFilter(ApplicationFilterChain.java:162) ~[catalina.jar:9.0.60]
	at org.tuckey.web.filters.urlrewrite.RuleChain.handleRewrite(RuleChain.java:176) ~[urlrewritefilter-4.0.4.jar:4.0.4]
	at org.tuckey.web.filters.urlrewrite.RuleChain.doRules(RuleChain.java:145) ~[urlrewritefilter-4.0.4.jar:4.0.4]
	at org.tuckey.web.filters.urlrewrite.UrlRewriter.processRequest(UrlRewriter.java:92) ~[urlrewritefilter-4.0.4.jar:4.0.4]
	at org.tuckey.web.filters.urlrewrite.UrlRewriteFilter.doFilter(UrlRewriteFilter.java:389) ~[urlrewritefilter-4.0.4.jar:4.0.4]
	at org.apache.catalina.core.ApplicationFilterChain.internalDoFilter(ApplicationFilterChain.java:189) ~[catalina.jar:9.0.60]
	at org.apache.catalina.core.ApplicationFilterChain.doFilter(ApplicationFilterChain.java:162) ~[catalina.jar:9.0.60]
	at com.dotmarketing.filters.TimeMachineFilter.doFilter(TimeMachineFilter.java:67) ~[dotcms_null.jar:?]
	at org.apache.catalina.core.ApplicationFilterChain.internalDoFilter(ApplicationFilterChain.java:189) ~[catalina.jar:9.0.60]
	at org.apache.catalina.core.ApplicationFilterChain.doFilter(ApplicationFilterChain.java:162) ~[catalina.jar:9.0.60]
	at com.dotmarketing.filters.ThreadNameFilter.doFilter(ThreadNameFilter.java:88) ~[dotcms_null.jar:?]
	at org.apache.catalina.core.ApplicationFilterChain.internalDoFilter(ApplicationFilterChain.java:189) ~[catalina.jar:9.0.60]
	at org.apache.catalina.core.ApplicationFilterChain.doFilter(ApplicationFilterChain.java:162) ~[catalina.jar:9.0.60]
	at com.dotmarketing.filters.CookiesFilter.doFilter(CookiesFilter.java:53) ~[dotcms_null.jar:?]
	at org.apache.catalina.core.ApplicationFilterChain.internalDoFilter(ApplicationFilterChain.java:189) ~[catalina.jar:9.0.60]
	at org.apache.catalina.core.ApplicationFilterChain.doFilter(ApplicationFilterChain.java:162) ~[catalina.jar:9.0.60]
	at com.dotmarketing.filters.CharsetEncodingFilter.doFilter(CharsetEncodingFilter.java:99) ~[dotcms_null.jar:?]
	at org.apache.catalina.core.ApplicationFilterChain.internalDoFilter(ApplicationFilterChain.java:189) ~[catalina.jar:9.0.60]
	at org.apache.catalina.core.ApplicationFilterChain.doFilter(ApplicationFilterChain.java:162) ~[catalina.jar:9.0.60]
	at com.dotcms.filters.interceptor.AbstractWebInterceptorSupportFilter.doFilter(AbstractWebInterceptorSupportFilter.java:90) ~[dotcms_null.jar:?]
	at org.apache.catalina.core.ApplicationFilterChain.internalDoFilter(ApplicationFilterChain.java:189) ~[catalina.jar:9.0.60]
	at org.apache.catalina.core.ApplicationFilterChain.doFilter(ApplicationFilterChain.java:162) ~[catalina.jar:9.0.60]
	at org.apache.catalina.filters.HttpHeaderSecurityFilter.doFilter(HttpHeaderSecurityFilter.java:126) ~[catalina.jar:9.0.60]
	at org.apache.catalina.core.ApplicationFilterChain.internalDoFilter(ApplicationFilterChain.java:189) ~[catalina.jar:9.0.60]
	at org.apache.catalina.core.ApplicationFilterChain.doFilter(ApplicationFilterChain.java:162) ~[catalina.jar:9.0.60]
	at com.dotcms.filters.NormalizationFilter.doFilter(NormalizationFilter.java:88) ~[dotcms_null.jar:?]
	at org.apache.catalina.core.ApplicationFilterChain.internalDoFilter(ApplicationFilterChain.java:189) ~[catalina.jar:9.0.60]
	at org.apache.catalina.core.ApplicationFilterChain.doFilter(ApplicationFilterChain.java:162) ~[catalina.jar:9.0.60]
	at org.apache.catalina.core.StandardWrapperValve.invoke(StandardWrapperValve.java:197) ~[catalina.jar:9.0.60]
	at org.apache.catalina.core.StandardContextValve.invoke(StandardContextValve.java:97) ~[catalina.jar:9.0.60]
	at org.apache.catalina.authenticator.AuthenticatorBase.invoke(AuthenticatorBase.java:541) ~[catalina.jar:9.0.60]
	at org.apache.catalina.core.StandardHostValve.invoke(StandardHostValve.java:135) ~[catalina.jar:9.0.60]
	at org.apache.catalina.valves.AbstractAccessLogValve.invoke(AbstractAccessLogValve.java:687) ~[catalina.jar:9.0.60]
	at org.apache.catalina.valves.ErrorReportValve.invoke(ErrorReportValve.java:92) ~[catalina.jar:9.0.60]
	at org.apache.catalina.valves.RemoteIpValve.invoke(RemoteIpValve.java:769) ~[catalina.jar:9.0.60]
	at org.apache.catalina.core.StandardEngineValve.invoke(StandardEngineValve.java:78) ~[catalina.jar:9.0.60]
	at org.apache.catalina.connector.CoyoteAdapter.service(CoyoteAdapter.java:360) ~[catalina.jar:9.0.60]
	at org.apache.coyote.http11.Http11Processor.service(Http11Processor.java:399) ~[tomcat-coyote.jar:9.0.60]
	at org.apache.coyote.AbstractProcessorLight.process(AbstractProcessorLight.java:65) ~[tomcat-coyote.jar:9.0.60]
	at org.apache.coyote.AbstractProtocol$ConnectionHandler.process(AbstractProtocol.java:889) ~[tomcat-coyote.jar:9.0.60]
	at org.apache.tomcat.util.net.Nio2Endpoint$SocketProcessor.doRun(Nio2Endpoint.java:1701) ~[tomcat-coyote.jar:9.0.60]
	at org.apache.tomcat.util.net.SocketProcessorBase.run(SocketProcessorBase.java:49) ~[tomcat-coyote.jar:9.0.60]
	at org.apache.tomcat.util.net.AbstractEndpoint.processSocket(AbstractEndpoint.java:1190) ~[tomcat-coyote.jar:9.0.60]
	at org.apache.tomcat.util.net.Nio2Endpoint$Nio2SocketWrapper$2.completed(Nio2Endpoint.java:633) ~[tomcat-coyote.jar:9.0.60]
	at org.apache.tomcat.util.net.Nio2Endpoint$Nio2SocketWrapper$2.completed(Nio2Endpoint.java:611) ~[tomcat-coyote.jar:9.0.60]
	at sun.nio.ch.Invoker.invokeUnchecked(Invoker.java:127) ~[?:?]
	at sun.nio.ch.UnixAsynchronousSocketChannelImpl.finishRead(UnixAsynchronousSocketChannelImpl.java:439) ~[?:?]
	at sun.nio.ch.UnixAsynchronousSocketChannelImpl.finish(UnixAsynchronousSocketChannelImpl.java:191) ~[?:?]
	at sun.nio.ch.UnixAsynchronousSocketChannelImpl.onEvent(UnixAsynchronousSocketChannelImpl.java:213) ~[?:?]
	at sun.nio.ch.EPollPort$EventHandlerTask.run(EPollPort.java:306) ~[?:?]
	at sun.nio.ch.AsynchronousChannelGroupImpl$1.run(AsynchronousChannelGroupImpl.java:112) ~[?:?]
	at java.util.concurrent.ThreadPoolExecutor.runWorker(ThreadPoolExecutor.java:1128) ~[?:?]
	at java.util.concurrent.ThreadPoolExecutor$Worker.run(ThreadPoolExecutor.java:628) ~[?:?]
	at java.lang.Thread.run(Thread.java:829) [?:?]
[02/06/23 15:47:44:546 UTC]  INFO util.SecurityLogger: class com.dotmarketing.cms.login.factories.LoginFactory : User admin@dotcms.com has sucessfully logged in from IP: 172.18.0.1 -- ip:172.18.0.1,user:Admin User [ID: dotcms.org.1][email:admin@dotcms.com]
[02/06/23 15:47:44:550 UTC]  WARN mapper.ResourceNotFoundExceptionMapper: Can't find Container:INVALIDCONTAINER
org.apache.velocity.exception.ResourceNotFoundException: Can't find Container:INVALIDCONTAINER
	at com.dotcms.rest.api.v1.container.ContainerResource.lambda$getContainer$1(ContainerResource.java:502) ~[dotcms_null.jar:?]
	at java.util.Optional.orElseGet(Optional.java:369) ~[?:?]
	at com.dotcms.rest.api.v1.container.ContainerResource.getContainer(ContainerResource.java:501) ~[dotcms_null.jar:?]
	at com.dotcms.rest.api.v1.container.ContainerResource.getContainer(ContainerResource.java:452) ~[dotcms_null.jar:?]
	at com.dotcms.rest.api.v1.container.ContainerResource.getContainerWorking(ContainerResource.java:435) ~[dotcms_null.jar:?]
	at com.dotcms.rest.api.v1.container.ContainerResource.getWorkingById(ContainerResource.java:844) ~[dotcms_null.jar:?]
	at jdk.internal.reflect.NativeMethodAccessorImpl.invoke0(Native Method) ~[?:?]
	at jdk.internal.reflect.NativeMethodAccessorImpl.invoke(NativeMethodAccessorImpl.java:62) ~[?:?]
	at jdk.internal.reflect.DelegatingMethodAccessorImpl.invoke(DelegatingMethodAccessorImpl.java:43) ~[?:?]
	at java.lang.reflect.Method.invoke(Method.java:566) ~[?:?]
	at org.glassfish.jersey.server.model.internal.ResourceMethodInvocationHandlerFactory$1.invoke(ResourceMethodInvocationHandlerFactory.java:81) ~[jersey-server-2.22.1.jar:?]
	at org.glassfish.jersey.server.model.internal.AbstractJavaResourceMethodDispatcher$1.run(AbstractJavaResourceMethodDispatcher.java:144) ~[jersey-server-2.22.1.jar:?]
	at org.glassfish.jersey.server.model.internal.AbstractJavaResourceMethodDispatcher.invoke(AbstractJavaResourceMethodDispatcher.java:161) ~[jersey-server-2.22.1.jar:?]
	at org.glassfish.jersey.server.model.internal.JavaResourceMethodDispatcherProvider$ResponseOutInvoker.doDispatch(JavaResourceMethodDispatcherProvider.java:160) ~[jersey-server-2.22.1.jar:?]
	at org.glassfish.jersey.server.model.internal.AbstractJavaResourceMethodDispatcher.dispatch(AbstractJavaResourceMethodDispatcher.java:99) ~[jersey-server-2.22.1.jar:?]
	at org.glassfish.jersey.server.model.ResourceMethodInvoker.invoke(ResourceMethodInvoker.java:389) ~[jersey-server-2.22.1.jar:?]
	at org.glassfish.jersey.server.model.ResourceMethodInvoker.apply(ResourceMethodInvoker.java:347) ~[jersey-server-2.22.1.jar:?]
	at org.glassfish.jersey.server.model.ResourceMethodInvoker.apply(ResourceMethodInvoker.java:102) ~[jersey-server-2.22.1.jar:?]
	at org.glassfish.jersey.server.ServerRuntime$2.run(ServerRuntime.java:326) ~[jersey-server-2.22.1.jar:?]
	at org.glassfish.jersey.internal.Errors$1.call(Errors.java:271) ~[jersey-common-2.22.1.jar:?]
	at org.glassfish.jersey.internal.Errors$1.call(Errors.java:267) ~[jersey-common-2.22.1.jar:?]
	at org.glassfish.jersey.internal.Errors.process(Errors.java:315) ~[jersey-common-2.22.1.jar:?]
	at org.glassfish.jersey.internal.Errors.process(Errors.java:297) ~[jersey-common-2.22.1.jar:?]
	at org.glassfish.jersey.internal.Errors.process(Errors.java:267) ~[jersey-common-2.22.1.jar:?]
	at org.glassfish.jersey.process.internal.RequestScope.runInScope(RequestScope.java:317) ~[jersey-common-2.22.1.jar:?]
	at org.glassfish.jersey.server.ServerRuntime.process(ServerRuntime.java:305) ~[jersey-server-2.22.1.jar:?]
	at org.glassfish.jersey.server.ApplicationHandler.handle(ApplicationHandler.java:1154) ~[jersey-server-2.22.1.jar:?]
	at org.glassfish.jersey.servlet.WebComponent.serviceImpl(WebComponent.java:471) ~[jersey-container-servlet-core-2.22.1.jar:?]
	at org.glassfish.jersey.servlet.WebComponent.service(WebComponent.java:425) ~[jersey-container-servlet-core-2.22.1.jar:?]
	at org.glassfish.jersey.servlet.ServletContainer.service(ServletContainer.java:383) ~[jersey-container-servlet-core-2.22.1.jar:?]
	at org.glassfish.jersey.servlet.ServletContainer.service(ServletContainer.java:336) ~[jersey-container-servlet-core-2.22.1.jar:?]
	at org.glassfish.jersey.servlet.ServletContainer.service(ServletContainer.java:223) ~[jersey-container-servlet-core-2.22.1.jar:?]
	at com.dotcms.rest.servlet.ReloadableServletContainer.service(ReloadableServletContainer.java:117) ~[dotcms_null.jar:?]
	at org.apache.catalina.core.ApplicationFilterChain.internalDoFilter(ApplicationFilterChain.java:227) ~[catalina.jar:9.0.60]
	at org.apache.catalina.core.ApplicationFilterChain.doFilter(ApplicationFilterChain.java:162) ~[catalina.jar:9.0.60]
	at org.apache.tomcat.websocket.server.WsFilter.doFilter(WsFilter.java:53) ~[tomcat-websocket.jar:9.0.60]
	at org.apache.catalina.core.ApplicationFilterChain.internalDoFilter(ApplicationFilterChain.java:189) ~[catalina.jar:9.0.60]
	at org.apache.catalina.core.ApplicationFilterChain.doFilter(ApplicationFilterChain.java:162) ~[catalina.jar:9.0.60]
	at com.dotmarketing.filters.CMSFilter.doFilterInternal(CMSFilter.java:181) ~[dotcms_null.jar:?]
	at com.dotmarketing.filters.CMSFilter.doFilter(CMSFilter.java:61) ~[dotcms_null.jar:?]
	at org.apache.catalina.core.ApplicationFilterChain.internalDoFilter(ApplicationFilterChain.java:189) ~[catalina.jar:9.0.60]
	at org.apache.catalina.core.ApplicationFilterChain.doFilter(ApplicationFilterChain.java:162) ~[catalina.jar:9.0.60]
	at com.dotcms.filters.interceptor.AbstractWebInterceptorSupportFilter.doFilter(AbstractWebInterceptorSupportFilter.java:90) ~[dotcms_null.jar:?]
	at org.apache.catalina.core.ApplicationFilterChain.internalDoFilter(ApplicationFilterChain.java:189) ~[catalina.jar:9.0.60]
	at org.apache.catalina.core.ApplicationFilterChain.doFilter(ApplicationFilterChain.java:162) ~[catalina.jar:9.0.60]
	at com.dotcms.filters.interceptor.AbstractWebInterceptorSupportFilter.doFilter(AbstractWebInterceptorSupportFilter.java:90) ~[dotcms_null.jar:?]
	at org.apache.catalina.core.ApplicationFilterChain.internalDoFilter(ApplicationFilterChain.java:189) ~[catalina.jar:9.0.60]
	at org.apache.catalina.core.ApplicationFilterChain.doFilter(ApplicationFilterChain.java:162) ~[catalina.jar:9.0.60]
	at com.dotcms.visitor.filter.servlet.VisitorFilter.doFilter(VisitorFilter.java:81) ~[dotcms_null.jar:?]
	at org.apache.catalina.core.ApplicationFilterChain.internalDoFilter(ApplicationFilterChain.java:189) ~[catalina.jar:9.0.60]
	at org.apache.catalina.core.ApplicationFilterChain.doFilter(ApplicationFilterChain.java:162) ~[catalina.jar:9.0.60]
	at com.dotcms.vanityurl.filters.VanityURLFilter.doFilter(VanityURLFilter.java:114) ~[dotcms_null.jar:?]
	at org.apache.catalina.core.ApplicationFilterChain.internalDoFilter(ApplicationFilterChain.java:189) ~[catalina.jar:9.0.60]
	at org.apache.catalina.core.ApplicationFilterChain.doFilter(ApplicationFilterChain.java:162) ~[catalina.jar:9.0.60]
	at org.tuckey.web.filters.urlrewrite.RuleChain.handleRewrite(RuleChain.java:176) ~[urlrewritefilter-4.0.4.jar:4.0.4]
	at org.tuckey.web.filters.urlrewrite.RuleChain.doRules(RuleChain.java:145) ~[urlrewritefilter-4.0.4.jar:4.0.4]
	at org.tuckey.web.filters.urlrewrite.UrlRewriter.processRequest(UrlRewriter.java:92) ~[urlrewritefilter-4.0.4.jar:4.0.4]
	at org.tuckey.web.filters.urlrewrite.UrlRewriteFilter.doFilter(UrlRewriteFilter.java:389) ~[urlrewritefilter-4.0.4.jar:4.0.4]
	at org.apache.catalina.core.ApplicationFilterChain.internalDoFilter(ApplicationFilterChain.java:189) ~[catalina.jar:9.0.60]
	at org.apache.catalina.core.ApplicationFilterChain.doFilter(ApplicationFilterChain.java:162) ~[catalina.jar:9.0.60]
	at com.dotmarketing.filters.TimeMachineFilter.doFilter(TimeMachineFilter.java:67) ~[dotcms_null.jar:?]
	at org.apache.catalina.core.ApplicationFilterChain.internalDoFilter(ApplicationFilterChain.java:189) ~[catalina.jar:9.0.60]
	at org.apache.catalina.core.ApplicationFilterChain.doFilter(ApplicationFilterChain.java:162) ~[catalina.jar:9.0.60]
	at com.dotmarketing.filters.ThreadNameFilter.doFilter(ThreadNameFilter.java:88) ~[dotcms_null.jar:?]
	at org.apache.catalina.core.ApplicationFilterChain.internalDoFilter(ApplicationFilterChain.java:189) ~[catalina.jar:9.0.60]
	at org.apache.catalina.core.ApplicationFilterChain.doFilter(ApplicationFilterChain.java:162) ~[catalina.jar:9.0.60]
	at com.dotmarketing.filters.CookiesFilter.doFilter(CookiesFilter.java:53) ~[dotcms_null.jar:?]
	at org.apache.catalina.core.ApplicationFilterChain.internalDoFilter(ApplicationFilterChain.java:189) ~[catalina.jar:9.0.60]
	at org.apache.catalina.core.ApplicationFilterChain.doFilter(ApplicationFilterChain.java:162) ~[catalina.jar:9.0.60]
	at com.dotmarketing.filters.CharsetEncodingFilter.doFilter(CharsetEncodingFilter.java:99) ~[dotcms_null.jar:?]
	at org.apache.catalina.core.ApplicationFilterChain.internalDoFilter(ApplicationFilterChain.java:189) ~[catalina.jar:9.0.60]
	at org.apache.catalina.core.ApplicationFilterChain.doFilter(ApplicationFilterChain.java:162) ~[catalina.jar:9.0.60]
	at com.dotcms.filters.interceptor.AbstractWebInterceptorSupportFilter.doFilter(AbstractWebInterceptorSupportFilter.java:90) ~[dotcms_null.jar:?]
	at org.apache.catalina.core.ApplicationFilterChain.internalDoFilter(ApplicationFilterChain.java:189) ~[catalina.jar:9.0.60]
	at org.apache.catalina.core.ApplicationFilterChain.doFilter(ApplicationFilterChain.java:162) ~[catalina.jar:9.0.60]
	at org.apache.catalina.filters.HttpHeaderSecurityFilter.doFilter(HttpHeaderSecurityFilter.java:126) ~[catalina.jar:9.0.60]
	at org.apache.catalina.core.ApplicationFilterChain.internalDoFilter(ApplicationFilterChain.java:189) ~[catalina.jar:9.0.60]
	at org.apache.catalina.core.ApplicationFilterChain.doFilter(ApplicationFilterChain.java:162) ~[catalina.jar:9.0.60]
	at com.dotcms.filters.NormalizationFilter.doFilter(NormalizationFilter.java:88) ~[dotcms_null.jar:?]
	at org.apache.catalina.core.ApplicationFilterChain.internalDoFilter(ApplicationFilterChain.java:189) ~[catalina.jar:9.0.60]
	at org.apache.catalina.core.ApplicationFilterChain.doFilter(ApplicationFilterChain.java:162) ~[catalina.jar:9.0.60]
	at org.apache.catalina.core.StandardWrapperValve.invoke(StandardWrapperValve.java:197) ~[catalina.jar:9.0.60]
	at org.apache.catalina.core.StandardContextValve.invoke(StandardContextValve.java:97) ~[catalina.jar:9.0.60]
	at org.apache.catalina.authenticator.AuthenticatorBase.invoke(AuthenticatorBase.java:541) ~[catalina.jar:9.0.60]
	at org.apache.catalina.core.StandardHostValve.invoke(StandardHostValve.java:135) ~[catalina.jar:9.0.60]
	at org.apache.catalina.valves.AbstractAccessLogValve.invoke(AbstractAccessLogValve.java:687) ~[catalina.jar:9.0.60]
	at org.apache.catalina.valves.ErrorReportValve.invoke(ErrorReportValve.java:92) ~[catalina.jar:9.0.60]
	at org.apache.catalina.valves.RemoteIpValve.invoke(RemoteIpValve.java:769) ~[catalina.jar:9.0.60]
	at org.apache.catalina.core.StandardEngineValve.invoke(StandardEngineValve.java:78) ~[catalina.jar:9.0.60]
	at org.apache.catalina.connector.CoyoteAdapter.service(CoyoteAdapter.java:360) ~[catalina.jar:9.0.60]
	at org.apache.coyote.http11.Http11Processor.service(Http11Processor.java:399) ~[tomcat-coyote.jar:9.0.60]
	at org.apache.coyote.AbstractProcessorLight.process(AbstractProcessorLight.java:65) ~[tomcat-coyote.jar:9.0.60]
	at org.apache.coyote.AbstractProtocol$ConnectionHandler.process(AbstractProtocol.java:889) ~[tomcat-coyote.jar:9.0.60]
	at org.apache.tomcat.util.net.Nio2Endpoint$SocketProcessor.doRun(Nio2Endpoint.java:1701) ~[tomcat-coyote.jar:9.0.60]
	at org.apache.tomcat.util.net.SocketProcessorBase.run(SocketProcessorBase.java:49) ~[tomcat-coyote.jar:9.0.60]
	at org.apache.tomcat.util.net.AbstractEndpoint.processSocket(AbstractEndpoint.java:1190) ~[tomcat-coyote.jar:9.0.60]
	at org.apache.tomcat.util.net.Nio2Endpoint$Nio2SocketWrapper$2.completed(Nio2Endpoint.java:633) ~[tomcat-coyote.jar:9.0.60]
	at org.apache.tomcat.util.net.Nio2Endpoint$Nio2SocketWrapper$2.completed(Nio2Endpoint.java:611) ~[tomcat-coyote.jar:9.0.60]
	at sun.nio.ch.Invoker.invokeUnchecked(Invoker.java:127) ~[?:?]
	at sun.nio.ch.UnixAsynchronousSocketChannelImpl.finishRead(UnixAsynchronousSocketChannelImpl.java:439) ~[?:?]
	at sun.nio.ch.UnixAsynchronousSocketChannelImpl.finish(UnixAsynchronousSocketChannelImpl.java:191) ~[?:?]
	at sun.nio.ch.UnixAsynchronousSocketChannelImpl.onEvent(UnixAsynchronousSocketChannelImpl.java:213) ~[?:?]
	at sun.nio.ch.EPollPort$EventHandlerTask.run(EPollPort.java:306) ~[?:?]
	at sun.nio.ch.AsynchronousChannelGroupImpl$1.run(AsynchronousChannelGroupImpl.java:112) ~[?:?]
	at java.util.concurrent.ThreadPoolExecutor.runWorker(ThreadPoolExecutor.java:1128) ~[?:?]
	at java.util.concurrent.ThreadPoolExecutor$Worker.run(ThreadPoolExecutor.java:628) ~[?:?]
	at java.lang.Thread.run(Thread.java:829) [?:?]
[02/06/23 15:47:47:598 UTC]  INFO util.SecurityLogger: class com.dotmarketing.cms.login.factories.LoginFactory : User admin@dotcms.com has sucessfully logged in from IP: 172.18.0.1 -- ip:172.18.0.1,user:Admin User [ID: dotcms.org.1][email:admin@dotcms.com]
[02/06/23 15:47:47:629 UTC]  INFO util.SecurityLogger: class com.dotcms.rest.exception.mapper.NotFoundInDbExceptionMapper : no container found under: /application/containers/ -- ip:172.18.0.1,user:Admin User [ID: dotcms.org.1][email:admin@dotcms.com]
[02/06/23 15:47:50:703 UTC]  INFO util.SecurityLogger: class com.dotmarketing.cms.login.factories.LoginFactory : User admin@dotcms.com has sucessfully logged in from IP: 172.18.0.1 -- ip:172.18.0.1,user:Admin User [ID: dotcms.org.1][email:admin@dotcms.com]
[02/06/23 15:47:50:711 UTC]  WARN mapper.ResourceNotFoundExceptionMapper: Can't find Container:invalidContainer
org.apache.velocity.exception.ResourceNotFoundException: Can't find Container:invalidContainer
	at com.dotcms.rest.api.v1.container.ContainerResource.lambda$getContainer$1(ContainerResource.java:502) ~[dotcms_null.jar:?]
	at java.util.Optional.orElseGet(Optional.java:369) ~[?:?]
	at com.dotcms.rest.api.v1.container.ContainerResource.getContainer(ContainerResource.java:501) ~[dotcms_null.jar:?]
	at com.dotcms.rest.api.v1.container.ContainerResource.getContainer(ContainerResource.java:452) ~[dotcms_null.jar:?]
	at com.dotcms.rest.api.v1.container.ContainerResource.getContainerLive(ContainerResource.java:447) ~[dotcms_null.jar:?]
	at com.dotcms.rest.api.v1.container.ContainerResource.getLiveById(ContainerResource.java:801) ~[dotcms_null.jar:?]
	at jdk.internal.reflect.NativeMethodAccessorImpl.invoke0(Native Method) ~[?:?]
	at jdk.internal.reflect.NativeMethodAccessorImpl.invoke(NativeMethodAccessorImpl.java:62) ~[?:?]
	at jdk.internal.reflect.DelegatingMethodAccessorImpl.invoke(DelegatingMethodAccessorImpl.java:43) ~[?:?]
	at java.lang.reflect.Method.invoke(Method.java:566) ~[?:?]
	at org.glassfish.jersey.server.model.internal.ResourceMethodInvocationHandlerFactory$1.invoke(ResourceMethodInvocationHandlerFactory.java:81) ~[jersey-server-2.22.1.jar:?]
	at org.glassfish.jersey.server.model.internal.AbstractJavaResourceMethodDispatcher$1.run(AbstractJavaResourceMethodDispatcher.java:144) ~[jersey-server-2.22.1.jar:?]
	at org.glassfish.jersey.server.model.internal.AbstractJavaResourceMethodDispatcher.invoke(AbstractJavaResourceMethodDispatcher.java:161) ~[jersey-server-2.22.1.jar:?]
	at org.glassfish.jersey.server.model.internal.JavaResourceMethodDispatcherProvider$ResponseOutInvoker.doDispatch(JavaResourceMethodDispatcherProvider.java:160) ~[jersey-server-2.22.1.jar:?]
	at org.glassfish.jersey.server.model.internal.AbstractJavaResourceMethodDispatcher.dispatch(AbstractJavaResourceMethodDispatcher.java:99) ~[jersey-server-2.22.1.jar:?]
	at org.glassfish.jersey.server.model.ResourceMethodInvoker.invoke(ResourceMethodInvoker.java:389) ~[jersey-server-2.22.1.jar:?]
	at org.glassfish.jersey.server.model.ResourceMethodInvoker.apply(ResourceMethodInvoker.java:347) ~[jersey-server-2.22.1.jar:?]
	at org.glassfish.jersey.server.model.ResourceMethodInvoker.apply(ResourceMethodInvoker.java:102) ~[jersey-server-2.22.1.jar:?]
	at org.glassfish.jersey.server.ServerRuntime$2.run(ServerRuntime.java:326) ~[jersey-server-2.22.1.jar:?]
	at org.glassfish.jersey.internal.Errors$1.call(Errors.java:271) ~[jersey-common-2.22.1.jar:?]
	at org.glassfish.jersey.internal.Errors$1.call(Errors.java:267) ~[jersey-common-2.22.1.jar:?]
	at org.glassfish.jersey.internal.Errors.process(Errors.java:315) ~[jersey-common-2.22.1.jar:?]
	at org.glassfish.jersey.internal.Errors.process(Errors.java:297) ~[jersey-common-2.22.1.jar:?]
	at org.glassfish.jersey.internal.Errors.process(Errors.java:267) ~[jersey-common-2.22.1.jar:?]
	at org.glassfish.jersey.process.internal.RequestScope.runInScope(RequestScope.java:317) ~[jersey-common-2.22.1.jar:?]
	at org.glassfish.jersey.server.ServerRuntime.process(ServerRuntime.java:305) ~[jersey-server-2.22.1.jar:?]
	at org.glassfish.jersey.server.ApplicationHandler.handle(ApplicationHandler.java:1154) ~[jersey-server-2.22.1.jar:?]
	at org.glassfish.jersey.servlet.WebComponent.serviceImpl(WebComponent.java:471) ~[jersey-container-servlet-core-2.22.1.jar:?]
	at org.glassfish.jersey.servlet.WebComponent.service(WebComponent.java:425) ~[jersey-container-servlet-core-2.22.1.jar:?]
	at org.glassfish.jersey.servlet.ServletContainer.service(ServletContainer.java:383) ~[jersey-container-servlet-core-2.22.1.jar:?]
	at org.glassfish.jersey.servlet.ServletContainer.service(ServletContainer.java:336) ~[jersey-container-servlet-core-2.22.1.jar:?]
	at org.glassfish.jersey.servlet.ServletContainer.service(ServletContainer.java:223) ~[jersey-container-servlet-core-2.22.1.jar:?]
	at com.dotcms.rest.servlet.ReloadableServletContainer.service(ReloadableServletContainer.java:117) ~[dotcms_null.jar:?]
	at org.apache.catalina.core.ApplicationFilterChain.internalDoFilter(ApplicationFilterChain.java:227) ~[catalina.jar:9.0.60]
	at org.apache.catalina.core.ApplicationFilterChain.doFilter(ApplicationFilterChain.java:162) ~[catalina.jar:9.0.60]
	at org.apache.tomcat.websocket.server.WsFilter.doFilter(WsFilter.java:53) ~[tomcat-websocket.jar:9.0.60]
	at org.apache.catalina.core.ApplicationFilterChain.internalDoFilter(ApplicationFilterChain.java:189) ~[catalina.jar:9.0.60]
	at org.apache.catalina.core.ApplicationFilterChain.doFilter(ApplicationFilterChain.java:162) ~[catalina.jar:9.0.60]
	at com.dotmarketing.filters.CMSFilter.doFilterInternal(CMSFilter.java:181) ~[dotcms_null.jar:?]
	at com.dotmarketing.filters.CMSFilter.doFilter(CMSFilter.java:61) ~[dotcms_null.jar:?]
	at org.apache.catalina.core.ApplicationFilterChain.internalDoFilter(ApplicationFilterChain.java:189) ~[catalina.jar:9.0.60]
	at org.apache.catalina.core.ApplicationFilterChain.doFilter(ApplicationFilterChain.java:162) ~[catalina.jar:9.0.60]
	at com.dotcms.filters.interceptor.AbstractWebInterceptorSupportFilter.doFilter(AbstractWebInterceptorSupportFilter.java:90) ~[dotcms_null.jar:?]
	at org.apache.catalina.core.ApplicationFilterChain.internalDoFilter(ApplicationFilterChain.java:189) ~[catalina.jar:9.0.60]
	at org.apache.catalina.core.ApplicationFilterChain.doFilter(ApplicationFilterChain.java:162) ~[catalina.jar:9.0.60]
	at com.dotcms.filters.interceptor.AbstractWebInterceptorSupportFilter.doFilter(AbstractWebInterceptorSupportFilter.java:90) ~[dotcms_null.jar:?]
	at org.apache.catalina.core.ApplicationFilterChain.internalDoFilter(ApplicationFilterChain.java:189) ~[catalina.jar:9.0.60]
	at org.apache.catalina.core.ApplicationFilterChain.doFilter(ApplicationFilterChain.java:162) ~[catalina.jar:9.0.60]
	at com.dotcms.visitor.filter.servlet.VisitorFilter.doFilter(VisitorFilter.java:81) ~[dotcms_null.jar:?]
	at org.apache.catalina.core.ApplicationFilterChain.internalDoFilter(ApplicationFilterChain.java:189) ~[catalina.jar:9.0.60]
	at org.apache.catalina.core.ApplicationFilterChain.doFilter(ApplicationFilterChain.java:162) ~[catalina.jar:9.0.60]
	at com.dotcms.vanityurl.filters.VanityURLFilter.doFilter(VanityURLFilter.java:114) ~[dotcms_null.jar:?]
	at org.apache.catalina.core.ApplicationFilterChain.internalDoFilter(ApplicationFilterChain.java:189) ~[catalina.jar:9.0.60]
	at org.apache.catalina.core.ApplicationFilterChain.doFilter(ApplicationFilterChain.java:162) ~[catalina.jar:9.0.60]
	at org.tuckey.web.filters.urlrewrite.RuleChain.handleRewrite(RuleChain.java:176) ~[urlrewritefilter-4.0.4.jar:4.0.4]
	at org.tuckey.web.filters.urlrewrite.RuleChain.doRules(RuleChain.java:145) ~[urlrewritefilter-4.0.4.jar:4.0.4]
	at org.tuckey.web.filters.urlrewrite.UrlRewriter.processRequest(UrlRewriter.java:92) ~[urlrewritefilter-4.0.4.jar:4.0.4]
	at org.tuckey.web.filters.urlrewrite.UrlRewriteFilter.doFilter(UrlRewriteFilter.java:389) ~[urlrewritefilter-4.0.4.jar:4.0.4]
	at org.apache.catalina.core.ApplicationFilterChain.internalDoFilter(ApplicationFilterChain.java:189) ~[catalina.jar:9.0.60]
	at org.apache.catalina.core.ApplicationFilterChain.doFilter(ApplicationFilterChain.java:162) ~[catalina.jar:9.0.60]
	at com.dotmarketing.filters.TimeMachineFilter.doFilter(TimeMachineFilter.java:67) ~[dotcms_null.jar:?]
	at org.apache.catalina.core.ApplicationFilterChain.internalDoFilter(ApplicationFilterChain.java:189) ~[catalina.jar:9.0.60]
	at org.apache.catalina.core.ApplicationFilterChain.doFilter(ApplicationFilterChain.java:162) ~[catalina.jar:9.0.60]
	at com.dotmarketing.filters.ThreadNameFilter.doFilter(ThreadNameFilter.java:88) ~[dotcms_null.jar:?]
	at org.apache.catalina.core.ApplicationFilterChain.internalDoFilter(ApplicationFilterChain.java:189) ~[catalina.jar:9.0.60]
	at org.apache.catalina.core.ApplicationFilterChain.doFilter(ApplicationFilterChain.java:162) ~[catalina.jar:9.0.60]
	at com.dotmarketing.filters.CookiesFilter.doFilter(CookiesFilter.java:53) ~[dotcms_null.jar:?]
	at org.apache.catalina.core.ApplicationFilterChain.internalDoFilter(ApplicationFilterChain.java:189) ~[catalina.jar:9.0.60]
	at org.apache.catalina.core.ApplicationFilterChain.doFilter(ApplicationFilterChain.java:162) ~[catalina.jar:9.0.60]
	at com.dotmarketing.filters.CharsetEncodingFilter.doFilter(CharsetEncodingFilter.java:99) ~[dotcms_null.jar:?]
	at org.apache.catalina.core.ApplicationFilterChain.internalDoFilter(ApplicationFilterChain.java:189) ~[catalina.jar:9.0.60]
	at org.apache.catalina.core.ApplicationFilterChain.doFilter(ApplicationFilterChain.java:162) ~[catalina.jar:9.0.60]
	at com.dotcms.filters.interceptor.AbstractWebInterceptorSupportFilter.doFilter(AbstractWebInterceptorSupportFilter.java:90) ~[dotcms_null.jar:?]
	at org.apache.catalina.core.ApplicationFilterChain.internalDoFilter(ApplicationFilterChain.java:189) ~[catalina.jar:9.0.60]
	at org.apache.catalina.core.ApplicationFilterChain.doFilter(ApplicationFilterChain.java:162) ~[catalina.jar:9.0.60]
	at org.apache.catalina.filters.HttpHeaderSecurityFilter.doFilter(HttpHeaderSecurityFilter.java:126) ~[catalina.jar:9.0.60]
	at org.apache.catalina.core.ApplicationFilterChain.internalDoFilter(ApplicationFilterChain.java:189) ~[catalina.jar:9.0.60]
	at org.apache.catalina.core.ApplicationFilterChain.doFilter(ApplicationFilterChain.java:162) ~[catalina.jar:9.0.60]
	at com.dotcms.filters.NormalizationFilter.doFilter(NormalizationFilter.java:88) ~[dotcms_null.jar:?]
	at org.apache.catalina.core.ApplicationFilterChain.internalDoFilter(ApplicationFilterChain.java:189) ~[catalina.jar:9.0.60]
	at org.apache.catalina.core.ApplicationFilterChain.doFilter(ApplicationFilterChain.java:162) ~[catalina.jar:9.0.60]
	at org.apache.catalina.core.StandardWrapperValve.invoke(StandardWrapperValve.java:197) ~[catalina.jar:9.0.60]
	at org.apache.catalina.core.StandardContextValve.invoke(StandardContextValve.java:97) ~[catalina.jar:9.0.60]
	at org.apache.catalina.authenticator.AuthenticatorBase.invoke(AuthenticatorBase.java:541) ~[catalina.jar:9.0.60]
	at org.apache.catalina.core.StandardHostValve.invoke(StandardHostValve.java:135) ~[catalina.jar:9.0.60]
	at org.apache.catalina.valves.AbstractAccessLogValve.invoke(AbstractAccessLogValve.java:687) ~[catalina.jar:9.0.60]
	at org.apache.catalina.valves.ErrorReportValve.invoke(ErrorReportValve.java:92) ~[catalina.jar:9.0.60]
	at org.apache.catalina.valves.RemoteIpValve.invoke(RemoteIpValve.java:769) ~[catalina.jar:9.0.60]
	at org.apache.catalina.core.StandardEngineValve.invoke(StandardEngineValve.java:78) ~[catalina.jar:9.0.60]
	at org.apache.catalina.connector.CoyoteAdapter.service(CoyoteAdapter.java:360) ~[catalina.jar:9.0.60]
	at org.apache.coyote.http11.Http11Processor.service(Http11Processor.java:399) ~[tomcat-coyote.jar:9.0.60]
	at org.apache.coyote.AbstractProcessorLight.process(AbstractProcessorLight.java:65) ~[tomcat-coyote.jar:9.0.60]
	at org.apache.coyote.AbstractProtocol$ConnectionHandler.process(AbstractProtocol.java:889) ~[tomcat-coyote.jar:9.0.60]
	at org.apache.tomcat.util.net.Nio2Endpoint$SocketProcessor.doRun(Nio2Endpoint.java:1701) ~[tomcat-coyote.jar:9.0.60]
	at org.apache.tomcat.util.net.SocketProcessorBase.run(SocketProcessorBase.java:49) ~[tomcat-coyote.jar:9.0.60]
	at org.apache.tomcat.util.net.AbstractEndpoint.processSocket(AbstractEndpoint.java:1190) ~[tomcat-coyote.jar:9.0.60]
	at org.apache.tomcat.util.net.Nio2Endpoint$Nio2SocketWrapper$2.completed(Nio2Endpoint.java:633) ~[tomcat-coyote.jar:9.0.60]
	at org.apache.tomcat.util.net.Nio2Endpoint$Nio2SocketWrapper$2.completed(Nio2Endpoint.java:611) ~[tomcat-coyote.jar:9.0.60]
	at sun.nio.ch.Invoker.invokeUnchecked(Invoker.java:127) ~[?:?]
	at sun.nio.ch.Invoker$2.run(Invoker.java:219) ~[?:?]
	at sun.nio.ch.AsynchronousChannelGroupImpl$1.run(AsynchronousChannelGroupImpl.java:112) ~[?:?]
	at java.util.concurrent.ThreadPoolExecutor.runWorker(ThreadPoolExecutor.java:1128) ~[?:?]
	at java.util.concurrent.ThreadPoolExecutor$Worker.run(ThreadPoolExecutor.java:628) ~[?:?]
	at java.lang.Thread.run(Thread.java:829) [?:?]
[02/06/23 15:47:53:764 UTC]  INFO util.SecurityLogger: class com.dotmarketing.cms.login.factories.LoginFactory : User admin@dotcms.com has sucessfully logged in from IP: 172.18.0.1 -- ip:172.18.0.1,user:Admin User [ID: dotcms.org.1][email:admin@dotcms.com]
[02/06/23 15:47:53:769 UTC] ERROR container.ContainerResource: The container id is required
[02/06/23 15:47:53:770 UTC]  INFO util.SecurityLogger: class com.dotcms.rest.exception.mapper.DotBadRequestExceptionMapper : The container id is required -- ip:172.18.0.1,user:Admin User [ID: dotcms.org.1][email:admin@dotcms.com]
[02/06/23 15:47:56:810 UTC]  INFO util.SecurityLogger: class com.dotmarketing.cms.login.factories.LoginFactory : User admin@dotcms.com has sucessfully logged in from IP: 172.18.0.1 -- ip:172.18.0.1,user:Admin User [ID: dotcms.org.1][email:admin@dotcms.com]
[02/06/23 15:47:56:812 UTC]  WARN mapper.ResourceNotFoundExceptionMapper: Can't find Container:NOTFOUNDCONTAINER
org.apache.velocity.exception.ResourceNotFoundException: Can't find Container:NOTFOUNDCONTAINER
	at com.dotcms.rest.api.v1.container.ContainerResource.lambda$getContainer$1(ContainerResource.java:502) ~[dotcms_null.jar:?]
	at java.util.Optional.orElseGet(Optional.java:369) ~[?:?]
	at com.dotcms.rest.api.v1.container.ContainerResource.getContainer(ContainerResource.java:501) ~[dotcms_null.jar:?]
	at com.dotcms.rest.api.v1.container.ContainerResource.getContainer(ContainerResource.java:452) ~[dotcms_null.jar:?]
	at com.dotcms.rest.api.v1.container.ContainerResource.getContainerWorking(ContainerResource.java:435) ~[dotcms_null.jar:?]
	at com.dotcms.rest.api.v1.container.ContainerResource.publish(ContainerResource.java:897) ~[dotcms_null.jar:?]
	at jdk.internal.reflect.NativeMethodAccessorImpl.invoke0(Native Method) ~[?:?]
	at jdk.internal.reflect.NativeMethodAccessorImpl.invoke(NativeMethodAccessorImpl.java:62) ~[?:?]
	at jdk.internal.reflect.DelegatingMethodAccessorImpl.invoke(DelegatingMethodAccessorImpl.java:43) ~[?:?]
	at java.lang.reflect.Method.invoke(Method.java:566) ~[?:?]
	at org.glassfish.jersey.server.model.internal.ResourceMethodInvocationHandlerFactory$1.invoke(ResourceMethodInvocationHandlerFactory.java:81) ~[jersey-server-2.22.1.jar:?]
	at org.glassfish.jersey.server.model.internal.AbstractJavaResourceMethodDispatcher$1.run(AbstractJavaResourceMethodDispatcher.java:144) ~[jersey-server-2.22.1.jar:?]
	at org.glassfish.jersey.server.model.internal.AbstractJavaResourceMethodDispatcher.invoke(AbstractJavaResourceMethodDispatcher.java:161) ~[jersey-server-2.22.1.jar:?]
	at org.glassfish.jersey.server.model.internal.JavaResourceMethodDispatcherProvider$ResponseOutInvoker.doDispatch(JavaResourceMethodDispatcherProvider.java:160) ~[jersey-server-2.22.1.jar:?]
	at org.glassfish.jersey.server.model.internal.AbstractJavaResourceMethodDispatcher.dispatch(AbstractJavaResourceMethodDispatcher.java:99) ~[jersey-server-2.22.1.jar:?]
	at org.glassfish.jersey.server.model.ResourceMethodInvoker.invoke(ResourceMethodInvoker.java:389) ~[jersey-server-2.22.1.jar:?]
	at org.glassfish.jersey.server.model.ResourceMethodInvoker.apply(ResourceMethodInvoker.java:347) ~[jersey-server-2.22.1.jar:?]
	at org.glassfish.jersey.server.model.ResourceMethodInvoker.apply(ResourceMethodInvoker.java:102) ~[jersey-server-2.22.1.jar:?]
	at org.glassfish.jersey.server.ServerRuntime$2.run(ServerRuntime.java:326) ~[jersey-server-2.22.1.jar:?]
	at org.glassfish.jersey.internal.Errors$1.call(Errors.java:271) ~[jersey-common-2.22.1.jar:?]
	at org.glassfish.jersey.internal.Errors$1.call(Errors.java:267) ~[jersey-common-2.22.1.jar:?]
	at org.glassfish.jersey.internal.Errors.process(Errors.java:315) ~[jersey-common-2.22.1.jar:?]
	at org.glassfish.jersey.internal.Errors.process(Errors.java:297) ~[jersey-common-2.22.1.jar:?]
	at org.glassfish.jersey.internal.Errors.process(Errors.java:267) ~[jersey-common-2.22.1.jar:?]
	at org.glassfish.jersey.process.internal.RequestScope.runInScope(RequestScope.java:317) ~[jersey-common-2.22.1.jar:?]
	at org.glassfish.jersey.server.ServerRuntime.process(ServerRuntime.java:305) ~[jersey-server-2.22.1.jar:?]
	at org.glassfish.jersey.server.ApplicationHandler.handle(ApplicationHandler.java:1154) ~[jersey-server-2.22.1.jar:?]
	at org.glassfish.jersey.servlet.WebComponent.serviceImpl(WebComponent.java:471) ~[jersey-container-servlet-core-2.22.1.jar:?]
	at org.glassfish.jersey.servlet.WebComponent.service(WebComponent.java:425) ~[jersey-container-servlet-core-2.22.1.jar:?]
	at org.glassfish.jersey.servlet.ServletContainer.service(ServletContainer.java:383) ~[jersey-container-servlet-core-2.22.1.jar:?]
	at org.glassfish.jersey.servlet.ServletContainer.service(ServletContainer.java:336) ~[jersey-container-servlet-core-2.22.1.jar:?]
	at org.glassfish.jersey.servlet.ServletContainer.service(ServletContainer.java:223) ~[jersey-container-servlet-core-2.22.1.jar:?]
	at com.dotcms.rest.servlet.ReloadableServletContainer.service(ReloadableServletContainer.java:117) ~[dotcms_null.jar:?]
	at org.apache.catalina.core.ApplicationFilterChain.internalDoFilter(ApplicationFilterChain.java:227) ~[catalina.jar:9.0.60]
	at org.apache.catalina.core.ApplicationFilterChain.doFilter(ApplicationFilterChain.java:162) ~[catalina.jar:9.0.60]
	at org.apache.tomcat.websocket.server.WsFilter.doFilter(WsFilter.java:53) ~[tomcat-websocket.jar:9.0.60]
	at org.apache.catalina.core.ApplicationFilterChain.internalDoFilter(ApplicationFilterChain.java:189) ~[catalina.jar:9.0.60]
	at org.apache.catalina.core.ApplicationFilterChain.doFilter(ApplicationFilterChain.java:162) ~[catalina.jar:9.0.60]
	at com.dotmarketing.filters.CMSFilter.doFilterInternal(CMSFilter.java:181) ~[dotcms_null.jar:?]
	at com.dotmarketing.filters.CMSFilter.doFilter(CMSFilter.java:61) ~[dotcms_null.jar:?]
	at org.apache.catalina.core.ApplicationFilterChain.internalDoFilter(ApplicationFilterChain.java:189) ~[catalina.jar:9.0.60]
	at org.apache.catalina.core.ApplicationFilterChain.doFilter(ApplicationFilterChain.java:162) ~[catalina.jar:9.0.60]
	at com.dotcms.filters.interceptor.AbstractWebInterceptorSupportFilter.doFilter(AbstractWebInterceptorSupportFilter.java:90) ~[dotcms_null.jar:?]
	at org.apache.catalina.core.ApplicationFilterChain.internalDoFilter(ApplicationFilterChain.java:189) ~[catalina.jar:9.0.60]
	at org.apache.catalina.core.ApplicationFilterChain.doFilter(ApplicationFilterChain.java:162) ~[catalina.jar:9.0.60]
	at com.dotcms.filters.interceptor.AbstractWebInterceptorSupportFilter.doFilter(AbstractWebInterceptorSupportFilter.java:90) ~[dotcms_null.jar:?]
	at org.apache.catalina.core.ApplicationFilterChain.internalDoFilter(ApplicationFilterChain.java:189) ~[catalina.jar:9.0.60]
	at org.apache.catalina.core.ApplicationFilterChain.doFilter(ApplicationFilterChain.java:162) ~[catalina.jar:9.0.60]
	at com.dotcms.visitor.filter.servlet.VisitorFilter.doFilter(VisitorFilter.java:81) ~[dotcms_null.jar:?]
	at org.apache.catalina.core.ApplicationFilterChain.internalDoFilter(ApplicationFilterChain.java:189) ~[catalina.jar:9.0.60]
	at org.apache.catalina.core.ApplicationFilterChain.doFilter(ApplicationFilterChain.java:162) ~[catalina.jar:9.0.60]
	at com.dotcms.vanityurl.filters.VanityURLFilter.doFilter(VanityURLFilter.java:114) ~[dotcms_null.jar:?]
	at org.apache.catalina.core.ApplicationFilterChain.internalDoFilter(ApplicationFilterChain.java:189) ~[catalina.jar:9.0.60]
	at org.apache.catalina.core.ApplicationFilterChain.doFilter(ApplicationFilterChain.java:162) ~[catalina.jar:9.0.60]
	at org.tuckey.web.filters.urlrewrite.RuleChain.handleRewrite(RuleChain.java:176) ~[urlrewritefilter-4.0.4.jar:4.0.4]
	at org.tuckey.web.filters.urlrewrite.RuleChain.doRules(RuleChain.java:145) ~[urlrewritefilter-4.0.4.jar:4.0.4]
	at org.tuckey.web.filters.urlrewrite.UrlRewriter.processRequest(UrlRewriter.java:92) ~[urlrewritefilter-4.0.4.jar:4.0.4]
	at org.tuckey.web.filters.urlrewrite.UrlRewriteFilter.doFilter(UrlRewriteFilter.java:389) ~[urlrewritefilter-4.0.4.jar:4.0.4]
	at org.apache.catalina.core.ApplicationFilterChain.internalDoFilter(ApplicationFilterChain.java:189) ~[catalina.jar:9.0.60]
	at org.apache.catalina.core.ApplicationFilterChain.doFilter(ApplicationFilterChain.java:162) ~[catalina.jar:9.0.60]
	at com.dotmarketing.filters.TimeMachineFilter.doFilter(TimeMachineFilter.java:67) ~[dotcms_null.jar:?]
	at org.apache.catalina.core.ApplicationFilterChain.internalDoFilter(ApplicationFilterChain.java:189) ~[catalina.jar:9.0.60]
	at org.apache.catalina.core.ApplicationFilterChain.doFilter(ApplicationFilterChain.java:162) ~[catalina.jar:9.0.60]
	at com.dotmarketing.filters.ThreadNameFilter.doFilter(ThreadNameFilter.java:88) ~[dotcms_null.jar:?]
	at org.apache.catalina.core.ApplicationFilterChain.internalDoFilter(ApplicationFilterChain.java:189) ~[catalina.jar:9.0.60]
	at org.apache.catalina.core.ApplicationFilterChain.doFilter(ApplicationFilterChain.java:162) ~[catalina.jar:9.0.60]
	at com.dotmarketing.filters.CookiesFilter.doFilter(CookiesFilter.java:53) ~[dotcms_null.jar:?]
	at org.apache.catalina.core.ApplicationFilterChain.internalDoFilter(ApplicationFilterChain.java:189) ~[catalina.jar:9.0.60]
	at org.apache.catalina.core.ApplicationFilterChain.doFilter(ApplicationFilterChain.java:162) ~[catalina.jar:9.0.60]
	at com.dotmarketing.filters.CharsetEncodingFilter.doFilter(CharsetEncodingFilter.java:99) ~[dotcms_null.jar:?]
	at org.apache.catalina.core.ApplicationFilterChain.internalDoFilter(ApplicationFilterChain.java:189) ~[catalina.jar:9.0.60]
	at org.apache.catalina.core.ApplicationFilterChain.doFilter(ApplicationFilterChain.java:162) ~[catalina.jar:9.0.60]
	at com.dotcms.filters.interceptor.AbstractWebInterceptorSupportFilter.doFilter(AbstractWebInterceptorSupportFilter.java:90) ~[dotcms_null.jar:?]
	at org.apache.catalina.core.ApplicationFilterChain.internalDoFilter(ApplicationFilterChain.java:189) ~[catalina.jar:9.0.60]
	at org.apache.catalina.core.ApplicationFilterChain.doFilter(ApplicationFilterChain.java:162) ~[catalina.jar:9.0.60]
	at org.apache.catalina.filters.HttpHeaderSecurityFilter.doFilter(HttpHeaderSecurityFilter.java:126) ~[catalina.jar:9.0.60]
	at org.apache.catalina.core.ApplicationFilterChain.internalDoFilter(ApplicationFilterChain.java:189) ~[catalina.jar:9.0.60]
	at org.apache.catalina.core.ApplicationFilterChain.doFilter(ApplicationFilterChain.java:162) ~[catalina.jar:9.0.60]
	at com.dotcms.filters.NormalizationFilter.doFilter(NormalizationFilter.java:88) ~[dotcms_null.jar:?]
	at org.apache.catalina.core.ApplicationFilterChain.internalDoFilter(ApplicationFilterChain.java:189) ~[catalina.jar:9.0.60]
	at org.apache.catalina.core.ApplicationFilterChain.doFilter(ApplicationFilterChain.java:162) ~[catalina.jar:9.0.60]
	at org.apache.catalina.core.StandardWrapperValve.invoke(StandardWrapperValve.java:197) ~[catalina.jar:9.0.60]
	at org.apache.catalina.core.StandardContextValve.invoke(StandardContextValve.java:97) ~[catalina.jar:9.0.60]
	at org.apache.catalina.authenticator.AuthenticatorBase.invoke(AuthenticatorBase.java:541) ~[catalina.jar:9.0.60]
	at org.apache.catalina.core.StandardHostValve.invoke(StandardHostValve.java:135) ~[catalina.jar:9.0.60]
	at org.apache.catalina.valves.AbstractAccessLogValve.invoke(AbstractAccessLogValve.java:687) ~[catalina.jar:9.0.60]
	at org.apache.catalina.valves.ErrorReportValve.invoke(ErrorReportValve.java:92) ~[catalina.jar:9.0.60]
	at org.apache.catalina.valves.RemoteIpValve.invoke(RemoteIpValve.java:769) ~[catalina.jar:9.0.60]
	at org.apache.catalina.core.StandardEngineValve.invoke(StandardEngineValve.java:78) ~[catalina.jar:9.0.60]
	at org.apache.catalina.connector.CoyoteAdapter.service(CoyoteAdapter.java:360) ~[catalina.jar:9.0.60]
	at org.apache.coyote.http11.Http11Processor.service(Http11Processor.java:399) ~[tomcat-coyote.jar:9.0.60]
	at org.apache.coyote.AbstractProcessorLight.process(AbstractProcessorLight.java:65) ~[tomcat-coyote.jar:9.0.60]
	at org.apache.coyote.AbstractProtocol$ConnectionHandler.process(AbstractProtocol.java:889) ~[tomcat-coyote.jar:9.0.60]
	at org.apache.tomcat.util.net.Nio2Endpoint$SocketProcessor.doRun(Nio2Endpoint.java:1701) ~[tomcat-coyote.jar:9.0.60]
	at org.apache.tomcat.util.net.SocketProcessorBase.run(SocketProcessorBase.java:49) ~[tomcat-coyote.jar:9.0.60]
	at org.apache.tomcat.util.net.AbstractEndpoint.processSocket(AbstractEndpoint.java:1190) ~[tomcat-coyote.jar:9.0.60]
	at org.apache.tomcat.util.net.Nio2Endpoint$Nio2SocketWrapper$2.completed(Nio2Endpoint.java:633) ~[tomcat-coyote.jar:9.0.60]
	at org.apache.tomcat.util.net.Nio2Endpoint$Nio2SocketWrapper$2.completed(Nio2Endpoint.java:611) ~[tomcat-coyote.jar:9.0.60]
	at sun.nio.ch.Invoker.invokeUnchecked(Invoker.java:127) ~[?:?]
	at sun.nio.ch.UnixAsynchronousSocketChannelImpl.finishRead(UnixAsynchronousSocketChannelImpl.java:439) ~[?:?]
	at sun.nio.ch.UnixAsynchronousSocketChannelImpl.finish(UnixAsynchronousSocketChannelImpl.java:191) ~[?:?]
	at sun.nio.ch.UnixAsynchronousSocketChannelImpl.onEvent(UnixAsynchronousSocketChannelImpl.java:213) ~[?:?]
	at sun.nio.ch.EPollPort$EventHandlerTask.run(EPollPort.java:306) ~[?:?]
	at sun.nio.ch.AsynchronousChannelGroupImpl$1.run(AsynchronousChannelGroupImpl.java:112) ~[?:?]
	at java.util.concurrent.ThreadPoolExecutor.runWorker(ThreadPoolExecutor.java:1128) ~[?:?]
	at java.util.concurrent.ThreadPoolExecutor$Worker.run(ThreadPoolExecutor.java:628) ~[?:?]
	at java.lang.Thread.run(Thread.java:829) [?:?]
[02/06/23 15:47:59:862 UTC]  INFO util.SecurityLogger: class com.dotmarketing.cms.login.factories.LoginFactory : User admin@dotcms.com has sucessfully logged in from IP: 172.18.0.1 -- ip:172.18.0.1,user:Admin User [ID: dotcms.org.1][email:admin@dotcms.com]
[02/06/23 15:47:59:867 UTC] ERROR container.ContainerResource: The container id is required
[02/06/23 15:47:59:868 UTC]  INFO util.SecurityLogger: class com.dotcms.rest.exception.mapper.DotBadRequestExceptionMapper : The container id is required -- ip:172.18.0.1,user:Admin User [ID: dotcms.org.1][email:admin@dotcms.com]
[02/06/23 15:48:02:903 UTC]  INFO util.SecurityLogger: class com.dotmarketing.cms.login.factories.LoginFactory : User admin@dotcms.com has sucessfully logged in from IP: 172.18.0.1 -- ip:172.18.0.1,user:Admin User [ID: dotcms.org.1][email:admin@dotcms.com]
[02/06/23 15:48:02:908 UTC]  WARN mapper.ResourceNotFoundExceptionMapper: Can't find Container:NOTFOUNDCONTAINER
org.apache.velocity.exception.ResourceNotFoundException: Can't find Container:NOTFOUNDCONTAINER
	at com.dotcms.rest.api.v1.container.ContainerResource.lambda$getContainer$1(ContainerResource.java:502) ~[dotcms_null.jar:?]
	at java.util.Optional.orElseGet(Optional.java:369) ~[?:?]
	at com.dotcms.rest.api.v1.container.ContainerResource.getContainer(ContainerResource.java:501) ~[dotcms_null.jar:?]
	at com.dotcms.rest.api.v1.container.ContainerResource.getContainer(ContainerResource.java:452) ~[dotcms_null.jar:?]
	at com.dotcms.rest.api.v1.container.ContainerResource.getContainerWorking(ContainerResource.java:435) ~[dotcms_null.jar:?]
	at com.dotcms.rest.api.v1.container.ContainerResource.unpublish(ContainerResource.java:952) ~[dotcms_null.jar:?]
	at jdk.internal.reflect.NativeMethodAccessorImpl.invoke0(Native Method) ~[?:?]
	at jdk.internal.reflect.NativeMethodAccessorImpl.invoke(NativeMethodAccessorImpl.java:62) ~[?:?]
	at jdk.internal.reflect.DelegatingMethodAccessorImpl.invoke(DelegatingMethodAccessorImpl.java:43) ~[?:?]
	at java.lang.reflect.Method.invoke(Method.java:566) ~[?:?]
	at org.glassfish.jersey.server.model.internal.ResourceMethodInvocationHandlerFactory$1.invoke(ResourceMethodInvocationHandlerFactory.java:81) ~[jersey-server-2.22.1.jar:?]
	at org.glassfish.jersey.server.model.internal.AbstractJavaResourceMethodDispatcher$1.run(AbstractJavaResourceMethodDispatcher.java:144) ~[jersey-server-2.22.1.jar:?]
	at org.glassfish.jersey.server.model.internal.AbstractJavaResourceMethodDispatcher.invoke(AbstractJavaResourceMethodDispatcher.java:161) ~[jersey-server-2.22.1.jar:?]
	at org.glassfish.jersey.server.model.internal.JavaResourceMethodDispatcherProvider$ResponseOutInvoker.doDispatch(JavaResourceMethodDispatcherProvider.java:160) ~[jersey-server-2.22.1.jar:?]
	at org.glassfish.jersey.server.model.internal.AbstractJavaResourceMethodDispatcher.dispatch(AbstractJavaResourceMethodDispatcher.java:99) ~[jersey-server-2.22.1.jar:?]
	at org.glassfish.jersey.server.model.ResourceMethodInvoker.invoke(ResourceMethodInvoker.java:389) ~[jersey-server-2.22.1.jar:?]
	at org.glassfish.jersey.server.model.ResourceMethodInvoker.apply(ResourceMethodInvoker.java:347) ~[jersey-server-2.22.1.jar:?]
	at org.glassfish.jersey.server.model.ResourceMethodInvoker.apply(ResourceMethodInvoker.java:102) ~[jersey-server-2.22.1.jar:?]
	at org.glassfish.jersey.server.ServerRuntime$2.run(ServerRuntime.java:326) ~[jersey-server-2.22.1.jar:?]
	at org.glassfish.jersey.internal.Errors$1.call(Errors.java:271) ~[jersey-common-2.22.1.jar:?]
	at org.glassfish.jersey.internal.Errors$1.call(Errors.java:267) ~[jersey-common-2.22.1.jar:?]
	at org.glassfish.jersey.internal.Errors.process(Errors.java:315) ~[jersey-common-2.22.1.jar:?]
	at org.glassfish.jersey.internal.Errors.process(Errors.java:297) ~[jersey-common-2.22.1.jar:?]
	at org.glassfish.jersey.internal.Errors.process(Errors.java:267) ~[jersey-common-2.22.1.jar:?]
	at org.glassfish.jersey.process.internal.RequestScope.runInScope(RequestScope.java:317) ~[jersey-common-2.22.1.jar:?]
	at org.glassfish.jersey.server.ServerRuntime.process(ServerRuntime.java:305) ~[jersey-server-2.22.1.jar:?]
	at org.glassfish.jersey.server.ApplicationHandler.handle(ApplicationHandler.java:1154) ~[jersey-server-2.22.1.jar:?]
	at org.glassfish.jersey.servlet.WebComponent.serviceImpl(WebComponent.java:471) ~[jersey-container-servlet-core-2.22.1.jar:?]
	at org.glassfish.jersey.servlet.WebComponent.service(WebComponent.java:425) ~[jersey-container-servlet-core-2.22.1.jar:?]
	at org.glassfish.jersey.servlet.ServletContainer.service(ServletContainer.java:383) ~[jersey-container-servlet-core-2.22.1.jar:?]
	at org.glassfish.jersey.servlet.ServletContainer.service(ServletContainer.java:336) ~[jersey-container-servlet-core-2.22.1.jar:?]
	at org.glassfish.jersey.servlet.ServletContainer.service(ServletContainer.java:223) ~[jersey-container-servlet-core-2.22.1.jar:?]
	at com.dotcms.rest.servlet.ReloadableServletContainer.service(ReloadableServletContainer.java:117) ~[dotcms_null.jar:?]
	at org.apache.catalina.core.ApplicationFilterChain.internalDoFilter(ApplicationFilterChain.java:227) ~[catalina.jar:9.0.60]
	at org.apache.catalina.core.ApplicationFilterChain.doFilter(ApplicationFilterChain.java:162) ~[catalina.jar:9.0.60]
	at org.apache.tomcat.websocket.server.WsFilter.doFilter(WsFilter.java:53) ~[tomcat-websocket.jar:9.0.60]
	at org.apache.catalina.core.ApplicationFilterChain.internalDoFilter(ApplicationFilterChain.java:189) ~[catalina.jar:9.0.60]
	at org.apache.catalina.core.ApplicationFilterChain.doFilter(ApplicationFilterChain.java:162) ~[catalina.jar:9.0.60]
	at com.dotmarketing.filters.CMSFilter.doFilterInternal(CMSFilter.java:181) ~[dotcms_null.jar:?]
	at com.dotmarketing.filters.CMSFilter.doFilter(CMSFilter.java:61) ~[dotcms_null.jar:?]
	at org.apache.catalina.core.ApplicationFilterChain.internalDoFilter(ApplicationFilterChain.java:189) ~[catalina.jar:9.0.60]
	at org.apache.catalina.core.ApplicationFilterChain.doFilter(ApplicationFilterChain.java:162) ~[catalina.jar:9.0.60]
	at com.dotcms.filters.interceptor.AbstractWebInterceptorSupportFilter.doFilter(AbstractWebInterceptorSupportFilter.java:90) ~[dotcms_null.jar:?]
	at org.apache.catalina.core.ApplicationFilterChain.internalDoFilter(ApplicationFilterChain.java:189) ~[catalina.jar:9.0.60]
	at org.apache.catalina.core.ApplicationFilterChain.doFilter(ApplicationFilterChain.java:162) ~[catalina.jar:9.0.60]
	at com.dotcms.filters.interceptor.AbstractWebInterceptorSupportFilter.doFilter(AbstractWebInterceptorSupportFilter.java:90) ~[dotcms_null.jar:?]
	at org.apache.catalina.core.ApplicationFilterChain.internalDoFilter(ApplicationFilterChain.java:189) ~[catalina.jar:9.0.60]
	at org.apache.catalina.core.ApplicationFilterChain.doFilter(ApplicationFilterChain.java:162) ~[catalina.jar:9.0.60]
	at com.dotcms.visitor.filter.servlet.VisitorFilter.doFilter(VisitorFilter.java:81) ~[dotcms_null.jar:?]
	at org.apache.catalina.core.ApplicationFilterChain.internalDoFilter(ApplicationFilterChain.java:189) ~[catalina.jar:9.0.60]
	at org.apache.catalina.core.ApplicationFilterChain.doFilter(ApplicationFilterChain.java:162) ~[catalina.jar:9.0.60]
	at com.dotcms.vanityurl.filters.VanityURLFilter.doFilter(VanityURLFilter.java:114) ~[dotcms_null.jar:?]
	at org.apache.catalina.core.ApplicationFilterChain.internalDoFilter(ApplicationFilterChain.java:189) ~[catalina.jar:9.0.60]
	at org.apache.catalina.core.ApplicationFilterChain.doFilter(ApplicationFilterChain.java:162) ~[catalina.jar:9.0.60]
	at org.tuckey.web.filters.urlrewrite.RuleChain.handleRewrite(RuleChain.java:176) ~[urlrewritefilter-4.0.4.jar:4.0.4]
	at org.tuckey.web.filters.urlrewrite.RuleChain.doRules(RuleChain.java:145) ~[urlrewritefilter-4.0.4.jar:4.0.4]
	at org.tuckey.web.filters.urlrewrite.UrlRewriter.processRequest(UrlRewriter.java:92) ~[urlrewritefilter-4.0.4.jar:4.0.4]
	at org.tuckey.web.filters.urlrewrite.UrlRewriteFilter.doFilter(UrlRewriteFilter.java:389) ~[urlrewritefilter-4.0.4.jar:4.0.4]
	at org.apache.catalina.core.ApplicationFilterChain.internalDoFilter(ApplicationFilterChain.java:189) ~[catalina.jar:9.0.60]
	at org.apache.catalina.core.ApplicationFilterChain.doFilter(ApplicationFilterChain.java:162) ~[catalina.jar:9.0.60]
	at com.dotmarketing.filters.TimeMachineFilter.doFilter(TimeMachineFilter.java:67) ~[dotcms_null.jar:?]
	at org.apache.catalina.core.ApplicationFilterChain.internalDoFilter(ApplicationFilterChain.java:189) ~[catalina.jar:9.0.60]
	at org.apache.catalina.core.ApplicationFilterChain.doFilter(ApplicationFilterChain.java:162) ~[catalina.jar:9.0.60]
	at com.dotmarketing.filters.ThreadNameFilter.doFilter(ThreadNameFilter.java:88) ~[dotcms_null.jar:?]
	at org.apache.catalina.core.ApplicationFilterChain.internalDoFilter(ApplicationFilterChain.java:189) ~[catalina.jar:9.0.60]
	at org.apache.catalina.core.ApplicationFilterChain.doFilter(ApplicationFilterChain.java:162) ~[catalina.jar:9.0.60]
	at com.dotmarketing.filters.CookiesFilter.doFilter(CookiesFilter.java:53) ~[dotcms_null.jar:?]
	at org.apache.catalina.core.ApplicationFilterChain.internalDoFilter(ApplicationFilterChain.java:189) ~[catalina.jar:9.0.60]
	at org.apache.catalina.core.ApplicationFilterChain.doFilter(ApplicationFilterChain.java:162) ~[catalina.jar:9.0.60]
	at com.dotmarketing.filters.CharsetEncodingFilter.doFilter(CharsetEncodingFilter.java:99) ~[dotcms_null.jar:?]
	at org.apache.catalina.core.ApplicationFilterChain.internalDoFilter(ApplicationFilterChain.java:189) ~[catalina.jar:9.0.60]
	at org.apache.catalina.core.ApplicationFilterChain.doFilter(ApplicationFilterChain.java:162) ~[catalina.jar:9.0.60]
	at com.dotcms.filters.interceptor.AbstractWebInterceptorSupportFilter.doFilter(AbstractWebInterceptorSupportFilter.java:90) ~[dotcms_null.jar:?]
	at org.apache.catalina.core.ApplicationFilterChain.internalDoFilter(ApplicationFilterChain.java:189) ~[catalina.jar:9.0.60]
	at org.apache.catalina.core.ApplicationFilterChain.doFilter(ApplicationFilterChain.java:162) ~[catalina.jar:9.0.60]
	at org.apache.catalina.filters.HttpHeaderSecurityFilter.doFilter(HttpHeaderSecurityFilter.java:126) ~[catalina.jar:9.0.60]
	at org.apache.catalina.core.ApplicationFilterChain.internalDoFilter(ApplicationFilterChain.java:189) ~[catalina.jar:9.0.60]
	at org.apache.catalina.core.ApplicationFilterChain.doFilter(ApplicationFilterChain.java:162) ~[catalina.jar:9.0.60]
	at com.dotcms.filters.NormalizationFilter.doFilter(NormalizationFilter.java:88) ~[dotcms_null.jar:?]
	at org.apache.catalina.core.ApplicationFilterChain.internalDoFilter(ApplicationFilterChain.java:189) ~[catalina.jar:9.0.60]
	at org.apache.catalina.core.ApplicationFilterChain.doFilter(ApplicationFilterChain.java:162) ~[catalina.jar:9.0.60]
	at org.apache.catalina.core.StandardWrapperValve.invoke(StandardWrapperValve.java:197) ~[catalina.jar:9.0.60]
	at org.apache.catalina.core.StandardContextValve.invoke(StandardContextValve.java:97) ~[catalina.jar:9.0.60]
	at org.apache.catalina.authenticator.AuthenticatorBase.invoke(AuthenticatorBase.java:541) ~[catalina.jar:9.0.60]
	at org.apache.catalina.core.StandardHostValve.invoke(StandardHostValve.java:135) ~[catalina.jar:9.0.60]
	at org.apache.catalina.valves.AbstractAccessLogValve.invoke(AbstractAccessLogValve.java:687) ~[catalina.jar:9.0.60]
	at org.apache.catalina.valves.ErrorReportValve.invoke(ErrorReportValve.java:92) ~[catalina.jar:9.0.60]
	at org.apache.catalina.valves.RemoteIpValve.invoke(RemoteIpValve.java:769) ~[catalina.jar:9.0.60]
	at org.apache.catalina.core.StandardEngineValve.invoke(StandardEngineValve.java:78) ~[catalina.jar:9.0.60]
	at org.apache.catalina.connector.CoyoteAdapter.service(CoyoteAdapter.java:360) ~[catalina.jar:9.0.60]
	at org.apache.coyote.http11.Http11Processor.service(Http11Processor.java:399) ~[tomcat-coyote.jar:9.0.60]
	at org.apache.coyote.AbstractProcessorLight.process(AbstractProcessorLight.java:65) ~[tomcat-coyote.jar:9.0.60]
	at org.apache.coyote.AbstractProtocol$ConnectionHandler.process(AbstractProtocol.java:889) ~[tomcat-coyote.jar:9.0.60]
	at org.apache.tomcat.util.net.Nio2Endpoint$SocketProcessor.doRun(Nio2Endpoint.java:1701) ~[tomcat-coyote.jar:9.0.60]
	at org.apache.tomcat.util.net.SocketProcessorBase.run(SocketProcessorBase.java:49) ~[tomcat-coyote.jar:9.0.60]
	at org.apache.tomcat.util.net.AbstractEndpoint.processSocket(AbstractEndpoint.java:1190) ~[tomcat-coyote.jar:9.0.60]
	at org.apache.tomcat.util.net.Nio2Endpoint$Nio2SocketWrapper$2.completed(Nio2Endpoint.java:633) ~[tomcat-coyote.jar:9.0.60]
	at org.apache.tomcat.util.net.Nio2Endpoint$Nio2SocketWrapper$2.completed(Nio2Endpoint.java:611) ~[tomcat-coyote.jar:9.0.60]
	at sun.nio.ch.Invoker.invokeUnchecked(Invoker.java:127) ~[?:?]
	at sun.nio.ch.UnixAsynchronousSocketChannelImpl.finishRead(UnixAsynchronousSocketChannelImpl.java:439) ~[?:?]
	at sun.nio.ch.UnixAsynchronousSocketChannelImpl.finish(UnixAsynchronousSocketChannelImpl.java:191) ~[?:?]
	at sun.nio.ch.UnixAsynchronousSocketChannelImpl.onEvent(UnixAsynchronousSocketChannelImpl.java:213) ~[?:?]
	at sun.nio.ch.EPollPort$EventHandlerTask.run(EPollPort.java:306) ~[?:?]
	at sun.nio.ch.AsynchronousChannelGroupImpl$1.run(AsynchronousChannelGroupImpl.java:112) ~[?:?]
	at java.util.concurrent.ThreadPoolExecutor.runWorker(ThreadPoolExecutor.java:1128) ~[?:?]
	at java.util.concurrent.ThreadPoolExecutor$Worker.run(ThreadPoolExecutor.java:628) ~[?:?]
	at java.lang.Thread.run(Thread.java:829) [?:?]
[02/06/23 15:48:05:954 UTC]  INFO util.SecurityLogger: class com.dotmarketing.cms.login.factories.LoginFactory : User admin@dotcms.com has sucessfully logged in from IP: 172.18.0.1 -- ip:172.18.0.1,user:Admin User [ID: dotcms.org.1][email:admin@dotcms.com]
[02/06/23 15:48:05:962 UTC] ERROR container.ContainerResource: The container id is required
[02/06/23 15:48:05:962 UTC]  INFO util.SecurityLogger: class com.dotcms.rest.exception.mapper.DotBadRequestExceptionMapper : The container id is required -- ip:172.18.0.1,user:Admin User [ID: dotcms.org.1][email:admin@dotcms.com]
[02/06/23 15:48:09:009 UTC]  INFO util.SecurityLogger: class com.dotmarketing.cms.login.factories.LoginFactory : User admin@dotcms.com has sucessfully logged in from IP: 172.18.0.1 -- ip:172.18.0.1,user:Admin User [ID: dotcms.org.1][email:admin@dotcms.com]
[02/06/23 15:48:09:014 UTC]  WARN shorty.ShortyIdAPIImpl: An error occurred when getting shorty value for 'NOTFOUND' of type 'CONTENT': shorty NOTFOUND is not a short id.  Short Ids should be 10 chars in length
[02/06/23 15:48:09:014 UTC]  WARN mapper.ResourceNotFoundExceptionMapper: Can't find Container:NOTFOUND
org.apache.velocity.exception.ResourceNotFoundException: Can't find Container:NOTFOUND
	at com.dotcms.rest.api.v1.container.ContainerResource.lambda$getContainer$1(ContainerResource.java:502) ~[dotcms_null.jar:?]
	at java.util.Optional.orElseGet(Optional.java:369) ~[?:?]
	at com.dotcms.rest.api.v1.container.ContainerResource.getContainer(ContainerResource.java:501) ~[dotcms_null.jar:?]
	at com.dotcms.rest.api.v1.container.ContainerResource.getContainer(ContainerResource.java:452) ~[dotcms_null.jar:?]
	at com.dotcms.rest.api.v1.container.ContainerResource.getContainerWorking(ContainerResource.java:435) ~[dotcms_null.jar:?]
	at com.dotcms.rest.api.v1.container.ContainerResource.archive(ContainerResource.java:1005) ~[dotcms_null.jar:?]
	at jdk.internal.reflect.NativeMethodAccessorImpl.invoke0(Native Method) ~[?:?]
	at jdk.internal.reflect.NativeMethodAccessorImpl.invoke(NativeMethodAccessorImpl.java:62) ~[?:?]
	at jdk.internal.reflect.DelegatingMethodAccessorImpl.invoke(DelegatingMethodAccessorImpl.java:43) ~[?:?]
	at java.lang.reflect.Method.invoke(Method.java:566) ~[?:?]
	at org.glassfish.jersey.server.model.internal.ResourceMethodInvocationHandlerFactory$1.invoke(ResourceMethodInvocationHandlerFactory.java:81) ~[jersey-server-2.22.1.jar:?]
	at org.glassfish.jersey.server.model.internal.AbstractJavaResourceMethodDispatcher$1.run(AbstractJavaResourceMethodDispatcher.java:144) ~[jersey-server-2.22.1.jar:?]
	at org.glassfish.jersey.server.model.internal.AbstractJavaResourceMethodDispatcher.invoke(AbstractJavaResourceMethodDispatcher.java:161) ~[jersey-server-2.22.1.jar:?]
	at org.glassfish.jersey.server.model.internal.JavaResourceMethodDispatcherProvider$ResponseOutInvoker.doDispatch(JavaResourceMethodDispatcherProvider.java:160) ~[jersey-server-2.22.1.jar:?]
	at org.glassfish.jersey.server.model.internal.AbstractJavaResourceMethodDispatcher.dispatch(AbstractJavaResourceMethodDispatcher.java:99) ~[jersey-server-2.22.1.jar:?]
	at org.glassfish.jersey.server.model.ResourceMethodInvoker.invoke(ResourceMethodInvoker.java:389) ~[jersey-server-2.22.1.jar:?]
	at org.glassfish.jersey.server.model.ResourceMethodInvoker.apply(ResourceMethodInvoker.java:347) ~[jersey-server-2.22.1.jar:?]
	at org.glassfish.jersey.server.model.ResourceMethodInvoker.apply(ResourceMethodInvoker.java:102) ~[jersey-server-2.22.1.jar:?]
	at org.glassfish.jersey.server.ServerRuntime$2.run(ServerRuntime.java:326) ~[jersey-server-2.22.1.jar:?]
	at org.glassfish.jersey.internal.Errors$1.call(Errors.java:271) ~[jersey-common-2.22.1.jar:?]
	at org.glassfish.jersey.internal.Errors$1.call(Errors.java:267) ~[jersey-common-2.22.1.jar:?]
	at org.glassfish.jersey.internal.Errors.process(Errors.java:315) ~[jersey-common-2.22.1.jar:?]
	at org.glassfish.jersey.internal.Errors.process(Errors.java:297) ~[jersey-common-2.22.1.jar:?]
	at org.glassfish.jersey.internal.Errors.process(Errors.java:267) ~[jersey-common-2.22.1.jar:?]
	at org.glassfish.jersey.process.internal.RequestScope.runInScope(RequestScope.java:317) ~[jersey-common-2.22.1.jar:?]
	at org.glassfish.jersey.server.ServerRuntime.process(ServerRuntime.java:305) ~[jersey-server-2.22.1.jar:?]
	at org.glassfish.jersey.server.ApplicationHandler.handle(ApplicationHandler.java:1154) ~[jersey-server-2.22.1.jar:?]
	at org.glassfish.jersey.servlet.WebComponent.serviceImpl(WebComponent.java:471) ~[jersey-container-servlet-core-2.22.1.jar:?]
	at org.glassfish.jersey.servlet.WebComponent.service(WebComponent.java:425) ~[jersey-container-servlet-core-2.22.1.jar:?]
	at org.glassfish.jersey.servlet.ServletContainer.service(ServletContainer.java:383) ~[jersey-container-servlet-core-2.22.1.jar:?]
	at org.glassfish.jersey.servlet.ServletContainer.service(ServletContainer.java:336) ~[jersey-container-servlet-core-2.22.1.jar:?]
	at org.glassfish.jersey.servlet.ServletContainer.service(ServletContainer.java:223) ~[jersey-container-servlet-core-2.22.1.jar:?]
	at com.dotcms.rest.servlet.ReloadableServletContainer.service(ReloadableServletContainer.java:117) ~[dotcms_null.jar:?]
	at org.apache.catalina.core.ApplicationFilterChain.internalDoFilter(ApplicationFilterChain.java:227) ~[catalina.jar:9.0.60]
	at org.apache.catalina.core.ApplicationFilterChain.doFilter(ApplicationFilterChain.java:162) ~[catalina.jar:9.0.60]
	at org.apache.tomcat.websocket.server.WsFilter.doFilter(WsFilter.java:53) ~[tomcat-websocket.jar:9.0.60]
	at org.apache.catalina.core.ApplicationFilterChain.internalDoFilter(ApplicationFilterChain.java:189) ~[catalina.jar:9.0.60]
	at org.apache.catalina.core.ApplicationFilterChain.doFilter(ApplicationFilterChain.java:162) ~[catalina.jar:9.0.60]
	at com.dotmarketing.filters.CMSFilter.doFilterInternal(CMSFilter.java:181) ~[dotcms_null.jar:?]
	at com.dotmarketing.filters.CMSFilter.doFilter(CMSFilter.java:61) ~[dotcms_null.jar:?]
	at org.apache.catalina.core.ApplicationFilterChain.internalDoFilter(ApplicationFilterChain.java:189) ~[catalina.jar:9.0.60]
	at org.apache.catalina.core.ApplicationFilterChain.doFilter(ApplicationFilterChain.java:162) ~[catalina.jar:9.0.60]
	at com.dotcms.filters.interceptor.AbstractWebInterceptorSupportFilter.doFilter(AbstractWebInterceptorSupportFilter.java:90) ~[dotcms_null.jar:?]
	at org.apache.catalina.core.ApplicationFilterChain.internalDoFilter(ApplicationFilterChain.java:189) ~[catalina.jar:9.0.60]
	at org.apache.catalina.core.ApplicationFilterChain.doFilter(ApplicationFilterChain.java:162) ~[catalina.jar:9.0.60]
	at com.dotcms.filters.interceptor.AbstractWebInterceptorSupportFilter.doFilter(AbstractWebInterceptorSupportFilter.java:90) ~[dotcms_null.jar:?]
	at org.apache.catalina.core.ApplicationFilterChain.internalDoFilter(ApplicationFilterChain.java:189) ~[catalina.jar:9.0.60]
	at org.apache.catalina.core.ApplicationFilterChain.doFilter(ApplicationFilterChain.java:162) ~[catalina.jar:9.0.60]
	at com.dotcms.visitor.filter.servlet.VisitorFilter.doFilter(VisitorFilter.java:81) ~[dotcms_null.jar:?]
	at org.apache.catalina.core.ApplicationFilterChain.internalDoFilter(ApplicationFilterChain.java:189) ~[catalina.jar:9.0.60]
	at org.apache.catalina.core.ApplicationFilterChain.doFilter(ApplicationFilterChain.java:162) ~[catalina.jar:9.0.60]
	at com.dotcms.vanityurl.filters.VanityURLFilter.doFilter(VanityURLFilter.java:114) ~[dotcms_null.jar:?]
	at org.apache.catalina.core.ApplicationFilterChain.internalDoFilter(ApplicationFilterChain.java:189) ~[catalina.jar:9.0.60]
	at org.apache.catalina.core.ApplicationFilterChain.doFilter(ApplicationFilterChain.java:162) ~[catalina.jar:9.0.60]
	at org.tuckey.web.filters.urlrewrite.RuleChain.handleRewrite(RuleChain.java:176) ~[urlrewritefilter-4.0.4.jar:4.0.4]
	at org.tuckey.web.filters.urlrewrite.RuleChain.doRules(RuleChain.java:145) ~[urlrewritefilter-4.0.4.jar:4.0.4]
	at org.tuckey.web.filters.urlrewrite.UrlRewriter.processRequest(UrlRewriter.java:92) ~[urlrewritefilter-4.0.4.jar:4.0.4]
	at org.tuckey.web.filters.urlrewrite.UrlRewriteFilter.doFilter(UrlRewriteFilter.java:389) ~[urlrewritefilter-4.0.4.jar:4.0.4]
	at org.apache.catalina.core.ApplicationFilterChain.internalDoFilter(ApplicationFilterChain.java:189) ~[catalina.jar:9.0.60]
	at org.apache.catalina.core.ApplicationFilterChain.doFilter(ApplicationFilterChain.java:162) ~[catalina.jar:9.0.60]
	at com.dotmarketing.filters.TimeMachineFilter.doFilter(TimeMachineFilter.java:67) ~[dotcms_null.jar:?]
	at org.apache.catalina.core.ApplicationFilterChain.internalDoFilter(ApplicationFilterChain.java:189) ~[catalina.jar:9.0.60]
	at org.apache.catalina.core.ApplicationFilterChain.doFilter(ApplicationFilterChain.java:162) ~[catalina.jar:9.0.60]
	at com.dotmarketing.filters.ThreadNameFilter.doFilter(ThreadNameFilter.java:88) ~[dotcms_null.jar:?]
	at org.apache.catalina.core.ApplicationFilterChain.internalDoFilter(ApplicationFilterChain.java:189) ~[catalina.jar:9.0.60]
	at org.apache.catalina.core.ApplicationFilterChain.doFilter(ApplicationFilterChain.java:162) ~[catalina.jar:9.0.60]
	at com.dotmarketing.filters.CookiesFilter.doFilter(CookiesFilter.java:53) ~[dotcms_null.jar:?]
	at org.apache.catalina.core.ApplicationFilterChain.internalDoFilter(ApplicationFilterChain.java:189) ~[catalina.jar:9.0.60]
	at org.apache.catalina.core.ApplicationFilterChain.doFilter(ApplicationFilterChain.java:162) ~[catalina.jar:9.0.60]
	at com.dotmarketing.filters.CharsetEncodingFilter.doFilter(CharsetEncodingFilter.java:99) ~[dotcms_null.jar:?]
	at org.apache.catalina.core.ApplicationFilterChain.internalDoFilter(ApplicationFilterChain.java:189) ~[catalina.jar:9.0.60]
	at org.apache.catalina.core.ApplicationFilterChain.doFilter(ApplicationFilterChain.java:162) ~[catalina.jar:9.0.60]
	at com.dotcms.filters.interceptor.AbstractWebInterceptorSupportFilter.doFilter(AbstractWebInterceptorSupportFilter.java:90) ~[dotcms_null.jar:?]
	at org.apache.catalina.core.ApplicationFilterChain.internalDoFilter(ApplicationFilterChain.java:189) ~[catalina.jar:9.0.60]
	at org.apache.catalina.core.ApplicationFilterChain.doFilter(ApplicationFilterChain.java:162) ~[catalina.jar:9.0.60]
	at org.apache.catalina.filters.HttpHeaderSecurityFilter.doFilter(HttpHeaderSecurityFilter.java:126) ~[catalina.jar:9.0.60]
	at org.apache.catalina.core.ApplicationFilterChain.internalDoFilter(ApplicationFilterChain.java:189) ~[catalina.jar:9.0.60]
	at org.apache.catalina.core.ApplicationFilterChain.doFilter(ApplicationFilterChain.java:162) ~[catalina.jar:9.0.60]
	at com.dotcms.filters.NormalizationFilter.doFilter(NormalizationFilter.java:88) ~[dotcms_null.jar:?]
	at org.apache.catalina.core.ApplicationFilterChain.internalDoFilter(ApplicationFilterChain.java:189) ~[catalina.jar:9.0.60]
	at org.apache.catalina.core.ApplicationFilterChain.doFilter(ApplicationFilterChain.java:162) ~[catalina.jar:9.0.60]
	at org.apache.catalina.core.StandardWrapperValve.invoke(StandardWrapperValve.java:197) ~[catalina.jar:9.0.60]
	at org.apache.catalina.core.StandardContextValve.invoke(StandardContextValve.java:97) ~[catalina.jar:9.0.60]
	at org.apache.catalina.authenticator.AuthenticatorBase.invoke(AuthenticatorBase.java:541) ~[catalina.jar:9.0.60]
	at org.apache.catalina.core.StandardHostValve.invoke(StandardHostValve.java:135) ~[catalina.jar:9.0.60]
	at org.apache.catalina.valves.AbstractAccessLogValve.invoke(AbstractAccessLogValve.java:687) ~[catalina.jar:9.0.60]
	at org.apache.catalina.valves.ErrorReportValve.invoke(ErrorReportValve.java:92) ~[catalina.jar:9.0.60]
	at org.apache.catalina.valves.RemoteIpValve.invoke(RemoteIpValve.java:769) ~[catalina.jar:9.0.60]
	at org.apache.catalina.core.StandardEngineValve.invoke(StandardEngineValve.java:78) ~[catalina.jar:9.0.60]
	at org.apache.catalina.connector.CoyoteAdapter.service(CoyoteAdapter.java:360) ~[catalina.jar:9.0.60]
	at org.apache.coyote.http11.Http11Processor.service(Http11Processor.java:399) ~[tomcat-coyote.jar:9.0.60]
	at org.apache.coyote.AbstractProcessorLight.process(AbstractProcessorLight.java:65) ~[tomcat-coyote.jar:9.0.60]
	at org.apache.coyote.AbstractProtocol$ConnectionHandler.process(AbstractProtocol.java:889) ~[tomcat-coyote.jar:9.0.60]
	at org.apache.tomcat.util.net.Nio2Endpoint$SocketProcessor.doRun(Nio2Endpoint.java:1701) ~[tomcat-coyote.jar:9.0.60]
	at org.apache.tomcat.util.net.SocketProcessorBase.run(SocketProcessorBase.java:49) ~[tomcat-coyote.jar:9.0.60]
	at org.apache.tomcat.util.net.AbstractEndpoint.processSocket(AbstractEndpoint.java:1190) ~[tomcat-coyote.jar:9.0.60]
	at org.apache.tomcat.util.net.Nio2Endpoint.setSocketOptions(Nio2Endpoint.java:337) ~[tomcat-coyote.jar:9.0.60]
	at org.apache.tomcat.util.net.Nio2Endpoint$Nio2Acceptor.completed(Nio2Endpoint.java:471) ~[tomcat-coyote.jar:9.0.60]
	at org.apache.tomcat.util.net.Nio2Endpoint$Nio2Acceptor.completed(Nio2Endpoint.java:407) ~[tomcat-coyote.jar:9.0.60]
	at sun.nio.ch.Invoker.invokeUnchecked(Invoker.java:127) ~[?:?]
	at sun.nio.ch.Invoker$2.run(Invoker.java:219) ~[?:?]
	at sun.nio.ch.AsynchronousChannelGroupImpl$1.run(AsynchronousChannelGroupImpl.java:112) ~[?:?]
	at java.util.concurrent.ThreadPoolExecutor.runWorker(ThreadPoolExecutor.java:1128) ~[?:?]
	at java.util.concurrent.ThreadPoolExecutor$Worker.run(ThreadPoolExecutor.java:628) ~[?:?]
	at java.lang.Thread.run(Thread.java:829) [?:?]
[02/06/23 15:48:12:057 UTC]  INFO util.SecurityLogger: class com.dotmarketing.cms.login.factories.LoginFactory : User admin@dotcms.com has sucessfully logged in from IP: 172.18.0.1 -- ip:172.18.0.1,user:Admin User [ID: dotcms.org.1][email:admin@dotcms.com]
[02/06/23 15:48:12:060 UTC] ERROR container.ContainerResource: The container id is required
[02/06/23 15:48:12:061 UTC]  INFO util.SecurityLogger: class com.dotcms.rest.exception.mapper.DotBadRequestExceptionMapper : The container id is required -- ip:172.18.0.1,user:Admin User [ID: dotcms.org.1][email:admin@dotcms.com]
[02/06/23 15:48:15:097 UTC]  INFO util.SecurityLogger: class com.dotmarketing.cms.login.factories.LoginFactory : User admin@dotcms.com has sucessfully logged in from IP: 172.18.0.1 -- ip:172.18.0.1,user:Admin User [ID: dotcms.org.1][email:admin@dotcms.com]
[02/06/23 15:48:15:102 UTC]  WARN shorty.ShortyIdAPIImpl: An error occurred when getting shorty value for 'NOTFOUND' of type 'CONTENT': shorty NOTFOUND is not a short id.  Short Ids should be 10 chars in length
[02/06/23 15:48:15:102 UTC]  WARN mapper.ResourceNotFoundExceptionMapper: Can't find Container:NOTFOUND
org.apache.velocity.exception.ResourceNotFoundException: Can't find Container:NOTFOUND
	at com.dotcms.rest.api.v1.container.ContainerResource.lambda$getContainer$1(ContainerResource.java:502) ~[dotcms_null.jar:?]
	at java.util.Optional.orElseGet(Optional.java:369) ~[?:?]
	at com.dotcms.rest.api.v1.container.ContainerResource.getContainer(ContainerResource.java:501) ~[dotcms_null.jar:?]
	at com.dotcms.rest.api.v1.container.ContainerResource.getContainerArchiveWorking(ContainerResource.java:441) ~[dotcms_null.jar:?]
	at com.dotcms.rest.api.v1.container.ContainerResource.unarchive(ContainerResource.java:1058) ~[dotcms_null.jar:?]
	at jdk.internal.reflect.NativeMethodAccessorImpl.invoke0(Native Method) ~[?:?]
	at jdk.internal.reflect.NativeMethodAccessorImpl.invoke(NativeMethodAccessorImpl.java:62) ~[?:?]
	at jdk.internal.reflect.DelegatingMethodAccessorImpl.invoke(DelegatingMethodAccessorImpl.java:43) ~[?:?]
	at java.lang.reflect.Method.invoke(Method.java:566) ~[?:?]
	at org.glassfish.jersey.server.model.internal.ResourceMethodInvocationHandlerFactory$1.invoke(ResourceMethodInvocationHandlerFactory.java:81) ~[jersey-server-2.22.1.jar:?]
	at org.glassfish.jersey.server.model.internal.AbstractJavaResourceMethodDispatcher$1.run(AbstractJavaResourceMethodDispatcher.java:144) ~[jersey-server-2.22.1.jar:?]
	at org.glassfish.jersey.server.model.internal.AbstractJavaResourceMethodDispatcher.invoke(AbstractJavaResourceMethodDispatcher.java:161) ~[jersey-server-2.22.1.jar:?]
	at org.glassfish.jersey.server.model.internal.JavaResourceMethodDispatcherProvider$ResponseOutInvoker.doDispatch(JavaResourceMethodDispatcherProvider.java:160) ~[jersey-server-2.22.1.jar:?]
	at org.glassfish.jersey.server.model.internal.AbstractJavaResourceMethodDispatcher.dispatch(AbstractJavaResourceMethodDispatcher.java:99) ~[jersey-server-2.22.1.jar:?]
	at org.glassfish.jersey.server.model.ResourceMethodInvoker.invoke(ResourceMethodInvoker.java:389) ~[jersey-server-2.22.1.jar:?]
	at org.glassfish.jersey.server.model.ResourceMethodInvoker.apply(ResourceMethodInvoker.java:347) ~[jersey-server-2.22.1.jar:?]
	at org.glassfish.jersey.server.model.ResourceMethodInvoker.apply(ResourceMethodInvoker.java:102) ~[jersey-server-2.22.1.jar:?]
	at org.glassfish.jersey.server.ServerRuntime$2.run(ServerRuntime.java:326) ~[jersey-server-2.22.1.jar:?]
	at org.glassfish.jersey.internal.Errors$1.call(Errors.java:271) ~[jersey-common-2.22.1.jar:?]
	at org.glassfish.jersey.internal.Errors$1.call(Errors.java:267) ~[jersey-common-2.22.1.jar:?]
	at org.glassfish.jersey.internal.Errors.process(Errors.java:315) ~[jersey-common-2.22.1.jar:?]
	at org.glassfish.jersey.internal.Errors.process(Errors.java:297) ~[jersey-common-2.22.1.jar:?]
	at org.glassfish.jersey.internal.Errors.process(Errors.java:267) ~[jersey-common-2.22.1.jar:?]
	at org.glassfish.jersey.process.internal.RequestScope.runInScope(RequestScope.java:317) ~[jersey-common-2.22.1.jar:?]
	at org.glassfish.jersey.server.ServerRuntime.process(ServerRuntime.java:305) ~[jersey-server-2.22.1.jar:?]
	at org.glassfish.jersey.server.ApplicationHandler.handle(ApplicationHandler.java:1154) ~[jersey-server-2.22.1.jar:?]
	at org.glassfish.jersey.servlet.WebComponent.serviceImpl(WebComponent.java:471) ~[jersey-container-servlet-core-2.22.1.jar:?]
	at org.glassfish.jersey.servlet.WebComponent.service(WebComponent.java:425) ~[jersey-container-servlet-core-2.22.1.jar:?]
	at org.glassfish.jersey.servlet.ServletContainer.service(ServletContainer.java:383) ~[jersey-container-servlet-core-2.22.1.jar:?]
	at org.glassfish.jersey.servlet.ServletContainer.service(ServletContainer.java:336) ~[jersey-container-servlet-core-2.22.1.jar:?]
	at org.glassfish.jersey.servlet.ServletContainer.service(ServletContainer.java:223) ~[jersey-container-servlet-core-2.22.1.jar:?]
	at com.dotcms.rest.servlet.ReloadableServletContainer.service(ReloadableServletContainer.java:117) ~[dotcms_null.jar:?]
	at org.apache.catalina.core.ApplicationFilterChain.internalDoFilter(ApplicationFilterChain.java:227) ~[catalina.jar:9.0.60]
	at org.apache.catalina.core.ApplicationFilterChain.doFilter(ApplicationFilterChain.java:162) ~[catalina.jar:9.0.60]
	at org.apache.tomcat.websocket.server.WsFilter.doFilter(WsFilter.java:53) ~[tomcat-websocket.jar:9.0.60]
	at org.apache.catalina.core.ApplicationFilterChain.internalDoFilter(ApplicationFilterChain.java:189) ~[catalina.jar:9.0.60]
	at org.apache.catalina.core.ApplicationFilterChain.doFilter(ApplicationFilterChain.java:162) ~[catalina.jar:9.0.60]
	at com.dotmarketing.filters.CMSFilter.doFilterInternal(CMSFilter.java:181) ~[dotcms_null.jar:?]
	at com.dotmarketing.filters.CMSFilter.doFilter(CMSFilter.java:61) ~[dotcms_null.jar:?]
	at org.apache.catalina.core.ApplicationFilterChain.internalDoFilter(ApplicationFilterChain.java:189) ~[catalina.jar:9.0.60]
	at org.apache.catalina.core.ApplicationFilterChain.doFilter(ApplicationFilterChain.java:162) ~[catalina.jar:9.0.60]
	at com.dotcms.filters.interceptor.AbstractWebInterceptorSupportFilter.doFilter(AbstractWebInterceptorSupportFilter.java:90) ~[dotcms_null.jar:?]
	at org.apache.catalina.core.ApplicationFilterChain.internalDoFilter(ApplicationFilterChain.java:189) ~[catalina.jar:9.0.60]
	at org.apache.catalina.core.ApplicationFilterChain.doFilter(ApplicationFilterChain.java:162) ~[catalina.jar:9.0.60]
	at com.dotcms.filters.interceptor.AbstractWebInterceptorSupportFilter.doFilter(AbstractWebInterceptorSupportFilter.java:90) ~[dotcms_null.jar:?]
	at org.apache.catalina.core.ApplicationFilterChain.internalDoFilter(ApplicationFilterChain.java:189) ~[catalina.jar:9.0.60]
	at org.apache.catalina.core.ApplicationFilterChain.doFilter(ApplicationFilterChain.java:162) ~[catalina.jar:9.0.60]
	at com.dotcms.visitor.filter.servlet.VisitorFilter.doFilter(VisitorFilter.java:81) ~[dotcms_null.jar:?]
	at org.apache.catalina.core.ApplicationFilterChain.internalDoFilter(ApplicationFilterChain.java:189) ~[catalina.jar:9.0.60]
	at org.apache.catalina.core.ApplicationFilterChain.doFilter(ApplicationFilterChain.java:162) ~[catalina.jar:9.0.60]
	at com.dotcms.vanityurl.filters.VanityURLFilter.doFilter(VanityURLFilter.java:114) ~[dotcms_null.jar:?]
	at org.apache.catalina.core.ApplicationFilterChain.internalDoFilter(ApplicationFilterChain.java:189) ~[catalina.jar:9.0.60]
	at org.apache.catalina.core.ApplicationFilterChain.doFilter(ApplicationFilterChain.java:162) ~[catalina.jar:9.0.60]
	at org.tuckey.web.filters.urlrewrite.RuleChain.handleRewrite(RuleChain.java:176) ~[urlrewritefilter-4.0.4.jar:4.0.4]
	at org.tuckey.web.filters.urlrewrite.RuleChain.doRules(RuleChain.java:145) ~[urlrewritefilter-4.0.4.jar:4.0.4]
	at org.tuckey.web.filters.urlrewrite.UrlRewriter.processRequest(UrlRewriter.java:92) ~[urlrewritefilter-4.0.4.jar:4.0.4]
	at org.tuckey.web.filters.urlrewrite.UrlRewriteFilter.doFilter(UrlRewriteFilter.java:389) ~[urlrewritefilter-4.0.4.jar:4.0.4]
	at org.apache.catalina.core.ApplicationFilterChain.internalDoFilter(ApplicationFilterChain.java:189) ~[catalina.jar:9.0.60]
	at org.apache.catalina.core.ApplicationFilterChain.doFilter(ApplicationFilterChain.java:162) ~[catalina.jar:9.0.60]
	at com.dotmarketing.filters.TimeMachineFilter.doFilter(TimeMachineFilter.java:67) ~[dotcms_null.jar:?]
	at org.apache.catalina.core.ApplicationFilterChain.internalDoFilter(ApplicationFilterChain.java:189) ~[catalina.jar:9.0.60]
	at org.apache.catalina.core.ApplicationFilterChain.doFilter(ApplicationFilterChain.java:162) ~[catalina.jar:9.0.60]
	at com.dotmarketing.filters.ThreadNameFilter.doFilter(ThreadNameFilter.java:88) ~[dotcms_null.jar:?]
	at org.apache.catalina.core.ApplicationFilterChain.internalDoFilter(ApplicationFilterChain.java:189) ~[catalina.jar:9.0.60]
	at org.apache.catalina.core.ApplicationFilterChain.doFilter(ApplicationFilterChain.java:162) ~[catalina.jar:9.0.60]
	at com.dotmarketing.filters.CookiesFilter.doFilter(CookiesFilter.java:53) ~[dotcms_null.jar:?]
	at org.apache.catalina.core.ApplicationFilterChain.internalDoFilter(ApplicationFilterChain.java:189) ~[catalina.jar:9.0.60]
	at org.apache.catalina.core.ApplicationFilterChain.doFilter(ApplicationFilterChain.java:162) ~[catalina.jar:9.0.60]
	at com.dotmarketing.filters.CharsetEncodingFilter.doFilter(CharsetEncodingFilter.java:99) ~[dotcms_null.jar:?]
	at org.apache.catalina.core.ApplicationFilterChain.internalDoFilter(ApplicationFilterChain.java:189) ~[catalina.jar:9.0.60]
	at org.apache.catalina.core.ApplicationFilterChain.doFilter(ApplicationFilterChain.java:162) ~[catalina.jar:9.0.60]
	at com.dotcms.filters.interceptor.AbstractWebInterceptorSupportFilter.doFilter(AbstractWebInterceptorSupportFilter.java:90) ~[dotcms_null.jar:?]
	at org.apache.catalina.core.ApplicationFilterChain.internalDoFilter(ApplicationFilterChain.java:189) ~[catalina.jar:9.0.60]
	at org.apache.catalina.core.ApplicationFilterChain.doFilter(ApplicationFilterChain.java:162) ~[catalina.jar:9.0.60]
	at org.apache.catalina.filters.HttpHeaderSecurityFilter.doFilter(HttpHeaderSecurityFilter.java:126) ~[catalina.jar:9.0.60]
	at org.apache.catalina.core.ApplicationFilterChain.internalDoFilter(ApplicationFilterChain.java:189) ~[catalina.jar:9.0.60]
	at org.apache.catalina.core.ApplicationFilterChain.doFilter(ApplicationFilterChain.java:162) ~[catalina.jar:9.0.60]
	at com.dotcms.filters.NormalizationFilter.doFilter(NormalizationFilter.java:88) ~[dotcms_null.jar:?]
	at org.apache.catalina.core.ApplicationFilterChain.internalDoFilter(ApplicationFilterChain.java:189) ~[catalina.jar:9.0.60]
	at org.apache.catalina.core.ApplicationFilterChain.doFilter(ApplicationFilterChain.java:162) ~[catalina.jar:9.0.60]
	at org.apache.catalina.core.StandardWrapperValve.invoke(StandardWrapperValve.java:197) ~[catalina.jar:9.0.60]
	at org.apache.catalina.core.StandardContextValve.invoke(StandardContextValve.java:97) ~[catalina.jar:9.0.60]
	at org.apache.catalina.authenticator.AuthenticatorBase.invoke(AuthenticatorBase.java:541) ~[catalina.jar:9.0.60]
	at org.apache.catalina.core.StandardHostValve.invoke(StandardHostValve.java:135) ~[catalina.jar:9.0.60]
	at org.apache.catalina.valves.AbstractAccessLogValve.invoke(AbstractAccessLogValve.java:687) ~[catalina.jar:9.0.60]
	at org.apache.catalina.valves.ErrorReportValve.invoke(ErrorReportValve.java:92) ~[catalina.jar:9.0.60]
	at org.apache.catalina.valves.RemoteIpValve.invoke(RemoteIpValve.java:769) ~[catalina.jar:9.0.60]
	at org.apache.catalina.core.StandardEngineValve.invoke(StandardEngineValve.java:78) ~[catalina.jar:9.0.60]
	at org.apache.catalina.connector.CoyoteAdapter.service(CoyoteAdapter.java:360) ~[catalina.jar:9.0.60]
	at org.apache.coyote.http11.Http11Processor.service(Http11Processor.java:399) ~[tomcat-coyote.jar:9.0.60]
	at org.apache.coyote.AbstractProcessorLight.process(AbstractProcessorLight.java:65) ~[tomcat-coyote.jar:9.0.60]
	at org.apache.coyote.AbstractProtocol$ConnectionHandler.process(AbstractProtocol.java:889) ~[tomcat-coyote.jar:9.0.60]
	at org.apache.tomcat.util.net.Nio2Endpoint$SocketProcessor.doRun(Nio2Endpoint.java:1701) ~[tomcat-coyote.jar:9.0.60]
	at org.apache.tomcat.util.net.SocketProcessorBase.run(SocketProcessorBase.java:49) ~[tomcat-coyote.jar:9.0.60]
	at org.apache.tomcat.util.net.AbstractEndpoint.processSocket(AbstractEndpoint.java:1190) ~[tomcat-coyote.jar:9.0.60]
	at org.apache.tomcat.util.net.Nio2Endpoint.setSocketOptions(Nio2Endpoint.java:337) ~[tomcat-coyote.jar:9.0.60]
	at org.apache.tomcat.util.net.Nio2Endpoint$Nio2Acceptor.completed(Nio2Endpoint.java:471) ~[tomcat-coyote.jar:9.0.60]
	at org.apache.tomcat.util.net.Nio2Endpoint$Nio2Acceptor.completed(Nio2Endpoint.java:407) ~[tomcat-coyote.jar:9.0.60]
	at sun.nio.ch.Invoker.invokeUnchecked(Invoker.java:127) ~[?:?]
	at sun.nio.ch.Invoker$2.run(Invoker.java:219) ~[?:?]
	at sun.nio.ch.AsynchronousChannelGroupImpl$1.run(AsynchronousChannelGroupImpl.java:112) ~[?:?]
	at java.util.concurrent.ThreadPoolExecutor.runWorker(ThreadPoolExecutor.java:1128) ~[?:?]
	at java.util.concurrent.ThreadPoolExecutor$Worker.run(ThreadPoolExecutor.java:628) ~[?:?]
	at java.lang.Thread.run(Thread.java:829) [?:?]
[02/06/23 15:48:18:143 UTC]  INFO util.SecurityLogger: class com.dotmarketing.cms.login.factories.LoginFactory : User admin@dotcms.com has sucessfully logged in from IP: 172.18.0.1 -- ip:172.18.0.1,user:Admin User [ID: dotcms.org.1][email:admin@dotcms.com]
[02/06/23 15:48:18:145 UTC] ERROR container.ContainerResource: The container id is required
[02/06/23 15:48:18:146 UTC]  INFO util.SecurityLogger: class com.dotcms.rest.exception.mapper.DotBadRequestExceptionMapper : The container id is required -- ip:172.18.0.1,user:Admin User [ID: dotcms.org.1][email:admin@dotcms.com]
[02/06/23 15:48:21:180 UTC]  INFO util.SecurityLogger: class com.dotmarketing.cms.login.factories.LoginFactory : User admin@dotcms.com has sucessfully logged in from IP: 172.18.0.1 -- ip:172.18.0.1,user:Admin User [ID: dotcms.org.1][email:admin@dotcms.com]
[02/06/23 15:48:21:183 UTC]  WARN shorty.ShortyIdAPIImpl: An error occurred when getting shorty value for 'NOTFOUND' of type 'CONTENT': shorty NOTFOUND is not a short id.  Short Ids should be 10 chars in length
[02/06/23 15:48:21:183 UTC]  WARN mapper.ResourceNotFoundExceptionMapper: Can't find Container:NOTFOUND
org.apache.velocity.exception.ResourceNotFoundException: Can't find Container:NOTFOUND
	at com.dotcms.rest.api.v1.container.ContainerResource.lambda$getContainer$1(ContainerResource.java:502) ~[dotcms_null.jar:?]
	at java.util.Optional.orElseGet(Optional.java:369) ~[?:?]
	at com.dotcms.rest.api.v1.container.ContainerResource.getContainer(ContainerResource.java:501) ~[dotcms_null.jar:?]
	at com.dotcms.rest.api.v1.container.ContainerResource.getContainer(ContainerResource.java:452) ~[dotcms_null.jar:?]
	at com.dotcms.rest.api.v1.container.ContainerResource.getContainerWorking(ContainerResource.java:435) ~[dotcms_null.jar:?]
	at com.dotcms.rest.api.v1.container.ContainerResource.delete(ContainerResource.java:1107) ~[dotcms_null.jar:?]
	at jdk.internal.reflect.NativeMethodAccessorImpl.invoke0(Native Method) ~[?:?]
	at jdk.internal.reflect.NativeMethodAccessorImpl.invoke(NativeMethodAccessorImpl.java:62) ~[?:?]
	at jdk.internal.reflect.DelegatingMethodAccessorImpl.invoke(DelegatingMethodAccessorImpl.java:43) ~[?:?]
	at java.lang.reflect.Method.invoke(Method.java:566) ~[?:?]
	at org.glassfish.jersey.server.model.internal.ResourceMethodInvocationHandlerFactory$1.invoke(ResourceMethodInvocationHandlerFactory.java:81) ~[jersey-server-2.22.1.jar:?]
	at org.glassfish.jersey.server.model.internal.AbstractJavaResourceMethodDispatcher$1.run(AbstractJavaResourceMethodDispatcher.java:144) ~[jersey-server-2.22.1.jar:?]
	at org.glassfish.jersey.server.model.internal.AbstractJavaResourceMethodDispatcher.invoke(AbstractJavaResourceMethodDispatcher.java:161) ~[jersey-server-2.22.1.jar:?]
	at org.glassfish.jersey.server.model.internal.JavaResourceMethodDispatcherProvider$ResponseOutInvoker.doDispatch(JavaResourceMethodDispatcherProvider.java:160) ~[jersey-server-2.22.1.jar:?]
	at org.glassfish.jersey.server.model.internal.AbstractJavaResourceMethodDispatcher.dispatch(AbstractJavaResourceMethodDispatcher.java:99) ~[jersey-server-2.22.1.jar:?]
	at org.glassfish.jersey.server.model.ResourceMethodInvoker.invoke(ResourceMethodInvoker.java:389) ~[jersey-server-2.22.1.jar:?]
	at org.glassfish.jersey.server.model.ResourceMethodInvoker.apply(ResourceMethodInvoker.java:347) ~[jersey-server-2.22.1.jar:?]
	at org.glassfish.jersey.server.model.ResourceMethodInvoker.apply(ResourceMethodInvoker.java:102) ~[jersey-server-2.22.1.jar:?]
	at org.glassfish.jersey.server.ServerRuntime$2.run(ServerRuntime.java:326) ~[jersey-server-2.22.1.jar:?]
	at org.glassfish.jersey.internal.Errors$1.call(Errors.java:271) ~[jersey-common-2.22.1.jar:?]
	at org.glassfish.jersey.internal.Errors$1.call(Errors.java:267) ~[jersey-common-2.22.1.jar:?]
	at org.glassfish.jersey.internal.Errors.process(Errors.java:315) ~[jersey-common-2.22.1.jar:?]
	at org.glassfish.jersey.internal.Errors.process(Errors.java:297) ~[jersey-common-2.22.1.jar:?]
	at org.glassfish.jersey.internal.Errors.process(Errors.java:267) ~[jersey-common-2.22.1.jar:?]
	at org.glassfish.jersey.process.internal.RequestScope.runInScope(RequestScope.java:317) ~[jersey-common-2.22.1.jar:?]
	at org.glassfish.jersey.server.ServerRuntime.process(ServerRuntime.java:305) ~[jersey-server-2.22.1.jar:?]
	at org.glassfish.jersey.server.ApplicationHandler.handle(ApplicationHandler.java:1154) ~[jersey-server-2.22.1.jar:?]
	at org.glassfish.jersey.servlet.WebComponent.serviceImpl(WebComponent.java:471) ~[jersey-container-servlet-core-2.22.1.jar:?]
	at org.glassfish.jersey.servlet.WebComponent.service(WebComponent.java:425) ~[jersey-container-servlet-core-2.22.1.jar:?]
	at org.glassfish.jersey.servlet.ServletContainer.service(ServletContainer.java:383) ~[jersey-container-servlet-core-2.22.1.jar:?]
	at org.glassfish.jersey.servlet.ServletContainer.service(ServletContainer.java:336) ~[jersey-container-servlet-core-2.22.1.jar:?]
	at org.glassfish.jersey.servlet.ServletContainer.service(ServletContainer.java:223) ~[jersey-container-servlet-core-2.22.1.jar:?]
	at com.dotcms.rest.servlet.ReloadableServletContainer.service(ReloadableServletContainer.java:117) ~[dotcms_null.jar:?]
	at org.apache.catalina.core.ApplicationFilterChain.internalDoFilter(ApplicationFilterChain.java:227) ~[catalina.jar:9.0.60]
	at org.apache.catalina.core.ApplicationFilterChain.doFilter(ApplicationFilterChain.java:162) ~[catalina.jar:9.0.60]
	at org.apache.tomcat.websocket.server.WsFilter.doFilter(WsFilter.java:53) ~[tomcat-websocket.jar:9.0.60]
	at org.apache.catalina.core.ApplicationFilterChain.internalDoFilter(ApplicationFilterChain.java:189) ~[catalina.jar:9.0.60]
	at org.apache.catalina.core.ApplicationFilterChain.doFilter(ApplicationFilterChain.java:162) ~[catalina.jar:9.0.60]
	at com.dotmarketing.filters.CMSFilter.doFilterInternal(CMSFilter.java:181) ~[dotcms_null.jar:?]
	at com.dotmarketing.filters.CMSFilter.doFilter(CMSFilter.java:61) ~[dotcms_null.jar:?]
	at org.apache.catalina.core.ApplicationFilterChain.internalDoFilter(ApplicationFilterChain.java:189) ~[catalina.jar:9.0.60]
	at org.apache.catalina.core.ApplicationFilterChain.doFilter(ApplicationFilterChain.java:162) ~[catalina.jar:9.0.60]
	at com.dotcms.filters.interceptor.AbstractWebInterceptorSupportFilter.doFilter(AbstractWebInterceptorSupportFilter.java:90) ~[dotcms_null.jar:?]
	at org.apache.catalina.core.ApplicationFilterChain.internalDoFilter(ApplicationFilterChain.java:189) ~[catalina.jar:9.0.60]
	at org.apache.catalina.core.ApplicationFilterChain.doFilter(ApplicationFilterChain.java:162) ~[catalina.jar:9.0.60]
	at com.dotcms.filters.interceptor.AbstractWebInterceptorSupportFilter.doFilter(AbstractWebInterceptorSupportFilter.java:90) ~[dotcms_null.jar:?]
	at org.apache.catalina.core.ApplicationFilterChain.internalDoFilter(ApplicationFilterChain.java:189) ~[catalina.jar:9.0.60]
	at org.apache.catalina.core.ApplicationFilterChain.doFilter(ApplicationFilterChain.java:162) ~[catalina.jar:9.0.60]
	at com.dotcms.visitor.filter.servlet.VisitorFilter.doFilter(VisitorFilter.java:81) ~[dotcms_null.jar:?]
	at org.apache.catalina.core.ApplicationFilterChain.internalDoFilter(ApplicationFilterChain.java:189) ~[catalina.jar:9.0.60]
	at org.apache.catalina.core.ApplicationFilterChain.doFilter(ApplicationFilterChain.java:162) ~[catalina.jar:9.0.60]
	at com.dotcms.vanityurl.filters.VanityURLFilter.doFilter(VanityURLFilter.java:114) ~[dotcms_null.jar:?]
	at org.apache.catalina.core.ApplicationFilterChain.internalDoFilter(ApplicationFilterChain.java:189) ~[catalina.jar:9.0.60]
	at org.apache.catalina.core.ApplicationFilterChain.doFilter(ApplicationFilterChain.java:162) ~[catalina.jar:9.0.60]
	at org.tuckey.web.filters.urlrewrite.RuleChain.handleRewrite(RuleChain.java:176) ~[urlrewritefilter-4.0.4.jar:4.0.4]
	at org.tuckey.web.filters.urlrewrite.RuleChain.doRules(RuleChain.java:145) ~[urlrewritefilter-4.0.4.jar:4.0.4]
	at org.tuckey.web.filters.urlrewrite.UrlRewriter.processRequest(UrlRewriter.java:92) ~[urlrewritefilter-4.0.4.jar:4.0.4]
	at org.tuckey.web.filters.urlrewrite.UrlRewriteFilter.doFilter(UrlRewriteFilter.java:389) ~[urlrewritefilter-4.0.4.jar:4.0.4]
	at org.apache.catalina.core.ApplicationFilterChain.internalDoFilter(ApplicationFilterChain.java:189) ~[catalina.jar:9.0.60]
	at org.apache.catalina.core.ApplicationFilterChain.doFilter(ApplicationFilterChain.java:162) ~[catalina.jar:9.0.60]
	at com.dotmarketing.filters.TimeMachineFilter.doFilter(TimeMachineFilter.java:67) ~[dotcms_null.jar:?]
	at org.apache.catalina.core.ApplicationFilterChain.internalDoFilter(ApplicationFilterChain.java:189) ~[catalina.jar:9.0.60]
	at org.apache.catalina.core.ApplicationFilterChain.doFilter(ApplicationFilterChain.java:162) ~[catalina.jar:9.0.60]
	at com.dotmarketing.filters.ThreadNameFilter.doFilter(ThreadNameFilter.java:88) ~[dotcms_null.jar:?]
	at org.apache.catalina.core.ApplicationFilterChain.internalDoFilter(ApplicationFilterChain.java:189) ~[catalina.jar:9.0.60]
	at org.apache.catalina.core.ApplicationFilterChain.doFilter(ApplicationFilterChain.java:162) ~[catalina.jar:9.0.60]
	at com.dotmarketing.filters.CookiesFilter.doFilter(CookiesFilter.java:53) ~[dotcms_null.jar:?]
	at org.apache.catalina.core.ApplicationFilterChain.internalDoFilter(ApplicationFilterChain.java:189) ~[catalina.jar:9.0.60]
	at org.apache.catalina.core.ApplicationFilterChain.doFilter(ApplicationFilterChain.java:162) ~[catalina.jar:9.0.60]
	at com.dotmarketing.filters.CharsetEncodingFilter.doFilter(CharsetEncodingFilter.java:99) ~[dotcms_null.jar:?]
	at org.apache.catalina.core.ApplicationFilterChain.internalDoFilter(ApplicationFilterChain.java:189) ~[catalina.jar:9.0.60]
	at org.apache.catalina.core.ApplicationFilterChain.doFilter(ApplicationFilterChain.java:162) ~[catalina.jar:9.0.60]
	at com.dotcms.filters.interceptor.AbstractWebInterceptorSupportFilter.doFilter(AbstractWebInterceptorSupportFilter.java:90) ~[dotcms_null.jar:?]
	at org.apache.catalina.core.ApplicationFilterChain.internalDoFilter(ApplicationFilterChain.java:189) ~[catalina.jar:9.0.60]
	at org.apache.catalina.core.ApplicationFilterChain.doFilter(ApplicationFilterChain.java:162) ~[catalina.jar:9.0.60]
	at org.apache.catalina.filters.HttpHeaderSecurityFilter.doFilter(HttpHeaderSecurityFilter.java:126) ~[catalina.jar:9.0.60]
	at org.apache.catalina.core.ApplicationFilterChain.internalDoFilter(ApplicationFilterChain.java:189) ~[catalina.jar:9.0.60]
	at org.apache.catalina.core.ApplicationFilterChain.doFilter(ApplicationFilterChain.java:162) ~[catalina.jar:9.0.60]
	at com.dotcms.filters.NormalizationFilter.doFilter(NormalizationFilter.java:88) ~[dotcms_null.jar:?]
	at org.apache.catalina.core.ApplicationFilterChain.internalDoFilter(ApplicationFilterChain.java:189) ~[catalina.jar:9.0.60]
	at org.apache.catalina.core.ApplicationFilterChain.doFilter(ApplicationFilterChain.java:162) ~[catalina.jar:9.0.60]
	at org.apache.catalina.core.StandardWrapperValve.invoke(StandardWrapperValve.java:197) ~[catalina.jar:9.0.60]
	at org.apache.catalina.core.StandardContextValve.invoke(StandardContextValve.java:97) ~[catalina.jar:9.0.60]
	at org.apache.catalina.authenticator.AuthenticatorBase.invoke(AuthenticatorBase.java:541) ~[catalina.jar:9.0.60]
	at org.apache.catalina.core.StandardHostValve.invoke(StandardHostValve.java:135) ~[catalina.jar:9.0.60]
	at org.apache.catalina.valves.AbstractAccessLogValve.invoke(AbstractAccessLogValve.java:687) ~[catalina.jar:9.0.60]
	at org.apache.catalina.valves.ErrorReportValve.invoke(ErrorReportValve.java:92) ~[catalina.jar:9.0.60]
	at org.apache.catalina.valves.RemoteIpValve.invoke(RemoteIpValve.java:769) ~[catalina.jar:9.0.60]
	at org.apache.catalina.core.StandardEngineValve.invoke(StandardEngineValve.java:78) ~[catalina.jar:9.0.60]
	at org.apache.catalina.connector.CoyoteAdapter.service(CoyoteAdapter.java:360) ~[catalina.jar:9.0.60]
	at org.apache.coyote.http11.Http11Processor.service(Http11Processor.java:399) ~[tomcat-coyote.jar:9.0.60]
	at org.apache.coyote.AbstractProcessorLight.process(AbstractProcessorLight.java:65) ~[tomcat-coyote.jar:9.0.60]
	at org.apache.coyote.AbstractProtocol$ConnectionHandler.process(AbstractProtocol.java:889) ~[tomcat-coyote.jar:9.0.60]
	at org.apache.tomcat.util.net.Nio2Endpoint$SocketProcessor.doRun(Nio2Endpoint.java:1701) ~[tomcat-coyote.jar:9.0.60]
	at org.apache.tomcat.util.net.SocketProcessorBase.run(SocketProcessorBase.java:49) ~[tomcat-coyote.jar:9.0.60]
	at org.apache.tomcat.util.net.AbstractEndpoint.processSocket(AbstractEndpoint.java:1190) ~[tomcat-coyote.jar:9.0.60]
	at org.apache.tomcat.util.net.Nio2Endpoint.setSocketOptions(Nio2Endpoint.java:337) ~[tomcat-coyote.jar:9.0.60]
	at org.apache.tomcat.util.net.Nio2Endpoint$Nio2Acceptor.completed(Nio2Endpoint.java:471) ~[tomcat-coyote.jar:9.0.60]
	at org.apache.tomcat.util.net.Nio2Endpoint$Nio2Acceptor.completed(Nio2Endpoint.java:407) ~[tomcat-coyote.jar:9.0.60]
	at sun.nio.ch.Invoker.invokeUnchecked(Invoker.java:127) ~[?:?]
	at sun.nio.ch.Invoker$2.run(Invoker.java:219) ~[?:?]
	at sun.nio.ch.AsynchronousChannelGroupImpl$1.run(AsynchronousChannelGroupImpl.java:112) ~[?:?]
	at java.util.concurrent.ThreadPoolExecutor.runWorker(ThreadPoolExecutor.java:1128) ~[?:?]
	at java.util.concurrent.ThreadPoolExecutor$Worker.run(ThreadPoolExecutor.java:628) ~[?:?]
	at java.lang.Thread.run(Thread.java:829) [?:?]
[02/06/23 15:48:24:254 UTC]  INFO util.SecurityLogger: class com.dotmarketing.cms.login.factories.LoginFactory : User admin@dotcms.com has sucessfully logged in from IP: 172.18.0.1 -- ip:172.18.0.1,user:Admin User [ID: dotcms.org.1][email:admin@dotcms.com]
[02/06/23 15:48:24:259 UTC]  INFO business.IdentifierAPIImpl: Creating new identifier for versionable asset of type `containers` and title `abcd` 
[02/06/23 15:48:24:260 UTC]  INFO business.DeterministicIdentifierAPIImpl: hashing id: container:demo.dotcms.com/abcd to 5c6c7714fa2cd12830d0d422d2145e6d
[02/06/23 15:48:24:261 UTC]  WARN shorty.ShortyIdAPIImpl: An error occurred when getting shorty value for '' of type 'CONTENT': shorty  is not a short id.  Short Ids should be 10 chars in length
[02/06/23 15:48:24:290 UTC]  INFO util.ActivityLogger: class com.dotcms.rest.api.v1.container.ContainerResource: demo.dotcms.com : Save Container , User dotcms.org.1 savedabcd
[02/06/23 15:48:24:312 UTC]  INFO util.ActivityLogger: class com.dotcms.rest.api.v1.container.ContainerResource: system : Publish Container , User dotcms.org.1 published container: b3dde65a-046b-4a29-9fe6-46b237e082ed
[02/06/23 15:48:30:356 UTC]  INFO util.SecurityLogger: class com.dotmarketing.cms.login.factories.LoginFactory : User admin@dotcms.com has sucessfully logged in from IP: 172.18.0.1 -- ip:172.18.0.1,user:Admin User [ID: dotcms.org.1][email:admin@dotcms.com]
[02/06/23 15:48:33:375 UTC]  INFO util.ActivityLogger: class com.dotcms.rest.api.v1.container.ContainerResource: demo.dotcms.com : Update Container: b3dde65a-046b-4a29-9fe6-46b237e082ed , User dotcms.org.1 savedTestContainer
[02/06/23 15:48:36:412 UTC]  INFO util.SecurityLogger: class com.dotmarketing.cms.login.factories.LoginFactory : User admin@dotcms.com has sucessfully logged in from IP: 172.18.0.1 -- ip:172.18.0.1,user:Admin User [ID: dotcms.org.1][email:admin@dotcms.com]
[02/06/23 15:48:36:452 UTC]  INFO util.ActivityLogger: class com.dotcms.content.elasticsearch.business.ESContentletAPIImpl: System Host : Locking Content , StartDate: N/D; EndDate: N/D; User:dotcms.org.1; ContentIdentifier: 8a7d5e23-da1e-420a-b4f0-471e7da8ea2d
[02/06/23 15:48:36:456 UTC]  INFO business.ContentletIndexAPIImpl: Indexing: 8a7d5e23-da1e-420a-b4f0-471e7da8ea2d : default, includeDependencies: false, policy: FORCE
[02/06/23 15:48:36:457 UTC]  INFO util.ActivityLogger: class com.dotcms.content.elasticsearch.business.ESContentletAPIImpl: System Host : Content Locked , StartDate: N/D; EndDate: N/D; User:dotcms.org.1; ContentIdentifier: 8a7d5e23-da1e-420a-b4f0-471e7da8ea2d
[02/06/23 15:48:36:459 UTC]  INFO util.ActivityLogger: class com.dotcms.content.elasticsearch.business.ESContentletAPIImpl: System Host : Saving Content , StartDate: N/D; EndDate: N/D; User:dotcms.org.1; ContentIdentifier: 8a7d5e23-da1e-420a-b4f0-471e7da8ea2d
[02/06/23 15:48:36:480 UTC]  INFO timedcache.TimedCacheProvider: ***	 Building Cache : esquerycountcache, size:10000, seconds:3600,Concurrency:32 (every 60000 millis)
[02/06/23 15:48:36:540 UTC]  INFO business.ContentletIndexAPIImpl: Indexing: 8a7d5e23-da1e-420a-b4f0-471e7da8ea2d : default, includeDependencies: true, policy: FORCE
[02/06/23 15:48:36:567 UTC]  INFO util.ActivityLogger: class com.dotcms.content.elasticsearch.business.ESContentletAPIImpl: System Host : Content Saved , StartDate: N/D; EndDate: N/D; User:dotcms.org.1; ContentIdentifier: 8a7d5e23-da1e-420a-b4f0-471e7da8ea2d
[02/06/23 15:48:42:706 UTC]  INFO util.SecurityLogger: class com.dotmarketing.cms.login.factories.LoginFactory : User admin@dotcms.com has sucessfully logged in from IP: 172.18.0.1 -- ip:172.18.0.1,user:Admin User [ID: dotcms.org.1][email:admin@dotcms.com]
[02/06/23 15:48:45:756 UTC]  INFO util.SecurityLogger: class com.dotmarketing.cms.login.factories.LoginFactory : User admin@dotcms.com has sucessfully logged in from IP: 172.18.0.1 -- ip:172.18.0.1,user:Admin User [ID: dotcms.org.1][email:admin@dotcms.com]
[02/06/23 15:48:49:002 UTC]  INFO util.SecurityLogger: class com.dotmarketing.cms.login.factories.LoginFactory : User admin@dotcms.com has sucessfully logged in from IP: 172.18.0.1 -- ip:172.18.0.1,user:Admin User [ID: dotcms.org.1][email:admin@dotcms.com]
[02/06/23 15:48:52:062 UTC]  INFO util.SecurityLogger: class com.dotmarketing.cms.login.factories.LoginFactory : User admin@dotcms.com has sucessfully logged in from IP: 172.18.0.1 -- ip:172.18.0.1,user:Admin User [ID: dotcms.org.1][email:admin@dotcms.com]
[02/06/23 15:48:55:092 UTC]  INFO util.ActivityLogger: class com.dotcms.rest.api.v1.container.ContainerResource: system : Publish Container , User dotcms.org.1 published container: b3dde65a-046b-4a29-9fe6-46b237e082ed
[02/06/23 15:48:58:150 UTC]  INFO util.SecurityLogger: class com.dotmarketing.cms.login.factories.LoginFactory : User admin@dotcms.com has sucessfully logged in from IP: 172.18.0.1 -- ip:172.18.0.1,user:Admin User [ID: dotcms.org.1][email:admin@dotcms.com]
[02/06/23 15:49:01:197 UTC]  INFO util.SecurityLogger: class com.dotmarketing.cms.login.factories.LoginFactory : User admin@dotcms.com has sucessfully logged in from IP: 172.18.0.1 -- ip:172.18.0.1,user:Admin User [ID: dotcms.org.1][email:admin@dotcms.com]
[02/06/23 15:49:01:202 UTC]  WARN shorty.ShortyIdAPIImpl: An error occurred when getting shorty value for 'xxxxx' of type 'CONTENT': shorty xxxxx is not a short id.  Short Ids should be 10 chars in length
[02/06/23 15:49:01:202 UTC]  WARN mapper.ResourceNotFoundExceptionMapper: Can't find Container:xxxxx
org.apache.velocity.exception.ResourceNotFoundException: Can't find Container:xxxxx
	at com.dotcms.rest.api.v1.container.ContainerResource.lambda$getContainer$1(ContainerResource.java:502) ~[dotcms_null.jar:?]
	at java.util.Optional.orElseGet(Optional.java:369) ~[?:?]
	at com.dotcms.rest.api.v1.container.ContainerResource.getContainer(ContainerResource.java:501) ~[dotcms_null.jar:?]
	at com.dotcms.rest.api.v1.container.ContainerResource.getContainer(ContainerResource.java:452) ~[dotcms_null.jar:?]
	at com.dotcms.rest.api.v1.container.ContainerResource.getContainerLive(ContainerResource.java:447) ~[dotcms_null.jar:?]
	at com.dotcms.rest.api.v1.container.ContainerResource.getLiveById(ContainerResource.java:801) ~[dotcms_null.jar:?]
	at jdk.internal.reflect.NativeMethodAccessorImpl.invoke0(Native Method) ~[?:?]
	at jdk.internal.reflect.NativeMethodAccessorImpl.invoke(NativeMethodAccessorImpl.java:62) ~[?:?]
	at jdk.internal.reflect.DelegatingMethodAccessorImpl.invoke(DelegatingMethodAccessorImpl.java:43) ~[?:?]
	at java.lang.reflect.Method.invoke(Method.java:566) ~[?:?]
	at org.glassfish.jersey.server.model.internal.ResourceMethodInvocationHandlerFactory$1.invoke(ResourceMethodInvocationHandlerFactory.java:81) ~[jersey-server-2.22.1.jar:?]
	at org.glassfish.jersey.server.model.internal.AbstractJavaResourceMethodDispatcher$1.run(AbstractJavaResourceMethodDispatcher.java:144) ~[jersey-server-2.22.1.jar:?]
	at org.glassfish.jersey.server.model.internal.AbstractJavaResourceMethodDispatcher.invoke(AbstractJavaResourceMethodDispatcher.java:161) ~[jersey-server-2.22.1.jar:?]
	at org.glassfish.jersey.server.model.internal.JavaResourceMethodDispatcherProvider$ResponseOutInvoker.doDispatch(JavaResourceMethodDispatcherProvider.java:160) ~[jersey-server-2.22.1.jar:?]
	at org.glassfish.jersey.server.model.internal.AbstractJavaResourceMethodDispatcher.dispatch(AbstractJavaResourceMethodDispatcher.java:99) ~[jersey-server-2.22.1.jar:?]
	at org.glassfish.jersey.server.model.ResourceMethodInvoker.invoke(ResourceMethodInvoker.java:389) ~[jersey-server-2.22.1.jar:?]
	at org.glassfish.jersey.server.model.ResourceMethodInvoker.apply(ResourceMethodInvoker.java:347) ~[jersey-server-2.22.1.jar:?]
	at org.glassfish.jersey.server.model.ResourceMethodInvoker.apply(ResourceMethodInvoker.java:102) ~[jersey-server-2.22.1.jar:?]
	at org.glassfish.jersey.server.ServerRuntime$2.run(ServerRuntime.java:326) ~[jersey-server-2.22.1.jar:?]
	at org.glassfish.jersey.internal.Errors$1.call(Errors.java:271) ~[jersey-common-2.22.1.jar:?]
	at org.glassfish.jersey.internal.Errors$1.call(Errors.java:267) ~[jersey-common-2.22.1.jar:?]
	at org.glassfish.jersey.internal.Errors.process(Errors.java:315) ~[jersey-common-2.22.1.jar:?]
	at org.glassfish.jersey.internal.Errors.process(Errors.java:297) ~[jersey-common-2.22.1.jar:?]
	at org.glassfish.jersey.internal.Errors.process(Errors.java:267) ~[jersey-common-2.22.1.jar:?]
	at org.glassfish.jersey.process.internal.RequestScope.runInScope(RequestScope.java:317) ~[jersey-common-2.22.1.jar:?]
	at org.glassfish.jersey.server.ServerRuntime.process(ServerRuntime.java:305) ~[jersey-server-2.22.1.jar:?]
	at org.glassfish.jersey.server.ApplicationHandler.handle(ApplicationHandler.java:1154) ~[jersey-server-2.22.1.jar:?]
	at org.glassfish.jersey.servlet.WebComponent.serviceImpl(WebComponent.java:471) ~[jersey-container-servlet-core-2.22.1.jar:?]
	at org.glassfish.jersey.servlet.WebComponent.service(WebComponent.java:425) ~[jersey-container-servlet-core-2.22.1.jar:?]
	at org.glassfish.jersey.servlet.ServletContainer.service(ServletContainer.java:383) ~[jersey-container-servlet-core-2.22.1.jar:?]
	at org.glassfish.jersey.servlet.ServletContainer.service(ServletContainer.java:336) ~[jersey-container-servlet-core-2.22.1.jar:?]
	at org.glassfish.jersey.servlet.ServletContainer.service(ServletContainer.java:223) ~[jersey-container-servlet-core-2.22.1.jar:?]
	at com.dotcms.rest.servlet.ReloadableServletContainer.service(ReloadableServletContainer.java:117) ~[dotcms_null.jar:?]
	at org.apache.catalina.core.ApplicationFilterChain.internalDoFilter(ApplicationFilterChain.java:227) ~[catalina.jar:9.0.60]
	at org.apache.catalina.core.ApplicationFilterChain.doFilter(ApplicationFilterChain.java:162) ~[catalina.jar:9.0.60]
	at org.apache.tomcat.websocket.server.WsFilter.doFilter(WsFilter.java:53) ~[tomcat-websocket.jar:9.0.60]
	at org.apache.catalina.core.ApplicationFilterChain.internalDoFilter(ApplicationFilterChain.java:189) ~[catalina.jar:9.0.60]
	at org.apache.catalina.core.ApplicationFilterChain.doFilter(ApplicationFilterChain.java:162) ~[catalina.jar:9.0.60]
	at com.dotmarketing.filters.CMSFilter.doFilterInternal(CMSFilter.java:181) ~[dotcms_null.jar:?]
	at com.dotmarketing.filters.CMSFilter.doFilter(CMSFilter.java:61) ~[dotcms_null.jar:?]
	at org.apache.catalina.core.ApplicationFilterChain.internalDoFilter(ApplicationFilterChain.java:189) ~[catalina.jar:9.0.60]
	at org.apache.catalina.core.ApplicationFilterChain.doFilter(ApplicationFilterChain.java:162) ~[catalina.jar:9.0.60]
	at com.dotcms.filters.interceptor.AbstractWebInterceptorSupportFilter.doFilter(AbstractWebInterceptorSupportFilter.java:90) ~[dotcms_null.jar:?]
	at org.apache.catalina.core.ApplicationFilterChain.internalDoFilter(ApplicationFilterChain.java:189) ~[catalina.jar:9.0.60]
	at org.apache.catalina.core.ApplicationFilterChain.doFilter(ApplicationFilterChain.java:162) ~[catalina.jar:9.0.60]
	at com.dotcms.filters.interceptor.AbstractWebInterceptorSupportFilter.doFilter(AbstractWebInterceptorSupportFilter.java:90) ~[dotcms_null.jar:?]
	at org.apache.catalina.core.ApplicationFilterChain.internalDoFilter(ApplicationFilterChain.java:189) ~[catalina.jar:9.0.60]
	at org.apache.catalina.core.ApplicationFilterChain.doFilter(ApplicationFilterChain.java:162) ~[catalina.jar:9.0.60]
	at com.dotcms.visitor.filter.servlet.VisitorFilter.doFilter(VisitorFilter.java:81) ~[dotcms_null.jar:?]
	at org.apache.catalina.core.ApplicationFilterChain.internalDoFilter(ApplicationFilterChain.java:189) ~[catalina.jar:9.0.60]
	at org.apache.catalina.core.ApplicationFilterChain.doFilter(ApplicationFilterChain.java:162) ~[catalina.jar:9.0.60]
	at com.dotcms.vanityurl.filters.VanityURLFilter.doFilter(VanityURLFilter.java:114) ~[dotcms_null.jar:?]
	at org.apache.catalina.core.ApplicationFilterChain.internalDoFilter(ApplicationFilterChain.java:189) ~[catalina.jar:9.0.60]
	at org.apache.catalina.core.ApplicationFilterChain.doFilter(ApplicationFilterChain.java:162) ~[catalina.jar:9.0.60]
	at org.tuckey.web.filters.urlrewrite.RuleChain.handleRewrite(RuleChain.java:176) ~[urlrewritefilter-4.0.4.jar:4.0.4]
	at org.tuckey.web.filters.urlrewrite.RuleChain.doRules(RuleChain.java:145) ~[urlrewritefilter-4.0.4.jar:4.0.4]
	at org.tuckey.web.filters.urlrewrite.UrlRewriter.processRequest(UrlRewriter.java:92) ~[urlrewritefilter-4.0.4.jar:4.0.4]
	at org.tuckey.web.filters.urlrewrite.UrlRewriteFilter.doFilter(UrlRewriteFilter.java:389) ~[urlrewritefilter-4.0.4.jar:4.0.4]
	at org.apache.catalina.core.ApplicationFilterChain.internalDoFilter(ApplicationFilterChain.java:189) ~[catalina.jar:9.0.60]
	at org.apache.catalina.core.ApplicationFilterChain.doFilter(ApplicationFilterChain.java:162) ~[catalina.jar:9.0.60]
	at com.dotmarketing.filters.TimeMachineFilter.doFilter(TimeMachineFilter.java:67) ~[dotcms_null.jar:?]
	at org.apache.catalina.core.ApplicationFilterChain.internalDoFilter(ApplicationFilterChain.java:189) ~[catalina.jar:9.0.60]
	at org.apache.catalina.core.ApplicationFilterChain.doFilter(ApplicationFilterChain.java:162) ~[catalina.jar:9.0.60]
	at com.dotmarketing.filters.ThreadNameFilter.doFilter(ThreadNameFilter.java:88) ~[dotcms_null.jar:?]
	at org.apache.catalina.core.ApplicationFilterChain.internalDoFilter(ApplicationFilterChain.java:189) ~[catalina.jar:9.0.60]
	at org.apache.catalina.core.ApplicationFilterChain.doFilter(ApplicationFilterChain.java:162) ~[catalina.jar:9.0.60]
	at com.dotmarketing.filters.CookiesFilter.doFilter(CookiesFilter.java:53) ~[dotcms_null.jar:?]
	at org.apache.catalina.core.ApplicationFilterChain.internalDoFilter(ApplicationFilterChain.java:189) ~[catalina.jar:9.0.60]
	at org.apache.catalina.core.ApplicationFilterChain.doFilter(ApplicationFilterChain.java:162) ~[catalina.jar:9.0.60]
	at com.dotmarketing.filters.CharsetEncodingFilter.doFilter(CharsetEncodingFilter.java:99) ~[dotcms_null.jar:?]
	at org.apache.catalina.core.ApplicationFilterChain.internalDoFilter(ApplicationFilterChain.java:189) ~[catalina.jar:9.0.60]
	at org.apache.catalina.core.ApplicationFilterChain.doFilter(ApplicationFilterChain.java:162) ~[catalina.jar:9.0.60]
	at com.dotcms.filters.interceptor.AbstractWebInterceptorSupportFilter.doFilter(AbstractWebInterceptorSupportFilter.java:90) ~[dotcms_null.jar:?]
	at org.apache.catalina.core.ApplicationFilterChain.internalDoFilter(ApplicationFilterChain.java:189) ~[catalina.jar:9.0.60]
	at org.apache.catalina.core.ApplicationFilterChain.doFilter(ApplicationFilterChain.java:162) ~[catalina.jar:9.0.60]
	at org.apache.catalina.filters.HttpHeaderSecurityFilter.doFilter(HttpHeaderSecurityFilter.java:126) ~[catalina.jar:9.0.60]
	at org.apache.catalina.core.ApplicationFilterChain.internalDoFilter(ApplicationFilterChain.java:189) ~[catalina.jar:9.0.60]
	at org.apache.catalina.core.ApplicationFilterChain.doFilter(ApplicationFilterChain.java:162) ~[catalina.jar:9.0.60]
	at com.dotcms.filters.NormalizationFilter.doFilter(NormalizationFilter.java:88) ~[dotcms_null.jar:?]
	at org.apache.catalina.core.ApplicationFilterChain.internalDoFilter(ApplicationFilterChain.java:189) ~[catalina.jar:9.0.60]
	at org.apache.catalina.core.ApplicationFilterChain.doFilter(ApplicationFilterChain.java:162) ~[catalina.jar:9.0.60]
	at org.apache.catalina.core.StandardWrapperValve.invoke(StandardWrapperValve.java:197) ~[catalina.jar:9.0.60]
	at org.apache.catalina.core.StandardContextValve.invoke(StandardContextValve.java:97) ~[catalina.jar:9.0.60]
	at org.apache.catalina.authenticator.AuthenticatorBase.invoke(AuthenticatorBase.java:541) ~[catalina.jar:9.0.60]
	at org.apache.catalina.core.StandardHostValve.invoke(StandardHostValve.java:135) ~[catalina.jar:9.0.60]
	at org.apache.catalina.valves.AbstractAccessLogValve.invoke(AbstractAccessLogValve.java:687) ~[catalina.jar:9.0.60]
	at org.apache.catalina.valves.ErrorReportValve.invoke(ErrorReportValve.java:92) ~[catalina.jar:9.0.60]
	at org.apache.catalina.valves.RemoteIpValve.invoke(RemoteIpValve.java:769) ~[catalina.jar:9.0.60]
	at org.apache.catalina.core.StandardEngineValve.invoke(StandardEngineValve.java:78) ~[catalina.jar:9.0.60]
	at org.apache.catalina.connector.CoyoteAdapter.service(CoyoteAdapter.java:360) ~[catalina.jar:9.0.60]
	at org.apache.coyote.http11.Http11Processor.service(Http11Processor.java:399) ~[tomcat-coyote.jar:9.0.60]
	at org.apache.coyote.AbstractProcessorLight.process(AbstractProcessorLight.java:65) ~[tomcat-coyote.jar:9.0.60]
	at org.apache.coyote.AbstractProtocol$ConnectionHandler.process(AbstractProtocol.java:889) ~[tomcat-coyote.jar:9.0.60]
	at org.apache.tomcat.util.net.Nio2Endpoint$SocketProcessor.doRun(Nio2Endpoint.java:1701) ~[tomcat-coyote.jar:9.0.60]
	at org.apache.tomcat.util.net.SocketProcessorBase.run(SocketProcessorBase.java:49) ~[tomcat-coyote.jar:9.0.60]
	at org.apache.tomcat.util.net.AbstractEndpoint.processSocket(AbstractEndpoint.java:1190) ~[tomcat-coyote.jar:9.0.60]
	at org.apache.tomcat.util.net.Nio2Endpoint$Nio2SocketWrapper$2.completed(Nio2Endpoint.java:633) ~[tomcat-coyote.jar:9.0.60]
	at org.apache.tomcat.util.net.Nio2Endpoint$Nio2SocketWrapper$2.completed(Nio2Endpoint.java:611) ~[tomcat-coyote.jar:9.0.60]
	at sun.nio.ch.Invoker.invokeUnchecked(Invoker.java:127) ~[?:?]
	at sun.nio.ch.UnixAsynchronousSocketChannelImpl.finishRead(UnixAsynchronousSocketChannelImpl.java:439) ~[?:?]
	at sun.nio.ch.UnixAsynchronousSocketChannelImpl.finish(UnixAsynchronousSocketChannelImpl.java:191) ~[?:?]
	at sun.nio.ch.UnixAsynchronousSocketChannelImpl.onEvent(UnixAsynchronousSocketChannelImpl.java:213) ~[?:?]
	at sun.nio.ch.EPollPort$EventHandlerTask.run(EPollPort.java:306) ~[?:?]
	at sun.nio.ch.AsynchronousChannelGroupImpl$1.run(AsynchronousChannelGroupImpl.java:112) ~[?:?]
	at java.util.concurrent.ThreadPoolExecutor.runWorker(ThreadPoolExecutor.java:1128) ~[?:?]
	at java.util.concurrent.ThreadPoolExecutor$Worker.run(ThreadPoolExecutor.java:628) ~[?:?]
	at java.lang.Thread.run(Thread.java:829) [?:?]
[02/06/23 15:49:04:251 UTC]  INFO util.SecurityLogger: class com.dotmarketing.cms.login.factories.LoginFactory : User admin@dotcms.com has sucessfully logged in from IP: 172.18.0.1 -- ip:172.18.0.1,user:Admin User [ID: dotcms.org.1][email:admin@dotcms.com]
[02/06/23 15:49:07:260 UTC]  INFO util.ActivityLogger: class com.dotcms.rest.api.v1.container.ContainerResource: system : Unpublish Container , User dotcms.org.1 unpublished container: b3dde65a-046b-4a29-9fe6-46b237e082ed
[02/06/23 15:49:10:313 UTC]  INFO util.SecurityLogger: class com.dotmarketing.cms.login.factories.LoginFactory : User admin@dotcms.com has sucessfully logged in from IP: 172.18.0.1 -- ip:172.18.0.1,user:Admin User [ID: dotcms.org.1][email:admin@dotcms.com]
[02/06/23 15:49:10:325 UTC]  INFO util.ActivityLogger: class com.dotcms.content.elasticsearch.business.ESContentletAPIImpl: default : Unpublishing Content , StartDate: N/D; EndDate: N/D; User:dotcms.org.1; ContentIdentifier: 0eb4d77ee7df4372604bdb32f97f9b25
[02/06/23 15:49:10:357 UTC]  INFO business.ESContentletAPIImpl: The contentlet: 0eb4d77ee7df4372604bdb32f97f9b25 hasn't action id set using the default action: 38efc763-d78f-4e4b-b092-59cd8c579b93
[02/06/23 15:49:10:359 UTC]  INFO business.ESContentletAPIImpl: The action: 38efc763-d78f-4e4b-b092-59cd8c579b93 has an unpublish contentlet actionlet so firing a workflow and skipping the current publish for the contentlet: 0eb4d77ee7df4372604bdb32f97f9b25
[02/06/23 15:49:10:372 UTC]  INFO util.ActivityLogger: class com.dotcms.content.elasticsearch.business.ESContentletAPIImpl: default : Unpublishing Content , StartDate: N/D; EndDate: N/D; User:dotcms.org.1; ContentIdentifier: 0eb4d77ee7df4372604bdb32f97f9b25
[02/06/23 15:49:10:466 UTC]  INFO util.ActivityLogger: class com.dotcms.content.elasticsearch.business.ESContentletAPIImpl: default : Content Unpublished , StartDate: N/D; EndDate: N/D; User:dotcms.org.1; ContentIdentifier: 0eb4d77ee7df4372604bdb32f97f9b25
[02/06/23 15:49:10:476 UTC]  INFO util.SecurityLogger: class com.dotmarketing.portlets.workflows.business.WorkflowAPIImpl : Workflow task '4814d517-96b4-4f8c-a2ce-2b58f8791c25' has been saved. -- ip:172.18.0.1,user:Admin User [ID: dotcms.org.1][email:admin@dotcms.com]
[02/06/23 15:49:10:478 UTC]  INFO util.SecurityLogger: class com.dotmarketing.portlets.workflows.business.WorkflowAPIImpl : Workflow History '63f824c4-4e07-4981-9680-de1319921baa' has been saved. -- ip:172.18.0.1,user:Admin User [ID: dotcms.org.1][email:admin@dotcms.com]
[02/06/23 15:49:10:479 UTC]  INFO business.WorkflowAPIImpl: Needs reindex, adding the contentlet to the index at the end of the workflow execution
[02/06/23 15:49:10:480 UTC]  INFO business.ContentletIndexAPIImpl: Indexing: 0eb4d77ee7df4372604bdb32f97f9b25 : container.vtl, includeDependencies: false, policy: FORCE
[02/06/23 15:49:10:490 UTC]  INFO business.WorkflowAPIImpl: Added contentlet to the index at the end of the workflow execution, dependencies: false
[02/06/23 15:49:10:491 UTC]  INFO reindex.ReindexQueueAPIImpl: addIdentifierReindex: 0eb4d77ee7df4372604bdb32f97f9b25
[02/06/23 15:49:10:493 UTC]  INFO business.ESContentletAPIImpl: A Workflow has been ran instead of unpublish the contentlet: 0eb4d77ee7df4372604bdb32f97f9b25
[02/06/23 15:49:10:675 UTC]  INFO reindex.ReindexThread: --- Unpausing reindex thread 
[02/06/23 15:49:10:832 UTC]  INFO reindex.BulkProcessorListener: -----------
[02/06/23 15:49:10:834 UTC]  INFO reindex.BulkProcessorListener: Reindexing Server #  : 1 of 1
[02/06/23 15:49:10:835 UTC]  INFO reindex.BulkProcessorListener: Total Indexed        : 0
[02/06/23 15:49:10:835 UTC]  INFO reindex.BulkProcessorListener: ReindexEntries found : 1
[02/06/23 15:49:10:836 UTC]  INFO reindex.BulkProcessorListener: BulkRequests created : 1
[02/06/23 15:49:10:837 UTC]  INFO reindex.BulkProcessorListener: -----------
[02/06/23 15:49:16:682 UTC]  INFO util.ActivityLogger: class com.dotcms.rest.api.v1.container.ContainerResource: system : Unpublish Container , User dotcms.org.1 unpublished container: 0eb4d77ee7df4372604bdb32f97f9b25
[02/06/23 15:49:19:755 UTC]  INFO util.SecurityLogger: class com.dotmarketing.cms.login.factories.LoginFactory : User admin@dotcms.com has sucessfully logged in from IP: 172.18.0.1 -- ip:172.18.0.1,user:Admin User [ID: dotcms.org.1][email:admin@dotcms.com]
[02/06/23 15:49:22:765 UTC]  INFO util.ActivityLogger: class com.dotcms.rest.api.v1.container.ContainerResource: system : Doing Archive Container Action , User dotcms.org.1 archived container: b3dde65a-046b-4a29-9fe6-46b237e082ed
[02/06/23 15:49:25:804 UTC]  INFO util.SecurityLogger: class com.dotmarketing.cms.login.factories.LoginFactory : User admin@dotcms.com has sucessfully logged in from IP: 172.18.0.1 -- ip:172.18.0.1,user:Admin User [ID: dotcms.org.1][email:admin@dotcms.com]
[02/06/23 15:49:25:817 UTC]  INFO util.ActivityLogger: class com.dotcms.content.elasticsearch.business.ESContentletAPIImpl: default : Archiving Content , StartDate: N/A; EndDate: N/A; User:dotcms.org.1; ContentIdentifier: 0eb4d77ee7df4372604bdb32f97f9b25
[02/06/23 15:49:25:842 UTC]  INFO business.ESContentletAPIImpl: The contentlet: 0eb4d77ee7df4372604bdb32f97f9b25 hasn't action id set using the default action: 4da13a42-5d59-480c-ad8f-94a3adf809fe
[02/06/23 15:49:25:842 UTC]  INFO business.ESContentletAPIImpl: The action: 4da13a42-5d59-480c-ad8f-94a3adf809fe has an archive contentlet actionlet so firing a workflow and skipping the current archive for the contentlet: 0eb4d77ee7df4372604bdb32f97f9b25
[02/06/23 15:49:25:857 UTC]  INFO util.ActivityLogger: class com.dotcms.content.elasticsearch.business.ESContentletAPIImpl: default : Archiving Content , StartDate: N/A; EndDate: N/A; User:dotcms.org.1; ContentIdentifier: 0eb4d77ee7df4372604bdb32f97f9b25
[02/06/23 15:49:25:870 UTC]  INFO business.ContentletIndexAPIImpl: Indexing: 0eb4d77ee7df4372604bdb32f97f9b25 : container.vtl, includeDependencies: true, policy: FORCE
[02/06/23 15:49:25:889 UTC]  INFO util.ActivityLogger: class com.dotcms.content.elasticsearch.business.ESContentletAPIImpl: default : Content Archived , StartDate: N/A; EndDate: N/A; User:dotcms.org.1; ContentIdentifier: 0eb4d77ee7df4372604bdb32f97f9b25
[02/06/23 15:49:25:892 UTC]  INFO util.SecurityLogger: class com.dotmarketing.portlets.workflows.business.WorkflowAPIImpl : Workflow task '4814d517-96b4-4f8c-a2ce-2b58f8791c25' has been saved. -- ip:172.18.0.1,user:Admin User [ID: dotcms.org.1][email:admin@dotcms.com]
[02/06/23 15:49:25:893 UTC]  INFO util.SecurityLogger: class com.dotmarketing.portlets.workflows.business.WorkflowAPIImpl : Workflow History '276e5048-691c-471a-bd73-771cb155955c' has been saved. -- ip:172.18.0.1,user:Admin User [ID: dotcms.org.1][email:admin@dotcms.com]
[02/06/23 15:49:25:893 UTC]  INFO business.WorkflowAPIImpl: Needs reindex, adding the contentlet to the index at the end of the workflow execution
[02/06/23 15:49:25:893 UTC]  INFO business.ContentletIndexAPIImpl: Indexing: 0eb4d77ee7df4372604bdb32f97f9b25 : container.vtl, includeDependencies: false, policy: FORCE
[02/06/23 15:49:25:893 UTC]  INFO business.WorkflowAPIImpl: Added contentlet to the index at the end of the workflow execution, dependencies: false
[02/06/23 15:49:25:893 UTC]  INFO reindex.ReindexQueueAPIImpl: addIdentifierReindex: 0eb4d77ee7df4372604bdb32f97f9b25
[02/06/23 15:49:25:896 UTC]  INFO business.ESContentletAPIImpl: A Workflow has been ran instead of archive the contentlet: 0eb4d77ee7df4372604bdb32f97f9b25
[02/06/23 15:49:26:007 UTC]  INFO reindex.ReindexThread: --- Unpausing reindex thread 
[02/06/23 15:49:26:135 UTC]  INFO reindex.BulkProcessorListener: -----------
[02/06/23 15:49:26:135 UTC]  INFO reindex.BulkProcessorListener: Reindexing Server #  : 1 of 1
[02/06/23 15:49:26:135 UTC]  INFO reindex.BulkProcessorListener: Total Indexed        : 0
[02/06/23 15:49:26:135 UTC]  INFO reindex.BulkProcessorListener: ReindexEntries found : 1
[02/06/23 15:49:26:135 UTC]  INFO reindex.BulkProcessorListener: BulkRequests created : 1
[02/06/23 15:49:26:135 UTC]  INFO reindex.BulkProcessorListener: -----------
[02/06/23 15:49:32:017 UTC]  INFO util.ActivityLogger: class com.dotcms.rest.api.v1.container.ContainerResource: system : Doing Archive Container Action , User dotcms.org.1 archived container: 0eb4d77ee7df4372604bdb32f97f9b25
[02/06/23 15:49:35:057 UTC]  INFO util.SecurityLogger: class com.dotmarketing.cms.login.factories.LoginFactory : User admin@dotcms.com has sucessfully logged in from IP: 172.18.0.1 -- ip:172.18.0.1,user:Admin User [ID: dotcms.org.1][email:admin@dotcms.com]
[02/06/23 15:49:38:065 UTC]  INFO util.ActivityLogger: class com.dotcms.rest.api.v1.container.ContainerResource: system : Doing Archive Container Action , User dotcms.org.1 archived container: b3dde65a-046b-4a29-9fe6-46b237e082ed
[02/06/23 15:49:41:103 UTC]  INFO util.SecurityLogger: class com.dotmarketing.cms.login.factories.LoginFactory : User admin@dotcms.com has sucessfully logged in from IP: 172.18.0.1 -- ip:172.18.0.1,user:Admin User [ID: dotcms.org.1][email:admin@dotcms.com]
[02/06/23 15:49:41:112 UTC]  INFO util.ActivityLogger: class com.dotcms.content.elasticsearch.business.ESContentletAPIImpl: default : Unarchiving Content , StartDate: N/D; EndDate: N/D; User:dotcms.org.1; ContentIdentifier: 0eb4d77ee7df4372604bdb32f97f9b25
[02/06/23 15:49:41:126 UTC]  INFO business.ESContentletAPIImpl: The contentlet: 0eb4d77ee7df4372604bdb32f97f9b25 hasn't action id set using the default action: c92f9aa1-9503-4567-ac30-d3242b54d02d
[02/06/23 15:49:41:127 UTC]  INFO business.ESContentletAPIImpl: The action: c92f9aa1-9503-4567-ac30-d3242b54d02d has an unarchive contentlet actionlet so firing a workflow and skipping the current unarchive for the contentlet: 0eb4d77ee7df4372604bdb32f97f9b25
[02/06/23 15:49:41:137 UTC]  INFO util.ActivityLogger: class com.dotcms.content.elasticsearch.business.ESContentletAPIImpl: default : Unarchiving Content , StartDate: N/D; EndDate: N/D; User:dotcms.org.1; ContentIdentifier: 0eb4d77ee7df4372604bdb32f97f9b25
[02/06/23 15:49:41:141 UTC]  INFO business.ContentletIndexAPIImpl: Indexing: 0eb4d77ee7df4372604bdb32f97f9b25 : container.vtl, includeDependencies: true, policy: FORCE
[02/06/23 15:49:41:159 UTC]  INFO timedcache.TimedCacheProvider: ***	 Building Cache : esquerycache, size:10000, seconds:3600,Concurrency:32 (every 60000 millis)
[02/06/23 15:49:41:162 UTC]  INFO util.ActivityLogger: class com.dotcms.content.elasticsearch.business.ESContentletAPIImpl: default : Content Unarchived , StartDate: N/D; EndDate: N/D; User:dotcms.org.1; ContentIdentifier: 0eb4d77ee7df4372604bdb32f97f9b25
[02/06/23 15:49:41:165 UTC]  INFO util.SecurityLogger: class com.dotmarketing.portlets.workflows.business.WorkflowAPIImpl : Workflow task '4814d517-96b4-4f8c-a2ce-2b58f8791c25' has been saved. -- ip:172.18.0.1,user:Admin User [ID: dotcms.org.1][email:admin@dotcms.com]
[02/06/23 15:49:41:166 UTC]  INFO util.SecurityLogger: class com.dotmarketing.portlets.workflows.business.WorkflowAPIImpl : Workflow History 'abd0de66-10b1-4874-a14a-b28af1f36323' has been saved. -- ip:172.18.0.1,user:Admin User [ID: dotcms.org.1][email:admin@dotcms.com]
[02/06/23 15:49:41:166 UTC]  INFO business.WorkflowAPIImpl: Needs reindex, adding the contentlet to the index at the end of the workflow execution
[02/06/23 15:49:41:166 UTC]  INFO business.ContentletIndexAPIImpl: Indexing: 0eb4d77ee7df4372604bdb32f97f9b25 : container.vtl, includeDependencies: false, policy: FORCE
[02/06/23 15:49:41:166 UTC]  INFO business.WorkflowAPIImpl: Added contentlet to the index at the end of the workflow execution, dependencies: false
[02/06/23 15:49:41:166 UTC]  INFO reindex.ReindexQueueAPIImpl: addIdentifierReindex: 0eb4d77ee7df4372604bdb32f97f9b25
[02/06/23 15:49:41:167 UTC]  INFO business.ESContentletAPIImpl: A Workflow has been ran instead of unarchive the contentlet: 0eb4d77ee7df4372604bdb32f97f9b25
[02/06/23 15:49:41:300 UTC]  INFO reindex.ReindexThread: --- Unpausing reindex thread 
[02/06/23 15:49:41:431 UTC]  INFO reindex.BulkProcessorListener: -----------
[02/06/23 15:49:41:432 UTC]  INFO reindex.BulkProcessorListener: Reindexing Server #  : 1 of 1
[02/06/23 15:49:41:433 UTC]  INFO reindex.BulkProcessorListener: Total Indexed        : 0
[02/06/23 15:49:41:433 UTC]  INFO reindex.BulkProcessorListener: ReindexEntries found : 1
[02/06/23 15:49:41:434 UTC]  INFO reindex.BulkProcessorListener: BulkRequests created : 1
[02/06/23 15:49:41:435 UTC]  INFO reindex.BulkProcessorListener: -----------
[02/06/23 15:49:47:305 UTC]  INFO util.ActivityLogger: class com.dotcms.rest.api.v1.container.ContainerResource: system : Doing Archive Container Action , User dotcms.org.1 archived container: 0eb4d77ee7df4372604bdb32f97f9b25
[02/06/23 15:49:50:343 UTC]  INFO util.SecurityLogger: class com.dotmarketing.cms.login.factories.LoginFactory : User admin@dotcms.com has sucessfully logged in from IP: 172.18.0.1 -- ip:172.18.0.1,user:Admin User [ID: dotcms.org.1][email:admin@dotcms.com]
[02/06/23 15:49:50:359 UTC]  INFO util.ActivityLogger: class com.dotcms.content.elasticsearch.business.ESContentletAPIImpl: default : Publishing Content , StartDate: N/D; EndDate: N/D; User:dotcms.org.1; ContentIdentifier: 0eb4d77ee7df4372604bdb32f97f9b25
[02/06/23 15:49:50:368 UTC]  INFO business.ESContentletAPIImpl: The contentlet: 0eb4d77ee7df4372604bdb32f97f9b25 hasn't action id set using the default action: b9d89c80-3d88-4311-8365-187323c96436
[02/06/23 15:49:50:370 UTC]  INFO business.ESContentletAPIImpl: The action: b9d89c80-3d88-4311-8365-187323c96436 has a publish contentlet actionlet so firing a workflow and skipping the current publish for the contentlet: 0eb4d77ee7df4372604bdb32f97f9b25
[02/06/23 15:49:50:381 UTC]  INFO util.ActivityLogger: class com.dotcms.content.elasticsearch.business.ESContentletAPIImpl: default : Locking Content , StartDate: N/D; EndDate: N/D; User:dotcms.org.1; ContentIdentifier: 0eb4d77ee7df4372604bdb32f97f9b25
[02/06/23 15:49:50:383 UTC]  INFO util.ActivityLogger: class com.dotcms.content.elasticsearch.business.ESContentletAPIImpl: default : Content Locked , StartDate: N/D; EndDate: N/D; User:dotcms.org.1; ContentIdentifier: 0eb4d77ee7df4372604bdb32f97f9b25
[02/06/23 15:49:50:385 UTC]  INFO util.ActivityLogger: class com.dotcms.content.elasticsearch.business.ESContentletAPIImpl: default : Saving Content , StartDate: N/D; EndDate: N/D; User:dotcms.org.1; ContentIdentifier: 0eb4d77ee7df4372604bdb32f97f9b25
[02/06/23 15:49:50:414 UTC]  INFO reindex.ReindexQueueAPIImpl: addIdentifierReindex: 0eb4d77ee7df4372604bdb32f97f9b25
[02/06/23 15:49:50:453 UTC]  INFO util.ActivityLogger: class com.dotcms.content.elasticsearch.business.ESContentletAPIImpl: default : Content Saved , StartDate: N/D; EndDate: N/D; User:dotcms.org.1; ContentIdentifier: 0eb4d77ee7df4372604bdb32f97f9b25
[02/06/23 15:49:50:455 UTC]  INFO util.ActivityLogger: class com.dotcms.content.elasticsearch.business.ESContentletAPIImpl: default : Publishing Content , StartDate: N/D; EndDate: N/D; User:dotcms.org.1; ContentIdentifier: 0eb4d77ee7df4372604bdb32f97f9b25
[02/06/23 15:49:50:481 UTC]  INFO util.ActivityLogger: class com.dotcms.content.elasticsearch.business.ESContentletAPIImpl: default : Content Published , StartDate: N/D; EndDate: N/D; User:dotcms.org.1; ContentIdentifier: 0eb4d77ee7df4372604bdb32f97f9b25
[02/06/23 15:49:50:487 UTC]  INFO util.ActivityLogger: class com.dotcms.content.elasticsearch.business.ESContentletAPIImpl: default : Unlocking Content , StartDate: N/D; EndDate: N/D; User:dotcms.org.1; ContentIdentifier: 0eb4d77ee7df4372604bdb32f97f9b25
[02/06/23 15:49:50:494 UTC]  INFO util.ActivityLogger: class com.dotcms.content.elasticsearch.business.ESContentletAPIImpl: default : Content Unlocked , StartDate: N/D; EndDate: N/D; User:dotcms.org.1; ContentIdentifier: 0eb4d77ee7df4372604bdb32f97f9b25
[02/06/23 15:49:50:496 UTC]  INFO util.SecurityLogger: class com.dotmarketing.portlets.workflows.business.WorkflowAPIImpl : Workflow task '4814d517-96b4-4f8c-a2ce-2b58f8791c25' has been saved. -- ip:172.18.0.1,user:Admin User [ID: dotcms.org.1][email:admin@dotcms.com]
[02/06/23 15:49:50:498 UTC]  INFO util.SecurityLogger: class com.dotmarketing.portlets.workflows.business.WorkflowAPIImpl : Workflow History 'b352cf5c-10d8-4313-943c-c86383c14cd6' has been saved. -- ip:172.18.0.1,user:Admin User [ID: dotcms.org.1][email:admin@dotcms.com]
[02/06/23 15:49:50:499 UTC]  INFO business.WorkflowAPIImpl: Needs reindex, adding the contentlet to the index at the end of the workflow execution
[02/06/23 15:49:50:499 UTC]  INFO business.ContentletIndexAPIImpl: Indexing: 0eb4d77ee7df4372604bdb32f97f9b25 : container.vtl, includeDependencies: true, policy: FORCE
[02/06/23 15:49:50:500 UTC]  INFO business.WorkflowAPIImpl: Added contentlet to the index at the end of the workflow execution, dependencies: true
[02/06/23 15:49:50:500 UTC]  INFO reindex.ReindexQueueAPIImpl: addIdentifierReindex: 0eb4d77ee7df4372604bdb32f97f9b25
[02/06/23 15:49:50:501 UTC]  INFO business.ESContentletAPIImpl: A Workflow has been run instead of a simple publish: 0eb4d77ee7df4372604bdb32f97f9b25
[02/06/23 15:49:50:505 UTC]  INFO reindex.ReindexThread: --- Unpausing reindex thread 
[02/06/23 15:49:50:729 UTC]  INFO reindex.BulkProcessorListener: -----------
[02/06/23 15:49:50:729 UTC]  INFO reindex.BulkProcessorListener: Reindexing Server #  : 1 of 1
[02/06/23 15:49:50:729 UTC]  INFO reindex.BulkProcessorListener: Total Indexed        : 0
[02/06/23 15:49:50:729 UTC]  INFO reindex.BulkProcessorListener: ReindexEntries found : 1
[02/06/23 15:49:50:729 UTC]  INFO reindex.BulkProcessorListener: BulkRequests created : 2
[02/06/23 15:49:50:729 UTC]  INFO reindex.BulkProcessorListener: -----------
[02/06/23 15:49:56:644 UTC]  INFO util.ActivityLogger: class com.dotcms.rest.api.v1.container.ContainerResource: system : Publish Container , User dotcms.org.1 published container: 0eb4d77ee7df4372604bdb32f97f9b25
[02/06/23 15:50:00:638 UTC]  INFO util.SecurityLogger: class com.dotmarketing.cms.login.factories.LoginFactory : User admin@dotcms.com has sucessfully logged in from IP: 172.18.0.1 -- ip:172.18.0.1,user:Admin User [ID: dotcms.org.1][email:admin@dotcms.com]
[02/06/23 15:50:03:681 UTC]  INFO util.ActivityLogger: class com.dotcms.rest.api.v1.container.ContainerResource: system : Done Delete Container , User dotcms.org.1 deleted container: b3dde65a-046b-4a29-9fe6-46b237e082ed
[02/06/23 15:50:06:714 UTC]  INFO util.SecurityLogger: class com.dotmarketing.cms.login.factories.LoginFactory : User admin@dotcms.com has sucessfully logged in from IP: 172.18.0.1 -- ip:172.18.0.1,user:Admin User [ID: dotcms.org.1][email:admin@dotcms.com]
[02/06/23 15:50:06:718 UTC]  INFO business.IdentifierAPIImpl: Creating new identifier for versionable asset of type `containers` and title `Container to be archived` 
[02/06/23 15:50:06:718 UTC]  INFO business.DeterministicIdentifierAPIImpl: hashing id: container:demo.dotcms.com/container to be archived to 486d5022846bda6ee279bf9cc328d8e1
[02/06/23 15:50:06:719 UTC]  WARN shorty.ShortyIdAPIImpl: An error occurred when getting shorty value for '' of type 'CONTENT': shorty  is not a short id.  Short Ids should be 10 chars in length
[02/06/23 15:50:06:740 UTC]  INFO util.ActivityLogger: class com.dotcms.rest.api.v1.container.ContainerResource: demo.dotcms.com : Save Container , User dotcms.org.1 savedContainer to be archived
[02/06/23 15:50:06:751 UTC]  INFO util.ActivityLogger: class com.dotcms.rest.api.v1.container.ContainerResource: system : Publish Container , User dotcms.org.1 published container: 486d5022846bda6ee279bf9cc328d8e1
[02/06/23 15:50:12:797 UTC]  INFO util.SecurityLogger: class com.dotmarketing.cms.login.factories.LoginFactory : User admin@dotcms.com has sucessfully logged in from IP: 172.18.0.1 -- ip:172.18.0.1,user:Admin User [ID: dotcms.org.1][email:admin@dotcms.com]
[02/06/23 15:50:15:810 UTC]  INFO util.ActivityLogger: class com.dotcms.rest.api.v1.container.ContainerResource: system : Unpublish Container , User dotcms.org.1 unpublished container: 486d5022846bda6ee279bf9cc328d8e1
[02/06/23 15:50:18:846 UTC]  INFO util.SecurityLogger: class com.dotmarketing.cms.login.factories.LoginFactory : User admin@dotcms.com has sucessfully logged in from IP: 172.18.0.1 -- ip:172.18.0.1,user:Admin User [ID: dotcms.org.1][email:admin@dotcms.com]
[02/06/23 15:50:21:852 UTC]  INFO util.ActivityLogger: class com.dotcms.rest.api.v1.container.ContainerResource: system : Doing Archive Container Action , User dotcms.org.1 archived container: 486d5022846bda6ee279bf9cc328d8e1
[02/06/23 15:50:24:897 UTC]  INFO util.SecurityLogger: class com.dotmarketing.cms.login.factories.LoginFactory : User admin@dotcms.com has sucessfully logged in from IP: 172.18.0.1 -- ip:172.18.0.1,user:Admin User [ID: dotcms.org.1][email:admin@dotcms.com]
[02/06/23 15:50:28:047 UTC]  INFO util.SecurityLogger: class com.dotmarketing.cms.login.factories.LoginFactory : User admin@dotcms.com has sucessfully logged in from IP: 172.18.0.1 -- ip:172.18.0.1,user:Admin User [ID: dotcms.org.1][email:admin@dotcms.com]
