[31/05/23 17:09:54:595 UTC]  INFO loggers.Log4jUtil: Async Logger enabled: true
[31/05/23 17:09:54:595 UTC]  INFO listeners.ContextLifecycleListener: Installing the web socket
[31/05/23 17:09:55:524 UTC]  INFO business.CacheLocator: loading cache administrator: ChainableCacheAdministratorImpl
[31/05/23 17:09:56:093 UTC]  INFO db.DataSourceStrategyProvider: Datasource loaded using custom class com.dotmarketing.db.SystemEnvDataSourceStrategy
[31/05/23 17:09:56:122 UTC]  INFO cfg.Environment: Hibernate 2.1.8
[31/05/23 17:09:56:123 UTC]  INFO cfg.Environment: hibernate.properties not found
[31/05/23 17:09:56:124 UTC]  INFO cfg.Environment: using CGLIB reflection optimizer
[31/05/23 17:09:56:127 UTC]  INFO cfg.Environment: using JDK 1.4 java.sql.Timestamp handling
[31/05/23 17:09:56:129 UTC]  INFO cfg.Configuration: configuring from resource: /hibernate.cfg.xml
[31/05/23 17:09:56:129 UTC]  INFO cfg.Configuration: Configuration resource: /hibernate.cfg.xml
[31/05/23 17:09:56:187 UTC]  INFO cfg.Configuration: Configured SessionFactory: null
[31/05/23 17:09:56:187 UTC]  INFO cfg.Configuration: Mapping resource: META-INF/portal-hbm.xml
[31/05/23 17:09:56:238 UTC]  INFO cfg.Binder: Mapping class: com.liferay.portal.ejb.AddressHBM -> Address
[31/05/23 17:09:56:289 UTC]  INFO cfg.Binder: Mapping class: com.liferay.portal.ejb.CompanyHBM -> Company
[31/05/23 17:09:56:297 UTC]  INFO cfg.Binder: Mapping class: com.liferay.portal.ejb.ImageHBM -> Image
[31/05/23 17:09:56:298 UTC]  INFO cfg.Binder: Mapping class: com.liferay.portal.ejb.PasswordTrackerHBM -> PasswordTracker
[31/05/23 17:09:56:302 UTC]  INFO cfg.Binder: Mapping class: com.liferay.portal.ejb.UserHBM -> User_
[31/05/23 17:09:56:310 UTC]  INFO cfg.Binder: Mapping class: com.liferay.portal.ejb.UserTrackerHBM -> UserTracker
[31/05/23 17:09:56:313 UTC]  INFO cfg.Binder: Mapping class: com.liferay.portal.ejb.UserTrackerPathHBM -> UserTrackerPath
[31/05/23 17:09:56:316 UTC]  INFO cfg.Binder: Mapping class: com.liferay.portlet.admin.ejb.AdminConfigHBM -> AdminConfig
[31/05/23 17:09:56:351 UTC]  INFO cfg.Configuration: Mapping resource: com/dotmarketing/beans/DotCMSSeq.hbm.xml
[31/05/23 17:09:56:400 UTC]  INFO cfg.Binder: Mapping class: com.dotmarketing.beans.Inode -> inode
[31/05/23 17:09:56:437 UTC]  INFO cfg.Binder: Mapping joined-subclass: com.dotmarketing.portlets.containers.model.Container -> dot_containers
[31/05/23 17:09:56:444 UTC]  INFO cfg.Binder: Mapping joined-subclass: com.dotmarketing.portlets.links.model.Link -> links
[31/05/23 17:09:56:450 UTC]  INFO cfg.Binder: Mapping joined-subclass: com.dotmarketing.portlets.structure.model.Field -> field
[31/05/23 17:09:56:456 UTC]  INFO cfg.Binder: Mapping class: com.dotmarketing.portlets.workflows.model.WorkflowTask -> workflow_task
[31/05/23 17:09:56:458 UTC]  INFO cfg.Binder: Mapping class: com.dotmarketing.portlets.workflows.model.WorkflowComment -> workflow_comment
[31/05/23 17:09:56:464 UTC]  INFO cfg.Binder: Mapping class: com.dotmarketing.portlets.workflows.model.WorkflowHistory -> workflow_history
[31/05/23 17:09:56:466 UTC]  INFO cfg.Binder: Mapping class: com.dotmarketing.portlets.workflows.model.WorkFlowTaskFiles -> workflowtask_files
[31/05/23 17:09:56:476 UTC]  INFO cfg.Binder: Mapping class: com.dotmarketing.beans.Permission -> permission
[31/05/23 17:09:56:478 UTC]  INFO cfg.Binder: Mapping class: com.dotmarketing.beans.PermissionReference -> permission_reference
[31/05/23 17:09:56:478 UTC]  INFO cfg.Binder: Mapping class: com.dotmarketing.beans.Tree -> tree
[31/05/23 17:09:56:697 UTC]  INFO cfg.Binder: Mapping class: com.dotmarketing.beans.MultiTree -> multi_tree
[31/05/23 17:09:56:725 UTC]  INFO util.ReflectHelper: reflection optimizer disabled for: com.dotmarketing.beans.MultiTree, BulkBeanException: Index 1 out of bounds for length 0 (property setParent1)
[31/05/23 17:09:56:726 UTC]  INFO cfg.Binder: Mapping class: com.dotmarketing.beans.Clickstream -> clickstream
[31/05/23 17:09:56:739 UTC]  INFO cfg.Binder: Mapping class: com.dotmarketing.beans.ClickstreamRequest -> clickstream_request
[31/05/23 17:09:56:741 UTC]  INFO cfg.Binder: Mapping class: com.dotmarketing.beans.Clickstream404 -> clickstream_404
[31/05/23 17:09:56:743 UTC]  INFO cfg.Binder: Mapping class: com.dotmarketing.tag.model.Tag -> tag
[31/05/23 17:09:56:745 UTC]  INFO cfg.Binder: Mapping class: com.dotmarketing.tag.model.TagInode -> tag_inode
[31/05/23 17:09:56:790 UTC]  INFO cfg.Binder: Mapping class: com.dotmarketing.beans.ChallengeQuestion -> challenge_question
[31/05/23 17:09:56:792 UTC]  INFO cfg.Binder: Mapping class: com.dotmarketing.beans.UsersToDelete -> users_to_delete
[31/05/23 17:09:56:794 UTC]  INFO cfg.Binder: Mapping class: com.dotmarketing.plugin.model.Plugin -> plugin
[31/05/23 17:09:56:803 UTC]  INFO cfg.Binder: Mapping class: com.dotmarketing.business.Role -> cms_role
[31/05/23 17:09:56:805 UTC]  INFO cfg.Binder: Mapping class: com.dotmarketing.business.UsersRoles -> users_cms_roles
[31/05/23 17:09:56:807 UTC]  INFO cfg.Binder: Mapping class: com.dotmarketing.business.LayoutsRoles -> layouts_cms_roles
[31/05/23 17:09:56:808 UTC]  INFO cfg.Binder: Mapping class: com.dotmarketing.business.Layout -> cms_layout
[31/05/23 17:09:56:810 UTC]  INFO cfg.Binder: Mapping class: com.dotmarketing.business.PortletsLayouts -> cms_layouts_portlets
[31/05/23 17:09:56:812 UTC]  INFO cfg.Binder: Mapping class: com.dotmarketing.portlets.hostvariable.model.HostVariable -> host_variable
[31/05/23 17:09:56:814 UTC]  INFO cfg.Binder: Mapping class: com.dotmarketing.beans.FixAudit -> fixes_audit
[31/05/23 17:09:56:816 UTC]  INFO cfg.Binder: Mapping class: com.dotmarketing.beans.ContainerStructure -> container_structures
[31/05/23 17:09:56:819 UTC]  INFO cfg.Binder: Mapping class: com.dotmarketing.portlets.templates.model.TemplateVersionInfo -> template_version_info
[31/05/23 17:09:56:820 UTC]  INFO cfg.Binder: Mapping class: com.dotmarketing.portlets.containers.model.ContainerVersionInfo -> container_version_info
[31/05/23 17:09:56:826 UTC]  INFO cfg.Binder: Mapping class: com.dotmarketing.portlets.links.model.LinkVersionInfo -> link_version_info
[31/05/23 17:09:56:827 UTC]  INFO cfg.Configuration: Mapping resource: com/dotmarketing/beans/DotCMSSeq_NOSQLGEN.hbm.xml
[31/05/23 17:09:56:843 UTC]  INFO cfg.Binder: Mapping class: com.dotmarketing.plugin.model.PluginProperty -> plugin_property
[31/05/23 17:09:56:879 UTC]  INFO cfg.Configuration: processing one-to-many association mappings
[31/05/23 17:09:56:880 UTC]  INFO cfg.Binder: Mapping collection: com.dotmarketing.beans.Clickstream.clickstreamRequests -> clickstream_request
[31/05/23 17:09:56:881 UTC]  INFO cfg.Configuration: processing one-to-one association property references
[31/05/23 17:09:56:882 UTC]  INFO cfg.Configuration: processing foreign key constraints
[31/05/23 17:09:56:897 UTC]  INFO dialect.Dialect: Using dialect: com.dotcms.repackage.net.sf.hibernate.dialect.PostgreSQLDialect
[31/05/23 17:09:56:902 UTC]  INFO cfg.SettingsFactory: Use outer join fetching: true
[31/05/23 17:09:56:905 UTC]  WARN connection.UserSuppliedConnectionProvider: No connection properties specified - the user must supply JDBC connections
[31/05/23 17:09:56:911 UTC]  INFO transaction.TransactionManagerLookupFactory: No TransactionManagerLookup configured (in JTA environment, use of process level read-write cache is not recommended)
[31/05/23 17:09:56:913 UTC]  INFO cfg.SettingsFactory: Use scrollable result sets: true
[31/05/23 17:09:56:914 UTC]  INFO cfg.SettingsFactory: Use JDBC3 getGeneratedKeys(): false
[31/05/23 17:09:56:915 UTC]  INFO cfg.SettingsFactory: Optimize cache for minimal puts: false
[31/05/23 17:09:56:916 UTC]  INFO cfg.SettingsFactory: Query language substitutions: {}
[31/05/23 17:09:56:917 UTC]  INFO cfg.SettingsFactory: cache provider: com.dotmarketing.db.NoCacheProvider
[31/05/23 17:09:56:919 UTC]  INFO cfg.Configuration: instantiating and configuring caches
[31/05/23 17:09:56:932 UTC]  INFO impl.SessionFactoryImpl: building session factory
[31/05/23 17:09:57:120 UTC]  INFO util.ReflectHelper: reflection optimizer disabled for: com.dotmarketing.beans.MultiTree, BulkBeanException: Index 1 out of bounds for length 0 (property setTreeOrder)
[31/05/23 17:09:57:410 UTC]  INFO impl.SessionFactoryObjectFactory: Not binding factory to JNDI, no JNDI name configured
[31/05/23 17:09:57:545 UTC]  WARN lang.System: No Valid License Found : /data/local/dotsecure/license/license.dat
[31/05/23 17:09:57:545 UTC]  INFO enterprise.LicenseUtil: Setting up default license
[31/05/23 17:09:58:220 UTC]  INFO servlet.VisitorFilter: VisitorLogger Filter Started
[31/05/23 17:09:58:569 UTC]  INFO util.SystemProperties: Loading file:/srv/dotserver/tomcat-9.0.60/webapps/ROOT/WEB-INF/classes/system.properties
[31/05/23 17:09:58:571 UTC]  INFO util.SystemProperties: Loading file:/srv/dotserver/tomcat-9.0.60/webapps/ROOT/WEB-INF/classes/system-ext.properties
[31/05/23 17:09:58:581 UTC]  INFO util.SystemProperties: Loading file:/srv/dotserver/tomcat-9.0.60/webapps/ROOT/WEB-INF/classes/system.properties
[31/05/23 17:09:58:581 UTC]  INFO util.SystemProperties: Loading file:/srv/dotserver/tomcat-9.0.60/webapps/ROOT/WEB-INF/classes/system-ext.properties
[31/05/23 17:09:58:944 UTC]  WARN impl.SessionImpl: finalizing unclosed session with closed connection
[31/05/23 17:09:59:282 UTC]  INFO util.PropsLoader: Loading file:/srv/dotserver/tomcat-9.0.60/webapps/ROOT/WEB-INF/classes/portal.properties
[31/05/23 17:09:59:283 UTC]  INFO util.PropsLoader: Loading file:/srv/dotserver/tomcat-9.0.60/webapps/ROOT/WEB-INF/classes/portal-ext.properties
[31/05/23 17:10:02:134 UTC]  INFO tiles.TilesPlugin: Tiles definition factory loaded for module ''.
[31/05/23 17:10:02:139 UTC]  INFO validator.ValidatorPlugIn: Loading validation rules file from '/WEB-INF/validator-rules.xml'
[31/05/23 17:10:02:140 UTC]  INFO validator.ValidatorPlugIn: Loading validation rules file from '/WEB-INF/validation.xml'
[31/05/23 17:10:02:317 UTC]  INFO util.RestHighLevelClientProvider: disabling String.intern() in Jackson
[31/05/23 17:10:02:320 UTC]  WARN util.DotRestHighLevelClientProvider: Elastic RestHighLevelClient will be initialized without certificates
[31/05/23 17:10:02:326 UTC]  INFO util.DotRestHighLevelClientProvider: Initializing Elastic RestHighLevelClient using Basic authentication
[31/05/23 17:10:02:337 UTC]  INFO util.DotRestHighLevelClientProvider: Initializing Elastic RestHighLevelClient using endpoints [
[31/05/23 17:10:02:338 UTC]  INFO util.DotRestHighLevelClientProvider:   - http://elasticsearch:9200
[31/05/23 17:10:02:339 UTC]  INFO util.DotRestHighLevelClientProvider: ]
[31/05/23 17:10:02:339 UTC]  WARN util.DotRestHighLevelClientProvider: Initializing Elastic RestHighLevelClient using an unsecured http connection
[31/05/23 17:10:02:776 UTC]  INFO util.DotRestHighLevelClientProvider: RestHighLevelClientProvider com.dotcms.content.elasticsearch.util.DotRestHighLevelClientProvider loaded successfully
[31/05/23 17:10:03:172 UTC]  INFO startup.StartupTasksExecutor: Running Startup Tasks
[31/05/23 17:10:03:311 UTC]  INFO runalways.Task00001LoadSchema: -------------------------------------------------------------------------------------
[31/05/23 17:10:03:312 UTC]  INFO runalways.Task00001LoadSchema: 
[31/05/23 17:10:03:313 UTC]  INFO runalways.Task00001LoadSchema: Empty dotCMS database found.  Loading initial dotCMS schema for PostgreSQL
[31/05/23 17:10:03:314 UTC]  INFO runalways.Task00001LoadSchema: 
[31/05/23 17:10:03:314 UTC]  INFO runalways.Task00001LoadSchema: -------------------------------------------------------------------------------------
[31/05/23 17:10:03:315 UTC]  INFO startup.StartupTasksExecutor: Running Startup Tasks : Task00001LoadSchema
[31/05/23 17:10:03:316 UTC]  INFO runalways.Task00001LoadSchema: Loading schema
[31/05/23 17:10:03:760 UTC]  INFO runalways.Task00001LoadSchema: Schema created (506 statements executed)
[31/05/23 17:10:03:767 UTC]  INFO timedcache.TimedCacheProvider: ===== Initializing [Timed Cache Provider].
[31/05/23 17:10:03:768 UTC]  INFO timedcache.TimedCacheProvider: ***	 Cache Config Memory : esquerycache: 10000
[31/05/23 17:10:03:768 UTC]  INFO timedcache.TimedCacheProvider: ***	 Cache Config Memory : esquerycountcache: 10000
[31/05/23 17:10:03:768 UTC]  INFO timedcache.TimedCacheProvider: ***	 Cache Config Memory : graphqlquerycache: 5000
[31/05/23 17:10:03:768 UTC]  INFO timedcache.TimedCacheProvider: ***	 Cache Config Memory : default: 1000
[31/05/23 17:10:03:768 UTC]  INFO timedcache.TimedCacheProvider: ***	 Cache Config Memory : adminconfigpool: 100
[31/05/23 17:10:03:768 UTC]  INFO timedcache.TimedCacheProvider: ***	 Cache Config Memory : companypool: 10
[31/05/23 17:10:03:768 UTC]  INFO timedcache.TimedCacheProvider: ***	 Cache Config Memory : contentletcache: 5000
[31/05/23 17:10:03:768 UTC]  INFO timedcache.TimedCacheProvider: ***	 Cache Config Memory : categoryparentscache: 30000
[31/05/23 17:10:03:768 UTC]  INFO timedcache.TimedCacheProvider: ***	 Cache Config Memory : taginodecache: 50000
[31/05/23 17:10:03:768 UTC]  INFO timedcache.TimedCacheProvider: ***	 Cache Config Memory : taginodesbyinodecache: 50000
[31/05/23 17:10:03:768 UTC]  INFO timedcache.TimedCacheProvider: ***	 Cache Config Memory : tagcache: 50000
[31/05/23 17:10:03:770 UTC]  INFO timedcache.TimedCacheProvider: ***	 Cache Config Memory : csscache: 2500
[31/05/23 17:10:03:770 UTC]  INFO timedcache.TimedCacheProvider: ***	 Cache Config Memory : assetmetadatacache: 10000
[31/05/23 17:10:03:770 UTC]  INFO timedcache.TimedCacheProvider: ***	 Cache Config Memory : identifiercache: 50000
[31/05/23 17:10:03:770 UTC]  INFO timedcache.TimedCacheProvider: ***	 Cache Config Memory : identifier404cache: 30000
[31/05/23 17:10:03:770 UTC]  INFO timedcache.TimedCacheProvider: ***	 Cache Config Memory : indiciescache: 8
[31/05/23 17:10:03:770 UTC]  INFO timedcache.TimedCacheProvider: ***	 Cache Config Memory : logmappercache: 10
[31/05/23 17:10:03:770 UTC]  INFO timedcache.TimedCacheProvider: ***	 Cache Config Memory : navcache: 1000
[31/05/23 17:10:03:770 UTC]  INFO timedcache.TimedCacheProvider: ***	 Cache Config Memory : parentpermissionablecache: 10000
[31/05/23 17:10:03:770 UTC]  INFO timedcache.TimedCacheProvider: ***	 Cache Config Memory : permissioncache: 50000
[31/05/23 17:10:03:770 UTC]  INFO timedcache.TimedCacheProvider: ***	 Cache Config Memory : portletpool: 100
[31/05/23 17:10:03:770 UTC]  INFO timedcache.TimedCacheProvider: ***	 Cache Config Memory : publishingendpointcache: 100
[31/05/23 17:10:03:770 UTC]  INFO timedcache.TimedCacheProvider: ***	 Cache Config Memory : pushedassetscache: 5000
[31/05/23 17:10:03:770 UTC]  INFO timedcache.TimedCacheProvider: ***	 Cache Config Memory : templatecache: 500
[31/05/23 17:10:03:770 UTC]  INFO timedcache.TimedCacheProvider: ***	 Cache Config Memory : translatedquerycache: 5000
[31/05/23 17:10:03:770 UTC]  INFO timedcache.TimedCacheProvider: ***	 Cache Config Memory : versioncache: 50000
[31/05/23 17:10:03:770 UTC]  INFO timedcache.TimedCacheProvider: ***	 Cache Config Memory : versioninfocache: 50000
[31/05/23 17:10:03:770 UTC]  INFO timedcache.TimedCacheProvider: ***	 Cache Config Memory : workflowactioncache: 10000
[31/05/23 17:10:03:770 UTC]  INFO timedcache.TimedCacheProvider: ***	 Cache Config Memory : workflowtaskcache: 10000
[31/05/23 17:10:03:770 UTC]  INFO timedcache.TimedCacheProvider: ***	 Cache Config Memory : shortyidcache: 25000
[31/05/23 17:10:03:770 UTC]  INFO timedcache.TimedCacheProvider: ***	 Cache Config Memory : velocitycache: 5000
[31/05/23 17:10:03:771 UTC]  INFO timedcache.TimedCacheProvider: ***	 Cache Config Memory : vanityurldirectcache: 25000
[31/05/23 17:10:03:771 UTC]  INFO timedcache.TimedCacheProvider: ***	 Cache Config Memory : vanityurlsitecache: 5000
[31/05/23 17:10:03:772 UTC]  INFO h22.H22Cache: Start Full Cache Flush in h22
[31/05/23 17:10:03:772 UTC]  INFO h22.H22Cache: Building new H22 Cache, db:0
[31/05/23 17:10:03:794 UTC]  INFO h22.H22HikariPool: H22 on disk cache:jdbc:h2:/data/local/dotsecure/h22cache/0/2023-05-31_17-10-03/cache;MVCC=TRUE;DB_CLOSE_ON_EXIT=FALSE
[31/05/23 17:10:04:025 UTC]  INFO h22.H22Cache: Building new H22 Cache, db:1
[31/05/23 17:10:04:026 UTC]  INFO h22.H22HikariPool: H22 on disk cache:jdbc:h2:/data/local/dotsecure/h22cache/1/2023-05-31_17-10-04/cache;MVCC=TRUE;DB_CLOSE_ON_EXIT=FALSE
[31/05/23 17:10:04:069 UTC]  INFO h22.H22Cache: End Full Cache Flush in h22 : 296ms
[31/05/23 17:10:07:088 UTC]  INFO timedcache.TimedCacheProvider: ===== Initializing [Timed Cache Provider].
[31/05/23 17:10:07:088 UTC]  INFO timedcache.TimedCacheProvider: ***	 Cache Config Memory : esquerycache: 10000
[31/05/23 17:10:07:088 UTC]  INFO timedcache.TimedCacheProvider: ***	 Cache Config Memory : esquerycountcache: 10000
[31/05/23 17:10:07:088 UTC]  INFO timedcache.TimedCacheProvider: ***	 Cache Config Memory : graphqlquerycache: 5000
[31/05/23 17:10:07:088 UTC]  INFO timedcache.TimedCacheProvider: ***	 Cache Config Memory : default: 1000
[31/05/23 17:10:07:088 UTC]  INFO timedcache.TimedCacheProvider: ***	 Cache Config Memory : adminconfigpool: 100
[31/05/23 17:10:07:088 UTC]  INFO timedcache.TimedCacheProvider: ***	 Cache Config Memory : companypool: 10
[31/05/23 17:10:07:088 UTC]  INFO timedcache.TimedCacheProvider: ***	 Cache Config Memory : contentletcache: 5000
[31/05/23 17:10:07:088 UTC]  INFO timedcache.TimedCacheProvider: ***	 Cache Config Memory : categoryparentscache: 30000
[31/05/23 17:10:07:089 UTC]  INFO timedcache.TimedCacheProvider: ***	 Cache Config Memory : taginodecache: 50000
[31/05/23 17:10:07:089 UTC]  INFO timedcache.TimedCacheProvider: ***	 Cache Config Memory : taginodesbyinodecache: 50000
[31/05/23 17:10:07:089 UTC]  INFO timedcache.TimedCacheProvider: ***	 Cache Config Memory : tagcache: 50000
[31/05/23 17:10:07:089 UTC]  INFO timedcache.TimedCacheProvider: ***	 Cache Config Memory : csscache: 2500
[31/05/23 17:10:07:089 UTC]  INFO timedcache.TimedCacheProvider: ***	 Cache Config Memory : assetmetadatacache: 10000
[31/05/23 17:10:07:089 UTC]  INFO timedcache.TimedCacheProvider: ***	 Cache Config Memory : identifiercache: 50000
[31/05/23 17:10:07:089 UTC]  INFO timedcache.TimedCacheProvider: ***	 Cache Config Memory : identifier404cache: 30000
[31/05/23 17:10:07:089 UTC]  INFO timedcache.TimedCacheProvider: ***	 Cache Config Memory : indiciescache: 8
[31/05/23 17:10:07:089 UTC]  INFO timedcache.TimedCacheProvider: ***	 Cache Config Memory : logmappercache: 10
[31/05/23 17:10:07:089 UTC]  INFO timedcache.TimedCacheProvider: ***	 Cache Config Memory : navcache: 1000
[31/05/23 17:10:07:089 UTC]  INFO timedcache.TimedCacheProvider: ***	 Cache Config Memory : parentpermissionablecache: 10000
[31/05/23 17:10:07:089 UTC]  INFO timedcache.TimedCacheProvider: ***	 Cache Config Memory : permissioncache: 50000
[31/05/23 17:10:07:089 UTC]  INFO timedcache.TimedCacheProvider: ***	 Cache Config Memory : portletpool: 100
[31/05/23 17:10:07:089 UTC]  INFO timedcache.TimedCacheProvider: ***	 Cache Config Memory : publishingendpointcache: 100
[31/05/23 17:10:07:089 UTC]  INFO timedcache.TimedCacheProvider: ***	 Cache Config Memory : pushedassetscache: 5000
[31/05/23 17:10:07:089 UTC]  INFO timedcache.TimedCacheProvider: ***	 Cache Config Memory : templatecache: 500
[31/05/23 17:10:07:089 UTC]  INFO timedcache.TimedCacheProvider: ***	 Cache Config Memory : translatedquerycache: 5000
[31/05/23 17:10:07:089 UTC]  INFO timedcache.TimedCacheProvider: ***	 Cache Config Memory : versioncache: 50000
[31/05/23 17:10:07:090 UTC]  INFO timedcache.TimedCacheProvider: ***	 Cache Config Memory : versioninfocache: 50000
[31/05/23 17:10:07:090 UTC]  INFO timedcache.TimedCacheProvider: ***	 Cache Config Memory : workflowactioncache: 10000
[31/05/23 17:10:07:090 UTC]  INFO timedcache.TimedCacheProvider: ***	 Cache Config Memory : workflowtaskcache: 10000
[31/05/23 17:10:07:090 UTC]  INFO timedcache.TimedCacheProvider: ***	 Cache Config Memory : shortyidcache: 25000
[31/05/23 17:10:07:090 UTC]  INFO timedcache.TimedCacheProvider: ***	 Cache Config Memory : velocitycache: 5000
[31/05/23 17:10:07:090 UTC]  INFO timedcache.TimedCacheProvider: ***	 Cache Config Memory : vanityurldirectcache: 25000
[31/05/23 17:10:07:090 UTC]  INFO timedcache.TimedCacheProvider: ***	 Cache Config Memory : vanityurlsitecache: 5000
[31/05/23 17:10:07:090 UTC]  INFO h22.H22Cache: Start Full Cache Flush in h22
[31/05/23 17:10:07:090 UTC]  INFO h22.H22Cache: Building new H22 Cache, db:0
[31/05/23 17:10:07:091 UTC]  INFO h22.H22HikariPool: H22 on disk cache:jdbc:h2:/data/local/dotsecure/h22cache/0/2023-05-31_17-10-07/cache;MVCC=TRUE;DB_CLOSE_ON_EXIT=FALSE
[31/05/23 17:10:07:191 UTC]  INFO h22.H22Cache: Building new H22 Cache, db:1
[31/05/23 17:10:07:193 UTC]  INFO h22.H22HikariPool: H22 on disk cache:jdbc:h2:/data/local/dotsecure/h22cache/1/2023-05-31_17-10-07/cache;MVCC=TRUE;DB_CLOSE_ON_EXIT=FALSE
[31/05/23 17:10:07:278 UTC]  INFO h22.H22Cache: End Full Cache Flush in h22 : 187ms
[31/05/23 17:10:07:281 UTC]  INFO startup.StartupTasksExecutor: Not Running Startup Tasks: Task00002LoadClusterLicenses
[31/05/23 17:10:07:281 UTC]  INFO startup.StartupTasksExecutor: Running Startup Tasks : Task00003CreateSystemRoles
[31/05/23 17:10:07:289 UTC]  INFO startup.StartupTasksExecutor: Running Startup Tasks : Task00004LoadStarter
[31/05/23 17:10:07:313 UTC]  INFO db.DotCMSInitDb: There are no inodes - initializing db with starter site
[31/05/23 17:10:07:390 UTC]  INFO starter.ImportStarterUtil: Found 21 files to import
[31/05/23 17:10:07:395 UTC]  WARN util.FileUtil: /data/local/dotsecure/backup/temp/assets/messages/cms_language_en_US.properties is empty
[31/05/23 17:10:07:396 UTC]  WARN util.FileUtil: /data/local/dotsecure/backup/temp/assets/messages/cms_language_es_ES.properties is empty
[31/05/23 17:10:07:398 UTC]  WARN util.FileUtil: /data/local/dotsecure/backup/temp/assets/messages/cms_language_fr_FR.properties is empty
[31/05/23 17:10:07:400 UTC]  WARN util.FileUtil: /data/local/dotsecure/backup/temp/assets/messages/cms_language_zh_CN.properties is empty
[31/05/23 17:10:07:401 UTC]  INFO starter.ImportStarterUtil: About to delete all records from link_version_info
[31/05/23 17:10:07:411 UTC]  INFO starter.ImportStarterUtil: Deleted all records from link_version_info
[31/05/23 17:10:07:412 UTC]  INFO starter.ImportStarterUtil: About to delete all records from container_structures
[31/05/23 17:10:07:413 UTC]  INFO starter.ImportStarterUtil: Deleted all records from container_structures
[31/05/23 17:10:07:414 UTC]  INFO starter.ImportStarterUtil: About to delete all records from dot_containers
[31/05/23 17:10:07:417 UTC]  INFO starter.ImportStarterUtil: Deleted all records from dot_containers
[31/05/23 17:10:07:417 UTC]  INFO starter.ImportStarterUtil: About to delete all records from tag
[31/05/23 17:10:07:419 UTC]  INFO starter.ImportStarterUtil: Deleted all records from tag
[31/05/23 17:10:07:420 UTC]  INFO starter.ImportStarterUtil: About to delete all records from clickstream_request
[31/05/23 17:10:07:422 UTC]  INFO starter.ImportStarterUtil: Deleted all records from clickstream_request
[31/05/23 17:10:07:423 UTC]  INFO starter.ImportStarterUtil: About to delete all records from workflow_comment
[31/05/23 17:10:07:424 UTC]  INFO starter.ImportStarterUtil: Deleted all records from workflow_comment
[31/05/23 17:10:07:425 UTC]  INFO starter.ImportStarterUtil: About to delete all records from challenge_question
[31/05/23 17:10:07:426 UTC]  INFO starter.ImportStarterUtil: Deleted all records from challenge_question
[31/05/23 17:10:07:427 UTC]  INFO starter.ImportStarterUtil: About to delete all records from fixes_audit
[31/05/23 17:10:07:429 UTC]  INFO starter.ImportStarterUtil: Deleted all records from fixes_audit
[31/05/23 17:10:07:430 UTC]  INFO starter.ImportStarterUtil: About to delete all records from clickstream_404
[31/05/23 17:10:07:431 UTC]  INFO starter.ImportStarterUtil: Deleted all records from clickstream_404
[31/05/23 17:10:07:432 UTC]  INFO starter.ImportStarterUtil: About to delete all records from links
[31/05/23 17:10:07:433 UTC]  INFO starter.ImportStarterUtil: Deleted all records from links
[31/05/23 17:10:07:434 UTC]  INFO starter.ImportStarterUtil: About to delete all records from UserTracker
[31/05/23 17:10:07:435 UTC]  INFO starter.ImportStarterUtil: Deleted all records from UserTracker
[31/05/23 17:10:07:436 UTC]  INFO starter.ImportStarterUtil: About to delete all records from permission
[31/05/23 17:10:07:438 UTC]  INFO starter.ImportStarterUtil: Deleted all records from permission
[31/05/23 17:10:07:439 UTC]  INFO starter.ImportStarterUtil: About to delete all records from workflowtask_files
[31/05/23 17:10:07:440 UTC]  INFO starter.ImportStarterUtil: Deleted all records from workflowtask_files
[31/05/23 17:10:07:441 UTC]  INFO starter.ImportStarterUtil: About to delete all records from workflow_history
[31/05/23 17:10:07:442 UTC]  INFO starter.ImportStarterUtil: Deleted all records from workflow_history
[31/05/23 17:10:07:443 UTC]  INFO starter.ImportStarterUtil: About to delete all records from multi_tree
[31/05/23 17:10:07:445 UTC]  INFO starter.ImportStarterUtil: Deleted all records from multi_tree
[31/05/23 17:10:07:446 UTC]  INFO starter.ImportStarterUtil: About to delete all records from AdminConfig
[31/05/23 17:10:07:447 UTC]  INFO starter.ImportStarterUtil: Deleted all records from AdminConfig
[31/05/23 17:10:07:448 UTC]  INFO starter.ImportStarterUtil: About to delete all records from field
[31/05/23 17:10:07:452 UTC]  INFO starter.ImportStarterUtil: Deleted all records from field
[31/05/23 17:10:07:454 UTC]  INFO starter.ImportStarterUtil: About to delete all records from tag_inode
[31/05/23 17:10:07:455 UTC]  INFO starter.ImportStarterUtil: Deleted all records from tag_inode
[31/05/23 17:10:07:466 UTC]  INFO starter.ImportStarterUtil: About to delete all records from host_variable
[31/05/23 17:10:07:466 UTC]  INFO starter.ImportStarterUtil: Deleted all records from host_variable
[31/05/23 17:10:07:466 UTC]  INFO starter.ImportStarterUtil: About to delete all records from template_version_info
[31/05/23 17:10:07:467 UTC]  INFO starter.ImportStarterUtil: Deleted all records from template_version_info
[31/05/23 17:10:07:467 UTC]  INFO starter.ImportStarterUtil: About to delete all records from clickstream
[31/05/23 17:10:07:468 UTC]  INFO starter.ImportStarterUtil: Deleted all records from clickstream
[31/05/23 17:10:07:468 UTC]  INFO starter.ImportStarterUtil: About to delete all records from tree
[31/05/23 17:10:07:469 UTC]  INFO starter.ImportStarterUtil: Deleted all records from tree
[31/05/23 17:10:07:469 UTC]  INFO starter.ImportStarterUtil: About to delete all records from UserTrackerPath
[31/05/23 17:10:07:471 UTC]  INFO starter.ImportStarterUtil: Deleted all records from UserTrackerPath
[31/05/23 17:10:07:471 UTC]  INFO starter.ImportStarterUtil: About to delete all records from workflow_task
[31/05/23 17:10:07:472 UTC]  INFO starter.ImportStarterUtil: Deleted all records from workflow_task
[31/05/23 17:10:07:472 UTC]  INFO starter.ImportStarterUtil: About to delete all records from users_to_delete
[31/05/23 17:10:07:473 UTC]  INFO starter.ImportStarterUtil: Deleted all records from users_to_delete
[31/05/23 17:10:07:473 UTC]  INFO starter.ImportStarterUtil: About to delete all records from container_version_info
[31/05/23 17:10:07:474 UTC]  INFO starter.ImportStarterUtil: Deleted all records from container_version_info
[31/05/23 17:10:07:474 UTC]  INFO starter.ImportStarterUtil: About to delete all records from PasswordTracker
[31/05/23 17:10:07:474 UTC]  INFO starter.ImportStarterUtil: Deleted all records from PasswordTracker
[31/05/23 17:10:07:474 UTC]  INFO starter.ImportStarterUtil: About to delete all records from permission_reference
[31/05/23 17:10:07:478 UTC]  INFO starter.ImportStarterUtil: Deleted all records from permission_reference
[31/05/23 17:10:07:478 UTC]  INFO starter.ImportStarterUtil: About to delete all records from cms_layouts_portlets
[31/05/23 17:10:07:480 UTC]  INFO starter.ImportStarterUtil: Deleted all records from cms_layouts_portlets
[31/05/23 17:10:07:480 UTC]  INFO starter.ImportStarterUtil: About to delete all records from layouts_cms_roles
[31/05/23 17:10:07:481 UTC]  INFO starter.ImportStarterUtil: Deleted all records from layouts_cms_roles
[31/05/23 17:10:07:481 UTC]  INFO starter.ImportStarterUtil: About to delete all records from users_cms_roles
[31/05/23 17:10:07:482 UTC]  INFO starter.ImportStarterUtil: Deleted all records from users_cms_roles
[31/05/23 17:10:07:482 UTC]  INFO starter.ImportStarterUtil: About to delete all records from cms_role
[31/05/23 17:10:07:487 UTC]  INFO starter.ImportStarterUtil: Deleted all records from cms_role
[31/05/23 17:10:07:487 UTC]  INFO starter.ImportStarterUtil: About to delete all records from cms_layout
[31/05/23 17:10:07:487 UTC]  INFO starter.ImportStarterUtil: Deleted all records from cms_layout
[31/05/23 17:10:07:487 UTC]  INFO starter.ImportStarterUtil: About to delete all records from structure
[31/05/23 17:10:07:488 UTC]  INFO starter.ImportStarterUtil: Deleted all records from structure
[31/05/23 17:10:07:488 UTC]  INFO starter.ImportStarterUtil: About to delete all records from folder
[31/05/23 17:10:07:491 UTC]  INFO starter.ImportStarterUtil: Deleted all records from folder
[31/05/23 17:10:07:491 UTC]  INFO starter.ImportStarterUtil: About to delete all records from identifier
[31/05/23 17:10:07:494 UTC]  INFO starter.ImportStarterUtil: Deleted all records from identifier
[31/05/23 17:10:07:495 UTC]  INFO starter.ImportStarterUtil: About to delete all records from inode
[31/05/23 17:10:07:496 UTC]  INFO starter.ImportStarterUtil: Deleted all records from inode
[31/05/23 17:10:07:496 UTC]  INFO starter.ImportStarterUtil: About to delete all records from user_
[31/05/23 17:10:07:501 UTC]  INFO starter.ImportStarterUtil: Deleted all records from user_
[31/05/23 17:10:07:501 UTC]  INFO starter.ImportStarterUtil: About to delete all records from company
[31/05/23 17:10:07:503 UTC]  INFO starter.ImportStarterUtil: Deleted all records from company
[31/05/23 17:10:07:503 UTC]  INFO starter.ImportStarterUtil: About to delete all records from counter
[31/05/23 17:10:07:504 UTC]  INFO starter.ImportStarterUtil: Deleted all records from counter
[31/05/23 17:10:07:504 UTC]  INFO starter.ImportStarterUtil: About to delete all records from image
[31/05/23 17:10:07:505 UTC]  INFO starter.ImportStarterUtil: Deleted all records from image
[31/05/23 17:10:07:505 UTC]  INFO starter.ImportStarterUtil: About to delete all records from portlet
[31/05/23 17:10:07:506 UTC]  INFO starter.ImportStarterUtil: Deleted all records from portlet
[31/05/23 17:10:07:506 UTC]  INFO starter.ImportStarterUtil: About to delete all records from portletpreferences
[31/05/23 17:10:07:507 UTC]  INFO starter.ImportStarterUtil: Deleted all records from portletpreferences
[31/05/23 17:10:07:507 UTC]  INFO starter.ImportStarterUtil: About to delete all records from address
[31/05/23 17:10:07:509 UTC]  INFO starter.ImportStarterUtil: Deleted all records from address
[31/05/23 17:10:07:509 UTC]  INFO starter.ImportStarterUtil: About to delete all records from plugin_property
[31/05/23 17:10:07:510 UTC]  INFO starter.ImportStarterUtil: Deleted all records from plugin_property
[31/05/23 17:10:07:510 UTC]  INFO starter.ImportStarterUtil: About to delete all records from plugin
[31/05/23 17:10:07:511 UTC]  INFO starter.ImportStarterUtil: Deleted all records from plugin
[31/05/23 17:10:07:560 UTC]  INFO starter.ImportStarterUtil: **** Importing the file: /data/local/dotsecure/backup/temp/com.liferay.portal.model.Company.json *****
[31/05/23 17:10:07:562 UTC]  INFO starter.ImportStarterUtil: Importing:	com.liferay.portal.model.Company
[31/05/23 17:10:07:716 UTC]  INFO starter.ImportStarterUtil: Found :	1 com.liferay.portal.model.Company(s)
[31/05/23 17:10:07:835 UTC]  INFO starter.ImportStarterUtil: **** Importing the file: /data/local/dotsecure/backup/temp/com.dotmarketing.business.Role_0000000000.json *****
[31/05/23 17:10:07:837 UTC]  INFO starter.ImportStarterUtil: Importing:	com.dotmarketing.business.Role
[31/05/23 17:10:07:859 UTC]  INFO starter.ImportStarterUtil: Found :	18 com.dotmarketing.business.Role(s)
[31/05/23 17:10:07:867 UTC]  INFO starter.ImportStarterUtil: roleKey:cms_users = 0
[31/05/23 17:10:07:870 UTC]  INFO starter.ImportStarterUtil: roleKey:System = 0
[31/05/23 17:10:07:871 UTC]  INFO starter.ImportStarterUtil: roleKey:DOTCMS_BACK_END_USER = 0
[31/05/23 17:10:07:874 UTC]  INFO starter.ImportStarterUtil: roleKey:cms_workflow_any_who_can_view = 0
[31/05/23 17:10:07:876 UTC]  INFO starter.ImportStarterUtil: roleKey:Form Editor = 0
[31/05/23 17:10:07:877 UTC]  INFO starter.ImportStarterUtil: roleKey:dotcms.org.default = 0
[31/05/23 17:10:07:879 UTC]  INFO starter.ImportStarterUtil: roleKey:cms_workflow_any_who_can_edit_permissions = 0
[31/05/23 17:10:07:881 UTC]  INFO starter.ImportStarterUtil: roleKey:cms_workflow_any_who_can_edit = 0
[31/05/23 17:10:07:882 UTC]  INFO starter.ImportStarterUtil: roleKey:CMS Anonymous = 0
[31/05/23 17:10:07:884 UTC]  INFO starter.ImportStarterUtil: roleKey:CMS Owner = 0
[31/05/23 17:10:07:886 UTC]  INFO starter.ImportStarterUtil: roleKey:Login As = 0
[31/05/23 17:10:07:889 UTC]  INFO starter.ImportStarterUtil: roleKey:LDAP User = 0
[31/05/23 17:10:07:890 UTC]  INFO starter.ImportStarterUtil: roleKey:CMS Administrator = 0
[31/05/23 17:10:07:892 UTC]  INFO starter.ImportStarterUtil: roleKey:DOTCMS_FRONT_END_USER = 0
[31/05/23 17:10:07:894 UTC]  INFO starter.ImportStarterUtil: roleKey:cms_workflow_any_who_can_publish = 0
[31/05/23 17:10:07:897 UTC]  INFO starter.ImportStarterUtil: roleKey:dotcms.org.1 = 0
[31/05/23 17:10:07:898 UTC]  INFO starter.ImportStarterUtil: roleKey:anonymous = 0
[31/05/23 17:10:07:900 UTC]  INFO starter.ImportStarterUtil: roleKey:Scripting Developer = 0
[31/05/23 17:10:07:901 UTC]  INFO starter.ImportStarterUtil: **** Importing the file: /data/local/dotsecure/backup/temp/com.liferay.portal.model.User.json *****
[31/05/23 17:10:07:902 UTC]  INFO starter.ImportStarterUtil: Importing:	com.liferay.portal.model.User
[31/05/23 17:10:07:930 UTC]  INFO starter.ImportStarterUtil: Found :	4 com.liferay.portal.model.User(s)
[31/05/23 17:10:07:965 UTC]  WARN util.LocaleUtil: null is not a valid language id
[31/05/23 17:10:07:974 UTC]  WARN business.UserHelper: Error loading user with id dotcms.org.1
[31/05/23 17:10:08:043 UTC]  INFO xml.Marshaller: Marshaller called using one of the *static*  marshal(Object, *) methods. This will ignore any  mapping files as specified. Please consider switching to  using Marshaller instances and calling one of the marshal(*) methods.
[31/05/23 17:10:09:233 UTC]  WARN business.UserHelper: Error loading user with id system
[31/05/23 17:10:09:990 UTC]  INFO util.SecurityLogger: class com.dotmarketing.business.RoleAPIImpl : Adding role:'Admin User' to user:dotcms.org.1 email:admin@dotcms.com -- ip:ukn,user:null
[31/05/23 17:10:09:996 UTC]  WARN business.UserHelper: Error loading user with id anonymous
[31/05/23 17:10:10:716 UTC]  INFO util.SecurityLogger: class com.dotmarketing.business.RoleAPIImpl : Adding role:'anonymous user anonymous' to user:anonymous email:anonymous@dotcms.anonymoususer -- ip:ukn,user:null
[31/05/23 17:10:10:719 UTC]  INFO starter.ImportStarterUtil: 
[31/05/23 17:10:10:719 UTC]  INFO starter.ImportStarterUtil: 
[31/05/23 17:10:10:719 UTC]  INFO starter.ImportStarterUtil: **** Importing the file: /data/local/dotsecure/backup/temp/com.dotmarketing.business.UsersRoles_0000000000.json *****
[31/05/23 17:10:10:719 UTC]  INFO starter.ImportStarterUtil: Importing:	com.dotmarketing.business.UsersRoles
[31/05/23 17:10:10:721 UTC]  INFO starter.ImportStarterUtil: Found :	14 com.dotmarketing.business.UsersRoles(s)
[31/05/23 17:10:10:730 UTC]  INFO starter.ImportStarterUtil: **** Importing the file: /data/local/dotsecure/backup/temp/com.dotmarketing.business.Layout_0000000000.json *****
[31/05/23 17:10:10:730 UTC]  INFO starter.ImportStarterUtil: Importing:	com.dotmarketing.business.Layout
[31/05/23 17:10:10:732 UTC]  INFO starter.ImportStarterUtil: Found :	11 com.dotmarketing.business.Layout(s)
[31/05/23 17:10:10:742 UTC]  INFO starter.ImportStarterUtil: **** Importing the file: /data/local/dotsecure/backup/temp/com.dotmarketing.business.PortletsLayouts_0000000000.json *****
[31/05/23 17:10:10:742 UTC]  INFO starter.ImportStarterUtil: Importing:	com.dotmarketing.business.PortletsLayouts
[31/05/23 17:10:10:744 UTC]  INFO starter.ImportStarterUtil: Found :	36 com.dotmarketing.business.PortletsLayouts(s)
[31/05/23 17:10:10:768 UTC]  INFO starter.ImportStarterUtil: **** Importing the file: /data/local/dotsecure/backup/temp/com.dotmarketing.business.LayoutsRoles_0000000000.json *****
[31/05/23 17:10:10:768 UTC]  INFO starter.ImportStarterUtil: Importing:	com.dotmarketing.business.LayoutsRoles
[31/05/23 17:10:10:769 UTC]  INFO starter.ImportStarterUtil: Found :	7 com.dotmarketing.business.LayoutsRoles(s)
[31/05/23 17:10:10:777 UTC]  INFO starter.ImportStarterUtil: **** Importing the file: /data/local/dotsecure/backup/temp/com.dotmarketing.portlets.languagesmanager.model.Language_0000000000.json *****
[31/05/23 17:10:10:777 UTC]  INFO starter.ImportStarterUtil: Importing:	com.dotmarketing.portlets.languagesmanager.model.Language
[31/05/23 17:10:10:781 UTC]  INFO starter.ImportStarterUtil: Found :	1 com.dotmarketing.portlets.languagesmanager.model.Language(s)
[31/05/23 17:10:10:796 UTC]  INFO starter.ImportStarterUtil: Importing folder path /System foldersystem folder
[31/05/23 17:10:10:830 UTC]  INFO starter.ImportStarterUtil: **** Importing the file: /data/local/dotsecure/backup/temp/com.dotmarketing.portlets.folders.model.Folder_0000000000.json *****
[31/05/23 17:10:10:830 UTC]  INFO starter.ImportStarterUtil: Importing:	com.dotmarketing.portlets.folders.model.Folder
[31/05/23 17:10:10:834 UTC]  INFO starter.ImportStarterUtil: Found :	1 com.dotmarketing.portlets.folders.model.Folder(s)
[31/05/23 17:10:11:326 UTC]  INFO business.ContentTypeAPIImpl: Content type not found with given id: c938b15f-bcb6-49ef-8651-14d455a97045. Continuing...
[31/05/23 17:10:11:450 UTC]  INFO util.ActivityLogger: class com.dotmarketing.util.ActivityLogger: system : Save Field Action , User system/system user added field Site/Folder to Persona Structure.
[31/05/23 17:10:11:505 UTC]  INFO util.ActivityLogger: class com.dotmarketing.util.ActivityLogger: system : Save Field Action , User system/system user added field Name to Persona Structure.
[31/05/23 17:10:11:545 UTC]  INFO util.ActivityLogger: class com.dotmarketing.util.ActivityLogger: system : Save Field Action , User system/system user added field Key Tag to Persona Structure.
[31/05/23 17:10:11:586 UTC]  INFO util.ActivityLogger: class com.dotmarketing.util.ActivityLogger: system : Save Field Action , User system/system user added field Photo to Persona Structure.
[31/05/23 17:10:11:629 UTC]  INFO util.ActivityLogger: class com.dotmarketing.util.ActivityLogger: system : Save Field Action , User system/system user added field Other Tags to Persona Structure.
[31/05/23 17:10:11:672 UTC]  INFO util.ActivityLogger: class com.dotmarketing.util.ActivityLogger: system : Save Field Action , User system/system user added field Description to Persona Structure.
[31/05/23 17:10:11:691 UTC]  INFO util.ActivityLogger: class com.dotcms.contenttype.business.ContentTypeAPIImpl: system : Save ContentType Action , User system/system user system user added ContentType Persona to host id:SYSTEM_HOST
[31/05/23 17:10:11:693 UTC]  INFO business.ContentTypeAPIImpl: UserId : system : ContentType : ContentType saved : Persona
[31/05/23 17:10:11:694 UTC]  INFO util.AdminLogger: UserId : system : class com.dotcms.contenttype.business.ContentTypeAPIImpl : ContentType : ContentType saved : Persona
[31/05/23 17:10:11:706 UTC]  INFO business.ContentTypeAPIImpl: Content type not found with given id: f4d7c1b8-2c88-4071-abf1-a5328977b07d. Continuing...
[31/05/23 17:10:11:726 UTC]  INFO util.ActivityLogger: class com.dotmarketing.util.ActivityLogger: system : Save Field Action , User system/system user added field Key to Language Variable Structure.
[31/05/23 17:10:11:741 UTC]  INFO util.ActivityLogger: class com.dotmarketing.util.ActivityLogger: system : Save Field Action , User system/system user added field Value to Language Variable Structure.
[31/05/23 17:10:11:749 UTC]  INFO util.ActivityLogger: class com.dotcms.contenttype.business.ContentTypeAPIImpl: system : Save ContentType Action , User system/system user system user added ContentType Language Variable to host id:SYSTEM_HOST
[31/05/23 17:10:11:750 UTC]  INFO business.ContentTypeAPIImpl: UserId : system : ContentType : ContentType saved : Language Variable
[31/05/23 17:10:11:750 UTC]  INFO util.AdminLogger: UserId : system : class com.dotcms.contenttype.business.ContentTypeAPIImpl : ContentType : ContentType saved : Language Variable
[31/05/23 17:10:11:792 UTC]  INFO business.ContentTypeAPIImpl: Content type not found with given id: 4d21b6d8-1711-4ae6-9419-89e2b1ae5a06. Continuing...
[31/05/23 17:10:11:822 UTC]  INFO util.ActivityLogger: class com.dotmarketing.util.ActivityLogger: system : Save Field Action , User system/system user added field Form ID to Forms Structure.
[31/05/23 17:10:11:846 UTC]  INFO util.ActivityLogger: class com.dotmarketing.util.ActivityLogger: system : Save Field Action , User system/system user added field Widget Title to Forms Structure.
[31/05/23 17:10:11:879 UTC]  INFO util.ActivityLogger: class com.dotmarketing.util.ActivityLogger: system : Save Field Action , User system/system user added field Widget Usage to Forms Structure.
[31/05/23 17:10:11:914 UTC]  INFO util.ActivityLogger: class com.dotmarketing.util.ActivityLogger: system : Save Field Action , User system/system user added field Widget Code to Forms Structure.
[31/05/23 17:10:11:952 UTC]  INFO util.ActivityLogger: class com.dotmarketing.util.ActivityLogger: system : Save Field Action , User system/system user added field Widget Pre-Execute to Forms Structure.
[31/05/23 17:10:11:965 UTC]  INFO util.ActivityLogger: class com.dotcms.contenttype.business.ContentTypeAPIImpl: system : Save ContentType Action , User system/system user system user added ContentType Forms to host id:SYSTEM_HOST
[31/05/23 17:10:11:965 UTC]  INFO business.ContentTypeAPIImpl: UserId : system : ContentType : ContentType saved : Forms
[31/05/23 17:10:11:966 UTC]  INFO util.AdminLogger: UserId : system : class com.dotcms.contenttype.business.ContentTypeAPIImpl : ContentType : ContentType saved : Forms
[31/05/23 17:10:11:981 UTC]  INFO business.ContentTypeAPIImpl: Content type not found with given id: f2d8a1c7-2b77-2081-bcf1-b5348988c08d. Continuing...
[31/05/23 17:10:12:009 UTC]  INFO util.ActivityLogger: class com.dotmarketing.util.ActivityLogger: system : Save Field Action , User system/system user added field Site or Folder to dotAsset Structure.
[31/05/23 17:10:12:040 UTC]  INFO util.ActivityLogger: class com.dotmarketing.util.ActivityLogger: system : Save Field Action , User system/system user added field Asset to dotAsset Structure.
[31/05/23 17:10:12:065 UTC]  INFO util.ActivityLogger: class com.dotmarketing.util.ActivityLogger: system : Save Field Action , User system/system user added field Tags to dotAsset Structure.
[31/05/23 17:10:12:076 UTC]  INFO util.ActivityLogger: class com.dotcms.contenttype.business.ContentTypeAPIImpl: system : Save ContentType Action , User system/system user system user added ContentType dotAsset to host id:SYSTEM_HOST
[31/05/23 17:10:12:077 UTC]  INFO business.ContentTypeAPIImpl: UserId : system : ContentType : ContentType saved : dotAsset
[31/05/23 17:10:12:078 UTC]  INFO util.AdminLogger: UserId : system : class com.dotcms.contenttype.business.ContentTypeAPIImpl : ContentType : ContentType saved : dotAsset
[31/05/23 17:10:12:145 UTC]  INFO business.ContentTypeAPIImpl: Content type not found with given id: 33888b6f-7a8e-4069-b1b6-5c1aa9d0a48d. Continuing...
[31/05/23 17:10:12:160 UTC]  INFO util.ActivityLogger: class com.dotmarketing.util.ActivityLogger: system : Save Field Action , User system/system user added field Host Or Folder to File Asset Structure.
[31/05/23 17:10:12:176 UTC]  INFO util.ActivityLogger: class com.dotmarketing.util.ActivityLogger: system : Save Field Action , User system/system user added field File Name to File Asset Structure.
[31/05/23 17:10:12:194 UTC]  INFO util.ActivityLogger: class com.dotmarketing.util.ActivityLogger: system : Save Field Action , User system/system user added field File Asset to File Asset Structure.
[31/05/23 17:10:12:220 UTC]  INFO util.ActivityLogger: class com.dotmarketing.util.ActivityLogger: system : Save Field Action , User system/system user added field Title to File Asset Structure.
[31/05/23 17:10:12:249 UTC]  INFO util.ActivityLogger: class com.dotmarketing.util.ActivityLogger: system : Save Field Action , User system/system user added field Metadata to File Asset Structure.
[31/05/23 17:10:12:268 UTC]  INFO util.ActivityLogger: class com.dotmarketing.util.ActivityLogger: system : Save Field Action , User system/system user added field Metadata to File Asset Structure.
[31/05/23 17:10:12:299 UTC]  INFO util.ActivityLogger: class com.dotmarketing.util.ActivityLogger: system : Save Field Action , User system/system user added field Show On Menu to File Asset Structure.
[31/05/23 17:10:12:331 UTC]  INFO util.ActivityLogger: class com.dotmarketing.util.ActivityLogger: system : Save Field Action , User system/system user added field Sort Order to File Asset Structure.
[31/05/23 17:10:12:374 UTC]  INFO util.ActivityLogger: class com.dotmarketing.util.ActivityLogger: system : Save Field Action , User system/system user added field Description to File Asset Structure.
[31/05/23 17:10:12:387 UTC]  INFO util.ActivityLogger: class com.dotcms.contenttype.business.ContentTypeAPIImpl: system : Save ContentType Action , User system/system user system user added ContentType File Asset to host id:SYSTEM_HOST
[31/05/23 17:10:12:388 UTC]  INFO business.ContentTypeAPIImpl: UserId : system : ContentType : ContentType saved : File Asset
[31/05/23 17:10:12:393 UTC]  INFO util.AdminLogger: UserId : system : class com.dotcms.contenttype.business.ContentTypeAPIImpl : ContentType : ContentType saved : File Asset
[31/05/23 17:10:12:422 UTC]  INFO business.ContentTypeAPIImpl: Content type not found with given id: 8e850645-bb92-4fda-a765-e67063a59be0. Continuing...
[31/05/23 17:10:12:440 UTC]  INFO util.ActivityLogger: class com.dotmarketing.util.ActivityLogger: system : Save Field Action , User system/system user added field Title to Vanity URL Structure.
[31/05/23 17:10:12:462 UTC]  INFO util.ActivityLogger: class com.dotmarketing.util.ActivityLogger: system : Save Field Action , User system/system user added field Site to Vanity URL Structure.
[31/05/23 17:10:12:481 UTC]  INFO util.ActivityLogger: class com.dotmarketing.util.ActivityLogger: system : Save Field Action , User system/system user added field Uri to Vanity URL Structure.
[31/05/23 17:10:12:498 UTC]  INFO util.ActivityLogger: class com.dotmarketing.util.ActivityLogger: system : Save Field Action , User system/system user added field Action to Vanity URL Structure.
[31/05/23 17:10:12:514 UTC]  INFO util.ActivityLogger: class com.dotmarketing.util.ActivityLogger: system : Save Field Action , User system/system user added field Forward To to Vanity URL Structure.
[31/05/23 17:10:12:534 UTC]  INFO util.ActivityLogger: class com.dotmarketing.util.ActivityLogger: system : Save Field Action , User system/system user added field Order to Vanity URL Structure.
[31/05/23 17:10:12:541 UTC]  INFO util.ActivityLogger: class com.dotcms.contenttype.business.ContentTypeAPIImpl: system : Save ContentType Action , User system/system user system user added ContentType Vanity URL to host id:SYSTEM_HOST
[31/05/23 17:10:12:541 UTC]  INFO business.ContentTypeAPIImpl: UserId : system : ContentType : ContentType saved : Vanity URL
[31/05/23 17:10:12:541 UTC]  INFO util.AdminLogger: UserId : system : class com.dotcms.contenttype.business.ContentTypeAPIImpl : ContentType : ContentType saved : Vanity URL
[31/05/23 17:10:12:556 UTC]  INFO business.ContentTypeAPIImpl: Content type not found with given id: c541abb1-69b3-4bc5-8430-5e09e5239cc8. Continuing...
[31/05/23 17:10:12:566 UTC]  INFO util.ActivityLogger: class com.dotmarketing.util.ActivityLogger: system : Save Field Action , User system/system user added field Title to Page Structure.
[31/05/23 17:10:12:578 UTC]  INFO util.ActivityLogger: class com.dotmarketing.util.ActivityLogger: system : Save Field Action , User system/system user added field Url to Page Structure.
[31/05/23 17:10:12:591 UTC]  INFO util.ActivityLogger: class com.dotmarketing.util.ActivityLogger: system : Save Field Action , User system/system user added field Host or Folder to Page Structure.
[31/05/23 17:10:12:603 UTC]  INFO util.ActivityLogger: class com.dotmarketing.util.ActivityLogger: system : Save Field Action , User system/system user added field Template to Page Structure.
[31/05/23 17:10:12:617 UTC]  INFO util.ActivityLogger: class com.dotmarketing.util.ActivityLogger: system : Save Field Action , User system/system user added field Friendly Name to Page Structure.
[31/05/23 17:10:12:632 UTC]  INFO util.ActivityLogger: class com.dotmarketing.util.ActivityLogger: system : Save Field Action , User system/system user added field Show on Menu to Page Structure.
[31/05/23 17:10:12:649 UTC]  INFO util.ActivityLogger: class com.dotmarketing.util.ActivityLogger: system : Save Field Action , User system/system user added field Sort Order to Page Structure.
[31/05/23 17:10:12:667 UTC]  INFO util.ActivityLogger: class com.dotmarketing.util.ActivityLogger: system : Save Field Action , User system/system user added field Cache TTL to Page Structure.
[31/05/23 17:10:12:689 UTC]  INFO util.ActivityLogger: class com.dotmarketing.util.ActivityLogger: system : Save Field Action , User system/system user added field Advanced Properties to Page Structure.
[31/05/23 17:10:12:715 UTC]  INFO util.ActivityLogger: class com.dotmarketing.util.ActivityLogger: system : Save Field Action , User system/system user added field Redirect Url to Page Structure.
[31/05/23 17:10:12:737 UTC]  INFO util.ActivityLogger: class com.dotmarketing.util.ActivityLogger: system : Save Field Action , User system/system user added field HTTPS Required to Page Structure.
[31/05/23 17:10:12:763 UTC]  INFO util.ActivityLogger: class com.dotmarketing.util.ActivityLogger: system : Save Field Action , User system/system user added field SEO Description to Page Structure.
[31/05/23 17:10:12:787 UTC]  INFO util.ActivityLogger: class com.dotmarketing.util.ActivityLogger: system : Save Field Action , User system/system user added field SEO Keywords to Page Structure.
[31/05/23 17:10:12:813 UTC]  INFO util.ActivityLogger: class com.dotmarketing.util.ActivityLogger: system : Save Field Action , User system/system user added field Page Metadata to Page Structure.
[31/05/23 17:10:12:841 UTC]  INFO util.ActivityLogger: class com.dotmarketing.util.ActivityLogger: system : Save Field Action , User system/system user added field Canonical URL to Page Structure.
[31/05/23 17:10:12:854 UTC]  INFO util.ActivityLogger: class com.dotcms.contenttype.business.ContentTypeAPIImpl: system : Save ContentType Action , User system/system user system user added ContentType Page to host id:SYSTEM_HOST
[31/05/23 17:10:12:855 UTC]  INFO business.ContentTypeAPIImpl: UserId : system : ContentType : ContentType saved : Page
[31/05/23 17:10:12:855 UTC]  INFO util.AdminLogger: UserId : system : class com.dotcms.contenttype.business.ContentTypeAPIImpl : ContentType : ContentType saved : Page
[31/05/23 17:10:12:907 UTC]  INFO business.ContentTypeAPIImpl: Content type not found with given id: 855a2d72-f2f3-4169-8b04-ac5157c4380c. Continuing...
[31/05/23 17:10:12:916 UTC]  INFO util.ActivityLogger: class com.dotmarketing.util.ActivityLogger: system : Save Field Action , User system/system user added field fields-2 to Host Structure.
[31/05/23 17:10:12:924 UTC]  INFO util.ActivityLogger: class com.dotmarketing.util.ActivityLogger: system : Save Field Action , User system/system user added field fields-3 to Host Structure.
[31/05/23 17:10:12:934 UTC]  INFO util.ActivityLogger: class com.dotmarketing.util.ActivityLogger: system : Save Field Action , User system/system user added field Site Key to Host Structure.
[31/05/23 17:10:12:945 UTC]  INFO util.ActivityLogger: class com.dotmarketing.util.ActivityLogger: system : Save Field Action , User system/system user added field Aliases to Host Structure.
[31/05/23 17:10:12:957 UTC]  INFO util.ActivityLogger: class com.dotmarketing.util.ActivityLogger: system : Save Field Action , User system/system user added field Tag Storage to Host Structure.
[31/05/23 17:10:12:972 UTC]  INFO util.ActivityLogger: class com.dotmarketing.util.ActivityLogger: system : Save Field Action , User system/system user added field Is Default to Host Structure.
[31/05/23 17:10:12:988 UTC]  INFO util.ActivityLogger: class com.dotmarketing.util.ActivityLogger: system : Save Field Action , User system/system user added field Is System Host to Host Structure.
[31/05/23 17:10:13:008 UTC]  INFO util.ActivityLogger: class com.dotmarketing.util.ActivityLogger: system : Save Field Action , User system/system user added field Host Thumbnail to Host Structure.
[31/05/23 17:10:13:027 UTC]  INFO util.ActivityLogger: class com.dotmarketing.util.ActivityLogger: system : Save Field Action , User system/system user added field Run Dashboard to Host Structure.
[31/05/23 17:10:13:035 UTC]  INFO util.ActivityLogger: class com.dotcms.contenttype.business.ContentTypeAPIImpl: system : Save ContentType Action , User system/system user system user added ContentType Host to host id:SYSTEM_HOST
[31/05/23 17:10:13:035 UTC]  INFO business.ContentTypeAPIImpl: UserId : system : ContentType : ContentType saved : Host
[31/05/23 17:10:13:035 UTC]  INFO util.AdminLogger: UserId : system : class com.dotcms.contenttype.business.ContentTypeAPIImpl : ContentType : ContentType saved : Host
[31/05/23 17:10:13:039 UTC]  INFO business.ContentTypeAPIImpl: Content type not found with given id: 2c46b6586c38852ac08a824a303ced80. Continuing...
[31/05/23 17:10:13:059 UTC]  INFO util.ActivityLogger: class com.dotmarketing.util.ActivityLogger: system : Save Field Action , User system/system user added field Site or Folder to Image Structure.
[31/05/23 17:10:13:074 UTC]  INFO util.ActivityLogger: class com.dotmarketing.util.ActivityLogger: system : Save Field Action , User system/system user added field Asset to Image Structure.
[31/05/23 17:10:13:090 UTC]  INFO util.ActivityLogger: class com.dotmarketing.util.ActivityLogger: system : Save Field Action , User system/system user added field Tags to Image Structure.
[31/05/23 17:10:13:095 UTC]  INFO util.ActivityLogger: class com.dotcms.contenttype.business.ContentTypeAPIImpl: system : Save ContentType Action , User system/system user system user added ContentType Image to host id:8a7d5e23-da1e-420a-b4f0-471e7da8ea2d
[31/05/23 17:10:13:095 UTC]  INFO business.ContentTypeAPIImpl: UserId : system : ContentType : ContentType saved : Image
[31/05/23 17:10:13:095 UTC]  INFO util.AdminLogger: UserId : system : class com.dotcms.contenttype.business.ContentTypeAPIImpl : ContentType : ContentType saved : Image
[31/05/23 17:10:13:101 UTC]  INFO business.ContentTypeAPIImpl: Content type not found with given id: c77450b834901a20c8193ef9d561ee5b. Continuing...
[31/05/23 17:10:13:116 UTC]  INFO util.ActivityLogger: class com.dotmarketing.util.ActivityLogger: system : Save Field Action , User system/system user added field Site or Folder to Video Structure.
[31/05/23 17:10:13:130 UTC]  INFO util.ActivityLogger: class com.dotmarketing.util.ActivityLogger: system : Save Field Action , User system/system user added field Asset to Video Structure.
[31/05/23 17:10:13:146 UTC]  INFO util.ActivityLogger: class com.dotmarketing.util.ActivityLogger: system : Save Field Action , User system/system user added field Tags to Video Structure.
[31/05/23 17:10:13:151 UTC]  INFO util.ActivityLogger: class com.dotcms.contenttype.business.ContentTypeAPIImpl: system : Save ContentType Action , User system/system user system user added ContentType Video to host id:8a7d5e23-da1e-420a-b4f0-471e7da8ea2d
[31/05/23 17:10:13:151 UTC]  INFO business.ContentTypeAPIImpl: UserId : system : ContentType : ContentType saved : Video
[31/05/23 17:10:13:151 UTC]  INFO util.AdminLogger: UserId : system : class com.dotcms.contenttype.business.ContentTypeAPIImpl : ContentType : ContentType saved : Video
[31/05/23 17:10:13:168 UTC]  INFO business.ContentTypeAPIImpl: Content type not found with given id: 2a3e91e4-fbbf-4876-8c5b-2233c1739b05. Continuing...
[31/05/23 17:10:13:175 UTC]  INFO util.ActivityLogger: class com.dotmarketing.util.ActivityLogger: system : Save Field Action , User system/system user added field Row Field to Content (Generic) Structure.
[31/05/23 17:10:13:183 UTC]  INFO util.ActivityLogger: class com.dotmarketing.util.ActivityLogger: system : Save Field Action , User system/system user added field Column Field to Content (Generic) Structure.
[31/05/23 17:10:13:192 UTC]  INFO util.ActivityLogger: class com.dotmarketing.util.ActivityLogger: system : Save Field Action , User system/system user added field Title to Content (Generic) Structure.
[31/05/23 17:10:13:203 UTC]  INFO util.ActivityLogger: class com.dotmarketing.util.ActivityLogger: system : Save Field Action , User system/system user added field Site to Content (Generic) Structure.
[31/05/23 17:10:13:215 UTC]  INFO util.ActivityLogger: class com.dotmarketing.util.ActivityLogger: system : Save Field Action , User system/system user added field Body to Content (Generic) Structure.
[31/05/23 17:10:13:222 UTC]  INFO util.ActivityLogger: class com.dotcms.contenttype.business.ContentTypeAPIImpl: system : Save ContentType Action , User system/system user system user added ContentType Content (Generic) to host id:SYSTEM_HOST
[31/05/23 17:10:13:222 UTC]  INFO business.ContentTypeAPIImpl: UserId : system : ContentType : ContentType saved : Content (Generic)
[31/05/23 17:10:13:222 UTC]  INFO util.AdminLogger: UserId : system : class com.dotcms.contenttype.business.ContentTypeAPIImpl : ContentType : ContentType saved : Content (Generic)
[31/05/23 17:10:13:225 UTC]  INFO business.ContentTypeAPIImpl: Content type not found with given id: ce930143870e11569f93f8a9fff5da19. Continuing...
[31/05/23 17:10:13:233 UTC]  INFO util.ActivityLogger: class com.dotmarketing.util.ActivityLogger: system : Save Field Action , User system/system user added field Screenshot to Dot Favorite Page Structure.
[31/05/23 17:10:13:241 UTC]  INFO util.ActivityLogger: class com.dotmarketing.util.ActivityLogger: system : Save Field Action , User system/system user added field title to Dot Favorite Page Structure.
[31/05/23 17:10:13:251 UTC]  INFO util.ActivityLogger: class com.dotmarketing.util.ActivityLogger: system : Save Field Action , User system/system user added field url to Dot Favorite Page Structure.
[31/05/23 17:10:13:261 UTC]  INFO util.ActivityLogger: class com.dotmarketing.util.ActivityLogger: system : Save Field Action , User system/system user added field order to Dot Favorite Page Structure.
[31/05/23 17:10:13:265 UTC]  INFO util.ActivityLogger: class com.dotcms.contenttype.business.ContentTypeAPIImpl: system : Save ContentType Action , User system/system user system user added ContentType Dot Favorite Page to host id:SYSTEM_HOST
[31/05/23 17:10:13:265 UTC]  INFO business.ContentTypeAPIImpl: UserId : system : ContentType : ContentType saved : Dot Favorite Page
[31/05/23 17:10:13:266 UTC]  INFO util.AdminLogger: UserId : system : class com.dotcms.contenttype.business.ContentTypeAPIImpl : ContentType : ContentType saved : Dot Favorite Page
[31/05/23 17:10:13:268 UTC]  INFO starter.ImportStarterUtil: **** Importing the file: /data/local/dotsecure/backup/temp/com.dotmarketing.portlets.contentlet.model.Contentlet_0000000000.json *****
[31/05/23 17:10:13:269 UTC]  INFO starter.ImportStarterUtil: Importing:	com.dotmarketing.portlets.contentlet.model.Contentlet
[31/05/23 17:10:13:425 UTC]  INFO starter.ImportStarterUtil: Found :	5 com.dotmarketing.portlets.contentlet.model.Contentlet(s)
[31/05/23 17:10:13:533 UTC]  INFO timedcache.TimedCacheProvider: ***	 Building Cache : esquerycache, size:10000, seconds:3600,Concurrency:32 (every 60000 millis)
[31/05/23 17:10:14:105 UTC]  INFO util.SecurityLogger: class com.dotmarketing.portlets.workflows.business.WorkflowAPIImpl : Workflow Scheme 'System Workflow' [d61a59e1-a49c-46f2-a929-db2b4bfa88b2] has been saved by User ID 'system' -- ip:ukn,user:null
[31/05/23 17:10:14:122 UTC]  INFO util.SecurityLogger: class com.dotmarketing.portlets.workflows.business.WorkflowAPIImpl : Workflow Step 'New' [6cb7e3bd-1710-4eed-8838-d3db60f78f19] has been saved by User ID 'system' -- ip:ukn,user:null
[31/05/23 17:10:14:125 UTC]  INFO util.SecurityLogger: class com.dotmarketing.portlets.workflows.business.WorkflowAPIImpl : Workflow Step 'Draft' [ee24a4cb-2d15-4c98-b1bd-6327126451f3] has been saved by User ID 'system' -- ip:ukn,user:null
[31/05/23 17:10:14:129 UTC]  INFO util.SecurityLogger: class com.dotmarketing.portlets.workflows.business.WorkflowAPIImpl : Workflow Step 'Published' [dc3c9cd0-8467-404b-bf95-cb7df3fbc293] has been saved by User ID 'system' -- ip:ukn,user:null
[31/05/23 17:10:14:131 UTC]  INFO util.SecurityLogger: class com.dotmarketing.portlets.workflows.business.WorkflowAPIImpl : Workflow Step 'Archived' [d6b095b6-b65f-4bdb-bbfd-701d663dfee2] has been saved by User ID 'system' -- ip:ukn,user:null
[31/05/23 17:10:14:144 UTC]  INFO util.SecurityLogger: class com.dotmarketing.portlets.workflows.business.WorkflowAPIImpl : Action id: '4da13a42-5d59-480c-ad8f-94a3adf809fe' has been reordered by user: system -- ip:ukn,user:null
[31/05/23 17:10:14:158 UTC]  INFO util.SecurityLogger: class com.dotmarketing.portlets.workflows.business.WorkflowAPIImpl : Action id: '963f6a04-5320-42e7-ab74-6d876d199946' has been reordered by user: system -- ip:ukn,user:null
[31/05/23 17:10:14:163 UTC]  INFO util.SecurityLogger: class com.dotmarketing.portlets.workflows.business.WorkflowAPIImpl : Action id: '777f1c6b-c877-4a37-ba4b-10627316c2cc' has been reordered by user: system -- ip:ukn,user:null
[31/05/23 17:10:14:167 UTC]  INFO util.SecurityLogger: class com.dotmarketing.portlets.workflows.business.WorkflowAPIImpl : Action id: '1e0f1c6b-b67f-4c99-983d-db2b4bfa88b2' has been reordered by user: system -- ip:ukn,user:null
[31/05/23 17:10:14:173 UTC]  INFO util.SecurityLogger: class com.dotmarketing.portlets.workflows.business.WorkflowAPIImpl : Action id: 'dd4c4b7c-e9d3-4dc0-8fbf-36102f9c6324' has been reordered by user: system -- ip:ukn,user:null
[31/05/23 17:10:14:177 UTC]  INFO util.SecurityLogger: class com.dotmarketing.portlets.workflows.business.WorkflowAPIImpl : Action id: 'b9d89c80-3d88-4311-8365-187323c96436' has been reordered by user: system -- ip:ukn,user:null
[31/05/23 17:10:14:180 UTC]  INFO util.SecurityLogger: class com.dotmarketing.portlets.workflows.business.WorkflowAPIImpl : Action id: 'ceca71a0-deee-4999-bd47-b01baa1bcfc8' has been reordered by user: system -- ip:ukn,user:null
[31/05/23 17:10:14:183 UTC]  INFO util.SecurityLogger: class com.dotmarketing.portlets.workflows.business.WorkflowAPIImpl : Action id: 'c92f9aa1-9503-4567-ac30-d3242b54d02d' has been reordered by user: system -- ip:ukn,user:null
[31/05/23 17:10:14:192 UTC]  INFO util.SecurityLogger: class com.dotmarketing.portlets.workflows.business.WorkflowAPIImpl : Action id: '38efc763-d78f-4e4b-b092-59cd8c579b93' has been reordered by user: system -- ip:ukn,user:null
[31/05/23 17:10:14:224 UTC]  INFO util.SecurityLogger: class com.dotmarketing.portlets.workflows.business.WorkflowAPIImpl : The action id: 'ceca71a0-deee-4999-bd47-b01baa1bcfc8' has been saved by the user: system -- ip:ukn,user:null
[31/05/23 17:10:14:237 UTC]  INFO util.SecurityLogger: class com.dotmarketing.portlets.workflows.business.WorkflowAPIImpl : The action id: 'b9d89c80-3d88-4311-8365-187323c96436' has been saved by the user: system -- ip:ukn,user:null
[31/05/23 17:10:14:243 UTC]  INFO util.SecurityLogger: class com.dotmarketing.portlets.workflows.business.WorkflowAPIImpl : The action id: '777f1c6b-c877-4a37-ba4b-10627316c2cc' has been saved by the user: system -- ip:ukn,user:null
[31/05/23 17:10:14:248 UTC]  INFO util.SecurityLogger: class com.dotmarketing.portlets.workflows.business.WorkflowAPIImpl : The action id: 'ceca71a0-deee-4999-bd47-b01baa1bcfc8' has been saved by the user: system -- ip:ukn,user:null
[31/05/23 17:10:14:253 UTC]  INFO util.SecurityLogger: class com.dotmarketing.portlets.workflows.business.WorkflowAPIImpl : The action id: 'dd4c4b7c-e9d3-4dc0-8fbf-36102f9c6324' has been saved by the user: system -- ip:ukn,user:null
[31/05/23 17:10:14:258 UTC]  INFO util.SecurityLogger: class com.dotmarketing.portlets.workflows.business.WorkflowAPIImpl : The action id: '38efc763-d78f-4e4b-b092-59cd8c579b93' has been saved by the user: system -- ip:ukn,user:null
[31/05/23 17:10:14:266 UTC]  INFO util.SecurityLogger: class com.dotmarketing.portlets.workflows.business.WorkflowAPIImpl : The action id: '963f6a04-5320-42e7-ab74-6d876d199946' has been saved by the user: system -- ip:ukn,user:null
[31/05/23 17:10:14:271 UTC]  INFO util.SecurityLogger: class com.dotmarketing.portlets.workflows.business.WorkflowAPIImpl : The action id: 'b9d89c80-3d88-4311-8365-187323c96436' has been saved by the user: system -- ip:ukn,user:null
[31/05/23 17:10:14:281 UTC]  INFO util.SecurityLogger: class com.dotmarketing.portlets.workflows.business.WorkflowAPIImpl : The action id: '4da13a42-5d59-480c-ad8f-94a3adf809fe' has been saved by the user: system -- ip:ukn,user:null
[31/05/23 17:10:14:287 UTC]  INFO util.SecurityLogger: class com.dotmarketing.portlets.workflows.business.WorkflowAPIImpl : The action id: '963f6a04-5320-42e7-ab74-6d876d199946' has been saved by the user: system -- ip:ukn,user:null
[31/05/23 17:10:14:292 UTC]  INFO util.SecurityLogger: class com.dotmarketing.portlets.workflows.business.WorkflowAPIImpl : The action id: '38efc763-d78f-4e4b-b092-59cd8c579b93' has been saved by the user: system -- ip:ukn,user:null
[31/05/23 17:10:14:295 UTC]  INFO util.SecurityLogger: class com.dotmarketing.portlets.workflows.business.WorkflowAPIImpl : The action id: 'ceca71a0-deee-4999-bd47-b01baa1bcfc8' has been saved by the user: system -- ip:ukn,user:null
[31/05/23 17:10:14:299 UTC]  INFO util.SecurityLogger: class com.dotmarketing.portlets.workflows.business.WorkflowAPIImpl : The action id: '4da13a42-5d59-480c-ad8f-94a3adf809fe' has been saved by the user: system -- ip:ukn,user:null
[31/05/23 17:10:14:306 UTC]  INFO util.SecurityLogger: class com.dotmarketing.portlets.workflows.business.WorkflowAPIImpl : The action id: 'b9d89c80-3d88-4311-8365-187323c96436' has been saved by the user: system -- ip:ukn,user:null
[31/05/23 17:10:14:309 UTC]  INFO util.SecurityLogger: class com.dotmarketing.portlets.workflows.business.WorkflowAPIImpl : The action id: 'dd4c4b7c-e9d3-4dc0-8fbf-36102f9c6324' has been saved by the user: system -- ip:ukn,user:null
[31/05/23 17:10:14:326 UTC]  INFO util.SecurityLogger: class com.dotmarketing.portlets.workflows.business.WorkflowAPIImpl : The action id: 'c92f9aa1-9503-4567-ac30-d3242b54d02d' has been saved by the user: system -- ip:ukn,user:null
[31/05/23 17:10:14:334 UTC]  INFO util.SecurityLogger: class com.dotmarketing.portlets.workflows.business.WorkflowAPIImpl : The action id: '777f1c6b-c877-4a37-ba4b-10627316c2cc' has been saved by the user: system -- ip:ukn,user:null
[31/05/23 17:10:14:339 UTC]  INFO util.SecurityLogger: class com.dotmarketing.portlets.workflows.business.WorkflowAPIImpl : The action id: '1e0f1c6b-b67f-4c99-983d-db2b4bfa88b2' has been saved by the user: system -- ip:ukn,user:null
[31/05/23 17:10:14:392 UTC]  INFO util.SecurityLogger: class com.dotmarketing.portlets.workflows.business.WorkflowAPIImpl : Saving class parameters by the user: system -- ip:ukn,user:null
[31/05/23 17:10:14:400 UTC]  INFO starter.ImportStarterUtil: **** Importing the file: /data/local/dotsecure/backup/temp/com.dotmarketing.beans.Permission_0000000000.json *****
[31/05/23 17:10:14:400 UTC]  INFO starter.ImportStarterUtil: Importing:	com.dotmarketing.beans.Permission
[31/05/23 17:10:14:405 UTC]  INFO starter.ImportStarterUtil: Found :	20 com.dotmarketing.beans.Permission(s)
[31/05/23 17:10:14:428 UTC]  INFO starter.ImportStarterUtil: **** Importing the file: /data/local/dotsecure/backup/temp/com.dotmarketing.portlets.contentlet.model.ContentletVersionInfo_0000000000.json *****
[31/05/23 17:10:14:428 UTC]  INFO starter.ImportStarterUtil: Importing:	com.dotmarketing.portlets.contentlet.model.ContentletVersionInfo
[31/05/23 17:10:14:430 UTC]  INFO starter.ImportStarterUtil: Found :	3 com.dotmarketing.portlets.contentlet.model.ContentletVersionInfo(s)
[31/05/23 17:10:14:479 UTC]  INFO starter.ImportStarterUtil: **** Importing the file: /data/local/dotsecure/backup/temp/com.dotmarketing.portlets.workflows.model.WorkflowTask_0000000000.json *****
[31/05/23 17:10:14:479 UTC]  INFO starter.ImportStarterUtil: Importing:	com.dotmarketing.portlets.workflows.model.WorkflowTask
[31/05/23 17:10:14:482 UTC]  INFO starter.ImportStarterUtil: Found :	1 com.dotmarketing.portlets.workflows.model.WorkflowTask(s)
[31/05/23 17:10:14:487 UTC]  INFO starter.ImportStarterUtil: **** Importing the file: /data/local/dotsecure/backup/temp/Image.json *****
[31/05/23 17:10:14:487 UTC]  INFO starter.ImportStarterUtil: Importing:	Image
[31/05/23 17:10:19:700 UTC]  INFO starter.ImportStarterUtil: Found :	1 Image(s)
[31/05/23 17:10:19:702 UTC]  INFO starter.ImportStarterUtil: **** Importing the file: /data/local/dotsecure/backup/temp/Portlet.json *****
[31/05/23 17:10:19:702 UTC]  INFO starter.ImportStarterUtil: Importing:	Portlet
[31/05/23 17:10:19:703 UTC]  INFO starter.ImportStarterUtil: Found :	3 Portlet(s)
[31/05/23 17:10:19:709 UTC]  INFO starter.ImportStarterUtil: Done Importing
[31/05/23 17:10:19:712 UTC]  INFO runonce.Task210321RemoveOldMetadataFiles:  executing metadata clean up under path /data/shared/assets
[31/05/23 17:10:19:718 UTC]  INFO db.DotCMSInitDb:  `1` old metadata entries removed and `0` old content files from the starter.
[31/05/23 17:10:19:721 UTC]  INFO timedcache.TimedCacheProvider: ===== Initializing [Timed Cache Provider].
[31/05/23 17:10:19:721 UTC]  INFO timedcache.TimedCacheProvider: ***	 Cache Config Memory : esquerycache: 10000
[31/05/23 17:10:19:721 UTC]  INFO timedcache.TimedCacheProvider: ***	 Cache Config Memory : esquerycountcache: 10000
[31/05/23 17:10:19:721 UTC]  INFO timedcache.TimedCacheProvider: ***	 Cache Config Memory : graphqlquerycache: 5000
[31/05/23 17:10:19:722 UTC]  INFO timedcache.TimedCacheProvider: ***	 Cache Config Memory : default: 1000
[31/05/23 17:10:19:722 UTC]  INFO timedcache.TimedCacheProvider: ***	 Cache Config Memory : adminconfigpool: 100
[31/05/23 17:10:19:722 UTC]  INFO timedcache.TimedCacheProvider: ***	 Cache Config Memory : companypool: 10
[31/05/23 17:10:19:722 UTC]  INFO timedcache.TimedCacheProvider: ***	 Cache Config Memory : contentletcache: 5000
[31/05/23 17:10:19:722 UTC]  INFO timedcache.TimedCacheProvider: ***	 Cache Config Memory : categoryparentscache: 30000
[31/05/23 17:10:19:722 UTC]  INFO timedcache.TimedCacheProvider: ***	 Cache Config Memory : taginodecache: 50000
[31/05/23 17:10:19:722 UTC]  INFO timedcache.TimedCacheProvider: ***	 Cache Config Memory : taginodesbyinodecache: 50000
[31/05/23 17:10:19:722 UTC]  INFO timedcache.TimedCacheProvider: ***	 Cache Config Memory : tagcache: 50000
[31/05/23 17:10:19:722 UTC]  INFO timedcache.TimedCacheProvider: ***	 Cache Config Memory : csscache: 2500
[31/05/23 17:10:19:723 UTC]  INFO timedcache.TimedCacheProvider: ***	 Cache Config Memory : assetmetadatacache: 10000
[31/05/23 17:10:19:723 UTC]  INFO timedcache.TimedCacheProvider: ***	 Cache Config Memory : identifiercache: 50000
[31/05/23 17:10:19:723 UTC]  INFO timedcache.TimedCacheProvider: ***	 Cache Config Memory : identifier404cache: 30000
[31/05/23 17:10:19:723 UTC]  INFO timedcache.TimedCacheProvider: ***	 Cache Config Memory : indiciescache: 8
[31/05/23 17:10:19:723 UTC]  INFO timedcache.TimedCacheProvider: ***	 Cache Config Memory : logmappercache: 10
[31/05/23 17:10:19:723 UTC]  INFO timedcache.TimedCacheProvider: ***	 Cache Config Memory : navcache: 1000
[31/05/23 17:10:19:723 UTC]  INFO timedcache.TimedCacheProvider: ***	 Cache Config Memory : parentpermissionablecache: 10000
[31/05/23 17:10:19:723 UTC]  INFO timedcache.TimedCacheProvider: ***	 Cache Config Memory : permissioncache: 50000
[31/05/23 17:10:19:723 UTC]  INFO timedcache.TimedCacheProvider: ***	 Cache Config Memory : portletpool: 100
[31/05/23 17:10:19:723 UTC]  INFO timedcache.TimedCacheProvider: ***	 Cache Config Memory : publishingendpointcache: 100
[31/05/23 17:10:19:723 UTC]  INFO timedcache.TimedCacheProvider: ***	 Cache Config Memory : pushedassetscache: 5000
[31/05/23 17:10:19:723 UTC]  INFO timedcache.TimedCacheProvider: ***	 Cache Config Memory : templatecache: 500
[31/05/23 17:10:19:723 UTC]  INFO timedcache.TimedCacheProvider: ***	 Cache Config Memory : translatedquerycache: 5000
[31/05/23 17:10:19:723 UTC]  INFO timedcache.TimedCacheProvider: ***	 Cache Config Memory : versioncache: 50000
[31/05/23 17:10:19:723 UTC]  INFO timedcache.TimedCacheProvider: ***	 Cache Config Memory : versioninfocache: 50000
[31/05/23 17:10:19:723 UTC]  INFO timedcache.TimedCacheProvider: ***	 Cache Config Memory : workflowactioncache: 10000
[31/05/23 17:10:19:723 UTC]  INFO timedcache.TimedCacheProvider: ***	 Cache Config Memory : workflowtaskcache: 10000
[31/05/23 17:10:19:724 UTC]  INFO timedcache.TimedCacheProvider: ***	 Cache Config Memory : shortyidcache: 25000
[31/05/23 17:10:19:724 UTC]  INFO timedcache.TimedCacheProvider: ***	 Cache Config Memory : velocitycache: 5000
[31/05/23 17:10:19:724 UTC]  INFO timedcache.TimedCacheProvider: ***	 Cache Config Memory : vanityurldirectcache: 25000
[31/05/23 17:10:19:724 UTC]  INFO timedcache.TimedCacheProvider: ***	 Cache Config Memory : vanityurlsitecache: 5000
[31/05/23 17:10:19:724 UTC]  INFO h22.H22Cache: Start Full Cache Flush in h22
[31/05/23 17:10:19:724 UTC]  INFO h22.H22Cache: Building new H22 Cache, db:0
[31/05/23 17:10:19:725 UTC]  INFO h22.H22HikariPool: H22 on disk cache:jdbc:h2:/data/local/dotsecure/h22cache/0/2023-05-31_17-10-19/cache;MVCC=TRUE;DB_CLOSE_ON_EXIT=FALSE
[31/05/23 17:10:19:806 UTC]  INFO h22.H22Cache: Building new H22 Cache, db:1
[31/05/23 17:10:19:807 UTC]  INFO h22.H22HikariPool: H22 on disk cache:jdbc:h2:/data/local/dotsecure/h22cache/1/2023-05-31_17-10-19/cache;MVCC=TRUE;DB_CLOSE_ON_EXIT=FALSE
[31/05/23 17:10:19:868 UTC]  INFO h22.H22Cache: End Full Cache Flush in h22 : 143ms
[31/05/23 17:10:19:907 UTC]  INFO reindex.ReindexThread: --- Recreating ReindexThread from stopped
[31/05/23 17:10:19:909 UTC]  INFO framework.OSGISystem: Starting: OSGi System Framework
[31/05/23 17:10:19:910 UTC]  INFO framework.OSGISystem: Felix System base dir: /srv/dotserver/tomcat-9.0.60/webapps/ROOT/WEB-INF/felix-system
[31/05/23 17:10:19:917 UTC]  INFO framework.OSGIUtil: Loading Factory org.apache.felix.framework.FrameworkFactory
[31/05/23 17:10:20:388 UTC]  INFO init.SamlInitializer: SAML Init STARTED...
[31/05/23 17:10:21:181 UTC]  INFO init.SamlInitializer: Doing instance of Java Crypto validator
[31/05/23 17:10:21:182 UTC]  INFO init.SamlInitializer: Getting the Security Providers
[31/05/23 17:10:21:182 UTC]  INFO init.SamlInitializer: - SUN (DSA key/parameter generation; DSA signing; SHA-1, MD5 digests; SecureRandom; X.509 certificates; PKCS12, JKS & DKS keystores; PKIX CertPathValidator; PKIX CertPathBuilder; LDAP, Collection CertStores, JavaPolicy Policy; JavaLoginConfig Configuration)
[31/05/23 17:10:21:183 UTC]  INFO init.SamlInitializer: - Sun RSA signature provider
[31/05/23 17:10:21:184 UTC]  INFO init.SamlInitializer: - Sun Elliptic Curve provider (EC, ECDSA, ECDH)
[31/05/23 17:10:21:184 UTC]  INFO init.SamlInitializer: - Sun JSSE provider(PKCS12, SunX509/PKIX key/trust factories, SSLv3/TLSv1/TLSv1.1/TLSv1.2/TLSv1.3/DTLSv1.0/DTLSv1.2)
[31/05/23 17:10:21:185 UTC]  INFO init.SamlInitializer: - SunJCE Provider (implements RSA, DES, Triple DES, AES, Blowfish, ARCFOUR, RC2, PBE, Diffie-Hellman, HMAC, ChaCha20)
[31/05/23 17:10:21:185 UTC]  INFO init.SamlInitializer: - Sun (Kerberos v5, SPNEGO)
[31/05/23 17:10:21:186 UTC]  INFO init.SamlInitializer: - Sun SASL provider(implements client mechanisms for: DIGEST-MD5, EXTERNAL, PLAIN, CRAM-MD5, NTLM; server mechanisms for: DIGEST-MD5, CRAM-MD5, NTLM)
[31/05/23 17:10:21:186 UTC]  INFO init.SamlInitializer: - JdkLDAP Provider (implements LDAP CertStore)
[31/05/23 17:10:21:187 UTC]  INFO init.SamlInitializer: Doing Init of SignatureValidationProvider
[31/05/23 17:10:21:189 UTC]  INFO init.SamlInitializer: SAML Init DONE
[31/05/23 17:10:21:190 UTC]  INFO init.SamlInitializer: Setting basic parser pool
[31/05/23 17:10:21:192 UTC]  INFO osgi.Activator: Adding the SAML Web Filter
[31/05/23 17:10:21:269 UTC]  INFO osgi.Activator: Adding the SAML Web Service: com.dotcms.auth.providers.saml.v1.DotSamlResource
[31/05/23 17:10:21:891 UTC]  INFO osgi.Activator: Subscribing to  AppSecretSavedEvent events
[31/05/23 17:10:22:268 UTC]  INFO framework.OSGISystem: Started : OSGi System Framework
[31/05/23 17:10:22:268 UTC]  INFO reindex.ReindexThread: --- ReindexThread Running (every 60000 millis)
[31/05/23 17:10:22:272 UTC]  INFO db.DotCMSInitDb: Building Initial Index
[31/05/23 17:10:22:279 UTC]  INFO reindex.ReindexThread: ---  ReindexThread is starting, background indexing will begin
[31/05/23 17:10:22:312 UTC]  INFO business.ESIndexAPI: createIndex : Trying to create index: cluster_d85bce1f98.working_20230531171022 with shards: 0
[31/05/23 17:10:22:313 UTC]  INFO util.AdminLogger: class com.dotcms.content.elasticsearch.business.ESIndexAPI : createIndex : Trying to create index: cluster_d85bce1f98.working_20230531171022 with shards: 0
[31/05/23 17:10:22:314 UTC]  WARN business.ESIndexAPI: Unable to parse shards from config
[31/05/23 17:10:22:315 UTC]  WARN business.ESIndexAPI: null
[31/05/23 17:10:22:316 UTC]  WARN business.ESIndexAPI: java.base/java.lang.Integer.parseInt(Integer.java:614)
[31/05/23 17:10:22:620 UTC]  INFO business.ESIndexAPI: createIndex : Index created: cluster_d85bce1f98.working_20230531171022 with shards: 1
[31/05/23 17:10:22:621 UTC]  INFO util.AdminLogger: class com.dotcms.content.elasticsearch.business.ESIndexAPI : createIndex : Index created: cluster_d85bce1f98.working_20230531171022 with shards: 1
[31/05/23 17:10:22:717 UTC]  INFO business.ESIndexAPI: createIndex : Trying to create index: cluster_d85bce1f98.live_20230531171022 with shards: 0
[31/05/23 17:10:22:717 UTC]  INFO util.AdminLogger: class com.dotcms.content.elasticsearch.business.ESIndexAPI : createIndex : Trying to create index: cluster_d85bce1f98.live_20230531171022 with shards: 0
[31/05/23 17:10:22:717 UTC]  WARN business.ESIndexAPI: Unable to parse shards from config
[31/05/23 17:10:22:717 UTC]  WARN business.ESIndexAPI: null
[31/05/23 17:10:22:717 UTC]  WARN business.ESIndexAPI: java.base/java.lang.Integer.parseInt(Integer.java:614)
[31/05/23 17:10:22:865 UTC]  INFO business.ESIndexAPI: createIndex : Index created: cluster_d85bce1f98.live_20230531171022 with shards: 1
[31/05/23 17:10:22:865 UTC]  INFO util.AdminLogger: class com.dotcms.content.elasticsearch.business.ESIndexAPI : createIndex : Index created: cluster_d85bce1f98.live_20230531171022 with shards: 1
[31/05/23 17:10:22:980 UTC]  INFO servlets.InitServlet: 
[31/05/23 17:10:22:980 UTC]  INFO servlets.InitServlet:  * Copyright (c) 2023 dotCMS Inc. 
[31/05/23 17:10:22:980 UTC]  INFO servlets.InitServlet:  * This software, code and any modifications to the code are licensed under the terms of the dotCMS Enterprise License 
[31/05/23 17:10:22:980 UTC]  INFO servlets.InitServlet:  * which can be found here : https://www.github.com/dotCMS/core/LICENSE 
[31/05/23 17:10:22:980 UTC]  INFO servlets.InitServlet: 
[31/05/23 17:10:27:175 UTC]  INFO reindex.ReindexThread: --- Unpausing reindex thread 
[31/05/23 17:10:27:211 UTC]  WARN util.FileUtil:  Fail to remove destination dir [/data/local/dotsecure/trash/h22/20230531171027210/2023-05-31_17-10-03]
[31/05/23 17:10:27:279 UTC]  WARN util.FileUtil:  Fail to remove destination dir [/data/local/dotsecure/trash/h22/20230531171027279/2023-05-31_17-10-04]
[31/05/23 17:10:28:445 UTC]  INFO reindex.BulkProcessorListener: -----------
[31/05/23 17:10:28:446 UTC]  INFO reindex.BulkProcessorListener: Reindexing Server #  : 1 of 1
[31/05/23 17:10:28:447 UTC]  INFO reindex.BulkProcessorListener: Total Indexed        : 0
[31/05/23 17:10:28:447 UTC]  INFO reindex.BulkProcessorListener: ReindexEntries found : 3
[31/05/23 17:10:28:447 UTC]  INFO reindex.BulkProcessorListener: BulkRequests created : 6
[31/05/23 17:10:28:447 UTC]  INFO reindex.BulkProcessorListener: -----------
[31/05/23 17:10:30:179 UTC]  INFO db.DotCMSInitDb: Records left to index : 0
[31/05/23 17:10:30:180 UTC]  INFO db.DotCMSInitDb: While in DevMode dotCMS will not set an initial password to the admin user.
[31/05/23 17:10:30:180 UTC]  INFO startup.StartupTasksExecutor: Not Running Startup Tasks: Task00005LoadFixassets
[31/05/23 17:10:30:220 UTC]  INFO startup.StartupTasksExecutor: Running Startup Tasks : Task00006CreateSystemLayout
[31/05/23 17:10:33:237 UTC]  INFO startup.StartupTasksExecutor: Not Running Startup Tasks: Task00007RemoveSitesearchQuartzJob
[31/05/23 17:10:33:238 UTC]  INFO startup.StartupTasksExecutor: Running Startup Tasks : Task00040CheckAnonymousUser
[31/05/23 17:10:33:420 UTC]  INFO apps.SecretsKeyStoreHelper: KeyStore loaded successfully after `1` tries.
[31/05/23 17:10:33:420 UTC]  INFO startup.StartupTasksExecutor: Not Running Startup Tasks: Task00050LoadAppsSecrets
[31/05/23 17:10:33:422 UTC]  INFO startup.StartupTasksExecutor: Finishing startup tasks.
[31/05/23 17:10:33:423 UTC]  INFO startup.StartupTasksExecutor: ---
[31/05/23 17:10:33:423 UTC]  INFO startup.StartupTasksExecutor: 
[31/05/23 17:10:33:423 UTC]  INFO startup.StartupTasksExecutor: Running Upgrade Tasks
[31/05/23 17:10:33:423 UTC]  INFO startup.StartupTasksExecutor: Database version: 0
[31/05/23 17:10:34:330 UTC]  INFO startup.StartupTasksExecutor: Database upgraded to version: 760
[31/05/23 17:10:34:332 UTC]  INFO startup.StartupTasksExecutor: Database upgraded to version: 765
[31/05/23 17:10:34:332 UTC]  INFO startup.StartupTasksExecutor: Database upgraded to version: 766
[31/05/23 17:10:34:334 UTC]  INFO startup.StartupTasksExecutor: Database upgraded to version: 767
[31/05/23 17:10:34:336 UTC]  INFO startup.StartupTasksExecutor: Database upgraded to version: 768
[31/05/23 17:10:34:337 UTC]  INFO startup.StartupTasksExecutor: Database upgraded to version: 769
[31/05/23 17:10:34:338 UTC]  INFO startup.StartupTasksExecutor: Database upgraded to version: 775
[31/05/23 17:10:34:340 UTC]  INFO startup.StartupTasksExecutor: Database upgraded to version: 780
[31/05/23 17:10:34:341 UTC]  INFO startup.StartupTasksExecutor: Database upgraded to version: 782
[31/05/23 17:10:34:342 UTC]  INFO startup.StartupTasksExecutor: Database upgraded to version: 785
[31/05/23 17:10:34:344 UTC]  INFO startup.StartupTasksExecutor: Database upgraded to version: 790
[31/05/23 17:10:34:345 UTC]  INFO startup.StartupTasksExecutor: Database upgraded to version: 795
[31/05/23 17:10:34:346 UTC]  INFO startup.StartupTasksExecutor: Database upgraded to version: 800
[31/05/23 17:10:34:347 UTC]  INFO startup.StartupTasksExecutor: Database upgraded to version: 805
[31/05/23 17:10:34:349 UTC]  INFO startup.StartupTasksExecutor: Database upgraded to version: 810
[31/05/23 17:10:34:350 UTC]  INFO startup.StartupTasksExecutor: Database upgraded to version: 815
[31/05/23 17:10:34:351 UTC]  INFO startup.StartupTasksExecutor: Database upgraded to version: 820
[31/05/23 17:10:34:352 UTC]  INFO startup.StartupTasksExecutor: Database upgraded to version: 825
[31/05/23 17:10:34:359 UTC]  INFO startup.StartupTasksExecutor: Database upgraded to version: 835
[31/05/23 17:10:34:360 UTC]  INFO startup.StartupTasksExecutor: Database upgraded to version: 840
[31/05/23 17:10:34:361 UTC]  INFO startup.StartupTasksExecutor: Database upgraded to version: 845
[31/05/23 17:10:34:362 UTC]  INFO startup.StartupTasksExecutor: Database upgraded to version: 850
[31/05/23 17:10:34:364 UTC]  INFO startup.StartupTasksExecutor: Database upgraded to version: 855
[31/05/23 17:10:34:364 UTC]  INFO startup.StartupTasksExecutor: Database upgraded to version: 860
[31/05/23 17:10:34:366 UTC]  INFO startup.StartupTasksExecutor: Database upgraded to version: 865
[31/05/23 17:10:34:367 UTC]  INFO startup.StartupTasksExecutor: Database upgraded to version: 900
[31/05/23 17:10:34:368 UTC]  INFO startup.StartupTasksExecutor: Database upgraded to version: 905
[31/05/23 17:10:34:369 UTC]  INFO startup.StartupTasksExecutor: Database upgraded to version: 910
[31/05/23 17:10:34:370 UTC]  INFO startup.StartupTasksExecutor: Database upgraded to version: 920
[31/05/23 17:10:34:371 UTC]  INFO startup.StartupTasksExecutor: Database upgraded to version: 922
[31/05/23 17:10:34:372 UTC]  INFO startup.StartupTasksExecutor: Database upgraded to version: 925
[31/05/23 17:10:34:373 UTC]  INFO startup.StartupTasksExecutor: Database upgraded to version: 930
[31/05/23 17:10:34:375 UTC]  INFO startup.StartupTasksExecutor: Database upgraded to version: 935
[31/05/23 17:10:34:376 UTC]  INFO startup.StartupTasksExecutor: Database upgraded to version: 940
[31/05/23 17:10:34:377 UTC]  INFO startup.StartupTasksExecutor: Database upgraded to version: 945
[31/05/23 17:10:34:378 UTC]  INFO startup.StartupTasksExecutor: Database upgraded to version: 950
[31/05/23 17:10:34:379 UTC]  INFO startup.StartupTasksExecutor: Database upgraded to version: 1000
[31/05/23 17:10:34:380 UTC]  INFO startup.StartupTasksExecutor: Database upgraded to version: 1005
[31/05/23 17:10:34:381 UTC]  INFO startup.StartupTasksExecutor: Database upgraded to version: 1015
[31/05/23 17:10:34:382 UTC]  INFO startup.StartupTasksExecutor: Database upgraded to version: 1016
[31/05/23 17:10:34:383 UTC]  INFO startup.StartupTasksExecutor: Database upgraded to version: 1020
[31/05/23 17:10:34:384 UTC]  INFO startup.StartupTasksExecutor: Database upgraded to version: 1030
[31/05/23 17:10:34:385 UTC]  INFO startup.StartupTasksExecutor: Database upgraded to version: 1035
[31/05/23 17:10:34:386 UTC]  INFO startup.StartupTasksExecutor: Database upgraded to version: 1045
[31/05/23 17:10:34:387 UTC]  INFO startup.StartupTasksExecutor: Database upgraded to version: 1050
[31/05/23 17:10:34:389 UTC]  INFO startup.StartupTasksExecutor: Database upgraded to version: 1055
[31/05/23 17:10:34:390 UTC]  INFO startup.StartupTasksExecutor: Database upgraded to version: 1060
[31/05/23 17:10:34:391 UTC]  INFO startup.StartupTasksExecutor: Database upgraded to version: 1065
[31/05/23 17:10:34:391 UTC]  INFO startup.StartupTasksExecutor: Database upgraded to version: 1070
[31/05/23 17:10:34:392 UTC]  INFO startup.StartupTasksExecutor: Database upgraded to version: 1080
[31/05/23 17:10:34:393 UTC]  INFO startup.StartupTasksExecutor: Database upgraded to version: 1085
[31/05/23 17:10:34:394 UTC]  INFO startup.StartupTasksExecutor: Database upgraded to version: 1090
[31/05/23 17:10:34:395 UTC]  INFO startup.StartupTasksExecutor: Database upgraded to version: 1095
[31/05/23 17:10:34:396 UTC]  INFO startup.StartupTasksExecutor: Database upgraded to version: 1096
[31/05/23 17:10:34:396 UTC]  INFO startup.StartupTasksExecutor: Database upgraded to version: 3000
[31/05/23 17:10:34:397 UTC]  INFO startup.StartupTasksExecutor: Database upgraded to version: 3005
[31/05/23 17:10:34:398 UTC]  INFO startup.StartupTasksExecutor: Database upgraded to version: 3010
[31/05/23 17:10:34:399 UTC]  INFO startup.StartupTasksExecutor: Database upgraded to version: 3015
[31/05/23 17:10:34:400 UTC]  INFO startup.StartupTasksExecutor: Database upgraded to version: 3020
[31/05/23 17:10:34:401 UTC]  INFO startup.StartupTasksExecutor: Database upgraded to version: 3025
[31/05/23 17:10:34:402 UTC]  INFO startup.StartupTasksExecutor: Database upgraded to version: 3030
[31/05/23 17:10:34:402 UTC]  INFO startup.StartupTasksExecutor: Database upgraded to version: 3035
[31/05/23 17:10:34:403 UTC]  INFO startup.StartupTasksExecutor: Database upgraded to version: 3040
[31/05/23 17:10:34:404 UTC]  INFO startup.StartupTasksExecutor: Database upgraded to version: 3042
[31/05/23 17:10:34:405 UTC]  INFO startup.StartupTasksExecutor: Database upgraded to version: 3045
[31/05/23 17:10:34:406 UTC]  INFO startup.StartupTasksExecutor: Database upgraded to version: 3050
[31/05/23 17:10:34:406 UTC]  INFO startup.StartupTasksExecutor: Database upgraded to version: 3055
[31/05/23 17:10:34:407 UTC]  INFO startup.StartupTasksExecutor: Database upgraded to version: 3060
[31/05/23 17:10:34:409 UTC]  INFO startup.StartupTasksExecutor: Database upgraded to version: 3065
[31/05/23 17:10:34:409 UTC]  INFO startup.StartupTasksExecutor: Database upgraded to version: 3100
[31/05/23 17:10:34:411 UTC]  INFO startup.StartupTasksExecutor: Database upgraded to version: 3105
[31/05/23 17:10:34:411 UTC]  INFO startup.StartupTasksExecutor: Database upgraded to version: 3120
[31/05/23 17:10:34:412 UTC]  INFO startup.StartupTasksExecutor: Database upgraded to version: 3130
[31/05/23 17:10:34:413 UTC]  INFO startup.StartupTasksExecutor: Database upgraded to version: 3135
[31/05/23 17:10:34:414 UTC]  INFO startup.StartupTasksExecutor: Database upgraded to version: 3140
[31/05/23 17:10:34:415 UTC]  INFO startup.StartupTasksExecutor: Database upgraded to version: 3150
[31/05/23 17:10:34:416 UTC]  INFO startup.StartupTasksExecutor: Database upgraded to version: 3160
[31/05/23 17:10:34:417 UTC]  INFO startup.StartupTasksExecutor: Database upgraded to version: 3165
[31/05/23 17:10:34:418 UTC]  INFO startup.StartupTasksExecutor: Database upgraded to version: 3500
[31/05/23 17:10:34:419 UTC]  INFO startup.StartupTasksExecutor: Database upgraded to version: 3505
[31/05/23 17:10:34:420 UTC]  INFO startup.StartupTasksExecutor: Database upgraded to version: 3510
[31/05/23 17:10:34:420 UTC]  INFO startup.StartupTasksExecutor: Database upgraded to version: 3515
[31/05/23 17:10:34:421 UTC]  INFO startup.StartupTasksExecutor: Database upgraded to version: 3520
[31/05/23 17:10:34:422 UTC]  INFO startup.StartupTasksExecutor: Database upgraded to version: 3525
[31/05/23 17:10:34:423 UTC]  INFO startup.StartupTasksExecutor: Database upgraded to version: 3530
[31/05/23 17:10:34:424 UTC]  INFO startup.StartupTasksExecutor: Database upgraded to version: 3535
[31/05/23 17:10:34:427 UTC]  INFO startup.StartupTasksExecutor: Database upgraded to version: 3540
[31/05/23 17:10:34:429 UTC]  INFO startup.StartupTasksExecutor: Database upgraded to version: 3545
[31/05/23 17:10:34:430 UTC]  INFO startup.StartupTasksExecutor: Database upgraded to version: 3550
[31/05/23 17:10:34:430 UTC]  INFO startup.StartupTasksExecutor: Database upgraded to version: 3555
[31/05/23 17:10:34:431 UTC]  INFO startup.StartupTasksExecutor: Database upgraded to version: 3560
[31/05/23 17:10:34:432 UTC]  INFO startup.StartupTasksExecutor: Database upgraded to version: 3565
[31/05/23 17:10:34:433 UTC]  INFO startup.StartupTasksExecutor: Database upgraded to version: 3600
[31/05/23 17:10:34:434 UTC]  INFO startup.StartupTasksExecutor: Database upgraded to version: 3605
[31/05/23 17:10:34:435 UTC]  INFO startup.StartupTasksExecutor: Database upgraded to version: 3700
[31/05/23 17:10:34:435 UTC]  INFO startup.StartupTasksExecutor: Database upgraded to version: 3705
[31/05/23 17:10:34:436 UTC]  INFO startup.StartupTasksExecutor: Database upgraded to version: 3710
[31/05/23 17:10:34:437 UTC]  INFO startup.StartupTasksExecutor: Database upgraded to version: 3715
[31/05/23 17:10:34:438 UTC]  INFO startup.StartupTasksExecutor: Database upgraded to version: 3720
[31/05/23 17:10:34:439 UTC]  INFO startup.StartupTasksExecutor: Database upgraded to version: 3725
[31/05/23 17:10:34:440 UTC]  INFO startup.StartupTasksExecutor: Database upgraded to version: 3735
[31/05/23 17:10:34:441 UTC]  INFO startup.StartupTasksExecutor: Database upgraded to version: 3740
[31/05/23 17:10:34:441 UTC]  INFO startup.StartupTasksExecutor: Database upgraded to version: 3745
[31/05/23 17:10:34:442 UTC]  INFO startup.StartupTasksExecutor: Database upgraded to version: 3800
[31/05/23 17:10:34:443 UTC]  INFO startup.StartupTasksExecutor: Database upgraded to version: 4100
[31/05/23 17:10:34:444 UTC]  INFO startup.StartupTasksExecutor: Database upgraded to version: 4105
[31/05/23 17:10:34:445 UTC]  INFO startup.StartupTasksExecutor: Database upgraded to version: 4110
[31/05/23 17:10:34:446 UTC]  INFO startup.StartupTasksExecutor: Database upgraded to version: 4115
[31/05/23 17:10:34:447 UTC]  INFO startup.StartupTasksExecutor: Database upgraded to version: 4120
[31/05/23 17:10:34:447 UTC]  INFO startup.StartupTasksExecutor: Database upgraded to version: 4200
[31/05/23 17:10:34:448 UTC]  INFO startup.StartupTasksExecutor: Database upgraded to version: 4205
[31/05/23 17:10:34:449 UTC]  INFO startup.StartupTasksExecutor: Database upgraded to version: 4210
[31/05/23 17:10:34:450 UTC]  INFO startup.StartupTasksExecutor: Database upgraded to version: 4215
[31/05/23 17:10:34:451 UTC]  INFO startup.StartupTasksExecutor: Database upgraded to version: 4220
[31/05/23 17:10:34:452 UTC]  INFO startup.StartupTasksExecutor: Database upgraded to version: 4230
[31/05/23 17:10:34:452 UTC]  INFO startup.StartupTasksExecutor: Database upgraded to version: 4235
[31/05/23 17:10:34:453 UTC]  INFO startup.StartupTasksExecutor: Database upgraded to version: 4300
[31/05/23 17:10:34:454 UTC]  INFO startup.StartupTasksExecutor: Database upgraded to version: 4305
[31/05/23 17:10:34:455 UTC]  INFO startup.StartupTasksExecutor: Database upgraded to version: 4310
[31/05/23 17:10:34:456 UTC]  INFO startup.StartupTasksExecutor: Database upgraded to version: 4315
[31/05/23 17:10:34:457 UTC]  INFO startup.StartupTasksExecutor: Database upgraded to version: 4320
[31/05/23 17:10:34:458 UTC]  INFO startup.StartupTasksExecutor: Database upgraded to version: 4330
[31/05/23 17:10:34:459 UTC]  INFO startup.StartupTasksExecutor: Database upgraded to version: 4335
[31/05/23 17:10:34:460 UTC]  INFO startup.StartupTasksExecutor: Database upgraded to version: 4340
[31/05/23 17:10:34:461 UTC]  INFO startup.StartupTasksExecutor: Database upgraded to version: 4345
[31/05/23 17:10:34:462 UTC]  INFO startup.StartupTasksExecutor: Database upgraded to version: 4350
[31/05/23 17:10:34:463 UTC]  INFO startup.StartupTasksExecutor: Database upgraded to version: 4355
[31/05/23 17:10:34:464 UTC]  INFO startup.StartupTasksExecutor: Database upgraded to version: 4360
[31/05/23 17:10:34:468 UTC]  INFO startup.StartupTasksExecutor: Database upgraded to version: 4365
[31/05/23 17:10:34:470 UTC]  INFO startup.StartupTasksExecutor: Database upgraded to version: 4370
[31/05/23 17:10:34:471 UTC]  INFO startup.StartupTasksExecutor: Database upgraded to version: 4375
[31/05/23 17:10:34:473 UTC]  INFO startup.StartupTasksExecutor: Database upgraded to version: 4380
[31/05/23 17:10:34:473 UTC]  INFO startup.StartupTasksExecutor: Database upgraded to version: 4385
[31/05/23 17:10:34:476 UTC]  INFO startup.StartupTasksExecutor: Database upgraded to version: 4390
[31/05/23 17:10:34:478 UTC]  INFO startup.StartupTasksExecutor: Database upgraded to version: 5030
[31/05/23 17:10:34:479 UTC]  INFO startup.StartupTasksExecutor: Database upgraded to version: 5035
[31/05/23 17:10:34:480 UTC]  INFO startup.StartupTasksExecutor: Database upgraded to version: 5040
[31/05/23 17:10:34:481 UTC]  INFO startup.StartupTasksExecutor: Database upgraded to version: 5050
[31/05/23 17:10:34:483 UTC]  INFO startup.StartupTasksExecutor: Database upgraded to version: 5060
[31/05/23 17:10:34:484 UTC]  INFO startup.StartupTasksExecutor: Database upgraded to version: 5070
[31/05/23 17:10:34:484 UTC]  INFO startup.StartupTasksExecutor: Database upgraded to version: 5080
[31/05/23 17:10:34:485 UTC]  INFO startup.StartupTasksExecutor: Database upgraded to version: 5150
[31/05/23 17:10:34:486 UTC]  INFO startup.StartupTasksExecutor: Database upgraded to version: 5160
[31/05/23 17:10:34:487 UTC]  INFO startup.StartupTasksExecutor: Database upgraded to version: 5165
[31/05/23 17:10:34:488 UTC]  INFO startup.StartupTasksExecutor: Database upgraded to version: 5170
[31/05/23 17:10:34:489 UTC]  INFO startup.StartupTasksExecutor: Database upgraded to version: 5175
[31/05/23 17:10:34:490 UTC]  INFO startup.StartupTasksExecutor: Database upgraded to version: 5180
[31/05/23 17:10:34:490 UTC]  INFO startup.StartupTasksExecutor: Database upgraded to version: 5190
[31/05/23 17:10:34:491 UTC]  INFO startup.StartupTasksExecutor: Database upgraded to version: 5195
[31/05/23 17:10:34:492 UTC]  INFO startup.StartupTasksExecutor: Database upgraded to version: 5200
[31/05/23 17:10:34:493 UTC]  INFO startup.StartupTasksExecutor: Database upgraded to version: 5210
[31/05/23 17:10:34:493 UTC]  INFO startup.StartupTasksExecutor: Database upgraded to version: 5215
[31/05/23 17:10:34:494 UTC]  INFO startup.StartupTasksExecutor: Database upgraded to version: 5220
[31/05/23 17:10:34:495 UTC]  INFO startup.StartupTasksExecutor: Database upgraded to version: 5225
[31/05/23 17:10:34:496 UTC]  INFO startup.StartupTasksExecutor: Database upgraded to version: 5300
[31/05/23 17:10:34:496 UTC]  INFO startup.StartupTasksExecutor: Database upgraded to version: 5305
[31/05/23 17:10:34:498 UTC]  INFO startup.StartupTasksExecutor: Database upgraded to version: 5350
[31/05/23 17:10:34:499 UTC]  INFO startup.StartupTasksExecutor: Database upgraded to version: 5370
[31/05/23 17:10:34:499 UTC]  INFO startup.StartupTasksExecutor: Database upgraded to version: 5380
[31/05/23 17:10:34:500 UTC]  INFO startup.StartupTasksExecutor: Database upgraded to version: 5390
[31/05/23 17:10:34:501 UTC]  INFO startup.StartupTasksExecutor: Database upgraded to version: 5395
[31/05/23 17:10:34:502 UTC]  INFO startup.StartupTasksExecutor: Database upgraded to version: 201013
[31/05/23 17:10:34:502 UTC]  INFO startup.StartupTasksExecutor: Database upgraded to version: 201014
[31/05/23 17:10:34:503 UTC]  INFO startup.StartupTasksExecutor: Database upgraded to version: 201102
[31/05/23 17:10:34:504 UTC]  INFO startup.StartupTasksExecutor: Database upgraded to version: 210218
[31/05/23 17:10:34:504 UTC]  INFO startup.StartupTasksExecutor: Database upgraded to version: 210316
[31/05/23 17:10:34:505 UTC]  INFO startup.StartupTasksExecutor: Database upgraded to version: 210319
[31/05/23 17:10:34:506 UTC]  INFO startup.StartupTasksExecutor: Database upgraded to version: 210321
[31/05/23 17:10:34:506 UTC]  INFO startup.StartupTasksExecutor: Database upgraded to version: 210506
[31/05/23 17:10:34:507 UTC]  INFO startup.StartupTasksExecutor: Database upgraded to version: 210510
[31/05/23 17:10:34:508 UTC]  INFO startup.StartupTasksExecutor: Database upgraded to version: 210520
[31/05/23 17:10:34:508 UTC]  INFO startup.StartupTasksExecutor: Database upgraded to version: 210527
[31/05/23 17:10:34:510 UTC]  INFO startup.StartupTasksExecutor: Database upgraded to version: 210719
[31/05/23 17:10:34:510 UTC]  INFO startup.StartupTasksExecutor: Database upgraded to version: 210802
[31/05/23 17:10:34:511 UTC]  INFO startup.StartupTasksExecutor: Database upgraded to version: 210805
[31/05/23 17:10:34:514 UTC]  INFO startup.StartupTasksExecutor: Database upgraded to version: 210816
[31/05/23 17:10:34:514 UTC]  INFO startup.StartupTasksExecutor: Database upgraded to version: 210901
[31/05/23 17:10:34:515 UTC]  INFO startup.StartupTasksExecutor: Database upgraded to version: 211007
[31/05/23 17:10:34:516 UTC]  INFO startup.StartupTasksExecutor: Database upgraded to version: 211012
[31/05/23 17:10:34:516 UTC]  INFO startup.StartupTasksExecutor: Database upgraded to version: 211020
[31/05/23 17:10:34:517 UTC]  INFO startup.StartupTasksExecutor: Database upgraded to version: 211101
[31/05/23 17:10:34:518 UTC]  INFO startup.StartupTasksExecutor: Database upgraded to version: 211103
[31/05/23 17:10:34:518 UTC]  INFO startup.StartupTasksExecutor: Database upgraded to version: 220202
[31/05/23 17:10:34:519 UTC]  INFO startup.StartupTasksExecutor: Database upgraded to version: 220203
[31/05/23 17:10:34:520 UTC]  INFO startup.StartupTasksExecutor: Database upgraded to version: 220214
[31/05/23 17:10:34:520 UTC]  INFO startup.StartupTasksExecutor: Database upgraded to version: 220215
[31/05/23 17:10:34:521 UTC]  INFO startup.StartupTasksExecutor: Database upgraded to version: 220330
[31/05/23 17:10:34:522 UTC]  INFO startup.StartupTasksExecutor: Database upgraded to version: 220401
[31/05/23 17:10:34:523 UTC]  INFO startup.StartupTasksExecutor: Database upgraded to version: 220402
[31/05/23 17:10:34:524 UTC]  INFO startup.StartupTasksExecutor: Database upgraded to version: 220413
[31/05/23 17:10:34:524 UTC]  INFO startup.StartupTasksExecutor: Database upgraded to version: 220512
[31/05/23 17:10:34:526 UTC]  INFO startup.StartupTasksExecutor: Database upgraded to version: 220606
[31/05/23 17:10:34:526 UTC]  INFO startup.StartupTasksExecutor: Database upgraded to version: 220822
[31/05/23 17:10:34:527 UTC]  INFO startup.StartupTasksExecutor: Database upgraded to version: 220824
[31/05/23 17:10:34:528 UTC]  INFO startup.StartupTasksExecutor: Database upgraded to version: 220825
[31/05/23 17:10:34:528 UTC]  INFO startup.StartupTasksExecutor: Database upgraded to version: 220829
[31/05/23 17:10:34:529 UTC]  INFO startup.StartupTasksExecutor: Database upgraded to version: 220912
[31/05/23 17:10:34:530 UTC]  INFO startup.StartupTasksExecutor: Database upgraded to version: 220928
[31/05/23 17:10:34:531 UTC]  INFO startup.StartupTasksExecutor: Database upgraded to version: 221007
[31/05/23 17:10:34:531 UTC]  INFO startup.StartupTasksExecutor: Database upgraded to version: 221018
[31/05/23 17:10:34:532 UTC]  INFO startup.StartupTasksExecutor: Database upgraded to version: 230110
[31/05/23 17:10:34:533 UTC]  INFO startup.StartupTasksExecutor: Database upgraded to version: 230119
[31/05/23 17:10:34:534 UTC]  INFO startup.StartupTasksExecutor: Database upgraded to version: 230328
[31/05/23 17:10:34:534 UTC]  INFO startup.StartupTasksExecutor: Database upgraded to version: 230426
[31/05/23 17:10:34:534 UTC]  INFO reindex.ReindexThread: --- Unpausing reindex thread 
[31/05/23 17:10:34:534 UTC]  INFO startup.StartupTasksExecutor: Finishing upgrade tasks.
[31/05/23 17:10:34:534 UTC]  INFO startup.StartupTasksExecutor: Running Backported Tasks
[31/05/23 17:10:34:534 UTC]  INFO startup.StartupTasksExecutor: Finishing Backported tasks.
[31/05/23 17:10:34:552 UTC]  INFO util.Config: Setting property: CACHE_BINDPORT to 5701
[31/05/23 17:10:34:561 UTC]  INFO cluster.ClusterFactory: Cluster topography has changed. This might force a rewire
[31/05/23 17:10:34:561 UTC]  INFO cluster.ClusterFactory: Expecting Servers:[]
[31/05/23 17:10:34:576 UTC]  INFO cluster.ClusterFactory: Found Servers:[server={serverId=b81ce2b3-b188-4cc2-ae50-df5e5cf9d55c, clusterId=d85bce1f98, ipAddress=172.19.0.3, host=null, name=b5dfafb2e29e, esTransportTcpPort=null, esNetworkPort=null, esHttpPort=9200, cachePort=5701, lastHeartBeat=1685553034559, key=null, licenseSerial=1cfc7c95-9fe0-4dcb-abe7-c31b9f0517fd, startupTime=0}]
[31/05/23 17:10:34:576 UTC]  INFO cluster.ClusterFactory: Cluster Active. Rewiring
[31/05/23 17:10:34:578 UTC]  INFO business.ChainableCacheAdministratorImpl: ***	 Cluster Update
[31/05/23 17:10:34:578 UTC]  INFO transport.PubSubCacheTransport: initing PubSubCacheTransport
[31/05/23 17:10:34:580 UTC]  INFO dotpubsub.PostgresPubSubImpl: Starting PostgresPubSub. Have servers:1
[31/05/23 17:10:34:581 UTC]  INFO dotpubsub.PostgresPubSubImpl: PGNotificationListener connecting to pub/sub...
[31/05/23 17:10:35:385 UTC]  INFO dotpubsub.PostgresPubSubImpl:  - LISTEN dotcache_topic
[31/05/23 17:10:35:397 UTC]  INFO transport.PubSubCacheTransport: Sending PING to cluster 
[31/05/23 17:10:35:404 UTC]  INFO license.LicenseManager: Updating server b81ce2b3-b188-4cc2-ae50-df5e5cf9d55c start time to 1685552988864
[31/05/23 17:10:35:406 UTC]  INFO servlet.MainServlet: SuppressPropertiesBeanIntrospector enabled for legacy Struts applications
[31/05/23 17:10:35:425 UTC]  INFO transport.CacheTransportTopic: Got PING from server:b81ce2b3b1. sending PONG
[31/05/23 17:10:35:427 UTC]  INFO transport.CacheTransportTopic: Got PONG from server:{"t":"PONG","top":"dotcache_topic","o":"b81ce2b3b1"}.
[31/05/23 17:10:35:650 UTC]  INFO config.DotInitializationService: Initializing DotCMS services
[31/05/23 17:10:35:650 UTC]  INFO config.DotInitializationService: Initializing :com.dotcms.api.system.event.SystemEventProcessorFactoryInitializer
[31/05/23 17:10:35:652 UTC]  INFO config.DotInitializationService: Initializing Done:com.dotcms.api.system.event.SystemEventProcessorFactoryInitializer, duration:0 seconds
[31/05/23 17:10:35:652 UTC]  INFO config.DotInitializationService: Initializing :com.dotcms.api.system.event.PayloadVerifierFactoryInitializer
[31/05/23 17:10:35:657 UTC]  INFO config.DotInitializationService: Initializing Done:com.dotcms.api.system.event.PayloadVerifierFactoryInitializer, duration:0 seconds
[31/05/23 17:10:35:657 UTC]  INFO config.DotInitializationService: Initializing :com.dotcms.system.event.local.business.LocalSystemEventSubscribersInitializer
[31/05/23 17:10:35:796 UTC]  INFO config.DotInitializationService: Initializing Done:com.dotcms.system.event.local.business.LocalSystemEventSubscribersInitializer, duration:0 seconds
[31/05/23 17:10:35:796 UTC]  INFO config.DotInitializationService: Initializing :com.dotmarketing.portlets.personas.business.PersonaAPIImpl
[31/05/23 17:10:35:799 UTC]  INFO config.DotInitializationService: Initializing Done:com.dotmarketing.portlets.personas.business.PersonaAPIImpl, duration:0 seconds
[31/05/23 17:10:35:799 UTC]  INFO config.DotInitializationService: Initializing :com.dotcms.rendering.velocity.events.ExceptionHandlersInitializer
[31/05/23 17:10:35:805 UTC]  INFO config.DotInitializationService: Initializing Done:com.dotcms.rendering.velocity.events.ExceptionHandlersInitializer, duration:0 seconds
[31/05/23 17:10:35:805 UTC]  INFO config.DotInitializationService: Initializing :com.dotcms.publishing.PublisherAPIImpl
[31/05/23 17:10:35:811 UTC]  INFO publishing.PublisherAPIImpl: Push Publishing Filters directory does not exist. Creating it under: /data/shared/assets/server/publishing-filters
[31/05/23 17:10:35:814 UTC]  INFO publishing.PublisherAPIImpl: dotcms filters files copied
[31/05/23 17:10:35:815 UTC]  INFO publishing.PublisherAPIImpl: Push Publishing Filters Directory: Lazy(/data/shared/assets/server/publishing-filters)
[31/05/23 17:10:35:816 UTC]  INFO publishing.PublisherAPIImpl: Loading Push Publish Filter: Intelligent.yml
[31/05/23 17:10:35:953 UTC]  INFO publishing.PublisherAPIImpl: FilterDescriptor{key=Intelligent.yml, title=Everything and Dependencies, sort=3, default=true, roles=DOTCMS_BACK_END_USER, filters{{excludeQuery=, excludeClasses=[], dependencies=true, excludeDependencyQuery=, excludeDependencyClasses=[], forcePush=false, relationships=true}}}
[31/05/23 17:10:35:956 UTC]  INFO publishing.PublisherAPIImpl: Loading Push Publish Filter: ShallowPush.yml
[31/05/23 17:10:35:960 UTC]  INFO publishing.PublisherAPIImpl: FilterDescriptor{key=ShallowPush.yml, title=Only Selected Items, sort=5, default=false, roles=DOTCMS_BACK_END_USER, filters{{excludeQuery=, excludeClasses=[], dependencies=false, excludeDependencyQuery=, excludeDependencyClasses=[], forcePush=false, relationships=false}}}
[31/05/23 17:10:35:961 UTC]  INFO publishing.PublisherAPIImpl: Loading Push Publish Filter: ContentOnly.yml
[31/05/23 17:10:35:965 UTC]  INFO publishing.PublisherAPIImpl: FilterDescriptor{key=ContentOnly.yml, title=Content and Relationships, sort=1, default=false, roles=DOTCMS_BACK_END_USER, filters{{excludeQuery=, excludeClasses=[ContentType, Template, Containers, Folder, Host, Links, Workflow, Language, Rule, User, OSGI], dependencies=true, excludeDependencyQuery=, excludeDependencyClasses=[ContentType, Template, Containers, Folder, Host, Links, Workflow, Language, Rule], forcePush=false, relationships=true}}}
[31/05/23 17:10:35:966 UTC]  INFO publishing.PublisherAPIImpl: Loading Push Publish Filter: WebContentOnly.yml
[31/05/23 17:10:35:971 UTC]  INFO publishing.PublisherAPIImpl: FilterDescriptor{key=WebContentOnly.yml, title=Content, Assets and Pages, sort=2, default=false, roles=DOTCMS_BACK_END_USER, filters{{excludeQuery=, excludeClasses=[Host, Workflow, ContentType, User, OSGI, Language], dependencies=true, excludeDependencyQuery=, excludeDependencyClasses=[Host, Workflow, ContentType, Language], forcePush=false, relationships=true}}}
[31/05/23 17:10:35:972 UTC]  INFO publishing.PublisherAPIImpl: Loading Push Publish Filter: ForcePush.yml
[31/05/23 17:10:35:976 UTC]  INFO publishing.PublisherAPIImpl: FilterDescriptor{key=ForcePush.yml, title=Force Push Everything, sort=4, default=false, roles=DOTCMS_BACK_END_USER, filters{{excludeQuery=, excludeClasses=[], dependencies=true, excludeDependencyQuery=, excludeDependencyClasses=[], forcePush=true, relationships=true}}}
[31/05/23 17:10:35:977 UTC]  INFO config.DotInitializationService: Initializing Done:com.dotcms.publishing.PublisherAPIImpl, duration:0 seconds
[31/05/23 17:10:35:977 UTC]  INFO config.DotInitializationService: Initializing :com.dotmarketing.portlets.containers.business.ContainerAPIImpl
[31/05/23 17:10:35:982 UTC]  INFO config.DotInitializationService: Initializing Done:com.dotmarketing.portlets.containers.business.ContainerAPIImpl, duration:0 seconds
[31/05/23 17:10:35:982 UTC]  INFO config.DotInitializationService: Initializing :com.dotmarketing.business.ThemeAPIImpl
[31/05/23 17:10:35:984 UTC]  INFO config.DotInitializationService: Initializing Done:com.dotmarketing.business.ThemeAPIImpl, duration:0 seconds
[31/05/23 17:10:35:985 UTC]  INFO config.DotInitializationService: Initializing :com.dotmarketing.portlets.templates.business.TemplateAPIImpl
[31/05/23 17:10:35:988 UTC]  INFO config.DotInitializationService: Initializing Done:com.dotmarketing.portlets.templates.business.TemplateAPIImpl, duration:0 seconds
[31/05/23 17:10:35:988 UTC]  INFO config.DotInitializationService: Initializing :com.dotcms.contenttype.business.ContentTypeInitializer
[31/05/23 17:10:35:999 UTC]  INFO config.DotInitializationService: Initializing Done:com.dotcms.contenttype.business.ContentTypeInitializer, duration:0 seconds
[31/05/23 17:10:35:999 UTC]  INFO config.DotInitializationService: Initializing :com.dotcms.variant.business.DefaultVariantInitializer
[31/05/23 17:10:39:023 UTC]  INFO config.DotInitializationService: Initializing Done:com.dotcms.variant.business.DefaultVariantInitializer, duration:3 seconds
[31/05/23 17:10:39:023 UTC]  INFO startup.StartupTasksExecutor: ---
[31/05/23 17:10:39:023 UTC]  INFO startup.StartupTasksExecutor: 
[31/05/23 17:10:39:023 UTC]  INFO startup.StartupTasksExecutor: Running Data Upgrade Tasks
[31/05/23 17:10:39:023 UTC]  INFO startup.StartupTasksExecutor: Database data version: 0
[31/05/23 17:10:39:029 UTC]  INFO startup.StartupTasksExecutor: Data upgraded to version: 230320
[31/05/23 17:10:39:029 UTC]  INFO startup.StartupTasksExecutor: Finishing data upgrade tasks.
[31/05/23 17:10:39:044 UTC]  INFO servlets.StartupLogger: InitServlet: Setting Default Timezone: Coordinated Universal Time
[31/05/23 17:10:39:044 UTC]  INFO servlets.StartupLogger: 
[31/05/23 17:10:39:044 UTC]  INFO servlets.StartupLogger:    Initializing dotCMS
[31/05/23 17:10:39:044 UTC]  INFO servlets.StartupLogger:    Using database: PostgreSQL
[31/05/23 17:10:39:044 UTC]  INFO servlets.StartupLogger:    Using dialect : com.dotcms.repackage.net.sf.hibernate.dialect.PostgreSQLDialect
[31/05/23 17:10:39:045 UTC]  INFO servlets.StartupLogger:    Company Name  : dotcms.org
[31/05/23 17:10:39:045 UTC]  INFO servlets.StartupLogger: 
[31/05/23 17:10:39:045 UTC]  INFO servlets.StartupLogger:    License       : PLATFORM EDITION
[31/05/23 17:10:39:045 UTC]  INFO servlets.StartupLogger:    Licensed to   : dotCMS Internal
[31/05/23 17:10:39:045 UTC]  INFO servlets.StartupLogger:    Server id     : b81ce2b3
[31/05/23 17:10:39:045 UTC]  INFO servlets.StartupLogger:    License id    : 1cfc7c95
[31/05/23 17:10:39:045 UTC]  INFO servlets.StartupLogger:    Expires       : Thu, 20 Aug 2099 04:00 AM
[31/05/23 17:10:39:045 UTC]  INFO servlets.StartupLogger: 
[31/05/23 17:10:39:045 UTC]  INFO servlets.InitServlet: 
[31/05/23 17:10:39:045 UTC]  INFO servlets.InitServlet: 
[31/05/23 17:10:39:098 UTC]  INFO business.VanityUrlAPIImpl: Populating 0 Vanity URLs for Site default
[31/05/23 17:10:39:101 UTC]  INFO business.VanityUrlAPIImpl: Populating 0 Vanity URLs for Site System Host
[31/05/23 17:10:39:102 UTC]  INFO business.VanityUrlAPIImpl: Populating 0 Vanity URLs for Site System Host
[31/05/23 17:10:39:168 UTC]  INFO impl.StdSchedulerFactory: Using default implementation for ThreadExecutor
[31/05/23 17:10:39:173 UTC]  INFO simpl.SimpleThreadPool: Job execution threads will use class loader of thread: main
[31/05/23 17:10:39:192 UTC]  INFO core.SchedulerSignalerImpl: Initialized Scheduler Signaller of type: class org.quartz.core.SchedulerSignalerImpl
[31/05/23 17:10:39:197 UTC]  INFO core.QuartzScheduler: Quartz Scheduler v.1.8.6 created.
[31/05/23 17:10:39:202 UTC]  INFO quartz.DotJobStore: Using db table-based data access locking (synchronization).
[31/05/23 17:10:39:206 UTC]  INFO quartz.DotJobStore: JobStoreCMT initialized.
[31/05/23 17:10:39:207 UTC]  INFO core.QuartzScheduler: Scheduler meta-data: Quartz Scheduler (v1.8.6) 'dotCMSQuartz' with instanceId 'NON_CLUSTERED'
  Scheduler class: 'org.quartz.core.QuartzScheduler' - running locally.
  NOT STARTED.
  Currently in standby mode.
  Number of jobs executed: 0
  Using thread pool 'org.quartz.simpl.SimpleThreadPool' - with 10 threads.
  Using job-store 'com.dotmarketing.quartz.DotJobStore' - which supports persistence. and is clustered.

[31/05/23 17:10:39:207 UTC]  INFO impl.StdSchedulerFactory: Quartz scheduler 'dotCMSQuartz' initialized from an externally provided properties instance.
[31/05/23 17:10:39:207 UTC]  INFO impl.StdSchedulerFactory: Quartz scheduler version: 1.8.6
[31/05/23 17:10:39:207 UTC]  INFO init.DotInitScheduler: Automatic Content Reindexation Cron Thread schedule disabled on this server
[31/05/23 17:10:39:207 UTC]  INFO init.DotInitScheduler: Deleting ContentReindexerJob Job
[31/05/23 17:10:39:216 UTC]  INFO init.DotInitScheduler: Users To Delete Cron Thread schedule disabled on this server
[31/05/23 17:10:39:216 UTC]  INFO init.DotInitScheduler: Deleting UsersToDeleteJob Job
[31/05/23 17:10:39:285 UTC]  INFO init.DotInitScheduler: LinkCheckerJob Cron Job schedule disabled on this server
[31/05/23 17:10:39:350 UTC]  INFO job.AccessTokenRenewJob$AccessTokensRenewJobScheduler: Stateful AnalyticsAccessTokenRenewJob (trigger31:group31) job was schedule to run at Wed May 31 17:11:00 UTC 2023
[31/05/23 17:10:39:376 UTC]  INFO core.QuartzScheduler: Scheduler dotCMSQuartz_$_NON_CLUSTERED started.
[31/05/23 17:10:39:446 UTC]  INFO runtime.ConcurrentParserPoolImpl: Initializing Velocity Parser Pool - min: 20 max:100 @ main
[31/05/23 17:10:39:560 UTC]  INFO servlets.InitServlet: Starting System OSGi Framework
[31/05/23 17:10:39:568 UTC]  INFO reindex.ReindexThread: --- Unpausing reindex thread 
[31/05/23 17:10:39:568 UTC]  INFO servlets.InitServlet: Starting Client OSGi Framework
[31/05/23 17:10:39:576 UTC]  INFO servlets.BinaryExporterServlet: Exporter "Content Image Fields Resizer" registered for path /resize-image
[31/05/23 17:10:39:578 UTC]  INFO dotpubsub.PostgresPubSubImpl: Starting PostgresPubSub. Have servers:1
[31/05/23 17:10:39:578 UTC]  INFO dotpubsub.PostgresPubSubImpl: PGNotificationListener already connected. Returning
[31/05/23 17:10:39:579 UTC]  INFO dotpubsub.PostgresPubSubImpl:  - LISTEN dotcache_topic
[31/05/23 17:10:39:581 UTC]  INFO servlets.BinaryExporterServlet: Exporter "Export Field Content" registered for path /raw-data
[31/05/23 17:10:39:582 UTC]  INFO dotpubsub.PostgresPubSubImpl:  - LISTEN osgi_restart_topic
[31/05/23 17:10:39:584 UTC]  INFO servlets.BinaryExporterServlet: Exporter "Image Filter Exporter" registered for path /image
[31/05/23 17:10:39:585 UTC]  INFO servlets.BinaryExporterServlet: Exporter "Image Thumbnail Field Exporter" registered for path /image-thumbnail
[31/05/23 17:10:39:587 UTC]  INFO framework.OSGIUtil: Felix base dir: /srv/dotserver/tomcat-9.0.60/webapps/ROOT/WEB-INF/felix
[31/05/23 17:10:39:589 UTC]  INFO framework.OSGIUtil: Found property  felix.auto.deploy.action=install,start
[31/05/23 17:10:39:589 UTC]  INFO framework.OSGIUtil: Found property  felix.fileinstall.log.level=3
[31/05/23 17:10:39:590 UTC]  INFO framework.OSGIUtil: Found property  felix.org.osgi.framework.startlevel.beginning=2
[31/05/23 17:10:39:591 UTC]  INFO framework.OSGIUtil: Found property  felix.org.osgi.framework.storage.clean=onFirstInit
[31/05/23 17:10:39:591 UTC]  INFO framework.OSGIUtil: Found property  felix.log.level=3
[31/05/23 17:10:39:592 UTC]  INFO framework.OSGIUtil: Found property  felix.cache.locking=false
[31/05/23 17:10:39:594 UTC]  INFO framework.OSGIUtil: Found property  felix.upload.dir=/data/shared/felix/upload
[31/05/23 17:10:39:594 UTC]  INFO framework.OSGIUtil: Found property  felix.fileinstall.dir=/data/shared/felix/load
[31/05/23 17:10:39:595 UTC]  INFO framework.OSGIUtil: Found property  felix.undeployed.dir=/data/shared/felix/undeployed
[31/05/23 17:10:39:596 UTC]  INFO framework.OSGIUtil: Building Directory:/srv/dotserver/tomcat-9.0.60/webapps/ROOT/WEB-INF/felix
[31/05/23 17:10:39:598 UTC]  INFO framework.OSGIUtil: Building Directory:/data/shared/felix/upload
[31/05/23 17:10:39:599 UTC]  INFO framework.OSGIUtil: Building Directory:/data/shared/felix/load
[31/05/23 17:10:39:600 UTC]  INFO framework.OSGIUtil: Building Directory:/data/shared/felix/undeployed
[31/05/23 17:10:39:600 UTC]  INFO framework.OSGIUtil: Building Directory:/srv/dotserver/tomcat-9.0.60/webapps/ROOT/WEB-INF/felix/bundle
[31/05/23 17:10:39:601 UTC]  INFO framework.OSGIUtil: Building Directory:/srv/dotserver/tomcat-9.0.60/webapps/ROOT/WEB-INF/felix/felix-cache
[31/05/23 17:10:39:609 UTC]  INFO framework.OSGIUtil: Starting the osgi reload on folder: /data/shared/felix/upload
[31/05/23 17:10:39:615 UTC]  INFO framework.OSGIUtil: Loading Factory org.apache.felix.framework.FrameworkFactory
[31/05/23 17:10:39:807 UTC]  WARN util.FileUtil:  Fail to remove destination dir [/data/local/dotsecure/trash/h22/20230531171039807/2023-05-31_17-10-19]
[31/05/23 17:10:39:807 UTC]  WARN util.FileUtil:  Fail to remove destination dir [/data/local/dotsecure/trash/h22/20230531171039807/2023-05-31_17-10-07]
[31/05/23 17:10:39:881 UTC]  WARN util.FileUtil:  Fail to remove destination dir [/data/local/dotsecure/trash/h22/20230531171039880/2023-05-31_17-10-19]
[31/05/23 17:10:39:881 UTC]  WARN util.FileUtil:  Fail to remove destination dir [/data/local/dotsecure/trash/h22/20230531171039881/2023-05-31_17-10-07]
[31/05/23 17:10:39:948 UTC]  INFO apps.SecretsKeyStoreHelper: KeyStore loaded successfully after `1` tries.
[31/05/23 17:10:39:978 UTC]  INFO framework.OSGIUtil: osgi felix framework started
[31/05/23 17:10:40:005 UTC]  INFO apps.SecretsKeyStoreHelper: KeyStore loaded successfully after `1` tries.
[31/05/23 17:10:40:033 UTC]  WARN struts.MultiMessageResources: Duplicate resource property definition (key=was ==> is now): contenttypes.content.copy=Copy ==> Copy
[31/05/23 17:10:40:035 UTC]  WARN struts.MultiMessageResources: Duplicate resource property definition (key=was ==> is now): message.category.import=Importing Categories.  This operation cannot be cancelled or undone. ==> IMPORT
[31/05/23 17:10:40:036 UTC]  WARN struts.MultiMessageResources: Duplicate resource property definition (key=was ==> is now): message.containers.create.content_type_code=Content Type Code ==> Content Type Code
[31/05/23 17:10:40:038 UTC]  WARN struts.MultiMessageResources: Duplicate resource property definition (key=was ==> is now): Save=Save ==> Save
[31/05/23 17:10:40:040 UTC]  WARN struts.MultiMessageResources: Duplicate resource property definition (key=was ==> is now): Move=Move ==> Move
[31/05/23 17:10:40:042 UTC]  WARN struts.MultiMessageResources: Duplicate resource property definition (key=was ==> is now): archived=archived ==> Archived
[31/05/23 17:10:40:087 UTC]  INFO saml.DotSamlProxyFactory: SAML Osgi Bundle has been started
[31/05/23 17:10:40:092 UTC]  WARN impl.SamlConfigurationServiceImpl: The /data/shared/assets/saml/dotcms-saml-default.properties does not exists or can not read
[31/05/23 17:10:40:187 UTC]  INFO apps.SecretsKeyStoreHelper: KeyStore loaded successfully after `1` tries.
[31/05/23 17:10:40:276 UTC]  INFO util.GeoIp2CityDbUtil: Connecting to GeoIP2 database:/srv/dotserver/tomcat-9.0.60/webapps/ROOT/WEB-INF/geoip2/GeoLite2-City.mmdb
[31/05/23 17:10:40:321 UTC]  WARN rules.RulesAPIImpl: Actionlet with name 'CountRulesActionlet' already registered.
[31/05/23 17:10:40:321 UTC]  WARN rules.RulesAPIImpl: Actionlet with name 'SetSessionAttributeActionlet' already registered.
[31/05/23 17:10:40:321 UTC]  WARN rules.RulesAPIImpl: Actionlet with name 'SetRequestAttributeActionlet' already registered.
[31/05/23 17:10:40:321 UTC]  WARN rules.RulesAPIImpl: Actionlet with name 'SetResponseHeaderActionlet' already registered.
[31/05/23 17:10:40:321 UTC]  WARN rules.RulesAPIImpl: Actionlet with name 'PersonaActionlet' already registered.
[31/05/23 17:10:40:321 UTC]  WARN rules.RulesAPIImpl: Actionlet with name 'VisitorTagsActionlet' already registered.
[31/05/23 17:10:40:321 UTC]  WARN rules.RulesAPIImpl: Actionlet with name 'SendRedirectActionlet' already registered.
[31/05/23 17:10:40:321 UTC]  WARN rules.RulesAPIImpl: Actionlet with name 'StopProcessingActionlet' already registered.
[31/05/23 17:10:40:522 UTC]  WARN rest.WebResource: InitDataObject Error: uri:/api/v1/publishqueue err:Invalid User
[31/05/23 17:10:40:522 UTC]  WARN rest.WebResource: Invalid User
[31/05/23 17:10:40:522 UTC]  WARN rest.WebResource: com.dotcms.rest.WebResource.authenticate(WebResource.java:522)
[31/05/23 17:10:44:351 UTC]  INFO util.SecurityLogger: class com.dotmarketing.cms.login.factories.LoginFactory : User (dotcms.org.1) password was re-hashed 600000 times -- ip:172.18.0.1,user:null
[31/05/23 17:10:47:728 UTC]  WARN auth.PrincipalThreadLocal: getName null
[31/05/23 17:10:47:733 UTC]  INFO util.SecurityLogger: class com.dotcms.cms.login.LoginServiceAPIFactory$LoginServiceImpl : User dotcms.org.1 has successfully login from IP: 172.18.0.1 -- ip:172.18.0.1,user:Admin User [ID: dotcms.org.1][email:admin@dotcms.com]
[31/05/23 17:10:52:794 UTC]  WARN auth.PrincipalThreadLocal: getName null
[31/05/23 17:10:52:795 UTC]  INFO util.SecurityLogger: class com.dotcms.cms.login.LoginServiceAPIFactory$LoginServiceImpl : User dotcms.org.1 has successfully login from IP: 172.18.0.1 -- ip:172.18.0.1,user:Admin User [ID: dotcms.org.1][email:admin@dotcms.com]
[31/05/23 17:10:52:797 UTC]  INFO util.Config: Setting property: USE_JWT_TOKEN_IN_PUSH_PUBLISH to false
[31/05/23 17:10:55:919 UTC]  INFO util.SecurityLogger: class com.dotmarketing.cms.login.factories.LoginFactory : User admin@dotcms.com has sucessfully logged in from IP: 172.18.0.1 -- ip:172.18.0.1,user:Admin User [ID: dotcms.org.1][email:admin@dotcms.com]
[31/05/23 17:10:55:941 UTC]  WARN business.PermissionCacheImpl:  !!! Putting an empty list of permissions in the cache for asset:a810ab19-f15d-4c4f-b7a5-878c22641aa8. Every asset should have at least 1 permission (or inherited permission) associated with it
[31/05/23 17:11:00:148 UTC]  INFO apps.SecretsKeyStoreHelper: KeyStore loaded successfully after `1` tries.
[31/05/23 17:11:00:185 UTC]  INFO apps.SecretsKeyStoreHelper: KeyStore loaded successfully after `1` tries.
[31/05/23 17:11:02:046 UTC]  INFO util.SecurityLogger: class com.dotmarketing.cms.login.factories.LoginFactory : User admin@dotcms.com has sucessfully logged in from IP: 172.18.0.1 -- ip:172.18.0.1,user:Admin User [ID: dotcms.org.1][email:admin@dotcms.com]
[31/05/23 17:11:05:062 UTC]  INFO ajax.PublishingEndpointAjaxAction: receiver ; 16ad4788-3fc9-4a91-9fd1-5cfb9d23ecc8
[31/05/23 17:11:08:148 UTC]  INFO util.SecurityLogger: class com.dotmarketing.cms.login.factories.LoginFactory : User admin@dotcms.com has sucessfully logged in from IP: 172.18.0.1 -- ip:172.18.0.1,user:Admin User [ID: dotcms.org.1][email:admin@dotcms.com]
[31/05/23 17:11:11:161 UTC]  INFO ajax.PublishingEndpointAjaxAction: receiver ; 8de242c1-dcd8-4496-b48d-c459523969fe
[31/05/23 17:11:14:281 UTC]  INFO util.SecurityLogger: class com.dotmarketing.cms.login.factories.LoginFactory : User admin@dotcms.com has sucessfully logged in from IP: 172.18.0.1 -- ip:172.18.0.1,user:Admin User [ID: dotcms.org.1][email:admin@dotcms.com]
[31/05/23 17:11:14:367 UTC]  INFO util.PushPublishLogger: class com.dotcms.publisher.business.PublishAuditStatus : Status Update: Pending.
[31/05/23 17:11:14:534 UTC]  INFO rest.PushPublisherJob: Started bundle publish process
[31/05/23 17:11:14:535 UTC]  INFO util.PushPublishLogger: class com.dotcms.rest.PushPublisherJob : [BundleID: content_type_and_content_demo.tar.gz] Started bundle publish process
[31/05/23 17:11:14:804 UTC]  INFO util.ActivityLogger: class com.dotcms.content.elasticsearch.business.ESContentletAPIImpl: System Host : Saving Content , StartDate: N/D; EndDate: N/D; User:system; ContentIdentifier: 48190c8c-42c4-46af-8d1a-0cd5db894797
[31/05/23 17:11:14:812 UTC]  INFO business.IdentifierAPIImpl: Creating new identifier for versionable asset of type `content` and title `demo.dotcms.com` 
[31/05/23 17:11:14:848 UTC]  INFO timedcache.TimedCacheProvider: ***	 Building Cache : esquerycountcache, size:10000, seconds:3600,Concurrency:32 (every 60000 millis)
[31/05/23 17:11:14:881 UTC]  INFO business.ContentletIndexAPIImpl: Indexing: 48190c8c-42c4-46af-8d1a-0cd5db894797 : demo.dotcms.com, includeDependencies: true, policy: FORCE
[31/05/23 17:11:14:927 UTC]  INFO util.ActivityLogger: class com.dotcms.content.elasticsearch.business.ESContentletAPIImpl: System Host : Content Saved , StartDate: N/D; EndDate: N/D; User:system; ContentIdentifier: 48190c8c-42c4-46af-8d1a-0cd5db894797
[31/05/23 17:11:14:965 UTC]  INFO business.ContentletIndexAPIImpl: Indexing: 48190c8c-42c4-46af-8d1a-0cd5db894797 : demo.dotcms.com, includeDependencies: false, policy: FORCE
[31/05/23 17:11:14:967 UTC]  INFO util.PushPublishLogger: class com.dotcms.enterprise.publishing.remote.handler.ContentHandler : [BundleID: content_type_and_content_demo.tar.gz] Host publish success, ID: 48190c8c-42c4-46af-8d1a-0cd5db894797, Inode: 6e8aca39-937c-437e-91d8-d46b631bdcc8, Name: demo.dotcms.com
[31/05/23 17:11:15:036 UTC]  INFO util.ActivityLogger: class com.dotcms.content.elasticsearch.business.ESContentletAPIImpl: System Host : Locking Content , StartDate: N/D; EndDate: N/D; User:system; ContentIdentifier: 8a7d5e23-da1e-420a-b4f0-471e7da8ea2d
[31/05/23 17:11:15:055 UTC]  INFO business.ContentletIndexAPIImpl: Indexing: 8a7d5e23-da1e-420a-b4f0-471e7da8ea2d : default, includeDependencies: false, policy: FORCE
[31/05/23 17:11:15:058 UTC]  INFO util.ActivityLogger: class com.dotcms.content.elasticsearch.business.ESContentletAPIImpl: System Host : Content Locked , StartDate: N/D; EndDate: N/D; User:system; ContentIdentifier: 8a7d5e23-da1e-420a-b4f0-471e7da8ea2d
[31/05/23 17:11:15:064 UTC]  INFO util.ActivityLogger: class com.dotcms.content.elasticsearch.business.ESContentletAPIImpl: System Host : Saving Content , StartDate: N/D; EndDate: N/D; User:system; ContentIdentifier: 8a7d5e23-da1e-420a-b4f0-471e7da8ea2d
[31/05/23 17:11:15:213 UTC]  INFO business.ContentletIndexAPIImpl: Indexing: 8a7d5e23-da1e-420a-b4f0-471e7da8ea2d : default, includeDependencies: true, policy: FORCE
[31/05/23 17:11:15:249 UTC]  INFO util.ActivityLogger: class com.dotcms.content.elasticsearch.business.ESContentletAPIImpl: System Host : Content Saved , StartDate: N/D; EndDate: N/D; User:system; ContentIdentifier: 8a7d5e23-da1e-420a-b4f0-471e7da8ea2d
[31/05/23 17:11:15:253 UTC]  INFO util.ActivityLogger: class com.dotcms.content.elasticsearch.business.ESContentletAPIImpl: System Host : Publishing Content , StartDate: N/D; EndDate: N/D; User:system; ContentIdentifier: 8a7d5e23-da1e-420a-b4f0-471e7da8ea2d
[31/05/23 17:11:15:257 UTC]  INFO business.ContentletIndexAPIImpl: Indexing: 8a7d5e23-da1e-420a-b4f0-471e7da8ea2d : default, includeDependencies: true, policy: FORCE
[31/05/23 17:11:15:299 UTC]  INFO util.ActivityLogger: class com.dotcms.content.elasticsearch.business.ESContentletAPIImpl: System Host : Content Published , StartDate: N/D; EndDate: N/D; User:system; ContentIdentifier: 8a7d5e23-da1e-420a-b4f0-471e7da8ea2d
[31/05/23 17:11:15:305 UTC]  INFO util.ActivityLogger: class com.dotcms.content.elasticsearch.business.ESContentletAPIImpl: System Host : Publishing Content , StartDate: N/D; EndDate: N/D; User:system; ContentIdentifier: 48190c8c-42c4-46af-8d1a-0cd5db894797
[31/05/23 17:11:15:309 UTC]  INFO business.ContentletIndexAPIImpl: Indexing: 48190c8c-42c4-46af-8d1a-0cd5db894797 : demo.dotcms.com, includeDependencies: true, policy: FORCE
[31/05/23 17:11:15:339 UTC]  INFO util.ActivityLogger: class com.dotcms.content.elasticsearch.business.ESContentletAPIImpl: System Host : Content Published , StartDate: N/D; EndDate: N/D; User:system; ContentIdentifier: 48190c8c-42c4-46af-8d1a-0cd5db894797
[31/05/23 17:11:15:342 UTC]  INFO business.ContentletIndexAPIImpl: Indexing: 48190c8c-42c4-46af-8d1a-0cd5db894797 : demo.dotcms.com, includeDependencies: true, policy: FORCE
[31/05/23 17:11:15:390 UTC]  INFO util.SecurityLogger: class com.dotmarketing.portlets.workflows.business.WorkflowAPIImpl : Workflow Scheme 'System Workflow' [d61a59e1-a49c-46f2-a929-db2b4bfa88b2] has been saved by User ID 'system' -- ip:172.18.0.1,user:Admin User [ID: dotcms.org.1][email:admin@dotcms.com]
[31/05/23 17:11:15:403 UTC]  INFO util.SecurityLogger: class com.dotmarketing.portlets.workflows.business.WorkflowAPIImpl : Workflow Step 'New' [6cb7e3bd-1710-4eed-8838-d3db60f78f19] has been saved by User ID 'system' -- ip:172.18.0.1,user:Admin User [ID: dotcms.org.1][email:admin@dotcms.com]
[31/05/23 17:11:15:408 UTC]  INFO util.SecurityLogger: class com.dotmarketing.portlets.workflows.business.WorkflowAPIImpl : Workflow Step 'Draft' [ee24a4cb-2d15-4c98-b1bd-6327126451f3] has been saved by User ID 'system' -- ip:172.18.0.1,user:Admin User [ID: dotcms.org.1][email:admin@dotcms.com]
[31/05/23 17:11:15:411 UTC]  INFO util.SecurityLogger: class com.dotmarketing.portlets.workflows.business.WorkflowAPIImpl : Workflow Step 'Published' [dc3c9cd0-8467-404b-bf95-cb7df3fbc293] has been saved by User ID 'system' -- ip:172.18.0.1,user:Admin User [ID: dotcms.org.1][email:admin@dotcms.com]
[31/05/23 17:11:15:416 UTC]  INFO util.SecurityLogger: class com.dotmarketing.portlets.workflows.business.WorkflowAPIImpl : Workflow Step 'Archived' [d6b095b6-b65f-4bdb-bbfd-701d663dfee2] has been saved by User ID 'system' -- ip:172.18.0.1,user:Admin User [ID: dotcms.org.1][email:admin@dotcms.com]
[31/05/23 17:11:15:433 UTC]  INFO util.SecurityLogger: class com.dotmarketing.portlets.workflows.business.WorkflowAPIImpl : Action id: '4da13a42-5d59-480c-ad8f-94a3adf809fe' has been reordered by user: system -- ip:172.18.0.1,user:Admin User [ID: dotcms.org.1][email:admin@dotcms.com]
[31/05/23 17:11:15:437 UTC]  WARN business.PermissionCacheImpl:  !!! Putting an empty list of permissions in the cache for asset:4da13a42-5d59-480c-ad8f-94a3adf809fe. Every asset should have at least 1 permission (or inherited permission) associated with it
[31/05/23 17:11:15:446 UTC]  INFO util.SecurityLogger: class com.dotmarketing.portlets.workflows.business.WorkflowAPIImpl : Action id: '963f6a04-5320-42e7-ab74-6d876d199946' has been reordered by user: system -- ip:172.18.0.1,user:Admin User [ID: dotcms.org.1][email:admin@dotcms.com]
[31/05/23 17:11:15:449 UTC]  WARN business.PermissionCacheImpl:  !!! Putting an empty list of permissions in the cache for asset:963f6a04-5320-42e7-ab74-6d876d199946. Every asset should have at least 1 permission (or inherited permission) associated with it
[31/05/23 17:11:15:457 UTC]  INFO util.SecurityLogger: class com.dotmarketing.portlets.workflows.business.WorkflowAPIImpl : Action id: '777f1c6b-c877-4a37-ba4b-10627316c2cc' has been reordered by user: system -- ip:172.18.0.1,user:Admin User [ID: dotcms.org.1][email:admin@dotcms.com]
[31/05/23 17:11:15:461 UTC]  WARN business.PermissionCacheImpl:  !!! Putting an empty list of permissions in the cache for asset:777f1c6b-c877-4a37-ba4b-10627316c2cc. Every asset should have at least 1 permission (or inherited permission) associated with it
[31/05/23 17:11:15:470 UTC]  INFO util.SecurityLogger: class com.dotmarketing.portlets.workflows.business.WorkflowAPIImpl : Action id: '1e0f1c6b-b67f-4c99-983d-db2b4bfa88b2' has been reordered by user: system -- ip:172.18.0.1,user:Admin User [ID: dotcms.org.1][email:admin@dotcms.com]
[31/05/23 17:11:15:474 UTC]  WARN business.PermissionCacheImpl:  !!! Putting an empty list of permissions in the cache for asset:1e0f1c6b-b67f-4c99-983d-db2b4bfa88b2. Every asset should have at least 1 permission (or inherited permission) associated with it
[31/05/23 17:11:15:485 UTC]  INFO util.SecurityLogger: class com.dotmarketing.portlets.workflows.business.WorkflowAPIImpl : Action id: 'b9d89c80-3d88-4311-8365-187323c96436' has been reordered by user: system -- ip:172.18.0.1,user:Admin User [ID: dotcms.org.1][email:admin@dotcms.com]
[31/05/23 17:11:15:488 UTC]  WARN business.PermissionCacheImpl:  !!! Putting an empty list of permissions in the cache for asset:b9d89c80-3d88-4311-8365-187323c96436. Every asset should have at least 1 permission (or inherited permission) associated with it
[31/05/23 17:11:15:497 UTC]  INFO util.SecurityLogger: class com.dotmarketing.portlets.workflows.business.WorkflowAPIImpl : Action id: 'ceca71a0-deee-4999-bd47-b01baa1bcfc8' has been reordered by user: system -- ip:172.18.0.1,user:Admin User [ID: dotcms.org.1][email:admin@dotcms.com]
[31/05/23 17:11:15:501 UTC]  WARN business.PermissionCacheImpl:  !!! Putting an empty list of permissions in the cache for asset:ceca71a0-deee-4999-bd47-b01baa1bcfc8. Every asset should have at least 1 permission (or inherited permission) associated with it
[31/05/23 17:11:15:518 UTC]  INFO util.SecurityLogger: class com.dotmarketing.portlets.workflows.business.WorkflowAPIImpl : Action id: 'c92f9aa1-9503-4567-ac30-d3242b54d02d' has been reordered by user: system -- ip:172.18.0.1,user:Admin User [ID: dotcms.org.1][email:admin@dotcms.com]
[31/05/23 17:11:15:521 UTC]  WARN business.PermissionCacheImpl:  !!! Putting an empty list of permissions in the cache for asset:c92f9aa1-9503-4567-ac30-d3242b54d02d. Every asset should have at least 1 permission (or inherited permission) associated with it
[31/05/23 17:11:15:532 UTC]  INFO util.SecurityLogger: class com.dotmarketing.portlets.workflows.business.WorkflowAPIImpl : Action id: '38efc763-d78f-4e4b-b092-59cd8c579b93' has been reordered by user: system -- ip:172.18.0.1,user:Admin User [ID: dotcms.org.1][email:admin@dotcms.com]
[31/05/23 17:11:15:534 UTC]  WARN business.PermissionCacheImpl:  !!! Putting an empty list of permissions in the cache for asset:38efc763-d78f-4e4b-b092-59cd8c579b93. Every asset should have at least 1 permission (or inherited permission) associated with it
[31/05/23 17:11:15:544 UTC]  INFO util.SecurityLogger: class com.dotmarketing.portlets.workflows.business.WorkflowAPIImpl : The action id: 'ceca71a0-deee-4999-bd47-b01baa1bcfc8' has been saved by the user: system -- ip:172.18.0.1,user:Admin User [ID: dotcms.org.1][email:admin@dotcms.com]
[31/05/23 17:11:15:549 UTC]  INFO util.SecurityLogger: class com.dotmarketing.portlets.workflows.business.WorkflowAPIImpl : The action id: 'b9d89c80-3d88-4311-8365-187323c96436' has been saved by the user: system -- ip:172.18.0.1,user:Admin User [ID: dotcms.org.1][email:admin@dotcms.com]
[31/05/23 17:11:15:555 UTC]  INFO util.SecurityLogger: class com.dotmarketing.portlets.workflows.business.WorkflowAPIImpl : The action id: '777f1c6b-c877-4a37-ba4b-10627316c2cc' has been saved by the user: system -- ip:172.18.0.1,user:Admin User [ID: dotcms.org.1][email:admin@dotcms.com]
[31/05/23 17:11:15:562 UTC]  INFO util.SecurityLogger: class com.dotmarketing.portlets.workflows.business.WorkflowAPIImpl : The action id: 'ceca71a0-deee-4999-bd47-b01baa1bcfc8' has been saved by the user: system -- ip:172.18.0.1,user:Admin User [ID: dotcms.org.1][email:admin@dotcms.com]
[31/05/23 17:11:15:567 UTC]  INFO util.SecurityLogger: class com.dotmarketing.portlets.workflows.business.WorkflowAPIImpl : The action id: '38efc763-d78f-4e4b-b092-59cd8c579b93' has been saved by the user: system -- ip:172.18.0.1,user:Admin User [ID: dotcms.org.1][email:admin@dotcms.com]
[31/05/23 17:11:15:573 UTC]  INFO util.SecurityLogger: class com.dotmarketing.portlets.workflows.business.WorkflowAPIImpl : The action id: '963f6a04-5320-42e7-ab74-6d876d199946' has been saved by the user: system -- ip:172.18.0.1,user:Admin User [ID: dotcms.org.1][email:admin@dotcms.com]
[31/05/23 17:11:15:578 UTC]  INFO util.SecurityLogger: class com.dotmarketing.portlets.workflows.business.WorkflowAPIImpl : The action id: 'b9d89c80-3d88-4311-8365-187323c96436' has been saved by the user: system -- ip:172.18.0.1,user:Admin User [ID: dotcms.org.1][email:admin@dotcms.com]
[31/05/23 17:11:15:583 UTC]  INFO util.SecurityLogger: class com.dotmarketing.portlets.workflows.business.WorkflowAPIImpl : The action id: '4da13a42-5d59-480c-ad8f-94a3adf809fe' has been saved by the user: system -- ip:172.18.0.1,user:Admin User [ID: dotcms.org.1][email:admin@dotcms.com]
[31/05/23 17:11:15:590 UTC]  INFO util.SecurityLogger: class com.dotmarketing.portlets.workflows.business.WorkflowAPIImpl : The action id: '963f6a04-5320-42e7-ab74-6d876d199946' has been saved by the user: system -- ip:172.18.0.1,user:Admin User [ID: dotcms.org.1][email:admin@dotcms.com]
[31/05/23 17:11:15:595 UTC]  INFO util.SecurityLogger: class com.dotmarketing.portlets.workflows.business.WorkflowAPIImpl : The action id: 'ceca71a0-deee-4999-bd47-b01baa1bcfc8' has been saved by the user: system -- ip:172.18.0.1,user:Admin User [ID: dotcms.org.1][email:admin@dotcms.com]
[31/05/23 17:11:15:600 UTC]  INFO util.SecurityLogger: class com.dotmarketing.portlets.workflows.business.WorkflowAPIImpl : The action id: '38efc763-d78f-4e4b-b092-59cd8c579b93' has been saved by the user: system -- ip:172.18.0.1,user:Admin User [ID: dotcms.org.1][email:admin@dotcms.com]
[31/05/23 17:11:15:606 UTC]  INFO util.SecurityLogger: class com.dotmarketing.portlets.workflows.business.WorkflowAPIImpl : The action id: '4da13a42-5d59-480c-ad8f-94a3adf809fe' has been saved by the user: system -- ip:172.18.0.1,user:Admin User [ID: dotcms.org.1][email:admin@dotcms.com]
[31/05/23 17:11:15:611 UTC]  INFO util.SecurityLogger: class com.dotmarketing.portlets.workflows.business.WorkflowAPIImpl : The action id: 'b9d89c80-3d88-4311-8365-187323c96436' has been saved by the user: system -- ip:172.18.0.1,user:Admin User [ID: dotcms.org.1][email:admin@dotcms.com]
[31/05/23 17:11:15:620 UTC]  INFO util.SecurityLogger: class com.dotmarketing.portlets.workflows.business.WorkflowAPIImpl : The action id: 'c92f9aa1-9503-4567-ac30-d3242b54d02d' has been saved by the user: system -- ip:172.18.0.1,user:Admin User [ID: dotcms.org.1][email:admin@dotcms.com]
[31/05/23 17:11:15:625 UTC]  INFO util.SecurityLogger: class com.dotmarketing.portlets.workflows.business.WorkflowAPIImpl : The action id: '777f1c6b-c877-4a37-ba4b-10627316c2cc' has been saved by the user: system -- ip:172.18.0.1,user:Admin User [ID: dotcms.org.1][email:admin@dotcms.com]
[31/05/23 17:11:15:630 UTC]  INFO util.SecurityLogger: class com.dotmarketing.portlets.workflows.business.WorkflowAPIImpl : The action id: '1e0f1c6b-b67f-4c99-983d-db2b4bfa88b2' has been saved by the user: system -- ip:172.18.0.1,user:Admin User [ID: dotcms.org.1][email:admin@dotcms.com]
[31/05/23 17:11:15:713 UTC]  INFO util.SecurityLogger: class com.dotmarketing.portlets.workflows.business.WorkflowAPIImpl : Workflow Action Class with id: 'f970943f-3768-49b6-bc6b-f24f9affbfbf' has been deleted -- ip:172.18.0.1,user:Admin User [ID: dotcms.org.1][email:admin@dotcms.com]
[31/05/23 17:11:15:718 UTC]  INFO util.SecurityLogger: class com.dotmarketing.portlets.workflows.business.WorkflowAPIImpl : Workflow Action with id: dd4c4b7c-e9d3-4dc0-8fbf-36102f9c6324, name: Move has been deleted -- ip:172.18.0.1,user:Admin User [ID: dotcms.org.1][email:admin@dotcms.com]
[31/05/23 17:11:15:771 UTC]  INFO helper.SystemActionMappingsHandlerMerger: The mapping for systemAction: NEW, workflowAction: Optional[WorkflowAction [id=ceca71a0-deee-4999-bd47-b01baa1bcfc8, name=Save, stepId=null, nextStep=ee24a4cb-2d15-4c98-b1bd-6327126451f3]], and scheme: d61a59e1-a49c-46f2-a929-db2b4bfa88b2 has been saved
[31/05/23 17:11:15:775 UTC]  INFO helper.SystemActionMappingsHandlerMerger: The mapping for systemAction: EDIT, workflowAction: Optional[WorkflowAction [id=ceca71a0-deee-4999-bd47-b01baa1bcfc8, name=Save, stepId=null, nextStep=ee24a4cb-2d15-4c98-b1bd-6327126451f3]], and scheme: d61a59e1-a49c-46f2-a929-db2b4bfa88b2 has been saved
[31/05/23 17:11:15:779 UTC]  INFO helper.SystemActionMappingsHandlerMerger: The mapping for systemAction: UNPUBLISH, workflowAction: Optional[WorkflowAction [id=38efc763-d78f-4e4b-b092-59cd8c579b93, name=Unpublish, stepId=null, nextStep=ee24a4cb-2d15-4c98-b1bd-6327126451f3]], and scheme: d61a59e1-a49c-46f2-a929-db2b4bfa88b2 has been saved
[31/05/23 17:11:15:783 UTC]  INFO helper.SystemActionMappingsHandlerMerger: The mapping for systemAction: UNARCHIVE, workflowAction: Optional[WorkflowAction [id=c92f9aa1-9503-4567-ac30-d3242b54d02d, name=Unarchive, stepId=null, nextStep=ee24a4cb-2d15-4c98-b1bd-6327126451f3]], and scheme: d61a59e1-a49c-46f2-a929-db2b4bfa88b2 has been saved
[31/05/23 17:11:15:787 UTC]  INFO helper.SystemActionMappingsHandlerMerger: The mapping for systemAction: PUBLISH, workflowAction: Optional[WorkflowAction [id=b9d89c80-3d88-4311-8365-187323c96436, name=Publish, stepId=null, nextStep=dc3c9cd0-8467-404b-bf95-cb7df3fbc293]], and scheme: d61a59e1-a49c-46f2-a929-db2b4bfa88b2 has been saved
[31/05/23 17:11:15:790 UTC]  INFO helper.SystemActionMappingsHandlerMerger: The mapping for systemAction: ARCHIVE, workflowAction: Optional[WorkflowAction [id=4da13a42-5d59-480c-ad8f-94a3adf809fe, name=Archive, stepId=null, nextStep=d6b095b6-b65f-4bdb-bbfd-701d663dfee2]], and scheme: d61a59e1-a49c-46f2-a929-db2b4bfa88b2 has been saved
[31/05/23 17:11:15:793 UTC]  INFO helper.SystemActionMappingsHandlerMerger: The mapping for systemAction: DESTROY, workflowAction: Optional[WorkflowAction [id=1e0f1c6b-b67f-4c99-983d-db2b4bfa88b2, name=Destroy, stepId=null, nextStep=d6b095b6-b65f-4bdb-bbfd-701d663dfee2]], and scheme: d61a59e1-a49c-46f2-a929-db2b4bfa88b2 has been saved
[31/05/23 17:11:15:797 UTC]  INFO helper.SystemActionMappingsHandlerMerger: The mapping for systemAction: DELETE, workflowAction: Optional[WorkflowAction [id=777f1c6b-c877-4a37-ba4b-10627316c2cc, name=Delete, stepId=null, nextStep=d6b095b6-b65f-4bdb-bbfd-701d663dfee2]], and scheme: d61a59e1-a49c-46f2-a929-db2b4bfa88b2 has been saved
[31/05/23 17:11:15:797 UTC]  INFO util.PushPublishLogger: class com.dotcms.enterprise.publishing.remote.handler.WorkflowHandler : [BundleID: content_type_and_content_demo.tar.gz] Workflow publish success, ID: d61a59e1-a49c-46f2-a929-db2b4bfa88b2, Name: System Workflow
[31/05/23 17:11:15:895 UTC]  INFO util.ActivityLogger: class com.dotcms.contenttype.business.ContentTypeAPIImpl: system : Save ContentType Action , User system/system user system user added ContentType Host to host id:SYSTEM_HOST
[31/05/23 17:11:15:895 UTC]  INFO business.ContentTypeAPIImpl: UserId : system : ContentType : ContentType saved : Host
[31/05/23 17:11:15:895 UTC]  INFO util.AdminLogger: UserId : system : class com.dotcms.contenttype.business.ContentTypeAPIImpl : ContentType : ContentType saved : Host
[31/05/23 17:11:15:913 UTC]  INFO util.ActivityLogger: class com.dotmarketing.util.ActivityLogger: system : Update Field Action , User system/system user modified field fields-0 to Host Structure.
[31/05/23 17:11:15:933 UTC]  INFO util.ActivityLogger: class com.dotmarketing.util.ActivityLogger: system : Update Field Action , User system/system user modified field fields-1 to Host Structure.
[31/05/23 17:11:15:952 UTC]  INFO util.ActivityLogger: class com.dotmarketing.util.ActivityLogger: system : Update Field Action , User system/system user modified field Host Name to Host Structure.
[31/05/23 17:11:15:972 UTC]  INFO util.ActivityLogger: class com.dotmarketing.util.ActivityLogger: system : Update Field Action , User system/system user modified field Aliases to Host Structure.
[31/05/23 17:11:15:978 UTC]  INFO business.FieldAPIImpl: No changes made to field: isDefault, returning
[31/05/23 17:11:15:994 UTC]  INFO util.ActivityLogger: class com.dotmarketing.util.ActivityLogger: system : Update Field Action , User system/system user modified field Tag Storage to Host Structure.
[31/05/23 17:11:16:020 UTC]  INFO util.ActivityLogger: class com.dotmarketing.util.ActivityLogger: system : Update Field Action , User system/system user modified field Host Thumbnail to Host Structure.
[31/05/23 17:11:16:027 UTC]  INFO business.FieldAPIImpl: No changes made to field: isSystemHost, returning
[31/05/23 17:11:16:041 UTC]  INFO util.ActivityLogger: class com.dotmarketing.util.ActivityLogger: system : Update Field Action , User system/system user modified field Run Dashboard to Host Structure.
[31/05/23 17:11:16:062 UTC]  INFO util.ActivityLogger: class com.dotmarketing.util.ActivityLogger: system : Save Field Action , User system/system user added field Meta Data (Default) to Host Structure.
[31/05/23 17:11:16:085 UTC]  INFO util.ActivityLogger: class com.dotmarketing.util.ActivityLogger: system : Save Field Action , User system/system user added field Keywords to Host Structure.
[31/05/23 17:11:16:109 UTC]  INFO util.ActivityLogger: class com.dotmarketing.util.ActivityLogger: system : Save Field Action , User system/system user added field Description to Host Structure.
[31/05/23 17:11:16:135 UTC]  INFO util.ActivityLogger: class com.dotmarketing.util.ActivityLogger: system : Save Field Action , User system/system user added field Site Tags to Host Structure.
[31/05/23 17:11:16:162 UTC]  INFO util.ActivityLogger: class com.dotmarketing.util.ActivityLogger: system : Save Field Action , User system/system user added field Google Map to Host Structure.
[31/05/23 17:11:16:190 UTC]  INFO util.ActivityLogger: class com.dotmarketing.util.ActivityLogger: system : Save Field Action , User system/system user added field Google Analytics to Host Structure.
[31/05/23 17:11:16:219 UTC]  INFO util.ActivityLogger: class com.dotmarketing.util.ActivityLogger: system : Save Field Action , User system/system user added field Add This to Host Structure.
[31/05/23 17:11:16:250 UTC]  INFO util.ActivityLogger: class com.dotmarketing.util.ActivityLogger: system : Save Field Action , User system/system user added field Proxy Url for Edit Mode to Host Structure.
[31/05/23 17:11:16:282 UTC]  INFO util.ActivityLogger: class com.dotmarketing.util.ActivityLogger: system : Save Field Action , User system/system user added field Embedded Dashboard Url to Host Structure.
[31/05/23 17:11:16:290 UTC]  INFO util.PushPublishLogger: class com.dotcms.enterprise.publishing.remote.handler.ContentTypeHandler : [BundleID: content_type_and_content_demo.tar.gz] Content Type publish success, ID: 855a2d72-f2f3-4169-8b04-ac5157c4380c, Name: Host
[31/05/23 17:11:16:294 UTC]  INFO util.SecurityLogger: class com.dotmarketing.portlets.workflows.business.WorkflowAPIImpl : Saving schemes [ [WorkflowScheme [id=d61a59e1-a49c-46f2-a929-db2b4bfa88b2, name=System Workflow, archived=false, mandatory=false]] ] for Content Type [ com.dotmarketing.portlets.structure.model.Structure@433033fb[name=Host,description=System hosts information,defaultStructure=false,reviewInterval=<null>,reviewerRole=<null>,pagedetail=<null>,structureType=1,fixed=true,system=true,velocityVarName=Host,urlMapPattern=<null>,host=SYSTEM_HOST,folder=SYSTEM_FOLDER,publishDateVar=<null>,expireDateVar=<null>,modDate=Wed May 31 17:11:16 UTC 2023,icon=event_note,sortOrder=0,iDate=Mon Mar 28 15:10:14 UTC 2016,type=structure,owner=<null>,inode=855a2d72-f2f3-4169-8b04-ac5157c4380c,identifier=855a2d72-f2f3-4169-8b04-ac5157c4380c] ] -- ip:172.18.0.1,user:Admin User [ID: dotcms.org.1][email:admin@dotcms.com]
[31/05/23 17:11:16:306 UTC]  INFO business.ContentTypeAPIImpl: Content type not found with given id: ea533f67-4883-42bb-9701-83293e7313e5. Continuing...
[31/05/23 17:11:16:316 UTC]  INFO util.ActivityLogger: class com.dotmarketing.util.ActivityLogger: system : Save Field Action , User system/system user added field fields-0 to type_2 Structure.
[31/05/23 17:11:16:325 UTC]  INFO util.ActivityLogger: class com.dotmarketing.util.ActivityLogger: system : Save Field Action , User system/system user added field fields-1 to type_2 Structure.
[31/05/23 17:11:16:335 UTC]  INFO util.ActivityLogger: class com.dotmarketing.util.ActivityLogger: system : Save Field Action , User system/system user added field text_1 to type_2 Structure.
[31/05/23 17:11:16:340 UTC]  INFO util.ActivityLogger: class com.dotcms.contenttype.business.ContentTypeAPIImpl: system : Save ContentType Action , User system/system user system user added ContentType type_2 to host id:48190c8c-42c4-46af-8d1a-0cd5db894797
[31/05/23 17:11:16:340 UTC]  INFO business.ContentTypeAPIImpl: UserId : system : ContentType : ContentType saved : type_2
[31/05/23 17:11:16:340 UTC]  INFO util.AdminLogger: UserId : system : class com.dotcms.contenttype.business.ContentTypeAPIImpl : ContentType : ContentType saved : type_2
[31/05/23 17:11:16:340 UTC]  INFO util.PushPublishLogger: class com.dotcms.enterprise.publishing.remote.handler.ContentTypeHandler : [BundleID: content_type_and_content_demo.tar.gz] Content Type publish success, ID: ea533f67-4883-42bb-9701-83293e7313e5, Name: type_2
[31/05/23 17:11:16:342 UTC]  INFO util.SecurityLogger: class com.dotmarketing.portlets.workflows.business.WorkflowAPIImpl : Saving schemes [ [WorkflowScheme [id=d61a59e1-a49c-46f2-a929-db2b4bfa88b2, name=System Workflow, archived=false, mandatory=false]] ] for Content Type [ com.dotmarketing.portlets.structure.model.Structure@8a98520[name=type_2,description=<null>,defaultStructure=false,reviewInterval=<null>,reviewerRole=<null>,pagedetail=<null>,structureType=1,fixed=false,system=false,velocityVarName=Type2,urlMapPattern=<null>,host=48190c8c-42c4-46af-8d1a-0cd5db894797,folder=SYSTEM_FOLDER,publishDateVar=<null>,expireDateVar=<null>,modDate=Thu Oct 08 17:32:29 UTC 2020,icon=<null>,sortOrder=0,iDate=Thu Oct 08 17:32:19 UTC 2020,type=structure,owner=<null>,inode=ea533f67-4883-42bb-9701-83293e7313e5,identifier=ea533f67-4883-42bb-9701-83293e7313e5] ] -- ip:172.18.0.1,user:Admin User [ID: dotcms.org.1][email:admin@dotcms.com]
[31/05/23 17:11:16:364 UTC]  INFO util.PushPublishLogger: class com.dotcms.enterprise.publishing.remote.handler.LanguageVariablesHandler : [BundleID: content_type_and_content_demo.tar.gz] Language File publish success, Name: cms_language_en.properties
[31/05/23 17:11:16:364 UTC]  INFO util.PushPublishLogger: class com.dotcms.enterprise.publishing.remote.handler.LanguageVariablesHandler : [BundleID: content_type_and_content_demo.tar.gz] Language File publish success, Name: cms_language_en_US.properties
[31/05/23 17:11:16:364 UTC]  INFO util.PushPublishLogger: class com.dotcms.enterprise.publishing.remote.handler.LanguageVariablesHandler : [BundleID: content_type_and_content_demo.tar.gz] Language File publish success, Name: cms_language_es.properties
[31/05/23 17:11:16:366 UTC]  INFO util.PushPublishLogger: class com.dotcms.enterprise.publishing.remote.handler.LanguageVariablesHandler : [BundleID: content_type_and_content_demo.tar.gz] Language File publish success, Name: cms_language_es_ES.properties
[31/05/23 17:11:16:366 UTC]  INFO util.PushPublishLogger: class com.dotcms.enterprise.publishing.remote.handler.LanguageVariablesHandler : [BundleID: content_type_and_content_demo.tar.gz] Language File publish success, Name: cms_language_fr.properties
[31/05/23 17:11:16:367 UTC]  INFO util.PushPublishLogger: class com.dotcms.enterprise.publishing.remote.handler.LanguageVariablesHandler : [BundleID: content_type_and_content_demo.tar.gz] Language File publish success, Name: cms_language_fr_FR.properties
[31/05/23 17:11:16:368 UTC]  INFO util.PushPublishLogger: class com.dotcms.enterprise.publishing.remote.handler.LanguageVariablesHandler : [BundleID: content_type_and_content_demo.tar.gz] Language File publish success, Name: cms_language_zh.properties
[31/05/23 17:11:16:369 UTC]  INFO util.PushPublishLogger: class com.dotcms.enterprise.publishing.remote.handler.LanguageVariablesHandler : [BundleID: content_type_and_content_demo.tar.gz] Language File publish success, Name: cms_language_zh_CN.properties
[31/05/23 17:11:17:259 UTC]  INFO reindex.ReindexThread: --- Unpausing reindex thread 
[31/05/23 17:11:17:535 UTC]  INFO reindex.BulkProcessorListener: -----------
[31/05/23 17:11:17:536 UTC]  INFO reindex.BulkProcessorListener: Reindexing Server #  : 1 of 1
[31/05/23 17:11:17:536 UTC]  INFO reindex.BulkProcessorListener: Total Indexed        : 0
[31/05/23 17:11:17:537 UTC]  INFO reindex.BulkProcessorListener: ReindexEntries found : 3
[31/05/23 17:11:17:537 UTC]  INFO reindex.BulkProcessorListener: BulkRequests created : 6
[31/05/23 17:11:17:537 UTC]  INFO reindex.BulkProcessorListener: -----------
[31/05/23 17:11:19:388 UTC]  INFO delegate.SystemEventsJobDelegate: The event: bcac9909-390c-492e-8f05-44d16860aa3b, has been skipped on the server: b81ce2b3-b188-4cc2-ae50-df5e5cf9d55c
[31/05/23 17:11:19:388 UTC]  INFO delegate.SystemEventsJobDelegate: The event: 7a85123d-00d2-4eb0-a134-5277d4f6c0ac, has been skipped on the server: b81ce2b3-b188-4cc2-ae50-df5e5cf9d55c
[31/05/23 17:11:22:344 UTC]  INFO reindex.ReindexThread: --- ReindexThread Paused (every 3600000 millis)
[31/05/23 17:11:22:461 UTC]  INFO concurrent.Debouncer: Debouncing : invalidateGraphSchema after 5000 MILLISECONDS
[31/05/23 17:11:23:528 UTC]  INFO util.PushPublishLogger: class com.dotcms.rest.PushPublisherJob : [BundleID: content_type_and_content_demo.tar.gz] Finished bundle publish process
[31/05/23 17:11:23:528 UTC]  INFO rest.PushPublisherJob: Finished bundle publish process
[31/05/23 17:11:23:670 UTC]  INFO apps.SecretsKeyStoreHelper: KeyStore loaded successfully after `1` tries.
[31/05/23 17:11:26:679 UTC]  INFO util.SecurityLogger: class com.dotmarketing.cms.login.factories.LoginFactory : User admin@dotcms.com has sucessfully logged in from IP: 172.18.0.1 -- ip:172.18.0.1,user:Admin User [ID: dotcms.org.1][email:admin@dotcms.com]
[31/05/23 17:11:26:693 UTC]  INFO rest.BundleResource: Deleting all bundles by the user: dotcms.org.1
[31/05/23 17:11:26:700 UTC]  INFO business.BundleAPIImpl: Deleting all bundles with statuses: [BUNDLE_REQUESTED, BUNDLING, SENDING_TO_ENDPOINTS, FAILED_TO_SEND_TO_ALL_GROUPS, FAILED_TO_SEND_TO_SOME_GROUPS, FAILED_TO_BUNDLE, FAILED_TO_SENT, FAILED_TO_PUBLISH, SUCCESS, BUNDLE_SENT_SUCCESSFULLY, RECEIVED_BUNDLE, PUBLISHING_BUNDLE, WAITING_FOR_PUBLISHING, BUNDLE_SAVED_SUCCESSFULLY, INVALID_TOKEN, LICENSE_REQUIRED, SUCCESS_WITH_WARNINGS, FAILED_INTEGRITY_CHECK]by the user: dotcms.org.1
[31/05/23 17:11:26:707 UTC]  INFO business.BundleAPIImpl: Removing bundle: content_type_and_content_demo and dependencies by: dotcms.org.1
[31/05/23 17:11:26:707 UTC]  INFO business.BundleAPIImpl: Removing audit status for a bundle: content_type_and_content_demo
[31/05/23 17:11:26:708 UTC]  INFO business.PublishAuditAPIImpl: Deleting the bundle: content_type_and_content_demo
[31/05/23 17:11:26:708 UTC]  INFO business.BundleAPIImpl: Removing all assets from bundle: content_type_and_content_demo
[31/05/23 17:11:26:709 UTC]  INFO business.BundleAPIImpl: Removing environments from bundle: content_type_and_content_demo
[31/05/23 17:11:26:709 UTC]  INFO business.BundleAPIImpl: Removing bundle: content_type_and_content_demo
[31/05/23 17:11:26:735 UTC]  INFO business.BundleAPIImpl: Deleted 1 bundles, failed 0 bundles
[31/05/23 17:11:26:747 UTC]  WARN struts.MultiMessageResources: Duplicate resource property definition (key=was ==> is now): contenttypes.content.copy=Copy ==> Copy
[31/05/23 17:11:26:749 UTC]  WARN struts.MultiMessageResources: Duplicate resource property definition (key=was ==> is now): message.category.import=Importing Categories.  This operation cannot be cancelled or undone. ==> IMPORT
[31/05/23 17:11:26:750 UTC]  WARN struts.MultiMessageResources: Duplicate resource property definition (key=was ==> is now): message.containers.create.content_type_code=Content Type Code ==> Content Type Code
[31/05/23 17:11:26:752 UTC]  WARN struts.MultiMessageResources: Duplicate resource property definition (key=was ==> is now): Save=Save ==> Save
[31/05/23 17:11:26:753 UTC]  WARN struts.MultiMessageResources: Duplicate resource property definition (key=was ==> is now): Move=Move ==> Move
[31/05/23 17:11:26:754 UTC]  WARN struts.MultiMessageResources: Duplicate resource property definition (key=was ==> is now): archived=archived ==> Archived
[31/05/23 17:11:29:397 UTC]  INFO delegate.SystemEventsJobDelegate: The event: 945bf19f-2a65-4538-b6d6-008af994454c, has been skipped on the server: b81ce2b3-b188-4cc2-ae50-df5e5cf9d55c
[31/05/23 17:11:29:397 UTC]  INFO delegate.SystemEventsJobDelegate: The event: 436d5437-fa60-4a73-a18b-d5041477449a, has been skipped on the server: b81ce2b3-b188-4cc2-ae50-df5e5cf9d55c
[31/05/23 17:11:39:823 UTC]  INFO util.SecurityLogger: class com.dotmarketing.cms.login.factories.LoginFactory : User admin@dotcms.com has sucessfully logged in from IP: 172.18.0.1 -- ip:172.18.0.1,user:Admin User [ID: dotcms.org.1][email:admin@dotcms.com]
[31/05/23 17:11:39:868 UTC]  WARN ajax.RemotePublishAjaxAction: Unable to find asset id = [ea533f67-4883-42bb-9701-83293e7313e5]
[31/05/23 17:11:39:926 UTC]  INFO util.PushPublishLogger: class com.dotcms.publisher.business.PublisherAPIImpl : [BundleID: 01H1SCPD2K5AKF9X70A3NRT7CB] Asset added to Push Publish Queue. Action: Added by Browsing, Asset Type: contenttype, Asset Id: ea533f67-4883-42bb-9701-83293e7313e5, User: dotcms.org.1
[31/05/23 17:11:43:033 UTC]  INFO util.SecurityLogger: class com.dotmarketing.cms.login.factories.LoginFactory : User admin@dotcms.com has sucessfully logged in from IP: 172.18.0.1 -- ip:172.18.0.1,user:Admin User [ID: dotcms.org.1][email:admin@dotcms.com]
[31/05/23 17:11:45:064 UTC]  INFO business.PublisherQueueJob: 
[31/05/23 17:11:45:065 UTC]  INFO business.PublisherQueueJob: Found 1 bundle(s) to process.
[31/05/23 17:11:45:065 UTC]  INFO business.PublisherQueueJob: 
[31/05/23 17:11:45:065 UTC]  INFO business.PublisherQueueJob: Processing bundle: ID: 01H1SCPD2K5AKF9X70A3NRT7CB. Status: Starting. Publish Date: 2020-09-10 17:14:00.0
[31/05/23 17:11:45:065 UTC]  INFO util.PushPublishLogger: class com.dotcms.publisher.business.PublishAuditStatus : Status Update: Pending.
[31/05/23 17:11:45:083 UTC]  INFO util.PushPublishLogger: class com.dotcms.publisher.business.PublisherQueueJob : Pre-publish work started.
[31/05/23 17:11:45:095 UTC]  INFO util.PushPublishLogger: class com.dotcms.publisher.business.PublisherQueueJob : Pre-publish work complete.
[31/05/23 17:11:45:097 UTC]  INFO util.PushPublishLogger: class com.dotcms.publishing.PublisherAPIImpl : [BundleID: 01H1SCPD2K5AKF9X70A3NRT7CB] Started Publishing Task
[31/05/23 17:11:45:108 UTC]  INFO publishing.PublisherAPIImpl: Start of Bundler: DependencyBundler
[31/05/23 17:11:54:221 UTC]  INFO dependencies.ConcurrentDependencyProcessor: DependencyProcessor Finished
[31/05/23 17:11:54:221 UTC]  INFO publishing.PublisherAPIImpl: End of Bundler: DependencyBundler
[31/05/23 17:11:54:221 UTC]  INFO publishing.PublisherAPIImpl: Start of Bundler: HostBundler
[31/05/23 17:11:54:228 UTC]  INFO util.PushPublishLogger: class com.dotcms.enterprise.publishing.remote.bundler.HostBundler : Status Update: Bundling.
[31/05/23 17:11:54:307 UTC]  INFO bundler.HostBundler: Searching for ContentletVersionInfo. Identifier: 48190c8c-42c4-46af-8d1a-0cd5db894797. Language:1
[31/05/23 17:11:54:344 UTC]  INFO util.PushPublishLogger: class com.dotcms.enterprise.publishing.remote.bundler.HostBundler : Status Update: Bundling.
[31/05/23 17:11:54:346 UTC]  INFO publishing.PublisherAPIImpl: End of Bundler: HostBundler
[31/05/23 17:11:54:346 UTC]  INFO publishing.PublisherAPIImpl: Start of Bundler: ContentBundler
[31/05/23 17:11:54:348 UTC]  INFO util.PushPublishLogger: class com.dotcms.enterprise.publishing.remote.bundler.ContentBundler : Status Update: Bundling.
[31/05/23 17:11:54:351 UTC]  INFO util.PushPublishLogger: class com.dotcms.enterprise.publishing.remote.bundler.ContentBundler : Status Update: Bundling.
[31/05/23 17:11:54:352 UTC]  INFO publishing.PublisherAPIImpl: End of Bundler: ContentBundler
[31/05/23 17:11:54:352 UTC]  INFO publishing.PublisherAPIImpl: Start of Bundler: FolderBundler
[31/05/23 17:11:54:352 UTC]  INFO publishing.PublisherAPIImpl: End of Bundler: FolderBundler
[31/05/23 17:11:54:352 UTC]  INFO publishing.PublisherAPIImpl: Start of Bundler: TemplateBundler
[31/05/23 17:11:54:352 UTC]  INFO publishing.PublisherAPIImpl: End of Bundler: TemplateBundler
[31/05/23 17:11:54:352 UTC]  INFO publishing.PublisherAPIImpl: Start of Bundler: ContainerBundler
[31/05/23 17:11:54:352 UTC]  INFO publishing.PublisherAPIImpl: End of Bundler: ContainerBundler
[31/05/23 17:11:54:352 UTC]  INFO publishing.PublisherAPIImpl: Start of Bundler: RuleBundler
[31/05/23 17:11:54:355 UTC]  INFO publishing.PublisherAPIImpl: End of Bundler: RuleBundler
[31/05/23 17:11:54:355 UTC]  INFO publishing.PublisherAPIImpl: Start of Bundler: LinkBundler
[31/05/23 17:11:54:355 UTC]  INFO publishing.PublisherAPIImpl: End of Bundler: LinkBundler
[31/05/23 17:11:54:355 UTC]  INFO publishing.PublisherAPIImpl: Start of Bundler: ContentTypeBundler
[31/05/23 17:11:54:382 UTC]  INFO publishing.PublisherAPIImpl: End of Bundler: ContentTypeBundler
[31/05/23 17:11:54:382 UTC]  INFO publishing.PublisherAPIImpl: Start of Bundler: RelationshipBundler
[31/05/23 17:11:54:382 UTC]  INFO publishing.PublisherAPIImpl: End of Bundler: RelationshipBundler
[31/05/23 17:11:54:382 UTC]  INFO publishing.PublisherAPIImpl: Start of Bundler: LanguageVariablesBundler
[31/05/23 17:11:54:393 UTC]  WARN util.FileUtil: /data/shared/assets/messages/cms_language_en_US.properties is empty
[31/05/23 17:11:54:394 UTC]  WARN util.FileUtil: /data/shared/assets/messages/cms_language_es_ES.properties is empty
[31/05/23 17:11:54:395 UTC]  WARN util.FileUtil: /data/shared/assets/messages/cms_language_fr_FR.properties is empty
[31/05/23 17:11:54:398 UTC]  WARN util.FileUtil: /data/shared/assets/messages/cms_language_zh_CN.properties is empty
[31/05/23 17:11:54:398 UTC]  INFO publishing.PublisherAPIImpl: End of Bundler: LanguageVariablesBundler
[31/05/23 17:11:54:399 UTC]  INFO publishing.PublisherAPIImpl: Start of Bundler: WorkflowBundler
[31/05/23 17:11:54:496 UTC]  INFO publishing.PublisherAPIImpl: End of Bundler: WorkflowBundler
[31/05/23 17:11:54:498 UTC]  INFO publishing.PublisherAPIImpl: Start of Bundler: LanguageBundler
[31/05/23 17:11:54:498 UTC]  INFO publishing.PublisherAPIImpl: End of Bundler: LanguageBundler
[31/05/23 17:11:54:499 UTC]  INFO publishing.PublisherAPIImpl: Start of Bundler: BundleXMLAsc
[31/05/23 17:11:54:499 UTC]  INFO publishing.PublisherAPIImpl: End of Bundler: BundleXMLAsc
[31/05/23 17:11:54:500 UTC]  INFO publishing.PublisherAPIImpl: Start of Bundler: CategoryBundler
[31/05/23 17:11:54:500 UTC]  INFO publishing.PublisherAPIImpl: End of Bundler: CategoryBundler
[31/05/23 17:11:54:545 UTC]  INFO util.PushPublishLogger: class com.dotcms.publisher.pusher.PushPublisher : Status Update: Sending to all environments
[31/05/23 17:11:54:549 UTC]  INFO util.PushPublishLogger: class com.dotcms.publisher.pusher.PushPublisher : Status Update: Sending Bundle
[31/05/23 17:11:54:617 UTC]  INFO pusher.AuthCredentialPushPublishUtil: Is JWT in Push publish avaible?: false
[31/05/23 17:11:54:618 UTC]  INFO pusher.AuthCredentialPushPublishUtil: PublishingEndPoint: receiver-1685553065118
[31/05/23 17:11:54:619 UTC]  INFO pusher.AuthCredentialPushPublishUtil: PublishingEndPoint key: Optional[pmWkWSBCL51Bfkhn79xPuKBKHz//H6B+mY6G9/eieuM=]
[31/05/23 17:11:54:619 UTC]  INFO pusher.AuthCredentialPushPublishUtil: Token from request: pmWkWSBCL51Bfkhn79xPuKBKHz//H6B+mY6G9/eieuM=
[31/05/23 17:11:54:626 UTC]  INFO util.PushPublishLogger: class com.dotcms.publisher.business.PublishAuditStatus : Status Update: Pending.
[31/05/23 17:11:54:661 UTC]  INFO quartz.DotStatefulJob: New Task for job `PushPublisherJob` scheduled for execution `54 11 17 31 5 ? 2023`.
[31/05/23 17:11:54:663 UTC]  INFO rest.PushPublisherJob: Started bundle publish process
[31/05/23 17:11:54:663 UTC]  INFO util.PushPublishLogger: class com.dotcms.rest.PushPublisherJob : [BundleID: 01H1SCPD2K5AKF9X70A3NRT7CB.tar.gz] Started bundle publish process
[31/05/23 17:11:54:681 UTC]  INFO util.PushPublishLogger: class com.dotcms.publisher.pusher.PushPublisher : Status Update: Bundle sent
[31/05/23 17:11:54:682 UTC]  INFO util.PushPublishLogger: class com.dotcms.publisher.pusher.PushPublisher : Status Update: Bundle sent
[31/05/23 17:11:54:696 UTC]  INFO util.PushPublishLogger: class com.dotcms.publishing.PublisherAPIImpl : [BundleID: 01H1SCPD2K5AKF9X70A3NRT7CB] Completed Publishing Task
[31/05/23 17:11:54:728 UTC]  INFO util.ActivityLogger: class com.dotcms.content.elasticsearch.business.ESContentletAPIImpl: System Host : Saving Content , StartDate: N/D; EndDate: N/D; User:system; ContentIdentifier: 48190c8c-42c4-46af-8d1a-0cd5db894797
[31/05/23 17:11:54:778 UTC]  INFO business.ContentletIndexAPIImpl: Indexing: 48190c8c-42c4-46af-8d1a-0cd5db894797 : demo.dotcms.com, includeDependencies: true, policy: FORCE
[31/05/23 17:11:54:895 UTC]  INFO util.ActivityLogger: class com.dotcms.content.elasticsearch.business.ESContentletAPIImpl: System Host : Content Saved , StartDate: N/D; EndDate: N/D; User:system; ContentIdentifier: 48190c8c-42c4-46af-8d1a-0cd5db894797
[31/05/23 17:11:54:901 UTC]  INFO business.ContentletIndexAPIImpl: Indexing: 48190c8c-42c4-46af-8d1a-0cd5db894797 : demo.dotcms.com, includeDependencies: false, policy: FORCE
[31/05/23 17:11:54:901 UTC]  INFO util.PushPublishLogger: class com.dotcms.enterprise.publishing.remote.handler.ContentHandler : [BundleID: 01H1SCPD2K5AKF9X70A3NRT7CB.tar.gz] Host publish success, ID: 48190c8c-42c4-46af-8d1a-0cd5db894797, Inode: 6e8aca39-937c-437e-91d8-d46b631bdcc8, Name: demo.dotcms.com
[31/05/23 17:11:54:919 UTC]  INFO business.ContentletIndexAPIImpl: Indexing: 48190c8c-42c4-46af-8d1a-0cd5db894797 : demo.dotcms.com, includeDependencies: true, policy: FORCE
[31/05/23 17:11:54:933 UTC]  INFO util.SecurityLogger: class com.dotmarketing.portlets.workflows.business.WorkflowAPIImpl : Workflow Scheme 'System Workflow' [d61a59e1-a49c-46f2-a929-db2b4bfa88b2] has been saved by User ID 'system' -- ip:ukn,user:null
[31/05/23 17:11:54:938 UTC]  INFO util.SecurityLogger: class com.dotmarketing.portlets.workflows.business.WorkflowAPIImpl : Workflow Step 'New' [6cb7e3bd-1710-4eed-8838-d3db60f78f19] has been saved by User ID 'system' -- ip:ukn,user:null
[31/05/23 17:11:54:941 UTC]  INFO util.SecurityLogger: class com.dotmarketing.portlets.workflows.business.WorkflowAPIImpl : Workflow Step 'Draft' [ee24a4cb-2d15-4c98-b1bd-6327126451f3] has been saved by User ID 'system' -- ip:ukn,user:null
[31/05/23 17:11:54:944 UTC]  INFO util.SecurityLogger: class com.dotmarketing.portlets.workflows.business.WorkflowAPIImpl : Workflow Step 'Published' [dc3c9cd0-8467-404b-bf95-cb7df3fbc293] has been saved by User ID 'system' -- ip:ukn,user:null
[31/05/23 17:11:54:947 UTC]  INFO util.SecurityLogger: class com.dotmarketing.portlets.workflows.business.WorkflowAPIImpl : Workflow Step 'Archived' [d6b095b6-b65f-4bdb-bbfd-701d663dfee2] has been saved by User ID 'system' -- ip:ukn,user:null
[31/05/23 17:11:54:953 UTC]  INFO util.SecurityLogger: class com.dotmarketing.portlets.workflows.business.WorkflowAPIImpl : Action id: '4da13a42-5d59-480c-ad8f-94a3adf809fe' has been reordered by user: system -- ip:ukn,user:null
[31/05/23 17:11:54:956 UTC]  WARN business.PermissionCacheImpl:  !!! Putting an empty list of permissions in the cache for asset:4da13a42-5d59-480c-ad8f-94a3adf809fe. Every asset should have at least 1 permission (or inherited permission) associated with it
[31/05/23 17:11:54:962 UTC]  INFO util.SecurityLogger: class com.dotmarketing.portlets.workflows.business.WorkflowAPIImpl : Action id: '963f6a04-5320-42e7-ab74-6d876d199946' has been reordered by user: system -- ip:ukn,user:null
[31/05/23 17:11:54:964 UTC]  WARN business.PermissionCacheImpl:  !!! Putting an empty list of permissions in the cache for asset:963f6a04-5320-42e7-ab74-6d876d199946. Every asset should have at least 1 permission (or inherited permission) associated with it
[31/05/23 17:11:54:969 UTC]  INFO util.SecurityLogger: class com.dotmarketing.portlets.workflows.business.WorkflowAPIImpl : Action id: '777f1c6b-c877-4a37-ba4b-10627316c2cc' has been reordered by user: system -- ip:ukn,user:null
[31/05/23 17:11:54:971 UTC]  WARN business.PermissionCacheImpl:  !!! Putting an empty list of permissions in the cache for asset:777f1c6b-c877-4a37-ba4b-10627316c2cc. Every asset should have at least 1 permission (or inherited permission) associated with it
[31/05/23 17:11:54:975 UTC]  INFO util.SecurityLogger: class com.dotmarketing.portlets.workflows.business.WorkflowAPIImpl : Action id: '1e0f1c6b-b67f-4c99-983d-db2b4bfa88b2' has been reordered by user: system -- ip:ukn,user:null
[31/05/23 17:11:54:977 UTC]  WARN business.PermissionCacheImpl:  !!! Putting an empty list of permissions in the cache for asset:1e0f1c6b-b67f-4c99-983d-db2b4bfa88b2. Every asset should have at least 1 permission (or inherited permission) associated with it
[31/05/23 17:11:54:982 UTC]  INFO util.SecurityLogger: class com.dotmarketing.portlets.workflows.business.WorkflowAPIImpl : Action id: 'b9d89c80-3d88-4311-8365-187323c96436' has been reordered by user: system -- ip:ukn,user:null
[31/05/23 17:11:54:984 UTC]  WARN business.PermissionCacheImpl:  !!! Putting an empty list of permissions in the cache for asset:b9d89c80-3d88-4311-8365-187323c96436. Every asset should have at least 1 permission (or inherited permission) associated with it
[31/05/23 17:11:54:989 UTC]  INFO util.SecurityLogger: class com.dotmarketing.portlets.workflows.business.WorkflowAPIImpl : Action id: 'ceca71a0-deee-4999-bd47-b01baa1bcfc8' has been reordered by user: system -- ip:ukn,user:null
[31/05/23 17:11:54:991 UTC]  WARN business.PermissionCacheImpl:  !!! Putting an empty list of permissions in the cache for asset:ceca71a0-deee-4999-bd47-b01baa1bcfc8. Every asset should have at least 1 permission (or inherited permission) associated with it
[31/05/23 17:11:54:995 UTC]  INFO util.SecurityLogger: class com.dotmarketing.portlets.workflows.business.WorkflowAPIImpl : Action id: 'c92f9aa1-9503-4567-ac30-d3242b54d02d' has been reordered by user: system -- ip:ukn,user:null
[31/05/23 17:11:54:997 UTC]  WARN business.PermissionCacheImpl:  !!! Putting an empty list of permissions in the cache for asset:c92f9aa1-9503-4567-ac30-d3242b54d02d. Every asset should have at least 1 permission (or inherited permission) associated with it
[31/05/23 17:11:55:001 UTC]  INFO util.SecurityLogger: class com.dotmarketing.portlets.workflows.business.WorkflowAPIImpl : Action id: '38efc763-d78f-4e4b-b092-59cd8c579b93' has been reordered by user: system -- ip:ukn,user:null
[31/05/23 17:11:55:003 UTC]  WARN business.PermissionCacheImpl:  !!! Putting an empty list of permissions in the cache for asset:38efc763-d78f-4e4b-b092-59cd8c579b93. Every asset should have at least 1 permission (or inherited permission) associated with it
[31/05/23 17:11:55:010 UTC]  INFO util.SecurityLogger: class com.dotmarketing.portlets.workflows.business.WorkflowAPIImpl : The action id: 'ceca71a0-deee-4999-bd47-b01baa1bcfc8' has been saved by the user: system -- ip:ukn,user:null
[31/05/23 17:11:55:014 UTC]  INFO util.SecurityLogger: class com.dotmarketing.portlets.workflows.business.WorkflowAPIImpl : The action id: 'b9d89c80-3d88-4311-8365-187323c96436' has been saved by the user: system -- ip:ukn,user:null
[31/05/23 17:11:55:018 UTC]  INFO util.SecurityLogger: class com.dotmarketing.portlets.workflows.business.WorkflowAPIImpl : The action id: '777f1c6b-c877-4a37-ba4b-10627316c2cc' has been saved by the user: system -- ip:ukn,user:null
[31/05/23 17:11:55:022 UTC]  INFO util.SecurityLogger: class com.dotmarketing.portlets.workflows.business.WorkflowAPIImpl : The action id: 'ceca71a0-deee-4999-bd47-b01baa1bcfc8' has been saved by the user: system -- ip:ukn,user:null
[31/05/23 17:11:55:026 UTC]  INFO util.SecurityLogger: class com.dotmarketing.portlets.workflows.business.WorkflowAPIImpl : The action id: '38efc763-d78f-4e4b-b092-59cd8c579b93' has been saved by the user: system -- ip:ukn,user:null
[31/05/23 17:11:55:029 UTC]  INFO util.SecurityLogger: class com.dotmarketing.portlets.workflows.business.WorkflowAPIImpl : The action id: '963f6a04-5320-42e7-ab74-6d876d199946' has been saved by the user: system -- ip:ukn,user:null
[31/05/23 17:11:55:033 UTC]  INFO util.SecurityLogger: class com.dotmarketing.portlets.workflows.business.WorkflowAPIImpl : The action id: 'b9d89c80-3d88-4311-8365-187323c96436' has been saved by the user: system -- ip:ukn,user:null
[31/05/23 17:11:55:037 UTC]  INFO util.SecurityLogger: class com.dotmarketing.portlets.workflows.business.WorkflowAPIImpl : The action id: '4da13a42-5d59-480c-ad8f-94a3adf809fe' has been saved by the user: system -- ip:ukn,user:null
[31/05/23 17:11:55:041 UTC]  INFO util.SecurityLogger: class com.dotmarketing.portlets.workflows.business.WorkflowAPIImpl : The action id: '963f6a04-5320-42e7-ab74-6d876d199946' has been saved by the user: system -- ip:ukn,user:null
[31/05/23 17:11:55:045 UTC]  INFO util.SecurityLogger: class com.dotmarketing.portlets.workflows.business.WorkflowAPIImpl : The action id: 'ceca71a0-deee-4999-bd47-b01baa1bcfc8' has been saved by the user: system -- ip:ukn,user:null
[31/05/23 17:11:55:048 UTC]  INFO util.SecurityLogger: class com.dotmarketing.portlets.workflows.business.WorkflowAPIImpl : The action id: '38efc763-d78f-4e4b-b092-59cd8c579b93' has been saved by the user: system -- ip:ukn,user:null
[31/05/23 17:11:55:052 UTC]  INFO util.SecurityLogger: class com.dotmarketing.portlets.workflows.business.WorkflowAPIImpl : The action id: '4da13a42-5d59-480c-ad8f-94a3adf809fe' has been saved by the user: system -- ip:ukn,user:null
[31/05/23 17:11:55:055 UTC]  INFO util.SecurityLogger: class com.dotmarketing.portlets.workflows.business.WorkflowAPIImpl : The action id: 'b9d89c80-3d88-4311-8365-187323c96436' has been saved by the user: system -- ip:ukn,user:null
[31/05/23 17:11:55:059 UTC]  INFO util.SecurityLogger: class com.dotmarketing.portlets.workflows.business.WorkflowAPIImpl : The action id: 'c92f9aa1-9503-4567-ac30-d3242b54d02d' has been saved by the user: system -- ip:ukn,user:null
[31/05/23 17:11:55:063 UTC]  INFO util.SecurityLogger: class com.dotmarketing.portlets.workflows.business.WorkflowAPIImpl : The action id: '777f1c6b-c877-4a37-ba4b-10627316c2cc' has been saved by the user: system -- ip:ukn,user:null
[31/05/23 17:11:55:066 UTC]  INFO util.SecurityLogger: class com.dotmarketing.portlets.workflows.business.WorkflowAPIImpl : The action id: '1e0f1c6b-b67f-4c99-983d-db2b4bfa88b2' has been saved by the user: system -- ip:ukn,user:null
[31/05/23 17:11:55:154 UTC]  INFO helper.SystemActionMappingsHandlerMerger: The mapping for systemAction: NEW, workflowAction: Optional[WorkflowAction [id=ceca71a0-deee-4999-bd47-b01baa1bcfc8, name=Save, stepId=null, nextStep=ee24a4cb-2d15-4c98-b1bd-6327126451f3]], and scheme: d61a59e1-a49c-46f2-a929-db2b4bfa88b2 has been saved
[31/05/23 17:11:55:156 UTC]  INFO helper.SystemActionMappingsHandlerMerger: The mapping for systemAction: EDIT, workflowAction: Optional[WorkflowAction [id=ceca71a0-deee-4999-bd47-b01baa1bcfc8, name=Save, stepId=null, nextStep=ee24a4cb-2d15-4c98-b1bd-6327126451f3]], and scheme: d61a59e1-a49c-46f2-a929-db2b4bfa88b2 has been saved
[31/05/23 17:11:55:159 UTC]  INFO helper.SystemActionMappingsHandlerMerger: The mapping for systemAction: UNPUBLISH, workflowAction: Optional[WorkflowAction [id=38efc763-d78f-4e4b-b092-59cd8c579b93, name=Unpublish, stepId=null, nextStep=ee24a4cb-2d15-4c98-b1bd-6327126451f3]], and scheme: d61a59e1-a49c-46f2-a929-db2b4bfa88b2 has been saved
[31/05/23 17:11:55:161 UTC]  INFO helper.SystemActionMappingsHandlerMerger: The mapping for systemAction: UNARCHIVE, workflowAction: Optional[WorkflowAction [id=c92f9aa1-9503-4567-ac30-d3242b54d02d, name=Unarchive, stepId=null, nextStep=ee24a4cb-2d15-4c98-b1bd-6327126451f3]], and scheme: d61a59e1-a49c-46f2-a929-db2b4bfa88b2 has been saved
[31/05/23 17:11:55:164 UTC]  INFO helper.SystemActionMappingsHandlerMerger: The mapping for systemAction: PUBLISH, workflowAction: Optional[WorkflowAction [id=b9d89c80-3d88-4311-8365-187323c96436, name=Publish, stepId=null, nextStep=dc3c9cd0-8467-404b-bf95-cb7df3fbc293]], and scheme: d61a59e1-a49c-46f2-a929-db2b4bfa88b2 has been saved
[31/05/23 17:11:55:166 UTC]  INFO helper.SystemActionMappingsHandlerMerger: The mapping for systemAction: ARCHIVE, workflowAction: Optional[WorkflowAction [id=4da13a42-5d59-480c-ad8f-94a3adf809fe, name=Archive, stepId=null, nextStep=d6b095b6-b65f-4bdb-bbfd-701d663dfee2]], and scheme: d61a59e1-a49c-46f2-a929-db2b4bfa88b2 has been saved
[31/05/23 17:11:55:168 UTC]  INFO helper.SystemActionMappingsHandlerMerger: The mapping for systemAction: DESTROY, workflowAction: Optional[WorkflowAction [id=1e0f1c6b-b67f-4c99-983d-db2b4bfa88b2, name=Destroy, stepId=null, nextStep=d6b095b6-b65f-4bdb-bbfd-701d663dfee2]], and scheme: d61a59e1-a49c-46f2-a929-db2b4bfa88b2 has been saved
[31/05/23 17:11:55:171 UTC]  INFO helper.SystemActionMappingsHandlerMerger: The mapping for systemAction: DELETE, workflowAction: Optional[WorkflowAction [id=777f1c6b-c877-4a37-ba4b-10627316c2cc, name=Delete, stepId=null, nextStep=d6b095b6-b65f-4bdb-bbfd-701d663dfee2]], and scheme: d61a59e1-a49c-46f2-a929-db2b4bfa88b2 has been saved
[31/05/23 17:11:55:171 UTC]  INFO util.PushPublishLogger: class com.dotcms.enterprise.publishing.remote.handler.WorkflowHandler : [BundleID: 01H1SCPD2K5AKF9X70A3NRT7CB.tar.gz] Workflow publish success, ID: d61a59e1-a49c-46f2-a929-db2b4bfa88b2, Name: System Workflow
[31/05/23 17:11:55:188 UTC]  INFO util.ActivityLogger: class com.dotcms.contenttype.business.ContentTypeAPIImpl: system : Save ContentType Action , User system/system user system user added ContentType type_2 to host id:48190c8c-42c4-46af-8d1a-0cd5db894797
[31/05/23 17:11:55:188 UTC]  INFO business.ContentTypeAPIImpl: UserId : system : ContentType : ContentType saved : type_2
[31/05/23 17:11:55:188 UTC]  INFO util.AdminLogger: UserId : system : class com.dotcms.contenttype.business.ContentTypeAPIImpl : ContentType : ContentType saved : type_2
[31/05/23 17:11:55:189 UTC]  INFO business.FieldAPIImpl: No changes made to field: fields0, returning
[31/05/23 17:11:55:190 UTC]  INFO business.FieldAPIImpl: No changes made to field: fields1, returning
[31/05/23 17:11:55:191 UTC]  INFO business.FieldAPIImpl: No changes made to field: text1, returning
[31/05/23 17:11:55:191 UTC]  INFO util.PushPublishLogger: class com.dotcms.enterprise.publishing.remote.handler.ContentTypeHandler : [BundleID: 01H1SCPD2K5AKF9X70A3NRT7CB.tar.gz] Content Type publish success, ID: ea533f67-4883-42bb-9701-83293e7313e5, Name: type_2
[31/05/23 17:11:55:192 UTC]  INFO util.SecurityLogger: class com.dotmarketing.portlets.workflows.business.WorkflowAPIImpl : Saving schemes [ [WorkflowScheme [id=d61a59e1-a49c-46f2-a929-db2b4bfa88b2, name=System Workflow, archived=false, mandatory=false]] ] for Content Type [ com.dotmarketing.portlets.structure.model.Structure@355657e2[name=type_2,description=<null>,defaultStructure=false,reviewInterval=<null>,reviewerRole=<null>,pagedetail=<null>,structureType=1,fixed=false,system=false,velocityVarName=Type2,urlMapPattern=<null>,host=48190c8c-42c4-46af-8d1a-0cd5db894797,folder=SYSTEM_FOLDER,publishDateVar=<null>,expireDateVar=<null>,modDate=Wed May 31 17:11:55 UTC 2023,icon=event_note,sortOrder=0,iDate=Thu Oct 08 17:32:19 UTC 2020,type=structure,owner=<null>,inode=ea533f67-4883-42bb-9701-83293e7313e5,identifier=ea533f67-4883-42bb-9701-83293e7313e5] ] -- ip:ukn,user:null
[31/05/23 17:11:55:202 UTC]  INFO util.PushPublishLogger: class com.dotcms.enterprise.publishing.remote.handler.LanguageVariablesHandler : [BundleID: 01H1SCPD2K5AKF9X70A3NRT7CB.tar.gz] Language File publish success, Name: cms_language_en.properties
[31/05/23 17:11:55:202 UTC]  INFO util.PushPublishLogger: class com.dotcms.enterprise.publishing.remote.handler.LanguageVariablesHandler : [BundleID: 01H1SCPD2K5AKF9X70A3NRT7CB.tar.gz] Language File publish success, Name: cms_language_en_US.properties
[31/05/23 17:11:55:203 UTC]  INFO util.PushPublishLogger: class com.dotcms.enterprise.publishing.remote.handler.LanguageVariablesHandler : [BundleID: 01H1SCPD2K5AKF9X70A3NRT7CB.tar.gz] Language File publish success, Name: cms_language_es.properties
[31/05/23 17:11:55:203 UTC]  INFO util.PushPublishLogger: class com.dotcms.enterprise.publishing.remote.handler.LanguageVariablesHandler : [BundleID: 01H1SCPD2K5AKF9X70A3NRT7CB.tar.gz] Language File publish success, Name: cms_language_es_ES.properties
[31/05/23 17:11:55:203 UTC]  INFO util.PushPublishLogger: class com.dotcms.enterprise.publishing.remote.handler.LanguageVariablesHandler : [BundleID: 01H1SCPD2K5AKF9X70A3NRT7CB.tar.gz] Language File publish success, Name: cms_language_fr.properties
[31/05/23 17:11:55:203 UTC]  INFO util.PushPublishLogger: class com.dotcms.enterprise.publishing.remote.handler.LanguageVariablesHandler : [BundleID: 01H1SCPD2K5AKF9X70A3NRT7CB.tar.gz] Language File publish success, Name: cms_language_fr_FR.properties
[31/05/23 17:11:55:203 UTC]  INFO util.PushPublishLogger: class com.dotcms.enterprise.publishing.remote.handler.LanguageVariablesHandler : [BundleID: 01H1SCPD2K5AKF9X70A3NRT7CB.tar.gz] Language File publish success, Name: cms_language_zh.properties
[31/05/23 17:11:55:203 UTC]  INFO util.PushPublishLogger: class com.dotcms.enterprise.publishing.remote.handler.LanguageVariablesHandler : [BundleID: 01H1SCPD2K5AKF9X70A3NRT7CB.tar.gz] Language File publish success, Name: cms_language_zh_CN.properties
[31/05/23 17:11:55:531 UTC]  INFO reindex.ReindexThread: --- Unpausing reindex thread 
[31/05/23 17:12:00:167 UTC]  INFO business.PublisherQueueJob: ===========================================================
[31/05/23 17:12:00:167 UTC]  INFO business.PublisherQueueJob: For bundle '01H1SCPD2K5AKF9X70A3NRT7CB':
[31/05/23 17:12:00:167 UTC]  INFO business.PublisherQueueJob: -> Status             : WAITING_FOR_PUBLISHING [13]
[31/05/23 17:12:00:167 UTC]  INFO business.PublisherQueueJob: ===========================================================
[31/05/23 17:12:00:173 UTC]  INFO apps.SecretsKeyStoreHelper: KeyStore loaded successfully after `1` tries.
[31/05/23 17:12:00:533 UTC]  INFO concurrent.Debouncer: Debouncing : invalidateGraphSchema after 5000 MILLISECONDS
[31/05/23 17:12:01:145 UTC]  INFO util.SecurityLogger: class com.dotmarketing.cms.login.factories.LoginFactory : User admin@dotcms.com has sucessfully logged in from IP: 172.18.0.1 -- ip:172.18.0.1,user:Admin User [ID: dotcms.org.1][email:admin@dotcms.com]
[31/05/23 17:12:01:570 UTC]  INFO util.PushPublishLogger: class com.dotcms.rest.PushPublisherJob : [BundleID: 01H1SCPD2K5AKF9X70A3NRT7CB.tar.gz] Finished bundle publish process
[31/05/23 17:12:01:570 UTC]  INFO rest.PushPublisherJob: Finished bundle publish process
[31/05/23 17:12:02:122 UTC]  WARN struts.MultiMessageResources: Duplicate resource property definition (key=was ==> is now): contenttypes.content.copy=Copy ==> Copy
[31/05/23 17:12:02:131 UTC]  WARN struts.MultiMessageResources: Duplicate resource property definition (key=was ==> is now): message.category.import=Importing Categories.  This operation cannot be cancelled or undone. ==> IMPORT
[31/05/23 17:12:02:131 UTC]  WARN struts.MultiMessageResources: Duplicate resource property definition (key=was ==> is now): message.containers.create.content_type_code=Content Type Code ==> Content Type Code
[31/05/23 17:12:02:134 UTC]  WARN struts.MultiMessageResources: Duplicate resource property definition (key=was ==> is now): Save=Save ==> Save
[31/05/23 17:12:02:135 UTC]  WARN struts.MultiMessageResources: Duplicate resource property definition (key=was ==> is now): Move=Move ==> Move
[31/05/23 17:12:02:136 UTC]  WARN struts.MultiMessageResources: Duplicate resource property definition (key=was ==> is now): archived=archived ==> Archived
[31/05/23 17:12:05:252 UTC]  INFO util.SecurityLogger: class com.dotmarketing.cms.login.factories.LoginFactory : User admin@dotcms.com has sucessfully logged in from IP: 172.18.0.1 -- ip:172.18.0.1,user:Admin User [ID: dotcms.org.1][email:admin@dotcms.com]
[31/05/23 17:12:05:258 UTC]  INFO rest.BundleResource: Deleting all bundles by the user: dotcms.org.1
[31/05/23 17:12:05:262 UTC]  INFO business.BundleAPIImpl: Deleting all bundles with statuses: [BUNDLE_REQUESTED, BUNDLING, SENDING_TO_ENDPOINTS, FAILED_TO_SEND_TO_ALL_GROUPS, FAILED_TO_SEND_TO_SOME_GROUPS, FAILED_TO_BUNDLE, FAILED_TO_SENT, FAILED_TO_PUBLISH, SUCCESS, BUNDLE_SENT_SUCCESSFULLY, RECEIVED_BUNDLE, PUBLISHING_BUNDLE, WAITING_FOR_PUBLISHING, BUNDLE_SAVED_SUCCESSFULLY, INVALID_TOKEN, LICENSE_REQUIRED, SUCCESS_WITH_WARNINGS, FAILED_INTEGRITY_CHECK]by the user: dotcms.org.1
[31/05/23 17:12:05:264 UTC]  INFO business.BundleAPIImpl: Removing bundle: 01H1SCPD2K5AKF9X70A3NRT7CB and dependencies by: dotcms.org.1
[31/05/23 17:12:05:264 UTC]  INFO business.BundleAPIImpl: Removing audit status for a bundle: 01H1SCPD2K5AKF9X70A3NRT7CB
[31/05/23 17:12:05:264 UTC]  INFO business.PublishAuditAPIImpl: Deleting the bundle: 01H1SCPD2K5AKF9X70A3NRT7CB
[31/05/23 17:12:05:265 UTC]  INFO business.BundleAPIImpl: Removing all assets from bundle: 01H1SCPD2K5AKF9X70A3NRT7CB
[31/05/23 17:12:05:265 UTC]  INFO business.BundleAPIImpl: Removing environments from bundle: 01H1SCPD2K5AKF9X70A3NRT7CB
[31/05/23 17:12:05:266 UTC]  INFO business.BundleAPIImpl: Removing bundle: 01H1SCPD2K5AKF9X70A3NRT7CB
[31/05/23 17:12:05:292 UTC]  INFO business.BundleAPIImpl: Deleted 1 bundles, failed 0 bundles
[31/05/23 17:12:08:331 UTC]  INFO util.SecurityLogger: class com.dotmarketing.cms.login.factories.LoginFactory : User admin@dotcms.com has sucessfully logged in from IP: 172.18.0.1 -- ip:172.18.0.1,user:Admin User [ID: dotcms.org.1][email:admin@dotcms.com]
[31/05/23 17:12:08:340 UTC]  WARN business.PermissionCacheImpl:  !!! Putting an empty list of permissions in the cache for asset:15191e9b-96c6-4fb9-b057-e9d15ecbe68d. Every asset should have at least 1 permission (or inherited permission) associated with it
[31/05/23 17:12:09:408 UTC]  INFO delegate.SystemEventsJobDelegate: The event: 9560d87b-cb8b-46e5-88cd-6d21813281e0, has been skipped on the server: b81ce2b3-b188-4cc2-ae50-df5e5cf9d55c
[31/05/23 17:12:09:408 UTC]  INFO delegate.SystemEventsJobDelegate: The event: 96a4305c-21ee-4855-976a-dceb64555754, has been skipped on the server: b81ce2b3-b188-4cc2-ae50-df5e5cf9d55c
[31/05/23 17:12:14:418 UTC]  INFO util.SecurityLogger: class com.dotmarketing.cms.login.factories.LoginFactory : User admin@dotcms.com has sucessfully logged in from IP: 172.18.0.1 -- ip:172.18.0.1,user:Admin User [ID: dotcms.org.1][email:admin@dotcms.com]
[31/05/23 17:12:17:431 UTC]  INFO ajax.PublishingEndpointAjaxAction: receiver ; 0fbb833f-a136-4a4c-bda6-96c204b1439e
[31/05/23 17:12:20:494 UTC]  INFO util.SecurityLogger: class com.dotmarketing.cms.login.factories.LoginFactory : User admin@dotcms.com has sucessfully logged in from IP: 172.18.0.1 -- ip:172.18.0.1,user:Admin User [ID: dotcms.org.1][email:admin@dotcms.com]
[31/05/23 17:12:20:503 UTC]  INFO util.PushPublishLogger: class com.dotcms.publisher.business.PublishAuditStatus : Status Update: Pending.
[31/05/23 17:12:20:505 UTC]  INFO rest.PushPublisherJob: Started bundle publish process
[31/05/23 17:12:20:505 UTC]  INFO util.PushPublishLogger: class com.dotcms.rest.PushPublisherJob : [BundleID: content_type_and_content_demo.tar.gz] Started bundle publish process
[31/05/23 17:12:20:590 UTC]  INFO util.ActivityLogger: class com.dotcms.content.elasticsearch.business.ESContentletAPIImpl: System Host : Saving Content , StartDate: N/D; EndDate: N/D; User:system; ContentIdentifier: 48190c8c-42c4-46af-8d1a-0cd5db894797
[31/05/23 17:12:20:622 UTC]  INFO timedcache.TimedCacheProvider: ***	 Building Cache : esquerycache, size:10000, seconds:3600,Concurrency:32 (every 60000 millis)
[31/05/23 17:12:20:649 UTC]  INFO business.ContentletIndexAPIImpl: Indexing: 48190c8c-42c4-46af-8d1a-0cd5db894797 : demo.dotcms.com, includeDependencies: true, policy: FORCE
[31/05/23 17:12:20:737 UTC]  INFO util.ActivityLogger: class com.dotcms.content.elasticsearch.business.ESContentletAPIImpl: System Host : Content Saved , StartDate: N/D; EndDate: N/D; User:system; ContentIdentifier: 48190c8c-42c4-46af-8d1a-0cd5db894797
[31/05/23 17:12:20:744 UTC]  INFO business.ContentletIndexAPIImpl: Indexing: 48190c8c-42c4-46af-8d1a-0cd5db894797 : demo.dotcms.com, includeDependencies: false, policy: FORCE
[31/05/23 17:12:20:744 UTC]  INFO util.PushPublishLogger: class com.dotcms.enterprise.publishing.remote.handler.ContentHandler : [BundleID: content_type_and_content_demo.tar.gz] Host publish success, ID: 48190c8c-42c4-46af-8d1a-0cd5db894797, Inode: 6e8aca39-937c-437e-91d8-d46b631bdcc8, Name: demo.dotcms.com
[31/05/23 17:12:20:774 UTC]  INFO business.ContentletIndexAPIImpl: Indexing: 48190c8c-42c4-46af-8d1a-0cd5db894797 : demo.dotcms.com, includeDependencies: true, policy: FORCE
[31/05/23 17:12:20:796 UTC]  INFO util.SecurityLogger: class com.dotmarketing.portlets.workflows.business.WorkflowAPIImpl : Workflow Scheme 'System Workflow' [d61a59e1-a49c-46f2-a929-db2b4bfa88b2] has been saved by User ID 'system' -- ip:172.18.0.1,user:Admin User [ID: dotcms.org.1][email:admin@dotcms.com]
[31/05/23 17:12:20:800 UTC]  INFO util.SecurityLogger: class com.dotmarketing.portlets.workflows.business.WorkflowAPIImpl : Workflow Step 'New' [6cb7e3bd-1710-4eed-8838-d3db60f78f19] has been saved by User ID 'system' -- ip:172.18.0.1,user:Admin User [ID: dotcms.org.1][email:admin@dotcms.com]
[31/05/23 17:12:20:804 UTC]  INFO util.SecurityLogger: class com.dotmarketing.portlets.workflows.business.WorkflowAPIImpl : Workflow Step 'Draft' [ee24a4cb-2d15-4c98-b1bd-6327126451f3] has been saved by User ID 'system' -- ip:172.18.0.1,user:Admin User [ID: dotcms.org.1][email:admin@dotcms.com]
[31/05/23 17:12:20:807 UTC]  INFO util.SecurityLogger: class com.dotmarketing.portlets.workflows.business.WorkflowAPIImpl : Workflow Step 'Published' [dc3c9cd0-8467-404b-bf95-cb7df3fbc293] has been saved by User ID 'system' -- ip:172.18.0.1,user:Admin User [ID: dotcms.org.1][email:admin@dotcms.com]
[31/05/23 17:12:20:810 UTC]  INFO util.SecurityLogger: class com.dotmarketing.portlets.workflows.business.WorkflowAPIImpl : Workflow Step 'Archived' [d6b095b6-b65f-4bdb-bbfd-701d663dfee2] has been saved by User ID 'system' -- ip:172.18.0.1,user:Admin User [ID: dotcms.org.1][email:admin@dotcms.com]
[31/05/23 17:12:20:816 UTC]  INFO util.SecurityLogger: class com.dotmarketing.portlets.workflows.business.WorkflowAPIImpl : Action id: '4da13a42-5d59-480c-ad8f-94a3adf809fe' has been reordered by user: system -- ip:172.18.0.1,user:Admin User [ID: dotcms.org.1][email:admin@dotcms.com]
[31/05/23 17:12:20:819 UTC]  WARN business.PermissionCacheImpl:  !!! Putting an empty list of permissions in the cache for asset:4da13a42-5d59-480c-ad8f-94a3adf809fe. Every asset should have at least 1 permission (or inherited permission) associated with it
[31/05/23 17:12:20:827 UTC]  INFO util.SecurityLogger: class com.dotmarketing.portlets.workflows.business.WorkflowAPIImpl : Action id: '963f6a04-5320-42e7-ab74-6d876d199946' has been reordered by user: system -- ip:172.18.0.1,user:Admin User [ID: dotcms.org.1][email:admin@dotcms.com]
[31/05/23 17:12:20:829 UTC]  WARN business.PermissionCacheImpl:  !!! Putting an empty list of permissions in the cache for asset:963f6a04-5320-42e7-ab74-6d876d199946. Every asset should have at least 1 permission (or inherited permission) associated with it
[31/05/23 17:12:20:836 UTC]  INFO util.SecurityLogger: class com.dotmarketing.portlets.workflows.business.WorkflowAPIImpl : Action id: '777f1c6b-c877-4a37-ba4b-10627316c2cc' has been reordered by user: system -- ip:172.18.0.1,user:Admin User [ID: dotcms.org.1][email:admin@dotcms.com]
[31/05/23 17:12:20:839 UTC]  WARN business.PermissionCacheImpl:  !!! Putting an empty list of permissions in the cache for asset:777f1c6b-c877-4a37-ba4b-10627316c2cc. Every asset should have at least 1 permission (or inherited permission) associated with it
[31/05/23 17:12:20:845 UTC]  INFO util.SecurityLogger: class com.dotmarketing.portlets.workflows.business.WorkflowAPIImpl : Action id: '1e0f1c6b-b67f-4c99-983d-db2b4bfa88b2' has been reordered by user: system -- ip:172.18.0.1,user:Admin User [ID: dotcms.org.1][email:admin@dotcms.com]
[31/05/23 17:12:20:848 UTC]  WARN business.PermissionCacheImpl:  !!! Putting an empty list of permissions in the cache for asset:1e0f1c6b-b67f-4c99-983d-db2b4bfa88b2. Every asset should have at least 1 permission (or inherited permission) associated with it
[31/05/23 17:12:20:855 UTC]  INFO util.SecurityLogger: class com.dotmarketing.portlets.workflows.business.WorkflowAPIImpl : Action id: 'b9d89c80-3d88-4311-8365-187323c96436' has been reordered by user: system -- ip:172.18.0.1,user:Admin User [ID: dotcms.org.1][email:admin@dotcms.com]
[31/05/23 17:12:20:858 UTC]  WARN business.PermissionCacheImpl:  !!! Putting an empty list of permissions in the cache for asset:b9d89c80-3d88-4311-8365-187323c96436. Every asset should have at least 1 permission (or inherited permission) associated with it
[31/05/23 17:12:20:864 UTC]  INFO util.SecurityLogger: class com.dotmarketing.portlets.workflows.business.WorkflowAPIImpl : Action id: 'ceca71a0-deee-4999-bd47-b01baa1bcfc8' has been reordered by user: system -- ip:172.18.0.1,user:Admin User [ID: dotcms.org.1][email:admin@dotcms.com]
[31/05/23 17:12:20:867 UTC]  WARN business.PermissionCacheImpl:  !!! Putting an empty list of permissions in the cache for asset:ceca71a0-deee-4999-bd47-b01baa1bcfc8. Every asset should have at least 1 permission (or inherited permission) associated with it
[31/05/23 17:12:20:873 UTC]  INFO util.SecurityLogger: class com.dotmarketing.portlets.workflows.business.WorkflowAPIImpl : Action id: 'c92f9aa1-9503-4567-ac30-d3242b54d02d' has been reordered by user: system -- ip:172.18.0.1,user:Admin User [ID: dotcms.org.1][email:admin@dotcms.com]
[31/05/23 17:12:20:875 UTC]  WARN business.PermissionCacheImpl:  !!! Putting an empty list of permissions in the cache for asset:c92f9aa1-9503-4567-ac30-d3242b54d02d. Every asset should have at least 1 permission (or inherited permission) associated with it
[31/05/23 17:12:20:881 UTC]  INFO util.SecurityLogger: class com.dotmarketing.portlets.workflows.business.WorkflowAPIImpl : Action id: '38efc763-d78f-4e4b-b092-59cd8c579b93' has been reordered by user: system -- ip:172.18.0.1,user:Admin User [ID: dotcms.org.1][email:admin@dotcms.com]
[31/05/23 17:12:20:883 UTC]  WARN business.PermissionCacheImpl:  !!! Putting an empty list of permissions in the cache for asset:38efc763-d78f-4e4b-b092-59cd8c579b93. Every asset should have at least 1 permission (or inherited permission) associated with it
[31/05/23 17:12:20:891 UTC]  INFO util.SecurityLogger: class com.dotmarketing.portlets.workflows.business.WorkflowAPIImpl : The action id: 'ceca71a0-deee-4999-bd47-b01baa1bcfc8' has been saved by the user: system -- ip:172.18.0.1,user:Admin User [ID: dotcms.org.1][email:admin@dotcms.com]
[31/05/23 17:12:20:897 UTC]  INFO util.SecurityLogger: class com.dotmarketing.portlets.workflows.business.WorkflowAPIImpl : The action id: 'b9d89c80-3d88-4311-8365-187323c96436' has been saved by the user: system -- ip:172.18.0.1,user:Admin User [ID: dotcms.org.1][email:admin@dotcms.com]
[31/05/23 17:12:20:902 UTC]  INFO util.SecurityLogger: class com.dotmarketing.portlets.workflows.business.WorkflowAPIImpl : The action id: '777f1c6b-c877-4a37-ba4b-10627316c2cc' has been saved by the user: system -- ip:172.18.0.1,user:Admin User [ID: dotcms.org.1][email:admin@dotcms.com]
[31/05/23 17:12:20:908 UTC]  INFO util.SecurityLogger: class com.dotmarketing.portlets.workflows.business.WorkflowAPIImpl : The action id: 'ceca71a0-deee-4999-bd47-b01baa1bcfc8' has been saved by the user: system -- ip:172.18.0.1,user:Admin User [ID: dotcms.org.1][email:admin@dotcms.com]
[31/05/23 17:12:20:913 UTC]  INFO util.SecurityLogger: class com.dotmarketing.portlets.workflows.business.WorkflowAPIImpl : The action id: '38efc763-d78f-4e4b-b092-59cd8c579b93' has been saved by the user: system -- ip:172.18.0.1,user:Admin User [ID: dotcms.org.1][email:admin@dotcms.com]
[31/05/23 17:12:20:919 UTC]  INFO util.SecurityLogger: class com.dotmarketing.portlets.workflows.business.WorkflowAPIImpl : The action id: '963f6a04-5320-42e7-ab74-6d876d199946' has been saved by the user: system -- ip:172.18.0.1,user:Admin User [ID: dotcms.org.1][email:admin@dotcms.com]
[31/05/23 17:12:20:924 UTC]  INFO util.SecurityLogger: class com.dotmarketing.portlets.workflows.business.WorkflowAPIImpl : The action id: 'b9d89c80-3d88-4311-8365-187323c96436' has been saved by the user: system -- ip:172.18.0.1,user:Admin User [ID: dotcms.org.1][email:admin@dotcms.com]
[31/05/23 17:12:20:929 UTC]  INFO util.SecurityLogger: class com.dotmarketing.portlets.workflows.business.WorkflowAPIImpl : The action id: '4da13a42-5d59-480c-ad8f-94a3adf809fe' has been saved by the user: system -- ip:172.18.0.1,user:Admin User [ID: dotcms.org.1][email:admin@dotcms.com]
[31/05/23 17:12:20:935 UTC]  INFO util.SecurityLogger: class com.dotmarketing.portlets.workflows.business.WorkflowAPIImpl : The action id: '963f6a04-5320-42e7-ab74-6d876d199946' has been saved by the user: system -- ip:172.18.0.1,user:Admin User [ID: dotcms.org.1][email:admin@dotcms.com]
[31/05/23 17:12:20:941 UTC]  INFO util.SecurityLogger: class com.dotmarketing.portlets.workflows.business.WorkflowAPIImpl : The action id: 'ceca71a0-deee-4999-bd47-b01baa1bcfc8' has been saved by the user: system -- ip:172.18.0.1,user:Admin User [ID: dotcms.org.1][email:admin@dotcms.com]
[31/05/23 17:12:20:946 UTC]  INFO util.SecurityLogger: class com.dotmarketing.portlets.workflows.business.WorkflowAPIImpl : The action id: '38efc763-d78f-4e4b-b092-59cd8c579b93' has been saved by the user: system -- ip:172.18.0.1,user:Admin User [ID: dotcms.org.1][email:admin@dotcms.com]
[31/05/23 17:12:20:951 UTC]  INFO util.SecurityLogger: class com.dotmarketing.portlets.workflows.business.WorkflowAPIImpl : The action id: '4da13a42-5d59-480c-ad8f-94a3adf809fe' has been saved by the user: system -- ip:172.18.0.1,user:Admin User [ID: dotcms.org.1][email:admin@dotcms.com]
[31/05/23 17:12:20:956 UTC]  INFO util.SecurityLogger: class com.dotmarketing.portlets.workflows.business.WorkflowAPIImpl : The action id: 'b9d89c80-3d88-4311-8365-187323c96436' has been saved by the user: system -- ip:172.18.0.1,user:Admin User [ID: dotcms.org.1][email:admin@dotcms.com]
[31/05/23 17:12:20:962 UTC]  INFO util.SecurityLogger: class com.dotmarketing.portlets.workflows.business.WorkflowAPIImpl : The action id: 'c92f9aa1-9503-4567-ac30-d3242b54d02d' has been saved by the user: system -- ip:172.18.0.1,user:Admin User [ID: dotcms.org.1][email:admin@dotcms.com]
[31/05/23 17:12:20:967 UTC]  INFO util.SecurityLogger: class com.dotmarketing.portlets.workflows.business.WorkflowAPIImpl : The action id: '777f1c6b-c877-4a37-ba4b-10627316c2cc' has been saved by the user: system -- ip:172.18.0.1,user:Admin User [ID: dotcms.org.1][email:admin@dotcms.com]
[31/05/23 17:12:20:972 UTC]  INFO util.SecurityLogger: class com.dotmarketing.portlets.workflows.business.WorkflowAPIImpl : The action id: '1e0f1c6b-b67f-4c99-983d-db2b4bfa88b2' has been saved by the user: system -- ip:172.18.0.1,user:Admin User [ID: dotcms.org.1][email:admin@dotcms.com]
[31/05/23 17:12:21:075 UTC]  INFO helper.SystemActionMappingsHandlerMerger: The mapping for systemAction: NEW, workflowAction: Optional[WorkflowAction [id=ceca71a0-deee-4999-bd47-b01baa1bcfc8, name=Save, stepId=null, nextStep=ee24a4cb-2d15-4c98-b1bd-6327126451f3]], and scheme: d61a59e1-a49c-46f2-a929-db2b4bfa88b2 has been saved
[31/05/23 17:12:21:079 UTC]  INFO helper.SystemActionMappingsHandlerMerger: The mapping for systemAction: EDIT, workflowAction: Optional[WorkflowAction [id=ceca71a0-deee-4999-bd47-b01baa1bcfc8, name=Save, stepId=null, nextStep=ee24a4cb-2d15-4c98-b1bd-6327126451f3]], and scheme: d61a59e1-a49c-46f2-a929-db2b4bfa88b2 has been saved
[31/05/23 17:12:21:082 UTC]  INFO helper.SystemActionMappingsHandlerMerger: The mapping for systemAction: UNPUBLISH, workflowAction: Optional[WorkflowAction [id=38efc763-d78f-4e4b-b092-59cd8c579b93, name=Unpublish, stepId=null, nextStep=ee24a4cb-2d15-4c98-b1bd-6327126451f3]], and scheme: d61a59e1-a49c-46f2-a929-db2b4bfa88b2 has been saved
[31/05/23 17:12:21:085 UTC]  INFO helper.SystemActionMappingsHandlerMerger: The mapping for systemAction: UNARCHIVE, workflowAction: Optional[WorkflowAction [id=c92f9aa1-9503-4567-ac30-d3242b54d02d, name=Unarchive, stepId=null, nextStep=ee24a4cb-2d15-4c98-b1bd-6327126451f3]], and scheme: d61a59e1-a49c-46f2-a929-db2b4bfa88b2 has been saved
[31/05/23 17:12:21:088 UTC]  INFO helper.SystemActionMappingsHandlerMerger: The mapping for systemAction: PUBLISH, workflowAction: Optional[WorkflowAction [id=b9d89c80-3d88-4311-8365-187323c96436, name=Publish, stepId=null, nextStep=dc3c9cd0-8467-404b-bf95-cb7df3fbc293]], and scheme: d61a59e1-a49c-46f2-a929-db2b4bfa88b2 has been saved
[31/05/23 17:12:21:092 UTC]  INFO helper.SystemActionMappingsHandlerMerger: The mapping for systemAction: ARCHIVE, workflowAction: Optional[WorkflowAction [id=4da13a42-5d59-480c-ad8f-94a3adf809fe, name=Archive, stepId=null, nextStep=d6b095b6-b65f-4bdb-bbfd-701d663dfee2]], and scheme: d61a59e1-a49c-46f2-a929-db2b4bfa88b2 has been saved
[31/05/23 17:12:21:095 UTC]  INFO helper.SystemActionMappingsHandlerMerger: The mapping for systemAction: DESTROY, workflowAction: Optional[WorkflowAction [id=1e0f1c6b-b67f-4c99-983d-db2b4bfa88b2, name=Destroy, stepId=null, nextStep=d6b095b6-b65f-4bdb-bbfd-701d663dfee2]], and scheme: d61a59e1-a49c-46f2-a929-db2b4bfa88b2 has been saved
[31/05/23 17:12:21:098 UTC]  INFO helper.SystemActionMappingsHandlerMerger: The mapping for systemAction: DELETE, workflowAction: Optional[WorkflowAction [id=777f1c6b-c877-4a37-ba4b-10627316c2cc, name=Delete, stepId=null, nextStep=d6b095b6-b65f-4bdb-bbfd-701d663dfee2]], and scheme: d61a59e1-a49c-46f2-a929-db2b4bfa88b2 has been saved
[31/05/23 17:12:21:098 UTC]  INFO util.PushPublishLogger: class com.dotcms.enterprise.publishing.remote.handler.WorkflowHandler : [BundleID: content_type_and_content_demo.tar.gz] Workflow publish success, ID: d61a59e1-a49c-46f2-a929-db2b4bfa88b2, Name: System Workflow
[31/05/23 17:12:21:130 UTC]  INFO util.ActivityLogger: class com.dotcms.contenttype.business.ContentTypeAPIImpl: system : Save ContentType Action , User system/system user system user added ContentType Host to host id:SYSTEM_HOST
[31/05/23 17:12:21:130 UTC]  INFO business.ContentTypeAPIImpl: UserId : system : ContentType : ContentType saved : Host
[31/05/23 17:12:21:131 UTC]  INFO util.AdminLogger: UserId : system : class com.dotcms.contenttype.business.ContentTypeAPIImpl : ContentType : ContentType saved : Host
[31/05/23 17:12:21:133 UTC]  INFO business.FieldAPIImpl: No changes made to field: fields0, returning
[31/05/23 17:12:21:134 UTC]  INFO business.FieldAPIImpl: No changes made to field: fields1, returning
[31/05/23 17:12:21:135 UTC]  INFO business.FieldAPIImpl: No changes made to field: hostName, returning
[31/05/23 17:12:21:136 UTC]  INFO business.FieldAPIImpl: No changes made to field: aliases, returning
[31/05/23 17:12:21:138 UTC]  INFO business.FieldAPIImpl: No changes made to field: isDefault, returning
[31/05/23 17:12:21:139 UTC]  INFO business.FieldAPIImpl: No changes made to field: tagStorage, returning
[31/05/23 17:12:21:158 UTC]  INFO util.ActivityLogger: class com.dotmarketing.util.ActivityLogger: system : Update Field Action , User system/system user modified field Host Thumbnail to Host Structure.
[31/05/23 17:12:21:166 UTC]  INFO business.FieldAPIImpl: No changes made to field: isSystemHost, returning
[31/05/23 17:12:21:168 UTC]  INFO business.FieldAPIImpl: No changes made to field: runDashboard, returning
[31/05/23 17:12:21:169 UTC]  INFO business.FieldAPIImpl: No changes made to field: metaData, returning
[31/05/23 17:12:21:170 UTC]  INFO business.FieldAPIImpl: No changes made to field: keywords, returning
[31/05/23 17:12:21:171 UTC]  INFO business.FieldAPIImpl: No changes made to field: description, returning
[31/05/23 17:12:21:172 UTC]  INFO business.FieldAPIImpl: No changes made to field: siteKeys, returning
[31/05/23 17:12:21:173 UTC]  INFO business.FieldAPIImpl: No changes made to field: googleMap, returning
[31/05/23 17:12:21:174 UTC]  INFO business.FieldAPIImpl: No changes made to field: googleAnalytics, returning
[31/05/23 17:12:21:175 UTC]  INFO business.FieldAPIImpl: No changes made to field: addThis, returning
[31/05/23 17:12:21:176 UTC]  INFO business.FieldAPIImpl: No changes made to field: proxyEditModeUrl, returning
[31/05/23 17:12:21:177 UTC]  INFO business.FieldAPIImpl: No changes made to field: embeddedDashboard, returning
[31/05/23 17:12:21:178 UTC]  INFO util.PushPublishLogger: class com.dotcms.enterprise.publishing.remote.handler.ContentTypeHandler : [BundleID: content_type_and_content_demo.tar.gz] Content Type publish success, ID: 855a2d72-f2f3-4169-8b04-ac5157c4380c, Name: Host
[31/05/23 17:12:21:179 UTC]  INFO util.SecurityLogger: class com.dotmarketing.portlets.workflows.business.WorkflowAPIImpl : Saving schemes [ [WorkflowScheme [id=d61a59e1-a49c-46f2-a929-db2b4bfa88b2, name=System Workflow, archived=false, mandatory=false]] ] for Content Type [ com.dotmarketing.portlets.structure.model.Structure@667642a8[name=Host,description=System hosts information,defaultStructure=false,reviewInterval=<null>,reviewerRole=<null>,pagedetail=<null>,structureType=1,fixed=true,system=true,velocityVarName=Host,urlMapPattern=<null>,host=SYSTEM_HOST,folder=SYSTEM_FOLDER,publishDateVar=<null>,expireDateVar=<null>,modDate=Wed May 31 17:12:21 UTC 2023,icon=event_note,sortOrder=0,iDate=Mon Mar 28 15:10:14 UTC 2016,type=structure,owner=<null>,inode=855a2d72-f2f3-4169-8b04-ac5157c4380c,identifier=855a2d72-f2f3-4169-8b04-ac5157c4380c] ] -- ip:172.18.0.1,user:Admin User [ID: dotcms.org.1][email:admin@dotcms.com]
[31/05/23 17:12:21:197 UTC]  INFO util.ActivityLogger: class com.dotcms.contenttype.business.ContentTypeAPIImpl: system : Save ContentType Action , User system/system user system user added ContentType type_2 to host id:48190c8c-42c4-46af-8d1a-0cd5db894797
[31/05/23 17:12:21:197 UTC]  INFO business.ContentTypeAPIImpl: UserId : system : ContentType : ContentType saved : type_2
[31/05/23 17:12:21:198 UTC]  INFO util.AdminLogger: UserId : system : class com.dotcms.contenttype.business.ContentTypeAPIImpl : ContentType : ContentType saved : type_2
[31/05/23 17:12:21:199 UTC]  INFO business.FieldAPIImpl: No changes made to field: fields0, returning
[31/05/23 17:12:21:200 UTC]  INFO business.FieldAPIImpl: No changes made to field: fields1, returning
[31/05/23 17:12:21:201 UTC]  INFO business.FieldAPIImpl: No changes made to field: text1, returning
[31/05/23 17:12:21:202 UTC]  INFO util.PushPublishLogger: class com.dotcms.enterprise.publishing.remote.handler.ContentTypeHandler : [BundleID: content_type_and_content_demo.tar.gz] Content Type publish success, ID: ea533f67-4883-42bb-9701-83293e7313e5, Name: type_2
[31/05/23 17:12:21:203 UTC]  INFO util.SecurityLogger: class com.dotmarketing.portlets.workflows.business.WorkflowAPIImpl : Saving schemes [ [WorkflowScheme [id=d61a59e1-a49c-46f2-a929-db2b4bfa88b2, name=System Workflow, archived=false, mandatory=false]] ] for Content Type [ com.dotmarketing.portlets.structure.model.Structure@1b3fd6cc[name=type_2,description=<null>,defaultStructure=false,reviewInterval=<null>,reviewerRole=<null>,pagedetail=<null>,structureType=1,fixed=false,system=false,velocityVarName=Type2,urlMapPattern=<null>,host=48190c8c-42c4-46af-8d1a-0cd5db894797,folder=SYSTEM_FOLDER,publishDateVar=<null>,expireDateVar=<null>,modDate=Wed May 31 17:12:21 UTC 2023,icon=event_note,sortOrder=0,iDate=Thu Oct 08 17:32:19 UTC 2020,type=structure,owner=<null>,inode=ea533f67-4883-42bb-9701-83293e7313e5,identifier=ea533f67-4883-42bb-9701-83293e7313e5] ] -- ip:172.18.0.1,user:Admin User [ID: dotcms.org.1][email:admin@dotcms.com]
[31/05/23 17:12:21:213 UTC]  INFO util.PushPublishLogger: class com.dotcms.enterprise.publishing.remote.handler.LanguageVariablesHandler : [BundleID: content_type_and_content_demo.tar.gz] Language File publish success, Name: cms_language_en.properties
[31/05/23 17:12:21:214 UTC]  INFO util.PushPublishLogger: class com.dotcms.enterprise.publishing.remote.handler.LanguageVariablesHandler : [BundleID: content_type_and_content_demo.tar.gz] Language File publish success, Name: cms_language_en_US.properties
[31/05/23 17:12:21:215 UTC]  INFO util.PushPublishLogger: class com.dotcms.enterprise.publishing.remote.handler.LanguageVariablesHandler : [BundleID: content_type_and_content_demo.tar.gz] Language File publish success, Name: cms_language_es.properties
[31/05/23 17:12:21:216 UTC]  INFO util.PushPublishLogger: class com.dotcms.enterprise.publishing.remote.handler.LanguageVariablesHandler : [BundleID: content_type_and_content_demo.tar.gz] Language File publish success, Name: cms_language_es_ES.properties
[31/05/23 17:12:21:217 UTC]  INFO util.PushPublishLogger: class com.dotcms.enterprise.publishing.remote.handler.LanguageVariablesHandler : [BundleID: content_type_and_content_demo.tar.gz] Language File publish success, Name: cms_language_fr.properties
[31/05/23 17:12:21:217 UTC]  INFO util.PushPublishLogger: class com.dotcms.enterprise.publishing.remote.handler.LanguageVariablesHandler : [BundleID: content_type_and_content_demo.tar.gz] Language File publish success, Name: cms_language_fr_FR.properties
[31/05/23 17:12:21:218 UTC]  INFO util.PushPublishLogger: class com.dotcms.enterprise.publishing.remote.handler.LanguageVariablesHandler : [BundleID: content_type_and_content_demo.tar.gz] Language File publish success, Name: cms_language_zh.properties
[31/05/23 17:12:21:219 UTC]  INFO util.PushPublishLogger: class com.dotcms.enterprise.publishing.remote.handler.LanguageVariablesHandler : [BundleID: content_type_and_content_demo.tar.gz] Language File publish success, Name: cms_language_zh_CN.properties
[31/05/23 17:12:21:578 UTC]  INFO reindex.ReindexThread: --- Unpausing reindex thread 
[31/05/23 17:12:21:688 UTC]  INFO reindex.BulkProcessorListener: -----------
[31/05/23 17:12:21:688 UTC]  INFO reindex.BulkProcessorListener: Reindexing Server #  : 1 of 1
[31/05/23 17:12:21:689 UTC]  INFO reindex.BulkProcessorListener: Total Indexed        : 0
[31/05/23 17:12:21:689 UTC]  INFO reindex.BulkProcessorListener: ReindexEntries found : 3
[31/05/23 17:12:21:689 UTC]  INFO reindex.BulkProcessorListener: BulkRequests created : 6
[31/05/23 17:12:21:689 UTC]  INFO reindex.BulkProcessorListener: -----------
[31/05/23 17:12:26:580 UTC]  INFO concurrent.Debouncer: Debouncing : invalidateGraphSchema after 5000 MILLISECONDS
[31/05/23 17:12:27:597 UTC]  INFO util.PushPublishLogger: class com.dotcms.rest.PushPublisherJob : [BundleID: content_type_and_content_demo.tar.gz] Finished bundle publish process
[31/05/23 17:12:27:597 UTC]  INFO rest.PushPublisherJob: Finished bundle publish process
[31/05/23 17:12:30:711 UTC]  INFO util.SecurityLogger: class com.dotmarketing.cms.login.factories.LoginFactory : User admin@dotcms.com has sucessfully logged in from IP: 172.18.0.1 -- ip:172.18.0.1,user:Admin User [ID: dotcms.org.1][email:admin@dotcms.com]
[31/05/23 17:12:30:716 UTC]  INFO rest.BundleResource: Deleting all bundles by the user: dotcms.org.1
[31/05/23 17:12:30:717 UTC]  INFO business.BundleAPIImpl: Deleting all bundles with statuses: [BUNDLE_REQUESTED, BUNDLING, SENDING_TO_ENDPOINTS, FAILED_TO_SEND_TO_ALL_GROUPS, FAILED_TO_SEND_TO_SOME_GROUPS, FAILED_TO_BUNDLE, FAILED_TO_SENT, FAILED_TO_PUBLISH, SUCCESS, BUNDLE_SENT_SUCCESSFULLY, RECEIVED_BUNDLE, PUBLISHING_BUNDLE, WAITING_FOR_PUBLISHING, BUNDLE_SAVED_SUCCESSFULLY, INVALID_TOKEN, LICENSE_REQUIRED, SUCCESS_WITH_WARNINGS, FAILED_INTEGRITY_CHECK]by the user: dotcms.org.1
[31/05/23 17:12:30:719 UTC]  INFO business.BundleAPIImpl: Removing bundle: content_type_and_content_demo and dependencies by: dotcms.org.1
[31/05/23 17:12:30:719 UTC]  INFO business.BundleAPIImpl: Removing audit status for a bundle: content_type_and_content_demo
[31/05/23 17:12:30:719 UTC]  INFO business.PublishAuditAPIImpl: Deleting the bundle: content_type_and_content_demo
[31/05/23 17:12:30:723 UTC]  INFO business.BundleAPIImpl: Removing all assets from bundle: content_type_and_content_demo
[31/05/23 17:12:30:727 UTC]  INFO business.BundleAPIImpl: Removing environments from bundle: content_type_and_content_demo
[31/05/23 17:12:30:727 UTC]  INFO business.BundleAPIImpl: Removing bundle: content_type_and_content_demo
[31/05/23 17:12:30:763 UTC]  INFO business.BundleAPIImpl: Deleted 1 bundles, failed 0 bundles
[31/05/23 17:12:30:764 UTC]  WARN struts.MultiMessageResources: Duplicate resource property definition (key=was ==> is now): contenttypes.content.copy=Copy ==> Copy
[31/05/23 17:12:30:766 UTC]  WARN struts.MultiMessageResources: Duplicate resource property definition (key=was ==> is now): message.category.import=Importing Categories.  This operation cannot be cancelled or undone. ==> IMPORT
[31/05/23 17:12:30:766 UTC]  WARN struts.MultiMessageResources: Duplicate resource property definition (key=was ==> is now): message.containers.create.content_type_code=Content Type Code ==> Content Type Code
[31/05/23 17:12:30:767 UTC]  WARN struts.MultiMessageResources: Duplicate resource property definition (key=was ==> is now): Save=Save ==> Save
[31/05/23 17:12:30:771 UTC]  WARN struts.MultiMessageResources: Duplicate resource property definition (key=was ==> is now): Move=Move ==> Move
[31/05/23 17:12:30:772 UTC]  WARN struts.MultiMessageResources: Duplicate resource property definition (key=was ==> is now): archived=archived ==> Archived
[31/05/23 17:12:34:414 UTC]  INFO delegate.SystemEventsJobDelegate: The event: 002bc7bc-880b-450f-9ade-11c663fc7606, has been skipped on the server: b81ce2b3-b188-4cc2-ae50-df5e5cf9d55c
[31/05/23 17:12:34:414 UTC]  INFO delegate.SystemEventsJobDelegate: The event: 1bff1979-c8ab-43a9-b466-4a4352b95222, has been skipped on the server: b81ce2b3-b188-4cc2-ae50-df5e5cf9d55c
[31/05/23 17:12:43:804 UTC]  INFO util.SecurityLogger: class com.dotmarketing.cms.login.factories.LoginFactory : User admin@dotcms.com has sucessfully logged in from IP: 172.18.0.1 -- ip:172.18.0.1,user:Admin User [ID: dotcms.org.1][email:admin@dotcms.com]
[31/05/23 17:12:43:811 UTC]  WARN ajax.RemotePublishAjaxAction: Unable to find asset id = [ea533f67-4883-42bb-9701-83293e7313e5]
[31/05/23 17:12:43:815 UTC]  INFO util.PushPublishLogger: class com.dotcms.publisher.business.PublisherAPIImpl : [BundleID: 01H1SCRBH186ZMQ8ZQXFM3YHD7] Asset added to Push Publish Queue. Action: Added by Browsing, Asset Type: contenttype, Asset Id: ea533f67-4883-42bb-9701-83293e7313e5, User: dotcms.org.1
[31/05/23 17:12:46:888 UTC]  INFO util.SecurityLogger: class com.dotmarketing.cms.login.factories.LoginFactory : User admin@dotcms.com has sucessfully logged in from IP: 172.18.0.1 -- ip:172.18.0.1,user:Admin User [ID: dotcms.org.1][email:admin@dotcms.com]
[31/05/23 17:12:48:914 UTC]  INFO business.PublisherQueueJob: 
[31/05/23 17:12:48:914 UTC]  INFO business.PublisherQueueJob: Found 1 bundle(s) to process.
[31/05/23 17:12:48:914 UTC]  INFO business.PublisherQueueJob: 
[31/05/23 17:12:48:914 UTC]  INFO business.PublisherQueueJob: Processing bundle: ID: 01H1SCRBH186ZMQ8ZQXFM3YHD7. Status: Starting. Publish Date: 2020-09-10 17:14:00.0
[31/05/23 17:12:48:914 UTC]  INFO util.PushPublishLogger: class com.dotcms.publisher.business.PublishAuditStatus : Status Update: Pending.
[31/05/23 17:12:48:914 UTC]  INFO util.PushPublishLogger: class com.dotcms.publisher.business.PublisherQueueJob : Pre-publish work started.
[31/05/23 17:12:48:919 UTC]  INFO util.PushPublishLogger: class com.dotcms.publisher.business.PublisherQueueJob : Pre-publish work complete.
[31/05/23 17:12:48:919 UTC]  INFO util.PushPublishLogger: class com.dotcms.publishing.PublisherAPIImpl : [BundleID: 01H1SCRBH186ZMQ8ZQXFM3YHD7] Started Publishing Task
[31/05/23 17:12:48:922 UTC]  INFO publishing.PublisherAPIImpl: Start of Bundler: DependencyBundler
[31/05/23 17:12:57:980 UTC]  INFO dependencies.ConcurrentDependencyProcessor: DependencyProcessor Finished
[31/05/23 17:12:57:980 UTC]  INFO publishing.PublisherAPIImpl: End of Bundler: DependencyBundler
[31/05/23 17:12:57:980 UTC]  INFO publishing.PublisherAPIImpl: Start of Bundler: HostBundler
[31/05/23 17:12:57:985 UTC]  INFO util.PushPublishLogger: class com.dotcms.enterprise.publishing.remote.bundler.HostBundler : Status Update: Bundling.
[31/05/23 17:12:58:017 UTC]  INFO bundler.HostBundler: Searching for ContentletVersionInfo. Identifier: 48190c8c-42c4-46af-8d1a-0cd5db894797. Language:1
[31/05/23 17:12:58:032 UTC]  INFO util.PushPublishLogger: class com.dotcms.enterprise.publishing.remote.bundler.HostBundler : Status Update: Bundling.
[31/05/23 17:12:58:034 UTC]  INFO publishing.PublisherAPIImpl: End of Bundler: HostBundler
[31/05/23 17:12:58:034 UTC]  INFO publishing.PublisherAPIImpl: Start of Bundler: ContentBundler
[31/05/23 17:12:58:036 UTC]  INFO util.PushPublishLogger: class com.dotcms.enterprise.publishing.remote.bundler.ContentBundler : Status Update: Bundling.
[31/05/23 17:12:58:040 UTC]  INFO util.PushPublishLogger: class com.dotcms.enterprise.publishing.remote.bundler.ContentBundler : Status Update: Bundling.
[31/05/23 17:12:58:041 UTC]  INFO publishing.PublisherAPIImpl: End of Bundler: ContentBundler
[31/05/23 17:12:58:041 UTC]  INFO publishing.PublisherAPIImpl: Start of Bundler: FolderBundler
[31/05/23 17:12:58:042 UTC]  INFO publishing.PublisherAPIImpl: End of Bundler: FolderBundler
[31/05/23 17:12:58:042 UTC]  INFO publishing.PublisherAPIImpl: Start of Bundler: TemplateBundler
[31/05/23 17:12:58:042 UTC]  INFO publishing.PublisherAPIImpl: End of Bundler: TemplateBundler
[31/05/23 17:12:58:042 UTC]  INFO publishing.PublisherAPIImpl: Start of Bundler: ContainerBundler
[31/05/23 17:12:58:042 UTC]  INFO publishing.PublisherAPIImpl: End of Bundler: ContainerBundler
[31/05/23 17:12:58:042 UTC]  INFO publishing.PublisherAPIImpl: Start of Bundler: RuleBundler
[31/05/23 17:12:58:042 UTC]  INFO publishing.PublisherAPIImpl: End of Bundler: RuleBundler
[31/05/23 17:12:58:042 UTC]  INFO publishing.PublisherAPIImpl: Start of Bundler: LinkBundler
[31/05/23 17:12:58:042 UTC]  INFO publishing.PublisherAPIImpl: End of Bundler: LinkBundler
[31/05/23 17:12:58:042 UTC]  INFO publishing.PublisherAPIImpl: Start of Bundler: ContentTypeBundler
[31/05/23 17:12:58:053 UTC]  INFO publishing.PublisherAPIImpl: End of Bundler: ContentTypeBundler
[31/05/23 17:12:58:053 UTC]  INFO publishing.PublisherAPIImpl: Start of Bundler: RelationshipBundler
[31/05/23 17:12:58:053 UTC]  INFO publishing.PublisherAPIImpl: End of Bundler: RelationshipBundler
[31/05/23 17:12:58:053 UTC]  INFO publishing.PublisherAPIImpl: Start of Bundler: LanguageVariablesBundler
[31/05/23 17:12:58:057 UTC]  WARN util.FileUtil: /data/shared/assets/messages/cms_language_en_US.properties is empty
[31/05/23 17:12:58:057 UTC]  WARN util.FileUtil: /data/shared/assets/messages/cms_language_es_ES.properties is empty
[31/05/23 17:12:58:057 UTC]  WARN util.FileUtil: /data/shared/assets/messages/cms_language_fr_FR.properties is empty
[31/05/23 17:12:58:059 UTC]  WARN util.FileUtil: /data/shared/assets/messages/cms_language_zh_CN.properties is empty
[31/05/23 17:12:58:060 UTC]  INFO publishing.PublisherAPIImpl: End of Bundler: LanguageVariablesBundler
[31/05/23 17:12:58:060 UTC]  INFO publishing.PublisherAPIImpl: Start of Bundler: WorkflowBundler
[31/05/23 17:12:58:122 UTC]  INFO publishing.PublisherAPIImpl: End of Bundler: WorkflowBundler
[31/05/23 17:12:58:124 UTC]  INFO publishing.PublisherAPIImpl: Start of Bundler: LanguageBundler
[31/05/23 17:12:58:124 UTC]  INFO publishing.PublisherAPIImpl: End of Bundler: LanguageBundler
[31/05/23 17:12:58:125 UTC]  INFO publishing.PublisherAPIImpl: Start of Bundler: BundleXMLAsc
[31/05/23 17:12:58:126 UTC]  INFO publishing.PublisherAPIImpl: End of Bundler: BundleXMLAsc
[31/05/23 17:12:58:126 UTC]  INFO publishing.PublisherAPIImpl: Start of Bundler: CategoryBundler
[31/05/23 17:12:58:127 UTC]  INFO publishing.PublisherAPIImpl: End of Bundler: CategoryBundler
[31/05/23 17:12:58:186 UTC]  INFO util.PushPublishLogger: class com.dotcms.publisher.pusher.PushPublisher : Status Update: Sending to all environments
[31/05/23 17:12:58:188 UTC]  INFO util.PushPublishLogger: class com.dotcms.publisher.pusher.PushPublisher : Status Update: Sending Bundle
[31/05/23 17:12:58:210 UTC]  INFO pusher.AuthCredentialPushPublishUtil: Is JWT in Push publish avaible?: false
[31/05/23 17:12:58:211 UTC]  INFO pusher.AuthCredentialPushPublishUtil: PublishingEndPoint: receiver-1685553065118
[31/05/23 17:12:58:212 UTC]  INFO pusher.AuthCredentialPushPublishUtil: PublishingEndPoint key: Optional[pmWkWSBCL51Bfkhn79xPuKBKHz//H6B+mY6G9/eieuM=]
[31/05/23 17:12:58:212 UTC]  INFO pusher.AuthCredentialPushPublishUtil: Token from request: 8SNNdReNiSoTOkEDVaWpkM910vM+uiXVdZQ9TfYy86Q=
[31/05/23 17:12:58:213 UTC] ERROR rest.IntegrityResource: Receiver at localhost:8080:> Authentication Token is invalid for ip: 127.0.0.1
[31/05/23 17:13:04:230 UTC]  INFO util.PushPublishLogger: class com.dotcms.publisher.pusher.PushPublisher : Invalid token
[31/05/23 17:13:04:968 UTC]  INFO util.SecurityLogger: class com.dotmarketing.cms.login.factories.LoginFactory : User admin@dotcms.com has sucessfully logged in from IP: 172.18.0.1 -- ip:172.18.0.1,user:Admin User [ID: dotcms.org.1][email:admin@dotcms.com]
[31/05/23 17:13:07:240 UTC]  INFO util.PushPublishLogger: class com.dotcms.publishing.PublisherAPIImpl : [BundleID: 01H1SCRBH186ZMQ8ZQXFM3YHD7] Completed Publishing Task
[31/05/23 17:13:07:387 UTC]  INFO business.PublisherQueueJob: ===========================================================
[31/05/23 17:13:07:387 UTC]  INFO business.PublisherQueueJob: For bundle '01H1SCRBH186ZMQ8ZQXFM3YHD7':
[31/05/23 17:13:07:387 UTC]  INFO business.PublisherQueueJob: -> Status             : WAITING_FOR_PUBLISHING [13]
[31/05/23 17:13:07:387 UTC]  INFO business.PublisherQueueJob: ===========================================================
[31/05/23 17:13:10:019 UTC]  WARN auth.PrincipalThreadLocal: getName null
[31/05/23 17:13:10:021 UTC]  INFO util.SecurityLogger: class com.dotcms.cms.login.LoginServiceAPIFactory$LoginServiceImpl : User dotcms.org.1 has successfully login from IP: 172.18.0.1 -- ip:172.18.0.1,user:Admin User [ID: dotcms.org.1][email:admin@dotcms.com]
[31/05/23 17:13:10:171 UTC]  INFO pusher.AuthCredentialPushPublishUtil: Is JWT in Push publish avaible?: false
[31/05/23 17:13:10:171 UTC]  INFO pusher.AuthCredentialPushPublishUtil: PublishingEndPoint: null
[31/05/23 17:13:10:171 UTC]  WARN pusher.PushPublisher: Endpoint or endpoint key is null:null
[31/05/23 17:13:10:171 UTC]  INFO pusher.AuthCredentialPushPublishUtil: PublishingEndPoint key: Optional.empty
[31/05/23 17:13:10:172 UTC] ERROR rest.IntegrityResource: Receiver at b5dfafb2e29e:8080:> Authentication Token is invalid for ip: 172.18.0.1
[31/05/23 17:13:14:230 UTC]  WARN auth.PrincipalThreadLocal: getName dotcms.org.1
[31/05/23 17:13:14:232 UTC]  INFO util.SecurityLogger: class com.dotcms.cms.login.LoginServiceAPIFactory$LoginServiceImpl : User dotcms.org.1 has successfully login from IP: 172.18.0.1 -- ip:172.18.0.1,user:Admin User [ID: dotcms.org.1][email:admin@dotcms.com]
[31/05/23 17:13:16:308 UTC]  INFO pusher.AuthCredentialPushPublishUtil: Is JWT in Push publish avaible?: false
[31/05/23 17:13:16:308 UTC]  INFO pusher.AuthCredentialPushPublishUtil: PublishingEndPoint: null
[31/05/23 17:13:16:308 UTC]  WARN pusher.PushPublisher: Endpoint or endpoint key is null:null
[31/05/23 17:13:16:309 UTC]  INFO pusher.AuthCredentialPushPublishUtil: PublishingEndPoint key: Optional.empty
[31/05/23 17:13:16:309 UTC] ERROR rest.IntegrityResource: Receiver at b5dfafb2e29e:8080:> Authentication Token is invalid for ip: 172.18.0.1
[31/05/23 17:13:16:358 UTC]  INFO pusher.AuthCredentialPushPublishUtil: Is JWT in Push publish avaible?: false
[31/05/23 17:13:16:359 UTC]  INFO pusher.AuthCredentialPushPublishUtil: PublishingEndPoint: null
[31/05/23 17:13:16:359 UTC]  WARN pusher.PushPublisher: Endpoint or endpoint key is null:null
[31/05/23 17:13:16:359 UTC]  INFO pusher.AuthCredentialPushPublishUtil: PublishingEndPoint key: Optional.empty
[31/05/23 17:13:16:359 UTC] ERROR rest.IntegrityResource: Receiver at b5dfafb2e29e:8080:> Authentication Token is invalid for ip: 172.18.0.1
[31/05/23 17:13:16:397 UTC]  INFO pusher.AuthCredentialPushPublishUtil: Is JWT in Push publish avaible?: false
[31/05/23 17:13:16:398 UTC]  INFO pusher.AuthCredentialPushPublishUtil: PublishingEndPoint: null
[31/05/23 17:13:16:398 UTC]  WARN pusher.PushPublisher: Endpoint or endpoint key is null:null
[31/05/23 17:13:16:398 UTC]  INFO pusher.AuthCredentialPushPublishUtil: PublishingEndPoint key: Optional.empty
[31/05/23 17:13:16:398 UTC] ERROR rest.IntegrityResource: Receiver at b5dfafb2e29e:8080:> Authentication Token is invalid for ip: 172.18.0.1
[31/05/23 17:13:20:153 UTC]  WARN auth.PrincipalThreadLocal: getName dotcms.org.1
[31/05/23 17:13:20:157 UTC]  INFO util.SecurityLogger: class com.dotcms.cms.login.LoginServiceAPIFactory$LoginServiceImpl : User dotcms.org.1 has successfully login from IP: 172.18.0.1 -- ip:172.18.0.1,user:Admin User [ID: dotcms.org.1][email:admin@dotcms.com]
[31/05/23 17:13:20:237 UTC] ERROR rest.BundlePublisherResource: Push Publishing failed from 172.18.0.1 bundle expected
[31/05/23 17:13:20:271 UTC]  INFO pusher.AuthCredentialPushPublishUtil: Is JWT in Push publish avaible?: false
[31/05/23 17:13:20:271 UTC]  INFO pusher.AuthCredentialPushPublishUtil: PublishingEndPoint: null
[31/05/23 17:13:20:274 UTC]  WARN pusher.PushPublisher: Endpoint or endpoint key is null:null
[31/05/23 17:13:20:274 UTC]  INFO pusher.AuthCredentialPushPublishUtil: PublishingEndPoint key: Optional.empty
[31/05/23 17:13:20:274 UTC] ERROR rest.IntegrityResource: Receiver at b5dfafb2e29e:8080:> Authentication Token is invalid for ip: 172.18.0.1
[31/05/23 17:13:25:241 UTC]  WARN auth.PrincipalThreadLocal: getName dotcms.org.1
[31/05/23 17:13:25:243 UTC]  INFO util.SecurityLogger: class com.dotcms.cms.login.LoginServiceAPIFactory$LoginServiceImpl : User dotcms.org.1 has successfully login from IP: 172.18.0.1 -- ip:172.18.0.1,user:Admin User [ID: dotcms.org.1][email:admin@dotcms.com]
[31/05/23 17:13:28:321 UTC]  INFO util.SecurityLogger: class com.dotmarketing.cms.login.factories.LoginFactory : User admin@dotcms.com has sucessfully logged in from IP: 172.18.0.1 -- ip:172.18.0.1,user:Admin User [ID: dotcms.org.1][email:admin@dotcms.com]
[31/05/23 17:13:31:365 UTC]  INFO util.SecurityLogger: class com.dotmarketing.cms.login.factories.LoginFactory : User admin@dotcms.com has sucessfully logged in from IP: 172.18.0.1 -- ip:172.18.0.1,user:Admin User [ID: dotcms.org.1][email:admin@dotcms.com]
[31/05/23 17:13:31:702 UTC]  INFO publishing.PublisherAPIImpl: Push Publishing Filters Directory: Lazy(/data/shared/assets/server/publishing-filters)
[31/05/23 17:13:31:702 UTC]  INFO publishing.PublisherAPIImpl: Loading Push Publish Filter: Intelligent.yml
[31/05/23 17:13:31:705 UTC]  INFO publishing.PublisherAPIImpl: FilterDescriptor{key=Intelligent.yml, title=Everything and Dependencies, sort=3, default=true, roles=DOTCMS_BACK_END_USER, filters{{excludeQuery=, excludeClasses=[], dependencies=true, excludeDependencyQuery=, excludeDependencyClasses=[], forcePush=false, relationships=true}}}
[31/05/23 17:13:31:705 UTC]  INFO publishing.PublisherAPIImpl: Loading Push Publish Filter: ShallowPush.yml
[31/05/23 17:13:31:712 UTC]  INFO publishing.PublisherAPIImpl: FilterDescriptor{key=ShallowPush.yml, title=Only Selected Items, sort=5, default=false, roles=DOTCMS_BACK_END_USER, filters{{excludeQuery=, excludeClasses=[], dependencies=false, excludeDependencyQuery=, excludeDependencyClasses=[], forcePush=false, relationships=false}}}
[31/05/23 17:13:31:712 UTC]  INFO publishing.PublisherAPIImpl: Loading Push Publish Filter: NoWorkflow.yml
[31/05/23 17:13:31:718 UTC]  INFO publishing.PublisherAPIImpl: FilterDescriptor{key=NoWorkflow.yml, title=Push without Wofklows, sort=1000, default=false, roles=DOTCMS_BACK_END_USER, filters{{excludeQuery=, excludeClasses=[Host, Workflow, OSGI], dependencies=true, excludeDependencyQuery=, excludeDependencyClasses=[Host, Workflow], forcePush=false, relationships=false}}}
[31/05/23 17:13:31:718 UTC]  INFO publishing.PublisherAPIImpl: Loading Push Publish Filter: ContentOnly.yml
[31/05/23 17:13:31:728 UTC]  INFO publishing.PublisherAPIImpl: FilterDescriptor{key=ContentOnly.yml, title=Content and Relationships, sort=1, default=false, roles=DOTCMS_BACK_END_USER, filters{{excludeQuery=, excludeClasses=[ContentType, Template, Containers, Folder, Host, Links, Workflow, Language, Rule, User, OSGI], dependencies=true, excludeDependencyQuery=, excludeDependencyClasses=[ContentType, Template, Containers, Folder, Host, Links, Workflow, Language, Rule], forcePush=false, relationships=true}}}
[31/05/23 17:13:31:728 UTC]  INFO publishing.PublisherAPIImpl: Loading Push Publish Filter: WebContentOnly.yml
[31/05/23 17:13:31:730 UTC]  INFO publishing.PublisherAPIImpl: FilterDescriptor{key=WebContentOnly.yml, title=Content, Assets and Pages, sort=2, default=false, roles=DOTCMS_BACK_END_USER, filters{{excludeQuery=, excludeClasses=[Host, Workflow, ContentType, User, OSGI, Language], dependencies=true, excludeDependencyQuery=, excludeDependencyClasses=[Host, Workflow, ContentType, Language], forcePush=false, relationships=true}}}
[31/05/23 17:13:31:730 UTC]  INFO publishing.PublisherAPIImpl: Loading Push Publish Filter: ForcePush.yml
[31/05/23 17:13:31:732 UTC]  INFO publishing.PublisherAPIImpl: FilterDescriptor{key=ForcePush.yml, title=Force Push Everything, sort=4, default=false, roles=DOTCMS_BACK_END_USER, filters{{excludeQuery=, excludeClasses=[], dependencies=true, excludeDependencyQuery=, excludeDependencyClasses=[], forcePush=true, relationships=true}}}
[31/05/23 17:13:34:790 UTC]  INFO util.SecurityLogger: class com.dotmarketing.cms.login.factories.LoginFactory : User admin@dotcms.com has sucessfully logged in from IP: 172.18.0.1 -- ip:172.18.0.1,user:Admin User [ID: dotcms.org.1][email:admin@dotcms.com]
[31/05/23 17:13:34:799 UTC]  INFO publishing.PublisherAPIImpl: Push Publishing Filters Directory: Lazy(/data/shared/assets/server/publishing-filters)
[31/05/23 17:13:34:800 UTC]  INFO publishing.PublisherAPIImpl: Loading Push Publish Filter: Intelligent.yml
[31/05/23 17:13:34:803 UTC]  INFO publishing.PublisherAPIImpl: FilterDescriptor{key=Intelligent.yml, title=Everything and Dependencies, sort=3, default=true, roles=DOTCMS_BACK_END_USER, filters{{excludeQuery=, excludeClasses=[], dependencies=true, excludeDependencyQuery=, excludeDependencyClasses=[], forcePush=false, relationships=true}}}
[31/05/23 17:13:34:803 UTC]  INFO publishing.PublisherAPIImpl: Loading Push Publish Filter: TestPPFilter.yml
[31/05/23 17:13:34:805 UTC]  INFO publishing.PublisherAPIImpl: FilterDescriptor{key=TestPPFilter.yml, title=Force Push Everything, sort=20, default=false, roles=DOTCMS_BACK_END_USER, filters{{excludeQuery=, excludeClasses=[], dependencies=true, excludeDependencyQuery=, excludeDependencyClasses=[], forcePush=true, relationships=true}}}
[31/05/23 17:13:34:805 UTC]  INFO publishing.PublisherAPIImpl: Loading Push Publish Filter: ShallowPush.yml
[31/05/23 17:13:34:806 UTC]  INFO publishing.PublisherAPIImpl: FilterDescriptor{key=ShallowPush.yml, title=Only Selected Items, sort=5, default=false, roles=DOTCMS_BACK_END_USER, filters{{excludeQuery=, excludeClasses=[], dependencies=false, excludeDependencyQuery=, excludeDependencyClasses=[], forcePush=false, relationships=false}}}
[31/05/23 17:13:34:809 UTC]  INFO publishing.PublisherAPIImpl: Loading Push Publish Filter: NoWorkflow.yml
[31/05/23 17:13:34:810 UTC]  INFO publishing.PublisherAPIImpl: FilterDescriptor{key=NoWorkflow.yml, title=Push without Wofklows, sort=1000, default=false, roles=DOTCMS_BACK_END_USER, filters{{excludeQuery=, excludeClasses=[Host, Workflow, OSGI], dependencies=true, excludeDependencyQuery=, excludeDependencyClasses=[Host, Workflow], forcePush=false, relationships=false}}}
[31/05/23 17:13:34:814 UTC]  INFO publishing.PublisherAPIImpl: Loading Push Publish Filter: ContentOnly.yml
[31/05/23 17:13:34:816 UTC]  INFO publishing.PublisherAPIImpl: FilterDescriptor{key=ContentOnly.yml, title=Content and Relationships, sort=1, default=false, roles=DOTCMS_BACK_END_USER, filters{{excludeQuery=, excludeClasses=[ContentType, Template, Containers, Folder, Host, Links, Workflow, Language, Rule, User, OSGI], dependencies=true, excludeDependencyQuery=, excludeDependencyClasses=[ContentType, Template, Containers, Folder, Host, Links, Workflow, Language, Rule], forcePush=false, relationships=true}}}
[31/05/23 17:13:34:816 UTC]  INFO publishing.PublisherAPIImpl: Loading Push Publish Filter: WebContentOnly.yml
[31/05/23 17:13:34:817 UTC]  INFO publishing.PublisherAPIImpl: FilterDescriptor{key=WebContentOnly.yml, title=Content, Assets and Pages, sort=2, default=false, roles=DOTCMS_BACK_END_USER, filters{{excludeQuery=, excludeClasses=[Host, Workflow, ContentType, User, OSGI, Language], dependencies=true, excludeDependencyQuery=, excludeDependencyClasses=[Host, Workflow, ContentType, Language], forcePush=false, relationships=true}}}
[31/05/23 17:13:34:817 UTC]  INFO publishing.PublisherAPIImpl: Loading Push Publish Filter: ForcePush.yml
[31/05/23 17:13:34:819 UTC]  INFO publishing.PublisherAPIImpl: FilterDescriptor{key=ForcePush.yml, title=Force Push Everything, sort=4, default=false, roles=DOTCMS_BACK_END_USER, filters{{excludeQuery=, excludeClasses=[], dependencies=true, excludeDependencyQuery=, excludeDependencyClasses=[], forcePush=true, relationships=true}}}
[31/05/23 17:13:37:860 UTC]  INFO util.SecurityLogger: class com.dotmarketing.cms.login.factories.LoginFactory : User admin@dotcms.com has sucessfully logged in from IP: 172.18.0.1 -- ip:172.18.0.1,user:Admin User [ID: dotcms.org.1][email:admin@dotcms.com]
[31/05/23 17:13:37:871 UTC]  INFO publishing.PublisherAPIImpl: Push Publishing Filters Directory: Lazy(/data/shared/assets/server/publishing-filters)
[31/05/23 17:13:37:871 UTC]  INFO publishing.PublisherAPIImpl: Loading Push Publish Filter: Intelligent.yml
[31/05/23 17:13:37:871 UTC]  INFO publishing.PublisherAPIImpl: FilterDescriptor{key=Intelligent.yml, title=Everything and Dependencies, sort=3, default=true, roles=DOTCMS_BACK_END_USER, filters{{excludeQuery=, excludeClasses=[], dependencies=true, excludeDependencyQuery=, excludeDependencyClasses=[], forcePush=false, relationships=true}}}
[31/05/23 17:13:37:871 UTC]  INFO publishing.PublisherAPIImpl: Loading Push Publish Filter: TestPPFilter.yml
[31/05/23 17:13:37:872 UTC]  INFO publishing.PublisherAPIImpl: FilterDescriptor{key=TestPPFilter.yml, title=Force Push Everything, sort=20, default=false, roles=DOTCMS_BACK_END_USER, filters{{excludeQuery=, excludeClasses=[], dependencies=true, excludeDependencyQuery=, excludeDependencyClasses=[], forcePush=true, relationships=true}}}
[31/05/23 17:13:37:872 UTC]  INFO publishing.PublisherAPIImpl: Loading Push Publish Filter: ShallowPush.yml
[31/05/23 17:13:37:872 UTC]  INFO publishing.PublisherAPIImpl: FilterDescriptor{key=ShallowPush.yml, title=Only Selected Items, sort=5, default=false, roles=DOTCMS_BACK_END_USER, filters{{excludeQuery=, excludeClasses=[], dependencies=false, excludeDependencyQuery=, excludeDependencyClasses=[], forcePush=false, relationships=false}}}
[31/05/23 17:13:37:872 UTC]  INFO publishing.PublisherAPIImpl: Loading Push Publish Filter: NoWorkflow.yml
[31/05/23 17:13:37:873 UTC]  INFO publishing.PublisherAPIImpl: FilterDescriptor{key=NoWorkflow.yml, title=Push without Wofklows Updated., sort=0, default=false, roles=DOTCMS_BACK_END_USER, filters{{excludeQuery=, excludeClasses=[Host, Workflow, OSGI], dependencies=true, excludeDependencyQuery=, excludeDependencyClasses=[Host, Workflow], forcePush=false, relationships=false}}}
[31/05/23 17:13:37:873 UTC]  INFO publishing.PublisherAPIImpl: Loading Push Publish Filter: ContentOnly.yml
[31/05/23 17:13:37:873 UTC]  INFO publishing.PublisherAPIImpl: FilterDescriptor{key=ContentOnly.yml, title=Content and Relationships, sort=1, default=false, roles=DOTCMS_BACK_END_USER, filters{{excludeQuery=, excludeClasses=[ContentType, Template, Containers, Folder, Host, Links, Workflow, Language, Rule, User, OSGI], dependencies=true, excludeDependencyQuery=, excludeDependencyClasses=[ContentType, Template, Containers, Folder, Host, Links, Workflow, Language, Rule], forcePush=false, relationships=true}}}
[31/05/23 17:13:37:873 UTC]  INFO publishing.PublisherAPIImpl: Loading Push Publish Filter: WebContentOnly.yml
[31/05/23 17:13:37:874 UTC]  INFO publishing.PublisherAPIImpl: FilterDescriptor{key=WebContentOnly.yml, title=Content, Assets and Pages, sort=2, default=false, roles=DOTCMS_BACK_END_USER, filters{{excludeQuery=, excludeClasses=[Host, Workflow, ContentType, User, OSGI, Language], dependencies=true, excludeDependencyQuery=, excludeDependencyClasses=[Host, Workflow, ContentType, Language], forcePush=false, relationships=true}}}
[31/05/23 17:13:37:874 UTC]  INFO publishing.PublisherAPIImpl: Loading Push Publish Filter: ForcePush.yml
[31/05/23 17:13:37:874 UTC]  INFO publishing.PublisherAPIImpl: FilterDescriptor{key=ForcePush.yml, title=Force Push Everything, sort=4, default=false, roles=DOTCMS_BACK_END_USER, filters{{excludeQuery=, excludeClasses=[], dependencies=true, excludeDependencyQuery=, excludeDependencyClasses=[], forcePush=true, relationships=true}}}
[31/05/23 17:13:40:957 UTC]  INFO util.SecurityLogger: class com.dotmarketing.cms.login.factories.LoginFactory : User admin@dotcms.com has sucessfully logged in from IP: 172.18.0.1 -- ip:172.18.0.1,user:Admin User [ID: dotcms.org.1][email:admin@dotcms.com]
[31/05/23 17:13:40:962 UTC]  INFO publishing.PublisherAPIImpl: Push Publishing Filters Directory: Lazy(/data/shared/assets/server/publishing-filters)
[31/05/23 17:13:40:962 UTC]  INFO publishing.PublisherAPIImpl: Loading Push Publish Filter: Intelligent.yml
[31/05/23 17:13:40:963 UTC]  INFO publishing.PublisherAPIImpl: FilterDescriptor{key=Intelligent.yml, title=Everything and Dependencies, sort=3, default=true, roles=DOTCMS_BACK_END_USER, filters{{excludeQuery=, excludeClasses=[], dependencies=true, excludeDependencyQuery=, excludeDependencyClasses=[], forcePush=false, relationships=true}}}
[31/05/23 17:13:40:963 UTC]  INFO publishing.PublisherAPIImpl: Loading Push Publish Filter: TestPPFilter.yml
[31/05/23 17:13:40:963 UTC]  INFO publishing.PublisherAPIImpl: FilterDescriptor{key=TestPPFilter.yml, title=Force Push Everything, sort=20, default=false, roles=DOTCMS_BACK_END_USER, filters{{excludeQuery=, excludeClasses=[], dependencies=true, excludeDependencyQuery=, excludeDependencyClasses=[], forcePush=true, relationships=true}}}
[31/05/23 17:13:40:963 UTC]  INFO publishing.PublisherAPIImpl: Loading Push Publish Filter: ShallowPush.yml
[31/05/23 17:13:40:967 UTC]  INFO publishing.PublisherAPIImpl: FilterDescriptor{key=ShallowPush.yml, title=Only Selected Items, sort=5, default=false, roles=DOTCMS_BACK_END_USER, filters{{excludeQuery=, excludeClasses=[], dependencies=false, excludeDependencyQuery=, excludeDependencyClasses=[], forcePush=false, relationships=false}}}
[31/05/23 17:13:40:969 UTC]  INFO publishing.PublisherAPIImpl: Loading Push Publish Filter: NoWorkflow.yml
[31/05/23 17:13:40:970 UTC]  INFO publishing.PublisherAPIImpl: FilterDescriptor{key=NoWorkflow.yml, title=Push without Wofklows Updated., sort=0, default=false, roles=DOTCMS_BACK_END_USER, filters{{excludeQuery=, excludeClasses=[Host, Workflow, OSGI], dependencies=true, excludeDependencyQuery=, excludeDependencyClasses=[Host, Workflow], forcePush=false, relationships=false}}}
[31/05/23 17:13:40:970 UTC]  INFO publishing.PublisherAPIImpl: Loading Push Publish Filter: ContentOnly.yml
[31/05/23 17:13:40:972 UTC]  INFO publishing.PublisherAPIImpl: FilterDescriptor{key=ContentOnly.yml, title=Content and Relationships, sort=1, default=false, roles=DOTCMS_BACK_END_USER, filters{{excludeQuery=, excludeClasses=[ContentType, Template, Containers, Folder, Host, Links, Workflow, Language, Rule, User, OSGI], dependencies=true, excludeDependencyQuery=, excludeDependencyClasses=[ContentType, Template, Containers, Folder, Host, Links, Workflow, Language, Rule], forcePush=false, relationships=true}}}
[31/05/23 17:13:40:972 UTC]  INFO publishing.PublisherAPIImpl: Loading Push Publish Filter: WebContentOnly.yml
[31/05/23 17:13:40:972 UTC]  INFO publishing.PublisherAPIImpl: FilterDescriptor{key=WebContentOnly.yml, title=Content, Assets and Pages, sort=2, default=false, roles=DOTCMS_BACK_END_USER, filters{{excludeQuery=, excludeClasses=[Host, Workflow, ContentType, User, OSGI, Language], dependencies=true, excludeDependencyQuery=, excludeDependencyClasses=[Host, Workflow, ContentType, Language], forcePush=false, relationships=true}}}
[31/05/23 17:13:40:972 UTC]  INFO publishing.PublisherAPIImpl: Loading Push Publish Filter: ForcePush.yml
[31/05/23 17:13:40:974 UTC]  INFO publishing.PublisherAPIImpl: FilterDescriptor{key=ForcePush.yml, title=Force Push Everything, sort=4, default=false, roles=DOTCMS_BACK_END_USER, filters{{excludeQuery=, excludeClasses=[], dependencies=true, excludeDependencyQuery=, excludeDependencyClasses=[], forcePush=true, relationships=true}}}
[31/05/23 17:13:44:014 UTC]  INFO util.SecurityLogger: class com.dotmarketing.cms.login.factories.LoginFactory : User admin@dotcms.com has sucessfully logged in from IP: 172.18.0.1 -- ip:172.18.0.1,user:Admin User [ID: dotcms.org.1][email:admin@dotcms.com]
[31/05/23 17:13:47:061 UTC]  INFO util.SecurityLogger: class com.dotmarketing.cms.login.factories.LoginFactory : User admin@dotcms.com has sucessfully logged in from IP: 172.18.0.1 -- ip:172.18.0.1,user:Admin User [ID: dotcms.org.1][email:admin@dotcms.com]
[31/05/23 17:13:47:065 UTC]  INFO publishing.PublisherAPIImpl: Push Publishing Filters Directory: Lazy(/data/shared/assets/server/publishing-filters)
[31/05/23 17:13:47:065 UTC]  INFO publishing.PublisherAPIImpl: Loading Push Publish Filter: Intelligent.yml
[31/05/23 17:13:47:066 UTC]  INFO publishing.PublisherAPIImpl: FilterDescriptor{key=Intelligent.yml, title=Everything and Dependencies, sort=3, default=true, roles=DOTCMS_BACK_END_USER, filters{{excludeQuery=, excludeClasses=[], dependencies=true, excludeDependencyQuery=, excludeDependencyClasses=[], forcePush=false, relationships=true}}}
[31/05/23 17:13:47:066 UTC]  INFO publishing.PublisherAPIImpl: Loading Push Publish Filter: TestPPFilter.yml
[31/05/23 17:13:47:066 UTC]  INFO publishing.PublisherAPIImpl: FilterDescriptor{key=TestPPFilter.yml, title=Force Push Everything, sort=20, default=false, roles=DOTCMS_BACK_END_USER, filters{{excludeQuery=, excludeClasses=[], dependencies=true, excludeDependencyQuery=, excludeDependencyClasses=[], forcePush=true, relationships=true}}}
[31/05/23 17:13:47:066 UTC]  INFO publishing.PublisherAPIImpl: Loading Push Publish Filter: ShallowPush.yml
[31/05/23 17:13:47:067 UTC]  INFO publishing.PublisherAPIImpl: FilterDescriptor{key=ShallowPush.yml, title=Only Selected Items, sort=5, default=false, roles=DOTCMS_BACK_END_USER, filters{{excludeQuery=, excludeClasses=[], dependencies=false, excludeDependencyQuery=, excludeDependencyClasses=[], forcePush=false, relationships=false}}}
[31/05/23 17:13:47:067 UTC]  INFO publishing.PublisherAPIImpl: Loading Push Publish Filter: ContentOnly.yml
[31/05/23 17:13:47:067 UTC]  INFO publishing.PublisherAPIImpl: FilterDescriptor{key=ContentOnly.yml, title=Content and Relationships, sort=1, default=false, roles=DOTCMS_BACK_END_USER, filters{{excludeQuery=, excludeClasses=[ContentType, Template, Containers, Folder, Host, Links, Workflow, Language, Rule, User, OSGI], dependencies=true, excludeDependencyQuery=, excludeDependencyClasses=[ContentType, Template, Containers, Folder, Host, Links, Workflow, Language, Rule], forcePush=false, relationships=true}}}
[31/05/23 17:13:47:067 UTC]  INFO publishing.PublisherAPIImpl: Loading Push Publish Filter: WebContentOnly.yml
[31/05/23 17:13:47:071 UTC]  INFO publishing.PublisherAPIImpl: FilterDescriptor{key=WebContentOnly.yml, title=Content, Assets and Pages, sort=2, default=false, roles=DOTCMS_BACK_END_USER, filters{{excludeQuery=, excludeClasses=[Host, Workflow, ContentType, User, OSGI, Language], dependencies=true, excludeDependencyQuery=, excludeDependencyClasses=[Host, Workflow, ContentType, Language], forcePush=false, relationships=true}}}
[31/05/23 17:13:47:071 UTC]  INFO publishing.PublisherAPIImpl: Loading Push Publish Filter: ForcePush.yml
[31/05/23 17:13:47:073 UTC]  INFO publishing.PublisherAPIImpl: FilterDescriptor{key=ForcePush.yml, title=Force Push Everything, sort=4, default=false, roles=DOTCMS_BACK_END_USER, filters{{excludeQuery=, excludeClasses=[], dependencies=true, excludeDependencyQuery=, excludeDependencyClasses=[], forcePush=true, relationships=true}}}
[31/05/23 17:13:50:113 UTC]  INFO util.SecurityLogger: class com.dotmarketing.cms.login.factories.LoginFactory : User admin@dotcms.com has sucessfully logged in from IP: 172.18.0.1 -- ip:172.18.0.1,user:Admin User [ID: dotcms.org.1][email:admin@dotcms.com]
[31/05/23 17:13:50:119 UTC]  INFO publishing.PublisherAPIImpl: Push Publishing Filters Directory: Lazy(/data/shared/assets/server/publishing-filters)
[31/05/23 17:13:50:120 UTC]  INFO publishing.PublisherAPIImpl: Loading Push Publish Filter: Intelligent.yml
[31/05/23 17:13:50:122 UTC]  INFO publishing.PublisherAPIImpl: FilterDescriptor{key=Intelligent.yml, title=Everything and Dependencies, sort=3, default=true, roles=DOTCMS_BACK_END_USER, filters{{excludeQuery=, excludeClasses=[], dependencies=true, excludeDependencyQuery=, excludeDependencyClasses=[], forcePush=false, relationships=true}}}
[31/05/23 17:13:50:122 UTC]  INFO publishing.PublisherAPIImpl: Loading Push Publish Filter: ShallowPush.yml
[31/05/23 17:13:50:123 UTC]  INFO publishing.PublisherAPIImpl: FilterDescriptor{key=ShallowPush.yml, title=Only Selected Items, sort=5, default=false, roles=DOTCMS_BACK_END_USER, filters{{excludeQuery=, excludeClasses=[], dependencies=false, excludeDependencyQuery=, excludeDependencyClasses=[], forcePush=false, relationships=false}}}
[31/05/23 17:13:50:123 UTC]  INFO publishing.PublisherAPIImpl: Loading Push Publish Filter: ContentOnly.yml
[31/05/23 17:13:50:125 UTC]  INFO publishing.PublisherAPIImpl: FilterDescriptor{key=ContentOnly.yml, title=Content and Relationships, sort=1, default=false, roles=DOTCMS_BACK_END_USER, filters{{excludeQuery=, excludeClasses=[ContentType, Template, Containers, Folder, Host, Links, Workflow, Language, Rule, User, OSGI], dependencies=true, excludeDependencyQuery=, excludeDependencyClasses=[ContentType, Template, Containers, Folder, Host, Links, Workflow, Language, Rule], forcePush=false, relationships=true}}}
[31/05/23 17:13:50:126 UTC]  INFO publishing.PublisherAPIImpl: Loading Push Publish Filter: WebContentOnly.yml
[31/05/23 17:13:50:127 UTC]  INFO publishing.PublisherAPIImpl: FilterDescriptor{key=WebContentOnly.yml, title=Content, Assets and Pages, sort=2, default=false, roles=DOTCMS_BACK_END_USER, filters{{excludeQuery=, excludeClasses=[Host, Workflow, ContentType, User, OSGI, Language], dependencies=true, excludeDependencyQuery=, excludeDependencyClasses=[Host, Workflow, ContentType, Language], forcePush=false, relationships=true}}}
[31/05/23 17:13:50:128 UTC]  INFO publishing.PublisherAPIImpl: Loading Push Publish Filter: ForcePush.yml
[31/05/23 17:13:50:129 UTC]  INFO publishing.PublisherAPIImpl: FilterDescriptor{key=ForcePush.yml, title=Force Push Everything, sort=4, default=false, roles=DOTCMS_BACK_END_USER, filters{{excludeQuery=, excludeClasses=[], dependencies=true, excludeDependencyQuery=, excludeDependencyClasses=[], forcePush=true, relationships=true}}}
