[14/06/23 16:00:35:576 UTC]  INFO loggers.Log4jUtil: Async Logger enabled: true
[14/06/23 16:00:35:581 UTC]  INFO listeners.ContextLifecycleListener: Installing the web socket
[14/06/23 16:00:36:448 UTC]  INFO business.CacheLocator: loading cache administrator: ChainableCacheAdministratorImpl
[14/06/23 16:00:36:958 UTC]  INFO db.DataSourceStrategyProvider: Datasource loaded using custom class com.dotmarketing.db.SystemEnvDataSourceStrategy
[14/06/23 16:00:36:971 UTC]  INFO cfg.Environment: Hibernate 2.1.8
[14/06/23 16:00:36:972 UTC]  INFO cfg.Environment: hibernate.properties not found
[14/06/23 16:00:36:973 UTC]  INFO cfg.Environment: using CGLIB reflection optimizer
[14/06/23 16:00:36:975 UTC]  INFO cfg.Environment: using JDK 1.4 java.sql.Timestamp handling
[14/06/23 16:00:36:977 UTC]  INFO cfg.Configuration: configuring from resource: /hibernate.cfg.xml
[14/06/23 16:00:36:977 UTC]  INFO cfg.Configuration: Configuration resource: /hibernate.cfg.xml
[14/06/23 16:00:37:021 UTC]  INFO cfg.Configuration: Configured SessionFactory: null
[14/06/23 16:00:37:021 UTC]  INFO cfg.Configuration: Mapping resource: META-INF/portal-hbm.xml
[14/06/23 16:00:37:056 UTC]  INFO cfg.Binder: Mapping class: com.liferay.portal.ejb.AddressHBM -> Address
[14/06/23 16:00:37:138 UTC]  INFO cfg.Binder: Mapping class: com.liferay.portal.ejb.CompanyHBM -> Company
[14/06/23 16:00:37:142 UTC]  INFO cfg.Binder: Mapping class: com.liferay.portal.ejb.ImageHBM -> Image
[14/06/23 16:00:37:143 UTC]  INFO cfg.Binder: Mapping class: com.liferay.portal.ejb.PasswordTrackerHBM -> PasswordTracker
[14/06/23 16:00:37:146 UTC]  INFO cfg.Binder: Mapping class: com.liferay.portal.ejb.UserHBM -> User_
[14/06/23 16:00:37:156 UTC]  INFO cfg.Binder: Mapping class: com.liferay.portal.ejb.UserTrackerHBM -> UserTracker
[14/06/23 16:00:37:158 UTC]  INFO cfg.Binder: Mapping class: com.liferay.portal.ejb.UserTrackerPathHBM -> UserTrackerPath
[14/06/23 16:00:37:168 UTC]  INFO cfg.Binder: Mapping class: com.liferay.portlet.admin.ejb.AdminConfigHBM -> AdminConfig
[14/06/23 16:00:37:169 UTC]  INFO cfg.Configuration: Mapping resource: com/dotmarketing/beans/DotCMSSeq.hbm.xml
[14/06/23 16:00:37:221 UTC]  INFO cfg.Binder: Mapping class: com.dotmarketing.beans.Inode -> inode
[14/06/23 16:00:37:245 UTC]  INFO cfg.Binder: Mapping joined-subclass: com.dotmarketing.portlets.containers.model.Container -> dot_containers
[14/06/23 16:00:37:257 UTC]  INFO cfg.Binder: Mapping joined-subclass: com.dotmarketing.portlets.links.model.Link -> links
[14/06/23 16:00:37:260 UTC]  INFO cfg.Binder: Mapping joined-subclass: com.dotmarketing.portlets.structure.model.Field -> field
[14/06/23 16:00:37:262 UTC]  INFO cfg.Binder: Mapping class: com.dotmarketing.portlets.workflows.model.WorkflowTask -> workflow_task
[14/06/23 16:00:37:264 UTC]  INFO cfg.Binder: Mapping class: com.dotmarketing.portlets.workflows.model.WorkflowComment -> workflow_comment
[14/06/23 16:00:37:272 UTC]  INFO cfg.Binder: Mapping class: com.dotmarketing.portlets.workflows.model.WorkflowHistory -> workflow_history
[14/06/23 16:00:37:274 UTC]  INFO cfg.Binder: Mapping class: com.dotmarketing.portlets.workflows.model.WorkFlowTaskFiles -> workflowtask_files
[14/06/23 16:00:37:277 UTC]  INFO cfg.Binder: Mapping class: com.dotmarketing.beans.Permission -> permission
[14/06/23 16:00:37:278 UTC]  INFO cfg.Binder: Mapping class: com.dotmarketing.beans.PermissionReference -> permission_reference
[14/06/23 16:00:37:280 UTC]  INFO cfg.Binder: Mapping class: com.dotmarketing.beans.Tree -> tree
[14/06/23 16:00:37:416 UTC]  INFO cfg.Binder: Mapping class: com.dotmarketing.beans.MultiTree -> multi_tree
[14/06/23 16:00:37:439 UTC]  INFO util.ReflectHelper: reflection optimizer disabled for: com.dotmarketing.beans.MultiTree, BulkBeanException: Index 1 out of bounds for length 0 (property setParent1)
[14/06/23 16:00:37:440 UTC]  INFO cfg.Binder: Mapping class: com.dotmarketing.beans.Clickstream -> clickstream
[14/06/23 16:00:37:448 UTC]  INFO cfg.Binder: Mapping class: com.dotmarketing.beans.ClickstreamRequest -> clickstream_request
[14/06/23 16:00:37:449 UTC]  INFO cfg.Binder: Mapping class: com.dotmarketing.beans.Clickstream404 -> clickstream_404
[14/06/23 16:00:37:451 UTC]  INFO cfg.Binder: Mapping class: com.dotmarketing.tag.model.Tag -> tag
[14/06/23 16:00:37:452 UTC]  INFO cfg.Binder: Mapping class: com.dotmarketing.tag.model.TagInode -> tag_inode
[14/06/23 16:00:37:491 UTC]  INFO cfg.Binder: Mapping class: com.dotmarketing.beans.ChallengeQuestion -> challenge_question
[14/06/23 16:00:37:494 UTC]  INFO cfg.Binder: Mapping class: com.dotmarketing.beans.UsersToDelete -> users_to_delete
[14/06/23 16:00:37:495 UTC]  INFO cfg.Binder: Mapping class: com.dotmarketing.plugin.model.Plugin -> plugin
[14/06/23 16:00:37:498 UTC]  INFO cfg.Binder: Mapping class: com.dotmarketing.business.Role -> cms_role
[14/06/23 16:00:37:501 UTC]  INFO cfg.Binder: Mapping class: com.dotmarketing.business.UsersRoles -> users_cms_roles
[14/06/23 16:00:37:502 UTC]  INFO cfg.Binder: Mapping class: com.dotmarketing.business.LayoutsRoles -> layouts_cms_roles
[14/06/23 16:00:37:503 UTC]  INFO cfg.Binder: Mapping class: com.dotmarketing.business.Layout -> cms_layout
[14/06/23 16:00:37:507 UTC]  INFO cfg.Binder: Mapping class: com.dotmarketing.business.PortletsLayouts -> cms_layouts_portlets
[14/06/23 16:00:37:509 UTC]  INFO cfg.Binder: Mapping class: com.dotmarketing.portlets.hostvariable.model.HostVariable -> host_variable
[14/06/23 16:00:37:510 UTC]  INFO cfg.Binder: Mapping class: com.dotmarketing.beans.FixAudit -> fixes_audit
[14/06/23 16:00:37:513 UTC]  INFO cfg.Binder: Mapping class: com.dotmarketing.beans.ContainerStructure -> container_structures
[14/06/23 16:00:37:516 UTC]  INFO cfg.Binder: Mapping class: com.dotmarketing.portlets.templates.model.TemplateVersionInfo -> template_version_info
[14/06/23 16:00:37:522 UTC]  INFO cfg.Binder: Mapping class: com.dotmarketing.portlets.containers.model.ContainerVersionInfo -> container_version_info
[14/06/23 16:00:37:523 UTC]  INFO cfg.Binder: Mapping class: com.dotmarketing.portlets.links.model.LinkVersionInfo -> link_version_info
[14/06/23 16:00:37:523 UTC]  INFO cfg.Configuration: Mapping resource: com/dotmarketing/beans/DotCMSSeq_NOSQLGEN.hbm.xml
[14/06/23 16:00:37:544 UTC]  INFO cfg.Binder: Mapping class: com.dotmarketing.plugin.model.PluginProperty -> plugin_property
[14/06/23 16:00:37:591 UTC]  INFO cfg.Configuration: processing one-to-many association mappings
[14/06/23 16:00:37:591 UTC]  INFO cfg.Binder: Mapping collection: com.dotmarketing.beans.Clickstream.clickstreamRequests -> clickstream_request
[14/06/23 16:00:37:591 UTC]  INFO cfg.Configuration: processing one-to-one association property references
[14/06/23 16:00:37:591 UTC]  INFO cfg.Configuration: processing foreign key constraints
[14/06/23 16:00:37:620 UTC]  INFO dialect.Dialect: Using dialect: com.dotcms.repackage.net.sf.hibernate.dialect.PostgreSQLDialect
[14/06/23 16:00:37:625 UTC]  INFO cfg.SettingsFactory: Use outer join fetching: true
[14/06/23 16:00:37:630 UTC]  WARN connection.UserSuppliedConnectionProvider: No connection properties specified - the user must supply JDBC connections
[14/06/23 16:00:37:633 UTC]  INFO transaction.TransactionManagerLookupFactory: No TransactionManagerLookup configured (in JTA environment, use of process level read-write cache is not recommended)
[14/06/23 16:00:37:634 UTC]  INFO cfg.SettingsFactory: Use scrollable result sets: true
[14/06/23 16:00:37:634 UTC]  INFO cfg.SettingsFactory: Use JDBC3 getGeneratedKeys(): false
[14/06/23 16:00:37:634 UTC]  INFO cfg.SettingsFactory: Optimize cache for minimal puts: false
[14/06/23 16:00:37:634 UTC]  INFO cfg.SettingsFactory: Query language substitutions: {}
[14/06/23 16:00:37:634 UTC]  INFO cfg.SettingsFactory: cache provider: com.dotmarketing.db.NoCacheProvider
[14/06/23 16:00:37:639 UTC]  INFO cfg.Configuration: instantiating and configuring caches
[14/06/23 16:00:37:659 UTC]  INFO impl.SessionFactoryImpl: building session factory
[14/06/23 16:00:37:738 UTC]  INFO util.ReflectHelper: reflection optimizer disabled for: com.dotmarketing.beans.MultiTree, BulkBeanException: Index 1 out of bounds for length 0 (property setTreeOrder)
[14/06/23 16:00:38:202 UTC]  INFO impl.SessionFactoryObjectFactory: Not binding factory to JNDI, no JNDI name configured
[14/06/23 16:00:38:368 UTC]  WARN license.LicenseManager: Cannot upsert License to db (every 120000 millis)
[14/06/23 16:00:38:370 UTC]  INFO servlets.InitServlet: 
[14/06/23 16:00:38:370 UTC]  INFO servlets.InitServlet:  * Copyright (c) 2023 dotCMS Inc. 
[14/06/23 16:00:38:370 UTC]  INFO servlets.InitServlet:  * This software, code and any modifications to the code are licensed under the terms of the dotCMS Enterprise License 
[14/06/23 16:00:38:370 UTC]  INFO servlets.InitServlet:  * which can be found here : https://www.github.com/dotCMS/core/LICENSE 
[14/06/23 16:00:38:371 UTC]  INFO servlets.InitServlet: 
[14/06/23 16:00:38:384 UTC]  INFO h22.H22Cache: Initing H22 cache db:0
[14/06/23 16:00:38:388 UTC]  INFO h22.H22Cache: Building new H22 Cache, db:0
[14/06/23 16:00:38:412 UTC]  INFO h22.H22HikariPool: H22 on disk cache:jdbc:h2:/data/local/dotsecure/h22cache/0/2023-06-14_16-00-38/cache;MVCC=TRUE;DB_CLOSE_ON_EXIT=FALSE
[14/06/23 16:00:38:600 UTC]  INFO h22.H22Cache: Initing H22 cache db:1
[14/06/23 16:00:38:600 UTC]  INFO h22.H22Cache: Building new H22 Cache, db:1
[14/06/23 16:00:38:601 UTC]  INFO h22.H22HikariPool: H22 on disk cache:jdbc:h2:/data/local/dotsecure/h22cache/1/2023-06-14_16-00-38/cache;MVCC=TRUE;DB_CLOSE_ON_EXIT=FALSE
[14/06/23 16:00:38:659 UTC]  INFO timedcache.TimedCacheProvider: ===== Initializing [Timed Cache Provider].
[14/06/23 16:00:38:660 UTC]  INFO timedcache.TimedCacheProvider: ***	 Cache Config Memory : esquerycache: 10000
[14/06/23 16:00:38:668 UTC]  INFO timedcache.TimedCacheProvider: ***	 Cache Config Memory : esquerycountcache: 10000
[14/06/23 16:00:38:669 UTC]  INFO timedcache.TimedCacheProvider: ***	 Cache Config Memory : graphqlquerycache: 5000
[14/06/23 16:00:38:670 UTC]  INFO timedcache.TimedCacheProvider: ***	 Cache Config Memory : default: 1000
[14/06/23 16:00:38:671 UTC]  INFO timedcache.TimedCacheProvider: ***	 Cache Config Memory : adminconfigpool: 100
[14/06/23 16:00:38:672 UTC]  INFO timedcache.TimedCacheProvider: ***	 Cache Config Memory : companypool: 10
[14/06/23 16:00:38:673 UTC]  INFO timedcache.TimedCacheProvider: ***	 Cache Config Memory : contentletcache: 5000
[14/06/23 16:00:38:673 UTC]  INFO timedcache.TimedCacheProvider: ***	 Cache Config Memory : categoryparentscache: 30000
[14/06/23 16:00:38:674 UTC]  INFO timedcache.TimedCacheProvider: ***	 Cache Config Memory : taginodecache: 50000
[14/06/23 16:00:38:675 UTC]  INFO timedcache.TimedCacheProvider: ***	 Cache Config Memory : taginodesbyinodecache: 50000
[14/06/23 16:00:38:676 UTC]  INFO timedcache.TimedCacheProvider: ***	 Cache Config Memory : tagcache: 50000
[14/06/23 16:00:38:677 UTC]  INFO timedcache.TimedCacheProvider: ***	 Cache Config Memory : csscache: 2500
[14/06/23 16:00:38:677 UTC]  INFO timedcache.TimedCacheProvider: ***	 Cache Config Memory : assetmetadatacache: 10000
[14/06/23 16:00:38:679 UTC]  INFO timedcache.TimedCacheProvider: ***	 Cache Config Memory : identifiercache: 50000
[14/06/23 16:00:38:680 UTC]  INFO timedcache.TimedCacheProvider: ***	 Cache Config Memory : identifier404cache: 30000
[14/06/23 16:00:38:682 UTC]  INFO timedcache.TimedCacheProvider: ***	 Cache Config Memory : indiciescache: 8
[14/06/23 16:00:38:684 UTC]  INFO timedcache.TimedCacheProvider: ***	 Cache Config Memory : logmappercache: 10
[14/06/23 16:00:38:685 UTC]  INFO timedcache.TimedCacheProvider: ***	 Cache Config Memory : navcache: 1000
[14/06/23 16:00:38:686 UTC]  INFO timedcache.TimedCacheProvider: ***	 Cache Config Memory : parentpermissionablecache: 10000
[14/06/23 16:00:38:687 UTC]  INFO timedcache.TimedCacheProvider: ***	 Cache Config Memory : permissioncache: 50000
[14/06/23 16:00:38:688 UTC]  INFO timedcache.TimedCacheProvider: ***	 Cache Config Memory : portletpool: 100
[14/06/23 16:00:38:689 UTC]  INFO timedcache.TimedCacheProvider: ***	 Cache Config Memory : publishingendpointcache: 100
[14/06/23 16:00:38:690 UTC]  INFO timedcache.TimedCacheProvider: ***	 Cache Config Memory : pushedassetscache: 5000
[14/06/23 16:00:38:690 UTC]  INFO timedcache.TimedCacheProvider: ***	 Cache Config Memory : templatecache: 500
[14/06/23 16:00:38:691 UTC]  INFO timedcache.TimedCacheProvider: ***	 Cache Config Memory : translatedquerycache: 5000
[14/06/23 16:00:38:693 UTC]  INFO timedcache.TimedCacheProvider: ***	 Cache Config Memory : versioncache: 50000
[14/06/23 16:00:38:693 UTC]  INFO timedcache.TimedCacheProvider: ***	 Cache Config Memory : versioninfocache: 50000
[14/06/23 16:00:38:694 UTC]  INFO timedcache.TimedCacheProvider: ***	 Cache Config Memory : workflowactioncache: 10000
[14/06/23 16:00:38:695 UTC]  INFO timedcache.TimedCacheProvider: ***	 Cache Config Memory : workflowtaskcache: 10000
[14/06/23 16:00:38:696 UTC]  INFO timedcache.TimedCacheProvider: ***	 Cache Config Memory : shortyidcache: 25000
[14/06/23 16:00:38:696 UTC]  INFO timedcache.TimedCacheProvider: ***	 Cache Config Memory : velocitycache: 5000
[14/06/23 16:00:38:698 UTC]  INFO timedcache.TimedCacheProvider: ***	 Cache Config Memory : vanityurldirectcache: 25000
[14/06/23 16:00:38:699 UTC]  INFO timedcache.TimedCacheProvider: ***	 Cache Config Memory : vanityurlsitecache: 5000
[14/06/23 16:00:39:148 UTC]  INFO servlet.VisitorFilter: VisitorLogger Filter Started
[14/06/23 16:00:39:456 UTC]  INFO util.SystemProperties: Loading file:/srv/dotserver/tomcat-9.0.60/webapps/ROOT/WEB-INF/classes/system.properties
[14/06/23 16:00:39:458 UTC]  INFO util.SystemProperties: Loading file:/srv/dotserver/tomcat-9.0.60/webapps/ROOT/WEB-INF/classes/system-ext.properties
[14/06/23 16:00:39:466 UTC]  INFO util.SystemProperties: Loading file:/srv/dotserver/tomcat-9.0.60/webapps/ROOT/WEB-INF/classes/system.properties
[14/06/23 16:00:39:467 UTC]  INFO util.SystemProperties: Loading file:/srv/dotserver/tomcat-9.0.60/webapps/ROOT/WEB-INF/classes/system-ext.properties
[14/06/23 16:00:40:076 UTC]  INFO util.PropsLoader: Loading file:/srv/dotserver/tomcat-9.0.60/webapps/ROOT/WEB-INF/classes/portal.properties
[14/06/23 16:00:40:078 UTC]  INFO util.PropsLoader: Loading file:/srv/dotserver/tomcat-9.0.60/webapps/ROOT/WEB-INF/classes/portal-ext.properties
[14/06/23 16:00:43:122 UTC]  INFO tiles.TilesPlugin: Tiles definition factory loaded for module ''.
[14/06/23 16:00:43:132 UTC]  INFO validator.ValidatorPlugIn: Loading validation rules file from '/WEB-INF/validator-rules.xml'
[14/06/23 16:00:43:139 UTC]  INFO validator.ValidatorPlugIn: Loading validation rules file from '/WEB-INF/validation.xml'
[14/06/23 16:00:43:415 UTC]  INFO util.RestHighLevelClientProvider: disabling String.intern() in Jackson
[14/06/23 16:00:43:419 UTC]  WARN util.DotRestHighLevelClientProvider: Elastic RestHighLevelClient will be initialized without certificates
[14/06/23 16:00:43:424 UTC]  INFO util.DotRestHighLevelClientProvider: Initializing Elastic RestHighLevelClient using Basic authentication
[14/06/23 16:00:43:459 UTC]  INFO util.DotRestHighLevelClientProvider: Initializing Elastic RestHighLevelClient using endpoints [
[14/06/23 16:00:43:459 UTC]  INFO util.DotRestHighLevelClientProvider:   - http://elasticsearch:9200
[14/06/23 16:00:43:460 UTC]  INFO util.DotRestHighLevelClientProvider: ]
[14/06/23 16:00:43:460 UTC]  WARN util.DotRestHighLevelClientProvider: Initializing Elastic RestHighLevelClient using an unsecured http connection
[14/06/23 16:00:43:896 UTC]  INFO util.DotRestHighLevelClientProvider: RestHighLevelClientProvider com.dotcms.content.elasticsearch.util.DotRestHighLevelClientProvider loaded successfully
[14/06/23 16:00:44:252 UTC]  INFO startup.StartupTasksExecutor: Running Startup Tasks
[14/06/23 16:00:44:329 UTC]  INFO runalways.Task00001LoadSchema: -------------------------------------------------------------------------------------
[14/06/23 16:00:44:329 UTC]  INFO runalways.Task00001LoadSchema: 
[14/06/23 16:00:44:330 UTC]  INFO runalways.Task00001LoadSchema: Empty dotCMS database found.  Loading initial dotCMS schema for PostgreSQL
[14/06/23 16:00:44:330 UTC]  INFO runalways.Task00001LoadSchema: 
[14/06/23 16:00:44:330 UTC]  INFO runalways.Task00001LoadSchema: -------------------------------------------------------------------------------------
[14/06/23 16:00:44:332 UTC]  INFO startup.StartupTasksExecutor: Running Startup Tasks : Task00001LoadSchema
[14/06/23 16:00:44:332 UTC]  INFO runalways.Task00001LoadSchema: Loading schema
[14/06/23 16:00:44:348 UTC]  INFO timedcache.TimedCacheProvider: ===== Initializing [Timed Cache Provider].
[14/06/23 16:00:44:348 UTC]  INFO timedcache.TimedCacheProvider: ***	 Cache Config Memory : esquerycache: 10000
[14/06/23 16:00:44:348 UTC]  INFO timedcache.TimedCacheProvider: ***	 Cache Config Memory : esquerycountcache: 10000
[14/06/23 16:00:44:348 UTC]  INFO timedcache.TimedCacheProvider: ***	 Cache Config Memory : graphqlquerycache: 5000
[14/06/23 16:00:44:348 UTC]  INFO timedcache.TimedCacheProvider: ***	 Cache Config Memory : default: 1000
[14/06/23 16:00:44:348 UTC]  INFO timedcache.TimedCacheProvider: ***	 Cache Config Memory : adminconfigpool: 100
[14/06/23 16:00:44:351 UTC]  INFO timedcache.TimedCacheProvider: ***	 Cache Config Memory : companypool: 10
[14/06/23 16:00:44:351 UTC]  INFO timedcache.TimedCacheProvider: ***	 Cache Config Memory : contentletcache: 5000
[14/06/23 16:00:44:351 UTC]  INFO timedcache.TimedCacheProvider: ***	 Cache Config Memory : categoryparentscache: 30000
[14/06/23 16:00:44:351 UTC]  INFO timedcache.TimedCacheProvider: ***	 Cache Config Memory : taginodecache: 50000
[14/06/23 16:00:44:351 UTC]  INFO timedcache.TimedCacheProvider: ***	 Cache Config Memory : taginodesbyinodecache: 50000
[14/06/23 16:00:44:351 UTC]  INFO timedcache.TimedCacheProvider: ***	 Cache Config Memory : tagcache: 50000
[14/06/23 16:00:44:351 UTC]  INFO timedcache.TimedCacheProvider: ***	 Cache Config Memory : csscache: 2500
[14/06/23 16:00:44:351 UTC]  INFO timedcache.TimedCacheProvider: ***	 Cache Config Memory : assetmetadatacache: 10000
[14/06/23 16:00:44:351 UTC]  INFO timedcache.TimedCacheProvider: ***	 Cache Config Memory : identifiercache: 50000
[14/06/23 16:00:44:351 UTC]  INFO timedcache.TimedCacheProvider: ***	 Cache Config Memory : identifier404cache: 30000
[14/06/23 16:00:44:351 UTC]  INFO timedcache.TimedCacheProvider: ***	 Cache Config Memory : indiciescache: 8
[14/06/23 16:00:44:351 UTC]  INFO timedcache.TimedCacheProvider: ***	 Cache Config Memory : logmappercache: 10
[14/06/23 16:00:44:351 UTC]  INFO timedcache.TimedCacheProvider: ***	 Cache Config Memory : navcache: 1000
[14/06/23 16:00:44:351 UTC]  INFO timedcache.TimedCacheProvider: ***	 Cache Config Memory : parentpermissionablecache: 10000
[14/06/23 16:00:44:352 UTC]  INFO timedcache.TimedCacheProvider: ***	 Cache Config Memory : permissioncache: 50000
[14/06/23 16:00:44:352 UTC]  INFO timedcache.TimedCacheProvider: ***	 Cache Config Memory : portletpool: 100
[14/06/23 16:00:44:352 UTC]  INFO timedcache.TimedCacheProvider: ***	 Cache Config Memory : publishingendpointcache: 100
[14/06/23 16:00:44:352 UTC]  INFO timedcache.TimedCacheProvider: ***	 Cache Config Memory : pushedassetscache: 5000
[14/06/23 16:00:44:352 UTC]  INFO timedcache.TimedCacheProvider: ***	 Cache Config Memory : templatecache: 500
[14/06/23 16:00:44:356 UTC]  INFO timedcache.TimedCacheProvider: ***	 Cache Config Memory : translatedquerycache: 5000
[14/06/23 16:00:44:356 UTC]  INFO timedcache.TimedCacheProvider: ***	 Cache Config Memory : versioncache: 50000
[14/06/23 16:00:44:356 UTC]  INFO timedcache.TimedCacheProvider: ***	 Cache Config Memory : versioninfocache: 50000
[14/06/23 16:00:44:356 UTC]  INFO timedcache.TimedCacheProvider: ***	 Cache Config Memory : workflowactioncache: 10000
[14/06/23 16:00:44:356 UTC]  INFO timedcache.TimedCacheProvider: ***	 Cache Config Memory : workflowtaskcache: 10000
[14/06/23 16:00:44:356 UTC]  INFO timedcache.TimedCacheProvider: ***	 Cache Config Memory : shortyidcache: 25000
[14/06/23 16:00:44:356 UTC]  INFO timedcache.TimedCacheProvider: ***	 Cache Config Memory : velocitycache: 5000
[14/06/23 16:00:44:356 UTC]  INFO timedcache.TimedCacheProvider: ***	 Cache Config Memory : vanityurldirectcache: 25000
[14/06/23 16:00:44:356 UTC]  INFO timedcache.TimedCacheProvider: ***	 Cache Config Memory : vanityurlsitecache: 5000
[14/06/23 16:00:44:356 UTC]  INFO h22.H22Cache: Start Full Cache Flush in h22
[14/06/23 16:00:44:356 UTC]  INFO h22.H22Cache: Building new H22 Cache, db:0
[14/06/23 16:00:44:357 UTC]  INFO h22.H22HikariPool: H22 on disk cache:jdbc:h2:/data/local/dotsecure/h22cache/0/2023-06-14_16-00-44/cache;MVCC=TRUE;DB_CLOSE_ON_EXIT=FALSE
[14/06/23 16:00:44:451 UTC]  INFO h22.H22Cache: Building new H22 Cache, db:1
[14/06/23 16:00:44:452 UTC]  INFO h22.H22HikariPool: H22 on disk cache:jdbc:h2:/data/local/dotsecure/h22cache/1/2023-06-14_16-00-44/cache;MVCC=TRUE;DB_CLOSE_ON_EXIT=FALSE
[14/06/23 16:00:44:516 UTC]  INFO h22.H22Cache: End Full Cache Flush in h22 : 159ms
[14/06/23 16:00:44:993 UTC]  INFO runalways.Task00001LoadSchema: Schema created (507 statements executed)
[14/06/23 16:00:45:003 UTC]  INFO timedcache.TimedCacheProvider: ===== Initializing [Timed Cache Provider].
[14/06/23 16:00:45:003 UTC]  INFO timedcache.TimedCacheProvider: ***	 Cache Config Memory : esquerycache: 10000
[14/06/23 16:00:45:003 UTC]  INFO timedcache.TimedCacheProvider: ***	 Cache Config Memory : esquerycountcache: 10000
[14/06/23 16:00:45:006 UTC]  INFO timedcache.TimedCacheProvider: ***	 Cache Config Memory : graphqlquerycache: 5000
[14/06/23 16:00:45:006 UTC]  INFO timedcache.TimedCacheProvider: ***	 Cache Config Memory : default: 1000
[14/06/23 16:00:45:006 UTC]  INFO timedcache.TimedCacheProvider: ***	 Cache Config Memory : adminconfigpool: 100
[14/06/23 16:00:45:006 UTC]  INFO timedcache.TimedCacheProvider: ***	 Cache Config Memory : companypool: 10
[14/06/23 16:00:45:006 UTC]  INFO timedcache.TimedCacheProvider: ***	 Cache Config Memory : contentletcache: 5000
[14/06/23 16:00:45:006 UTC]  INFO timedcache.TimedCacheProvider: ***	 Cache Config Memory : categoryparentscache: 30000
[14/06/23 16:00:45:006 UTC]  INFO timedcache.TimedCacheProvider: ***	 Cache Config Memory : taginodecache: 50000
[14/06/23 16:00:45:011 UTC]  INFO timedcache.TimedCacheProvider: ***	 Cache Config Memory : taginodesbyinodecache: 50000
[14/06/23 16:00:45:011 UTC]  INFO timedcache.TimedCacheProvider: ***	 Cache Config Memory : tagcache: 50000
[14/06/23 16:00:45:012 UTC]  INFO timedcache.TimedCacheProvider: ***	 Cache Config Memory : csscache: 2500
[14/06/23 16:00:45:012 UTC]  INFO timedcache.TimedCacheProvider: ***	 Cache Config Memory : assetmetadatacache: 10000
[14/06/23 16:00:45:012 UTC]  INFO timedcache.TimedCacheProvider: ***	 Cache Config Memory : identifiercache: 50000
[14/06/23 16:00:45:012 UTC]  INFO timedcache.TimedCacheProvider: ***	 Cache Config Memory : identifier404cache: 30000
[14/06/23 16:00:45:014 UTC]  INFO timedcache.TimedCacheProvider: ***	 Cache Config Memory : indiciescache: 8
[14/06/23 16:00:45:014 UTC]  INFO timedcache.TimedCacheProvider: ***	 Cache Config Memory : logmappercache: 10
[14/06/23 16:00:45:014 UTC]  INFO timedcache.TimedCacheProvider: ***	 Cache Config Memory : navcache: 1000
[14/06/23 16:00:45:014 UTC]  INFO timedcache.TimedCacheProvider: ***	 Cache Config Memory : parentpermissionablecache: 10000
[14/06/23 16:00:45:014 UTC]  INFO timedcache.TimedCacheProvider: ***	 Cache Config Memory : permissioncache: 50000
[14/06/23 16:00:45:017 UTC]  INFO timedcache.TimedCacheProvider: ***	 Cache Config Memory : portletpool: 100
[14/06/23 16:00:45:017 UTC]  INFO timedcache.TimedCacheProvider: ***	 Cache Config Memory : publishingendpointcache: 100
[14/06/23 16:00:45:018 UTC]  INFO timedcache.TimedCacheProvider: ***	 Cache Config Memory : pushedassetscache: 5000
[14/06/23 16:00:45:019 UTC]  INFO timedcache.TimedCacheProvider: ***	 Cache Config Memory : templatecache: 500
[14/06/23 16:00:45:019 UTC]  INFO timedcache.TimedCacheProvider: ***	 Cache Config Memory : translatedquerycache: 5000
[14/06/23 16:00:45:020 UTC]  INFO timedcache.TimedCacheProvider: ***	 Cache Config Memory : versioncache: 50000
[14/06/23 16:00:45:020 UTC]  INFO timedcache.TimedCacheProvider: ***	 Cache Config Memory : versioninfocache: 50000
[14/06/23 16:00:45:020 UTC]  INFO timedcache.TimedCacheProvider: ***	 Cache Config Memory : workflowactioncache: 10000
[14/06/23 16:00:45:021 UTC]  INFO timedcache.TimedCacheProvider: ***	 Cache Config Memory : workflowtaskcache: 10000
[14/06/23 16:00:45:021 UTC]  INFO timedcache.TimedCacheProvider: ***	 Cache Config Memory : shortyidcache: 25000
[14/06/23 16:00:45:022 UTC]  INFO timedcache.TimedCacheProvider: ***	 Cache Config Memory : velocitycache: 5000
[14/06/23 16:00:45:022 UTC]  INFO timedcache.TimedCacheProvider: ***	 Cache Config Memory : vanityurldirectcache: 25000
[14/06/23 16:00:45:023 UTC]  INFO timedcache.TimedCacheProvider: ***	 Cache Config Memory : vanityurlsitecache: 5000
[14/06/23 16:00:45:023 UTC]  INFO h22.H22Cache: Start Full Cache Flush in h22
[14/06/23 16:00:45:024 UTC]  INFO h22.H22Cache: Building new H22 Cache, db:0
[14/06/23 16:00:45:024 UTC]  INFO h22.H22HikariPool: H22 on disk cache:jdbc:h2:/data/local/dotsecure/h22cache/0/2023-06-14_16-00-45/cache;MVCC=TRUE;DB_CLOSE_ON_EXIT=FALSE
[14/06/23 16:00:45:127 UTC]  INFO h22.H22Cache: Building new H22 Cache, db:1
[14/06/23 16:00:45:128 UTC]  INFO h22.H22HikariPool: H22 on disk cache:jdbc:h2:/data/local/dotsecure/h22cache/1/2023-06-14_16-00-45/cache;MVCC=TRUE;DB_CLOSE_ON_EXIT=FALSE
[14/06/23 16:00:45:206 UTC]  INFO h22.H22Cache: End Full Cache Flush in h22 : 182ms
[14/06/23 16:00:48:209 UTC]  INFO timedcache.TimedCacheProvider: ===== Initializing [Timed Cache Provider].
[14/06/23 16:00:48:210 UTC]  INFO timedcache.TimedCacheProvider: ***	 Cache Config Memory : esquerycache: 10000
[14/06/23 16:00:48:210 UTC]  INFO timedcache.TimedCacheProvider: ***	 Cache Config Memory : esquerycountcache: 10000
[14/06/23 16:00:48:210 UTC]  INFO timedcache.TimedCacheProvider: ***	 Cache Config Memory : graphqlquerycache: 5000
[14/06/23 16:00:48:210 UTC]  INFO timedcache.TimedCacheProvider: ***	 Cache Config Memory : default: 1000
[14/06/23 16:00:48:212 UTC]  INFO timedcache.TimedCacheProvider: ***	 Cache Config Memory : adminconfigpool: 100
[14/06/23 16:00:48:212 UTC]  INFO timedcache.TimedCacheProvider: ***	 Cache Config Memory : companypool: 10
[14/06/23 16:00:48:212 UTC]  INFO timedcache.TimedCacheProvider: ***	 Cache Config Memory : contentletcache: 5000
[14/06/23 16:00:48:212 UTC]  INFO timedcache.TimedCacheProvider: ***	 Cache Config Memory : categoryparentscache: 30000
[14/06/23 16:00:48:212 UTC]  INFO timedcache.TimedCacheProvider: ***	 Cache Config Memory : taginodecache: 50000
[14/06/23 16:00:48:212 UTC]  INFO timedcache.TimedCacheProvider: ***	 Cache Config Memory : taginodesbyinodecache: 50000
[14/06/23 16:00:48:212 UTC]  INFO timedcache.TimedCacheProvider: ***	 Cache Config Memory : tagcache: 50000
[14/06/23 16:00:48:212 UTC]  INFO timedcache.TimedCacheProvider: ***	 Cache Config Memory : csscache: 2500
[14/06/23 16:00:48:212 UTC]  INFO timedcache.TimedCacheProvider: ***	 Cache Config Memory : assetmetadatacache: 10000
[14/06/23 16:00:48:212 UTC]  INFO timedcache.TimedCacheProvider: ***	 Cache Config Memory : identifiercache: 50000
[14/06/23 16:00:48:212 UTC]  INFO timedcache.TimedCacheProvider: ***	 Cache Config Memory : identifier404cache: 30000
[14/06/23 16:00:48:212 UTC]  INFO timedcache.TimedCacheProvider: ***	 Cache Config Memory : indiciescache: 8
[14/06/23 16:00:48:212 UTC]  INFO timedcache.TimedCacheProvider: ***	 Cache Config Memory : logmappercache: 10
[14/06/23 16:00:48:212 UTC]  INFO timedcache.TimedCacheProvider: ***	 Cache Config Memory : navcache: 1000
[14/06/23 16:00:48:212 UTC]  INFO timedcache.TimedCacheProvider: ***	 Cache Config Memory : parentpermissionablecache: 10000
[14/06/23 16:00:48:212 UTC]  INFO timedcache.TimedCacheProvider: ***	 Cache Config Memory : permissioncache: 50000
[14/06/23 16:00:48:212 UTC]  INFO timedcache.TimedCacheProvider: ***	 Cache Config Memory : portletpool: 100
[14/06/23 16:00:48:212 UTC]  INFO timedcache.TimedCacheProvider: ***	 Cache Config Memory : publishingendpointcache: 100
[14/06/23 16:00:48:212 UTC]  INFO timedcache.TimedCacheProvider: ***	 Cache Config Memory : pushedassetscache: 5000
[14/06/23 16:00:48:212 UTC]  INFO timedcache.TimedCacheProvider: ***	 Cache Config Memory : templatecache: 500
[14/06/23 16:00:48:212 UTC]  INFO timedcache.TimedCacheProvider: ***	 Cache Config Memory : translatedquerycache: 5000
[14/06/23 16:00:48:212 UTC]  INFO timedcache.TimedCacheProvider: ***	 Cache Config Memory : versioncache: 50000
[14/06/23 16:00:48:212 UTC]  INFO timedcache.TimedCacheProvider: ***	 Cache Config Memory : versioninfocache: 50000
[14/06/23 16:00:48:212 UTC]  INFO timedcache.TimedCacheProvider: ***	 Cache Config Memory : workflowactioncache: 10000
[14/06/23 16:00:48:212 UTC]  INFO timedcache.TimedCacheProvider: ***	 Cache Config Memory : workflowtaskcache: 10000
[14/06/23 16:00:48:212 UTC]  INFO timedcache.TimedCacheProvider: ***	 Cache Config Memory : shortyidcache: 25000
[14/06/23 16:00:48:212 UTC]  INFO timedcache.TimedCacheProvider: ***	 Cache Config Memory : velocitycache: 5000
[14/06/23 16:00:48:213 UTC]  INFO timedcache.TimedCacheProvider: ***	 Cache Config Memory : vanityurldirectcache: 25000
[14/06/23 16:00:48:213 UTC]  INFO timedcache.TimedCacheProvider: ***	 Cache Config Memory : vanityurlsitecache: 5000
[14/06/23 16:00:48:213 UTC]  INFO h22.H22Cache: Start Full Cache Flush in h22
[14/06/23 16:00:48:213 UTC]  INFO h22.H22Cache: Building new H22 Cache, db:0
[14/06/23 16:00:48:213 UTC]  INFO h22.H22HikariPool: H22 on disk cache:jdbc:h2:/data/local/dotsecure/h22cache/0/2023-06-14_16-00-48/cache;MVCC=TRUE;DB_CLOSE_ON_EXIT=FALSE
[14/06/23 16:00:48:278 UTC]  INFO h22.H22Cache: Building new H22 Cache, db:1
[14/06/23 16:00:48:278 UTC]  INFO h22.H22HikariPool: H22 on disk cache:jdbc:h2:/data/local/dotsecure/h22cache/1/2023-06-14_16-00-48/cache;MVCC=TRUE;DB_CLOSE_ON_EXIT=FALSE
[14/06/23 16:00:48:343 UTC]  INFO h22.H22Cache: End Full Cache Flush in h22 : 130ms
[14/06/23 16:00:48:346 UTC]  INFO startup.StartupTasksExecutor: Not Running Startup Tasks: Task00002LoadClusterLicenses
[14/06/23 16:00:48:346 UTC]  INFO startup.StartupTasksExecutor: Running Startup Tasks : Task00003CreateSystemRoles
[14/06/23 16:00:48:355 UTC]  INFO startup.StartupTasksExecutor: Running Startup Tasks : Task00004LoadStarter
[14/06/23 16:00:48:366 UTC]  INFO db.DotCMSInitDb: There are no inodes - initializing db with starter site
[14/06/23 16:00:48:409 UTC]  INFO starter.ImportStarterUtil: Found 21 files to import
[14/06/23 16:00:48:412 UTC]  WARN util.FileUtil: /data/local/dotsecure/backup/temp/assets/messages/cms_language_en_US.properties is empty
[14/06/23 16:00:48:414 UTC]  WARN util.FileUtil: /data/local/dotsecure/backup/temp/assets/messages/cms_language_es_ES.properties is empty
[14/06/23 16:00:48:415 UTC]  WARN util.FileUtil: /data/local/dotsecure/backup/temp/assets/messages/cms_language_fr_FR.properties is empty
[14/06/23 16:00:48:417 UTC]  WARN util.FileUtil: /data/local/dotsecure/backup/temp/assets/messages/cms_language_zh_CN.properties is empty
[14/06/23 16:00:48:421 UTC]  INFO starter.ImportStarterUtil: About to delete all records from tag_inode
[14/06/23 16:00:48:422 UTC]  INFO starter.ImportStarterUtil: Deleted all records from tag_inode
[14/06/23 16:00:48:422 UTC]  INFO starter.ImportStarterUtil: About to delete all records from link_version_info
[14/06/23 16:00:48:424 UTC]  INFO starter.ImportStarterUtil: Deleted all records from link_version_info
[14/06/23 16:00:48:424 UTC]  INFO starter.ImportStarterUtil: About to delete all records from dot_containers
[14/06/23 16:00:48:425 UTC]  INFO starter.ImportStarterUtil: Deleted all records from dot_containers
[14/06/23 16:00:48:425 UTC]  INFO starter.ImportStarterUtil: About to delete all records from UserTracker
[14/06/23 16:00:48:426 UTC]  INFO starter.ImportStarterUtil: Deleted all records from UserTracker
[14/06/23 16:00:48:426 UTC]  INFO starter.ImportStarterUtil: About to delete all records from workflow_comment
[14/06/23 16:00:48:427 UTC]  INFO starter.ImportStarterUtil: Deleted all records from workflow_comment
[14/06/23 16:00:48:428 UTC]  INFO starter.ImportStarterUtil: About to delete all records from challenge_question
[14/06/23 16:00:48:429 UTC]  INFO starter.ImportStarterUtil: Deleted all records from challenge_question
[14/06/23 16:00:48:429 UTC]  INFO starter.ImportStarterUtil: About to delete all records from container_structures
[14/06/23 16:00:48:430 UTC]  INFO starter.ImportStarterUtil: Deleted all records from container_structures
[14/06/23 16:00:48:430 UTC]  INFO starter.ImportStarterUtil: About to delete all records from tree
[14/06/23 16:00:48:431 UTC]  INFO starter.ImportStarterUtil: Deleted all records from tree
[14/06/23 16:00:48:431 UTC]  INFO starter.ImportStarterUtil: About to delete all records from links
[14/06/23 16:00:48:433 UTC]  INFO starter.ImportStarterUtil: Deleted all records from links
[14/06/23 16:00:48:433 UTC]  INFO starter.ImportStarterUtil: About to delete all records from AdminConfig
[14/06/23 16:00:48:434 UTC]  INFO starter.ImportStarterUtil: Deleted all records from AdminConfig
[14/06/23 16:00:48:434 UTC]  INFO starter.ImportStarterUtil: About to delete all records from multi_tree
[14/06/23 16:00:48:434 UTC]  INFO starter.ImportStarterUtil: Deleted all records from multi_tree
[14/06/23 16:00:48:436 UTC]  INFO starter.ImportStarterUtil: About to delete all records from clickstream_404
[14/06/23 16:00:48:438 UTC]  INFO starter.ImportStarterUtil: Deleted all records from clickstream_404
[14/06/23 16:00:48:438 UTC]  INFO starter.ImportStarterUtil: About to delete all records from host_variable
[14/06/23 16:00:48:439 UTC]  INFO starter.ImportStarterUtil: Deleted all records from host_variable
[14/06/23 16:00:48:439 UTC]  INFO starter.ImportStarterUtil: About to delete all records from clickstream_request
[14/06/23 16:00:48:440 UTC]  INFO starter.ImportStarterUtil: Deleted all records from clickstream_request
[14/06/23 16:00:48:440 UTC]  INFO starter.ImportStarterUtil: About to delete all records from PasswordTracker
[14/06/23 16:00:48:441 UTC]  INFO starter.ImportStarterUtil: Deleted all records from PasswordTracker
[14/06/23 16:00:48:442 UTC]  INFO starter.ImportStarterUtil: About to delete all records from workflow_task
[14/06/23 16:00:48:443 UTC]  INFO starter.ImportStarterUtil: Deleted all records from workflow_task
[14/06/23 16:00:48:443 UTC]  INFO starter.ImportStarterUtil: About to delete all records from field
[14/06/23 16:00:48:444 UTC]  INFO starter.ImportStarterUtil: Deleted all records from field
[14/06/23 16:00:48:444 UTC]  INFO starter.ImportStarterUtil: About to delete all records from template_version_info
[14/06/23 16:00:48:445 UTC]  INFO starter.ImportStarterUtil: Deleted all records from template_version_info
[14/06/23 16:00:48:445 UTC]  INFO starter.ImportStarterUtil: About to delete all records from clickstream
[14/06/23 16:00:48:447 UTC]  INFO starter.ImportStarterUtil: Deleted all records from clickstream
[14/06/23 16:00:48:447 UTC]  INFO starter.ImportStarterUtil: About to delete all records from workflow_history
[14/06/23 16:00:48:448 UTC]  INFO starter.ImportStarterUtil: Deleted all records from workflow_history
[14/06/23 16:00:48:448 UTC]  INFO starter.ImportStarterUtil: About to delete all records from container_version_info
[14/06/23 16:00:48:449 UTC]  INFO starter.ImportStarterUtil: Deleted all records from container_version_info
[14/06/23 16:00:48:449 UTC]  INFO starter.ImportStarterUtil: About to delete all records from tag
[14/06/23 16:00:48:451 UTC]  INFO starter.ImportStarterUtil: Deleted all records from tag
[14/06/23 16:00:48:451 UTC]  INFO starter.ImportStarterUtil: About to delete all records from workflowtask_files
[14/06/23 16:00:48:452 UTC]  INFO starter.ImportStarterUtil: Deleted all records from workflowtask_files
[14/06/23 16:00:48:452 UTC]  INFO starter.ImportStarterUtil: About to delete all records from permission_reference
[14/06/23 16:00:48:454 UTC]  INFO starter.ImportStarterUtil: Deleted all records from permission_reference
[14/06/23 16:00:48:454 UTC]  INFO starter.ImportStarterUtil: About to delete all records from users_to_delete
[14/06/23 16:00:48:455 UTC]  INFO starter.ImportStarterUtil: Deleted all records from users_to_delete
[14/06/23 16:00:48:455 UTC]  INFO starter.ImportStarterUtil: About to delete all records from fixes_audit
[14/06/23 16:00:48:456 UTC]  INFO starter.ImportStarterUtil: Deleted all records from fixes_audit
[14/06/23 16:00:48:456 UTC]  INFO starter.ImportStarterUtil: About to delete all records from permission
[14/06/23 16:00:48:457 UTC]  INFO starter.ImportStarterUtil: Deleted all records from permission
[14/06/23 16:00:48:457 UTC]  INFO starter.ImportStarterUtil: About to delete all records from UserTrackerPath
[14/06/23 16:00:48:458 UTC]  INFO starter.ImportStarterUtil: Deleted all records from UserTrackerPath
[14/06/23 16:00:48:458 UTC]  INFO starter.ImportStarterUtil: About to delete all records from cms_layouts_portlets
[14/06/23 16:00:48:459 UTC]  INFO starter.ImportStarterUtil: Deleted all records from cms_layouts_portlets
[14/06/23 16:00:48:459 UTC]  INFO starter.ImportStarterUtil: About to delete all records from layouts_cms_roles
[14/06/23 16:00:48:460 UTC]  INFO starter.ImportStarterUtil: Deleted all records from layouts_cms_roles
[14/06/23 16:00:48:460 UTC]  INFO starter.ImportStarterUtil: About to delete all records from users_cms_roles
[14/06/23 16:00:48:461 UTC]  INFO starter.ImportStarterUtil: Deleted all records from users_cms_roles
[14/06/23 16:00:48:461 UTC]  INFO starter.ImportStarterUtil: About to delete all records from cms_role
[14/06/23 16:00:48:465 UTC]  INFO starter.ImportStarterUtil: Deleted all records from cms_role
[14/06/23 16:00:48:465 UTC]  INFO starter.ImportStarterUtil: About to delete all records from cms_layout
[14/06/23 16:00:48:466 UTC]  INFO starter.ImportStarterUtil: Deleted all records from cms_layout
[14/06/23 16:00:48:466 UTC]  INFO starter.ImportStarterUtil: About to delete all records from structure
[14/06/23 16:00:48:467 UTC]  INFO starter.ImportStarterUtil: Deleted all records from structure
[14/06/23 16:00:48:467 UTC]  INFO starter.ImportStarterUtil: About to delete all records from folder
[14/06/23 16:00:48:469 UTC]  INFO starter.ImportStarterUtil: Deleted all records from folder
[14/06/23 16:00:48:469 UTC]  INFO starter.ImportStarterUtil: About to delete all records from identifier
[14/06/23 16:00:48:470 UTC]  INFO starter.ImportStarterUtil: Deleted all records from identifier
[14/06/23 16:00:48:470 UTC]  INFO starter.ImportStarterUtil: About to delete all records from inode
[14/06/23 16:00:48:471 UTC]  INFO starter.ImportStarterUtil: Deleted all records from inode
[14/06/23 16:00:48:471 UTC]  INFO starter.ImportStarterUtil: About to delete all records from user_
[14/06/23 16:00:48:476 UTC]  INFO starter.ImportStarterUtil: Deleted all records from user_
[14/06/23 16:00:48:476 UTC]  INFO starter.ImportStarterUtil: About to delete all records from company
[14/06/23 16:00:48:477 UTC]  INFO starter.ImportStarterUtil: Deleted all records from company
[14/06/23 16:00:48:477 UTC]  INFO starter.ImportStarterUtil: About to delete all records from counter
[14/06/23 16:00:48:478 UTC]  INFO starter.ImportStarterUtil: Deleted all records from counter
[14/06/23 16:00:48:478 UTC]  INFO starter.ImportStarterUtil: About to delete all records from image
[14/06/23 16:00:48:479 UTC]  INFO starter.ImportStarterUtil: Deleted all records from image
[14/06/23 16:00:48:479 UTC]  INFO starter.ImportStarterUtil: About to delete all records from portlet
[14/06/23 16:00:48:480 UTC]  INFO starter.ImportStarterUtil: Deleted all records from portlet
[14/06/23 16:00:48:480 UTC]  INFO starter.ImportStarterUtil: About to delete all records from portletpreferences
[14/06/23 16:00:48:481 UTC]  INFO starter.ImportStarterUtil: Deleted all records from portletpreferences
[14/06/23 16:00:48:482 UTC]  INFO starter.ImportStarterUtil: About to delete all records from address
[14/06/23 16:00:48:483 UTC]  INFO starter.ImportStarterUtil: Deleted all records from address
[14/06/23 16:00:48:483 UTC]  INFO starter.ImportStarterUtil: About to delete all records from plugin_property
[14/06/23 16:00:48:483 UTC]  INFO starter.ImportStarterUtil: Deleted all records from plugin_property
[14/06/23 16:00:48:484 UTC]  INFO starter.ImportStarterUtil: About to delete all records from plugin
[14/06/23 16:00:48:485 UTC]  INFO starter.ImportStarterUtil: Deleted all records from plugin
[14/06/23 16:00:48:507 UTC]  INFO starter.ImportStarterUtil: **** Importing the file: /data/local/dotsecure/backup/temp/com.liferay.portal.model.Company.json *****
[14/06/23 16:00:48:508 UTC]  INFO starter.ImportStarterUtil: Importing:	com.liferay.portal.model.Company
[14/06/23 16:00:48:598 UTC]  INFO starter.ImportStarterUtil: Found :	1 com.liferay.portal.model.Company(s)
[14/06/23 16:00:48:667 UTC]  INFO starter.ImportStarterUtil: **** Importing the file: /data/local/dotsecure/backup/temp/com.dotmarketing.business.Role_0000000000.json *****
[14/06/23 16:00:48:668 UTC]  INFO starter.ImportStarterUtil: Importing:	com.dotmarketing.business.Role
[14/06/23 16:00:48:676 UTC]  INFO starter.ImportStarterUtil: Found :	18 com.dotmarketing.business.Role(s)
[14/06/23 16:00:48:680 UTC]  INFO starter.ImportStarterUtil: roleKey:cms_users = 0
[14/06/23 16:00:48:682 UTC]  INFO starter.ImportStarterUtil: roleKey:System = 0
[14/06/23 16:00:48:683 UTC]  INFO starter.ImportStarterUtil: roleKey:DOTCMS_BACK_END_USER = 0
[14/06/23 16:00:48:684 UTC]  INFO starter.ImportStarterUtil: roleKey:cms_workflow_any_who_can_view = 0
[14/06/23 16:00:48:686 UTC]  INFO starter.ImportStarterUtil: roleKey:Form Editor = 0
[14/06/23 16:00:48:688 UTC]  INFO starter.ImportStarterUtil: roleKey:dotcms.org.default = 0
[14/06/23 16:00:48:689 UTC]  INFO starter.ImportStarterUtil: roleKey:cms_workflow_any_who_can_edit_permissions = 0
[14/06/23 16:00:48:691 UTC]  INFO starter.ImportStarterUtil: roleKey:cms_workflow_any_who_can_edit = 0
[14/06/23 16:00:48:692 UTC]  INFO starter.ImportStarterUtil: roleKey:CMS Anonymous = 0
[14/06/23 16:00:48:693 UTC]  INFO starter.ImportStarterUtil: roleKey:CMS Owner = 0
[14/06/23 16:00:48:694 UTC]  INFO starter.ImportStarterUtil: roleKey:Login As = 0
[14/06/23 16:00:48:695 UTC]  INFO starter.ImportStarterUtil: roleKey:LDAP User = 0
[14/06/23 16:00:48:696 UTC]  INFO starter.ImportStarterUtil: roleKey:CMS Administrator = 0
[14/06/23 16:00:48:697 UTC]  INFO starter.ImportStarterUtil: roleKey:DOTCMS_FRONT_END_USER = 0
[14/06/23 16:00:48:698 UTC]  INFO starter.ImportStarterUtil: roleKey:cms_workflow_any_who_can_publish = 0
[14/06/23 16:00:48:699 UTC]  INFO starter.ImportStarterUtil: roleKey:dotcms.org.1 = 0
[14/06/23 16:00:48:700 UTC]  INFO starter.ImportStarterUtil: roleKey:anonymous = 0
[14/06/23 16:00:48:701 UTC]  INFO starter.ImportStarterUtil: roleKey:Scripting Developer = 0
[14/06/23 16:00:48:702 UTC]  INFO starter.ImportStarterUtil: **** Importing the file: /data/local/dotsecure/backup/temp/com.liferay.portal.model.User.json *****
[14/06/23 16:00:48:703 UTC]  INFO starter.ImportStarterUtil: Importing:	com.liferay.portal.model.User
[14/06/23 16:00:48:741 UTC]  INFO starter.ImportStarterUtil: Found :	4 com.liferay.portal.model.User(s)
[14/06/23 16:00:48:779 UTC]  WARN util.LocaleUtil: null is not a valid language id
[14/06/23 16:00:48:789 UTC]  WARN business.UserHelper: Error loading user with id dotcms.org.1
[14/06/23 16:00:48:865 UTC]  INFO xml.Marshaller: Marshaller called using one of the *static*  marshal(Object, *) methods. This will ignore any  mapping files as specified. Please consider switching to  using Marshaller instances and calling one of the marshal(*) methods.
[14/06/23 16:00:50:246 UTC]  WARN business.UserHelper: Error loading user with id system
[14/06/23 16:00:51:107 UTC]  INFO util.SecurityLogger: class com.dotmarketing.business.RoleAPIImpl : Adding role:'Admin User' to user:dotcms.org.1 email:admin@dotcms.com -- ip:ukn,user:null
[14/06/23 16:00:51:112 UTC]  WARN business.UserHelper: Error loading user with id anonymous
[14/06/23 16:00:51:920 UTC]  INFO util.SecurityLogger: class com.dotmarketing.business.RoleAPIImpl : Adding role:'anonymous user anonymous' to user:anonymous email:anonymous@dotcms.anonymoususer -- ip:ukn,user:null
[14/06/23 16:00:51:928 UTC]  INFO starter.ImportStarterUtil: 
[14/06/23 16:00:51:928 UTC]  INFO starter.ImportStarterUtil: 
[14/06/23 16:00:51:929 UTC]  INFO starter.ImportStarterUtil: **** Importing the file: /data/local/dotsecure/backup/temp/com.dotmarketing.business.UsersRoles_0000000000.json *****
[14/06/23 16:00:51:929 UTC]  INFO starter.ImportStarterUtil: Importing:	com.dotmarketing.business.UsersRoles
[14/06/23 16:00:51:933 UTC]  INFO starter.ImportStarterUtil: Found :	14 com.dotmarketing.business.UsersRoles(s)
[14/06/23 16:00:51:943 UTC]  INFO starter.ImportStarterUtil: **** Importing the file: /data/local/dotsecure/backup/temp/com.dotmarketing.business.Layout_0000000000.json *****
[14/06/23 16:00:51:943 UTC]  INFO starter.ImportStarterUtil: Importing:	com.dotmarketing.business.Layout
[14/06/23 16:00:51:946 UTC]  INFO starter.ImportStarterUtil: Found :	11 com.dotmarketing.business.Layout(s)
[14/06/23 16:00:51:968 UTC]  INFO starter.ImportStarterUtil: **** Importing the file: /data/local/dotsecure/backup/temp/com.dotmarketing.business.PortletsLayouts_0000000000.json *****
[14/06/23 16:00:51:969 UTC]  INFO starter.ImportStarterUtil: Importing:	com.dotmarketing.business.PortletsLayouts
[14/06/23 16:00:51:973 UTC]  INFO starter.ImportStarterUtil: Found :	36 com.dotmarketing.business.PortletsLayouts(s)
[14/06/23 16:00:52:001 UTC]  INFO starter.ImportStarterUtil: **** Importing the file: /data/local/dotsecure/backup/temp/com.dotmarketing.business.LayoutsRoles_0000000000.json *****
[14/06/23 16:00:52:001 UTC]  INFO starter.ImportStarterUtil: Importing:	com.dotmarketing.business.LayoutsRoles
[14/06/23 16:00:52:004 UTC]  INFO starter.ImportStarterUtil: Found :	7 com.dotmarketing.business.LayoutsRoles(s)
[14/06/23 16:00:52:013 UTC]  INFO starter.ImportStarterUtil: **** Importing the file: /data/local/dotsecure/backup/temp/com.dotmarketing.portlets.languagesmanager.model.Language_0000000000.json *****
[14/06/23 16:00:52:013 UTC]  INFO starter.ImportStarterUtil: Importing:	com.dotmarketing.portlets.languagesmanager.model.Language
[14/06/23 16:00:52:016 UTC]  INFO starter.ImportStarterUtil: Found :	1 com.dotmarketing.portlets.languagesmanager.model.Language(s)
[14/06/23 16:00:52:036 UTC]  INFO starter.ImportStarterUtil: Importing folder path /System foldersystem folder
[14/06/23 16:00:52:065 UTC]  INFO starter.ImportStarterUtil: **** Importing the file: /data/local/dotsecure/backup/temp/com.dotmarketing.portlets.folders.model.Folder_0000000000.json *****
[14/06/23 16:00:52:065 UTC]  INFO starter.ImportStarterUtil: Importing:	com.dotmarketing.portlets.folders.model.Folder
[14/06/23 16:00:52:069 UTC]  INFO starter.ImportStarterUtil: Found :	1 com.dotmarketing.portlets.folders.model.Folder(s)
[14/06/23 16:00:52:526 UTC]  INFO business.ContentTypeAPIImpl: Content type not found with given id: c938b15f-bcb6-49ef-8651-14d455a97045. Continuing...
[14/06/23 16:00:52:664 UTC]  INFO util.ActivityLogger: class com.dotmarketing.util.ActivityLogger: system : Save Field Action , User system/system user added field Site/Folder to Persona Structure.
[14/06/23 16:00:52:722 UTC]  INFO util.ActivityLogger: class com.dotmarketing.util.ActivityLogger: system : Save Field Action , User system/system user added field Name to Persona Structure.
[14/06/23 16:00:52:764 UTC]  INFO util.ActivityLogger: class com.dotmarketing.util.ActivityLogger: system : Save Field Action , User system/system user added field Key Tag to Persona Structure.
[14/06/23 16:00:52:803 UTC]  INFO util.ActivityLogger: class com.dotmarketing.util.ActivityLogger: system : Save Field Action , User system/system user added field Photo to Persona Structure.
[14/06/23 16:00:52:845 UTC]  INFO util.ActivityLogger: class com.dotmarketing.util.ActivityLogger: system : Save Field Action , User system/system user added field Other Tags to Persona Structure.
[14/06/23 16:00:52:888 UTC]  INFO util.ActivityLogger: class com.dotmarketing.util.ActivityLogger: system : Save Field Action , User system/system user added field Description to Persona Structure.
[14/06/23 16:00:52:914 UTC]  INFO util.ActivityLogger: class com.dotcms.contenttype.business.ContentTypeAPIImpl: system : Save ContentType Action , User system/system user system user added ContentType Persona to host id:SYSTEM_HOST
[14/06/23 16:00:52:919 UTC]  INFO business.ContentTypeAPIImpl: UserId : system : ContentType : ContentType saved : Persona
[14/06/23 16:00:52:920 UTC]  INFO util.AdminLogger: UserId : system : class com.dotcms.contenttype.business.ContentTypeAPIImpl : ContentType : ContentType saved : Persona
[14/06/23 16:00:52:947 UTC]  INFO business.ContentTypeAPIImpl: Content type not found with given id: f4d7c1b8-2c88-4071-abf1-a5328977b07d. Continuing...
[14/06/23 16:00:52:971 UTC]  INFO util.ActivityLogger: class com.dotmarketing.util.ActivityLogger: system : Save Field Action , User system/system user added field Key to Language Variable Structure.
[14/06/23 16:00:52:986 UTC]  INFO util.ActivityLogger: class com.dotmarketing.util.ActivityLogger: system : Save Field Action , User system/system user added field Value to Language Variable Structure.
[14/06/23 16:00:52:991 UTC]  INFO util.ActivityLogger: class com.dotcms.contenttype.business.ContentTypeAPIImpl: system : Save ContentType Action , User system/system user system user added ContentType Language Variable to host id:SYSTEM_HOST
[14/06/23 16:00:52:991 UTC]  INFO business.ContentTypeAPIImpl: UserId : system : ContentType : ContentType saved : Language Variable
[14/06/23 16:00:52:991 UTC]  INFO util.AdminLogger: UserId : system : class com.dotcms.contenttype.business.ContentTypeAPIImpl : ContentType : ContentType saved : Language Variable
[14/06/23 16:00:53:027 UTC]  INFO business.ContentTypeAPIImpl: Content type not found with given id: 4d21b6d8-1711-4ae6-9419-89e2b1ae5a06. Continuing...
[14/06/23 16:00:53:058 UTC]  INFO util.ActivityLogger: class com.dotmarketing.util.ActivityLogger: system : Save Field Action , User system/system user added field Form ID to Forms Structure.
[14/06/23 16:00:53:077 UTC]  INFO util.ActivityLogger: class com.dotmarketing.util.ActivityLogger: system : Save Field Action , User system/system user added field Widget Title to Forms Structure.
[14/06/23 16:00:53:107 UTC]  INFO util.ActivityLogger: class com.dotmarketing.util.ActivityLogger: system : Save Field Action , User system/system user added field Widget Usage to Forms Structure.
[14/06/23 16:00:53:125 UTC]  INFO util.ActivityLogger: class com.dotmarketing.util.ActivityLogger: system : Save Field Action , User system/system user added field Widget Code to Forms Structure.
[14/06/23 16:00:53:143 UTC]  INFO util.ActivityLogger: class com.dotmarketing.util.ActivityLogger: system : Save Field Action , User system/system user added field Widget Pre-Execute to Forms Structure.
[14/06/23 16:00:53:149 UTC]  INFO util.ActivityLogger: class com.dotcms.contenttype.business.ContentTypeAPIImpl: system : Save ContentType Action , User system/system user system user added ContentType Forms to host id:SYSTEM_HOST
[14/06/23 16:00:53:151 UTC]  INFO business.ContentTypeAPIImpl: UserId : system : ContentType : ContentType saved : Forms
[14/06/23 16:00:53:152 UTC]  INFO util.AdminLogger: UserId : system : class com.dotcms.contenttype.business.ContentTypeAPIImpl : ContentType : ContentType saved : Forms
[14/06/23 16:00:53:165 UTC]  INFO business.ContentTypeAPIImpl: Content type not found with given id: f2d8a1c7-2b77-2081-bcf1-b5348988c08d. Continuing...
[14/06/23 16:00:53:186 UTC]  INFO util.ActivityLogger: class com.dotmarketing.util.ActivityLogger: system : Save Field Action , User system/system user added field Site or Folder to dotAsset Structure.
[14/06/23 16:00:53:208 UTC]  INFO util.ActivityLogger: class com.dotmarketing.util.ActivityLogger: system : Save Field Action , User system/system user added field Asset to dotAsset Structure.
[14/06/23 16:00:53:230 UTC]  INFO util.ActivityLogger: class com.dotmarketing.util.ActivityLogger: system : Save Field Action , User system/system user added field Tags to dotAsset Structure.
[14/06/23 16:00:53:243 UTC]  INFO util.ActivityLogger: class com.dotcms.contenttype.business.ContentTypeAPIImpl: system : Save ContentType Action , User system/system user system user added ContentType dotAsset to host id:SYSTEM_HOST
[14/06/23 16:00:53:244 UTC]  INFO business.ContentTypeAPIImpl: UserId : system : ContentType : ContentType saved : dotAsset
[14/06/23 16:00:53:245 UTC]  INFO util.AdminLogger: UserId : system : class com.dotcms.contenttype.business.ContentTypeAPIImpl : ContentType : ContentType saved : dotAsset
[14/06/23 16:00:53:317 UTC]  INFO business.ContentTypeAPIImpl: Content type not found with given id: 33888b6f-7a8e-4069-b1b6-5c1aa9d0a48d. Continuing...
[14/06/23 16:00:53:340 UTC]  INFO util.ActivityLogger: class com.dotmarketing.util.ActivityLogger: system : Save Field Action , User system/system user added field Host Or Folder to File Asset Structure.
[14/06/23 16:00:53:360 UTC]  INFO util.ActivityLogger: class com.dotmarketing.util.ActivityLogger: system : Save Field Action , User system/system user added field File Name to File Asset Structure.
[14/06/23 16:00:53:385 UTC]  INFO util.ActivityLogger: class com.dotmarketing.util.ActivityLogger: system : Save Field Action , User system/system user added field File Asset to File Asset Structure.
[14/06/23 16:00:53:406 UTC]  INFO util.ActivityLogger: class com.dotmarketing.util.ActivityLogger: system : Save Field Action , User system/system user added field Title to File Asset Structure.
[14/06/23 16:00:53:438 UTC]  INFO util.ActivityLogger: class com.dotmarketing.util.ActivityLogger: system : Save Field Action , User system/system user added field Metadata to File Asset Structure.
[14/06/23 16:00:53:470 UTC]  INFO util.ActivityLogger: class com.dotmarketing.util.ActivityLogger: system : Save Field Action , User system/system user added field Metadata to File Asset Structure.
[14/06/23 16:00:53:501 UTC]  INFO util.ActivityLogger: class com.dotmarketing.util.ActivityLogger: system : Save Field Action , User system/system user added field Show On Menu to File Asset Structure.
[14/06/23 16:00:53:533 UTC]  INFO util.ActivityLogger: class com.dotmarketing.util.ActivityLogger: system : Save Field Action , User system/system user added field Sort Order to File Asset Structure.
[14/06/23 16:00:53:568 UTC]  INFO util.ActivityLogger: class com.dotmarketing.util.ActivityLogger: system : Save Field Action , User system/system user added field Description to File Asset Structure.
[14/06/23 16:00:53:587 UTC]  INFO util.ActivityLogger: class com.dotcms.contenttype.business.ContentTypeAPIImpl: system : Save ContentType Action , User system/system user system user added ContentType File Asset to host id:SYSTEM_HOST
[14/06/23 16:00:53:589 UTC]  INFO business.ContentTypeAPIImpl: UserId : system : ContentType : ContentType saved : File Asset
[14/06/23 16:00:53:590 UTC]  INFO util.AdminLogger: UserId : system : class com.dotcms.contenttype.business.ContentTypeAPIImpl : ContentType : ContentType saved : File Asset
[14/06/23 16:00:53:622 UTC]  INFO business.ContentTypeAPIImpl: Content type not found with given id: 8e850645-bb92-4fda-a765-e67063a59be0. Continuing...
[14/06/23 16:00:53:635 UTC]  INFO util.ActivityLogger: class com.dotmarketing.util.ActivityLogger: system : Save Field Action , User system/system user added field Title to Vanity URL Structure.
[14/06/23 16:00:53:666 UTC]  INFO util.ActivityLogger: class com.dotmarketing.util.ActivityLogger: system : Save Field Action , User system/system user added field Site to Vanity URL Structure.
[14/06/23 16:00:53:695 UTC]  INFO util.ActivityLogger: class com.dotmarketing.util.ActivityLogger: system : Save Field Action , User system/system user added field Uri to Vanity URL Structure.
[14/06/23 16:00:53:724 UTC]  INFO util.ActivityLogger: class com.dotmarketing.util.ActivityLogger: system : Save Field Action , User system/system user added field Action to Vanity URL Structure.
[14/06/23 16:00:53:753 UTC]  INFO util.ActivityLogger: class com.dotmarketing.util.ActivityLogger: system : Save Field Action , User system/system user added field Forward To to Vanity URL Structure.
[14/06/23 16:00:53:797 UTC]  INFO util.ActivityLogger: class com.dotmarketing.util.ActivityLogger: system : Save Field Action , User system/system user added field Order to Vanity URL Structure.
[14/06/23 16:00:53:820 UTC]  INFO util.ActivityLogger: class com.dotcms.contenttype.business.ContentTypeAPIImpl: system : Save ContentType Action , User system/system user system user added ContentType Vanity URL to host id:SYSTEM_HOST
[14/06/23 16:00:53:820 UTC]  INFO business.ContentTypeAPIImpl: UserId : system : ContentType : ContentType saved : Vanity URL
[14/06/23 16:00:53:820 UTC]  INFO util.AdminLogger: UserId : system : class com.dotcms.contenttype.business.ContentTypeAPIImpl : ContentType : ContentType saved : Vanity URL
[14/06/23 16:00:53:843 UTC]  INFO business.ContentTypeAPIImpl: Content type not found with given id: c541abb1-69b3-4bc5-8430-5e09e5239cc8. Continuing...
[14/06/23 16:00:53:859 UTC]  INFO util.ActivityLogger: class com.dotmarketing.util.ActivityLogger: system : Save Field Action , User system/system user added field Title to Page Structure.
[14/06/23 16:00:53:876 UTC]  INFO util.ActivityLogger: class com.dotmarketing.util.ActivityLogger: system : Save Field Action , User system/system user added field Url to Page Structure.
[14/06/23 16:00:53:895 UTC]  INFO util.ActivityLogger: class com.dotmarketing.util.ActivityLogger: system : Save Field Action , User system/system user added field Host or Folder to Page Structure.
[14/06/23 16:00:53:909 UTC]  INFO util.ActivityLogger: class com.dotmarketing.util.ActivityLogger: system : Save Field Action , User system/system user added field Template to Page Structure.
[14/06/23 16:00:53:920 UTC]  INFO util.ActivityLogger: class com.dotmarketing.util.ActivityLogger: system : Save Field Action , User system/system user added field Friendly Name to Page Structure.
[14/06/23 16:00:53:943 UTC]  INFO util.ActivityLogger: class com.dotmarketing.util.ActivityLogger: system : Save Field Action , User system/system user added field Show on Menu to Page Structure.
[14/06/23 16:00:53:968 UTC]  INFO util.ActivityLogger: class com.dotmarketing.util.ActivityLogger: system : Save Field Action , User system/system user added field Sort Order to Page Structure.
[14/06/23 16:00:53:997 UTC]  INFO util.ActivityLogger: class com.dotmarketing.util.ActivityLogger: system : Save Field Action , User system/system user added field Cache TTL to Page Structure.
[14/06/23 16:00:54:026 UTC]  INFO util.ActivityLogger: class com.dotmarketing.util.ActivityLogger: system : Save Field Action , User system/system user added field Advanced Properties to Page Structure.
[14/06/23 16:00:54:059 UTC]  INFO util.ActivityLogger: class com.dotmarketing.util.ActivityLogger: system : Save Field Action , User system/system user added field Redirect Url to Page Structure.
[14/06/23 16:00:54:095 UTC]  INFO util.ActivityLogger: class com.dotmarketing.util.ActivityLogger: system : Save Field Action , User system/system user added field HTTPS Required to Page Structure.
[14/06/23 16:00:54:130 UTC]  INFO util.ActivityLogger: class com.dotmarketing.util.ActivityLogger: system : Save Field Action , User system/system user added field SEO Description to Page Structure.
[14/06/23 16:00:54:160 UTC]  INFO util.ActivityLogger: class com.dotmarketing.util.ActivityLogger: system : Save Field Action , User system/system user added field SEO Keywords to Page Structure.
[14/06/23 16:00:54:198 UTC]  INFO util.ActivityLogger: class com.dotmarketing.util.ActivityLogger: system : Save Field Action , User system/system user added field Page Metadata to Page Structure.
[14/06/23 16:00:54:221 UTC]  INFO util.ActivityLogger: class com.dotmarketing.util.ActivityLogger: system : Save Field Action , User system/system user added field Canonical URL to Page Structure.
[14/06/23 16:00:54:231 UTC]  INFO util.ActivityLogger: class com.dotcms.contenttype.business.ContentTypeAPIImpl: system : Save ContentType Action , User system/system user system user added ContentType Page to host id:SYSTEM_HOST
[14/06/23 16:00:54:231 UTC]  INFO business.ContentTypeAPIImpl: UserId : system : ContentType : ContentType saved : Page
[14/06/23 16:00:54:231 UTC]  INFO util.AdminLogger: UserId : system : class com.dotcms.contenttype.business.ContentTypeAPIImpl : ContentType : ContentType saved : Page
[14/06/23 16:00:54:278 UTC]  INFO business.ContentTypeAPIImpl: Content type not found with given id: 855a2d72-f2f3-4169-8b04-ac5157c4380c. Continuing...
[14/06/23 16:00:54:287 UTC]  INFO util.ActivityLogger: class com.dotmarketing.util.ActivityLogger: system : Save Field Action , User system/system user added field fields-2 to Host Structure.
[14/06/23 16:00:54:316 UTC]  INFO util.ActivityLogger: class com.dotmarketing.util.ActivityLogger: system : Save Field Action , User system/system user added field fields-3 to Host Structure.
[14/06/23 16:00:54:338 UTC]  INFO util.ActivityLogger: class com.dotmarketing.util.ActivityLogger: system : Save Field Action , User system/system user added field Site Key to Host Structure.
[14/06/23 16:00:54:363 UTC]  INFO util.ActivityLogger: class com.dotmarketing.util.ActivityLogger: system : Save Field Action , User system/system user added field Aliases to Host Structure.
[14/06/23 16:00:54:394 UTC]  INFO util.ActivityLogger: class com.dotmarketing.util.ActivityLogger: system : Save Field Action , User system/system user added field Tag Storage to Host Structure.
[14/06/23 16:00:54:416 UTC]  INFO util.ActivityLogger: class com.dotmarketing.util.ActivityLogger: system : Save Field Action , User system/system user added field Is Default to Host Structure.
[14/06/23 16:00:54:441 UTC]  INFO util.ActivityLogger: class com.dotmarketing.util.ActivityLogger: system : Save Field Action , User system/system user added field Is System Host to Host Structure.
[14/06/23 16:00:54:465 UTC]  INFO util.ActivityLogger: class com.dotmarketing.util.ActivityLogger: system : Save Field Action , User system/system user added field Host Thumbnail to Host Structure.
[14/06/23 16:00:54:485 UTC]  INFO util.ActivityLogger: class com.dotmarketing.util.ActivityLogger: system : Save Field Action , User system/system user added field Run Dashboard to Host Structure.
[14/06/23 16:00:54:493 UTC]  INFO util.ActivityLogger: class com.dotcms.contenttype.business.ContentTypeAPIImpl: system : Save ContentType Action , User system/system user system user added ContentType Host to host id:SYSTEM_HOST
[14/06/23 16:00:54:493 UTC]  INFO business.ContentTypeAPIImpl: UserId : system : ContentType : ContentType saved : Host
[14/06/23 16:00:54:494 UTC]  INFO util.AdminLogger: UserId : system : class com.dotcms.contenttype.business.ContentTypeAPIImpl : ContentType : ContentType saved : Host
[14/06/23 16:00:54:498 UTC]  INFO business.ContentTypeAPIImpl: Content type not found with given id: 2c46b6586c38852ac08a824a303ced80. Continuing...
[14/06/23 16:00:54:533 UTC]  INFO util.ActivityLogger: class com.dotmarketing.util.ActivityLogger: system : Save Field Action , User system/system user added field Site or Folder to Image Structure.
[14/06/23 16:00:54:554 UTC]  INFO util.ActivityLogger: class com.dotmarketing.util.ActivityLogger: system : Save Field Action , User system/system user added field Asset to Image Structure.
[14/06/23 16:00:54:581 UTC]  INFO util.ActivityLogger: class com.dotmarketing.util.ActivityLogger: system : Save Field Action , User system/system user added field Tags to Image Structure.
[14/06/23 16:00:54:592 UTC]  INFO util.ActivityLogger: class com.dotcms.contenttype.business.ContentTypeAPIImpl: system : Save ContentType Action , User system/system user system user added ContentType Image to host id:8a7d5e23-da1e-420a-b4f0-471e7da8ea2d
[14/06/23 16:00:54:593 UTC]  INFO business.ContentTypeAPIImpl: UserId : system : ContentType : ContentType saved : Image
[14/06/23 16:00:54:593 UTC]  INFO util.AdminLogger: UserId : system : class com.dotcms.contenttype.business.ContentTypeAPIImpl : ContentType : ContentType saved : Image
[14/06/23 16:00:54:601 UTC]  INFO business.ContentTypeAPIImpl: Content type not found with given id: c77450b834901a20c8193ef9d561ee5b. Continuing...
[14/06/23 16:00:54:619 UTC]  INFO util.ActivityLogger: class com.dotmarketing.util.ActivityLogger: system : Save Field Action , User system/system user added field Site or Folder to Video Structure.
[14/06/23 16:00:54:634 UTC]  INFO util.ActivityLogger: class com.dotmarketing.util.ActivityLogger: system : Save Field Action , User system/system user added field Asset to Video Structure.
[14/06/23 16:00:54:661 UTC]  INFO util.ActivityLogger: class com.dotmarketing.util.ActivityLogger: system : Save Field Action , User system/system user added field Tags to Video Structure.
[14/06/23 16:00:54:670 UTC]  INFO util.ActivityLogger: class com.dotcms.contenttype.business.ContentTypeAPIImpl: system : Save ContentType Action , User system/system user system user added ContentType Video to host id:8a7d5e23-da1e-420a-b4f0-471e7da8ea2d
[14/06/23 16:00:54:670 UTC]  INFO business.ContentTypeAPIImpl: UserId : system : ContentType : ContentType saved : Video
[14/06/23 16:00:54:670 UTC]  INFO util.AdminLogger: UserId : system : class com.dotcms.contenttype.business.ContentTypeAPIImpl : ContentType : ContentType saved : Video
[14/06/23 16:00:54:685 UTC]  INFO business.ContentTypeAPIImpl: Content type not found with given id: 2a3e91e4-fbbf-4876-8c5b-2233c1739b05. Continuing...
[14/06/23 16:00:54:693 UTC]  INFO util.ActivityLogger: class com.dotmarketing.util.ActivityLogger: system : Save Field Action , User system/system user added field Row Field to Content (Generic) Structure.
[14/06/23 16:00:54:700 UTC]  INFO util.ActivityLogger: class com.dotmarketing.util.ActivityLogger: system : Save Field Action , User system/system user added field Column Field to Content (Generic) Structure.
[14/06/23 16:00:54:709 UTC]  INFO util.ActivityLogger: class com.dotmarketing.util.ActivityLogger: system : Save Field Action , User system/system user added field Title to Content (Generic) Structure.
[14/06/23 16:00:54:720 UTC]  INFO util.ActivityLogger: class com.dotmarketing.util.ActivityLogger: system : Save Field Action , User system/system user added field Site to Content (Generic) Structure.
[14/06/23 16:00:54:731 UTC]  INFO util.ActivityLogger: class com.dotmarketing.util.ActivityLogger: system : Save Field Action , User system/system user added field Body to Content (Generic) Structure.
[14/06/23 16:00:54:739 UTC]  INFO util.ActivityLogger: class com.dotcms.contenttype.business.ContentTypeAPIImpl: system : Save ContentType Action , User system/system user system user added ContentType Content (Generic) to host id:SYSTEM_HOST
[14/06/23 16:00:54:739 UTC]  INFO business.ContentTypeAPIImpl: UserId : system : ContentType : ContentType saved : Content (Generic)
[14/06/23 16:00:54:739 UTC]  INFO util.AdminLogger: UserId : system : class com.dotcms.contenttype.business.ContentTypeAPIImpl : ContentType : ContentType saved : Content (Generic)
[14/06/23 16:00:54:742 UTC]  INFO business.ContentTypeAPIImpl: Content type not found with given id: ce930143870e11569f93f8a9fff5da19. Continuing...
[14/06/23 16:00:54:749 UTC]  INFO util.ActivityLogger: class com.dotmarketing.util.ActivityLogger: system : Save Field Action , User system/system user added field Screenshot to Dot Favorite Page Structure.
[14/06/23 16:00:54:757 UTC]  INFO util.ActivityLogger: class com.dotmarketing.util.ActivityLogger: system : Save Field Action , User system/system user added field title to Dot Favorite Page Structure.
[14/06/23 16:00:54:765 UTC]  INFO util.ActivityLogger: class com.dotmarketing.util.ActivityLogger: system : Save Field Action , User system/system user added field url to Dot Favorite Page Structure.
[14/06/23 16:00:54:774 UTC]  INFO util.ActivityLogger: class com.dotmarketing.util.ActivityLogger: system : Save Field Action , User system/system user added field order to Dot Favorite Page Structure.
[14/06/23 16:00:54:778 UTC]  INFO util.ActivityLogger: class com.dotcms.contenttype.business.ContentTypeAPIImpl: system : Save ContentType Action , User system/system user system user added ContentType Dot Favorite Page to host id:SYSTEM_HOST
[14/06/23 16:00:54:778 UTC]  INFO business.ContentTypeAPIImpl: UserId : system : ContentType : ContentType saved : Dot Favorite Page
[14/06/23 16:00:54:778 UTC]  INFO util.AdminLogger: UserId : system : class com.dotcms.contenttype.business.ContentTypeAPIImpl : ContentType : ContentType saved : Dot Favorite Page
[14/06/23 16:00:54:780 UTC]  INFO starter.ImportStarterUtil: **** Importing the file: /data/local/dotsecure/backup/temp/com.dotmarketing.portlets.contentlet.model.Contentlet_0000000000.json *****
[14/06/23 16:00:54:780 UTC]  INFO starter.ImportStarterUtil: Importing:	com.dotmarketing.portlets.contentlet.model.Contentlet
[14/06/23 16:00:54:963 UTC]  INFO starter.ImportStarterUtil: Found :	5 com.dotmarketing.portlets.contentlet.model.Contentlet(s)
[14/06/23 16:00:55:073 UTC]  INFO timedcache.TimedCacheProvider: ***	 Building Cache : esquerycache, size:10000, seconds:3600,Concurrency:32 (every 60000 millis)
[14/06/23 16:00:55:539 UTC]  INFO util.SecurityLogger: class com.dotmarketing.portlets.workflows.business.WorkflowAPIImpl : Workflow Scheme 'System Workflow' [d61a59e1-a49c-46f2-a929-db2b4bfa88b2] has been saved by User ID 'system' -- ip:ukn,user:null
[14/06/23 16:00:55:546 UTC]  INFO util.SecurityLogger: class com.dotmarketing.portlets.workflows.business.WorkflowAPIImpl : Workflow Step 'New' [6cb7e3bd-1710-4eed-8838-d3db60f78f19] has been saved by User ID 'system' -- ip:ukn,user:null
[14/06/23 16:00:55:548 UTC]  INFO util.SecurityLogger: class com.dotmarketing.portlets.workflows.business.WorkflowAPIImpl : Workflow Step 'Draft' [ee24a4cb-2d15-4c98-b1bd-6327126451f3] has been saved by User ID 'system' -- ip:ukn,user:null
[14/06/23 16:00:55:551 UTC]  INFO util.SecurityLogger: class com.dotmarketing.portlets.workflows.business.WorkflowAPIImpl : Workflow Step 'Published' [dc3c9cd0-8467-404b-bf95-cb7df3fbc293] has been saved by User ID 'system' -- ip:ukn,user:null
[14/06/23 16:00:55:553 UTC]  INFO util.SecurityLogger: class com.dotmarketing.portlets.workflows.business.WorkflowAPIImpl : Workflow Step 'Archived' [d6b095b6-b65f-4bdb-bbfd-701d663dfee2] has been saved by User ID 'system' -- ip:ukn,user:null
[14/06/23 16:00:55:559 UTC]  INFO util.SecurityLogger: class com.dotmarketing.portlets.workflows.business.WorkflowAPIImpl : Action id: '4da13a42-5d59-480c-ad8f-94a3adf809fe' has been reordered by user: system -- ip:ukn,user:null
[14/06/23 16:00:55:569 UTC]  INFO util.SecurityLogger: class com.dotmarketing.portlets.workflows.business.WorkflowAPIImpl : Action id: '963f6a04-5320-42e7-ab74-6d876d199946' has been reordered by user: system -- ip:ukn,user:null
[14/06/23 16:00:55:573 UTC]  INFO util.SecurityLogger: class com.dotmarketing.portlets.workflows.business.WorkflowAPIImpl : Action id: '777f1c6b-c877-4a37-ba4b-10627316c2cc' has been reordered by user: system -- ip:ukn,user:null
[14/06/23 16:00:55:577 UTC]  INFO util.SecurityLogger: class com.dotmarketing.portlets.workflows.business.WorkflowAPIImpl : Action id: '1e0f1c6b-b67f-4c99-983d-db2b4bfa88b2' has been reordered by user: system -- ip:ukn,user:null
[14/06/23 16:00:55:581 UTC]  INFO util.SecurityLogger: class com.dotmarketing.portlets.workflows.business.WorkflowAPIImpl : Action id: 'dd4c4b7c-e9d3-4dc0-8fbf-36102f9c6324' has been reordered by user: system -- ip:ukn,user:null
[14/06/23 16:00:55:584 UTC]  INFO util.SecurityLogger: class com.dotmarketing.portlets.workflows.business.WorkflowAPIImpl : Action id: 'b9d89c80-3d88-4311-8365-187323c96436' has been reordered by user: system -- ip:ukn,user:null
[14/06/23 16:00:55:588 UTC]  INFO util.SecurityLogger: class com.dotmarketing.portlets.workflows.business.WorkflowAPIImpl : Action id: 'ceca71a0-deee-4999-bd47-b01baa1bcfc8' has been reordered by user: system -- ip:ukn,user:null
[14/06/23 16:00:55:591 UTC]  INFO util.SecurityLogger: class com.dotmarketing.portlets.workflows.business.WorkflowAPIImpl : Action id: 'c92f9aa1-9503-4567-ac30-d3242b54d02d' has been reordered by user: system -- ip:ukn,user:null
[14/06/23 16:00:55:594 UTC]  INFO util.SecurityLogger: class com.dotmarketing.portlets.workflows.business.WorkflowAPIImpl : Action id: '38efc763-d78f-4e4b-b092-59cd8c579b93' has been reordered by user: system -- ip:ukn,user:null
[14/06/23 16:00:55:612 UTC]  INFO util.SecurityLogger: class com.dotmarketing.portlets.workflows.business.WorkflowAPIImpl : The action id: 'ceca71a0-deee-4999-bd47-b01baa1bcfc8' has been saved by the user: system -- ip:ukn,user:null
[14/06/23 16:00:55:617 UTC]  INFO util.SecurityLogger: class com.dotmarketing.portlets.workflows.business.WorkflowAPIImpl : The action id: 'b9d89c80-3d88-4311-8365-187323c96436' has been saved by the user: system -- ip:ukn,user:null
[14/06/23 16:00:55:621 UTC]  INFO util.SecurityLogger: class com.dotmarketing.portlets.workflows.business.WorkflowAPIImpl : The action id: '777f1c6b-c877-4a37-ba4b-10627316c2cc' has been saved by the user: system -- ip:ukn,user:null
[14/06/23 16:00:55:626 UTC]  INFO util.SecurityLogger: class com.dotmarketing.portlets.workflows.business.WorkflowAPIImpl : The action id: 'ceca71a0-deee-4999-bd47-b01baa1bcfc8' has been saved by the user: system -- ip:ukn,user:null
[14/06/23 16:00:55:630 UTC]  INFO util.SecurityLogger: class com.dotmarketing.portlets.workflows.business.WorkflowAPIImpl : The action id: 'dd4c4b7c-e9d3-4dc0-8fbf-36102f9c6324' has been saved by the user: system -- ip:ukn,user:null
[14/06/23 16:00:55:635 UTC]  INFO util.SecurityLogger: class com.dotmarketing.portlets.workflows.business.WorkflowAPIImpl : The action id: '38efc763-d78f-4e4b-b092-59cd8c579b93' has been saved by the user: system -- ip:ukn,user:null
[14/06/23 16:00:55:639 UTC]  INFO util.SecurityLogger: class com.dotmarketing.portlets.workflows.business.WorkflowAPIImpl : The action id: '963f6a04-5320-42e7-ab74-6d876d199946' has been saved by the user: system -- ip:ukn,user:null
[14/06/23 16:00:55:643 UTC]  INFO util.SecurityLogger: class com.dotmarketing.portlets.workflows.business.WorkflowAPIImpl : The action id: 'b9d89c80-3d88-4311-8365-187323c96436' has been saved by the user: system -- ip:ukn,user:null
[14/06/23 16:00:55:647 UTC]  INFO util.SecurityLogger: class com.dotmarketing.portlets.workflows.business.WorkflowAPIImpl : The action id: '4da13a42-5d59-480c-ad8f-94a3adf809fe' has been saved by the user: system -- ip:ukn,user:null
[14/06/23 16:00:55:652 UTC]  INFO util.SecurityLogger: class com.dotmarketing.portlets.workflows.business.WorkflowAPIImpl : The action id: '963f6a04-5320-42e7-ab74-6d876d199946' has been saved by the user: system -- ip:ukn,user:null
[14/06/23 16:00:55:656 UTC]  INFO util.SecurityLogger: class com.dotmarketing.portlets.workflows.business.WorkflowAPIImpl : The action id: '38efc763-d78f-4e4b-b092-59cd8c579b93' has been saved by the user: system -- ip:ukn,user:null
[14/06/23 16:00:55:659 UTC]  INFO util.SecurityLogger: class com.dotmarketing.portlets.workflows.business.WorkflowAPIImpl : The action id: 'ceca71a0-deee-4999-bd47-b01baa1bcfc8' has been saved by the user: system -- ip:ukn,user:null
[14/06/23 16:00:55:663 UTC]  INFO util.SecurityLogger: class com.dotmarketing.portlets.workflows.business.WorkflowAPIImpl : The action id: '4da13a42-5d59-480c-ad8f-94a3adf809fe' has been saved by the user: system -- ip:ukn,user:null
[14/06/23 16:00:55:666 UTC]  INFO util.SecurityLogger: class com.dotmarketing.portlets.workflows.business.WorkflowAPIImpl : The action id: 'b9d89c80-3d88-4311-8365-187323c96436' has been saved by the user: system -- ip:ukn,user:null
[14/06/23 16:00:55:670 UTC]  INFO util.SecurityLogger: class com.dotmarketing.portlets.workflows.business.WorkflowAPIImpl : The action id: 'dd4c4b7c-e9d3-4dc0-8fbf-36102f9c6324' has been saved by the user: system -- ip:ukn,user:null
[14/06/23 16:00:55:678 UTC]  INFO util.SecurityLogger: class com.dotmarketing.portlets.workflows.business.WorkflowAPIImpl : The action id: 'c92f9aa1-9503-4567-ac30-d3242b54d02d' has been saved by the user: system -- ip:ukn,user:null
[14/06/23 16:00:55:682 UTC]  INFO util.SecurityLogger: class com.dotmarketing.portlets.workflows.business.WorkflowAPIImpl : The action id: '777f1c6b-c877-4a37-ba4b-10627316c2cc' has been saved by the user: system -- ip:ukn,user:null
[14/06/23 16:00:55:686 UTC]  INFO util.SecurityLogger: class com.dotmarketing.portlets.workflows.business.WorkflowAPIImpl : The action id: '1e0f1c6b-b67f-4c99-983d-db2b4bfa88b2' has been saved by the user: system -- ip:ukn,user:null
[14/06/23 16:00:55:759 UTC]  INFO util.SecurityLogger: class com.dotmarketing.portlets.workflows.business.WorkflowAPIImpl : Saving class parameters by the user: system -- ip:ukn,user:null
[14/06/23 16:00:55:767 UTC]  INFO starter.ImportStarterUtil: **** Importing the file: /data/local/dotsecure/backup/temp/com.dotmarketing.beans.Permission_0000000000.json *****
[14/06/23 16:00:55:767 UTC]  INFO starter.ImportStarterUtil: Importing:	com.dotmarketing.beans.Permission
[14/06/23 16:00:55:772 UTC]  INFO starter.ImportStarterUtil: Found :	20 com.dotmarketing.beans.Permission(s)
[14/06/23 16:00:55:787 UTC]  INFO starter.ImportStarterUtil: **** Importing the file: /data/local/dotsecure/backup/temp/com.dotmarketing.portlets.contentlet.model.ContentletVersionInfo_0000000000.json *****
[14/06/23 16:00:55:787 UTC]  INFO starter.ImportStarterUtil: Importing:	com.dotmarketing.portlets.contentlet.model.ContentletVersionInfo
[14/06/23 16:00:55:790 UTC]  INFO starter.ImportStarterUtil: Found :	3 com.dotmarketing.portlets.contentlet.model.ContentletVersionInfo(s)
[14/06/23 16:00:55:838 UTC]  INFO starter.ImportStarterUtil: **** Importing the file: /data/local/dotsecure/backup/temp/com.dotmarketing.portlets.workflows.model.WorkflowTask_0000000000.json *****
[14/06/23 16:00:55:838 UTC]  INFO starter.ImportStarterUtil: Importing:	com.dotmarketing.portlets.workflows.model.WorkflowTask
[14/06/23 16:00:55:841 UTC]  INFO starter.ImportStarterUtil: Found :	1 com.dotmarketing.portlets.workflows.model.WorkflowTask(s)
[14/06/23 16:00:55:847 UTC]  INFO starter.ImportStarterUtil: **** Importing the file: /data/local/dotsecure/backup/temp/Image.json *****
[14/06/23 16:00:55:847 UTC]  INFO starter.ImportStarterUtil: Importing:	Image
[14/06/23 16:01:00:534 UTC]  INFO starter.ImportStarterUtil: Found :	1 Image(s)
[14/06/23 16:01:00:535 UTC]  INFO starter.ImportStarterUtil: **** Importing the file: /data/local/dotsecure/backup/temp/Portlet.json *****
[14/06/23 16:01:00:535 UTC]  INFO starter.ImportStarterUtil: Importing:	Portlet
[14/06/23 16:01:00:537 UTC]  INFO starter.ImportStarterUtil: Found :	3 Portlet(s)
[14/06/23 16:01:00:542 UTC]  INFO starter.ImportStarterUtil: Done Importing
[14/06/23 16:01:00:546 UTC]  INFO runonce.Task210321RemoveOldMetadataFiles:  executing metadata clean up under path /data/shared/assets
[14/06/23 16:01:00:555 UTC]  INFO db.DotCMSInitDb:  `1` old metadata entries removed and `0` old content files from the starter.
[14/06/23 16:01:00:557 UTC]  INFO timedcache.TimedCacheProvider: ===== Initializing [Timed Cache Provider].
[14/06/23 16:01:00:558 UTC]  INFO timedcache.TimedCacheProvider: ***	 Cache Config Memory : esquerycache: 10000
[14/06/23 16:01:00:558 UTC]  INFO timedcache.TimedCacheProvider: ***	 Cache Config Memory : esquerycountcache: 10000
[14/06/23 16:01:00:558 UTC]  INFO timedcache.TimedCacheProvider: ***	 Cache Config Memory : graphqlquerycache: 5000
[14/06/23 16:01:00:558 UTC]  INFO timedcache.TimedCacheProvider: ***	 Cache Config Memory : default: 1000
[14/06/23 16:01:00:558 UTC]  INFO timedcache.TimedCacheProvider: ***	 Cache Config Memory : adminconfigpool: 100
[14/06/23 16:01:00:558 UTC]  INFO timedcache.TimedCacheProvider: ***	 Cache Config Memory : companypool: 10
[14/06/23 16:01:00:558 UTC]  INFO timedcache.TimedCacheProvider: ***	 Cache Config Memory : contentletcache: 5000
[14/06/23 16:01:00:558 UTC]  INFO timedcache.TimedCacheProvider: ***	 Cache Config Memory : categoryparentscache: 30000
[14/06/23 16:01:00:558 UTC]  INFO timedcache.TimedCacheProvider: ***	 Cache Config Memory : taginodecache: 50000
[14/06/23 16:01:00:558 UTC]  INFO timedcache.TimedCacheProvider: ***	 Cache Config Memory : taginodesbyinodecache: 50000
[14/06/23 16:01:00:558 UTC]  INFO timedcache.TimedCacheProvider: ***	 Cache Config Memory : tagcache: 50000
[14/06/23 16:01:00:558 UTC]  INFO timedcache.TimedCacheProvider: ***	 Cache Config Memory : csscache: 2500
[14/06/23 16:01:00:558 UTC]  INFO timedcache.TimedCacheProvider: ***	 Cache Config Memory : assetmetadatacache: 10000
[14/06/23 16:01:00:558 UTC]  INFO timedcache.TimedCacheProvider: ***	 Cache Config Memory : identifiercache: 50000
[14/06/23 16:01:00:558 UTC]  INFO timedcache.TimedCacheProvider: ***	 Cache Config Memory : identifier404cache: 30000
[14/06/23 16:01:00:558 UTC]  INFO timedcache.TimedCacheProvider: ***	 Cache Config Memory : indiciescache: 8
[14/06/23 16:01:00:558 UTC]  INFO timedcache.TimedCacheProvider: ***	 Cache Config Memory : logmappercache: 10
[14/06/23 16:01:00:558 UTC]  INFO timedcache.TimedCacheProvider: ***	 Cache Config Memory : navcache: 1000
[14/06/23 16:01:00:558 UTC]  INFO timedcache.TimedCacheProvider: ***	 Cache Config Memory : parentpermissionablecache: 10000
[14/06/23 16:01:00:558 UTC]  INFO timedcache.TimedCacheProvider: ***	 Cache Config Memory : permissioncache: 50000
[14/06/23 16:01:00:558 UTC]  INFO timedcache.TimedCacheProvider: ***	 Cache Config Memory : portletpool: 100
[14/06/23 16:01:00:558 UTC]  INFO timedcache.TimedCacheProvider: ***	 Cache Config Memory : publishingendpointcache: 100
[14/06/23 16:01:00:558 UTC]  INFO timedcache.TimedCacheProvider: ***	 Cache Config Memory : pushedassetscache: 5000
[14/06/23 16:01:00:558 UTC]  INFO timedcache.TimedCacheProvider: ***	 Cache Config Memory : templatecache: 500
[14/06/23 16:01:00:558 UTC]  INFO timedcache.TimedCacheProvider: ***	 Cache Config Memory : translatedquerycache: 5000
[14/06/23 16:01:00:558 UTC]  INFO timedcache.TimedCacheProvider: ***	 Cache Config Memory : versioncache: 50000
[14/06/23 16:01:00:558 UTC]  INFO timedcache.TimedCacheProvider: ***	 Cache Config Memory : versioninfocache: 50000
[14/06/23 16:01:00:558 UTC]  INFO timedcache.TimedCacheProvider: ***	 Cache Config Memory : workflowactioncache: 10000
[14/06/23 16:01:00:558 UTC]  INFO timedcache.TimedCacheProvider: ***	 Cache Config Memory : workflowtaskcache: 10000
[14/06/23 16:01:00:558 UTC]  INFO timedcache.TimedCacheProvider: ***	 Cache Config Memory : shortyidcache: 25000
[14/06/23 16:01:00:558 UTC]  INFO timedcache.TimedCacheProvider: ***	 Cache Config Memory : velocitycache: 5000
[14/06/23 16:01:00:558 UTC]  INFO timedcache.TimedCacheProvider: ***	 Cache Config Memory : vanityurldirectcache: 25000
[14/06/23 16:01:00:558 UTC]  INFO timedcache.TimedCacheProvider: ***	 Cache Config Memory : vanityurlsitecache: 5000
[14/06/23 16:01:00:558 UTC]  INFO h22.H22Cache: Start Full Cache Flush in h22
[14/06/23 16:01:00:558 UTC]  INFO h22.H22Cache: Building new H22 Cache, db:0
[14/06/23 16:01:00:559 UTC]  INFO h22.H22HikariPool: H22 on disk cache:jdbc:h2:/data/local/dotsecure/h22cache/0/2023-06-14_16-01-00/cache;MVCC=TRUE;DB_CLOSE_ON_EXIT=FALSE
[14/06/23 16:01:00:637 UTC]  INFO h22.H22Cache: Building new H22 Cache, db:1
[14/06/23 16:01:00:637 UTC]  INFO h22.H22HikariPool: H22 on disk cache:jdbc:h2:/data/local/dotsecure/h22cache/1/2023-06-14_16-01-00/cache;MVCC=TRUE;DB_CLOSE_ON_EXIT=FALSE
[14/06/23 16:01:00:705 UTC]  INFO h22.H22Cache: End Full Cache Flush in h22 : 146ms
[14/06/23 16:01:00:737 UTC]  INFO reindex.ReindexThread: --- Recreating ReindexThread from stopped
[14/06/23 16:01:00:739 UTC]  INFO framework.OSGISystem: Starting: OSGi System Framework
[14/06/23 16:01:00:740 UTC]  INFO framework.OSGISystem: Felix System base dir: /srv/dotserver/tomcat-9.0.60/webapps/ROOT/WEB-INF/felix-system
[14/06/23 16:01:00:747 UTC]  INFO framework.OSGIUtil: Loading Factory org.apache.felix.framework.FrameworkFactory
[14/06/23 16:01:01:182 UTC]  INFO init.SamlInitializer: SAML Init STARTED...
[14/06/23 16:01:01:904 UTC]  INFO init.SamlInitializer: Doing instance of Java Crypto validator
[14/06/23 16:01:01:909 UTC]  INFO init.SamlInitializer: Getting the Security Providers
[14/06/23 16:01:01:909 UTC]  INFO init.SamlInitializer: - SUN (DSA key/parameter generation; DSA signing; SHA-1, MD5 digests; SecureRandom; X.509 certificates; PKCS12, JKS & DKS keystores; PKIX CertPathValidator; PKIX CertPathBuilder; LDAP, Collection CertStores, JavaPolicy Policy; JavaLoginConfig Configuration)
[14/06/23 16:01:01:910 UTC]  INFO init.SamlInitializer: - Sun RSA signature provider
[14/06/23 16:01:01:910 UTC]  INFO init.SamlInitializer: - Sun Elliptic Curve provider (EC, ECDSA, ECDH)
[14/06/23 16:01:01:910 UTC]  INFO init.SamlInitializer: - Sun JSSE provider(PKCS12, SunX509/PKIX key/trust factories, SSLv3/TLSv1/TLSv1.1/TLSv1.2/TLSv1.3/DTLSv1.0/DTLSv1.2)
[14/06/23 16:01:01:910 UTC]  INFO init.SamlInitializer: - SunJCE Provider (implements RSA, DES, Triple DES, AES, Blowfish, ARCFOUR, RC2, PBE, Diffie-Hellman, HMAC, ChaCha20)
[14/06/23 16:01:01:911 UTC]  INFO init.SamlInitializer: - Sun (Kerberos v5, SPNEGO)
[14/06/23 16:01:01:911 UTC]  INFO init.SamlInitializer: - Sun SASL provider(implements client mechanisms for: DIGEST-MD5, EXTERNAL, PLAIN, CRAM-MD5, NTLM; server mechanisms for: DIGEST-MD5, CRAM-MD5, NTLM)
[14/06/23 16:01:01:911 UTC]  INFO init.SamlInitializer: - JdkLDAP Provider (implements LDAP CertStore)
[14/06/23 16:01:01:911 UTC]  INFO init.SamlInitializer: Doing Init of SignatureValidationProvider
[14/06/23 16:01:01:922 UTC]  INFO init.SamlInitializer: SAML Init DONE
[14/06/23 16:01:01:922 UTC]  INFO init.SamlInitializer: Setting basic parser pool
[14/06/23 16:01:01:924 UTC]  INFO osgi.Activator: Adding the SAML Web Filter
[14/06/23 16:01:02:028 UTC]  INFO osgi.Activator: Adding the SAML Web Service: com.dotcms.auth.providers.saml.v1.DotSamlResource
[14/06/23 16:01:02:546 UTC]  INFO osgi.Activator: Subscribing to  AppSecretSavedEvent events
[14/06/23 16:01:03:208 UTC]  INFO framework.OSGISystem: Started : OSGi System Framework
[14/06/23 16:01:03:208 UTC]  INFO reindex.ReindexThread: --- ReindexThread Running (every 60000 millis)
[14/06/23 16:01:03:210 UTC]  INFO db.DotCMSInitDb: Building Initial Index
[14/06/23 16:01:03:217 UTC]  INFO reindex.ReindexThread: ---  ReindexThread is starting, background indexing will begin
[14/06/23 16:01:03:270 UTC]  INFO business.ESIndexAPI: createIndex : Trying to create index: cluster_5a38b6fd7d.working_20230614160103 with shards: 0
[14/06/23 16:01:03:271 UTC]  INFO util.AdminLogger: class com.dotcms.content.elasticsearch.business.ESIndexAPI : createIndex : Trying to create index: cluster_5a38b6fd7d.working_20230614160103 with shards: 0
[14/06/23 16:01:03:271 UTC]  WARN business.ESIndexAPI: Unable to parse shards from config
[14/06/23 16:01:03:272 UTC]  WARN business.ESIndexAPI: null
[14/06/23 16:01:03:273 UTC]  WARN business.ESIndexAPI: java.base/java.lang.Integer.parseInt(Integer.java:614)
[14/06/23 16:01:03:691 UTC]  INFO business.ESIndexAPI: createIndex : Index created: cluster_5a38b6fd7d.working_20230614160103 with shards: 1
[14/06/23 16:01:03:693 UTC]  INFO util.AdminLogger: class com.dotcms.content.elasticsearch.business.ESIndexAPI : createIndex : Index created: cluster_5a38b6fd7d.working_20230614160103 with shards: 1
[14/06/23 16:01:03:779 UTC]  INFO business.ESIndexAPI: createIndex : Trying to create index: cluster_5a38b6fd7d.live_20230614160103 with shards: 0
[14/06/23 16:01:03:779 UTC]  INFO util.AdminLogger: class com.dotcms.content.elasticsearch.business.ESIndexAPI : createIndex : Trying to create index: cluster_5a38b6fd7d.live_20230614160103 with shards: 0
[14/06/23 16:01:03:779 UTC]  WARN business.ESIndexAPI: Unable to parse shards from config
[14/06/23 16:01:03:779 UTC]  WARN business.ESIndexAPI: null
[14/06/23 16:01:03:782 UTC]  WARN business.ESIndexAPI: java.base/java.lang.Integer.parseInt(Integer.java:614)
[14/06/23 16:01:03:874 UTC]  INFO business.ESIndexAPI: createIndex : Index created: cluster_5a38b6fd7d.live_20230614160103 with shards: 1
[14/06/23 16:01:03:874 UTC]  INFO util.AdminLogger: class com.dotcms.content.elasticsearch.business.ESIndexAPI : createIndex : Index created: cluster_5a38b6fd7d.live_20230614160103 with shards: 1
[14/06/23 16:01:08:209 UTC]  INFO reindex.ReindexThread: --- Unpausing reindex thread 
[14/06/23 16:01:09:022 UTC]  INFO reindex.BulkProcessorListener: -----------
[14/06/23 16:01:09:022 UTC]  INFO reindex.BulkProcessorListener: Reindexing Server #  : 1 of 1
[14/06/23 16:01:09:022 UTC]  INFO reindex.BulkProcessorListener: Total Indexed        : 0
[14/06/23 16:01:09:022 UTC]  INFO reindex.BulkProcessorListener: ReindexEntries found : 3
[14/06/23 16:01:09:023 UTC]  INFO reindex.BulkProcessorListener: BulkRequests created : 6
[14/06/23 16:01:09:023 UTC]  INFO reindex.BulkProcessorListener: -----------
[14/06/23 16:01:11:214 UTC]  INFO db.DotCMSInitDb: Records left to index : 0
[14/06/23 16:01:11:215 UTC]  INFO db.DotCMSInitDb: While in DevMode dotCMS will not set an initial password to the admin user.
[14/06/23 16:01:11:215 UTC]  INFO startup.StartupTasksExecutor: Not Running Startup Tasks: Task00005LoadFixassets
[14/06/23 16:01:11:258 UTC]  INFO startup.StartupTasksExecutor: Running Startup Tasks : Task00006CreateSystemLayout
[14/06/23 16:01:14:279 UTC]  INFO startup.StartupTasksExecutor: Not Running Startup Tasks: Task00007RemoveSitesearchQuartzJob
[14/06/23 16:01:14:280 UTC]  INFO startup.StartupTasksExecutor: Running Startup Tasks : Task00040CheckAnonymousUser
[14/06/23 16:01:14:441 UTC]  INFO apps.SecretsKeyStoreHelper: KeyStore loaded successfully after `1` tries.
[14/06/23 16:01:14:442 UTC]  INFO startup.StartupTasksExecutor: Not Running Startup Tasks: Task00050LoadAppsSecrets
[14/06/23 16:01:14:443 UTC]  INFO startup.StartupTasksExecutor: Finishing startup tasks.
[14/06/23 16:01:14:443 UTC]  INFO startup.StartupTasksExecutor: ---
[14/06/23 16:01:14:443 UTC]  INFO startup.StartupTasksExecutor: 
[14/06/23 16:01:14:444 UTC]  INFO startup.StartupTasksExecutor: Running Upgrade Tasks
[14/06/23 16:01:14:444 UTC]  INFO startup.StartupTasksExecutor: Database version: 0
[14/06/23 16:01:15:078 UTC]  INFO startup.StartupTasksExecutor: Database upgraded to version: 760
[14/06/23 16:01:15:080 UTC]  INFO startup.StartupTasksExecutor: Database upgraded to version: 765
[14/06/23 16:01:15:082 UTC]  INFO startup.StartupTasksExecutor: Database upgraded to version: 766
[14/06/23 16:01:15:083 UTC]  INFO startup.StartupTasksExecutor: Database upgraded to version: 767
[14/06/23 16:01:15:084 UTC]  INFO startup.StartupTasksExecutor: Database upgraded to version: 768
[14/06/23 16:01:15:086 UTC]  INFO startup.StartupTasksExecutor: Database upgraded to version: 769
[14/06/23 16:01:15:087 UTC]  INFO startup.StartupTasksExecutor: Database upgraded to version: 775
[14/06/23 16:01:15:088 UTC]  INFO startup.StartupTasksExecutor: Database upgraded to version: 780
[14/06/23 16:01:15:090 UTC]  INFO startup.StartupTasksExecutor: Database upgraded to version: 782
[14/06/23 16:01:15:091 UTC]  INFO startup.StartupTasksExecutor: Database upgraded to version: 785
[14/06/23 16:01:15:092 UTC]  INFO startup.StartupTasksExecutor: Database upgraded to version: 790
[14/06/23 16:01:15:093 UTC]  INFO startup.StartupTasksExecutor: Database upgraded to version: 795
[14/06/23 16:01:15:094 UTC]  INFO startup.StartupTasksExecutor: Database upgraded to version: 800
[14/06/23 16:01:15:096 UTC]  INFO startup.StartupTasksExecutor: Database upgraded to version: 805
[14/06/23 16:01:15:097 UTC]  INFO startup.StartupTasksExecutor: Database upgraded to version: 810
[14/06/23 16:01:15:098 UTC]  INFO startup.StartupTasksExecutor: Database upgraded to version: 815
[14/06/23 16:01:15:099 UTC]  INFO startup.StartupTasksExecutor: Database upgraded to version: 820
[14/06/23 16:01:15:100 UTC]  INFO startup.StartupTasksExecutor: Database upgraded to version: 825
[14/06/23 16:01:15:102 UTC]  INFO startup.StartupTasksExecutor: Database upgraded to version: 835
[14/06/23 16:01:15:103 UTC]  INFO startup.StartupTasksExecutor: Database upgraded to version: 840
[14/06/23 16:01:15:104 UTC]  INFO startup.StartupTasksExecutor: Database upgraded to version: 845
[14/06/23 16:01:15:105 UTC]  INFO startup.StartupTasksExecutor: Database upgraded to version: 850
[14/06/23 16:01:15:106 UTC]  INFO startup.StartupTasksExecutor: Database upgraded to version: 855
[14/06/23 16:01:15:107 UTC]  INFO startup.StartupTasksExecutor: Database upgraded to version: 860
[14/06/23 16:01:15:108 UTC]  INFO startup.StartupTasksExecutor: Database upgraded to version: 865
[14/06/23 16:01:15:109 UTC]  INFO startup.StartupTasksExecutor: Database upgraded to version: 900
[14/06/23 16:01:15:110 UTC]  INFO startup.StartupTasksExecutor: Database upgraded to version: 905
[14/06/23 16:01:15:112 UTC]  INFO startup.StartupTasksExecutor: Database upgraded to version: 910
[14/06/23 16:01:15:113 UTC]  INFO startup.StartupTasksExecutor: Database upgraded to version: 920
[14/06/23 16:01:15:114 UTC]  INFO startup.StartupTasksExecutor: Database upgraded to version: 922
[14/06/23 16:01:15:115 UTC]  INFO startup.StartupTasksExecutor: Database upgraded to version: 925
[14/06/23 16:01:15:116 UTC]  INFO startup.StartupTasksExecutor: Database upgraded to version: 930
[14/06/23 16:01:15:117 UTC]  INFO startup.StartupTasksExecutor: Database upgraded to version: 935
[14/06/23 16:01:15:118 UTC]  INFO startup.StartupTasksExecutor: Database upgraded to version: 940
[14/06/23 16:01:15:119 UTC]  INFO startup.StartupTasksExecutor: Database upgraded to version: 945
[14/06/23 16:01:15:120 UTC]  INFO startup.StartupTasksExecutor: Database upgraded to version: 950
[14/06/23 16:01:15:121 UTC]  INFO startup.StartupTasksExecutor: Database upgraded to version: 1000
[14/06/23 16:01:15:122 UTC]  INFO startup.StartupTasksExecutor: Database upgraded to version: 1005
[14/06/23 16:01:15:123 UTC]  INFO startup.StartupTasksExecutor: Database upgraded to version: 1015
[14/06/23 16:01:15:124 UTC]  INFO startup.StartupTasksExecutor: Database upgraded to version: 1016
[14/06/23 16:01:15:125 UTC]  INFO startup.StartupTasksExecutor: Database upgraded to version: 1020
[14/06/23 16:01:15:126 UTC]  INFO startup.StartupTasksExecutor: Database upgraded to version: 1030
[14/06/23 16:01:15:127 UTC]  INFO startup.StartupTasksExecutor: Database upgraded to version: 1035
[14/06/23 16:01:15:128 UTC]  INFO startup.StartupTasksExecutor: Database upgraded to version: 1045
[14/06/23 16:01:15:129 UTC]  INFO startup.StartupTasksExecutor: Database upgraded to version: 1050
[14/06/23 16:01:15:130 UTC]  INFO startup.StartupTasksExecutor: Database upgraded to version: 1055
[14/06/23 16:01:15:131 UTC]  INFO startup.StartupTasksExecutor: Database upgraded to version: 1060
[14/06/23 16:01:15:131 UTC]  INFO startup.StartupTasksExecutor: Database upgraded to version: 1065
[14/06/23 16:01:15:132 UTC]  INFO startup.StartupTasksExecutor: Database upgraded to version: 1070
[14/06/23 16:01:15:133 UTC]  INFO startup.StartupTasksExecutor: Database upgraded to version: 1080
[14/06/23 16:01:15:133 UTC]  INFO startup.StartupTasksExecutor: Database upgraded to version: 1085
[14/06/23 16:01:15:133 UTC]  INFO startup.StartupTasksExecutor: Database upgraded to version: 1090
[14/06/23 16:01:15:134 UTC]  INFO startup.StartupTasksExecutor: Database upgraded to version: 1095
[14/06/23 16:01:15:134 UTC]  INFO startup.StartupTasksExecutor: Database upgraded to version: 1096
[14/06/23 16:01:15:134 UTC]  INFO startup.StartupTasksExecutor: Database upgraded to version: 3000
[14/06/23 16:01:15:135 UTC]  INFO startup.StartupTasksExecutor: Database upgraded to version: 3005
[14/06/23 16:01:15:135 UTC]  INFO startup.StartupTasksExecutor: Database upgraded to version: 3010
[14/06/23 16:01:15:139 UTC]  INFO startup.StartupTasksExecutor: Database upgraded to version: 3015
[14/06/23 16:01:15:140 UTC]  INFO startup.StartupTasksExecutor: Database upgraded to version: 3020
[14/06/23 16:01:15:141 UTC]  INFO startup.StartupTasksExecutor: Database upgraded to version: 3025
[14/06/23 16:01:15:142 UTC]  INFO startup.StartupTasksExecutor: Database upgraded to version: 3030
[14/06/23 16:01:15:143 UTC]  INFO startup.StartupTasksExecutor: Database upgraded to version: 3035
[14/06/23 16:01:15:143 UTC]  INFO startup.StartupTasksExecutor: Database upgraded to version: 3040
[14/06/23 16:01:15:144 UTC]  INFO startup.StartupTasksExecutor: Database upgraded to version: 3042
[14/06/23 16:01:15:145 UTC]  INFO startup.StartupTasksExecutor: Database upgraded to version: 3045
[14/06/23 16:01:15:146 UTC]  INFO startup.StartupTasksExecutor: Database upgraded to version: 3050
[14/06/23 16:01:15:147 UTC]  INFO startup.StartupTasksExecutor: Database upgraded to version: 3055
[14/06/23 16:01:15:148 UTC]  INFO startup.StartupTasksExecutor: Database upgraded to version: 3060
[14/06/23 16:01:15:149 UTC]  INFO startup.StartupTasksExecutor: Database upgraded to version: 3065
[14/06/23 16:01:15:150 UTC]  INFO startup.StartupTasksExecutor: Database upgraded to version: 3100
[14/06/23 16:01:15:151 UTC]  INFO startup.StartupTasksExecutor: Database upgraded to version: 3105
[14/06/23 16:01:15:152 UTC]  INFO startup.StartupTasksExecutor: Database upgraded to version: 3120
[14/06/23 16:01:15:153 UTC]  INFO startup.StartupTasksExecutor: Database upgraded to version: 3130
[14/06/23 16:01:15:154 UTC]  INFO startup.StartupTasksExecutor: Database upgraded to version: 3135
[14/06/23 16:01:15:155 UTC]  INFO startup.StartupTasksExecutor: Database upgraded to version: 3140
[14/06/23 16:01:15:156 UTC]  INFO startup.StartupTasksExecutor: Database upgraded to version: 3150
[14/06/23 16:01:15:157 UTC]  INFO startup.StartupTasksExecutor: Database upgraded to version: 3160
[14/06/23 16:01:15:158 UTC]  INFO startup.StartupTasksExecutor: Database upgraded to version: 3165
[14/06/23 16:01:15:159 UTC]  INFO startup.StartupTasksExecutor: Database upgraded to version: 3500
[14/06/23 16:01:15:160 UTC]  INFO startup.StartupTasksExecutor: Database upgraded to version: 3505
[14/06/23 16:01:15:161 UTC]  INFO startup.StartupTasksExecutor: Database upgraded to version: 3510
[14/06/23 16:01:15:162 UTC]  INFO startup.StartupTasksExecutor: Database upgraded to version: 3515
[14/06/23 16:01:15:163 UTC]  INFO startup.StartupTasksExecutor: Database upgraded to version: 3520
[14/06/23 16:01:15:165 UTC]  INFO startup.StartupTasksExecutor: Database upgraded to version: 3525
[14/06/23 16:01:15:168 UTC]  INFO startup.StartupTasksExecutor: Database upgraded to version: 3530
[14/06/23 16:01:15:171 UTC]  INFO startup.StartupTasksExecutor: Database upgraded to version: 3535
[14/06/23 16:01:15:174 UTC]  INFO startup.StartupTasksExecutor: Database upgraded to version: 3540
[14/06/23 16:01:15:175 UTC]  INFO startup.StartupTasksExecutor: Database upgraded to version: 3545
[14/06/23 16:01:15:177 UTC]  INFO startup.StartupTasksExecutor: Database upgraded to version: 3550
[14/06/23 16:01:15:178 UTC]  INFO startup.StartupTasksExecutor: Database upgraded to version: 3555
[14/06/23 16:01:15:178 UTC]  INFO startup.StartupTasksExecutor: Database upgraded to version: 3560
[14/06/23 16:01:15:179 UTC]  INFO startup.StartupTasksExecutor: Database upgraded to version: 3565
[14/06/23 16:01:15:180 UTC]  INFO startup.StartupTasksExecutor: Database upgraded to version: 3600
[14/06/23 16:01:15:180 UTC]  INFO startup.StartupTasksExecutor: Database upgraded to version: 3605
[14/06/23 16:01:15:181 UTC]  INFO startup.StartupTasksExecutor: Database upgraded to version: 3700
[14/06/23 16:01:15:182 UTC]  INFO startup.StartupTasksExecutor: Database upgraded to version: 3705
[14/06/23 16:01:15:183 UTC]  INFO startup.StartupTasksExecutor: Database upgraded to version: 3710
[14/06/23 16:01:15:183 UTC]  INFO startup.StartupTasksExecutor: Database upgraded to version: 3715
[14/06/23 16:01:15:184 UTC]  INFO startup.StartupTasksExecutor: Database upgraded to version: 3720
[14/06/23 16:01:15:185 UTC]  INFO startup.StartupTasksExecutor: Database upgraded to version: 3725
[14/06/23 16:01:15:186 UTC]  INFO startup.StartupTasksExecutor: Database upgraded to version: 3735
[14/06/23 16:01:15:187 UTC]  INFO startup.StartupTasksExecutor: Database upgraded to version: 3740
[14/06/23 16:01:15:188 UTC]  INFO startup.StartupTasksExecutor: Database upgraded to version: 3745
[14/06/23 16:01:15:188 UTC]  INFO startup.StartupTasksExecutor: Database upgraded to version: 3800
[14/06/23 16:01:15:189 UTC]  INFO startup.StartupTasksExecutor: Database upgraded to version: 4100
[14/06/23 16:01:15:190 UTC]  INFO startup.StartupTasksExecutor: Database upgraded to version: 4105
[14/06/23 16:01:15:191 UTC]  INFO startup.StartupTasksExecutor: Database upgraded to version: 4110
[14/06/23 16:01:15:192 UTC]  INFO startup.StartupTasksExecutor: Database upgraded to version: 4115
[14/06/23 16:01:15:192 UTC]  INFO startup.StartupTasksExecutor: Database upgraded to version: 4120
[14/06/23 16:01:15:193 UTC]  INFO startup.StartupTasksExecutor: Database upgraded to version: 4200
[14/06/23 16:01:15:193 UTC]  INFO startup.StartupTasksExecutor: Database upgraded to version: 4205
[14/06/23 16:01:15:194 UTC]  INFO startup.StartupTasksExecutor: Database upgraded to version: 4210
[14/06/23 16:01:15:195 UTC]  INFO startup.StartupTasksExecutor: Database upgraded to version: 4215
[14/06/23 16:01:15:195 UTC]  INFO startup.StartupTasksExecutor: Database upgraded to version: 4220
[14/06/23 16:01:15:196 UTC]  INFO startup.StartupTasksExecutor: Database upgraded to version: 4230
[14/06/23 16:01:15:196 UTC]  INFO startup.StartupTasksExecutor: Database upgraded to version: 4235
[14/06/23 16:01:15:197 UTC]  INFO startup.StartupTasksExecutor: Database upgraded to version: 4300
[14/06/23 16:01:15:197 UTC]  INFO startup.StartupTasksExecutor: Database upgraded to version: 4305
[14/06/23 16:01:15:198 UTC]  INFO startup.StartupTasksExecutor: Database upgraded to version: 4310
[14/06/23 16:01:15:199 UTC]  INFO startup.StartupTasksExecutor: Database upgraded to version: 4315
[14/06/23 16:01:15:199 UTC]  INFO startup.StartupTasksExecutor: Database upgraded to version: 4320
[14/06/23 16:01:15:200 UTC]  INFO startup.StartupTasksExecutor: Database upgraded to version: 4330
[14/06/23 16:01:15:201 UTC]  INFO startup.StartupTasksExecutor: Database upgraded to version: 4335
[14/06/23 16:01:15:202 UTC]  INFO startup.StartupTasksExecutor: Database upgraded to version: 4340
[14/06/23 16:01:15:202 UTC]  INFO startup.StartupTasksExecutor: Database upgraded to version: 4345
[14/06/23 16:01:15:204 UTC]  INFO startup.StartupTasksExecutor: Database upgraded to version: 4350
[14/06/23 16:01:15:205 UTC]  INFO startup.StartupTasksExecutor: Database upgraded to version: 4355
[14/06/23 16:01:15:205 UTC]  INFO startup.StartupTasksExecutor: Database upgraded to version: 4360
[14/06/23 16:01:15:206 UTC]  INFO startup.StartupTasksExecutor: Database upgraded to version: 4365
[14/06/23 16:01:15:207 UTC]  INFO startup.StartupTasksExecutor: Database upgraded to version: 4370
[14/06/23 16:01:15:208 UTC]  INFO startup.StartupTasksExecutor: Database upgraded to version: 4375
[14/06/23 16:01:15:208 UTC]  INFO startup.StartupTasksExecutor: Database upgraded to version: 4380
[14/06/23 16:01:15:209 UTC]  INFO startup.StartupTasksExecutor: Database upgraded to version: 4385
[14/06/23 16:01:15:209 UTC]  INFO startup.StartupTasksExecutor: Database upgraded to version: 4390
[14/06/23 16:01:15:210 UTC]  INFO startup.StartupTasksExecutor: Database upgraded to version: 5030
[14/06/23 16:01:15:211 UTC]  INFO startup.StartupTasksExecutor: Database upgraded to version: 5035
[14/06/23 16:01:15:212 UTC]  INFO startup.StartupTasksExecutor: Database upgraded to version: 5040
[14/06/23 16:01:15:212 UTC]  INFO startup.StartupTasksExecutor: Database upgraded to version: 5050
[14/06/23 16:01:15:213 UTC]  INFO startup.StartupTasksExecutor: Database upgraded to version: 5060
[14/06/23 16:01:15:214 UTC]  INFO startup.StartupTasksExecutor: Database upgraded to version: 5070
[14/06/23 16:01:15:215 UTC]  INFO startup.StartupTasksExecutor: Database upgraded to version: 5080
[14/06/23 16:01:15:215 UTC]  INFO startup.StartupTasksExecutor: Database upgraded to version: 5150
[14/06/23 16:01:15:216 UTC]  INFO startup.StartupTasksExecutor: Database upgraded to version: 5160
[14/06/23 16:01:15:216 UTC]  INFO startup.StartupTasksExecutor: Database upgraded to version: 5165
[14/06/23 16:01:15:217 UTC]  INFO startup.StartupTasksExecutor: Database upgraded to version: 5170
[14/06/23 16:01:15:217 UTC]  INFO startup.StartupTasksExecutor: Database upgraded to version: 5175
[14/06/23 16:01:15:218 UTC]  INFO startup.StartupTasksExecutor: Database upgraded to version: 5180
[14/06/23 16:01:15:219 UTC]  INFO startup.StartupTasksExecutor: Database upgraded to version: 5190
[14/06/23 16:01:15:220 UTC]  INFO startup.StartupTasksExecutor: Database upgraded to version: 5195
[14/06/23 16:01:15:221 UTC]  INFO startup.StartupTasksExecutor: Database upgraded to version: 5200
[14/06/23 16:01:15:222 UTC]  INFO startup.StartupTasksExecutor: Database upgraded to version: 5210
[14/06/23 16:01:15:222 UTC]  INFO startup.StartupTasksExecutor: Database upgraded to version: 5215
[14/06/23 16:01:15:223 UTC]  INFO startup.StartupTasksExecutor: Database upgraded to version: 5220
[14/06/23 16:01:15:223 UTC]  INFO startup.StartupTasksExecutor: Database upgraded to version: 5225
[14/06/23 16:01:15:224 UTC]  INFO startup.StartupTasksExecutor: Database upgraded to version: 5300
[14/06/23 16:01:15:224 UTC]  INFO startup.StartupTasksExecutor: Database upgraded to version: 5305
[14/06/23 16:01:15:225 UTC]  INFO startup.StartupTasksExecutor: Database upgraded to version: 5350
[14/06/23 16:01:15:225 UTC]  INFO startup.StartupTasksExecutor: Database upgraded to version: 5370
[14/06/23 16:01:15:226 UTC]  INFO startup.StartupTasksExecutor: Database upgraded to version: 5380
[14/06/23 16:01:15:227 UTC]  INFO startup.StartupTasksExecutor: Database upgraded to version: 5390
[14/06/23 16:01:15:227 UTC]  INFO startup.StartupTasksExecutor: Database upgraded to version: 5395
[14/06/23 16:01:15:228 UTC]  INFO startup.StartupTasksExecutor: Database upgraded to version: 201013
[14/06/23 16:01:15:228 UTC]  INFO startup.StartupTasksExecutor: Database upgraded to version: 201014
[14/06/23 16:01:15:229 UTC]  INFO startup.StartupTasksExecutor: Database upgraded to version: 201102
[14/06/23 16:01:15:230 UTC]  INFO startup.StartupTasksExecutor: Database upgraded to version: 210218
[14/06/23 16:01:15:230 UTC]  INFO startup.StartupTasksExecutor: Database upgraded to version: 210316
[14/06/23 16:01:15:231 UTC]  INFO startup.StartupTasksExecutor: Database upgraded to version: 210319
[14/06/23 16:01:15:231 UTC]  INFO startup.StartupTasksExecutor: Database upgraded to version: 210321
[14/06/23 16:01:15:232 UTC]  INFO startup.StartupTasksExecutor: Database upgraded to version: 210506
[14/06/23 16:01:15:232 UTC]  INFO startup.StartupTasksExecutor: Database upgraded to version: 210510
[14/06/23 16:01:15:233 UTC]  INFO startup.StartupTasksExecutor: Database upgraded to version: 210520
[14/06/23 16:01:15:233 UTC]  INFO startup.StartupTasksExecutor: Database upgraded to version: 210527
[14/06/23 16:01:15:233 UTC]  INFO startup.StartupTasksExecutor: Database upgraded to version: 210719
[14/06/23 16:01:15:234 UTC]  INFO startup.StartupTasksExecutor: Database upgraded to version: 210802
[14/06/23 16:01:15:234 UTC]  INFO startup.StartupTasksExecutor: Database upgraded to version: 210805
[14/06/23 16:01:15:237 UTC]  INFO startup.StartupTasksExecutor: Database upgraded to version: 210816
[14/06/23 16:01:15:238 UTC]  INFO startup.StartupTasksExecutor: Database upgraded to version: 210901
[14/06/23 16:01:15:238 UTC]  INFO startup.StartupTasksExecutor: Database upgraded to version: 211007
[14/06/23 16:01:15:239 UTC]  INFO startup.StartupTasksExecutor: Database upgraded to version: 211012
[14/06/23 16:01:15:240 UTC]  INFO startup.StartupTasksExecutor: Database upgraded to version: 211020
[14/06/23 16:01:15:240 UTC]  INFO startup.StartupTasksExecutor: Database upgraded to version: 211101
[14/06/23 16:01:15:241 UTC]  INFO startup.StartupTasksExecutor: Database upgraded to version: 211103
[14/06/23 16:01:15:241 UTC]  INFO startup.StartupTasksExecutor: Database upgraded to version: 220202
[14/06/23 16:01:15:242 UTC]  INFO startup.StartupTasksExecutor: Database upgraded to version: 220203
[14/06/23 16:01:15:243 UTC]  INFO startup.StartupTasksExecutor: Database upgraded to version: 220214
[14/06/23 16:01:15:243 UTC]  INFO startup.StartupTasksExecutor: Database upgraded to version: 220215
[14/06/23 16:01:15:244 UTC]  INFO startup.StartupTasksExecutor: Database upgraded to version: 220330
[14/06/23 16:01:15:245 UTC]  INFO startup.StartupTasksExecutor: Database upgraded to version: 220401
[14/06/23 16:01:15:247 UTC]  INFO startup.StartupTasksExecutor: Database upgraded to version: 220402
[14/06/23 16:01:15:248 UTC]  INFO startup.StartupTasksExecutor: Database upgraded to version: 220413
[14/06/23 16:01:15:248 UTC]  INFO startup.StartupTasksExecutor: Database upgraded to version: 220512
[14/06/23 16:01:15:249 UTC]  INFO startup.StartupTasksExecutor: Database upgraded to version: 220606
[14/06/23 16:01:15:249 UTC]  INFO startup.StartupTasksExecutor: Database upgraded to version: 220822
[14/06/23 16:01:15:250 UTC]  INFO startup.StartupTasksExecutor: Database upgraded to version: 220824
[14/06/23 16:01:15:251 UTC]  INFO startup.StartupTasksExecutor: Database upgraded to version: 220825
[14/06/23 16:01:15:251 UTC]  INFO startup.StartupTasksExecutor: Database upgraded to version: 220829
[14/06/23 16:01:15:253 UTC]  INFO startup.StartupTasksExecutor: Database upgraded to version: 220912
[14/06/23 16:01:15:254 UTC]  INFO startup.StartupTasksExecutor: Database upgraded to version: 220928
[14/06/23 16:01:15:254 UTC]  INFO startup.StartupTasksExecutor: Database upgraded to version: 221007
[14/06/23 16:01:15:255 UTC]  INFO startup.StartupTasksExecutor: Database upgraded to version: 221018
[14/06/23 16:01:15:256 UTC]  INFO startup.StartupTasksExecutor: Database upgraded to version: 230110
[14/06/23 16:01:15:257 UTC]  INFO startup.StartupTasksExecutor: Database upgraded to version: 230119
[14/06/23 16:01:15:257 UTC]  INFO startup.StartupTasksExecutor: Database upgraded to version: 230328
[14/06/23 16:01:15:258 UTC]  INFO startup.StartupTasksExecutor: Database upgraded to version: 230426
[14/06/23 16:01:15:258 UTC]  INFO startup.StartupTasksExecutor: Database upgraded to version: 230523
[14/06/23 16:01:15:259 UTC]  INFO reindex.ReindexThread: --- Unpausing reindex thread 
[14/06/23 16:01:15:259 UTC]  INFO startup.StartupTasksExecutor: Finishing upgrade tasks.
[14/06/23 16:01:15:259 UTC]  INFO startup.StartupTasksExecutor: Running Backported Tasks
[14/06/23 16:01:15:260 UTC]  INFO startup.StartupTasksExecutor: Finishing Backported tasks.
[14/06/23 16:01:15:273 UTC]  INFO util.Config: Setting property: CACHE_BINDPORT to 5701
[14/06/23 16:01:15:283 UTC]  INFO cluster.ClusterFactory: Cluster topography has changed. This might force a rewire
[14/06/23 16:01:15:283 UTC]  INFO cluster.ClusterFactory: Expecting Servers:[]
[14/06/23 16:01:15:304 UTC]  INFO cluster.ClusterFactory: Found Servers:[server={serverId=c00a165e-5dc5-4e08-af2c-007c3ef57273, clusterId=5a38b6fd7d, ipAddress=172.18.0.3, host=null, name=013b278aa732, esTransportTcpPort=null, esNetworkPort=null, esHttpPort=9200, cachePort=5701, lastHeartBeat=1686758475281, key=null, licenseSerial=1cfc7c95-9fe0-4dcb-abe7-c31b9f0517fd, startupTime=0}]
[14/06/23 16:01:15:305 UTC]  INFO cluster.ClusterFactory: Cluster Active. Rewiring
[14/06/23 16:01:15:307 UTC]  INFO business.ChainableCacheAdministratorImpl: ***	 Cluster Update
[14/06/23 16:01:15:307 UTC]  INFO transport.PubSubCacheTransport: initing PubSubCacheTransport
[14/06/23 16:01:15:310 UTC]  INFO dotpubsub.PostgresPubSubImpl: Starting PostgresPubSub. Have servers:1
[14/06/23 16:01:15:310 UTC]  INFO dotpubsub.PostgresPubSubImpl: PGNotificationListener connecting to pub/sub...
[14/06/23 16:01:16:005 UTC]  INFO dotpubsub.PostgresPubSubImpl:  - LISTEN dotcache_topic
[14/06/23 16:01:16:015 UTC]  INFO transport.PubSubCacheTransport: Sending PING to cluster 
[14/06/23 16:01:16:022 UTC]  INFO license.LicenseManager: Updating server c00a165e-5dc5-4e08-af2c-007c3ef57273 start time to 1686758430211
[14/06/23 16:01:16:024 UTC]  INFO servlet.MainServlet: SuppressPropertiesBeanIntrospector enabled for legacy Struts applications
[14/06/23 16:01:16:037 UTC]  INFO transport.CacheTransportTopic: Got PING from server:c00a165e5d. sending PONG
[14/06/23 16:01:16:039 UTC]  INFO transport.CacheTransportTopic: Got PONG from server:{"t":"PONG","top":"dotcache_topic","o":"c00a165e5d"}.
[14/06/23 16:01:16:213 UTC]  INFO config.DotInitializationService: Initializing DotCMS services
[14/06/23 16:01:16:214 UTC]  INFO config.DotInitializationService: Initializing :com.dotcms.api.system.event.SystemEventProcessorFactoryInitializer
[14/06/23 16:01:16:216 UTC]  INFO config.DotInitializationService: Initializing Done:com.dotcms.api.system.event.SystemEventProcessorFactoryInitializer, duration:0 seconds
[14/06/23 16:01:16:216 UTC]  INFO config.DotInitializationService: Initializing :com.dotcms.api.system.event.PayloadVerifierFactoryInitializer
[14/06/23 16:01:16:221 UTC]  INFO config.DotInitializationService: Initializing Done:com.dotcms.api.system.event.PayloadVerifierFactoryInitializer, duration:0 seconds
[14/06/23 16:01:16:221 UTC]  INFO config.DotInitializationService: Initializing :com.dotcms.system.event.local.business.LocalSystemEventSubscribersInitializer
[14/06/23 16:01:16:284 UTC]  INFO config.DotInitializationService: Initializing Done:com.dotcms.system.event.local.business.LocalSystemEventSubscribersInitializer, duration:0 seconds
[14/06/23 16:01:16:285 UTC]  INFO config.DotInitializationService: Initializing :com.dotmarketing.portlets.personas.business.PersonaAPIImpl
[14/06/23 16:01:16:288 UTC]  INFO config.DotInitializationService: Initializing Done:com.dotmarketing.portlets.personas.business.PersonaAPIImpl, duration:0 seconds
[14/06/23 16:01:16:288 UTC]  INFO config.DotInitializationService: Initializing :com.dotcms.rendering.velocity.events.ExceptionHandlersInitializer
[14/06/23 16:01:16:291 UTC]  INFO config.DotInitializationService: Initializing Done:com.dotcms.rendering.velocity.events.ExceptionHandlersInitializer, duration:0 seconds
[14/06/23 16:01:16:292 UTC]  INFO config.DotInitializationService: Initializing :com.dotcms.publishing.PublisherAPIImpl
[14/06/23 16:01:16:293 UTC]  INFO publishing.PublisherAPIImpl: Push Publishing Filters directory does not exist. Creating it under: /data/shared/assets/server/publishing-filters
[14/06/23 16:01:16:295 UTC]  INFO publishing.PublisherAPIImpl: dotcms filters files copied
[14/06/23 16:01:16:296 UTC]  INFO publishing.PublisherAPIImpl: Push Publishing Filters Directory: Lazy(/data/shared/assets/server/publishing-filters)
[14/06/23 16:01:16:297 UTC]  INFO publishing.PublisherAPIImpl: Loading Push Publish Filter: ShallowPush.yml
[14/06/23 16:01:16:371 UTC]  INFO publishing.PublisherAPIImpl: FilterDescriptor{key=ShallowPush.yml, title=Only Selected Items, sort=5, default=false, roles=DOTCMS_BACK_END_USER, filters{{excludeQuery=, excludeClasses=[], dependencies=false, excludeDependencyQuery=, excludeDependencyClasses=[], forcePush=false, relationships=false}}}
[14/06/23 16:01:16:373 UTC]  INFO publishing.PublisherAPIImpl: Loading Push Publish Filter: Intelligent.yml
[14/06/23 16:01:16:375 UTC]  INFO publishing.PublisherAPIImpl: FilterDescriptor{key=Intelligent.yml, title=Everything and Dependencies, sort=3, default=true, roles=DOTCMS_BACK_END_USER, filters{{excludeQuery=, excludeClasses=[], dependencies=true, excludeDependencyQuery=, excludeDependencyClasses=[], forcePush=false, relationships=true}}}
[14/06/23 16:01:16:376 UTC]  INFO publishing.PublisherAPIImpl: Loading Push Publish Filter: ForcePush.yml
[14/06/23 16:01:16:377 UTC]  INFO publishing.PublisherAPIImpl: FilterDescriptor{key=ForcePush.yml, title=Force Push Everything, sort=4, default=false, roles=DOTCMS_BACK_END_USER, filters{{excludeQuery=, excludeClasses=[], dependencies=true, excludeDependencyQuery=, excludeDependencyClasses=[], forcePush=true, relationships=true}}}
[14/06/23 16:01:16:378 UTC]  INFO publishing.PublisherAPIImpl: Loading Push Publish Filter: ContentOnly.yml
[14/06/23 16:01:16:381 UTC]  INFO publishing.PublisherAPIImpl: FilterDescriptor{key=ContentOnly.yml, title=Content and Relationships, sort=1, default=false, roles=DOTCMS_BACK_END_USER, filters{{excludeQuery=, excludeClasses=[ContentType, Template, Containers, Folder, Host, Links, Workflow, Language, Rule, User, OSGI], dependencies=true, excludeDependencyQuery=, excludeDependencyClasses=[ContentType, Template, Containers, Folder, Host, Links, Workflow, Language, Rule], forcePush=false, relationships=true}}}
[14/06/23 16:01:16:381 UTC]  INFO publishing.PublisherAPIImpl: Loading Push Publish Filter: WebContentOnly.yml
[14/06/23 16:01:16:383 UTC]  INFO publishing.PublisherAPIImpl: FilterDescriptor{key=WebContentOnly.yml, title=Content, Assets and Pages, sort=2, default=false, roles=DOTCMS_BACK_END_USER, filters{{excludeQuery=, excludeClasses=[Host, Workflow, ContentType, User, OSGI, Language], dependencies=true, excludeDependencyQuery=, excludeDependencyClasses=[Host, Workflow, ContentType, Language], forcePush=false, relationships=true}}}
[14/06/23 16:01:16:383 UTC]  INFO config.DotInitializationService: Initializing Done:com.dotcms.publishing.PublisherAPIImpl, duration:0 seconds
[14/06/23 16:01:16:384 UTC]  INFO config.DotInitializationService: Initializing :com.dotmarketing.portlets.containers.business.ContainerAPIImpl
[14/06/23 16:01:16:386 UTC]  INFO config.DotInitializationService: Initializing Done:com.dotmarketing.portlets.containers.business.ContainerAPIImpl, duration:0 seconds
[14/06/23 16:01:16:386 UTC]  INFO config.DotInitializationService: Initializing :com.dotmarketing.business.ThemeAPIImpl
[14/06/23 16:01:16:388 UTC]  INFO config.DotInitializationService: Initializing Done:com.dotmarketing.business.ThemeAPIImpl, duration:0 seconds
[14/06/23 16:01:16:389 UTC]  INFO config.DotInitializationService: Initializing :com.dotmarketing.portlets.templates.business.TemplateAPIImpl
[14/06/23 16:01:16:391 UTC]  INFO config.DotInitializationService: Initializing Done:com.dotmarketing.portlets.templates.business.TemplateAPIImpl, duration:0 seconds
[14/06/23 16:01:16:391 UTC]  INFO config.DotInitializationService: Initializing :com.dotcms.contenttype.business.ContentTypeInitializer
[14/06/23 16:01:16:414 UTC]  INFO util.ActivityLogger: class com.dotcms.contenttype.business.ContentTypeAPIImpl: system : Save ContentType Action , User system/system user system user added ContentType Dot Favorite Page to host id:SYSTEM_HOST
[14/06/23 16:01:16:414 UTC]  INFO business.ContentTypeAPIImpl: UserId : system : ContentType : ContentType saved : Dot Favorite Page
[14/06/23 16:01:16:415 UTC]  INFO util.AdminLogger: UserId : system : class com.dotcms.contenttype.business.ContentTypeAPIImpl : ContentType : ContentType saved : Dot Favorite Page
[14/06/23 16:01:16:416 UTC]  INFO reindex.ReindexThread: --- Unpausing reindex thread 
[14/06/23 16:01:21:501 UTC]  INFO concurrent.Debouncer: Debouncing : invalidateGraphSchema after 5000 MILLISECONDS
[14/06/23 16:01:22:506 UTC]  INFO business.WorkflowAPIImpl: Saving Schemas [ d61a59e1-a49c-46f2-a929-db2b4bfa88b2 ] for Content type 'ce930143870e11569f93f8a9fff5da19'
[14/06/23 16:01:22:507 UTC]  INFO util.SecurityLogger: class com.dotmarketing.portlets.workflows.business.WorkflowAPIImpl : Saving Schemas [ d61a59e1-a49c-46f2-a929-db2b4bfa88b2 ] for Content type 'ce930143870e11569f93f8a9fff5da19' -- ip:ukn,user:null
[14/06/23 16:01:25:533 UTC]  INFO config.DotInitializationService: Initializing Done:com.dotcms.contenttype.business.ContentTypeInitializer, duration:9 seconds
[14/06/23 16:01:25:533 UTC]  INFO config.DotInitializationService: Initializing :com.dotcms.variant.business.DefaultVariantInitializer
[14/06/23 16:01:28:546 UTC]  INFO config.DotInitializationService: Initializing Done:com.dotcms.variant.business.DefaultVariantInitializer, duration:3 seconds
[14/06/23 16:01:28:546 UTC]  INFO startup.StartupTasksExecutor: ---
[14/06/23 16:01:28:546 UTC]  INFO startup.StartupTasksExecutor: 
[14/06/23 16:01:28:546 UTC]  INFO startup.StartupTasksExecutor: Running Data Upgrade Tasks
[14/06/23 16:01:28:546 UTC]  INFO startup.StartupTasksExecutor: Database data version: 0
[14/06/23 16:01:28:548 UTC]  INFO startup.StartupTasksExecutor: Data upgraded to version: 230320
[14/06/23 16:01:28:548 UTC]  INFO startup.StartupTasksExecutor: Finishing data upgrade tasks.
[14/06/23 16:01:28:572 UTC]  INFO servlets.StartupLogger: InitServlet: Setting Default Timezone: Coordinated Universal Time
[14/06/23 16:01:28:572 UTC]  INFO servlets.StartupLogger: 
[14/06/23 16:01:28:572 UTC]  INFO servlets.StartupLogger:    Initializing dotCMS
[14/06/23 16:01:28:575 UTC]  INFO servlets.StartupLogger:    Using database: PostgreSQL
[14/06/23 16:01:28:575 UTC]  INFO servlets.StartupLogger:    Using dialect : com.dotcms.repackage.net.sf.hibernate.dialect.PostgreSQLDialect
[14/06/23 16:01:28:575 UTC]  INFO servlets.StartupLogger:    Company Name  : dotcms.org
[14/06/23 16:01:28:575 UTC]  INFO servlets.StartupLogger: 
[14/06/23 16:01:28:576 UTC]  INFO servlets.StartupLogger:    License       : PLATFORM EDITION
[14/06/23 16:01:28:576 UTC]  INFO servlets.StartupLogger:    Licensed to   : dotCMS Internal
[14/06/23 16:01:28:576 UTC]  INFO servlets.StartupLogger:    Server id     : c00a165e
[14/06/23 16:01:28:576 UTC]  INFO servlets.StartupLogger:    License id    : 1cfc7c95
[14/06/23 16:01:28:576 UTC]  INFO servlets.StartupLogger:    Expires       : Thu, 20 Aug 2099 04:00 AM
[14/06/23 16:01:28:576 UTC]  INFO servlets.StartupLogger: 
[14/06/23 16:01:28:577 UTC]  INFO servlets.InitServlet: 
[14/06/23 16:01:28:577 UTC]  INFO servlets.InitServlet: 
[14/06/23 16:01:28:615 UTC]  INFO business.VanityUrlAPIImpl: Populating 0 Vanity URLs for Site default
[14/06/23 16:01:28:618 UTC]  INFO business.VanityUrlAPIImpl: Populating 0 Vanity URLs for Site System Host
[14/06/23 16:01:28:620 UTC]  INFO business.VanityUrlAPIImpl: Populating 0 Vanity URLs for Site System Host
[14/06/23 16:01:28:682 UTC]  INFO impl.StdSchedulerFactory: Using default implementation for ThreadExecutor
[14/06/23 16:01:28:685 UTC]  INFO simpl.SimpleThreadPool: Job execution threads will use class loader of thread: main
[14/06/23 16:01:28:708 UTC]  INFO core.SchedulerSignalerImpl: Initialized Scheduler Signaller of type: class org.quartz.core.SchedulerSignalerImpl
[14/06/23 16:01:28:713 UTC]  INFO core.QuartzScheduler: Quartz Scheduler v.1.8.6 created.
[14/06/23 16:01:28:719 UTC]  INFO quartz.DotJobStore: Using db table-based data access locking (synchronization).
[14/06/23 16:01:28:724 UTC]  INFO quartz.DotJobStore: JobStoreCMT initialized.
[14/06/23 16:01:28:726 UTC]  INFO core.QuartzScheduler: Scheduler meta-data: Quartz Scheduler (v1.8.6) 'dotCMSQuartz' with instanceId 'NON_CLUSTERED'
  Scheduler class: 'org.quartz.core.QuartzScheduler' - running locally.
  NOT STARTED.
  Currently in standby mode.
  Number of jobs executed: 0
  Using thread pool 'org.quartz.simpl.SimpleThreadPool' - with 10 threads.
  Using job-store 'com.dotmarketing.quartz.DotJobStore' - which supports persistence. and is clustered.

[14/06/23 16:01:28:726 UTC]  INFO impl.StdSchedulerFactory: Quartz scheduler 'dotCMSQuartz' initialized from an externally provided properties instance.
[14/06/23 16:01:28:726 UTC]  INFO impl.StdSchedulerFactory: Quartz scheduler version: 1.8.6
[14/06/23 16:01:28:728 UTC]  INFO init.DotInitScheduler: Automatic Content Reindexation Cron Thread schedule disabled on this server
[14/06/23 16:01:28:728 UTC]  INFO init.DotInitScheduler: Deleting ContentReindexerJob Job
[14/06/23 16:01:28:736 UTC]  INFO init.DotInitScheduler: Users To Delete Cron Thread schedule disabled on this server
[14/06/23 16:01:28:736 UTC]  INFO init.DotInitScheduler: Deleting UsersToDeleteJob Job
[14/06/23 16:01:28:797 UTC]  INFO init.DotInitScheduler: LinkCheckerJob Cron Job schedule disabled on this server
[14/06/23 16:01:28:873 UTC]  INFO job.AccessTokenRenewJob$AccessTokensRenewJobScheduler: Stateful AnalyticsAccessTokenRenewJob (trigger31:group31) job was schedule to run at Wed Jun 14 16:02:00 UTC 2023
[14/06/23 16:01:28:903 UTC]  INFO core.QuartzScheduler: Scheduler dotCMSQuartz_$_NON_CLUSTERED started.
[14/06/23 16:01:28:980 UTC]  INFO runtime.ConcurrentParserPoolImpl: Initializing Velocity Parser Pool - min: 20 max:100 @ main
[14/06/23 16:01:29:103 UTC]  INFO servlets.InitServlet: Starting System OSGi Framework
[14/06/23 16:01:29:109 UTC]  INFO reindex.ReindexThread: --- Unpausing reindex thread 
[14/06/23 16:01:29:111 UTC]  INFO servlets.InitServlet: Starting Client OSGi Framework
[14/06/23 16:01:29:117 UTC]  INFO servlets.BinaryExporterServlet: Exporter "Content Image Fields Resizer" registered for path /resize-image
[14/06/23 16:01:29:120 UTC]  INFO servlets.BinaryExporterServlet: Exporter "Export Field Content" registered for path /raw-data
[14/06/23 16:01:29:122 UTC]  INFO servlets.BinaryExporterServlet: Exporter "Image Filter Exporter" registered for path /image
[14/06/23 16:01:29:124 UTC]  INFO dotpubsub.PostgresPubSubImpl: Starting PostgresPubSub. Have servers:1
[14/06/23 16:01:29:124 UTC]  INFO dotpubsub.PostgresPubSubImpl: PGNotificationListener already connected. Returning
[14/06/23 16:01:29:125 UTC]  INFO servlets.BinaryExporterServlet: Exporter "Image Thumbnail Field Exporter" registered for path /image-thumbnail
[14/06/23 16:01:29:128 UTC]  INFO dotpubsub.PostgresPubSubImpl:  - LISTEN dotcache_topic
[14/06/23 16:01:29:130 UTC]  INFO dotpubsub.PostgresPubSubImpl:  - LISTEN osgi_restart_topic
[14/06/23 16:01:29:132 UTC]  INFO framework.OSGIUtil: Felix base dir: /srv/dotserver/tomcat-9.0.60/webapps/ROOT/WEB-INF/felix
[14/06/23 16:01:29:135 UTC]  INFO framework.OSGIUtil: Found property  felix.auto.deploy.action=install,start
[14/06/23 16:01:29:137 UTC]  INFO framework.OSGIUtil: Found property  felix.fileinstall.log.level=3
[14/06/23 16:01:29:138 UTC]  INFO framework.OSGIUtil: Found property  felix.org.osgi.framework.startlevel.beginning=2
[14/06/23 16:01:29:139 UTC]  INFO framework.OSGIUtil: Found property  felix.org.osgi.framework.storage.clean=onFirstInit
[14/06/23 16:01:29:139 UTC]  INFO framework.OSGIUtil: Found property  felix.log.level=3
[14/06/23 16:01:29:139 UTC]  INFO framework.OSGIUtil: Found property  felix.cache.locking=false
[14/06/23 16:01:29:141 UTC]  INFO framework.OSGIUtil: Found property  felix.fileinstall.dir=/data/shared/felix/load
[14/06/23 16:01:29:143 UTC]  INFO framework.OSGIUtil: Found property  felix.upload.dir=/data/shared/felix/upload
[14/06/23 16:01:29:143 UTC]  INFO framework.OSGIUtil: Found property  felix.undeployed.dir=/data/shared/felix/undeployed
[14/06/23 16:01:29:145 UTC]  INFO framework.OSGIUtil: Building Directory:/srv/dotserver/tomcat-9.0.60/webapps/ROOT/WEB-INF/felix
[14/06/23 16:01:29:146 UTC]  INFO framework.OSGIUtil: Building Directory:/data/shared/felix/upload
[14/06/23 16:01:29:148 UTC]  INFO framework.OSGIUtil: Building Directory:/data/shared/felix/load
[14/06/23 16:01:29:149 UTC]  INFO framework.OSGIUtil: Building Directory:/data/shared/felix/undeployed
[14/06/23 16:01:29:150 UTC]  INFO framework.OSGIUtil: Building Directory:/srv/dotserver/tomcat-9.0.60/webapps/ROOT/WEB-INF/felix/bundle
[14/06/23 16:01:29:150 UTC]  INFO framework.OSGIUtil: Building Directory:/srv/dotserver/tomcat-9.0.60/webapps/ROOT/WEB-INF/felix/felix-cache
[14/06/23 16:01:29:160 UTC]  INFO framework.OSGIUtil: Starting the osgi reload on folder: /data/shared/felix/upload
[14/06/23 16:01:29:178 UTC]  INFO framework.OSGIUtil: Loading Factory org.apache.felix.framework.FrameworkFactory
[14/06/23 16:01:29:507 UTC]  INFO apps.SecretsKeyStoreHelper: KeyStore loaded successfully after `1` tries.
[14/06/23 16:01:29:531 UTC]  INFO framework.OSGIUtil: osgi felix framework started
[14/06/23 16:01:29:560 UTC]  INFO apps.SecretsKeyStoreHelper: KeyStore loaded successfully after `1` tries.
[14/06/23 16:01:29:586 UTC]  WARN struts.MultiMessageResources: Duplicate resource property definition (key=was ==> is now): contenttypes.content.copy=Copy ==> Copy
[14/06/23 16:01:29:587 UTC]  WARN struts.MultiMessageResources: Duplicate resource property definition (key=was ==> is now): message.category.import=Importing Categories.  This operation cannot be cancelled or undone. ==> IMPORT
[14/06/23 16:01:29:587 UTC]  WARN struts.MultiMessageResources: Duplicate resource property definition (key=was ==> is now): message.containers.create.content_type_code=Content Type Code ==> Content Type Code
[14/06/23 16:01:29:589 UTC]  WARN struts.MultiMessageResources: Duplicate resource property definition (key=was ==> is now): Save=Save ==> Save
[14/06/23 16:01:29:591 UTC]  WARN struts.MultiMessageResources: Duplicate resource property definition (key=was ==> is now): Move=Move ==> Move
[14/06/23 16:01:29:592 UTC]  WARN struts.MultiMessageResources: Duplicate resource property definition (key=was ==> is now): archived=archived ==> Archived
[14/06/23 16:01:29:656 UTC]  INFO saml.DotSamlProxyFactory: SAML Osgi Bundle has been started
[14/06/23 16:01:29:660 UTC]  WARN impl.SamlConfigurationServiceImpl: The /data/shared/assets/saml/dotcms-saml-default.properties does not exists or can not read
[14/06/23 16:01:29:815 UTC]  INFO apps.SecretsKeyStoreHelper: KeyStore loaded successfully after `1` tries.
[14/06/23 16:01:29:887 UTC]  INFO util.GeoIp2CityDbUtil: Connecting to GeoIP2 database:/srv/dotserver/tomcat-9.0.60/webapps/ROOT/WEB-INF/geoip2/GeoLite2-City.mmdb
[14/06/23 16:01:29:947 UTC]  WARN rules.RulesAPIImpl: Actionlet with name 'CountRulesActionlet' already registered.
[14/06/23 16:01:29:949 UTC]  WARN rules.RulesAPIImpl: Actionlet with name 'SetSessionAttributeActionlet' already registered.
[14/06/23 16:01:29:950 UTC]  WARN rules.RulesAPIImpl: Actionlet with name 'SetRequestAttributeActionlet' already registered.
[14/06/23 16:01:29:950 UTC]  WARN rules.RulesAPIImpl: Actionlet with name 'SetResponseHeaderActionlet' already registered.
[14/06/23 16:01:29:951 UTC]  WARN rules.RulesAPIImpl: Actionlet with name 'PersonaActionlet' already registered.
[14/06/23 16:01:29:952 UTC]  WARN rules.RulesAPIImpl: Actionlet with name 'VisitorTagsActionlet' already registered.
[14/06/23 16:01:29:953 UTC]  WARN rules.RulesAPIImpl: Actionlet with name 'SendRedirectActionlet' already registered.
[14/06/23 16:01:29:954 UTC]  WARN rules.RulesAPIImpl: Actionlet with name 'StopProcessingActionlet' already registered.
[14/06/23 16:01:30:221 UTC]  WARN rest.WebResource: InitDataObject Error: uri:/api/v1/publishqueue err:Invalid User
[14/06/23 16:01:30:221 UTC]  WARN rest.WebResource: Invalid User
[14/06/23 16:01:30:221 UTC]  WARN rest.WebResource: com.dotcms.rest.WebResource.authenticate(WebResource.java:522)
[14/06/23 16:01:34:129 UTC]  INFO util.SecurityLogger: class com.dotmarketing.cms.login.factories.LoginFactory : User (dotcms.org.1) password was re-hashed 600000 times -- ip:172.19.0.1,user:null
[14/06/23 16:01:37:595 UTC]  INFO util.SecurityLogger: class com.dotcms.cms.login.LoginServiceAPIFactory$LoginServiceImpl : User dotcms.org.1 has successfully login from IP: 172.19.0.1 -- ip:172.19.0.1,user:Admin User [ID: dotcms.org.1][email:admin@dotcms.com]
[14/06/23 16:01:42:814 UTC]  INFO util.SecurityLogger: class com.dotcms.cms.login.LoginServiceAPIFactory$LoginServiceImpl : User dotcms.org.1 has successfully login from IP: 172.19.0.1 -- ip:172.19.0.1,user:Admin User [ID: dotcms.org.1][email:admin@dotcms.com]
[14/06/23 16:01:42:818 UTC]  INFO util.Config: Setting property: USE_JWT_TOKEN_IN_PUSH_PUBLISH to false
[14/06/23 16:01:46:002 UTC]  INFO util.SecurityLogger: class com.dotmarketing.cms.login.factories.LoginFactory : User admin@dotcms.com has sucessfully logged in from IP: 172.19.0.1 -- ip:172.19.0.1,user:Admin User [ID: dotcms.org.1][email:admin@dotcms.com]
[14/06/23 16:01:46:028 UTC]  WARN business.PermissionCacheImpl:  !!! Putting an empty list of permissions in the cache for asset:a180bfac-3fe9-4c46-b595-2f409da3934d. Every asset should have at least 1 permission (or inherited permission) associated with it
[14/06/23 16:01:52:119 UTC]  INFO util.SecurityLogger: class com.dotmarketing.cms.login.factories.LoginFactory : User admin@dotcms.com has sucessfully logged in from IP: 172.19.0.1 -- ip:172.19.0.1,user:Admin User [ID: dotcms.org.1][email:admin@dotcms.com]
[14/06/23 16:01:55:146 UTC]  INFO ajax.PublishingEndpointAjaxAction: receiver ; e2da494a-aaa4-4cd4-bccb-e7cf4f5824c2
[14/06/23 16:01:58:238 UTC]  INFO util.SecurityLogger: class com.dotmarketing.cms.login.factories.LoginFactory : User admin@dotcms.com has sucessfully logged in from IP: 172.19.0.1 -- ip:172.19.0.1,user:Admin User [ID: dotcms.org.1][email:admin@dotcms.com]
[14/06/23 16:02:00:087 UTC]  INFO apps.SecretsKeyStoreHelper: KeyStore loaded successfully after `1` tries.
[14/06/23 16:02:00:129 UTC]  INFO apps.SecretsKeyStoreHelper: KeyStore loaded successfully after `1` tries.
[14/06/23 16:02:00:199 UTC]  INFO timedcache.TimedCacheProvider: ***	 Building Cache : esquerycache, size:10000, seconds:3600,Concurrency:32 (every 60000 millis)
[14/06/23 16:02:01:246 UTC]  INFO ajax.PublishingEndpointAjaxAction: receiver ; e3733720-d111-464b-a15b-e032baeb0e19
[14/06/23 16:02:03:423 UTC]  INFO reindex.ReindexThread: --- ReindexThread Paused (every 3600000 millis)
[14/06/23 16:02:04:353 UTC]  INFO util.SecurityLogger: class com.dotmarketing.cms.login.factories.LoginFactory : User admin@dotcms.com has sucessfully logged in from IP: 172.19.0.1 -- ip:172.19.0.1,user:Admin User [ID: dotcms.org.1][email:admin@dotcms.com]
[14/06/23 16:02:04:399 UTC]  INFO util.PushPublishLogger: class com.dotcms.publisher.business.PublishAuditStatus : Status Update: Pending.
[14/06/23 16:02:04:531 UTC]  INFO rest.PushPublisherJob: Started bundle publish process
[14/06/23 16:02:04:531 UTC]  INFO util.PushPublishLogger: class com.dotcms.rest.PushPublisherJob : [BundleID: content_type_and_content_demo.tar.gz] Started bundle publish process
[14/06/23 16:02:04:830 UTC]  INFO util.ActivityLogger: class com.dotcms.content.elasticsearch.business.ESContentletAPIImpl: System Host : Saving Content , StartDate: N/D; EndDate: N/D; User:system; ContentIdentifier: 48190c8c-42c4-46af-8d1a-0cd5db894797
[14/06/23 16:02:04:842 UTC]  INFO business.IdentifierAPIImpl: Creating new identifier for versionable asset of type `content` and title `demo.dotcms.com` 
[14/06/23 16:02:04:935 UTC]  INFO business.ContentletIndexAPIImpl: Indexing: 48190c8c-42c4-46af-8d1a-0cd5db894797 : demo.dotcms.com, includeDependencies: true, policy: FORCE
[14/06/23 16:02:04:988 UTC]  INFO util.ActivityLogger: class com.dotcms.content.elasticsearch.business.ESContentletAPIImpl: System Host : Content Saved , StartDate: N/D; EndDate: N/D; User:system; ContentIdentifier: 48190c8c-42c4-46af-8d1a-0cd5db894797
[14/06/23 16:02:05:021 UTC]  INFO business.ContentletIndexAPIImpl: Indexing: 48190c8c-42c4-46af-8d1a-0cd5db894797 : demo.dotcms.com, includeDependencies: false, policy: FORCE
[14/06/23 16:02:05:023 UTC]  INFO util.PushPublishLogger: class com.dotcms.enterprise.publishing.remote.handler.ContentHandler : [BundleID: content_type_and_content_demo.tar.gz] Host publish success, ID: 48190c8c-42c4-46af-8d1a-0cd5db894797, Inode: 6e8aca39-937c-437e-91d8-d46b631bdcc8, Name: demo.dotcms.com
[14/06/23 16:02:05:096 UTC]  INFO util.ActivityLogger: class com.dotcms.content.elasticsearch.business.ESContentletAPIImpl: System Host : Locking Content , StartDate: N/D; EndDate: N/D; User:system; ContentIdentifier: 8a7d5e23-da1e-420a-b4f0-471e7da8ea2d
[14/06/23 16:02:05:112 UTC]  INFO business.ContentletIndexAPIImpl: Indexing: 8a7d5e23-da1e-420a-b4f0-471e7da8ea2d : default, includeDependencies: false, policy: FORCE
[14/06/23 16:02:05:112 UTC]  INFO util.ActivityLogger: class com.dotcms.content.elasticsearch.business.ESContentletAPIImpl: System Host : Content Locked , StartDate: N/D; EndDate: N/D; User:system; ContentIdentifier: 8a7d5e23-da1e-420a-b4f0-471e7da8ea2d
[14/06/23 16:02:05:122 UTC]  INFO util.ActivityLogger: class com.dotcms.content.elasticsearch.business.ESContentletAPIImpl: System Host : Saving Content , StartDate: N/D; EndDate: N/D; User:system; ContentIdentifier: 8a7d5e23-da1e-420a-b4f0-471e7da8ea2d
[14/06/23 16:02:05:209 UTC]  INFO business.ContentletIndexAPIImpl: Indexing: 8a7d5e23-da1e-420a-b4f0-471e7da8ea2d : default, includeDependencies: true, policy: FORCE
[14/06/23 16:02:05:238 UTC]  INFO util.ActivityLogger: class com.dotcms.content.elasticsearch.business.ESContentletAPIImpl: System Host : Content Saved , StartDate: N/D; EndDate: N/D; User:system; ContentIdentifier: 8a7d5e23-da1e-420a-b4f0-471e7da8ea2d
[14/06/23 16:02:05:241 UTC]  INFO util.ActivityLogger: class com.dotcms.content.elasticsearch.business.ESContentletAPIImpl: System Host : Publishing Content , StartDate: N/D; EndDate: N/D; User:system; ContentIdentifier: 8a7d5e23-da1e-420a-b4f0-471e7da8ea2d
[14/06/23 16:02:05:245 UTC]  INFO business.ContentletIndexAPIImpl: Indexing: 8a7d5e23-da1e-420a-b4f0-471e7da8ea2d : default, includeDependencies: true, policy: FORCE
[14/06/23 16:02:05:278 UTC]  INFO util.ActivityLogger: class com.dotcms.content.elasticsearch.business.ESContentletAPIImpl: System Host : Content Published , StartDate: N/D; EndDate: N/D; User:system; ContentIdentifier: 8a7d5e23-da1e-420a-b4f0-471e7da8ea2d
[14/06/23 16:02:05:286 UTC]  INFO util.ActivityLogger: class com.dotcms.content.elasticsearch.business.ESContentletAPIImpl: System Host : Publishing Content , StartDate: N/D; EndDate: N/D; User:system; ContentIdentifier: 48190c8c-42c4-46af-8d1a-0cd5db894797
[14/06/23 16:02:05:289 UTC]  INFO business.ContentletIndexAPIImpl: Indexing: 48190c8c-42c4-46af-8d1a-0cd5db894797 : demo.dotcms.com, includeDependencies: true, policy: FORCE
[14/06/23 16:02:05:319 UTC]  INFO util.ActivityLogger: class com.dotcms.content.elasticsearch.business.ESContentletAPIImpl: System Host : Content Published , StartDate: N/D; EndDate: N/D; User:system; ContentIdentifier: 48190c8c-42c4-46af-8d1a-0cd5db894797
[14/06/23 16:02:05:324 UTC]  INFO business.ContentletIndexAPIImpl: Indexing: 48190c8c-42c4-46af-8d1a-0cd5db894797 : demo.dotcms.com, includeDependencies: true, policy: FORCE
[14/06/23 16:02:05:393 UTC]  INFO util.SecurityLogger: class com.dotmarketing.portlets.workflows.business.WorkflowAPIImpl : Workflow Scheme 'System Workflow' [d61a59e1-a49c-46f2-a929-db2b4bfa88b2] has been saved by User ID 'system' -- ip:172.19.0.1,user:Admin User [ID: dotcms.org.1][email:admin@dotcms.com]
[14/06/23 16:02:05:405 UTC]  INFO util.SecurityLogger: class com.dotmarketing.portlets.workflows.business.WorkflowAPIImpl : Workflow Step 'New' [6cb7e3bd-1710-4eed-8838-d3db60f78f19] has been saved by User ID 'system' -- ip:172.19.0.1,user:Admin User [ID: dotcms.org.1][email:admin@dotcms.com]
[14/06/23 16:02:05:409 UTC]  INFO util.SecurityLogger: class com.dotmarketing.portlets.workflows.business.WorkflowAPIImpl : Workflow Step 'Draft' [ee24a4cb-2d15-4c98-b1bd-6327126451f3] has been saved by User ID 'system' -- ip:172.19.0.1,user:Admin User [ID: dotcms.org.1][email:admin@dotcms.com]
[14/06/23 16:02:05:417 UTC]  INFO util.SecurityLogger: class com.dotmarketing.portlets.workflows.business.WorkflowAPIImpl : Workflow Step 'Published' [dc3c9cd0-8467-404b-bf95-cb7df3fbc293] has been saved by User ID 'system' -- ip:172.19.0.1,user:Admin User [ID: dotcms.org.1][email:admin@dotcms.com]
[14/06/23 16:02:05:421 UTC]  INFO util.SecurityLogger: class com.dotmarketing.portlets.workflows.business.WorkflowAPIImpl : Workflow Step 'Archived' [d6b095b6-b65f-4bdb-bbfd-701d663dfee2] has been saved by User ID 'system' -- ip:172.19.0.1,user:Admin User [ID: dotcms.org.1][email:admin@dotcms.com]
[14/06/23 16:02:05:439 UTC]  INFO util.SecurityLogger: class com.dotmarketing.portlets.workflows.business.WorkflowAPIImpl : Action id: '4da13a42-5d59-480c-ad8f-94a3adf809fe' has been reordered by user: system -- ip:172.19.0.1,user:Admin User [ID: dotcms.org.1][email:admin@dotcms.com]
[14/06/23 16:02:05:442 UTC]  WARN business.PermissionCacheImpl:  !!! Putting an empty list of permissions in the cache for asset:4da13a42-5d59-480c-ad8f-94a3adf809fe. Every asset should have at least 1 permission (or inherited permission) associated with it
[14/06/23 16:02:05:456 UTC]  INFO util.SecurityLogger: class com.dotmarketing.portlets.workflows.business.WorkflowAPIImpl : Action id: '963f6a04-5320-42e7-ab74-6d876d199946' has been reordered by user: system -- ip:172.19.0.1,user:Admin User [ID: dotcms.org.1][email:admin@dotcms.com]
[14/06/23 16:02:05:459 UTC]  WARN business.PermissionCacheImpl:  !!! Putting an empty list of permissions in the cache for asset:963f6a04-5320-42e7-ab74-6d876d199946. Every asset should have at least 1 permission (or inherited permission) associated with it
[14/06/23 16:02:05:468 UTC]  INFO util.SecurityLogger: class com.dotmarketing.portlets.workflows.business.WorkflowAPIImpl : Action id: '777f1c6b-c877-4a37-ba4b-10627316c2cc' has been reordered by user: system -- ip:172.19.0.1,user:Admin User [ID: dotcms.org.1][email:admin@dotcms.com]
[14/06/23 16:02:05:470 UTC]  WARN business.PermissionCacheImpl:  !!! Putting an empty list of permissions in the cache for asset:777f1c6b-c877-4a37-ba4b-10627316c2cc. Every asset should have at least 1 permission (or inherited permission) associated with it
[14/06/23 16:02:05:479 UTC]  INFO util.SecurityLogger: class com.dotmarketing.portlets.workflows.business.WorkflowAPIImpl : Action id: '1e0f1c6b-b67f-4c99-983d-db2b4bfa88b2' has been reordered by user: system -- ip:172.19.0.1,user:Admin User [ID: dotcms.org.1][email:admin@dotcms.com]
[14/06/23 16:02:05:482 UTC]  WARN business.PermissionCacheImpl:  !!! Putting an empty list of permissions in the cache for asset:1e0f1c6b-b67f-4c99-983d-db2b4bfa88b2. Every asset should have at least 1 permission (or inherited permission) associated with it
[14/06/23 16:02:05:497 UTC]  INFO util.SecurityLogger: class com.dotmarketing.portlets.workflows.business.WorkflowAPIImpl : Action id: 'b9d89c80-3d88-4311-8365-187323c96436' has been reordered by user: system -- ip:172.19.0.1,user:Admin User [ID: dotcms.org.1][email:admin@dotcms.com]
[14/06/23 16:02:05:501 UTC]  WARN business.PermissionCacheImpl:  !!! Putting an empty list of permissions in the cache for asset:b9d89c80-3d88-4311-8365-187323c96436. Every asset should have at least 1 permission (or inherited permission) associated with it
[14/06/23 16:02:05:509 UTC]  INFO util.SecurityLogger: class com.dotmarketing.portlets.workflows.business.WorkflowAPIImpl : Action id: 'ceca71a0-deee-4999-bd47-b01baa1bcfc8' has been reordered by user: system -- ip:172.19.0.1,user:Admin User [ID: dotcms.org.1][email:admin@dotcms.com]
[14/06/23 16:02:05:511 UTC]  WARN business.PermissionCacheImpl:  !!! Putting an empty list of permissions in the cache for asset:ceca71a0-deee-4999-bd47-b01baa1bcfc8. Every asset should have at least 1 permission (or inherited permission) associated with it
[14/06/23 16:02:05:518 UTC]  INFO util.SecurityLogger: class com.dotmarketing.portlets.workflows.business.WorkflowAPIImpl : Action id: 'c92f9aa1-9503-4567-ac30-d3242b54d02d' has been reordered by user: system -- ip:172.19.0.1,user:Admin User [ID: dotcms.org.1][email:admin@dotcms.com]
[14/06/23 16:02:05:520 UTC]  WARN business.PermissionCacheImpl:  !!! Putting an empty list of permissions in the cache for asset:c92f9aa1-9503-4567-ac30-d3242b54d02d. Every asset should have at least 1 permission (or inherited permission) associated with it
[14/06/23 16:02:05:527 UTC]  INFO util.SecurityLogger: class com.dotmarketing.portlets.workflows.business.WorkflowAPIImpl : Action id: '38efc763-d78f-4e4b-b092-59cd8c579b93' has been reordered by user: system -- ip:172.19.0.1,user:Admin User [ID: dotcms.org.1][email:admin@dotcms.com]
[14/06/23 16:02:05:529 UTC]  WARN business.PermissionCacheImpl:  !!! Putting an empty list of permissions in the cache for asset:38efc763-d78f-4e4b-b092-59cd8c579b93. Every asset should have at least 1 permission (or inherited permission) associated with it
[14/06/23 16:02:05:538 UTC]  INFO util.SecurityLogger: class com.dotmarketing.portlets.workflows.business.WorkflowAPIImpl : The action id: 'ceca71a0-deee-4999-bd47-b01baa1bcfc8' has been saved by the user: system -- ip:172.19.0.1,user:Admin User [ID: dotcms.org.1][email:admin@dotcms.com]
[14/06/23 16:02:05:544 UTC]  INFO util.SecurityLogger: class com.dotmarketing.portlets.workflows.business.WorkflowAPIImpl : The action id: 'b9d89c80-3d88-4311-8365-187323c96436' has been saved by the user: system -- ip:172.19.0.1,user:Admin User [ID: dotcms.org.1][email:admin@dotcms.com]
[14/06/23 16:02:05:549 UTC]  INFO util.SecurityLogger: class com.dotmarketing.portlets.workflows.business.WorkflowAPIImpl : The action id: '777f1c6b-c877-4a37-ba4b-10627316c2cc' has been saved by the user: system -- ip:172.19.0.1,user:Admin User [ID: dotcms.org.1][email:admin@dotcms.com]
[14/06/23 16:02:05:556 UTC]  INFO util.SecurityLogger: class com.dotmarketing.portlets.workflows.business.WorkflowAPIImpl : The action id: 'ceca71a0-deee-4999-bd47-b01baa1bcfc8' has been saved by the user: system -- ip:172.19.0.1,user:Admin User [ID: dotcms.org.1][email:admin@dotcms.com]
[14/06/23 16:02:05:562 UTC]  INFO util.SecurityLogger: class com.dotmarketing.portlets.workflows.business.WorkflowAPIImpl : The action id: '38efc763-d78f-4e4b-b092-59cd8c579b93' has been saved by the user: system -- ip:172.19.0.1,user:Admin User [ID: dotcms.org.1][email:admin@dotcms.com]
[14/06/23 16:02:05:568 UTC]  INFO util.SecurityLogger: class com.dotmarketing.portlets.workflows.business.WorkflowAPIImpl : The action id: '963f6a04-5320-42e7-ab74-6d876d199946' has been saved by the user: system -- ip:172.19.0.1,user:Admin User [ID: dotcms.org.1][email:admin@dotcms.com]
[14/06/23 16:02:05:573 UTC]  INFO util.SecurityLogger: class com.dotmarketing.portlets.workflows.business.WorkflowAPIImpl : The action id: 'b9d89c80-3d88-4311-8365-187323c96436' has been saved by the user: system -- ip:172.19.0.1,user:Admin User [ID: dotcms.org.1][email:admin@dotcms.com]
[14/06/23 16:02:05:578 UTC]  INFO util.SecurityLogger: class com.dotmarketing.portlets.workflows.business.WorkflowAPIImpl : The action id: '4da13a42-5d59-480c-ad8f-94a3adf809fe' has been saved by the user: system -- ip:172.19.0.1,user:Admin User [ID: dotcms.org.1][email:admin@dotcms.com]
[14/06/23 16:02:05:585 UTC]  INFO util.SecurityLogger: class com.dotmarketing.portlets.workflows.business.WorkflowAPIImpl : The action id: '963f6a04-5320-42e7-ab74-6d876d199946' has been saved by the user: system -- ip:172.19.0.1,user:Admin User [ID: dotcms.org.1][email:admin@dotcms.com]
[14/06/23 16:02:05:590 UTC]  INFO util.SecurityLogger: class com.dotmarketing.portlets.workflows.business.WorkflowAPIImpl : The action id: 'ceca71a0-deee-4999-bd47-b01baa1bcfc8' has been saved by the user: system -- ip:172.19.0.1,user:Admin User [ID: dotcms.org.1][email:admin@dotcms.com]
[14/06/23 16:02:05:601 UTC]  INFO util.SecurityLogger: class com.dotmarketing.portlets.workflows.business.WorkflowAPIImpl : The action id: '38efc763-d78f-4e4b-b092-59cd8c579b93' has been saved by the user: system -- ip:172.19.0.1,user:Admin User [ID: dotcms.org.1][email:admin@dotcms.com]
[14/06/23 16:02:05:606 UTC]  INFO util.SecurityLogger: class com.dotmarketing.portlets.workflows.business.WorkflowAPIImpl : The action id: '4da13a42-5d59-480c-ad8f-94a3adf809fe' has been saved by the user: system -- ip:172.19.0.1,user:Admin User [ID: dotcms.org.1][email:admin@dotcms.com]
[14/06/23 16:02:05:612 UTC]  INFO util.SecurityLogger: class com.dotmarketing.portlets.workflows.business.WorkflowAPIImpl : The action id: 'b9d89c80-3d88-4311-8365-187323c96436' has been saved by the user: system -- ip:172.19.0.1,user:Admin User [ID: dotcms.org.1][email:admin@dotcms.com]
[14/06/23 16:02:05:618 UTC]  INFO util.SecurityLogger: class com.dotmarketing.portlets.workflows.business.WorkflowAPIImpl : The action id: 'c92f9aa1-9503-4567-ac30-d3242b54d02d' has been saved by the user: system -- ip:172.19.0.1,user:Admin User [ID: dotcms.org.1][email:admin@dotcms.com]
[14/06/23 16:02:05:632 UTC]  INFO util.SecurityLogger: class com.dotmarketing.portlets.workflows.business.WorkflowAPIImpl : The action id: '777f1c6b-c877-4a37-ba4b-10627316c2cc' has been saved by the user: system -- ip:172.19.0.1,user:Admin User [ID: dotcms.org.1][email:admin@dotcms.com]
[14/06/23 16:02:05:642 UTC]  INFO util.SecurityLogger: class com.dotmarketing.portlets.workflows.business.WorkflowAPIImpl : The action id: '1e0f1c6b-b67f-4c99-983d-db2b4bfa88b2' has been saved by the user: system -- ip:172.19.0.1,user:Admin User [ID: dotcms.org.1][email:admin@dotcms.com]
[14/06/23 16:02:05:733 UTC]  INFO util.SecurityLogger: class com.dotmarketing.portlets.workflows.business.WorkflowAPIImpl : Workflow Action Class with id: 'f970943f-3768-49b6-bc6b-f24f9affbfbf' has been deleted -- ip:172.19.0.1,user:Admin User [ID: dotcms.org.1][email:admin@dotcms.com]
[14/06/23 16:02:05:737 UTC]  INFO util.SecurityLogger: class com.dotmarketing.portlets.workflows.business.WorkflowAPIImpl : Workflow Action with id: dd4c4b7c-e9d3-4dc0-8fbf-36102f9c6324, name: Move has been deleted -- ip:172.19.0.1,user:Admin User [ID: dotcms.org.1][email:admin@dotcms.com]
[14/06/23 16:02:05:785 UTC]  INFO helper.SystemActionMappingsHandlerMerger: The mapping for systemAction: NEW, workflowAction: Optional[WorkflowAction [id=ceca71a0-deee-4999-bd47-b01baa1bcfc8, name=Save, stepId=null, nextStep=ee24a4cb-2d15-4c98-b1bd-6327126451f3]], and scheme: d61a59e1-a49c-46f2-a929-db2b4bfa88b2 has been saved
[14/06/23 16:02:05:790 UTC]  INFO helper.SystemActionMappingsHandlerMerger: The mapping for systemAction: EDIT, workflowAction: Optional[WorkflowAction [id=ceca71a0-deee-4999-bd47-b01baa1bcfc8, name=Save, stepId=null, nextStep=ee24a4cb-2d15-4c98-b1bd-6327126451f3]], and scheme: d61a59e1-a49c-46f2-a929-db2b4bfa88b2 has been saved
[14/06/23 16:02:05:794 UTC]  INFO helper.SystemActionMappingsHandlerMerger: The mapping for systemAction: UNPUBLISH, workflowAction: Optional[WorkflowAction [id=38efc763-d78f-4e4b-b092-59cd8c579b93, name=Unpublish, stepId=null, nextStep=ee24a4cb-2d15-4c98-b1bd-6327126451f3]], and scheme: d61a59e1-a49c-46f2-a929-db2b4bfa88b2 has been saved
[14/06/23 16:02:05:797 UTC]  INFO helper.SystemActionMappingsHandlerMerger: The mapping for systemAction: UNARCHIVE, workflowAction: Optional[WorkflowAction [id=c92f9aa1-9503-4567-ac30-d3242b54d02d, name=Unarchive, stepId=null, nextStep=ee24a4cb-2d15-4c98-b1bd-6327126451f3]], and scheme: d61a59e1-a49c-46f2-a929-db2b4bfa88b2 has been saved
[14/06/23 16:02:05:800 UTC]  INFO helper.SystemActionMappingsHandlerMerger: The mapping for systemAction: PUBLISH, workflowAction: Optional[WorkflowAction [id=b9d89c80-3d88-4311-8365-187323c96436, name=Publish, stepId=null, nextStep=dc3c9cd0-8467-404b-bf95-cb7df3fbc293]], and scheme: d61a59e1-a49c-46f2-a929-db2b4bfa88b2 has been saved
[14/06/23 16:02:05:803 UTC]  INFO helper.SystemActionMappingsHandlerMerger: The mapping for systemAction: ARCHIVE, workflowAction: Optional[WorkflowAction [id=4da13a42-5d59-480c-ad8f-94a3adf809fe, name=Archive, stepId=null, nextStep=d6b095b6-b65f-4bdb-bbfd-701d663dfee2]], and scheme: d61a59e1-a49c-46f2-a929-db2b4bfa88b2 has been saved
[14/06/23 16:02:05:806 UTC]  INFO helper.SystemActionMappingsHandlerMerger: The mapping for systemAction: DESTROY, workflowAction: Optional[WorkflowAction [id=1e0f1c6b-b67f-4c99-983d-db2b4bfa88b2, name=Destroy, stepId=null, nextStep=d6b095b6-b65f-4bdb-bbfd-701d663dfee2]], and scheme: d61a59e1-a49c-46f2-a929-db2b4bfa88b2 has been saved
[14/06/23 16:02:05:812 UTC]  INFO helper.SystemActionMappingsHandlerMerger: The mapping for systemAction: DELETE, workflowAction: Optional[WorkflowAction [id=777f1c6b-c877-4a37-ba4b-10627316c2cc, name=Delete, stepId=null, nextStep=d6b095b6-b65f-4bdb-bbfd-701d663dfee2]], and scheme: d61a59e1-a49c-46f2-a929-db2b4bfa88b2 has been saved
[14/06/23 16:02:05:812 UTC]  INFO util.PushPublishLogger: class com.dotcms.enterprise.publishing.remote.handler.WorkflowHandler : [BundleID: content_type_and_content_demo.tar.gz] Workflow publish success, ID: d61a59e1-a49c-46f2-a929-db2b4bfa88b2, Name: System Workflow
[14/06/23 16:02:05:906 UTC]  INFO util.ActivityLogger: class com.dotcms.contenttype.business.ContentTypeAPIImpl: system : Save ContentType Action , User system/system user system user added ContentType Host to host id:SYSTEM_HOST
[14/06/23 16:02:05:906 UTC]  INFO business.ContentTypeAPIImpl: UserId : system : ContentType : ContentType saved : Host
[14/06/23 16:02:05:906 UTC]  INFO util.AdminLogger: UserId : system : class com.dotcms.contenttype.business.ContentTypeAPIImpl : ContentType : ContentType saved : Host
[14/06/23 16:02:05:927 UTC]  INFO util.ActivityLogger: class com.dotmarketing.util.ActivityLogger: system : Update Field Action , User system/system user modified field fields-0 to Host Structure.
[14/06/23 16:02:05:951 UTC]  INFO util.ActivityLogger: class com.dotmarketing.util.ActivityLogger: system : Update Field Action , User system/system user modified field fields-1 to Host Structure.
[14/06/23 16:02:05:974 UTC]  INFO util.ActivityLogger: class com.dotmarketing.util.ActivityLogger: system : Update Field Action , User system/system user modified field Host Name to Host Structure.
[14/06/23 16:02:05:990 UTC]  INFO util.ActivityLogger: class com.dotmarketing.util.ActivityLogger: system : Update Field Action , User system/system user modified field Aliases to Host Structure.
[14/06/23 16:02:05:997 UTC]  INFO business.FieldAPIImpl: No changes made to field: isDefault, returning
[14/06/23 16:02:06:017 UTC]  INFO util.ActivityLogger: class com.dotmarketing.util.ActivityLogger: system : Update Field Action , User system/system user modified field Tag Storage to Host Structure.
[14/06/23 16:02:06:040 UTC]  INFO util.ActivityLogger: class com.dotmarketing.util.ActivityLogger: system : Update Field Action , User system/system user modified field Host Thumbnail to Host Structure.
[14/06/23 16:02:06:045 UTC]  INFO business.FieldAPIImpl: No changes made to field: isSystemHost, returning
[14/06/23 16:02:06:059 UTC]  INFO util.ActivityLogger: class com.dotmarketing.util.ActivityLogger: system : Update Field Action , User system/system user modified field Run Dashboard to Host Structure.
[14/06/23 16:02:06:079 UTC]  INFO util.ActivityLogger: class com.dotmarketing.util.ActivityLogger: system : Save Field Action , User system/system user added field Meta Data (Default) to Host Structure.
[14/06/23 16:02:06:108 UTC]  INFO util.ActivityLogger: class com.dotmarketing.util.ActivityLogger: system : Save Field Action , User system/system user added field Keywords to Host Structure.
[14/06/23 16:02:06:139 UTC]  INFO util.ActivityLogger: class com.dotmarketing.util.ActivityLogger: system : Save Field Action , User system/system user added field Description to Host Structure.
[14/06/23 16:02:06:180 UTC]  INFO util.ActivityLogger: class com.dotmarketing.util.ActivityLogger: system : Save Field Action , User system/system user added field Site Tags to Host Structure.
[14/06/23 16:02:06:204 UTC]  INFO util.ActivityLogger: class com.dotmarketing.util.ActivityLogger: system : Save Field Action , User system/system user added field Google Map to Host Structure.
[14/06/23 16:02:06:244 UTC]  INFO util.ActivityLogger: class com.dotmarketing.util.ActivityLogger: system : Save Field Action , User system/system user added field Google Analytics to Host Structure.
[14/06/23 16:02:06:282 UTC]  INFO util.ActivityLogger: class com.dotmarketing.util.ActivityLogger: system : Save Field Action , User system/system user added field Add This to Host Structure.
[14/06/23 16:02:06:308 UTC]  INFO util.ActivityLogger: class com.dotmarketing.util.ActivityLogger: system : Save Field Action , User system/system user added field Proxy Url for Edit Mode to Host Structure.
[14/06/23 16:02:06:355 UTC]  INFO util.ActivityLogger: class com.dotmarketing.util.ActivityLogger: system : Save Field Action , User system/system user added field Embedded Dashboard Url to Host Structure.
[14/06/23 16:02:06:362 UTC]  INFO util.PushPublishLogger: class com.dotcms.enterprise.publishing.remote.handler.ContentTypeHandler : [BundleID: content_type_and_content_demo.tar.gz] Content Type publish success, ID: 855a2d72-f2f3-4169-8b04-ac5157c4380c, Name: Host
[14/06/23 16:02:06:366 UTC]  INFO util.SecurityLogger: class com.dotmarketing.portlets.workflows.business.WorkflowAPIImpl : Saving schemes [ [WorkflowScheme [id=d61a59e1-a49c-46f2-a929-db2b4bfa88b2, name=System Workflow, archived=false, mandatory=false]] ] for Content Type [ com.dotmarketing.portlets.structure.model.Structure@714ccd54[name=Host,description=System hosts information,defaultStructure=false,reviewInterval=<null>,reviewerRole=<null>,pagedetail=<null>,structureType=1,fixed=true,system=true,velocityVarName=Host,urlMapPattern=<null>,host=SYSTEM_HOST,folder=SYSTEM_FOLDER,publishDateVar=<null>,expireDateVar=<null>,modDate=Wed Jun 14 16:02:06 UTC 2023,icon=event_note,sortOrder=0,iDate=Mon Mar 28 15:10:14 UTC 2016,type=structure,owner=<null>,inode=855a2d72-f2f3-4169-8b04-ac5157c4380c,identifier=855a2d72-f2f3-4169-8b04-ac5157c4380c] ] -- ip:172.19.0.1,user:Admin User [ID: dotcms.org.1][email:admin@dotcms.com]
[14/06/23 16:02:06:380 UTC]  INFO business.ContentTypeAPIImpl: Content type not found with given id: ea533f67-4883-42bb-9701-83293e7313e5. Continuing...
[14/06/23 16:02:06:397 UTC]  INFO util.ActivityLogger: class com.dotmarketing.util.ActivityLogger: system : Save Field Action , User system/system user added field fields-0 to type_2 Structure.
[14/06/23 16:02:06:411 UTC]  INFO util.ActivityLogger: class com.dotmarketing.util.ActivityLogger: system : Save Field Action , User system/system user added field fields-1 to type_2 Structure.
[14/06/23 16:02:06:420 UTC]  INFO util.ActivityLogger: class com.dotmarketing.util.ActivityLogger: system : Save Field Action , User system/system user added field text_1 to type_2 Structure.
[14/06/23 16:02:06:424 UTC]  INFO util.ActivityLogger: class com.dotcms.contenttype.business.ContentTypeAPIImpl: system : Save ContentType Action , User system/system user system user added ContentType type_2 to host id:48190c8c-42c4-46af-8d1a-0cd5db894797
[14/06/23 16:02:06:424 UTC]  INFO business.ContentTypeAPIImpl: UserId : system : ContentType : ContentType saved : type_2
[14/06/23 16:02:06:424 UTC]  INFO util.AdminLogger: UserId : system : class com.dotcms.contenttype.business.ContentTypeAPIImpl : ContentType : ContentType saved : type_2
[14/06/23 16:02:06:424 UTC]  INFO util.PushPublishLogger: class com.dotcms.enterprise.publishing.remote.handler.ContentTypeHandler : [BundleID: content_type_and_content_demo.tar.gz] Content Type publish success, ID: ea533f67-4883-42bb-9701-83293e7313e5, Name: type_2
[14/06/23 16:02:06:427 UTC]  INFO util.SecurityLogger: class com.dotmarketing.portlets.workflows.business.WorkflowAPIImpl : Saving schemes [ [WorkflowScheme [id=d61a59e1-a49c-46f2-a929-db2b4bfa88b2, name=System Workflow, archived=false, mandatory=false]] ] for Content Type [ com.dotmarketing.portlets.structure.model.Structure@5b6eb714[name=type_2,description=<null>,defaultStructure=false,reviewInterval=<null>,reviewerRole=<null>,pagedetail=<null>,structureType=1,fixed=false,system=false,velocityVarName=Type2,urlMapPattern=<null>,host=48190c8c-42c4-46af-8d1a-0cd5db894797,folder=SYSTEM_FOLDER,publishDateVar=<null>,expireDateVar=<null>,modDate=Thu Oct 08 17:32:29 UTC 2020,icon=<null>,sortOrder=0,iDate=Thu Oct 08 17:32:19 UTC 2020,type=structure,owner=<null>,inode=ea533f67-4883-42bb-9701-83293e7313e5,identifier=ea533f67-4883-42bb-9701-83293e7313e5] ] -- ip:172.19.0.1,user:Admin User [ID: dotcms.org.1][email:admin@dotcms.com]
[14/06/23 16:02:06:453 UTC]  INFO util.PushPublishLogger: class com.dotcms.enterprise.publishing.remote.handler.LanguageVariablesHandler : [BundleID: content_type_and_content_demo.tar.gz] Language File publish success, Name: cms_language_en.properties
[14/06/23 16:02:06:454 UTC]  INFO util.PushPublishLogger: class com.dotcms.enterprise.publishing.remote.handler.LanguageVariablesHandler : [BundleID: content_type_and_content_demo.tar.gz] Language File publish success, Name: cms_language_en_US.properties
[14/06/23 16:02:06:454 UTC]  INFO util.PushPublishLogger: class com.dotcms.enterprise.publishing.remote.handler.LanguageVariablesHandler : [BundleID: content_type_and_content_demo.tar.gz] Language File publish success, Name: cms_language_es.properties
[14/06/23 16:02:06:454 UTC]  INFO util.PushPublishLogger: class com.dotcms.enterprise.publishing.remote.handler.LanguageVariablesHandler : [BundleID: content_type_and_content_demo.tar.gz] Language File publish success, Name: cms_language_es_ES.properties
[14/06/23 16:02:06:454 UTC]  INFO util.PushPublishLogger: class com.dotcms.enterprise.publishing.remote.handler.LanguageVariablesHandler : [BundleID: content_type_and_content_demo.tar.gz] Language File publish success, Name: cms_language_fr.properties
[14/06/23 16:02:06:454 UTC]  INFO util.PushPublishLogger: class com.dotcms.enterprise.publishing.remote.handler.LanguageVariablesHandler : [BundleID: content_type_and_content_demo.tar.gz] Language File publish success, Name: cms_language_fr_FR.properties
[14/06/23 16:02:06:455 UTC]  INFO util.PushPublishLogger: class com.dotcms.enterprise.publishing.remote.handler.LanguageVariablesHandler : [BundleID: content_type_and_content_demo.tar.gz] Language File publish success, Name: cms_language_zh.properties
[14/06/23 16:02:06:455 UTC]  INFO util.PushPublishLogger: class com.dotcms.enterprise.publishing.remote.handler.LanguageVariablesHandler : [BundleID: content_type_and_content_demo.tar.gz] Language File publish success, Name: cms_language_zh_CN.properties
[14/06/23 16:02:07:408 UTC]  INFO reindex.ReindexThread: --- Unpausing reindex thread 
[14/06/23 16:02:07:471 UTC]  INFO reindex.BulkProcessorListener: -----------
[14/06/23 16:02:07:472 UTC]  INFO reindex.BulkProcessorListener: Reindexing Server #  : 1 of 1
[14/06/23 16:02:07:473 UTC]  INFO reindex.BulkProcessorListener: Total Indexed        : 0
[14/06/23 16:02:07:474 UTC]  INFO reindex.BulkProcessorListener: ReindexEntries found : 3
[14/06/23 16:02:07:474 UTC]  INFO reindex.BulkProcessorListener: BulkRequests created : 6
[14/06/23 16:02:07:475 UTC]  INFO reindex.BulkProcessorListener: -----------
[14/06/23 16:02:08:884 UTC]  INFO delegate.SystemEventsJobDelegate: The event: ad1a6226-11f4-4e0e-a3cc-d5043e9e331c, has been skipped on the server: c00a165e-5dc5-4e08-af2c-007c3ef57273
[14/06/23 16:02:08:884 UTC]  INFO delegate.SystemEventsJobDelegate: The event: e96b8bac-ae82-4c9c-b298-291f0a7a0a58, has been skipped on the server: c00a165e-5dc5-4e08-af2c-007c3ef57273
[14/06/23 16:02:12:418 UTC]  INFO concurrent.Debouncer: Debouncing : invalidateGraphSchema after 5000 MILLISECONDS
[14/06/23 16:02:13:516 UTC]  INFO util.PushPublishLogger: class com.dotcms.rest.PushPublisherJob : [BundleID: content_type_and_content_demo.tar.gz] Finished bundle publish process
[14/06/23 16:02:13:516 UTC]  INFO rest.PushPublisherJob: Finished bundle publish process
[14/06/23 16:02:13:662 UTC]  INFO apps.SecretsKeyStoreHelper: KeyStore loaded successfully after `1` tries.
[14/06/23 16:02:16:678 UTC]  INFO util.SecurityLogger: class com.dotmarketing.cms.login.factories.LoginFactory : User admin@dotcms.com has sucessfully logged in from IP: 172.19.0.1 -- ip:172.19.0.1,user:Admin User [ID: dotcms.org.1][email:admin@dotcms.com]
[14/06/23 16:02:16:687 UTC]  INFO rest.BundleResource: Deleting all bundles by the user: dotcms.org.1
[14/06/23 16:02:16:691 UTC]  INFO business.BundleAPIImpl: Deleting all bundles with statuses: [BUNDLE_REQUESTED, BUNDLING, SENDING_TO_ENDPOINTS, FAILED_TO_SEND_TO_ALL_GROUPS, FAILED_TO_SEND_TO_SOME_GROUPS, FAILED_TO_BUNDLE, FAILED_TO_SENT, FAILED_TO_PUBLISH, SUCCESS, BUNDLE_SENT_SUCCESSFULLY, RECEIVED_BUNDLE, PUBLISHING_BUNDLE, WAITING_FOR_PUBLISHING, BUNDLE_SAVED_SUCCESSFULLY, INVALID_TOKEN, LICENSE_REQUIRED, SUCCESS_WITH_WARNINGS, FAILED_INTEGRITY_CHECK]by the user: dotcms.org.1
[14/06/23 16:02:16:704 UTC]  INFO business.BundleAPIImpl: Removing bundle: content_type_and_content_demo and dependencies by: dotcms.org.1
[14/06/23 16:02:16:704 UTC]  INFO business.BundleAPIImpl: Removing audit status for a bundle: content_type_and_content_demo
[14/06/23 16:02:16:704 UTC]  INFO business.PublishAuditAPIImpl: Deleting the bundle: content_type_and_content_demo
[14/06/23 16:02:16:706 UTC]  INFO business.BundleAPIImpl: Removing all assets from bundle: content_type_and_content_demo
[14/06/23 16:02:16:706 UTC]  INFO business.BundleAPIImpl: Removing environments from bundle: content_type_and_content_demo
[14/06/23 16:02:16:707 UTC]  INFO business.BundleAPIImpl: Removing bundle: content_type_and_content_demo
[14/06/23 16:02:16:734 UTC]  INFO business.BundleAPIImpl: Deleted 1 bundles, failed 0 bundles
[14/06/23 16:02:16:739 UTC]  WARN struts.MultiMessageResources: Duplicate resource property definition (key=was ==> is now): contenttypes.content.copy=Copy ==> Copy
[14/06/23 16:02:16:740 UTC]  WARN struts.MultiMessageResources: Duplicate resource property definition (key=was ==> is now): message.category.import=Importing Categories.  This operation cannot be cancelled or undone. ==> IMPORT
[14/06/23 16:02:16:740 UTC]  WARN struts.MultiMessageResources: Duplicate resource property definition (key=was ==> is now): message.containers.create.content_type_code=Content Type Code ==> Content Type Code
[14/06/23 16:02:16:745 UTC]  WARN struts.MultiMessageResources: Duplicate resource property definition (key=was ==> is now): Save=Save ==> Save
[14/06/23 16:02:16:746 UTC]  WARN struts.MultiMessageResources: Duplicate resource property definition (key=was ==> is now): Move=Move ==> Move
[14/06/23 16:02:16:747 UTC]  WARN struts.MultiMessageResources: Duplicate resource property definition (key=was ==> is now): archived=archived ==> Archived
[14/06/23 16:02:18:893 UTC]  INFO delegate.SystemEventsJobDelegate: The event: b51db262-ceca-4cca-8ddf-240272e3208f, has been skipped on the server: c00a165e-5dc5-4e08-af2c-007c3ef57273
[14/06/23 16:02:18:893 UTC]  INFO delegate.SystemEventsJobDelegate: The event: 005fde4a-5a6e-463e-945a-6d39074fd337, has been skipped on the server: c00a165e-5dc5-4e08-af2c-007c3ef57273
[14/06/23 16:02:29:817 UTC]  INFO util.SecurityLogger: class com.dotmarketing.cms.login.factories.LoginFactory : User admin@dotcms.com has sucessfully logged in from IP: 172.19.0.1 -- ip:172.19.0.1,user:Admin User [ID: dotcms.org.1][email:admin@dotcms.com]
[14/06/23 16:02:29:868 UTC]  WARN ajax.RemotePublishAjaxAction: Unable to find asset id = [ea533f67-4883-42bb-9701-83293e7313e5]
[14/06/23 16:02:29:938 UTC]  INFO util.PushPublishLogger: class com.dotcms.publisher.business.PublisherAPIImpl : [BundleID: 01H2XA9TB8P2GB69P13FT6YBJ3] Asset added to Push Publish Queue. Action: Added by Browsing, Asset Type: contenttype, Asset Id: ea533f67-4883-42bb-9701-83293e7313e5, User: dotcms.org.1
[14/06/23 16:02:33:069 UTC]  INFO util.SecurityLogger: class com.dotmarketing.cms.login.factories.LoginFactory : User admin@dotcms.com has sucessfully logged in from IP: 172.19.0.1 -- ip:172.19.0.1,user:Admin User [ID: dotcms.org.1][email:admin@dotcms.com]
[14/06/23 16:02:35:100 UTC]  INFO business.PublisherQueueJob: 
[14/06/23 16:02:35:101 UTC]  INFO business.PublisherQueueJob: Found 1 bundle(s) to process.
[14/06/23 16:02:35:102 UTC]  INFO business.PublisherQueueJob: 
[14/06/23 16:02:35:103 UTC]  INFO business.PublisherQueueJob: Processing bundle: ID: 01H2XA9TB8P2GB69P13FT6YBJ3. Status: Starting. Publish Date: 2020-09-10 17:14:00.0
[14/06/23 16:02:35:103 UTC]  INFO util.PushPublishLogger: class com.dotcms.publisher.business.PublishAuditStatus : Status Update: Pending.
[14/06/23 16:02:35:108 UTC]  INFO util.PushPublishLogger: class com.dotcms.publisher.business.PublisherQueueJob : Pre-publish work started.
[14/06/23 16:02:35:126 UTC]  INFO util.PushPublishLogger: class com.dotcms.publisher.business.PublisherQueueJob : Pre-publish work complete.
[14/06/23 16:02:35:129 UTC]  INFO util.PushPublishLogger: class com.dotcms.publishing.PublisherAPIImpl : [BundleID: 01H2XA9TB8P2GB69P13FT6YBJ3] Started Publishing Task
[14/06/23 16:02:35:142 UTC]  INFO publishing.PublisherAPIImpl: Start of Bundler: DependencyBundler
[14/06/23 16:02:44:260 UTC]  INFO dependencies.ConcurrentDependencyProcessor: DependencyProcessor Finished
[14/06/23 16:02:44:261 UTC]  INFO publishing.PublisherAPIImpl: End of Bundler: DependencyBundler
[14/06/23 16:02:44:261 UTC]  INFO publishing.PublisherAPIImpl: Start of Bundler: HostBundler
[14/06/23 16:02:44:263 UTC]  INFO util.PushPublishLogger: class com.dotcms.enterprise.publishing.remote.bundler.HostBundler : Status Update: Bundling.
[14/06/23 16:02:44:342 UTC]  INFO bundler.HostBundler: Searching for ContentletVersionInfo. Identifier: 48190c8c-42c4-46af-8d1a-0cd5db894797. Language:1
[14/06/23 16:02:44:376 UTC]  INFO util.PushPublishLogger: class com.dotcms.enterprise.publishing.remote.bundler.HostBundler : Status Update: Bundling.
[14/06/23 16:02:44:378 UTC]  INFO publishing.PublisherAPIImpl: End of Bundler: HostBundler
[14/06/23 16:02:44:379 UTC]  INFO publishing.PublisherAPIImpl: Start of Bundler: ContentBundler
[14/06/23 16:02:44:380 UTC]  INFO util.PushPublishLogger: class com.dotcms.enterprise.publishing.remote.bundler.ContentBundler : Status Update: Bundling.
[14/06/23 16:02:44:385 UTC]  INFO util.PushPublishLogger: class com.dotcms.enterprise.publishing.remote.bundler.ContentBundler : Status Update: Bundling.
[14/06/23 16:02:44:388 UTC]  INFO publishing.PublisherAPIImpl: End of Bundler: ContentBundler
[14/06/23 16:02:44:388 UTC]  INFO publishing.PublisherAPIImpl: Start of Bundler: FolderBundler
[14/06/23 16:02:44:388 UTC]  INFO publishing.PublisherAPIImpl: End of Bundler: FolderBundler
[14/06/23 16:02:44:388 UTC]  INFO publishing.PublisherAPIImpl: Start of Bundler: TemplateBundler
[14/06/23 16:02:44:388 UTC]  INFO publishing.PublisherAPIImpl: End of Bundler: TemplateBundler
[14/06/23 16:02:44:389 UTC]  INFO publishing.PublisherAPIImpl: Start of Bundler: ContainerBundler
[14/06/23 16:02:44:389 UTC]  INFO publishing.PublisherAPIImpl: End of Bundler: ContainerBundler
[14/06/23 16:02:44:389 UTC]  INFO publishing.PublisherAPIImpl: Start of Bundler: RuleBundler
[14/06/23 16:02:44:389 UTC]  INFO publishing.PublisherAPIImpl: End of Bundler: RuleBundler
[14/06/23 16:02:44:389 UTC]  INFO publishing.PublisherAPIImpl: Start of Bundler: LinkBundler
[14/06/23 16:02:44:389 UTC]  INFO publishing.PublisherAPIImpl: End of Bundler: LinkBundler
[14/06/23 16:02:44:389 UTC]  INFO publishing.PublisherAPIImpl: Start of Bundler: ContentTypeBundler
[14/06/23 16:02:44:421 UTC]  INFO publishing.PublisherAPIImpl: End of Bundler: ContentTypeBundler
[14/06/23 16:02:44:421 UTC]  INFO publishing.PublisherAPIImpl: Start of Bundler: RelationshipBundler
[14/06/23 16:02:44:421 UTC]  INFO publishing.PublisherAPIImpl: End of Bundler: RelationshipBundler
[14/06/23 16:02:44:421 UTC]  INFO publishing.PublisherAPIImpl: Start of Bundler: LanguageVariablesBundler
[14/06/23 16:02:44:432 UTC]  WARN util.FileUtil: /data/shared/assets/messages/cms_language_en_US.properties is empty
[14/06/23 16:02:44:434 UTC]  WARN util.FileUtil: /data/shared/assets/messages/cms_language_es_ES.properties is empty
[14/06/23 16:02:44:436 UTC]  WARN util.FileUtil: /data/shared/assets/messages/cms_language_fr_FR.properties is empty
[14/06/23 16:02:44:437 UTC]  WARN util.FileUtil: /data/shared/assets/messages/cms_language_zh_CN.properties is empty
[14/06/23 16:02:44:438 UTC]  INFO publishing.PublisherAPIImpl: End of Bundler: LanguageVariablesBundler
[14/06/23 16:02:44:438 UTC]  INFO publishing.PublisherAPIImpl: Start of Bundler: WorkflowBundler
[14/06/23 16:02:44:534 UTC]  INFO publishing.PublisherAPIImpl: End of Bundler: WorkflowBundler
[14/06/23 16:02:44:536 UTC]  INFO publishing.PublisherAPIImpl: Start of Bundler: LanguageBundler
[14/06/23 16:02:44:536 UTC]  INFO publishing.PublisherAPIImpl: End of Bundler: LanguageBundler
[14/06/23 16:02:44:536 UTC]  INFO publishing.PublisherAPIImpl: Start of Bundler: BundleXMLAsc
[14/06/23 16:02:44:536 UTC]  INFO publishing.PublisherAPIImpl: End of Bundler: BundleXMLAsc
[14/06/23 16:02:44:537 UTC]  INFO publishing.PublisherAPIImpl: Start of Bundler: CategoryBundler
[14/06/23 16:02:44:537 UTC]  INFO publishing.PublisherAPIImpl: End of Bundler: CategoryBundler
[14/06/23 16:02:44:575 UTC]  INFO util.PushPublishLogger: class com.dotcms.publisher.pusher.PushPublisher : Status Update: Sending to all environments
[14/06/23 16:02:44:580 UTC]  INFO util.PushPublishLogger: class com.dotcms.publisher.pusher.PushPublisher : Status Update: Sending Bundle
[14/06/23 16:02:44:662 UTC]  INFO pusher.AuthCredentialPushPublishUtil: Is JWT in Push publish avaible?: false
[14/06/23 16:02:44:666 UTC]  INFO pusher.AuthCredentialPushPublishUtil: PublishingEndPoint: receiver-1686758515211
[14/06/23 16:02:44:667 UTC]  INFO pusher.AuthCredentialPushPublishUtil: PublishingEndPoint key: Optional[pmWkWSBCL51Bfkhn79xPuKBKHz//H6B+mY6G9/eieuM=]
[14/06/23 16:02:44:667 UTC]  INFO pusher.AuthCredentialPushPublishUtil: Token from request: pmWkWSBCL51Bfkhn79xPuKBKHz//H6B+mY6G9/eieuM=
[14/06/23 16:02:44:675 UTC]  INFO util.PushPublishLogger: class com.dotcms.publisher.business.PublishAuditStatus : Status Update: Pending.
[14/06/23 16:02:44:735 UTC]  INFO rest.PushPublisherJob: Started bundle publish process
[14/06/23 16:02:44:735 UTC]  INFO util.PushPublishLogger: class com.dotcms.rest.PushPublisherJob : [BundleID: 01H2XA9TB8P2GB69P13FT6YBJ3.tar.gz] Started bundle publish process
[14/06/23 16:02:44:743 UTC]  INFO quartz.DotStatefulJob: New Task for job `PushPublisherJob` scheduled for execution `44 02 16 14 6 ? 2023`.
[14/06/23 16:02:44:780 UTC]  INFO util.PushPublishLogger: class com.dotcms.publisher.pusher.PushPublisher : Status Update: Bundle sent
[14/06/23 16:02:44:780 UTC]  INFO util.PushPublishLogger: class com.dotcms.publisher.pusher.PushPublisher : Status Update: Bundle sent
[14/06/23 16:02:44:790 UTC]  INFO util.PushPublishLogger: class com.dotcms.publishing.PublisherAPIImpl : [BundleID: 01H2XA9TB8P2GB69P13FT6YBJ3] Completed Publishing Task
[14/06/23 16:02:44:808 UTC]  INFO util.ActivityLogger: class com.dotcms.content.elasticsearch.business.ESContentletAPIImpl: System Host : Saving Content , StartDate: N/D; EndDate: N/D; User:system; ContentIdentifier: 48190c8c-42c4-46af-8d1a-0cd5db894797
[14/06/23 16:02:44:893 UTC]  INFO business.ContentletIndexAPIImpl: Indexing: 48190c8c-42c4-46af-8d1a-0cd5db894797 : demo.dotcms.com, includeDependencies: true, policy: FORCE
[14/06/23 16:02:45:038 UTC]  INFO util.ActivityLogger: class com.dotcms.content.elasticsearch.business.ESContentletAPIImpl: System Host : Content Saved , StartDate: N/D; EndDate: N/D; User:system; ContentIdentifier: 48190c8c-42c4-46af-8d1a-0cd5db894797
[14/06/23 16:02:45:045 UTC]  INFO business.ContentletIndexAPIImpl: Indexing: 48190c8c-42c4-46af-8d1a-0cd5db894797 : demo.dotcms.com, includeDependencies: false, policy: FORCE
[14/06/23 16:02:45:046 UTC]  INFO util.PushPublishLogger: class com.dotcms.enterprise.publishing.remote.handler.ContentHandler : [BundleID: 01H2XA9TB8P2GB69P13FT6YBJ3.tar.gz] Host publish success, ID: 48190c8c-42c4-46af-8d1a-0cd5db894797, Inode: 6e8aca39-937c-437e-91d8-d46b631bdcc8, Name: demo.dotcms.com
[14/06/23 16:02:45:072 UTC]  INFO business.ContentletIndexAPIImpl: Indexing: 48190c8c-42c4-46af-8d1a-0cd5db894797 : demo.dotcms.com, includeDependencies: true, policy: FORCE
[14/06/23 16:02:45:094 UTC]  INFO util.SecurityLogger: class com.dotmarketing.portlets.workflows.business.WorkflowAPIImpl : Workflow Scheme 'System Workflow' [d61a59e1-a49c-46f2-a929-db2b4bfa88b2] has been saved by User ID 'system' -- ip:ukn,user:null
[14/06/23 16:02:45:100 UTC]  INFO util.SecurityLogger: class com.dotmarketing.portlets.workflows.business.WorkflowAPIImpl : Workflow Step 'New' [6cb7e3bd-1710-4eed-8838-d3db60f78f19] has been saved by User ID 'system' -- ip:ukn,user:null
[14/06/23 16:02:45:105 UTC]  INFO util.SecurityLogger: class com.dotmarketing.portlets.workflows.business.WorkflowAPIImpl : Workflow Step 'Draft' [ee24a4cb-2d15-4c98-b1bd-6327126451f3] has been saved by User ID 'system' -- ip:ukn,user:null
[14/06/23 16:02:45:109 UTC]  INFO util.SecurityLogger: class com.dotmarketing.portlets.workflows.business.WorkflowAPIImpl : Workflow Step 'Published' [dc3c9cd0-8467-404b-bf95-cb7df3fbc293] has been saved by User ID 'system' -- ip:ukn,user:null
[14/06/23 16:02:45:113 UTC]  INFO util.SecurityLogger: class com.dotmarketing.portlets.workflows.business.WorkflowAPIImpl : Workflow Step 'Archived' [d6b095b6-b65f-4bdb-bbfd-701d663dfee2] has been saved by User ID 'system' -- ip:ukn,user:null
[14/06/23 16:02:45:120 UTC]  INFO util.SecurityLogger: class com.dotmarketing.portlets.workflows.business.WorkflowAPIImpl : Action id: '4da13a42-5d59-480c-ad8f-94a3adf809fe' has been reordered by user: system -- ip:ukn,user:null
[14/06/23 16:02:45:125 UTC]  WARN business.PermissionCacheImpl:  !!! Putting an empty list of permissions in the cache for asset:4da13a42-5d59-480c-ad8f-94a3adf809fe. Every asset should have at least 1 permission (or inherited permission) associated with it
[14/06/23 16:02:45:133 UTC]  INFO util.SecurityLogger: class com.dotmarketing.portlets.workflows.business.WorkflowAPIImpl : Action id: '963f6a04-5320-42e7-ab74-6d876d199946' has been reordered by user: system -- ip:ukn,user:null
[14/06/23 16:02:45:137 UTC]  WARN business.PermissionCacheImpl:  !!! Putting an empty list of permissions in the cache for asset:963f6a04-5320-42e7-ab74-6d876d199946. Every asset should have at least 1 permission (or inherited permission) associated with it
[14/06/23 16:02:45:146 UTC]  INFO util.SecurityLogger: class com.dotmarketing.portlets.workflows.business.WorkflowAPIImpl : Action id: '777f1c6b-c877-4a37-ba4b-10627316c2cc' has been reordered by user: system -- ip:ukn,user:null
[14/06/23 16:02:45:152 UTC]  WARN business.PermissionCacheImpl:  !!! Putting an empty list of permissions in the cache for asset:777f1c6b-c877-4a37-ba4b-10627316c2cc. Every asset should have at least 1 permission (or inherited permission) associated with it
[14/06/23 16:02:45:159 UTC]  INFO util.SecurityLogger: class com.dotmarketing.portlets.workflows.business.WorkflowAPIImpl : Action id: '1e0f1c6b-b67f-4c99-983d-db2b4bfa88b2' has been reordered by user: system -- ip:ukn,user:null
[14/06/23 16:02:45:162 UTC]  WARN business.PermissionCacheImpl:  !!! Putting an empty list of permissions in the cache for asset:1e0f1c6b-b67f-4c99-983d-db2b4bfa88b2. Every asset should have at least 1 permission (or inherited permission) associated with it
[14/06/23 16:02:45:169 UTC]  INFO util.SecurityLogger: class com.dotmarketing.portlets.workflows.business.WorkflowAPIImpl : Action id: 'b9d89c80-3d88-4311-8365-187323c96436' has been reordered by user: system -- ip:ukn,user:null
[14/06/23 16:02:45:172 UTC]  WARN business.PermissionCacheImpl:  !!! Putting an empty list of permissions in the cache for asset:b9d89c80-3d88-4311-8365-187323c96436. Every asset should have at least 1 permission (or inherited permission) associated with it
[14/06/23 16:02:45:178 UTC]  INFO util.SecurityLogger: class com.dotmarketing.portlets.workflows.business.WorkflowAPIImpl : Action id: 'ceca71a0-deee-4999-bd47-b01baa1bcfc8' has been reordered by user: system -- ip:ukn,user:null
[14/06/23 16:02:45:183 UTC]  WARN business.PermissionCacheImpl:  !!! Putting an empty list of permissions in the cache for asset:ceca71a0-deee-4999-bd47-b01baa1bcfc8. Every asset should have at least 1 permission (or inherited permission) associated with it
[14/06/23 16:02:45:189 UTC]  INFO util.SecurityLogger: class com.dotmarketing.portlets.workflows.business.WorkflowAPIImpl : Action id: 'c92f9aa1-9503-4567-ac30-d3242b54d02d' has been reordered by user: system -- ip:ukn,user:null
[14/06/23 16:02:45:194 UTC]  WARN business.PermissionCacheImpl:  !!! Putting an empty list of permissions in the cache for asset:c92f9aa1-9503-4567-ac30-d3242b54d02d. Every asset should have at least 1 permission (or inherited permission) associated with it
[14/06/23 16:02:45:204 UTC]  INFO util.SecurityLogger: class com.dotmarketing.portlets.workflows.business.WorkflowAPIImpl : Action id: '38efc763-d78f-4e4b-b092-59cd8c579b93' has been reordered by user: system -- ip:ukn,user:null
[14/06/23 16:02:45:209 UTC]  WARN business.PermissionCacheImpl:  !!! Putting an empty list of permissions in the cache for asset:38efc763-d78f-4e4b-b092-59cd8c579b93. Every asset should have at least 1 permission (or inherited permission) associated with it
[14/06/23 16:02:45:225 UTC]  INFO util.SecurityLogger: class com.dotmarketing.portlets.workflows.business.WorkflowAPIImpl : The action id: 'ceca71a0-deee-4999-bd47-b01baa1bcfc8' has been saved by the user: system -- ip:ukn,user:null
[14/06/23 16:02:45:230 UTC]  INFO util.SecurityLogger: class com.dotmarketing.portlets.workflows.business.WorkflowAPIImpl : The action id: 'b9d89c80-3d88-4311-8365-187323c96436' has been saved by the user: system -- ip:ukn,user:null
[14/06/23 16:02:45:234 UTC]  INFO util.SecurityLogger: class com.dotmarketing.portlets.workflows.business.WorkflowAPIImpl : The action id: '777f1c6b-c877-4a37-ba4b-10627316c2cc' has been saved by the user: system -- ip:ukn,user:null
[14/06/23 16:02:45:238 UTC]  INFO util.SecurityLogger: class com.dotmarketing.portlets.workflows.business.WorkflowAPIImpl : The action id: 'ceca71a0-deee-4999-bd47-b01baa1bcfc8' has been saved by the user: system -- ip:ukn,user:null
[14/06/23 16:02:45:245 UTC]  INFO util.SecurityLogger: class com.dotmarketing.portlets.workflows.business.WorkflowAPIImpl : The action id: '38efc763-d78f-4e4b-b092-59cd8c579b93' has been saved by the user: system -- ip:ukn,user:null
[14/06/23 16:02:45:252 UTC]  INFO util.SecurityLogger: class com.dotmarketing.portlets.workflows.business.WorkflowAPIImpl : The action id: '963f6a04-5320-42e7-ab74-6d876d199946' has been saved by the user: system -- ip:ukn,user:null
[14/06/23 16:02:45:261 UTC]  INFO util.SecurityLogger: class com.dotmarketing.portlets.workflows.business.WorkflowAPIImpl : The action id: 'b9d89c80-3d88-4311-8365-187323c96436' has been saved by the user: system -- ip:ukn,user:null
[14/06/23 16:02:45:270 UTC]  INFO util.SecurityLogger: class com.dotmarketing.portlets.workflows.business.WorkflowAPIImpl : The action id: '4da13a42-5d59-480c-ad8f-94a3adf809fe' has been saved by the user: system -- ip:ukn,user:null
[14/06/23 16:02:45:276 UTC]  INFO util.SecurityLogger: class com.dotmarketing.portlets.workflows.business.WorkflowAPIImpl : The action id: '963f6a04-5320-42e7-ab74-6d876d199946' has been saved by the user: system -- ip:ukn,user:null
[14/06/23 16:02:45:283 UTC]  INFO util.SecurityLogger: class com.dotmarketing.portlets.workflows.business.WorkflowAPIImpl : The action id: 'ceca71a0-deee-4999-bd47-b01baa1bcfc8' has been saved by the user: system -- ip:ukn,user:null
[14/06/23 16:02:45:288 UTC]  INFO util.SecurityLogger: class com.dotmarketing.portlets.workflows.business.WorkflowAPIImpl : The action id: '38efc763-d78f-4e4b-b092-59cd8c579b93' has been saved by the user: system -- ip:ukn,user:null
[14/06/23 16:02:45:294 UTC]  INFO util.SecurityLogger: class com.dotmarketing.portlets.workflows.business.WorkflowAPIImpl : The action id: '4da13a42-5d59-480c-ad8f-94a3adf809fe' has been saved by the user: system -- ip:ukn,user:null
[14/06/23 16:02:45:299 UTC]  INFO util.SecurityLogger: class com.dotmarketing.portlets.workflows.business.WorkflowAPIImpl : The action id: 'b9d89c80-3d88-4311-8365-187323c96436' has been saved by the user: system -- ip:ukn,user:null
[14/06/23 16:02:45:308 UTC]  INFO util.SecurityLogger: class com.dotmarketing.portlets.workflows.business.WorkflowAPIImpl : The action id: 'c92f9aa1-9503-4567-ac30-d3242b54d02d' has been saved by the user: system -- ip:ukn,user:null
[14/06/23 16:02:45:314 UTC]  INFO util.SecurityLogger: class com.dotmarketing.portlets.workflows.business.WorkflowAPIImpl : The action id: '777f1c6b-c877-4a37-ba4b-10627316c2cc' has been saved by the user: system -- ip:ukn,user:null
[14/06/23 16:02:45:320 UTC]  INFO util.SecurityLogger: class com.dotmarketing.portlets.workflows.business.WorkflowAPIImpl : The action id: '1e0f1c6b-b67f-4c99-983d-db2b4bfa88b2' has been saved by the user: system -- ip:ukn,user:null
[14/06/23 16:02:45:439 UTC]  INFO helper.SystemActionMappingsHandlerMerger: The mapping for systemAction: NEW, workflowAction: Optional[WorkflowAction [id=ceca71a0-deee-4999-bd47-b01baa1bcfc8, name=Save, stepId=null, nextStep=ee24a4cb-2d15-4c98-b1bd-6327126451f3]], and scheme: d61a59e1-a49c-46f2-a929-db2b4bfa88b2 has been saved
[14/06/23 16:02:45:444 UTC]  INFO helper.SystemActionMappingsHandlerMerger: The mapping for systemAction: EDIT, workflowAction: Optional[WorkflowAction [id=ceca71a0-deee-4999-bd47-b01baa1bcfc8, name=Save, stepId=null, nextStep=ee24a4cb-2d15-4c98-b1bd-6327126451f3]], and scheme: d61a59e1-a49c-46f2-a929-db2b4bfa88b2 has been saved
[14/06/23 16:02:45:449 UTC]  INFO helper.SystemActionMappingsHandlerMerger: The mapping for systemAction: UNPUBLISH, workflowAction: Optional[WorkflowAction [id=38efc763-d78f-4e4b-b092-59cd8c579b93, name=Unpublish, stepId=null, nextStep=ee24a4cb-2d15-4c98-b1bd-6327126451f3]], and scheme: d61a59e1-a49c-46f2-a929-db2b4bfa88b2 has been saved
[14/06/23 16:02:45:453 UTC]  INFO helper.SystemActionMappingsHandlerMerger: The mapping for systemAction: UNARCHIVE, workflowAction: Optional[WorkflowAction [id=c92f9aa1-9503-4567-ac30-d3242b54d02d, name=Unarchive, stepId=null, nextStep=ee24a4cb-2d15-4c98-b1bd-6327126451f3]], and scheme: d61a59e1-a49c-46f2-a929-db2b4bfa88b2 has been saved
[14/06/23 16:02:45:458 UTC]  INFO helper.SystemActionMappingsHandlerMerger: The mapping for systemAction: PUBLISH, workflowAction: Optional[WorkflowAction [id=b9d89c80-3d88-4311-8365-187323c96436, name=Publish, stepId=null, nextStep=dc3c9cd0-8467-404b-bf95-cb7df3fbc293]], and scheme: d61a59e1-a49c-46f2-a929-db2b4bfa88b2 has been saved
[14/06/23 16:02:45:462 UTC]  INFO helper.SystemActionMappingsHandlerMerger: The mapping for systemAction: ARCHIVE, workflowAction: Optional[WorkflowAction [id=4da13a42-5d59-480c-ad8f-94a3adf809fe, name=Archive, stepId=null, nextStep=d6b095b6-b65f-4bdb-bbfd-701d663dfee2]], and scheme: d61a59e1-a49c-46f2-a929-db2b4bfa88b2 has been saved
[14/06/23 16:02:45:466 UTC]  INFO helper.SystemActionMappingsHandlerMerger: The mapping for systemAction: DESTROY, workflowAction: Optional[WorkflowAction [id=1e0f1c6b-b67f-4c99-983d-db2b4bfa88b2, name=Destroy, stepId=null, nextStep=d6b095b6-b65f-4bdb-bbfd-701d663dfee2]], and scheme: d61a59e1-a49c-46f2-a929-db2b4bfa88b2 has been saved
[14/06/23 16:02:45:469 UTC]  INFO helper.SystemActionMappingsHandlerMerger: The mapping for systemAction: DELETE, workflowAction: Optional[WorkflowAction [id=777f1c6b-c877-4a37-ba4b-10627316c2cc, name=Delete, stepId=null, nextStep=d6b095b6-b65f-4bdb-bbfd-701d663dfee2]], and scheme: d61a59e1-a49c-46f2-a929-db2b4bfa88b2 has been saved
[14/06/23 16:02:45:469 UTC]  INFO util.PushPublishLogger: class com.dotcms.enterprise.publishing.remote.handler.WorkflowHandler : [BundleID: 01H2XA9TB8P2GB69P13FT6YBJ3.tar.gz] Workflow publish success, ID: d61a59e1-a49c-46f2-a929-db2b4bfa88b2, Name: System Workflow
[14/06/23 16:02:45:493 UTC]  INFO util.ActivityLogger: class com.dotcms.contenttype.business.ContentTypeAPIImpl: system : Save ContentType Action , User system/system user system user added ContentType type_2 to host id:48190c8c-42c4-46af-8d1a-0cd5db894797
[14/06/23 16:02:45:493 UTC]  INFO business.ContentTypeAPIImpl: UserId : system : ContentType : ContentType saved : type_2
[14/06/23 16:02:45:494 UTC]  INFO util.AdminLogger: UserId : system : class com.dotcms.contenttype.business.ContentTypeAPIImpl : ContentType : ContentType saved : type_2
[14/06/23 16:02:45:495 UTC]  INFO business.FieldAPIImpl: No changes made to field: fields0, returning
[14/06/23 16:02:45:496 UTC]  INFO business.FieldAPIImpl: No changes made to field: fields1, returning
[14/06/23 16:02:45:497 UTC]  INFO business.FieldAPIImpl: No changes made to field: text1, returning
[14/06/23 16:02:45:497 UTC]  INFO util.PushPublishLogger: class com.dotcms.enterprise.publishing.remote.handler.ContentTypeHandler : [BundleID: 01H2XA9TB8P2GB69P13FT6YBJ3.tar.gz] Content Type publish success, ID: ea533f67-4883-42bb-9701-83293e7313e5, Name: type_2
[14/06/23 16:02:45:503 UTC]  INFO util.SecurityLogger: class com.dotmarketing.portlets.workflows.business.WorkflowAPIImpl : Saving schemes [ [WorkflowScheme [id=d61a59e1-a49c-46f2-a929-db2b4bfa88b2, name=System Workflow, archived=false, mandatory=false]] ] for Content Type [ com.dotmarketing.portlets.structure.model.Structure@612ba139[name=type_2,description=<null>,defaultStructure=false,reviewInterval=<null>,reviewerRole=<null>,pagedetail=<null>,structureType=1,fixed=false,system=false,velocityVarName=Type2,urlMapPattern=<null>,host=48190c8c-42c4-46af-8d1a-0cd5db894797,folder=SYSTEM_FOLDER,publishDateVar=<null>,expireDateVar=<null>,modDate=Wed Jun 14 16:02:45 UTC 2023,icon=event_note,sortOrder=0,iDate=Thu Oct 08 17:32:19 UTC 2020,type=structure,owner=<null>,inode=ea533f67-4883-42bb-9701-83293e7313e5,identifier=ea533f67-4883-42bb-9701-83293e7313e5] ] -- ip:ukn,user:null
[14/06/23 16:02:45:512 UTC]  INFO util.PushPublishLogger: class com.dotcms.enterprise.publishing.remote.handler.LanguageVariablesHandler : [BundleID: 01H2XA9TB8P2GB69P13FT6YBJ3.tar.gz] Language File publish success, Name: cms_language_en.properties
[14/06/23 16:02:45:515 UTC]  INFO util.PushPublishLogger: class com.dotcms.enterprise.publishing.remote.handler.LanguageVariablesHandler : [BundleID: 01H2XA9TB8P2GB69P13FT6YBJ3.tar.gz] Language File publish success, Name: cms_language_en_US.properties
[14/06/23 16:02:45:516 UTC]  INFO util.PushPublishLogger: class com.dotcms.enterprise.publishing.remote.handler.LanguageVariablesHandler : [BundleID: 01H2XA9TB8P2GB69P13FT6YBJ3.tar.gz] Language File publish success, Name: cms_language_es.properties
[14/06/23 16:02:45:518 UTC]  INFO util.PushPublishLogger: class com.dotcms.enterprise.publishing.remote.handler.LanguageVariablesHandler : [BundleID: 01H2XA9TB8P2GB69P13FT6YBJ3.tar.gz] Language File publish success, Name: cms_language_es_ES.properties
[14/06/23 16:02:45:519 UTC]  INFO util.PushPublishLogger: class com.dotcms.enterprise.publishing.remote.handler.LanguageVariablesHandler : [BundleID: 01H2XA9TB8P2GB69P13FT6YBJ3.tar.gz] Language File publish success, Name: cms_language_fr.properties
[14/06/23 16:02:45:519 UTC]  INFO util.PushPublishLogger: class com.dotcms.enterprise.publishing.remote.handler.LanguageVariablesHandler : [BundleID: 01H2XA9TB8P2GB69P13FT6YBJ3.tar.gz] Language File publish success, Name: cms_language_fr_FR.properties
[14/06/23 16:02:45:520 UTC]  INFO util.PushPublishLogger: class com.dotcms.enterprise.publishing.remote.handler.LanguageVariablesHandler : [BundleID: 01H2XA9TB8P2GB69P13FT6YBJ3.tar.gz] Language File publish success, Name: cms_language_zh.properties
[14/06/23 16:02:45:520 UTC]  INFO util.PushPublishLogger: class com.dotcms.enterprise.publishing.remote.handler.LanguageVariablesHandler : [BundleID: 01H2XA9TB8P2GB69P13FT6YBJ3.tar.gz] Language File publish success, Name: cms_language_zh_CN.properties
[14/06/23 16:02:45:853 UTC]  INFO reindex.ReindexThread: --- Unpausing reindex thread 
[14/06/23 16:02:50:855 UTC]  INFO concurrent.Debouncer: Debouncing : invalidateGraphSchema after 5000 MILLISECONDS
[14/06/23 16:02:51:178 UTC]  INFO util.SecurityLogger: class com.dotmarketing.cms.login.factories.LoginFactory : User admin@dotcms.com has sucessfully logged in from IP: 172.19.0.1 -- ip:172.19.0.1,user:Admin User [ID: dotcms.org.1][email:admin@dotcms.com]
[14/06/23 16:02:51:871 UTC]  INFO util.PushPublishLogger: class com.dotcms.rest.PushPublisherJob : [BundleID: 01H2XA9TB8P2GB69P13FT6YBJ3.tar.gz] Finished bundle publish process
[14/06/23 16:02:51:871 UTC]  INFO rest.PushPublisherJob: Finished bundle publish process
[14/06/23 16:02:52:023 UTC]  WARN struts.MultiMessageResources: Duplicate resource property definition (key=was ==> is now): contenttypes.content.copy=Copy ==> Copy
[14/06/23 16:02:52:025 UTC]  WARN struts.MultiMessageResources: Duplicate resource property definition (key=was ==> is now): message.category.import=Importing Categories.  This operation cannot be cancelled or undone. ==> IMPORT
[14/06/23 16:02:52:026 UTC]  WARN struts.MultiMessageResources: Duplicate resource property definition (key=was ==> is now): message.containers.create.content_type_code=Content Type Code ==> Content Type Code
[14/06/23 16:02:52:029 UTC]  WARN struts.MultiMessageResources: Duplicate resource property definition (key=was ==> is now): Save=Save ==> Save
[14/06/23 16:02:52:030 UTC]  WARN struts.MultiMessageResources: Duplicate resource property definition (key=was ==> is now): Move=Move ==> Move
[14/06/23 16:02:52:032 UTC]  WARN struts.MultiMessageResources: Duplicate resource property definition (key=was ==> is now): archived=archived ==> Archived
[14/06/23 16:02:55:150 UTC]  INFO util.SecurityLogger: class com.dotmarketing.cms.login.factories.LoginFactory : User admin@dotcms.com has sucessfully logged in from IP: 172.19.0.1 -- ip:172.19.0.1,user:Admin User [ID: dotcms.org.1][email:admin@dotcms.com]
[14/06/23 16:02:55:156 UTC]  INFO rest.BundleResource: Deleting all bundles by the user: dotcms.org.1
[14/06/23 16:02:55:161 UTC]  INFO business.BundleAPIImpl: Deleting all bundles with statuses: [BUNDLE_REQUESTED, BUNDLING, SENDING_TO_ENDPOINTS, FAILED_TO_SEND_TO_ALL_GROUPS, FAILED_TO_SEND_TO_SOME_GROUPS, FAILED_TO_BUNDLE, FAILED_TO_SENT, FAILED_TO_PUBLISH, SUCCESS, BUNDLE_SENT_SUCCESSFULLY, RECEIVED_BUNDLE, PUBLISHING_BUNDLE, WAITING_FOR_PUBLISHING, BUNDLE_SAVED_SUCCESSFULLY, INVALID_TOKEN, LICENSE_REQUIRED, SUCCESS_WITH_WARNINGS, FAILED_INTEGRITY_CHECK]by the user: dotcms.org.1
[14/06/23 16:02:55:162 UTC]  INFO business.BundleAPIImpl: Removing bundle: 01H2XA9TB8P2GB69P13FT6YBJ3 and dependencies by: dotcms.org.1
[14/06/23 16:02:55:162 UTC]  INFO business.BundleAPIImpl: Removing audit status for a bundle: 01H2XA9TB8P2GB69P13FT6YBJ3
[14/06/23 16:02:55:162 UTC]  INFO business.PublishAuditAPIImpl: Deleting the bundle: 01H2XA9TB8P2GB69P13FT6YBJ3
[14/06/23 16:02:55:162 UTC]  INFO business.BundleAPIImpl: Removing all assets from bundle: 01H2XA9TB8P2GB69P13FT6YBJ3
[14/06/23 16:02:55:163 UTC]  INFO business.BundleAPIImpl: Removing environments from bundle: 01H2XA9TB8P2GB69P13FT6YBJ3
[14/06/23 16:02:55:163 UTC]  INFO business.BundleAPIImpl: Removing bundle: 01H2XA9TB8P2GB69P13FT6YBJ3
[14/06/23 16:02:55:188 UTC]  INFO business.BundleAPIImpl: Deleted 1 bundles, failed 0 bundles
[14/06/23 16:02:58:235 UTC]  INFO util.SecurityLogger: class com.dotmarketing.cms.login.factories.LoginFactory : User admin@dotcms.com has sucessfully logged in from IP: 172.19.0.1 -- ip:172.19.0.1,user:Admin User [ID: dotcms.org.1][email:admin@dotcms.com]
[14/06/23 16:02:58:246 UTC]  WARN business.PermissionCacheImpl:  !!! Putting an empty list of permissions in the cache for asset:1c33b253-4e9c-43b0-9a56-7b54d573fa2c. Every asset should have at least 1 permission (or inherited permission) associated with it
[14/06/23 16:02:58:903 UTC]  INFO delegate.SystemEventsJobDelegate: The event: 9cabf313-e7fb-467f-a580-c35b33a0e198, has been skipped on the server: c00a165e-5dc5-4e08-af2c-007c3ef57273
[14/06/23 16:02:58:903 UTC]  INFO delegate.SystemEventsJobDelegate: The event: 07aff6e2-8616-4792-aa90-272d4c2c355b, has been skipped on the server: c00a165e-5dc5-4e08-af2c-007c3ef57273
[14/06/23 16:03:00:087 UTC]  INFO apps.SecretsKeyStoreHelper: KeyStore loaded successfully after `1` tries.
[14/06/23 16:03:04:333 UTC]  INFO util.SecurityLogger: class com.dotmarketing.cms.login.factories.LoginFactory : User admin@dotcms.com has sucessfully logged in from IP: 172.19.0.1 -- ip:172.19.0.1,user:Admin User [ID: dotcms.org.1][email:admin@dotcms.com]
[14/06/23 16:03:07:344 UTC]  INFO ajax.PublishingEndpointAjaxAction: receiver ; e3c5afb8-c23b-4712-bbe1-5708825d5c54
[14/06/23 16:03:10:403 UTC]  INFO util.SecurityLogger: class com.dotmarketing.cms.login.factories.LoginFactory : User admin@dotcms.com has sucessfully logged in from IP: 172.19.0.1 -- ip:172.19.0.1,user:Admin User [ID: dotcms.org.1][email:admin@dotcms.com]
[14/06/23 16:03:10:410 UTC]  INFO util.PushPublishLogger: class com.dotcms.publisher.business.PublishAuditStatus : Status Update: Pending.
[14/06/23 16:03:10:412 UTC]  INFO rest.PushPublisherJob: Started bundle publish process
[14/06/23 16:03:10:413 UTC]  INFO util.PushPublishLogger: class com.dotcms.rest.PushPublisherJob : [BundleID: content_type_and_content_demo.tar.gz] Started bundle publish process
[14/06/23 16:03:10:522 UTC]  INFO util.ActivityLogger: class com.dotcms.content.elasticsearch.business.ESContentletAPIImpl: System Host : Saving Content , StartDate: N/D; EndDate: N/D; User:system; ContentIdentifier: 48190c8c-42c4-46af-8d1a-0cd5db894797
[14/06/23 16:03:10:550 UTC]  INFO timedcache.TimedCacheProvider: ***	 Building Cache : esquerycountcache, size:10000, seconds:3600,Concurrency:32 (every 60000 millis)
[14/06/23 16:03:10:567 UTC]  INFO business.ContentletIndexAPIImpl: Indexing: 48190c8c-42c4-46af-8d1a-0cd5db894797 : demo.dotcms.com, includeDependencies: true, policy: FORCE
[14/06/23 16:03:10:632 UTC]  INFO util.ActivityLogger: class com.dotcms.content.elasticsearch.business.ESContentletAPIImpl: System Host : Content Saved , StartDate: N/D; EndDate: N/D; User:system; ContentIdentifier: 48190c8c-42c4-46af-8d1a-0cd5db894797
[14/06/23 16:03:10:639 UTC]  INFO business.ContentletIndexAPIImpl: Indexing: 48190c8c-42c4-46af-8d1a-0cd5db894797 : demo.dotcms.com, includeDependencies: false, policy: FORCE
[14/06/23 16:03:10:640 UTC]  INFO util.PushPublishLogger: class com.dotcms.enterprise.publishing.remote.handler.ContentHandler : [BundleID: content_type_and_content_demo.tar.gz] Host publish success, ID: 48190c8c-42c4-46af-8d1a-0cd5db894797, Inode: 6e8aca39-937c-437e-91d8-d46b631bdcc8, Name: demo.dotcms.com
[14/06/23 16:03:10:671 UTC]  INFO business.ContentletIndexAPIImpl: Indexing: 48190c8c-42c4-46af-8d1a-0cd5db894797 : demo.dotcms.com, includeDependencies: true, policy: FORCE
[14/06/23 16:03:10:718 UTC]  INFO util.SecurityLogger: class com.dotmarketing.portlets.workflows.business.WorkflowAPIImpl : Workflow Scheme 'System Workflow' [d61a59e1-a49c-46f2-a929-db2b4bfa88b2] has been saved by User ID 'system' -- ip:172.19.0.1,user:Admin User [ID: dotcms.org.1][email:admin@dotcms.com]
[14/06/23 16:03:10:724 UTC]  INFO util.SecurityLogger: class com.dotmarketing.portlets.workflows.business.WorkflowAPIImpl : Workflow Step 'New' [6cb7e3bd-1710-4eed-8838-d3db60f78f19] has been saved by User ID 'system' -- ip:172.19.0.1,user:Admin User [ID: dotcms.org.1][email:admin@dotcms.com]
[14/06/23 16:03:10:727 UTC]  INFO util.SecurityLogger: class com.dotmarketing.portlets.workflows.business.WorkflowAPIImpl : Workflow Step 'Draft' [ee24a4cb-2d15-4c98-b1bd-6327126451f3] has been saved by User ID 'system' -- ip:172.19.0.1,user:Admin User [ID: dotcms.org.1][email:admin@dotcms.com]
[14/06/23 16:03:10:733 UTC]  INFO util.SecurityLogger: class com.dotmarketing.portlets.workflows.business.WorkflowAPIImpl : Workflow Step 'Published' [dc3c9cd0-8467-404b-bf95-cb7df3fbc293] has been saved by User ID 'system' -- ip:172.19.0.1,user:Admin User [ID: dotcms.org.1][email:admin@dotcms.com]
[14/06/23 16:03:10:737 UTC]  INFO util.SecurityLogger: class com.dotmarketing.portlets.workflows.business.WorkflowAPIImpl : Workflow Step 'Archived' [d6b095b6-b65f-4bdb-bbfd-701d663dfee2] has been saved by User ID 'system' -- ip:172.19.0.1,user:Admin User [ID: dotcms.org.1][email:admin@dotcms.com]
[14/06/23 16:03:10:744 UTC]  INFO util.SecurityLogger: class com.dotmarketing.portlets.workflows.business.WorkflowAPIImpl : Action id: '4da13a42-5d59-480c-ad8f-94a3adf809fe' has been reordered by user: system -- ip:172.19.0.1,user:Admin User [ID: dotcms.org.1][email:admin@dotcms.com]
[14/06/23 16:03:10:748 UTC]  WARN business.PermissionCacheImpl:  !!! Putting an empty list of permissions in the cache for asset:4da13a42-5d59-480c-ad8f-94a3adf809fe. Every asset should have at least 1 permission (or inherited permission) associated with it
[14/06/23 16:03:10:758 UTC]  INFO util.SecurityLogger: class com.dotmarketing.portlets.workflows.business.WorkflowAPIImpl : Action id: '963f6a04-5320-42e7-ab74-6d876d199946' has been reordered by user: system -- ip:172.19.0.1,user:Admin User [ID: dotcms.org.1][email:admin@dotcms.com]
[14/06/23 16:03:10:761 UTC]  WARN business.PermissionCacheImpl:  !!! Putting an empty list of permissions in the cache for asset:963f6a04-5320-42e7-ab74-6d876d199946. Every asset should have at least 1 permission (or inherited permission) associated with it
[14/06/23 16:03:10:770 UTC]  INFO util.SecurityLogger: class com.dotmarketing.portlets.workflows.business.WorkflowAPIImpl : Action id: '777f1c6b-c877-4a37-ba4b-10627316c2cc' has been reordered by user: system -- ip:172.19.0.1,user:Admin User [ID: dotcms.org.1][email:admin@dotcms.com]
[14/06/23 16:03:10:774 UTC]  WARN business.PermissionCacheImpl:  !!! Putting an empty list of permissions in the cache for asset:777f1c6b-c877-4a37-ba4b-10627316c2cc. Every asset should have at least 1 permission (or inherited permission) associated with it
[14/06/23 16:03:10:784 UTC]  INFO util.SecurityLogger: class com.dotmarketing.portlets.workflows.business.WorkflowAPIImpl : Action id: '1e0f1c6b-b67f-4c99-983d-db2b4bfa88b2' has been reordered by user: system -- ip:172.19.0.1,user:Admin User [ID: dotcms.org.1][email:admin@dotcms.com]
[14/06/23 16:03:10:787 UTC]  WARN business.PermissionCacheImpl:  !!! Putting an empty list of permissions in the cache for asset:1e0f1c6b-b67f-4c99-983d-db2b4bfa88b2. Every asset should have at least 1 permission (or inherited permission) associated with it
[14/06/23 16:03:10:796 UTC]  INFO util.SecurityLogger: class com.dotmarketing.portlets.workflows.business.WorkflowAPIImpl : Action id: 'b9d89c80-3d88-4311-8365-187323c96436' has been reordered by user: system -- ip:172.19.0.1,user:Admin User [ID: dotcms.org.1][email:admin@dotcms.com]
[14/06/23 16:03:10:801 UTC]  WARN business.PermissionCacheImpl:  !!! Putting an empty list of permissions in the cache for asset:b9d89c80-3d88-4311-8365-187323c96436. Every asset should have at least 1 permission (or inherited permission) associated with it
[14/06/23 16:03:10:809 UTC]  INFO util.SecurityLogger: class com.dotmarketing.portlets.workflows.business.WorkflowAPIImpl : Action id: 'ceca71a0-deee-4999-bd47-b01baa1bcfc8' has been reordered by user: system -- ip:172.19.0.1,user:Admin User [ID: dotcms.org.1][email:admin@dotcms.com]
[14/06/23 16:03:10:812 UTC]  WARN business.PermissionCacheImpl:  !!! Putting an empty list of permissions in the cache for asset:ceca71a0-deee-4999-bd47-b01baa1bcfc8. Every asset should have at least 1 permission (or inherited permission) associated with it
[14/06/23 16:03:10:820 UTC]  INFO util.SecurityLogger: class com.dotmarketing.portlets.workflows.business.WorkflowAPIImpl : Action id: 'c92f9aa1-9503-4567-ac30-d3242b54d02d' has been reordered by user: system -- ip:172.19.0.1,user:Admin User [ID: dotcms.org.1][email:admin@dotcms.com]
[14/06/23 16:03:10:823 UTC]  WARN business.PermissionCacheImpl:  !!! Putting an empty list of permissions in the cache for asset:c92f9aa1-9503-4567-ac30-d3242b54d02d. Every asset should have at least 1 permission (or inherited permission) associated with it
[14/06/23 16:03:10:832 UTC]  INFO util.SecurityLogger: class com.dotmarketing.portlets.workflows.business.WorkflowAPIImpl : Action id: '38efc763-d78f-4e4b-b092-59cd8c579b93' has been reordered by user: system -- ip:172.19.0.1,user:Admin User [ID: dotcms.org.1][email:admin@dotcms.com]
[14/06/23 16:03:10:834 UTC]  WARN business.PermissionCacheImpl:  !!! Putting an empty list of permissions in the cache for asset:38efc763-d78f-4e4b-b092-59cd8c579b93. Every asset should have at least 1 permission (or inherited permission) associated with it
[14/06/23 16:03:10:842 UTC]  INFO util.SecurityLogger: class com.dotmarketing.portlets.workflows.business.WorkflowAPIImpl : The action id: 'ceca71a0-deee-4999-bd47-b01baa1bcfc8' has been saved by the user: system -- ip:172.19.0.1,user:Admin User [ID: dotcms.org.1][email:admin@dotcms.com]
[14/06/23 16:03:10:848 UTC]  INFO util.SecurityLogger: class com.dotmarketing.portlets.workflows.business.WorkflowAPIImpl : The action id: 'b9d89c80-3d88-4311-8365-187323c96436' has been saved by the user: system -- ip:172.19.0.1,user:Admin User [ID: dotcms.org.1][email:admin@dotcms.com]
[14/06/23 16:03:10:853 UTC]  INFO util.SecurityLogger: class com.dotmarketing.portlets.workflows.business.WorkflowAPIImpl : The action id: '777f1c6b-c877-4a37-ba4b-10627316c2cc' has been saved by the user: system -- ip:172.19.0.1,user:Admin User [ID: dotcms.org.1][email:admin@dotcms.com]
[14/06/23 16:03:10:859 UTC]  INFO util.SecurityLogger: class com.dotmarketing.portlets.workflows.business.WorkflowAPIImpl : The action id: 'ceca71a0-deee-4999-bd47-b01baa1bcfc8' has been saved by the user: system -- ip:172.19.0.1,user:Admin User [ID: dotcms.org.1][email:admin@dotcms.com]
[14/06/23 16:03:10:865 UTC]  INFO util.SecurityLogger: class com.dotmarketing.portlets.workflows.business.WorkflowAPIImpl : The action id: '38efc763-d78f-4e4b-b092-59cd8c579b93' has been saved by the user: system -- ip:172.19.0.1,user:Admin User [ID: dotcms.org.1][email:admin@dotcms.com]
[14/06/23 16:03:10:870 UTC]  INFO util.SecurityLogger: class com.dotmarketing.portlets.workflows.business.WorkflowAPIImpl : The action id: '963f6a04-5320-42e7-ab74-6d876d199946' has been saved by the user: system -- ip:172.19.0.1,user:Admin User [ID: dotcms.org.1][email:admin@dotcms.com]
[14/06/23 16:03:10:875 UTC]  INFO util.SecurityLogger: class com.dotmarketing.portlets.workflows.business.WorkflowAPIImpl : The action id: 'b9d89c80-3d88-4311-8365-187323c96436' has been saved by the user: system -- ip:172.19.0.1,user:Admin User [ID: dotcms.org.1][email:admin@dotcms.com]
[14/06/23 16:03:10:880 UTC]  INFO util.SecurityLogger: class com.dotmarketing.portlets.workflows.business.WorkflowAPIImpl : The action id: '4da13a42-5d59-480c-ad8f-94a3adf809fe' has been saved by the user: system -- ip:172.19.0.1,user:Admin User [ID: dotcms.org.1][email:admin@dotcms.com]
[14/06/23 16:03:10:886 UTC]  INFO util.SecurityLogger: class com.dotmarketing.portlets.workflows.business.WorkflowAPIImpl : The action id: '963f6a04-5320-42e7-ab74-6d876d199946' has been saved by the user: system -- ip:172.19.0.1,user:Admin User [ID: dotcms.org.1][email:admin@dotcms.com]
[14/06/23 16:03:10:891 UTC]  INFO util.SecurityLogger: class com.dotmarketing.portlets.workflows.business.WorkflowAPIImpl : The action id: 'ceca71a0-deee-4999-bd47-b01baa1bcfc8' has been saved by the user: system -- ip:172.19.0.1,user:Admin User [ID: dotcms.org.1][email:admin@dotcms.com]
[14/06/23 16:03:10:896 UTC]  INFO util.SecurityLogger: class com.dotmarketing.portlets.workflows.business.WorkflowAPIImpl : The action id: '38efc763-d78f-4e4b-b092-59cd8c579b93' has been saved by the user: system -- ip:172.19.0.1,user:Admin User [ID: dotcms.org.1][email:admin@dotcms.com]
[14/06/23 16:03:10:901 UTC]  INFO util.SecurityLogger: class com.dotmarketing.portlets.workflows.business.WorkflowAPIImpl : The action id: '4da13a42-5d59-480c-ad8f-94a3adf809fe' has been saved by the user: system -- ip:172.19.0.1,user:Admin User [ID: dotcms.org.1][email:admin@dotcms.com]
[14/06/23 16:03:10:906 UTC]  INFO util.SecurityLogger: class com.dotmarketing.portlets.workflows.business.WorkflowAPIImpl : The action id: 'b9d89c80-3d88-4311-8365-187323c96436' has been saved by the user: system -- ip:172.19.0.1,user:Admin User [ID: dotcms.org.1][email:admin@dotcms.com]
[14/06/23 16:03:10:912 UTC]  INFO util.SecurityLogger: class com.dotmarketing.portlets.workflows.business.WorkflowAPIImpl : The action id: 'c92f9aa1-9503-4567-ac30-d3242b54d02d' has been saved by the user: system -- ip:172.19.0.1,user:Admin User [ID: dotcms.org.1][email:admin@dotcms.com]
[14/06/23 16:03:10:916 UTC]  INFO util.SecurityLogger: class com.dotmarketing.portlets.workflows.business.WorkflowAPIImpl : The action id: '777f1c6b-c877-4a37-ba4b-10627316c2cc' has been saved by the user: system -- ip:172.19.0.1,user:Admin User [ID: dotcms.org.1][email:admin@dotcms.com]
[14/06/23 16:03:10:921 UTC]  INFO util.SecurityLogger: class com.dotmarketing.portlets.workflows.business.WorkflowAPIImpl : The action id: '1e0f1c6b-b67f-4c99-983d-db2b4bfa88b2' has been saved by the user: system -- ip:172.19.0.1,user:Admin User [ID: dotcms.org.1][email:admin@dotcms.com]
[14/06/23 16:03:11:017 UTC]  INFO helper.SystemActionMappingsHandlerMerger: The mapping for systemAction: NEW, workflowAction: Optional[WorkflowAction [id=ceca71a0-deee-4999-bd47-b01baa1bcfc8, name=Save, stepId=null, nextStep=ee24a4cb-2d15-4c98-b1bd-6327126451f3]], and scheme: d61a59e1-a49c-46f2-a929-db2b4bfa88b2 has been saved
[14/06/23 16:03:11:021 UTC]  INFO helper.SystemActionMappingsHandlerMerger: The mapping for systemAction: EDIT, workflowAction: Optional[WorkflowAction [id=ceca71a0-deee-4999-bd47-b01baa1bcfc8, name=Save, stepId=null, nextStep=ee24a4cb-2d15-4c98-b1bd-6327126451f3]], and scheme: d61a59e1-a49c-46f2-a929-db2b4bfa88b2 has been saved
[14/06/23 16:03:11:025 UTC]  INFO helper.SystemActionMappingsHandlerMerger: The mapping for systemAction: UNPUBLISH, workflowAction: Optional[WorkflowAction [id=38efc763-d78f-4e4b-b092-59cd8c579b93, name=Unpublish, stepId=null, nextStep=ee24a4cb-2d15-4c98-b1bd-6327126451f3]], and scheme: d61a59e1-a49c-46f2-a929-db2b4bfa88b2 has been saved
[14/06/23 16:03:11:028 UTC]  INFO helper.SystemActionMappingsHandlerMerger: The mapping for systemAction: UNARCHIVE, workflowAction: Optional[WorkflowAction [id=c92f9aa1-9503-4567-ac30-d3242b54d02d, name=Unarchive, stepId=null, nextStep=ee24a4cb-2d15-4c98-b1bd-6327126451f3]], and scheme: d61a59e1-a49c-46f2-a929-db2b4bfa88b2 has been saved
[14/06/23 16:03:11:031 UTC]  INFO helper.SystemActionMappingsHandlerMerger: The mapping for systemAction: PUBLISH, workflowAction: Optional[WorkflowAction [id=b9d89c80-3d88-4311-8365-187323c96436, name=Publish, stepId=null, nextStep=dc3c9cd0-8467-404b-bf95-cb7df3fbc293]], and scheme: d61a59e1-a49c-46f2-a929-db2b4bfa88b2 has been saved
[14/06/23 16:03:11:034 UTC]  INFO helper.SystemActionMappingsHandlerMerger: The mapping for systemAction: ARCHIVE, workflowAction: Optional[WorkflowAction [id=4da13a42-5d59-480c-ad8f-94a3adf809fe, name=Archive, stepId=null, nextStep=d6b095b6-b65f-4bdb-bbfd-701d663dfee2]], and scheme: d61a59e1-a49c-46f2-a929-db2b4bfa88b2 has been saved
[14/06/23 16:03:11:037 UTC]  INFO helper.SystemActionMappingsHandlerMerger: The mapping for systemAction: DESTROY, workflowAction: Optional[WorkflowAction [id=1e0f1c6b-b67f-4c99-983d-db2b4bfa88b2, name=Destroy, stepId=null, nextStep=d6b095b6-b65f-4bdb-bbfd-701d663dfee2]], and scheme: d61a59e1-a49c-46f2-a929-db2b4bfa88b2 has been saved
[14/06/23 16:03:11:040 UTC]  INFO helper.SystemActionMappingsHandlerMerger: The mapping for systemAction: DELETE, workflowAction: Optional[WorkflowAction [id=777f1c6b-c877-4a37-ba4b-10627316c2cc, name=Delete, stepId=null, nextStep=d6b095b6-b65f-4bdb-bbfd-701d663dfee2]], and scheme: d61a59e1-a49c-46f2-a929-db2b4bfa88b2 has been saved
[14/06/23 16:03:11:040 UTC]  INFO util.PushPublishLogger: class com.dotcms.enterprise.publishing.remote.handler.WorkflowHandler : [BundleID: content_type_and_content_demo.tar.gz] Workflow publish success, ID: d61a59e1-a49c-46f2-a929-db2b4bfa88b2, Name: System Workflow
[14/06/23 16:03:11:070 UTC]  INFO util.ActivityLogger: class com.dotcms.contenttype.business.ContentTypeAPIImpl: system : Save ContentType Action , User system/system user system user added ContentType Host to host id:SYSTEM_HOST
[14/06/23 16:03:11:070 UTC]  INFO business.ContentTypeAPIImpl: UserId : system : ContentType : ContentType saved : Host
[14/06/23 16:03:11:070 UTC]  INFO util.AdminLogger: UserId : system : class com.dotcms.contenttype.business.ContentTypeAPIImpl : ContentType : ContentType saved : Host
[14/06/23 16:03:11:073 UTC]  INFO business.FieldAPIImpl: No changes made to field: fields0, returning
[14/06/23 16:03:11:074 UTC]  INFO business.FieldAPIImpl: No changes made to field: fields1, returning
[14/06/23 16:03:11:075 UTC]  INFO business.FieldAPIImpl: No changes made to field: hostName, returning
[14/06/23 16:03:11:077 UTC]  INFO business.FieldAPIImpl: No changes made to field: aliases, returning
[14/06/23 16:03:11:078 UTC]  INFO business.FieldAPIImpl: No changes made to field: isDefault, returning
[14/06/23 16:03:11:079 UTC]  INFO business.FieldAPIImpl: No changes made to field: tagStorage, returning
[14/06/23 16:03:11:096 UTC]  INFO util.ActivityLogger: class com.dotmarketing.util.ActivityLogger: system : Update Field Action , User system/system user modified field Host Thumbnail to Host Structure.
[14/06/23 16:03:11:103 UTC]  INFO business.FieldAPIImpl: No changes made to field: isSystemHost, returning
[14/06/23 16:03:11:104 UTC]  INFO business.FieldAPIImpl: No changes made to field: runDashboard, returning
[14/06/23 16:03:11:105 UTC]  INFO business.FieldAPIImpl: No changes made to field: metaData, returning
[14/06/23 16:03:11:106 UTC]  INFO business.FieldAPIImpl: No changes made to field: keywords, returning
[14/06/23 16:03:11:107 UTC]  INFO business.FieldAPIImpl: No changes made to field: description, returning
[14/06/23 16:03:11:108 UTC]  INFO business.FieldAPIImpl: No changes made to field: siteKeys, returning
[14/06/23 16:03:11:109 UTC]  INFO business.FieldAPIImpl: No changes made to field: googleMap, returning
[14/06/23 16:03:11:110 UTC]  INFO business.FieldAPIImpl: No changes made to field: googleAnalytics, returning
[14/06/23 16:03:11:111 UTC]  INFO business.FieldAPIImpl: No changes made to field: addThis, returning
[14/06/23 16:03:11:112 UTC]  INFO business.FieldAPIImpl: No changes made to field: proxyEditModeUrl, returning
[14/06/23 16:03:11:113 UTC]  INFO business.FieldAPIImpl: No changes made to field: embeddedDashboard, returning
[14/06/23 16:03:11:113 UTC]  INFO util.PushPublishLogger: class com.dotcms.enterprise.publishing.remote.handler.ContentTypeHandler : [BundleID: content_type_and_content_demo.tar.gz] Content Type publish success, ID: 855a2d72-f2f3-4169-8b04-ac5157c4380c, Name: Host
[14/06/23 16:03:11:115 UTC]  INFO util.SecurityLogger: class com.dotmarketing.portlets.workflows.business.WorkflowAPIImpl : Saving schemes [ [WorkflowScheme [id=d61a59e1-a49c-46f2-a929-db2b4bfa88b2, name=System Workflow, archived=false, mandatory=false]] ] for Content Type [ com.dotmarketing.portlets.structure.model.Structure@497d825d[name=Host,description=System hosts information,defaultStructure=false,reviewInterval=<null>,reviewerRole=<null>,pagedetail=<null>,structureType=1,fixed=true,system=true,velocityVarName=Host,urlMapPattern=<null>,host=SYSTEM_HOST,folder=SYSTEM_FOLDER,publishDateVar=<null>,expireDateVar=<null>,modDate=Wed Jun 14 16:03:11 UTC 2023,icon=event_note,sortOrder=0,iDate=Mon Mar 28 15:10:14 UTC 2016,type=structure,owner=<null>,inode=855a2d72-f2f3-4169-8b04-ac5157c4380c,identifier=855a2d72-f2f3-4169-8b04-ac5157c4380c] ] -- ip:172.19.0.1,user:Admin User [ID: dotcms.org.1][email:admin@dotcms.com]
[14/06/23 16:03:11:133 UTC]  INFO util.ActivityLogger: class com.dotcms.contenttype.business.ContentTypeAPIImpl: system : Save ContentType Action , User system/system user system user added ContentType type_2 to host id:48190c8c-42c4-46af-8d1a-0cd5db894797
[14/06/23 16:03:11:133 UTC]  INFO business.ContentTypeAPIImpl: UserId : system : ContentType : ContentType saved : type_2
[14/06/23 16:03:11:133 UTC]  INFO util.AdminLogger: UserId : system : class com.dotcms.contenttype.business.ContentTypeAPIImpl : ContentType : ContentType saved : type_2
[14/06/23 16:03:11:135 UTC]  INFO business.FieldAPIImpl: No changes made to field: fields0, returning
[14/06/23 16:03:11:137 UTC]  INFO business.FieldAPIImpl: No changes made to field: fields1, returning
[14/06/23 16:03:11:138 UTC]  INFO business.FieldAPIImpl: No changes made to field: text1, returning
[14/06/23 16:03:11:138 UTC]  INFO util.PushPublishLogger: class com.dotcms.enterprise.publishing.remote.handler.ContentTypeHandler : [BundleID: content_type_and_content_demo.tar.gz] Content Type publish success, ID: ea533f67-4883-42bb-9701-83293e7313e5, Name: type_2
[14/06/23 16:03:11:139 UTC]  INFO util.SecurityLogger: class com.dotmarketing.portlets.workflows.business.WorkflowAPIImpl : Saving schemes [ [WorkflowScheme [id=d61a59e1-a49c-46f2-a929-db2b4bfa88b2, name=System Workflow, archived=false, mandatory=false]] ] for Content Type [ com.dotmarketing.portlets.structure.model.Structure@2d1a5442[name=type_2,description=<null>,defaultStructure=false,reviewInterval=<null>,reviewerRole=<null>,pagedetail=<null>,structureType=1,fixed=false,system=false,velocityVarName=Type2,urlMapPattern=<null>,host=48190c8c-42c4-46af-8d1a-0cd5db894797,folder=SYSTEM_FOLDER,publishDateVar=<null>,expireDateVar=<null>,modDate=Wed Jun 14 16:03:11 UTC 2023,icon=event_note,sortOrder=0,iDate=Thu Oct 08 17:32:19 UTC 2020,type=structure,owner=<null>,inode=ea533f67-4883-42bb-9701-83293e7313e5,identifier=ea533f67-4883-42bb-9701-83293e7313e5] ] -- ip:172.19.0.1,user:Admin User [ID: dotcms.org.1][email:admin@dotcms.com]
[14/06/23 16:03:11:150 UTC]  INFO util.PushPublishLogger: class com.dotcms.enterprise.publishing.remote.handler.LanguageVariablesHandler : [BundleID: content_type_and_content_demo.tar.gz] Language File publish success, Name: cms_language_en.properties
[14/06/23 16:03:11:151 UTC]  INFO util.PushPublishLogger: class com.dotcms.enterprise.publishing.remote.handler.LanguageVariablesHandler : [BundleID: content_type_and_content_demo.tar.gz] Language File publish success, Name: cms_language_en_US.properties
[14/06/23 16:03:11:151 UTC]  INFO util.PushPublishLogger: class com.dotcms.enterprise.publishing.remote.handler.LanguageVariablesHandler : [BundleID: content_type_and_content_demo.tar.gz] Language File publish success, Name: cms_language_es.properties
[14/06/23 16:03:11:152 UTC]  INFO util.PushPublishLogger: class com.dotcms.enterprise.publishing.remote.handler.LanguageVariablesHandler : [BundleID: content_type_and_content_demo.tar.gz] Language File publish success, Name: cms_language_es_ES.properties
[14/06/23 16:03:11:153 UTC]  INFO util.PushPublishLogger: class com.dotcms.enterprise.publishing.remote.handler.LanguageVariablesHandler : [BundleID: content_type_and_content_demo.tar.gz] Language File publish success, Name: cms_language_fr.properties
[14/06/23 16:03:11:153 UTC]  INFO util.PushPublishLogger: class com.dotcms.enterprise.publishing.remote.handler.LanguageVariablesHandler : [BundleID: content_type_and_content_demo.tar.gz] Language File publish success, Name: cms_language_fr_FR.properties
[14/06/23 16:03:11:154 UTC]  INFO util.PushPublishLogger: class com.dotcms.enterprise.publishing.remote.handler.LanguageVariablesHandler : [BundleID: content_type_and_content_demo.tar.gz] Language File publish success, Name: cms_language_zh.properties
[14/06/23 16:03:11:154 UTC]  INFO util.PushPublishLogger: class com.dotcms.enterprise.publishing.remote.handler.LanguageVariablesHandler : [BundleID: content_type_and_content_demo.tar.gz] Language File publish success, Name: cms_language_zh_CN.properties
[14/06/23 16:03:11:439 UTC]  INFO reindex.ReindexThread: --- Unpausing reindex thread 
[14/06/23 16:03:11:619 UTC]  INFO reindex.BulkProcessorListener: -----------
[14/06/23 16:03:11:620 UTC]  INFO reindex.BulkProcessorListener: Reindexing Server #  : 1 of 1
[14/06/23 16:03:11:620 UTC]  INFO reindex.BulkProcessorListener: Total Indexed        : 0
[14/06/23 16:03:11:621 UTC]  INFO reindex.BulkProcessorListener: ReindexEntries found : 3
[14/06/23 16:03:11:621 UTC]  INFO reindex.BulkProcessorListener: BulkRequests created : 6
[14/06/23 16:03:11:622 UTC]  INFO reindex.BulkProcessorListener: -----------
[14/06/23 16:03:16:440 UTC]  INFO concurrent.Debouncer: Debouncing : invalidateGraphSchema after 5000 MILLISECONDS
[14/06/23 16:03:17:457 UTC]  INFO util.PushPublishLogger: class com.dotcms.rest.PushPublisherJob : [BundleID: content_type_and_content_demo.tar.gz] Finished bundle publish process
[14/06/23 16:03:17:457 UTC]  INFO rest.PushPublisherJob: Finished bundle publish process
[14/06/23 16:03:20:560 UTC]  INFO util.SecurityLogger: class com.dotmarketing.cms.login.factories.LoginFactory : User admin@dotcms.com has sucessfully logged in from IP: 172.19.0.1 -- ip:172.19.0.1,user:Admin User [ID: dotcms.org.1][email:admin@dotcms.com]
[14/06/23 16:03:20:565 UTC]  INFO rest.BundleResource: Deleting all bundles by the user: dotcms.org.1
[14/06/23 16:03:20:567 UTC]  INFO business.BundleAPIImpl: Deleting all bundles with statuses: [BUNDLE_REQUESTED, BUNDLING, SENDING_TO_ENDPOINTS, FAILED_TO_SEND_TO_ALL_GROUPS, FAILED_TO_SEND_TO_SOME_GROUPS, FAILED_TO_BUNDLE, FAILED_TO_SENT, FAILED_TO_PUBLISH, SUCCESS, BUNDLE_SENT_SUCCESSFULLY, RECEIVED_BUNDLE, PUBLISHING_BUNDLE, WAITING_FOR_PUBLISHING, BUNDLE_SAVED_SUCCESSFULLY, INVALID_TOKEN, LICENSE_REQUIRED, SUCCESS_WITH_WARNINGS, FAILED_INTEGRITY_CHECK]by the user: dotcms.org.1
[14/06/23 16:03:20:570 UTC]  INFO business.BundleAPIImpl: Removing bundle: content_type_and_content_demo and dependencies by: dotcms.org.1
[14/06/23 16:03:20:571 UTC]  INFO business.BundleAPIImpl: Removing audit status for a bundle: content_type_and_content_demo
[14/06/23 16:03:20:571 UTC]  INFO business.PublishAuditAPIImpl: Deleting the bundle: content_type_and_content_demo
[14/06/23 16:03:20:575 UTC]  INFO business.BundleAPIImpl: Removing all assets from bundle: content_type_and_content_demo
[14/06/23 16:03:20:575 UTC]  INFO business.BundleAPIImpl: Removing environments from bundle: content_type_and_content_demo
[14/06/23 16:03:20:576 UTC]  INFO business.BundleAPIImpl: Removing bundle: content_type_and_content_demo
[14/06/23 16:03:20:602 UTC]  INFO business.BundleAPIImpl: Deleted 1 bundles, failed 0 bundles
[14/06/23 16:03:20:604 UTC]  WARN struts.MultiMessageResources: Duplicate resource property definition (key=was ==> is now): contenttypes.content.copy=Copy ==> Copy
[14/06/23 16:03:20:606 UTC]  WARN struts.MultiMessageResources: Duplicate resource property definition (key=was ==> is now): message.category.import=Importing Categories.  This operation cannot be cancelled or undone. ==> IMPORT
[14/06/23 16:03:20:606 UTC]  WARN struts.MultiMessageResources: Duplicate resource property definition (key=was ==> is now): message.containers.create.content_type_code=Content Type Code ==> Content Type Code
[14/06/23 16:03:20:608 UTC]  WARN struts.MultiMessageResources: Duplicate resource property definition (key=was ==> is now): Save=Save ==> Save
[14/06/23 16:03:20:609 UTC]  WARN struts.MultiMessageResources: Duplicate resource property definition (key=was ==> is now): Move=Move ==> Move
[14/06/23 16:03:20:610 UTC]  WARN struts.MultiMessageResources: Duplicate resource property definition (key=was ==> is now): archived=archived ==> Archived
[14/06/23 16:03:23:907 UTC]  INFO delegate.SystemEventsJobDelegate: The event: 8939c987-9def-43db-8c18-54bafa3bf1c7, has been skipped on the server: c00a165e-5dc5-4e08-af2c-007c3ef57273
[14/06/23 16:03:23:907 UTC]  INFO delegate.SystemEventsJobDelegate: The event: 020caf78-b78c-4917-b767-b4639acf2b48, has been skipped on the server: c00a165e-5dc5-4e08-af2c-007c3ef57273
[14/06/23 16:03:33:649 UTC]  INFO util.SecurityLogger: class com.dotmarketing.cms.login.factories.LoginFactory : User admin@dotcms.com has sucessfully logged in from IP: 172.19.0.1 -- ip:172.19.0.1,user:Admin User [ID: dotcms.org.1][email:admin@dotcms.com]
[14/06/23 16:03:33:654 UTC]  WARN ajax.RemotePublishAjaxAction: Unable to find asset id = [ea533f67-4883-42bb-9701-83293e7313e5]
[14/06/23 16:03:33:659 UTC]  INFO util.PushPublishLogger: class com.dotcms.publisher.business.PublisherAPIImpl : [BundleID: 01H2XABRMNP4HX9XFERDP2T9NG] Asset added to Push Publish Queue. Action: Added by Browsing, Asset Type: contenttype, Asset Id: ea533f67-4883-42bb-9701-83293e7313e5, User: dotcms.org.1
[14/06/23 16:03:36:741 UTC]  INFO util.SecurityLogger: class com.dotmarketing.cms.login.factories.LoginFactory : User admin@dotcms.com has sucessfully logged in from IP: 172.19.0.1 -- ip:172.19.0.1,user:Admin User [ID: dotcms.org.1][email:admin@dotcms.com]
[14/06/23 16:03:38:777 UTC]  INFO business.PublisherQueueJob: 
[14/06/23 16:03:38:777 UTC]  INFO business.PublisherQueueJob: Found 1 bundle(s) to process.
[14/06/23 16:03:38:777 UTC]  INFO business.PublisherQueueJob: 
[14/06/23 16:03:38:777 UTC]  INFO business.PublisherQueueJob: Processing bundle: ID: 01H2XABRMNP4HX9XFERDP2T9NG. Status: Starting. Publish Date: 2020-09-10 17:14:00.0
[14/06/23 16:03:38:778 UTC]  INFO util.PushPublishLogger: class com.dotcms.publisher.business.PublishAuditStatus : Status Update: Pending.
[14/06/23 16:03:38:779 UTC]  INFO util.PushPublishLogger: class com.dotcms.publisher.business.PublisherQueueJob : Pre-publish work started.
[14/06/23 16:03:38:783 UTC]  INFO util.PushPublishLogger: class com.dotcms.publisher.business.PublisherQueueJob : Pre-publish work complete.
[14/06/23 16:03:38:783 UTC]  INFO util.PushPublishLogger: class com.dotcms.publishing.PublisherAPIImpl : [BundleID: 01H2XABRMNP4HX9XFERDP2T9NG] Started Publishing Task
[14/06/23 16:03:38:785 UTC]  INFO publishing.PublisherAPIImpl: Start of Bundler: DependencyBundler
[14/06/23 16:03:47:827 UTC]  INFO dependencies.ConcurrentDependencyProcessor: DependencyProcessor Finished
[14/06/23 16:03:47:827 UTC]  INFO publishing.PublisherAPIImpl: End of Bundler: DependencyBundler
[14/06/23 16:03:47:827 UTC]  INFO publishing.PublisherAPIImpl: Start of Bundler: HostBundler
[14/06/23 16:03:47:829 UTC]  INFO util.PushPublishLogger: class com.dotcms.enterprise.publishing.remote.bundler.HostBundler : Status Update: Bundling.
[14/06/23 16:03:47:862 UTC]  INFO bundler.HostBundler: Searching for ContentletVersionInfo. Identifier: 48190c8c-42c4-46af-8d1a-0cd5db894797. Language:1
[14/06/23 16:03:47:880 UTC]  INFO util.PushPublishLogger: class com.dotcms.enterprise.publishing.remote.bundler.HostBundler : Status Update: Bundling.
[14/06/23 16:03:47:883 UTC]  INFO publishing.PublisherAPIImpl: End of Bundler: HostBundler
[14/06/23 16:03:47:884 UTC]  INFO publishing.PublisherAPIImpl: Start of Bundler: ContentBundler
[14/06/23 16:03:47:886 UTC]  INFO util.PushPublishLogger: class com.dotcms.enterprise.publishing.remote.bundler.ContentBundler : Status Update: Bundling.
[14/06/23 16:03:47:888 UTC]  INFO util.PushPublishLogger: class com.dotcms.enterprise.publishing.remote.bundler.ContentBundler : Status Update: Bundling.
[14/06/23 16:03:47:889 UTC]  INFO publishing.PublisherAPIImpl: End of Bundler: ContentBundler
[14/06/23 16:03:47:889 UTC]  INFO publishing.PublisherAPIImpl: Start of Bundler: FolderBundler
[14/06/23 16:03:47:890 UTC]  INFO publishing.PublisherAPIImpl: End of Bundler: FolderBundler
[14/06/23 16:03:47:890 UTC]  INFO publishing.PublisherAPIImpl: Start of Bundler: TemplateBundler
[14/06/23 16:03:47:890 UTC]  INFO publishing.PublisherAPIImpl: End of Bundler: TemplateBundler
[14/06/23 16:03:47:891 UTC]  INFO publishing.PublisherAPIImpl: Start of Bundler: ContainerBundler
[14/06/23 16:03:47:891 UTC]  INFO publishing.PublisherAPIImpl: End of Bundler: ContainerBundler
[14/06/23 16:03:47:891 UTC]  INFO publishing.PublisherAPIImpl: Start of Bundler: RuleBundler
[14/06/23 16:03:47:891 UTC]  INFO publishing.PublisherAPIImpl: End of Bundler: RuleBundler
[14/06/23 16:03:47:892 UTC]  INFO publishing.PublisherAPIImpl: Start of Bundler: LinkBundler
[14/06/23 16:03:47:892 UTC]  INFO publishing.PublisherAPIImpl: End of Bundler: LinkBundler
[14/06/23 16:03:47:892 UTC]  INFO publishing.PublisherAPIImpl: Start of Bundler: ContentTypeBundler
[14/06/23 16:03:47:898 UTC]  INFO publishing.PublisherAPIImpl: End of Bundler: ContentTypeBundler
[14/06/23 16:03:47:898 UTC]  INFO publishing.PublisherAPIImpl: Start of Bundler: RelationshipBundler
[14/06/23 16:03:47:898 UTC]  INFO publishing.PublisherAPIImpl: End of Bundler: RelationshipBundler
[14/06/23 16:03:47:899 UTC]  INFO publishing.PublisherAPIImpl: Start of Bundler: LanguageVariablesBundler
[14/06/23 16:03:47:900 UTC]  WARN util.FileUtil: /data/shared/assets/messages/cms_language_en_US.properties is empty
[14/06/23 16:03:47:901 UTC]  WARN util.FileUtil: /data/shared/assets/messages/cms_language_es_ES.properties is empty
[14/06/23 16:03:47:902 UTC]  WARN util.FileUtil: /data/shared/assets/messages/cms_language_fr_FR.properties is empty
[14/06/23 16:03:47:903 UTC]  WARN util.FileUtil: /data/shared/assets/messages/cms_language_zh_CN.properties is empty
[14/06/23 16:03:47:903 UTC]  INFO publishing.PublisherAPIImpl: End of Bundler: LanguageVariablesBundler
[14/06/23 16:03:47:904 UTC]  INFO publishing.PublisherAPIImpl: Start of Bundler: WorkflowBundler
[14/06/23 16:03:47:966 UTC]  INFO publishing.PublisherAPIImpl: End of Bundler: WorkflowBundler
[14/06/23 16:03:47:966 UTC]  INFO publishing.PublisherAPIImpl: Start of Bundler: LanguageBundler
[14/06/23 16:03:47:967 UTC]  INFO publishing.PublisherAPIImpl: End of Bundler: LanguageBundler
[14/06/23 16:03:47:967 UTC]  INFO publishing.PublisherAPIImpl: Start of Bundler: BundleXMLAsc
[14/06/23 16:03:47:967 UTC]  INFO publishing.PublisherAPIImpl: End of Bundler: BundleXMLAsc
[14/06/23 16:03:47:968 UTC]  INFO publishing.PublisherAPIImpl: Start of Bundler: CategoryBundler
[14/06/23 16:03:47:968 UTC]  INFO publishing.PublisherAPIImpl: End of Bundler: CategoryBundler
[14/06/23 16:03:48:028 UTC]  INFO util.PushPublishLogger: class com.dotcms.publisher.pusher.PushPublisher : Status Update: Sending to all environments
[14/06/23 16:03:48:030 UTC]  INFO util.PushPublishLogger: class com.dotcms.publisher.pusher.PushPublisher : Status Update: Sending Bundle
[14/06/23 16:03:48:069 UTC]  INFO pusher.AuthCredentialPushPublishUtil: Is JWT in Push publish avaible?: false
[14/06/23 16:03:48:069 UTC]  INFO pusher.AuthCredentialPushPublishUtil: PublishingEndPoint: receiver-1686758515211
[14/06/23 16:03:48:069 UTC]  INFO pusher.AuthCredentialPushPublishUtil: PublishingEndPoint key: Optional[pmWkWSBCL51Bfkhn79xPuKBKHz//H6B+mY6G9/eieuM=]
[14/06/23 16:03:48:069 UTC]  INFO pusher.AuthCredentialPushPublishUtil: Token from request: 8SNNdReNiSoTOkEDVaWpkM910vM+uiXVdZQ9TfYy86Q=
[14/06/23 16:03:48:072 UTC] ERROR rest.IntegrityResource: Receiver at localhost:8080:> Authentication Token is invalid for ip: 127.0.0.1
[14/06/23 16:03:54:082 UTC]  INFO util.PushPublishLogger: class com.dotcms.publisher.pusher.PushPublisher : Invalid token
[14/06/23 16:03:54:854 UTC]  INFO util.SecurityLogger: class com.dotmarketing.cms.login.factories.LoginFactory : User admin@dotcms.com has sucessfully logged in from IP: 172.19.0.1 -- ip:172.19.0.1,user:Admin User [ID: dotcms.org.1][email:admin@dotcms.com]
[14/06/23 16:03:57:101 UTC]  INFO util.PushPublishLogger: class com.dotcms.publishing.PublisherAPIImpl : [BundleID: 01H2XABRMNP4HX9XFERDP2T9NG] Completed Publishing Task
[14/06/23 16:03:59:933 UTC]  INFO util.SecurityLogger: class com.dotcms.cms.login.LoginServiceAPIFactory$LoginServiceImpl : User dotcms.org.1 has successfully login from IP: 172.19.0.1 -- ip:172.19.0.1,user:Admin User [ID: dotcms.org.1][email:admin@dotcms.com]
[14/06/23 16:04:00:121 UTC]  INFO pusher.AuthCredentialPushPublishUtil: Is JWT in Push publish avaible?: false
[14/06/23 16:04:00:121 UTC]  INFO pusher.AuthCredentialPushPublishUtil: PublishingEndPoint: null
[14/06/23 16:04:00:122 UTC]  WARN pusher.PushPublisher: Endpoint or endpoint key is null:null
[14/06/23 16:04:00:122 UTC]  INFO pusher.AuthCredentialPushPublishUtil: PublishingEndPoint key: Optional.empty
[14/06/23 16:04:00:122 UTC] ERROR rest.IntegrityResource: Receiver at 013b278aa732:8080:> Authentication Token is invalid for ip: 172.19.0.1
[14/06/23 16:04:00:195 UTC]  INFO business.PublisherQueueJob: ===========================================================
[14/06/23 16:04:00:196 UTC]  INFO business.PublisherQueueJob: For bundle '01H2XABRMNP4HX9XFERDP2T9NG':
[14/06/23 16:04:00:196 UTC]  INFO business.PublisherQueueJob: -> Status             : WAITING_FOR_PUBLISHING [13]
[14/06/23 16:04:00:196 UTC]  INFO business.PublisherQueueJob: ===========================================================
[14/06/23 16:04:04:298 UTC]  INFO util.SecurityLogger: class com.dotcms.cms.login.LoginServiceAPIFactory$LoginServiceImpl : User dotcms.org.1 has successfully login from IP: 172.19.0.1 -- ip:172.19.0.1,user:Admin User [ID: dotcms.org.1][email:admin@dotcms.com]
[14/06/23 16:04:06:378 UTC]  INFO pusher.AuthCredentialPushPublishUtil: Is JWT in Push publish avaible?: false
[14/06/23 16:04:06:378 UTC]  INFO pusher.AuthCredentialPushPublishUtil: PublishingEndPoint: null
[14/06/23 16:04:06:378 UTC]  WARN pusher.PushPublisher: Endpoint or endpoint key is null:null
[14/06/23 16:04:06:378 UTC]  INFO pusher.AuthCredentialPushPublishUtil: PublishingEndPoint key: Optional.empty
[14/06/23 16:04:06:378 UTC] ERROR rest.IntegrityResource: Receiver at 013b278aa732:8080:> Authentication Token is invalid for ip: 172.19.0.1
[14/06/23 16:04:06:426 UTC]  INFO pusher.AuthCredentialPushPublishUtil: Is JWT in Push publish avaible?: false
[14/06/23 16:04:06:426 UTC]  INFO pusher.AuthCredentialPushPublishUtil: PublishingEndPoint: null
[14/06/23 16:04:06:426 UTC]  WARN pusher.PushPublisher: Endpoint or endpoint key is null:null
[14/06/23 16:04:06:426 UTC]  INFO pusher.AuthCredentialPushPublishUtil: PublishingEndPoint key: Optional.empty
[14/06/23 16:04:06:426 UTC] ERROR rest.IntegrityResource: Receiver at 013b278aa732:8080:> Authentication Token is invalid for ip: 172.19.0.1
[14/06/23 16:04:06:463 UTC]  INFO pusher.AuthCredentialPushPublishUtil: Is JWT in Push publish avaible?: false
[14/06/23 16:04:06:463 UTC]  INFO pusher.AuthCredentialPushPublishUtil: PublishingEndPoint: null
[14/06/23 16:04:06:463 UTC]  WARN pusher.PushPublisher: Endpoint or endpoint key is null:null
[14/06/23 16:04:06:463 UTC]  INFO pusher.AuthCredentialPushPublishUtil: PublishingEndPoint key: Optional.empty
[14/06/23 16:04:06:463 UTC] ERROR rest.IntegrityResource: Receiver at 013b278aa732:8080:> Authentication Token is invalid for ip: 172.19.0.1
[14/06/23 16:04:10:298 UTC]  INFO util.SecurityLogger: class com.dotcms.cms.login.LoginServiceAPIFactory$LoginServiceImpl : User dotcms.org.1 has successfully login from IP: 172.19.0.1 -- ip:172.19.0.1,user:Admin User [ID: dotcms.org.1][email:admin@dotcms.com]
[14/06/23 16:04:10:390 UTC] ERROR rest.BundlePublisherResource: Push Publishing failed from 172.19.0.1 bundle expected
[14/06/23 16:04:10:438 UTC]  INFO pusher.AuthCredentialPushPublishUtil: Is JWT in Push publish avaible?: false
[14/06/23 16:04:10:440 UTC]  INFO pusher.AuthCredentialPushPublishUtil: PublishingEndPoint: null
[14/06/23 16:04:10:440 UTC]  WARN pusher.PushPublisher: Endpoint or endpoint key is null:null
[14/06/23 16:04:10:440 UTC]  INFO pusher.AuthCredentialPushPublishUtil: PublishingEndPoint key: Optional.empty
[14/06/23 16:04:10:441 UTC] ERROR rest.IntegrityResource: Receiver at 013b278aa732:8080:> Authentication Token is invalid for ip: 172.19.0.1
[14/06/23 16:04:15:437 UTC]  INFO util.SecurityLogger: class com.dotcms.cms.login.LoginServiceAPIFactory$LoginServiceImpl : User dotcms.org.1 has successfully login from IP: 172.19.0.1 -- ip:172.19.0.1,user:Admin User [ID: dotcms.org.1][email:admin@dotcms.com]
[14/06/23 16:04:18:512 UTC]  INFO util.SecurityLogger: class com.dotmarketing.cms.login.factories.LoginFactory : User admin@dotcms.com has sucessfully logged in from IP: 172.19.0.1 -- ip:172.19.0.1,user:Admin User [ID: dotcms.org.1][email:admin@dotcms.com]
[14/06/23 16:04:21:553 UTC]  INFO util.SecurityLogger: class com.dotmarketing.cms.login.factories.LoginFactory : User admin@dotcms.com has sucessfully logged in from IP: 172.19.0.1 -- ip:172.19.0.1,user:Admin User [ID: dotcms.org.1][email:admin@dotcms.com]
[14/06/23 16:04:21:796 UTC]  INFO publishing.PublisherAPIImpl: Push Publishing Filters Directory: Lazy(/data/shared/assets/server/publishing-filters)
[14/06/23 16:04:21:796 UTC]  INFO publishing.PublisherAPIImpl: Loading Push Publish Filter: ShallowPush.yml
[14/06/23 16:04:21:797 UTC]  INFO publishing.PublisherAPIImpl: FilterDescriptor{key=ShallowPush.yml, title=Only Selected Items, sort=5, default=false, roles=DOTCMS_BACK_END_USER, filters{{excludeQuery=, excludeClasses=[], dependencies=false, excludeDependencyQuery=, excludeDependencyClasses=[], forcePush=false, relationships=false}}}
[14/06/23 16:04:21:798 UTC]  INFO publishing.PublisherAPIImpl: Loading Push Publish Filter: NoWorkflow.yml
[14/06/23 16:04:21:805 UTC]  INFO publishing.PublisherAPIImpl: FilterDescriptor{key=NoWorkflow.yml, title=Push without Wofklows, sort=1000, default=false, roles=DOTCMS_BACK_END_USER, filters{{excludeQuery=, excludeClasses=[Host, Workflow, OSGI], dependencies=true, excludeDependencyQuery=, excludeDependencyClasses=[Host, Workflow], forcePush=false, relationships=false}}}
[14/06/23 16:04:21:805 UTC]  INFO publishing.PublisherAPIImpl: Loading Push Publish Filter: Intelligent.yml
[14/06/23 16:04:21:806 UTC]  INFO publishing.PublisherAPIImpl: FilterDescriptor{key=Intelligent.yml, title=Everything and Dependencies, sort=3, default=true, roles=DOTCMS_BACK_END_USER, filters{{excludeQuery=, excludeClasses=[], dependencies=true, excludeDependencyQuery=, excludeDependencyClasses=[], forcePush=false, relationships=true}}}
[14/06/23 16:04:21:806 UTC]  INFO publishing.PublisherAPIImpl: Loading Push Publish Filter: ForcePush.yml
[14/06/23 16:04:21:806 UTC]  INFO publishing.PublisherAPIImpl: FilterDescriptor{key=ForcePush.yml, title=Force Push Everything, sort=4, default=false, roles=DOTCMS_BACK_END_USER, filters{{excludeQuery=, excludeClasses=[], dependencies=true, excludeDependencyQuery=, excludeDependencyClasses=[], forcePush=true, relationships=true}}}
[14/06/23 16:04:21:806 UTC]  INFO publishing.PublisherAPIImpl: Loading Push Publish Filter: ContentOnly.yml
[14/06/23 16:04:21:807 UTC]  INFO publishing.PublisherAPIImpl: FilterDescriptor{key=ContentOnly.yml, title=Content and Relationships, sort=1, default=false, roles=DOTCMS_BACK_END_USER, filters{{excludeQuery=, excludeClasses=[ContentType, Template, Containers, Folder, Host, Links, Workflow, Language, Rule, User, OSGI], dependencies=true, excludeDependencyQuery=, excludeDependencyClasses=[ContentType, Template, Containers, Folder, Host, Links, Workflow, Language, Rule], forcePush=false, relationships=true}}}
[14/06/23 16:04:21:807 UTC]  INFO publishing.PublisherAPIImpl: Loading Push Publish Filter: WebContentOnly.yml
[14/06/23 16:04:21:811 UTC]  INFO publishing.PublisherAPIImpl: FilterDescriptor{key=WebContentOnly.yml, title=Content, Assets and Pages, sort=2, default=false, roles=DOTCMS_BACK_END_USER, filters{{excludeQuery=, excludeClasses=[Host, Workflow, ContentType, User, OSGI, Language], dependencies=true, excludeDependencyQuery=, excludeDependencyClasses=[Host, Workflow, ContentType, Language], forcePush=false, relationships=true}}}
[14/06/23 16:04:24:856 UTC]  INFO util.SecurityLogger: class com.dotmarketing.cms.login.factories.LoginFactory : User admin@dotcms.com has sucessfully logged in from IP: 172.19.0.1 -- ip:172.19.0.1,user:Admin User [ID: dotcms.org.1][email:admin@dotcms.com]
[14/06/23 16:04:24:868 UTC]  INFO publishing.PublisherAPIImpl: Push Publishing Filters Directory: Lazy(/data/shared/assets/server/publishing-filters)
[14/06/23 16:04:24:868 UTC]  INFO publishing.PublisherAPIImpl: Loading Push Publish Filter: ShallowPush.yml
[14/06/23 16:04:24:870 UTC]  INFO publishing.PublisherAPIImpl: FilterDescriptor{key=ShallowPush.yml, title=Only Selected Items, sort=5, default=false, roles=DOTCMS_BACK_END_USER, filters{{excludeQuery=, excludeClasses=[], dependencies=false, excludeDependencyQuery=, excludeDependencyClasses=[], forcePush=false, relationships=false}}}
[14/06/23 16:04:24:871 UTC]  INFO publishing.PublisherAPIImpl: Loading Push Publish Filter: NoWorkflow.yml
[14/06/23 16:04:24:872 UTC]  INFO publishing.PublisherAPIImpl: FilterDescriptor{key=NoWorkflow.yml, title=Push without Wofklows, sort=1000, default=false, roles=DOTCMS_BACK_END_USER, filters{{excludeQuery=, excludeClasses=[Host, Workflow, OSGI], dependencies=true, excludeDependencyQuery=, excludeDependencyClasses=[Host, Workflow], forcePush=false, relationships=false}}}
[14/06/23 16:04:24:872 UTC]  INFO publishing.PublisherAPIImpl: Loading Push Publish Filter: Intelligent.yml
[14/06/23 16:04:24:873 UTC]  INFO publishing.PublisherAPIImpl: FilterDescriptor{key=Intelligent.yml, title=Everything and Dependencies, sort=3, default=true, roles=DOTCMS_BACK_END_USER, filters{{excludeQuery=, excludeClasses=[], dependencies=true, excludeDependencyQuery=, excludeDependencyClasses=[], forcePush=false, relationships=true}}}
[14/06/23 16:04:24:873 UTC]  INFO publishing.PublisherAPIImpl: Loading Push Publish Filter: ForcePush.yml
[14/06/23 16:04:24:874 UTC]  INFO publishing.PublisherAPIImpl: FilterDescriptor{key=ForcePush.yml, title=Force Push Everything, sort=4, default=false, roles=DOTCMS_BACK_END_USER, filters{{excludeQuery=, excludeClasses=[], dependencies=true, excludeDependencyQuery=, excludeDependencyClasses=[], forcePush=true, relationships=true}}}
[14/06/23 16:04:24:875 UTC]  INFO publishing.PublisherAPIImpl: Loading Push Publish Filter: TestPPFilter.yml
[14/06/23 16:04:24:876 UTC]  INFO publishing.PublisherAPIImpl: FilterDescriptor{key=TestPPFilter.yml, title=Force Push Everything, sort=20, default=false, roles=DOTCMS_BACK_END_USER, filters{{excludeQuery=, excludeClasses=[], dependencies=true, excludeDependencyQuery=, excludeDependencyClasses=[], forcePush=true, relationships=true}}}
[14/06/23 16:04:24:877 UTC]  INFO publishing.PublisherAPIImpl: Loading Push Publish Filter: ContentOnly.yml
[14/06/23 16:04:24:878 UTC]  INFO publishing.PublisherAPIImpl: FilterDescriptor{key=ContentOnly.yml, title=Content and Relationships, sort=1, default=false, roles=DOTCMS_BACK_END_USER, filters{{excludeQuery=, excludeClasses=[ContentType, Template, Containers, Folder, Host, Links, Workflow, Language, Rule, User, OSGI], dependencies=true, excludeDependencyQuery=, excludeDependencyClasses=[ContentType, Template, Containers, Folder, Host, Links, Workflow, Language, Rule], forcePush=false, relationships=true}}}
[14/06/23 16:04:24:879 UTC]  INFO publishing.PublisherAPIImpl: Loading Push Publish Filter: WebContentOnly.yml
[14/06/23 16:04:24:881 UTC]  INFO publishing.PublisherAPIImpl: FilterDescriptor{key=WebContentOnly.yml, title=Content, Assets and Pages, sort=2, default=false, roles=DOTCMS_BACK_END_USER, filters{{excludeQuery=, excludeClasses=[Host, Workflow, ContentType, User, OSGI, Language], dependencies=true, excludeDependencyQuery=, excludeDependencyClasses=[Host, Workflow, ContentType, Language], forcePush=false, relationships=true}}}
[14/06/23 16:04:27:919 UTC]  INFO util.SecurityLogger: class com.dotmarketing.cms.login.factories.LoginFactory : User admin@dotcms.com has sucessfully logged in from IP: 172.19.0.1 -- ip:172.19.0.1,user:Admin User [ID: dotcms.org.1][email:admin@dotcms.com]
[14/06/23 16:04:27:926 UTC]  INFO publishing.PublisherAPIImpl: Push Publishing Filters Directory: Lazy(/data/shared/assets/server/publishing-filters)
[14/06/23 16:04:27:926 UTC]  INFO publishing.PublisherAPIImpl: Loading Push Publish Filter: ShallowPush.yml
[14/06/23 16:04:27:929 UTC]  INFO publishing.PublisherAPIImpl: FilterDescriptor{key=ShallowPush.yml, title=Only Selected Items, sort=5, default=false, roles=DOTCMS_BACK_END_USER, filters{{excludeQuery=, excludeClasses=[], dependencies=false, excludeDependencyQuery=, excludeDependencyClasses=[], forcePush=false, relationships=false}}}
[14/06/23 16:04:27:929 UTC]  INFO publishing.PublisherAPIImpl: Loading Push Publish Filter: NoWorkflow.yml
[14/06/23 16:04:27:931 UTC]  INFO publishing.PublisherAPIImpl: FilterDescriptor{key=NoWorkflow.yml, title=Push without Wofklows Updated., sort=0, default=false, roles=DOTCMS_BACK_END_USER, filters{{excludeQuery=, excludeClasses=[Host, Workflow, OSGI], dependencies=true, excludeDependencyQuery=, excludeDependencyClasses=[Host, Workflow], forcePush=false, relationships=false}}}
[14/06/23 16:04:27:939 UTC]  INFO publishing.PublisherAPIImpl: Loading Push Publish Filter: Intelligent.yml
[14/06/23 16:04:27:942 UTC]  INFO publishing.PublisherAPIImpl: FilterDescriptor{key=Intelligent.yml, title=Everything and Dependencies, sort=3, default=true, roles=DOTCMS_BACK_END_USER, filters{{excludeQuery=, excludeClasses=[], dependencies=true, excludeDependencyQuery=, excludeDependencyClasses=[], forcePush=false, relationships=true}}}
[14/06/23 16:04:27:942 UTC]  INFO publishing.PublisherAPIImpl: Loading Push Publish Filter: ForcePush.yml
[14/06/23 16:04:27:943 UTC]  INFO publishing.PublisherAPIImpl: FilterDescriptor{key=ForcePush.yml, title=Force Push Everything, sort=4, default=false, roles=DOTCMS_BACK_END_USER, filters{{excludeQuery=, excludeClasses=[], dependencies=true, excludeDependencyQuery=, excludeDependencyClasses=[], forcePush=true, relationships=true}}}
[14/06/23 16:04:27:943 UTC]  INFO publishing.PublisherAPIImpl: Loading Push Publish Filter: TestPPFilter.yml
[14/06/23 16:04:27:946 UTC]  INFO publishing.PublisherAPIImpl: FilterDescriptor{key=TestPPFilter.yml, title=Force Push Everything, sort=20, default=false, roles=DOTCMS_BACK_END_USER, filters{{excludeQuery=, excludeClasses=[], dependencies=true, excludeDependencyQuery=, excludeDependencyClasses=[], forcePush=true, relationships=true}}}
[14/06/23 16:04:27:947 UTC]  INFO publishing.PublisherAPIImpl: Loading Push Publish Filter: ContentOnly.yml
[14/06/23 16:04:27:948 UTC]  INFO publishing.PublisherAPIImpl: FilterDescriptor{key=ContentOnly.yml, title=Content and Relationships, sort=1, default=false, roles=DOTCMS_BACK_END_USER, filters{{excludeQuery=, excludeClasses=[ContentType, Template, Containers, Folder, Host, Links, Workflow, Language, Rule, User, OSGI], dependencies=true, excludeDependencyQuery=, excludeDependencyClasses=[ContentType, Template, Containers, Folder, Host, Links, Workflow, Language, Rule], forcePush=false, relationships=true}}}
[14/06/23 16:04:27:950 UTC]  INFO publishing.PublisherAPIImpl: Loading Push Publish Filter: WebContentOnly.yml
[14/06/23 16:04:27:951 UTC]  INFO publishing.PublisherAPIImpl: FilterDescriptor{key=WebContentOnly.yml, title=Content, Assets and Pages, sort=2, default=false, roles=DOTCMS_BACK_END_USER, filters{{excludeQuery=, excludeClasses=[Host, Workflow, ContentType, User, OSGI, Language], dependencies=true, excludeDependencyQuery=, excludeDependencyClasses=[Host, Workflow, ContentType, Language], forcePush=false, relationships=true}}}
[14/06/23 16:04:31:005 UTC]  INFO util.SecurityLogger: class com.dotmarketing.cms.login.factories.LoginFactory : User admin@dotcms.com has sucessfully logged in from IP: 172.19.0.1 -- ip:172.19.0.1,user:Admin User [ID: dotcms.org.1][email:admin@dotcms.com]
[14/06/23 16:04:31:008 UTC]  INFO publishing.PublisherAPIImpl: Push Publishing Filters Directory: Lazy(/data/shared/assets/server/publishing-filters)
[14/06/23 16:04:31:008 UTC]  INFO publishing.PublisherAPIImpl: Loading Push Publish Filter: ShallowPush.yml
[14/06/23 16:04:31:009 UTC]  INFO publishing.PublisherAPIImpl: FilterDescriptor{key=ShallowPush.yml, title=Only Selected Items, sort=5, default=false, roles=DOTCMS_BACK_END_USER, filters{{excludeQuery=, excludeClasses=[], dependencies=false, excludeDependencyQuery=, excludeDependencyClasses=[], forcePush=false, relationships=false}}}
[14/06/23 16:04:31:009 UTC]  INFO publishing.PublisherAPIImpl: Loading Push Publish Filter: NoWorkflow.yml
[14/06/23 16:04:31:010 UTC]  INFO publishing.PublisherAPIImpl: FilterDescriptor{key=NoWorkflow.yml, title=Push without Wofklows Updated., sort=0, default=false, roles=DOTCMS_BACK_END_USER, filters{{excludeQuery=, excludeClasses=[Host, Workflow, OSGI], dependencies=true, excludeDependencyQuery=, excludeDependencyClasses=[Host, Workflow], forcePush=false, relationships=false}}}
[14/06/23 16:04:31:010 UTC]  INFO publishing.PublisherAPIImpl: Loading Push Publish Filter: Intelligent.yml
[14/06/23 16:04:31:011 UTC]  INFO publishing.PublisherAPIImpl: FilterDescriptor{key=Intelligent.yml, title=Everything and Dependencies, sort=3, default=true, roles=DOTCMS_BACK_END_USER, filters{{excludeQuery=, excludeClasses=[], dependencies=true, excludeDependencyQuery=, excludeDependencyClasses=[], forcePush=false, relationships=true}}}
[14/06/23 16:04:31:011 UTC]  INFO publishing.PublisherAPIImpl: Loading Push Publish Filter: ForcePush.yml
[14/06/23 16:04:31:012 UTC]  INFO publishing.PublisherAPIImpl: FilterDescriptor{key=ForcePush.yml, title=Force Push Everything, sort=4, default=false, roles=DOTCMS_BACK_END_USER, filters{{excludeQuery=, excludeClasses=[], dependencies=true, excludeDependencyQuery=, excludeDependencyClasses=[], forcePush=true, relationships=true}}}
[14/06/23 16:04:31:012 UTC]  INFO publishing.PublisherAPIImpl: Loading Push Publish Filter: TestPPFilter.yml
[14/06/23 16:04:31:013 UTC]  INFO publishing.PublisherAPIImpl: FilterDescriptor{key=TestPPFilter.yml, title=Force Push Everything, sort=20, default=false, roles=DOTCMS_BACK_END_USER, filters{{excludeQuery=, excludeClasses=[], dependencies=true, excludeDependencyQuery=, excludeDependencyClasses=[], forcePush=true, relationships=true}}}
[14/06/23 16:04:31:013 UTC]  INFO publishing.PublisherAPIImpl: Loading Push Publish Filter: ContentOnly.yml
[14/06/23 16:04:31:013 UTC]  INFO publishing.PublisherAPIImpl: FilterDescriptor{key=ContentOnly.yml, title=Content and Relationships, sort=1, default=false, roles=DOTCMS_BACK_END_USER, filters{{excludeQuery=, excludeClasses=[ContentType, Template, Containers, Folder, Host, Links, Workflow, Language, Rule, User, OSGI], dependencies=true, excludeDependencyQuery=, excludeDependencyClasses=[ContentType, Template, Containers, Folder, Host, Links, Workflow, Language, Rule], forcePush=false, relationships=true}}}
[14/06/23 16:04:31:014 UTC]  INFO publishing.PublisherAPIImpl: Loading Push Publish Filter: WebContentOnly.yml
[14/06/23 16:04:31:014 UTC]  INFO publishing.PublisherAPIImpl: FilterDescriptor{key=WebContentOnly.yml, title=Content, Assets and Pages, sort=2, default=false, roles=DOTCMS_BACK_END_USER, filters{{excludeQuery=, excludeClasses=[Host, Workflow, ContentType, User, OSGI, Language], dependencies=true, excludeDependencyQuery=, excludeDependencyClasses=[Host, Workflow, ContentType, Language], forcePush=false, relationships=true}}}
[14/06/23 16:04:34:058 UTC]  INFO util.SecurityLogger: class com.dotmarketing.cms.login.factories.LoginFactory : User admin@dotcms.com has sucessfully logged in from IP: 172.19.0.1 -- ip:172.19.0.1,user:Admin User [ID: dotcms.org.1][email:admin@dotcms.com]
[14/06/23 16:04:37:092 UTC]  INFO util.SecurityLogger: class com.dotmarketing.cms.login.factories.LoginFactory : User admin@dotcms.com has sucessfully logged in from IP: 172.19.0.1 -- ip:172.19.0.1,user:Admin User [ID: dotcms.org.1][email:admin@dotcms.com]
[14/06/23 16:04:37:099 UTC]  INFO publishing.PublisherAPIImpl: Push Publishing Filters Directory: Lazy(/data/shared/assets/server/publishing-filters)
[14/06/23 16:04:37:100 UTC]  INFO publishing.PublisherAPIImpl: Loading Push Publish Filter: ShallowPush.yml
[14/06/23 16:04:37:100 UTC]  INFO publishing.PublisherAPIImpl: FilterDescriptor{key=ShallowPush.yml, title=Only Selected Items, sort=5, default=false, roles=DOTCMS_BACK_END_USER, filters{{excludeQuery=, excludeClasses=[], dependencies=false, excludeDependencyQuery=, excludeDependencyClasses=[], forcePush=false, relationships=false}}}
[14/06/23 16:04:37:100 UTC]  INFO publishing.PublisherAPIImpl: Loading Push Publish Filter: Intelligent.yml
[14/06/23 16:04:37:101 UTC]  INFO publishing.PublisherAPIImpl: FilterDescriptor{key=Intelligent.yml, title=Everything and Dependencies, sort=3, default=true, roles=DOTCMS_BACK_END_USER, filters{{excludeQuery=, excludeClasses=[], dependencies=true, excludeDependencyQuery=, excludeDependencyClasses=[], forcePush=false, relationships=true}}}
[14/06/23 16:04:37:101 UTC]  INFO publishing.PublisherAPIImpl: Loading Push Publish Filter: ForcePush.yml
[14/06/23 16:04:37:101 UTC]  INFO publishing.PublisherAPIImpl: FilterDescriptor{key=ForcePush.yml, title=Force Push Everything, sort=4, default=false, roles=DOTCMS_BACK_END_USER, filters{{excludeQuery=, excludeClasses=[], dependencies=true, excludeDependencyQuery=, excludeDependencyClasses=[], forcePush=true, relationships=true}}}
[14/06/23 16:04:37:101 UTC]  INFO publishing.PublisherAPIImpl: Loading Push Publish Filter: TestPPFilter.yml
[14/06/23 16:04:37:101 UTC]  INFO publishing.PublisherAPIImpl: FilterDescriptor{key=TestPPFilter.yml, title=Force Push Everything, sort=20, default=false, roles=DOTCMS_BACK_END_USER, filters{{excludeQuery=, excludeClasses=[], dependencies=true, excludeDependencyQuery=, excludeDependencyClasses=[], forcePush=true, relationships=true}}}
[14/06/23 16:04:37:101 UTC]  INFO publishing.PublisherAPIImpl: Loading Push Publish Filter: ContentOnly.yml
[14/06/23 16:04:37:108 UTC]  INFO publishing.PublisherAPIImpl: FilterDescriptor{key=ContentOnly.yml, title=Content and Relationships, sort=1, default=false, roles=DOTCMS_BACK_END_USER, filters{{excludeQuery=, excludeClasses=[ContentType, Template, Containers, Folder, Host, Links, Workflow, Language, Rule, User, OSGI], dependencies=true, excludeDependencyQuery=, excludeDependencyClasses=[ContentType, Template, Containers, Folder, Host, Links, Workflow, Language, Rule], forcePush=false, relationships=true}}}
[14/06/23 16:04:37:110 UTC]  INFO publishing.PublisherAPIImpl: Loading Push Publish Filter: WebContentOnly.yml
[14/06/23 16:04:37:111 UTC]  INFO publishing.PublisherAPIImpl: FilterDescriptor{key=WebContentOnly.yml, title=Content, Assets and Pages, sort=2, default=false, roles=DOTCMS_BACK_END_USER, filters{{excludeQuery=, excludeClasses=[Host, Workflow, ContentType, User, OSGI, Language], dependencies=true, excludeDependencyQuery=, excludeDependencyClasses=[Host, Workflow, ContentType, Language], forcePush=false, relationships=true}}}
[14/06/23 16:04:40:163 UTC]  INFO util.SecurityLogger: class com.dotmarketing.cms.login.factories.LoginFactory : User admin@dotcms.com has sucessfully logged in from IP: 172.19.0.1 -- ip:172.19.0.1,user:Admin User [ID: dotcms.org.1][email:admin@dotcms.com]
[14/06/23 16:04:40:167 UTC]  INFO publishing.PublisherAPIImpl: Push Publishing Filters Directory: Lazy(/data/shared/assets/server/publishing-filters)
[14/06/23 16:04:40:167 UTC]  INFO publishing.PublisherAPIImpl: Loading Push Publish Filter: ShallowPush.yml
[14/06/23 16:04:40:168 UTC]  INFO publishing.PublisherAPIImpl: FilterDescriptor{key=ShallowPush.yml, title=Only Selected Items, sort=5, default=false, roles=DOTCMS_BACK_END_USER, filters{{excludeQuery=, excludeClasses=[], dependencies=false, excludeDependencyQuery=, excludeDependencyClasses=[], forcePush=false, relationships=false}}}
[14/06/23 16:04:40:168 UTC]  INFO publishing.PublisherAPIImpl: Loading Push Publish Filter: Intelligent.yml
[14/06/23 16:04:40:168 UTC]  INFO publishing.PublisherAPIImpl: FilterDescriptor{key=Intelligent.yml, title=Everything and Dependencies, sort=3, default=true, roles=DOTCMS_BACK_END_USER, filters{{excludeQuery=, excludeClasses=[], dependencies=true, excludeDependencyQuery=, excludeDependencyClasses=[], forcePush=false, relationships=true}}}
[14/06/23 16:04:40:168 UTC]  INFO publishing.PublisherAPIImpl: Loading Push Publish Filter: ForcePush.yml
[14/06/23 16:04:40:168 UTC]  INFO publishing.PublisherAPIImpl: FilterDescriptor{key=ForcePush.yml, title=Force Push Everything, sort=4, default=false, roles=DOTCMS_BACK_END_USER, filters{{excludeQuery=, excludeClasses=[], dependencies=true, excludeDependencyQuery=, excludeDependencyClasses=[], forcePush=true, relationships=true}}}
[14/06/23 16:04:40:168 UTC]  INFO publishing.PublisherAPIImpl: Loading Push Publish Filter: ContentOnly.yml
[14/06/23 16:04:40:169 UTC]  INFO publishing.PublisherAPIImpl: FilterDescriptor{key=ContentOnly.yml, title=Content and Relationships, sort=1, default=false, roles=DOTCMS_BACK_END_USER, filters{{excludeQuery=, excludeClasses=[ContentType, Template, Containers, Folder, Host, Links, Workflow, Language, Rule, User, OSGI], dependencies=true, excludeDependencyQuery=, excludeDependencyClasses=[ContentType, Template, Containers, Folder, Host, Links, Workflow, Language, Rule], forcePush=false, relationships=true}}}
[14/06/23 16:04:40:169 UTC]  INFO publishing.PublisherAPIImpl: Loading Push Publish Filter: WebContentOnly.yml
[14/06/23 16:04:40:169 UTC]  INFO publishing.PublisherAPIImpl: FilterDescriptor{key=WebContentOnly.yml, title=Content, Assets and Pages, sort=2, default=false, roles=DOTCMS_BACK_END_USER, filters{{excludeQuery=, excludeClasses=[Host, Workflow, ContentType, User, OSGI, Language], dependencies=true, excludeDependencyQuery=, excludeDependencyClasses=[Host, Workflow, ContentType, Language], forcePush=false, relationships=true}}}
