[09/06/23 21:41:25:094 UTC]  INFO loggers.Log4jUtil: Async Logger enabled: true
[09/06/23 21:41:25:097 UTC]  INFO listeners.ContextLifecycleListener: Installing the web socket
[09/06/23 21:41:26:112 UTC]  INFO business.CacheLocator: loading cache administrator: ChainableCacheAdministratorImpl
[09/06/23 21:41:26:559 UTC]  INFO db.DataSourceStrategyProvider: Datasource loaded using custom class com.dotmarketing.db.SystemEnvDataSourceStrategy
[09/06/23 21:41:26:597 UTC]  INFO cfg.Environment: Hibernate 2.1.8
[09/06/23 21:41:26:600 UTC]  INFO cfg.Environment: hibernate.properties not found
[09/06/23 21:41:26:603 UTC]  INFO cfg.Environment: using CGLIB reflection optimizer
[09/06/23 21:41:26:606 UTC]  INFO cfg.Environment: using JDK 1.4 java.sql.Timestamp handling
[09/06/23 21:41:26:611 UTC]  INFO cfg.Configuration: configuring from resource: /hibernate.cfg.xml
[09/06/23 21:41:26:613 UTC]  INFO cfg.Configuration: Configuration resource: /hibernate.cfg.xml
[09/06/23 21:41:26:723 UTC]  INFO cfg.Configuration: Configured SessionFactory: null
[09/06/23 21:41:26:725 UTC]  INFO cfg.Configuration: Mapping resource: META-INF/portal-hbm.xml
[09/06/23 21:41:26:854 UTC]  INFO cfg.Binder: Mapping class: com.liferay.portal.ejb.AddressHBM -> Address
[09/06/23 21:41:26:950 UTC]  INFO cfg.Binder: Mapping class: com.liferay.portal.ejb.CompanyHBM -> Company
[09/06/23 21:41:26:960 UTC]  INFO cfg.Binder: Mapping class: com.liferay.portal.ejb.ImageHBM -> Image
[09/06/23 21:41:26:964 UTC]  INFO cfg.Binder: Mapping class: com.liferay.portal.ejb.PasswordTrackerHBM -> PasswordTracker
[09/06/23 21:41:26:970 UTC]  INFO cfg.Binder: Mapping class: com.liferay.portal.ejb.UserHBM -> User_
[09/06/23 21:41:26:981 UTC]  INFO cfg.Binder: Mapping class: com.liferay.portal.ejb.UserTrackerHBM -> UserTracker
[09/06/23 21:41:26:984 UTC]  INFO cfg.Binder: Mapping class: com.liferay.portal.ejb.UserTrackerPathHBM -> UserTrackerPath
[09/06/23 21:41:26:988 UTC]  INFO cfg.Binder: Mapping class: com.liferay.portlet.admin.ejb.AdminConfigHBM -> AdminConfig
[09/06/23 21:41:26:992 UTC]  INFO cfg.Configuration: Mapping resource: com/dotmarketing/beans/DotCMSSeq.hbm.xml
[09/06/23 21:41:27:091 UTC]  INFO cfg.Binder: Mapping class: com.dotmarketing.beans.Inode -> inode
[09/06/23 21:41:27:124 UTC]  INFO cfg.Binder: Mapping joined-subclass: com.dotmarketing.portlets.containers.model.Container -> dot_containers
[09/06/23 21:41:27:133 UTC]  INFO cfg.Binder: Mapping joined-subclass: com.dotmarketing.portlets.links.model.Link -> links
[09/06/23 21:41:27:139 UTC]  INFO cfg.Binder: Mapping joined-subclass: com.dotmarketing.portlets.structure.model.Field -> field
[09/06/23 21:41:27:143 UTC]  INFO cfg.Binder: Mapping class: com.dotmarketing.portlets.workflows.model.WorkflowTask -> workflow_task
[09/06/23 21:41:27:148 UTC]  INFO cfg.Binder: Mapping class: com.dotmarketing.portlets.workflows.model.WorkflowComment -> workflow_comment
[09/06/23 21:41:27:152 UTC]  INFO cfg.Binder: Mapping class: com.dotmarketing.portlets.workflows.model.WorkflowHistory -> workflow_history
[09/06/23 21:41:27:155 UTC]  INFO cfg.Binder: Mapping class: com.dotmarketing.portlets.workflows.model.WorkFlowTaskFiles -> workflowtask_files
[09/06/23 21:41:27:164 UTC]  INFO cfg.Binder: Mapping class: com.dotmarketing.beans.Permission -> permission
[09/06/23 21:41:27:168 UTC]  INFO cfg.Binder: Mapping class: com.dotmarketing.beans.PermissionReference -> permission_reference
[09/06/23 21:41:27:173 UTC]  INFO cfg.Binder: Mapping class: com.dotmarketing.beans.Tree -> tree
[09/06/23 21:41:27:379 UTC]  INFO cfg.Binder: Mapping class: com.dotmarketing.beans.MultiTree -> multi_tree
[09/06/23 21:41:27:406 UTC]  INFO util.ReflectHelper: reflection optimizer disabled for: com.dotmarketing.beans.MultiTree, BulkBeanException: Index 1 out of bounds for length 0 (property setParent1)
[09/06/23 21:41:27:408 UTC]  INFO cfg.Binder: Mapping class: com.dotmarketing.beans.Clickstream -> clickstream
[09/06/23 21:41:27:417 UTC]  INFO cfg.Binder: Mapping class: com.dotmarketing.beans.ClickstreamRequest -> clickstream_request
[09/06/23 21:41:27:420 UTC]  INFO cfg.Binder: Mapping class: com.dotmarketing.beans.Clickstream404 -> clickstream_404
[09/06/23 21:41:27:422 UTC]  INFO cfg.Binder: Mapping class: com.dotmarketing.tag.model.Tag -> tag
[09/06/23 21:41:27:423 UTC]  INFO cfg.Binder: Mapping class: com.dotmarketing.tag.model.TagInode -> tag_inode
[09/06/23 21:41:27:444 UTC]  INFO cfg.Binder: Mapping class: com.dotmarketing.beans.ChallengeQuestion -> challenge_question
[09/06/23 21:41:27:447 UTC]  INFO cfg.Binder: Mapping class: com.dotmarketing.beans.UsersToDelete -> users_to_delete
[09/06/23 21:41:27:449 UTC]  INFO cfg.Binder: Mapping class: com.dotmarketing.plugin.model.Plugin -> plugin
[09/06/23 21:41:27:451 UTC]  INFO cfg.Binder: Mapping class: com.dotmarketing.business.Role -> cms_role
[09/06/23 21:41:27:453 UTC]  INFO cfg.Binder: Mapping class: com.dotmarketing.business.UsersRoles -> users_cms_roles
[09/06/23 21:41:27:455 UTC]  INFO cfg.Binder: Mapping class: com.dotmarketing.business.LayoutsRoles -> layouts_cms_roles
[09/06/23 21:41:27:457 UTC]  INFO cfg.Binder: Mapping class: com.dotmarketing.business.Layout -> cms_layout
[09/06/23 21:41:27:458 UTC]  INFO cfg.Binder: Mapping class: com.dotmarketing.business.PortletsLayouts -> cms_layouts_portlets
[09/06/23 21:41:27:460 UTC]  INFO cfg.Binder: Mapping class: com.dotmarketing.portlets.hostvariable.model.HostVariable -> host_variable
[09/06/23 21:41:27:462 UTC]  INFO cfg.Binder: Mapping class: com.dotmarketing.beans.FixAudit -> fixes_audit
[09/06/23 21:41:27:464 UTC]  INFO cfg.Binder: Mapping class: com.dotmarketing.beans.ContainerStructure -> container_structures
[09/06/23 21:41:27:467 UTC]  INFO cfg.Binder: Mapping class: com.dotmarketing.portlets.templates.model.TemplateVersionInfo -> template_version_info
[09/06/23 21:41:27:469 UTC]  INFO cfg.Binder: Mapping class: com.dotmarketing.portlets.containers.model.ContainerVersionInfo -> container_version_info
[09/06/23 21:41:27:471 UTC]  INFO cfg.Binder: Mapping class: com.dotmarketing.portlets.links.model.LinkVersionInfo -> link_version_info
[09/06/23 21:41:27:472 UTC]  INFO cfg.Configuration: Mapping resource: com/dotmarketing/beans/DotCMSSeq_NOSQLGEN.hbm.xml
[09/06/23 21:41:27:480 UTC]  INFO cfg.Binder: Mapping class: com.dotmarketing.plugin.model.PluginProperty -> plugin_property
[09/06/23 21:41:27:507 UTC]  INFO cfg.Configuration: processing one-to-many association mappings
[09/06/23 21:41:27:509 UTC]  INFO cfg.Binder: Mapping collection: com.dotmarketing.beans.Clickstream.clickstreamRequests -> clickstream_request
[09/06/23 21:41:27:510 UTC]  INFO cfg.Configuration: processing one-to-one association property references
[09/06/23 21:41:27:511 UTC]  INFO cfg.Configuration: processing foreign key constraints
[09/06/23 21:41:27:520 UTC]  INFO dialect.Dialect: Using dialect: com.dotcms.repackage.net.sf.hibernate.dialect.PostgreSQLDialect
[09/06/23 21:41:27:524 UTC]  INFO cfg.SettingsFactory: Use outer join fetching: true
[09/06/23 21:41:27:527 UTC]  WARN connection.UserSuppliedConnectionProvider: No connection properties specified - the user must supply JDBC connections
[09/06/23 21:41:27:530 UTC]  INFO transaction.TransactionManagerLookupFactory: No TransactionManagerLookup configured (in JTA environment, use of process level read-write cache is not recommended)
[09/06/23 21:41:27:531 UTC]  INFO cfg.SettingsFactory: Use scrollable result sets: true
[09/06/23 21:41:27:532 UTC]  INFO cfg.SettingsFactory: Use JDBC3 getGeneratedKeys(): false
[09/06/23 21:41:27:533 UTC]  INFO cfg.SettingsFactory: Optimize cache for minimal puts: false
[09/06/23 21:41:27:534 UTC]  INFO cfg.SettingsFactory: Query language substitutions: {}
[09/06/23 21:41:27:535 UTC]  INFO cfg.SettingsFactory: cache provider: com.dotmarketing.db.NoCacheProvider
[09/06/23 21:41:27:537 UTC]  INFO cfg.Configuration: instantiating and configuring caches
[09/06/23 21:41:27:547 UTC]  INFO impl.SessionFactoryImpl: building session factory
[09/06/23 21:41:27:764 UTC]  INFO util.ReflectHelper: reflection optimizer disabled for: com.dotmarketing.beans.MultiTree, BulkBeanException: Index 1 out of bounds for length 0 (property setTreeOrder)
[09/06/23 21:41:28:090 UTC]  INFO impl.SessionFactoryObjectFactory: Not binding factory to JNDI, no JNDI name configured
[09/06/23 21:41:28:334 UTC]  WARN license.LicenseManager: Cannot upsert License to db (every 120000 millis)
[09/06/23 21:41:28:338 UTC]  INFO servlets.InitServlet: 
[09/06/23 21:41:28:339 UTC]  INFO servlets.InitServlet:  * Copyright (c) 2023 dotCMS Inc. 
[09/06/23 21:41:28:340 UTC]  INFO servlets.InitServlet:  * This software, code and any modifications to the code are licensed under the terms of the dotCMS Enterprise License 
[09/06/23 21:41:28:342 UTC]  INFO servlets.InitServlet:  * which can be found here : https://www.github.com/dotCMS/core/LICENSE 
[09/06/23 21:41:28:345 UTC]  INFO servlets.InitServlet: 
[09/06/23 21:41:28:358 UTC]  INFO h22.H22Cache: Initing H22 cache db:0
[09/06/23 21:41:28:363 UTC]  INFO h22.H22Cache: Building new H22 Cache, db:0
[09/06/23 21:41:28:394 UTC]  INFO h22.H22HikariPool: H22 on disk cache:jdbc:h2:/data/local/dotsecure/h22cache/0/2023-06-09_21-41-28/cache;MVCC=TRUE;DB_CLOSE_ON_EXIT=FALSE
[09/06/23 21:41:28:635 UTC]  INFO h22.H22Cache: Initing H22 cache db:1
[09/06/23 21:41:28:637 UTC]  INFO h22.H22Cache: Building new H22 Cache, db:1
[09/06/23 21:41:28:639 UTC]  INFO h22.H22HikariPool: H22 on disk cache:jdbc:h2:/data/local/dotsecure/h22cache/1/2023-06-09_21-41-28/cache;MVCC=TRUE;DB_CLOSE_ON_EXIT=FALSE
[09/06/23 21:41:28:701 UTC]  INFO timedcache.TimedCacheProvider: ===== Initializing [Timed Cache Provider].
[09/06/23 21:41:28:704 UTC]  INFO timedcache.TimedCacheProvider: ***	 Cache Config Memory : esquerycache: 10000
[09/06/23 21:41:28:706 UTC]  INFO timedcache.TimedCacheProvider: ***	 Cache Config Memory : esquerycountcache: 10000
[09/06/23 21:41:28:708 UTC]  INFO timedcache.TimedCacheProvider: ***	 Cache Config Memory : graphqlquerycache: 5000
[09/06/23 21:41:28:709 UTC]  INFO timedcache.TimedCacheProvider: ***	 Cache Config Memory : default: 1000
[09/06/23 21:41:28:710 UTC]  INFO timedcache.TimedCacheProvider: ***	 Cache Config Memory : adminconfigpool: 100
[09/06/23 21:41:28:711 UTC]  INFO timedcache.TimedCacheProvider: ***	 Cache Config Memory : companypool: 10
[09/06/23 21:41:28:711 UTC]  INFO timedcache.TimedCacheProvider: ***	 Cache Config Memory : contentletcache: 5000
[09/06/23 21:41:28:716 UTC]  INFO timedcache.TimedCacheProvider: ***	 Cache Config Memory : categoryparentscache: 30000
[09/06/23 21:41:28:716 UTC]  INFO timedcache.TimedCacheProvider: ***	 Cache Config Memory : taginodecache: 50000
[09/06/23 21:41:28:717 UTC]  INFO timedcache.TimedCacheProvider: ***	 Cache Config Memory : taginodesbyinodecache: 50000
[09/06/23 21:41:28:718 UTC]  INFO timedcache.TimedCacheProvider: ***	 Cache Config Memory : tagcache: 50000
[09/06/23 21:41:28:719 UTC]  INFO timedcache.TimedCacheProvider: ***	 Cache Config Memory : csscache: 2500
[09/06/23 21:41:28:720 UTC]  INFO timedcache.TimedCacheProvider: ***	 Cache Config Memory : assetmetadatacache: 10000
[09/06/23 21:41:28:721 UTC]  INFO timedcache.TimedCacheProvider: ***	 Cache Config Memory : identifiercache: 50000
[09/06/23 21:41:28:722 UTC]  INFO timedcache.TimedCacheProvider: ***	 Cache Config Memory : identifier404cache: 30000
[09/06/23 21:41:28:723 UTC]  INFO timedcache.TimedCacheProvider: ***	 Cache Config Memory : indiciescache: 8
[09/06/23 21:41:28:724 UTC]  INFO timedcache.TimedCacheProvider: ***	 Cache Config Memory : logmappercache: 10
[09/06/23 21:41:28:725 UTC]  INFO timedcache.TimedCacheProvider: ***	 Cache Config Memory : navcache: 1000
[09/06/23 21:41:28:726 UTC]  INFO timedcache.TimedCacheProvider: ***	 Cache Config Memory : parentpermissionablecache: 10000
[09/06/23 21:41:28:727 UTC]  INFO timedcache.TimedCacheProvider: ***	 Cache Config Memory : permissioncache: 50000
[09/06/23 21:41:28:728 UTC]  INFO timedcache.TimedCacheProvider: ***	 Cache Config Memory : portletpool: 100
[09/06/23 21:41:28:729 UTC]  INFO timedcache.TimedCacheProvider: ***	 Cache Config Memory : publishingendpointcache: 100
[09/06/23 21:41:28:730 UTC]  INFO timedcache.TimedCacheProvider: ***	 Cache Config Memory : pushedassetscache: 5000
[09/06/23 21:41:28:731 UTC]  INFO timedcache.TimedCacheProvider: ***	 Cache Config Memory : templatecache: 500
[09/06/23 21:41:28:733 UTC]  INFO timedcache.TimedCacheProvider: ***	 Cache Config Memory : translatedquerycache: 5000
[09/06/23 21:41:28:734 UTC]  INFO timedcache.TimedCacheProvider: ***	 Cache Config Memory : versioncache: 50000
[09/06/23 21:41:28:735 UTC]  INFO timedcache.TimedCacheProvider: ***	 Cache Config Memory : versioninfocache: 50000
[09/06/23 21:41:28:736 UTC]  INFO timedcache.TimedCacheProvider: ***	 Cache Config Memory : workflowactioncache: 10000
[09/06/23 21:41:28:737 UTC]  INFO timedcache.TimedCacheProvider: ***	 Cache Config Memory : workflowtaskcache: 10000
[09/06/23 21:41:28:738 UTC]  INFO timedcache.TimedCacheProvider: ***	 Cache Config Memory : shortyidcache: 25000
[09/06/23 21:41:28:739 UTC]  INFO timedcache.TimedCacheProvider: ***	 Cache Config Memory : velocitycache: 5000
[09/06/23 21:41:28:739 UTC]  INFO timedcache.TimedCacheProvider: ***	 Cache Config Memory : vanityurldirectcache: 25000
[09/06/23 21:41:28:740 UTC]  INFO timedcache.TimedCacheProvider: ***	 Cache Config Memory : vanityurlsitecache: 5000
[09/06/23 21:41:29:395 UTC]  INFO servlet.VisitorFilter: VisitorLogger Filter Started
[09/06/23 21:41:29:862 UTC]  INFO util.SystemProperties: Loading file:/srv/dotserver/tomcat-9.0.60/webapps/ROOT/WEB-INF/classes/system.properties
[09/06/23 21:41:29:866 UTC]  INFO util.SystemProperties: Loading file:/srv/dotserver/tomcat-9.0.60/webapps/ROOT/WEB-INF/classes/system-ext.properties
[09/06/23 21:41:29:874 UTC]  INFO util.SystemProperties: Loading file:/srv/dotserver/tomcat-9.0.60/webapps/ROOT/WEB-INF/classes/system.properties
[09/06/23 21:41:29:875 UTC]  INFO util.SystemProperties: Loading file:/srv/dotserver/tomcat-9.0.60/webapps/ROOT/WEB-INF/classes/system-ext.properties
[09/06/23 21:41:30:779 UTC]  INFO util.PropsLoader: Loading file:/srv/dotserver/tomcat-9.0.60/webapps/ROOT/WEB-INF/classes/portal.properties
[09/06/23 21:41:30:782 UTC]  INFO util.PropsLoader: Loading file:/srv/dotserver/tomcat-9.0.60/webapps/ROOT/WEB-INF/classes/portal-ext.properties
[09/06/23 21:41:34:612 UTC]  INFO tiles.TilesPlugin: Tiles definition factory loaded for module ''.
[09/06/23 21:41:34:617 UTC]  INFO validator.ValidatorPlugIn: Loading validation rules file from '/WEB-INF/validator-rules.xml'
[09/06/23 21:41:34:617 UTC]  INFO validator.ValidatorPlugIn: Loading validation rules file from '/WEB-INF/validation.xml'
[09/06/23 21:41:34:874 UTC]  INFO util.RestHighLevelClientProvider: disabling String.intern() in Jackson
[09/06/23 21:41:34:877 UTC]  WARN util.DotRestHighLevelClientProvider: Elastic RestHighLevelClient will be initialized without certificates
[09/06/23 21:41:34:882 UTC]  INFO util.DotRestHighLevelClientProvider: Initializing Elastic RestHighLevelClient using Basic authentication
[09/06/23 21:41:34:892 UTC]  INFO util.DotRestHighLevelClientProvider: Initializing Elastic RestHighLevelClient using endpoints [
[09/06/23 21:41:34:894 UTC]  INFO util.DotRestHighLevelClientProvider:   - http://elasticsearch:9200
[09/06/23 21:41:34:894 UTC]  INFO util.DotRestHighLevelClientProvider: ]
[09/06/23 21:41:34:894 UTC]  WARN util.DotRestHighLevelClientProvider: Initializing Elastic RestHighLevelClient using an unsecured http connection
[09/06/23 21:41:35:367 UTC]  INFO util.DotRestHighLevelClientProvider: RestHighLevelClientProvider com.dotcms.content.elasticsearch.util.DotRestHighLevelClientProvider loaded successfully
[09/06/23 21:41:35:784 UTC]  INFO startup.StartupTasksExecutor: Running Startup Tasks
[09/06/23 21:41:35:906 UTC]  INFO runalways.Task00001LoadSchema: -------------------------------------------------------------------------------------
[09/06/23 21:41:35:907 UTC]  INFO runalways.Task00001LoadSchema: 
[09/06/23 21:41:35:908 UTC]  INFO runalways.Task00001LoadSchema: Empty dotCMS database found.  Loading initial dotCMS schema for PostgreSQL
[09/06/23 21:41:35:910 UTC]  INFO runalways.Task00001LoadSchema: 
[09/06/23 21:41:35:911 UTC]  INFO runalways.Task00001LoadSchema: -------------------------------------------------------------------------------------
[09/06/23 21:41:35:913 UTC]  INFO startup.StartupTasksExecutor: Running Startup Tasks : Task00001LoadSchema
[09/06/23 21:41:35:914 UTC]  INFO runalways.Task00001LoadSchema: Loading schema
[09/06/23 21:41:35:936 UTC]  INFO timedcache.TimedCacheProvider: ===== Initializing [Timed Cache Provider].
[09/06/23 21:41:35:938 UTC]  INFO timedcache.TimedCacheProvider: ***	 Cache Config Memory : esquerycache: 10000
[09/06/23 21:41:35:939 UTC]  INFO timedcache.TimedCacheProvider: ***	 Cache Config Memory : esquerycountcache: 10000
[09/06/23 21:41:35:948 UTC]  INFO timedcache.TimedCacheProvider: ***	 Cache Config Memory : graphqlquerycache: 5000
[09/06/23 21:41:35:949 UTC]  INFO timedcache.TimedCacheProvider: ***	 Cache Config Memory : default: 1000
[09/06/23 21:41:35:949 UTC]  INFO timedcache.TimedCacheProvider: ***	 Cache Config Memory : adminconfigpool: 100
[09/06/23 21:41:35:949 UTC]  INFO timedcache.TimedCacheProvider: ***	 Cache Config Memory : companypool: 10
[09/06/23 21:41:35:950 UTC]  INFO timedcache.TimedCacheProvider: ***	 Cache Config Memory : contentletcache: 5000
[09/06/23 21:41:35:950 UTC]  INFO timedcache.TimedCacheProvider: ***	 Cache Config Memory : categoryparentscache: 30000
[09/06/23 21:41:35:950 UTC]  INFO timedcache.TimedCacheProvider: ***	 Cache Config Memory : taginodecache: 50000
[09/06/23 21:41:35:950 UTC]  INFO timedcache.TimedCacheProvider: ***	 Cache Config Memory : taginodesbyinodecache: 50000
[09/06/23 21:41:35:951 UTC]  INFO timedcache.TimedCacheProvider: ***	 Cache Config Memory : tagcache: 50000
[09/06/23 21:41:35:954 UTC]  INFO timedcache.TimedCacheProvider: ***	 Cache Config Memory : csscache: 2500
[09/06/23 21:41:35:955 UTC]  INFO timedcache.TimedCacheProvider: ***	 Cache Config Memory : assetmetadatacache: 10000
[09/06/23 21:41:35:955 UTC]  INFO timedcache.TimedCacheProvider: ***	 Cache Config Memory : identifiercache: 50000
[09/06/23 21:41:35:955 UTC]  INFO timedcache.TimedCacheProvider: ***	 Cache Config Memory : identifier404cache: 30000
[09/06/23 21:41:35:955 UTC]  INFO timedcache.TimedCacheProvider: ***	 Cache Config Memory : indiciescache: 8
[09/06/23 21:41:35:955 UTC]  INFO timedcache.TimedCacheProvider: ***	 Cache Config Memory : logmappercache: 10
[09/06/23 21:41:35:956 UTC]  INFO timedcache.TimedCacheProvider: ***	 Cache Config Memory : navcache: 1000
[09/06/23 21:41:35:956 UTC]  INFO timedcache.TimedCacheProvider: ***	 Cache Config Memory : parentpermissionablecache: 10000
[09/06/23 21:41:35:956 UTC]  INFO timedcache.TimedCacheProvider: ***	 Cache Config Memory : permissioncache: 50000
[09/06/23 21:41:35:956 UTC]  INFO timedcache.TimedCacheProvider: ***	 Cache Config Memory : portletpool: 100
[09/06/23 21:41:35:956 UTC]  INFO timedcache.TimedCacheProvider: ***	 Cache Config Memory : publishingendpointcache: 100
[09/06/23 21:41:35:956 UTC]  INFO timedcache.TimedCacheProvider: ***	 Cache Config Memory : pushedassetscache: 5000
[09/06/23 21:41:35:956 UTC]  INFO timedcache.TimedCacheProvider: ***	 Cache Config Memory : templatecache: 500
[09/06/23 21:41:35:959 UTC]  INFO timedcache.TimedCacheProvider: ***	 Cache Config Memory : translatedquerycache: 5000
[09/06/23 21:41:35:959 UTC]  INFO timedcache.TimedCacheProvider: ***	 Cache Config Memory : versioncache: 50000
[09/06/23 21:41:35:959 UTC]  INFO timedcache.TimedCacheProvider: ***	 Cache Config Memory : versioninfocache: 50000
[09/06/23 21:41:35:959 UTC]  INFO timedcache.TimedCacheProvider: ***	 Cache Config Memory : workflowactioncache: 10000
[09/06/23 21:41:35:959 UTC]  INFO timedcache.TimedCacheProvider: ***	 Cache Config Memory : workflowtaskcache: 10000
[09/06/23 21:41:35:959 UTC]  INFO timedcache.TimedCacheProvider: ***	 Cache Config Memory : shortyidcache: 25000
[09/06/23 21:41:35:959 UTC]  INFO timedcache.TimedCacheProvider: ***	 Cache Config Memory : velocitycache: 5000
[09/06/23 21:41:35:959 UTC]  INFO timedcache.TimedCacheProvider: ***	 Cache Config Memory : vanityurldirectcache: 25000
[09/06/23 21:41:35:959 UTC]  INFO timedcache.TimedCacheProvider: ***	 Cache Config Memory : vanityurlsitecache: 5000
[09/06/23 21:41:35:959 UTC]  INFO h22.H22Cache: Start Full Cache Flush in h22
[09/06/23 21:41:35:959 UTC]  INFO h22.H22Cache: Building new H22 Cache, db:0
[09/06/23 21:41:35:960 UTC]  INFO h22.H22HikariPool: H22 on disk cache:jdbc:h2:/data/local/dotsecure/h22cache/0/2023-06-09_21-41-35/cache;MVCC=TRUE;DB_CLOSE_ON_EXIT=FALSE
[09/06/23 21:41:36:075 UTC]  INFO h22.H22Cache: Building new H22 Cache, db:1
[09/06/23 21:41:36:075 UTC]  INFO h22.H22HikariPool: H22 on disk cache:jdbc:h2:/data/local/dotsecure/h22cache/1/2023-06-09_21-41-36/cache;MVCC=TRUE;DB_CLOSE_ON_EXIT=FALSE
[09/06/23 21:41:36:157 UTC]  INFO h22.H22Cache: End Full Cache Flush in h22 : 196ms
[09/06/23 21:41:36:618 UTC]  INFO runalways.Task00001LoadSchema: Schema created (507 statements executed)
[09/06/23 21:41:36:629 UTC]  INFO timedcache.TimedCacheProvider: ===== Initializing [Timed Cache Provider].
[09/06/23 21:41:36:631 UTC]  INFO timedcache.TimedCacheProvider: ***	 Cache Config Memory : esquerycache: 10000
[09/06/23 21:41:36:631 UTC]  INFO timedcache.TimedCacheProvider: ***	 Cache Config Memory : esquerycountcache: 10000
[09/06/23 21:41:36:631 UTC]  INFO timedcache.TimedCacheProvider: ***	 Cache Config Memory : graphqlquerycache: 5000
[09/06/23 21:41:36:631 UTC]  INFO timedcache.TimedCacheProvider: ***	 Cache Config Memory : default: 1000
[09/06/23 21:41:36:631 UTC]  INFO timedcache.TimedCacheProvider: ***	 Cache Config Memory : adminconfigpool: 100
[09/06/23 21:41:36:631 UTC]  INFO timedcache.TimedCacheProvider: ***	 Cache Config Memory : companypool: 10
[09/06/23 21:41:36:631 UTC]  INFO timedcache.TimedCacheProvider: ***	 Cache Config Memory : contentletcache: 5000
[09/06/23 21:41:36:631 UTC]  INFO timedcache.TimedCacheProvider: ***	 Cache Config Memory : categoryparentscache: 30000
[09/06/23 21:41:36:632 UTC]  INFO timedcache.TimedCacheProvider: ***	 Cache Config Memory : taginodecache: 50000
[09/06/23 21:41:36:642 UTC]  INFO timedcache.TimedCacheProvider: ***	 Cache Config Memory : taginodesbyinodecache: 50000
[09/06/23 21:41:36:642 UTC]  INFO timedcache.TimedCacheProvider: ***	 Cache Config Memory : tagcache: 50000
[09/06/23 21:41:36:644 UTC]  INFO timedcache.TimedCacheProvider: ***	 Cache Config Memory : csscache: 2500
[09/06/23 21:41:36:644 UTC]  INFO timedcache.TimedCacheProvider: ***	 Cache Config Memory : assetmetadatacache: 10000
[09/06/23 21:41:36:645 UTC]  INFO timedcache.TimedCacheProvider: ***	 Cache Config Memory : identifiercache: 50000
[09/06/23 21:41:36:645 UTC]  INFO timedcache.TimedCacheProvider: ***	 Cache Config Memory : identifier404cache: 30000
[09/06/23 21:41:36:647 UTC]  INFO timedcache.TimedCacheProvider: ***	 Cache Config Memory : indiciescache: 8
[09/06/23 21:41:36:647 UTC]  INFO timedcache.TimedCacheProvider: ***	 Cache Config Memory : logmappercache: 10
[09/06/23 21:41:36:647 UTC]  INFO timedcache.TimedCacheProvider: ***	 Cache Config Memory : navcache: 1000
[09/06/23 21:41:36:649 UTC]  INFO timedcache.TimedCacheProvider: ***	 Cache Config Memory : parentpermissionablecache: 10000
[09/06/23 21:41:36:650 UTC]  INFO timedcache.TimedCacheProvider: ***	 Cache Config Memory : permissioncache: 50000
[09/06/23 21:41:36:650 UTC]  INFO timedcache.TimedCacheProvider: ***	 Cache Config Memory : portletpool: 100
[09/06/23 21:41:36:650 UTC]  INFO timedcache.TimedCacheProvider: ***	 Cache Config Memory : publishingendpointcache: 100
[09/06/23 21:41:36:652 UTC]  INFO timedcache.TimedCacheProvider: ***	 Cache Config Memory : pushedassetscache: 5000
[09/06/23 21:41:36:652 UTC]  INFO timedcache.TimedCacheProvider: ***	 Cache Config Memory : templatecache: 500
[09/06/23 21:41:36:654 UTC]  INFO timedcache.TimedCacheProvider: ***	 Cache Config Memory : translatedquerycache: 5000
[09/06/23 21:41:36:654 UTC]  INFO timedcache.TimedCacheProvider: ***	 Cache Config Memory : versioncache: 50000
[09/06/23 21:41:36:655 UTC]  INFO timedcache.TimedCacheProvider: ***	 Cache Config Memory : versioninfocache: 50000
[09/06/23 21:41:36:655 UTC]  INFO timedcache.TimedCacheProvider: ***	 Cache Config Memory : workflowactioncache: 10000
[09/06/23 21:41:36:655 UTC]  INFO timedcache.TimedCacheProvider: ***	 Cache Config Memory : workflowtaskcache: 10000
[09/06/23 21:41:36:659 UTC]  INFO timedcache.TimedCacheProvider: ***	 Cache Config Memory : shortyidcache: 25000
[09/06/23 21:41:36:659 UTC]  INFO timedcache.TimedCacheProvider: ***	 Cache Config Memory : velocitycache: 5000
[09/06/23 21:41:36:659 UTC]  INFO timedcache.TimedCacheProvider: ***	 Cache Config Memory : vanityurldirectcache: 25000
[09/06/23 21:41:36:659 UTC]  INFO timedcache.TimedCacheProvider: ***	 Cache Config Memory : vanityurlsitecache: 5000
[09/06/23 21:41:36:659 UTC]  INFO h22.H22Cache: Start Full Cache Flush in h22
[09/06/23 21:41:36:662 UTC]  INFO h22.H22Cache: Building new H22 Cache, db:0
[09/06/23 21:41:36:663 UTC]  INFO h22.H22HikariPool: H22 on disk cache:jdbc:h2:/data/local/dotsecure/h22cache/0/2023-06-09_21-41-36/cache;MVCC=TRUE;DB_CLOSE_ON_EXIT=FALSE
[09/06/23 21:41:36:743 UTC]  INFO h22.H22Cache: Building new H22 Cache, db:1
[09/06/23 21:41:36:743 UTC]  INFO h22.H22HikariPool: H22 on disk cache:jdbc:h2:/data/local/dotsecure/h22cache/1/2023-06-09_21-41-36/cache;MVCC=TRUE;DB_CLOSE_ON_EXIT=FALSE
[09/06/23 21:41:36:758 UTC]  INFO h22.H22Cache: End Full Cache Flush in h22 : 99ms
[09/06/23 21:41:39:762 UTC]  INFO timedcache.TimedCacheProvider: ===== Initializing [Timed Cache Provider].
[09/06/23 21:41:39:763 UTC]  INFO timedcache.TimedCacheProvider: ***	 Cache Config Memory : esquerycache: 10000
[09/06/23 21:41:39:764 UTC]  INFO timedcache.TimedCacheProvider: ***	 Cache Config Memory : esquerycountcache: 10000
[09/06/23 21:41:39:764 UTC]  INFO timedcache.TimedCacheProvider: ***	 Cache Config Memory : graphqlquerycache: 5000
[09/06/23 21:41:39:764 UTC]  INFO timedcache.TimedCacheProvider: ***	 Cache Config Memory : default: 1000
[09/06/23 21:41:39:764 UTC]  INFO timedcache.TimedCacheProvider: ***	 Cache Config Memory : adminconfigpool: 100
[09/06/23 21:41:39:764 UTC]  INFO timedcache.TimedCacheProvider: ***	 Cache Config Memory : companypool: 10
[09/06/23 21:41:39:764 UTC]  INFO timedcache.TimedCacheProvider: ***	 Cache Config Memory : contentletcache: 5000
[09/06/23 21:41:39:764 UTC]  INFO timedcache.TimedCacheProvider: ***	 Cache Config Memory : categoryparentscache: 30000
[09/06/23 21:41:39:764 UTC]  INFO timedcache.TimedCacheProvider: ***	 Cache Config Memory : taginodecache: 50000
[09/06/23 21:41:39:764 UTC]  INFO timedcache.TimedCacheProvider: ***	 Cache Config Memory : taginodesbyinodecache: 50000
[09/06/23 21:41:39:764 UTC]  INFO timedcache.TimedCacheProvider: ***	 Cache Config Memory : tagcache: 50000
[09/06/23 21:41:39:764 UTC]  INFO timedcache.TimedCacheProvider: ***	 Cache Config Memory : csscache: 2500
[09/06/23 21:41:39:764 UTC]  INFO timedcache.TimedCacheProvider: ***	 Cache Config Memory : assetmetadatacache: 10000
[09/06/23 21:41:39:764 UTC]  INFO timedcache.TimedCacheProvider: ***	 Cache Config Memory : identifiercache: 50000
[09/06/23 21:41:39:765 UTC]  INFO timedcache.TimedCacheProvider: ***	 Cache Config Memory : identifier404cache: 30000
[09/06/23 21:41:39:765 UTC]  INFO timedcache.TimedCacheProvider: ***	 Cache Config Memory : indiciescache: 8
[09/06/23 21:41:39:765 UTC]  INFO timedcache.TimedCacheProvider: ***	 Cache Config Memory : logmappercache: 10
[09/06/23 21:41:39:765 UTC]  INFO timedcache.TimedCacheProvider: ***	 Cache Config Memory : navcache: 1000
[09/06/23 21:41:39:765 UTC]  INFO timedcache.TimedCacheProvider: ***	 Cache Config Memory : parentpermissionablecache: 10000
[09/06/23 21:41:39:765 UTC]  INFO timedcache.TimedCacheProvider: ***	 Cache Config Memory : permissioncache: 50000
[09/06/23 21:41:39:765 UTC]  INFO timedcache.TimedCacheProvider: ***	 Cache Config Memory : portletpool: 100
[09/06/23 21:41:39:765 UTC]  INFO timedcache.TimedCacheProvider: ***	 Cache Config Memory : publishingendpointcache: 100
[09/06/23 21:41:39:765 UTC]  INFO timedcache.TimedCacheProvider: ***	 Cache Config Memory : pushedassetscache: 5000
[09/06/23 21:41:39:765 UTC]  INFO timedcache.TimedCacheProvider: ***	 Cache Config Memory : templatecache: 500
[09/06/23 21:41:39:765 UTC]  INFO timedcache.TimedCacheProvider: ***	 Cache Config Memory : translatedquerycache: 5000
[09/06/23 21:41:39:765 UTC]  INFO timedcache.TimedCacheProvider: ***	 Cache Config Memory : versioncache: 50000
[09/06/23 21:41:39:765 UTC]  INFO timedcache.TimedCacheProvider: ***	 Cache Config Memory : versioninfocache: 50000
[09/06/23 21:41:39:765 UTC]  INFO timedcache.TimedCacheProvider: ***	 Cache Config Memory : workflowactioncache: 10000
[09/06/23 21:41:39:765 UTC]  INFO timedcache.TimedCacheProvider: ***	 Cache Config Memory : workflowtaskcache: 10000
[09/06/23 21:41:39:765 UTC]  INFO timedcache.TimedCacheProvider: ***	 Cache Config Memory : shortyidcache: 25000
[09/06/23 21:41:39:765 UTC]  INFO timedcache.TimedCacheProvider: ***	 Cache Config Memory : velocitycache: 5000
[09/06/23 21:41:39:765 UTC]  INFO timedcache.TimedCacheProvider: ***	 Cache Config Memory : vanityurldirectcache: 25000
[09/06/23 21:41:39:765 UTC]  INFO timedcache.TimedCacheProvider: ***	 Cache Config Memory : vanityurlsitecache: 5000
[09/06/23 21:41:39:765 UTC]  INFO h22.H22Cache: Start Full Cache Flush in h22
[09/06/23 21:41:39:765 UTC]  INFO h22.H22Cache: Building new H22 Cache, db:0
[09/06/23 21:41:39:766 UTC]  INFO h22.H22HikariPool: H22 on disk cache:jdbc:h2:/data/local/dotsecure/h22cache/0/2023-06-09_21-41-39/cache;MVCC=TRUE;DB_CLOSE_ON_EXIT=FALSE
[09/06/23 21:41:39:836 UTC]  INFO h22.H22Cache: Building new H22 Cache, db:1
[09/06/23 21:41:39:841 UTC]  INFO h22.H22HikariPool: H22 on disk cache:jdbc:h2:/data/local/dotsecure/h22cache/1/2023-06-09_21-41-39/cache;MVCC=TRUE;DB_CLOSE_ON_EXIT=FALSE
[09/06/23 21:41:39:912 UTC]  INFO h22.H22Cache: End Full Cache Flush in h22 : 146ms
[09/06/23 21:41:39:914 UTC]  INFO startup.StartupTasksExecutor: Not Running Startup Tasks: Task00002LoadClusterLicenses
[09/06/23 21:41:39:917 UTC]  INFO startup.StartupTasksExecutor: Running Startup Tasks : Task00003CreateSystemRoles
[09/06/23 21:41:39:933 UTC]  INFO startup.StartupTasksExecutor: Running Startup Tasks : Task00004LoadStarter
[09/06/23 21:41:39:947 UTC]  INFO db.DotCMSInitDb: There are no inodes - initializing db with starter site
[09/06/23 21:41:39:989 UTC]  INFO starter.ImportStarterUtil: Found 21 files to import
[09/06/23 21:41:39:991 UTC]  WARN util.FileUtil: /data/local/dotsecure/backup/temp/assets/messages/cms_language_en_US.properties is empty
[09/06/23 21:41:39:993 UTC]  WARN util.FileUtil: /data/local/dotsecure/backup/temp/assets/messages/cms_language_es_ES.properties is empty
[09/06/23 21:41:39:994 UTC]  WARN util.FileUtil: /data/local/dotsecure/backup/temp/assets/messages/cms_language_fr_FR.properties is empty
[09/06/23 21:41:39:995 UTC]  WARN util.FileUtil: /data/local/dotsecure/backup/temp/assets/messages/cms_language_zh_CN.properties is empty
[09/06/23 21:41:39:997 UTC]  INFO starter.ImportStarterUtil: About to delete all records from tag
[09/06/23 21:41:39:999 UTC]  INFO starter.ImportStarterUtil: Deleted all records from tag
[09/06/23 21:41:39:999 UTC]  INFO starter.ImportStarterUtil: About to delete all records from container_version_info
[09/06/23 21:41:40:001 UTC]  INFO starter.ImportStarterUtil: Deleted all records from container_version_info
[09/06/23 21:41:40:001 UTC]  INFO starter.ImportStarterUtil: About to delete all records from tag_inode
[09/06/23 21:41:40:002 UTC]  INFO starter.ImportStarterUtil: Deleted all records from tag_inode
[09/06/23 21:41:40:002 UTC]  INFO starter.ImportStarterUtil: About to delete all records from fixes_audit
[09/06/23 21:41:40:002 UTC]  INFO starter.ImportStarterUtil: Deleted all records from fixes_audit
[09/06/23 21:41:40:003 UTC]  INFO starter.ImportStarterUtil: About to delete all records from UserTrackerPath
[09/06/23 21:41:40:003 UTC]  INFO starter.ImportStarterUtil: Deleted all records from UserTrackerPath
[09/06/23 21:41:40:003 UTC]  INFO starter.ImportStarterUtil: About to delete all records from clickstream
[09/06/23 21:41:40:005 UTC]  INFO starter.ImportStarterUtil: Deleted all records from clickstream
[09/06/23 21:41:40:005 UTC]  INFO starter.ImportStarterUtil: About to delete all records from field
[09/06/23 21:41:40:006 UTC]  INFO starter.ImportStarterUtil: Deleted all records from field
[09/06/23 21:41:40:006 UTC]  INFO starter.ImportStarterUtil: About to delete all records from AdminConfig
[09/06/23 21:41:40:007 UTC]  INFO starter.ImportStarterUtil: Deleted all records from AdminConfig
[09/06/23 21:41:40:007 UTC]  INFO starter.ImportStarterUtil: About to delete all records from workflow_task
[09/06/23 21:41:40:008 UTC]  INFO starter.ImportStarterUtil: Deleted all records from workflow_task
[09/06/23 21:41:40:008 UTC]  INFO starter.ImportStarterUtil: About to delete all records from links
[09/06/23 21:41:40:009 UTC]  INFO starter.ImportStarterUtil: Deleted all records from links
[09/06/23 21:41:40:009 UTC]  INFO starter.ImportStarterUtil: About to delete all records from PasswordTracker
[09/06/23 21:41:40:010 UTC]  INFO starter.ImportStarterUtil: Deleted all records from PasswordTracker
[09/06/23 21:41:40:010 UTC]  INFO starter.ImportStarterUtil: About to delete all records from users_to_delete
[09/06/23 21:41:40:011 UTC]  INFO starter.ImportStarterUtil: Deleted all records from users_to_delete
[09/06/23 21:41:40:011 UTC]  INFO starter.ImportStarterUtil: About to delete all records from multi_tree
[09/06/23 21:41:40:012 UTC]  INFO starter.ImportStarterUtil: Deleted all records from multi_tree
[09/06/23 21:41:40:012 UTC]  INFO starter.ImportStarterUtil: About to delete all records from permission_reference
[09/06/23 21:41:40:013 UTC]  INFO starter.ImportStarterUtil: Deleted all records from permission_reference
[09/06/23 21:41:40:013 UTC]  INFO starter.ImportStarterUtil: About to delete all records from workflowtask_files
[09/06/23 21:41:40:014 UTC]  INFO starter.ImportStarterUtil: Deleted all records from workflowtask_files
[09/06/23 21:41:40:014 UTC]  INFO starter.ImportStarterUtil: About to delete all records from dot_containers
[09/06/23 21:41:40:015 UTC]  INFO starter.ImportStarterUtil: Deleted all records from dot_containers
[09/06/23 21:41:40:015 UTC]  INFO starter.ImportStarterUtil: About to delete all records from workflow_comment
[09/06/23 21:41:40:015 UTC]  INFO starter.ImportStarterUtil: Deleted all records from workflow_comment
[09/06/23 21:41:40:017 UTC]  INFO starter.ImportStarterUtil: About to delete all records from template_version_info
[09/06/23 21:41:40:018 UTC]  INFO starter.ImportStarterUtil: Deleted all records from template_version_info
[09/06/23 21:41:40:018 UTC]  INFO starter.ImportStarterUtil: About to delete all records from container_structures
[09/06/23 21:41:40:019 UTC]  INFO starter.ImportStarterUtil: Deleted all records from container_structures
[09/06/23 21:41:40:019 UTC]  INFO starter.ImportStarterUtil: About to delete all records from clickstream_request
[09/06/23 21:41:40:021 UTC]  INFO starter.ImportStarterUtil: Deleted all records from clickstream_request
[09/06/23 21:41:40:021 UTC]  INFO starter.ImportStarterUtil: About to delete all records from clickstream_404
[09/06/23 21:41:40:023 UTC]  INFO starter.ImportStarterUtil: Deleted all records from clickstream_404
[09/06/23 21:41:40:023 UTC]  INFO starter.ImportStarterUtil: About to delete all records from workflow_history
[09/06/23 21:41:40:024 UTC]  INFO starter.ImportStarterUtil: Deleted all records from workflow_history
[09/06/23 21:41:40:024 UTC]  INFO starter.ImportStarterUtil: About to delete all records from permission
[09/06/23 21:41:40:026 UTC]  INFO starter.ImportStarterUtil: Deleted all records from permission
[09/06/23 21:41:40:026 UTC]  INFO starter.ImportStarterUtil: About to delete all records from challenge_question
[09/06/23 21:41:40:027 UTC]  INFO starter.ImportStarterUtil: Deleted all records from challenge_question
[09/06/23 21:41:40:027 UTC]  INFO starter.ImportStarterUtil: About to delete all records from host_variable
[09/06/23 21:41:40:028 UTC]  INFO starter.ImportStarterUtil: Deleted all records from host_variable
[09/06/23 21:41:40:028 UTC]  INFO starter.ImportStarterUtil: About to delete all records from link_version_info
[09/06/23 21:41:40:030 UTC]  INFO starter.ImportStarterUtil: Deleted all records from link_version_info
[09/06/23 21:41:40:030 UTC]  INFO starter.ImportStarterUtil: About to delete all records from UserTracker
[09/06/23 21:41:40:031 UTC]  INFO starter.ImportStarterUtil: Deleted all records from UserTracker
[09/06/23 21:41:40:031 UTC]  INFO starter.ImportStarterUtil: About to delete all records from tree
[09/06/23 21:41:40:032 UTC]  INFO starter.ImportStarterUtil: Deleted all records from tree
[09/06/23 21:41:40:033 UTC]  INFO starter.ImportStarterUtil: About to delete all records from cms_layouts_portlets
[09/06/23 21:41:40:033 UTC]  INFO starter.ImportStarterUtil: Deleted all records from cms_layouts_portlets
[09/06/23 21:41:40:033 UTC]  INFO starter.ImportStarterUtil: About to delete all records from layouts_cms_roles
[09/06/23 21:41:40:035 UTC]  INFO starter.ImportStarterUtil: Deleted all records from layouts_cms_roles
[09/06/23 21:41:40:035 UTC]  INFO starter.ImportStarterUtil: About to delete all records from users_cms_roles
[09/06/23 21:41:40:036 UTC]  INFO starter.ImportStarterUtil: Deleted all records from users_cms_roles
[09/06/23 21:41:40:036 UTC]  INFO starter.ImportStarterUtil: About to delete all records from cms_role
[09/06/23 21:41:40:041 UTC]  INFO starter.ImportStarterUtil: Deleted all records from cms_role
[09/06/23 21:41:40:041 UTC]  INFO starter.ImportStarterUtil: About to delete all records from cms_layout
[09/06/23 21:41:40:042 UTC]  INFO starter.ImportStarterUtil: Deleted all records from cms_layout
[09/06/23 21:41:40:042 UTC]  INFO starter.ImportStarterUtil: About to delete all records from structure
[09/06/23 21:41:40:044 UTC]  INFO starter.ImportStarterUtil: Deleted all records from structure
[09/06/23 21:41:40:044 UTC]  INFO starter.ImportStarterUtil: About to delete all records from folder
[09/06/23 21:41:40:045 UTC]  INFO starter.ImportStarterUtil: Deleted all records from folder
[09/06/23 21:41:40:045 UTC]  INFO starter.ImportStarterUtil: About to delete all records from identifier
[09/06/23 21:41:40:047 UTC]  INFO starter.ImportStarterUtil: Deleted all records from identifier
[09/06/23 21:41:40:047 UTC]  INFO starter.ImportStarterUtil: About to delete all records from inode
[09/06/23 21:41:40:048 UTC]  INFO starter.ImportStarterUtil: Deleted all records from inode
[09/06/23 21:41:40:048 UTC]  INFO starter.ImportStarterUtil: About to delete all records from user_
[09/06/23 21:41:40:054 UTC]  INFO starter.ImportStarterUtil: Deleted all records from user_
[09/06/23 21:41:40:054 UTC]  INFO starter.ImportStarterUtil: About to delete all records from company
[09/06/23 21:41:40:056 UTC]  INFO starter.ImportStarterUtil: Deleted all records from company
[09/06/23 21:41:40:056 UTC]  INFO starter.ImportStarterUtil: About to delete all records from counter
[09/06/23 21:41:40:057 UTC]  INFO starter.ImportStarterUtil: Deleted all records from counter
[09/06/23 21:41:40:057 UTC]  INFO starter.ImportStarterUtil: About to delete all records from image
[09/06/23 21:41:40:059 UTC]  INFO starter.ImportStarterUtil: Deleted all records from image
[09/06/23 21:41:40:059 UTC]  INFO starter.ImportStarterUtil: About to delete all records from portlet
[09/06/23 21:41:40:060 UTC]  INFO starter.ImportStarterUtil: Deleted all records from portlet
[09/06/23 21:41:40:060 UTC]  INFO starter.ImportStarterUtil: About to delete all records from portletpreferences
[09/06/23 21:41:40:061 UTC]  INFO starter.ImportStarterUtil: Deleted all records from portletpreferences
[09/06/23 21:41:40:061 UTC]  INFO starter.ImportStarterUtil: About to delete all records from address
[09/06/23 21:41:40:063 UTC]  INFO starter.ImportStarterUtil: Deleted all records from address
[09/06/23 21:41:40:064 UTC]  INFO starter.ImportStarterUtil: About to delete all records from plugin_property
[09/06/23 21:41:40:065 UTC]  INFO starter.ImportStarterUtil: Deleted all records from plugin_property
[09/06/23 21:41:40:065 UTC]  INFO starter.ImportStarterUtil: About to delete all records from plugin
[09/06/23 21:41:40:066 UTC]  INFO starter.ImportStarterUtil: Deleted all records from plugin
[09/06/23 21:41:40:101 UTC]  INFO starter.ImportStarterUtil: **** Importing the file: /data/local/dotsecure/backup/temp/com.liferay.portal.model.Company.json *****
[09/06/23 21:41:40:103 UTC]  INFO starter.ImportStarterUtil: Importing:	com.liferay.portal.model.Company
[09/06/23 21:41:40:205 UTC]  INFO starter.ImportStarterUtil: Found :	1 com.liferay.portal.model.Company(s)
[09/06/23 21:41:40:295 UTC]  INFO starter.ImportStarterUtil: **** Importing the file: /data/local/dotsecure/backup/temp/com.dotmarketing.business.Role_0000000000.json *****
[09/06/23 21:41:40:295 UTC]  INFO starter.ImportStarterUtil: Importing:	com.dotmarketing.business.Role
[09/06/23 21:41:40:321 UTC]  INFO starter.ImportStarterUtil: Found :	18 com.dotmarketing.business.Role(s)
[09/06/23 21:41:40:326 UTC]  INFO starter.ImportStarterUtil: roleKey:cms_users = 0
[09/06/23 21:41:40:331 UTC]  INFO starter.ImportStarterUtil: roleKey:System = 0
[09/06/23 21:41:40:333 UTC]  INFO starter.ImportStarterUtil: roleKey:DOTCMS_BACK_END_USER = 0
[09/06/23 21:41:40:335 UTC]  INFO starter.ImportStarterUtil: roleKey:cms_workflow_any_who_can_view = 0
[09/06/23 21:41:40:338 UTC]  INFO starter.ImportStarterUtil: roleKey:Form Editor = 0
[09/06/23 21:41:40:341 UTC]  INFO starter.ImportStarterUtil: roleKey:dotcms.org.default = 0
[09/06/23 21:41:40:343 UTC]  INFO starter.ImportStarterUtil: roleKey:cms_workflow_any_who_can_edit_permissions = 0
[09/06/23 21:41:40:345 UTC]  INFO starter.ImportStarterUtil: roleKey:cms_workflow_any_who_can_edit = 0
[09/06/23 21:41:40:348 UTC]  INFO starter.ImportStarterUtil: roleKey:CMS Anonymous = 0
[09/06/23 21:41:40:356 UTC]  INFO starter.ImportStarterUtil: roleKey:CMS Owner = 0
[09/06/23 21:41:40:358 UTC]  INFO starter.ImportStarterUtil: roleKey:Login As = 0
[09/06/23 21:41:40:359 UTC]  INFO starter.ImportStarterUtil: roleKey:LDAP User = 0
[09/06/23 21:41:40:361 UTC]  INFO starter.ImportStarterUtil: roleKey:CMS Administrator = 0
[09/06/23 21:41:40:362 UTC]  INFO starter.ImportStarterUtil: roleKey:DOTCMS_FRONT_END_USER = 0
[09/06/23 21:41:40:363 UTC]  INFO starter.ImportStarterUtil: roleKey:cms_workflow_any_who_can_publish = 0
[09/06/23 21:41:40:365 UTC]  INFO starter.ImportStarterUtil: roleKey:dotcms.org.1 = 0
[09/06/23 21:41:40:366 UTC]  INFO starter.ImportStarterUtil: roleKey:anonymous = 0
[09/06/23 21:41:40:368 UTC]  INFO starter.ImportStarterUtil: roleKey:Scripting Developer = 0
[09/06/23 21:41:40:369 UTC]  INFO starter.ImportStarterUtil: **** Importing the file: /data/local/dotsecure/backup/temp/com.liferay.portal.model.User.json *****
[09/06/23 21:41:40:370 UTC]  INFO starter.ImportStarterUtil: Importing:	com.liferay.portal.model.User
[09/06/23 21:41:40:405 UTC]  INFO starter.ImportStarterUtil: Found :	4 com.liferay.portal.model.User(s)
[09/06/23 21:41:40:446 UTC]  WARN util.LocaleUtil: null is not a valid language id
[09/06/23 21:41:40:458 UTC]  WARN business.UserHelper: Error loading user with id dotcms.org.1
[09/06/23 21:41:40:545 UTC]  INFO xml.Marshaller: Marshaller called using one of the *static*  marshal(Object, *) methods. This will ignore any  mapping files as specified. Please consider switching to  using Marshaller instances and calling one of the marshal(*) methods.
[09/06/23 21:41:42:031 UTC]  WARN business.UserHelper: Error loading user with id system
[09/06/23 21:41:42:919 UTC]  INFO util.SecurityLogger: class com.dotmarketing.business.RoleAPIImpl : Adding role:'Admin User' to user:dotcms.org.1 email:admin@dotcms.com -- ip:ukn,user:null
[09/06/23 21:41:42:929 UTC]  WARN business.UserHelper: Error loading user with id anonymous
[09/06/23 21:41:43:743 UTC]  INFO util.SecurityLogger: class com.dotmarketing.business.RoleAPIImpl : Adding role:'anonymous user anonymous' to user:anonymous email:anonymous@dotcms.anonymoususer -- ip:ukn,user:null
[09/06/23 21:41:43:745 UTC]  INFO starter.ImportStarterUtil: 
[09/06/23 21:41:43:745 UTC]  INFO starter.ImportStarterUtil: 
[09/06/23 21:41:43:745 UTC]  INFO starter.ImportStarterUtil: **** Importing the file: /data/local/dotsecure/backup/temp/com.dotmarketing.business.UsersRoles_0000000000.json *****
[09/06/23 21:41:43:745 UTC]  INFO starter.ImportStarterUtil: Importing:	com.dotmarketing.business.UsersRoles
[09/06/23 21:41:43:747 UTC]  INFO starter.ImportStarterUtil: Found :	14 com.dotmarketing.business.UsersRoles(s)
[09/06/23 21:41:43:755 UTC]  INFO starter.ImportStarterUtil: **** Importing the file: /data/local/dotsecure/backup/temp/com.dotmarketing.business.Layout_0000000000.json *****
[09/06/23 21:41:43:755 UTC]  INFO starter.ImportStarterUtil: Importing:	com.dotmarketing.business.Layout
[09/06/23 21:41:43:757 UTC]  INFO starter.ImportStarterUtil: Found :	11 com.dotmarketing.business.Layout(s)
[09/06/23 21:41:43:773 UTC]  INFO starter.ImportStarterUtil: **** Importing the file: /data/local/dotsecure/backup/temp/com.dotmarketing.business.PortletsLayouts_0000000000.json *****
[09/06/23 21:41:43:773 UTC]  INFO starter.ImportStarterUtil: Importing:	com.dotmarketing.business.PortletsLayouts
[09/06/23 21:41:43:779 UTC]  INFO starter.ImportStarterUtil: Found :	36 com.dotmarketing.business.PortletsLayouts(s)
[09/06/23 21:41:43:830 UTC]  INFO starter.ImportStarterUtil: **** Importing the file: /data/local/dotsecure/backup/temp/com.dotmarketing.business.LayoutsRoles_0000000000.json *****
[09/06/23 21:41:43:832 UTC]  INFO starter.ImportStarterUtil: Importing:	com.dotmarketing.business.LayoutsRoles
[09/06/23 21:41:43:834 UTC]  INFO starter.ImportStarterUtil: Found :	7 com.dotmarketing.business.LayoutsRoles(s)
[09/06/23 21:41:43:844 UTC]  INFO starter.ImportStarterUtil: **** Importing the file: /data/local/dotsecure/backup/temp/com.dotmarketing.portlets.languagesmanager.model.Language_0000000000.json *****
[09/06/23 21:41:43:845 UTC]  INFO starter.ImportStarterUtil: Importing:	com.dotmarketing.portlets.languagesmanager.model.Language
[09/06/23 21:41:43:849 UTC]  INFO starter.ImportStarterUtil: Found :	1 com.dotmarketing.portlets.languagesmanager.model.Language(s)
[09/06/23 21:41:43:874 UTC]  INFO starter.ImportStarterUtil: Importing folder path /System foldersystem folder
[09/06/23 21:41:43:916 UTC]  INFO starter.ImportStarterUtil: **** Importing the file: /data/local/dotsecure/backup/temp/com.dotmarketing.portlets.folders.model.Folder_0000000000.json *****
[09/06/23 21:41:43:918 UTC]  INFO starter.ImportStarterUtil: Importing:	com.dotmarketing.portlets.folders.model.Folder
[09/06/23 21:41:43:929 UTC]  INFO starter.ImportStarterUtil: Found :	1 com.dotmarketing.portlets.folders.model.Folder(s)
[09/06/23 21:41:44:648 UTC]  INFO business.ContentTypeAPIImpl: Content type not found with given id: c938b15f-bcb6-49ef-8651-14d455a97045. Continuing...
[09/06/23 21:41:44:783 UTC]  INFO util.ActivityLogger: class com.dotmarketing.util.ActivityLogger: system : Save Field Action , User system/system user added field Site/Folder to Persona Structure.
[09/06/23 21:41:44:813 UTC]  INFO util.ActivityLogger: class com.dotmarketing.util.ActivityLogger: system : Save Field Action , User system/system user added field Name to Persona Structure.
[09/06/23 21:41:44:840 UTC]  INFO util.ActivityLogger: class com.dotmarketing.util.ActivityLogger: system : Save Field Action , User system/system user added field Key Tag to Persona Structure.
[09/06/23 21:41:44:891 UTC]  INFO util.ActivityLogger: class com.dotmarketing.util.ActivityLogger: system : Save Field Action , User system/system user added field Photo to Persona Structure.
[09/06/23 21:41:44:945 UTC]  INFO util.ActivityLogger: class com.dotmarketing.util.ActivityLogger: system : Save Field Action , User system/system user added field Other Tags to Persona Structure.
[09/06/23 21:41:44:999 UTC]  INFO util.ActivityLogger: class com.dotmarketing.util.ActivityLogger: system : Save Field Action , User system/system user added field Description to Persona Structure.
[09/06/23 21:41:45:028 UTC]  INFO util.ActivityLogger: class com.dotcms.contenttype.business.ContentTypeAPIImpl: system : Save ContentType Action , User system/system user system user added ContentType Persona to host id:SYSTEM_HOST
[09/06/23 21:41:45:030 UTC]  INFO business.ContentTypeAPIImpl: UserId : system : ContentType : ContentType saved : Persona
[09/06/23 21:41:45:031 UTC]  INFO util.AdminLogger: UserId : system : class com.dotcms.contenttype.business.ContentTypeAPIImpl : ContentType : ContentType saved : Persona
[09/06/23 21:41:45:056 UTC]  INFO business.ContentTypeAPIImpl: Content type not found with given id: f4d7c1b8-2c88-4071-abf1-a5328977b07d. Continuing...
[09/06/23 21:41:45:073 UTC]  INFO util.ActivityLogger: class com.dotmarketing.util.ActivityLogger: system : Save Field Action , User system/system user added field Key to Language Variable Structure.
[09/06/23 21:41:45:088 UTC]  INFO util.ActivityLogger: class com.dotmarketing.util.ActivityLogger: system : Save Field Action , User system/system user added field Value to Language Variable Structure.
[09/06/23 21:41:45:094 UTC]  INFO util.ActivityLogger: class com.dotcms.contenttype.business.ContentTypeAPIImpl: system : Save ContentType Action , User system/system user system user added ContentType Language Variable to host id:SYSTEM_HOST
[09/06/23 21:41:45:095 UTC]  INFO business.ContentTypeAPIImpl: UserId : system : ContentType : ContentType saved : Language Variable
[09/06/23 21:41:45:095 UTC]  INFO util.AdminLogger: UserId : system : class com.dotcms.contenttype.business.ContentTypeAPIImpl : ContentType : ContentType saved : Language Variable
[09/06/23 21:41:45:118 UTC]  INFO business.ContentTypeAPIImpl: Content type not found with given id: 4d21b6d8-1711-4ae6-9419-89e2b1ae5a06. Continuing...
[09/06/23 21:41:45:133 UTC]  INFO util.ActivityLogger: class com.dotmarketing.util.ActivityLogger: system : Save Field Action , User system/system user added field Form ID to Forms Structure.
[09/06/23 21:41:45:147 UTC]  INFO util.ActivityLogger: class com.dotmarketing.util.ActivityLogger: system : Save Field Action , User system/system user added field Widget Title to Forms Structure.
[09/06/23 21:41:45:168 UTC]  INFO util.ActivityLogger: class com.dotmarketing.util.ActivityLogger: system : Save Field Action , User system/system user added field Widget Usage to Forms Structure.
[09/06/23 21:41:45:191 UTC]  INFO util.ActivityLogger: class com.dotmarketing.util.ActivityLogger: system : Save Field Action , User system/system user added field Widget Code to Forms Structure.
[09/06/23 21:41:45:238 UTC]  INFO util.ActivityLogger: class com.dotmarketing.util.ActivityLogger: system : Save Field Action , User system/system user added field Widget Pre-Execute to Forms Structure.
[09/06/23 21:41:45:254 UTC]  INFO util.ActivityLogger: class com.dotcms.contenttype.business.ContentTypeAPIImpl: system : Save ContentType Action , User system/system user system user added ContentType Forms to host id:SYSTEM_HOST
[09/06/23 21:41:45:255 UTC]  INFO business.ContentTypeAPIImpl: UserId : system : ContentType : ContentType saved : Forms
[09/06/23 21:41:45:256 UTC]  INFO util.AdminLogger: UserId : system : class com.dotcms.contenttype.business.ContentTypeAPIImpl : ContentType : ContentType saved : Forms
[09/06/23 21:41:45:282 UTC]  INFO business.ContentTypeAPIImpl: Content type not found with given id: f2d8a1c7-2b77-2081-bcf1-b5348988c08d. Continuing...
[09/06/23 21:41:45:307 UTC]  INFO util.ActivityLogger: class com.dotmarketing.util.ActivityLogger: system : Save Field Action , User system/system user added field Site or Folder to dotAsset Structure.
[09/06/23 21:41:45:323 UTC]  INFO util.ActivityLogger: class com.dotmarketing.util.ActivityLogger: system : Save Field Action , User system/system user added field Asset to dotAsset Structure.
[09/06/23 21:41:45:339 UTC]  INFO util.ActivityLogger: class com.dotmarketing.util.ActivityLogger: system : Save Field Action , User system/system user added field Tags to dotAsset Structure.
[09/06/23 21:41:45:344 UTC]  INFO util.ActivityLogger: class com.dotcms.contenttype.business.ContentTypeAPIImpl: system : Save ContentType Action , User system/system user system user added ContentType dotAsset to host id:SYSTEM_HOST
[09/06/23 21:41:45:345 UTC]  INFO business.ContentTypeAPIImpl: UserId : system : ContentType : ContentType saved : dotAsset
[09/06/23 21:41:45:345 UTC]  INFO util.AdminLogger: UserId : system : class com.dotcms.contenttype.business.ContentTypeAPIImpl : ContentType : ContentType saved : dotAsset
[09/06/23 21:41:45:385 UTC]  INFO business.ContentTypeAPIImpl: Content type not found with given id: 33888b6f-7a8e-4069-b1b6-5c1aa9d0a48d. Continuing...
[09/06/23 21:41:45:398 UTC]  INFO util.ActivityLogger: class com.dotmarketing.util.ActivityLogger: system : Save Field Action , User system/system user added field Host Or Folder to File Asset Structure.
[09/06/23 21:41:45:412 UTC]  INFO util.ActivityLogger: class com.dotmarketing.util.ActivityLogger: system : Save Field Action , User system/system user added field File Name to File Asset Structure.
[09/06/23 21:41:45:446 UTC]  INFO util.ActivityLogger: class com.dotmarketing.util.ActivityLogger: system : Save Field Action , User system/system user added field File Asset to File Asset Structure.
[09/06/23 21:41:45:480 UTC]  INFO util.ActivityLogger: class com.dotmarketing.util.ActivityLogger: system : Save Field Action , User system/system user added field Title to File Asset Structure.
[09/06/23 21:41:45:510 UTC]  INFO util.ActivityLogger: class com.dotmarketing.util.ActivityLogger: system : Save Field Action , User system/system user added field Metadata to File Asset Structure.
[09/06/23 21:41:45:547 UTC]  INFO util.ActivityLogger: class com.dotmarketing.util.ActivityLogger: system : Save Field Action , User system/system user added field Metadata to File Asset Structure.
[09/06/23 21:41:45:584 UTC]  INFO util.ActivityLogger: class com.dotmarketing.util.ActivityLogger: system : Save Field Action , User system/system user added field Show On Menu to File Asset Structure.
[09/06/23 21:41:45:622 UTC]  INFO util.ActivityLogger: class com.dotmarketing.util.ActivityLogger: system : Save Field Action , User system/system user added field Sort Order to File Asset Structure.
[09/06/23 21:41:45:646 UTC]  INFO util.ActivityLogger: class com.dotmarketing.util.ActivityLogger: system : Save Field Action , User system/system user added field Description to File Asset Structure.
[09/06/23 21:41:45:705 UTC]  INFO util.ActivityLogger: class com.dotcms.contenttype.business.ContentTypeAPIImpl: system : Save ContentType Action , User system/system user system user added ContentType File Asset to host id:SYSTEM_HOST
[09/06/23 21:41:45:705 UTC]  INFO business.ContentTypeAPIImpl: UserId : system : ContentType : ContentType saved : File Asset
[09/06/23 21:41:45:705 UTC]  INFO util.AdminLogger: UserId : system : class com.dotcms.contenttype.business.ContentTypeAPIImpl : ContentType : ContentType saved : File Asset
[09/06/23 21:41:45:733 UTC]  INFO business.ContentTypeAPIImpl: Content type not found with given id: 8e850645-bb92-4fda-a765-e67063a59be0. Continuing...
[09/06/23 21:41:45:745 UTC]  INFO util.ActivityLogger: class com.dotmarketing.util.ActivityLogger: system : Save Field Action , User system/system user added field Title to Vanity URL Structure.
[09/06/23 21:41:45:756 UTC]  INFO util.ActivityLogger: class com.dotmarketing.util.ActivityLogger: system : Save Field Action , User system/system user added field Site to Vanity URL Structure.
[09/06/23 21:41:45:778 UTC]  INFO util.ActivityLogger: class com.dotmarketing.util.ActivityLogger: system : Save Field Action , User system/system user added field Uri to Vanity URL Structure.
[09/06/23 21:41:45:804 UTC]  INFO util.ActivityLogger: class com.dotmarketing.util.ActivityLogger: system : Save Field Action , User system/system user added field Action to Vanity URL Structure.
[09/06/23 21:41:45:825 UTC]  INFO util.ActivityLogger: class com.dotmarketing.util.ActivityLogger: system : Save Field Action , User system/system user added field Forward To to Vanity URL Structure.
[09/06/23 21:41:45:847 UTC]  INFO util.ActivityLogger: class com.dotmarketing.util.ActivityLogger: system : Save Field Action , User system/system user added field Order to Vanity URL Structure.
[09/06/23 21:41:45:858 UTC]  INFO util.ActivityLogger: class com.dotcms.contenttype.business.ContentTypeAPIImpl: system : Save ContentType Action , User system/system user system user added ContentType Vanity URL to host id:SYSTEM_HOST
[09/06/23 21:41:45:858 UTC]  INFO business.ContentTypeAPIImpl: UserId : system : ContentType : ContentType saved : Vanity URL
[09/06/23 21:41:45:858 UTC]  INFO util.AdminLogger: UserId : system : class com.dotcms.contenttype.business.ContentTypeAPIImpl : ContentType : ContentType saved : Vanity URL
[09/06/23 21:41:45:875 UTC]  INFO business.ContentTypeAPIImpl: Content type not found with given id: c541abb1-69b3-4bc5-8430-5e09e5239cc8. Continuing...
[09/06/23 21:41:45:887 UTC]  INFO util.ActivityLogger: class com.dotmarketing.util.ActivityLogger: system : Save Field Action , User system/system user added field Title to Page Structure.
[09/06/23 21:41:45:898 UTC]  INFO util.ActivityLogger: class com.dotmarketing.util.ActivityLogger: system : Save Field Action , User system/system user added field Url to Page Structure.
[09/06/23 21:41:45:912 UTC]  INFO util.ActivityLogger: class com.dotmarketing.util.ActivityLogger: system : Save Field Action , User system/system user added field Host or Folder to Page Structure.
[09/06/23 21:41:45:938 UTC]  INFO util.ActivityLogger: class com.dotmarketing.util.ActivityLogger: system : Save Field Action , User system/system user added field Template to Page Structure.
[09/06/23 21:41:45:964 UTC]  INFO util.ActivityLogger: class com.dotmarketing.util.ActivityLogger: system : Save Field Action , User system/system user added field Friendly Name to Page Structure.
[09/06/23 21:41:45:993 UTC]  INFO util.ActivityLogger: class com.dotmarketing.util.ActivityLogger: system : Save Field Action , User system/system user added field Show on Menu to Page Structure.
[09/06/23 21:41:46:027 UTC]  INFO util.ActivityLogger: class com.dotmarketing.util.ActivityLogger: system : Save Field Action , User system/system user added field Sort Order to Page Structure.
[09/06/23 21:41:46:054 UTC]  INFO util.ActivityLogger: class com.dotmarketing.util.ActivityLogger: system : Save Field Action , User system/system user added field Cache TTL to Page Structure.
[09/06/23 21:41:46:079 UTC]  INFO util.ActivityLogger: class com.dotmarketing.util.ActivityLogger: system : Save Field Action , User system/system user added field Advanced Properties to Page Structure.
[09/06/23 21:41:46:104 UTC]  INFO util.ActivityLogger: class com.dotmarketing.util.ActivityLogger: system : Save Field Action , User system/system user added field Redirect Url to Page Structure.
[09/06/23 21:41:46:131 UTC]  INFO util.ActivityLogger: class com.dotmarketing.util.ActivityLogger: system : Save Field Action , User system/system user added field HTTPS Required to Page Structure.
[09/06/23 21:41:46:160 UTC]  INFO util.ActivityLogger: class com.dotmarketing.util.ActivityLogger: system : Save Field Action , User system/system user added field SEO Description to Page Structure.
[09/06/23 21:41:46:192 UTC]  INFO util.ActivityLogger: class com.dotmarketing.util.ActivityLogger: system : Save Field Action , User system/system user added field SEO Keywords to Page Structure.
[09/06/23 21:41:46:225 UTC]  INFO util.ActivityLogger: class com.dotmarketing.util.ActivityLogger: system : Save Field Action , User system/system user added field Page Metadata to Page Structure.
[09/06/23 21:41:46:260 UTC]  INFO util.ActivityLogger: class com.dotmarketing.util.ActivityLogger: system : Save Field Action , User system/system user added field Canonical URL to Page Structure.
[09/06/23 21:41:46:275 UTC]  INFO util.ActivityLogger: class com.dotcms.contenttype.business.ContentTypeAPIImpl: system : Save ContentType Action , User system/system user system user added ContentType Page to host id:SYSTEM_HOST
[09/06/23 21:41:46:276 UTC]  INFO business.ContentTypeAPIImpl: UserId : system : ContentType : ContentType saved : Page
[09/06/23 21:41:46:276 UTC]  INFO util.AdminLogger: UserId : system : class com.dotcms.contenttype.business.ContentTypeAPIImpl : ContentType : ContentType saved : Page
[09/06/23 21:41:46:336 UTC]  INFO business.ContentTypeAPIImpl: Content type not found with given id: 855a2d72-f2f3-4169-8b04-ac5157c4380c. Continuing...
[09/06/23 21:41:46:348 UTC]  INFO util.ActivityLogger: class com.dotmarketing.util.ActivityLogger: system : Save Field Action , User system/system user added field fields-2 to Host Structure.
[09/06/23 21:41:46:359 UTC]  INFO util.ActivityLogger: class com.dotmarketing.util.ActivityLogger: system : Save Field Action , User system/system user added field fields-3 to Host Structure.
[09/06/23 21:41:46:372 UTC]  INFO util.ActivityLogger: class com.dotmarketing.util.ActivityLogger: system : Save Field Action , User system/system user added field Site Key to Host Structure.
[09/06/23 21:41:46:386 UTC]  INFO util.ActivityLogger: class com.dotmarketing.util.ActivityLogger: system : Save Field Action , User system/system user added field Aliases to Host Structure.
[09/06/23 21:41:46:402 UTC]  INFO util.ActivityLogger: class com.dotmarketing.util.ActivityLogger: system : Save Field Action , User system/system user added field Tag Storage to Host Structure.
[09/06/23 21:41:46:421 UTC]  INFO util.ActivityLogger: class com.dotmarketing.util.ActivityLogger: system : Save Field Action , User system/system user added field Is Default to Host Structure.
[09/06/23 21:41:46:442 UTC]  INFO util.ActivityLogger: class com.dotmarketing.util.ActivityLogger: system : Save Field Action , User system/system user added field Is System Host to Host Structure.
[09/06/23 21:41:46:463 UTC]  INFO util.ActivityLogger: class com.dotmarketing.util.ActivityLogger: system : Save Field Action , User system/system user added field Host Thumbnail to Host Structure.
[09/06/23 21:41:46:486 UTC]  INFO util.ActivityLogger: class com.dotmarketing.util.ActivityLogger: system : Save Field Action , User system/system user added field Run Dashboard to Host Structure.
[09/06/23 21:41:46:496 UTC]  INFO util.ActivityLogger: class com.dotcms.contenttype.business.ContentTypeAPIImpl: system : Save ContentType Action , User system/system user system user added ContentType Host to host id:SYSTEM_HOST
[09/06/23 21:41:46:497 UTC]  INFO business.ContentTypeAPIImpl: UserId : system : ContentType : ContentType saved : Host
[09/06/23 21:41:46:498 UTC]  INFO util.AdminLogger: UserId : system : class com.dotcms.contenttype.business.ContentTypeAPIImpl : ContentType : ContentType saved : Host
[09/06/23 21:41:46:501 UTC]  INFO business.ContentTypeAPIImpl: Content type not found with given id: 2c46b6586c38852ac08a824a303ced80. Continuing...
[09/06/23 21:41:46:521 UTC]  INFO util.ActivityLogger: class com.dotmarketing.util.ActivityLogger: system : Save Field Action , User system/system user added field Site or Folder to Image Structure.
[09/06/23 21:41:46:540 UTC]  INFO util.ActivityLogger: class com.dotmarketing.util.ActivityLogger: system : Save Field Action , User system/system user added field Asset to Image Structure.
[09/06/23 21:41:46:562 UTC]  INFO util.ActivityLogger: class com.dotmarketing.util.ActivityLogger: system : Save Field Action , User system/system user added field Tags to Image Structure.
[09/06/23 21:41:46:567 UTC]  INFO util.ActivityLogger: class com.dotcms.contenttype.business.ContentTypeAPIImpl: system : Save ContentType Action , User system/system user system user added ContentType Image to host id:8a7d5e23-da1e-420a-b4f0-471e7da8ea2d
[09/06/23 21:41:46:568 UTC]  INFO business.ContentTypeAPIImpl: UserId : system : ContentType : ContentType saved : Image
[09/06/23 21:41:46:569 UTC]  INFO util.AdminLogger: UserId : system : class com.dotcms.contenttype.business.ContentTypeAPIImpl : ContentType : ContentType saved : Image
[09/06/23 21:41:46:575 UTC]  INFO business.ContentTypeAPIImpl: Content type not found with given id: c77450b834901a20c8193ef9d561ee5b. Continuing...
[09/06/23 21:41:46:594 UTC]  INFO util.ActivityLogger: class com.dotmarketing.util.ActivityLogger: system : Save Field Action , User system/system user added field Site or Folder to Video Structure.
[09/06/23 21:41:46:612 UTC]  INFO util.ActivityLogger: class com.dotmarketing.util.ActivityLogger: system : Save Field Action , User system/system user added field Asset to Video Structure.
[09/06/23 21:41:46:633 UTC]  INFO util.ActivityLogger: class com.dotmarketing.util.ActivityLogger: system : Save Field Action , User system/system user added field Tags to Video Structure.
[09/06/23 21:41:46:639 UTC]  INFO util.ActivityLogger: class com.dotcms.contenttype.business.ContentTypeAPIImpl: system : Save ContentType Action , User system/system user system user added ContentType Video to host id:8a7d5e23-da1e-420a-b4f0-471e7da8ea2d
[09/06/23 21:41:46:639 UTC]  INFO business.ContentTypeAPIImpl: UserId : system : ContentType : ContentType saved : Video
[09/06/23 21:41:46:640 UTC]  INFO util.AdminLogger: UserId : system : class com.dotcms.contenttype.business.ContentTypeAPIImpl : ContentType : ContentType saved : Video
[09/06/23 21:41:46:658 UTC]  INFO business.ContentTypeAPIImpl: Content type not found with given id: 2a3e91e4-fbbf-4876-8c5b-2233c1739b05. Continuing...
[09/06/23 21:41:46:669 UTC]  INFO util.ActivityLogger: class com.dotmarketing.util.ActivityLogger: system : Save Field Action , User system/system user added field Row Field to Content (Generic) Structure.
[09/06/23 21:41:46:680 UTC]  INFO util.ActivityLogger: class com.dotmarketing.util.ActivityLogger: system : Save Field Action , User system/system user added field Column Field to Content (Generic) Structure.
[09/06/23 21:41:46:692 UTC]  INFO util.ActivityLogger: class com.dotmarketing.util.ActivityLogger: system : Save Field Action , User system/system user added field Title to Content (Generic) Structure.
[09/06/23 21:41:46:706 UTC]  INFO util.ActivityLogger: class com.dotmarketing.util.ActivityLogger: system : Save Field Action , User system/system user added field Site to Content (Generic) Structure.
[09/06/23 21:41:46:722 UTC]  INFO util.ActivityLogger: class com.dotmarketing.util.ActivityLogger: system : Save Field Action , User system/system user added field Body to Content (Generic) Structure.
[09/06/23 21:41:46:729 UTC]  INFO util.ActivityLogger: class com.dotcms.contenttype.business.ContentTypeAPIImpl: system : Save ContentType Action , User system/system user system user added ContentType Content (Generic) to host id:SYSTEM_HOST
[09/06/23 21:41:46:729 UTC]  INFO business.ContentTypeAPIImpl: UserId : system : ContentType : ContentType saved : Content (Generic)
[09/06/23 21:41:46:730 UTC]  INFO util.AdminLogger: UserId : system : class com.dotcms.contenttype.business.ContentTypeAPIImpl : ContentType : ContentType saved : Content (Generic)
[09/06/23 21:41:46:733 UTC]  INFO business.ContentTypeAPIImpl: Content type not found with given id: ce930143870e11569f93f8a9fff5da19. Continuing...
[09/06/23 21:41:46:744 UTC]  INFO util.ActivityLogger: class com.dotmarketing.util.ActivityLogger: system : Save Field Action , User system/system user added field Screenshot to Dot Favorite Page Structure.
[09/06/23 21:41:46:753 UTC]  INFO util.ActivityLogger: class com.dotmarketing.util.ActivityLogger: system : Save Field Action , User system/system user added field title to Dot Favorite Page Structure.
[09/06/23 21:41:46:765 UTC]  INFO util.ActivityLogger: class com.dotmarketing.util.ActivityLogger: system : Save Field Action , User system/system user added field url to Dot Favorite Page Structure.
[09/06/23 21:41:46:778 UTC]  INFO util.ActivityLogger: class com.dotmarketing.util.ActivityLogger: system : Save Field Action , User system/system user added field order to Dot Favorite Page Structure.
[09/06/23 21:41:46:782 UTC]  INFO util.ActivityLogger: class com.dotcms.contenttype.business.ContentTypeAPIImpl: system : Save ContentType Action , User system/system user system user added ContentType Dot Favorite Page to host id:SYSTEM_HOST
[09/06/23 21:41:46:783 UTC]  INFO business.ContentTypeAPIImpl: UserId : system : ContentType : ContentType saved : Dot Favorite Page
[09/06/23 21:41:46:783 UTC]  INFO util.AdminLogger: UserId : system : class com.dotcms.contenttype.business.ContentTypeAPIImpl : ContentType : ContentType saved : Dot Favorite Page
[09/06/23 21:41:46:785 UTC]  INFO starter.ImportStarterUtil: **** Importing the file: /data/local/dotsecure/backup/temp/com.dotmarketing.portlets.contentlet.model.Contentlet_0000000000.json *****
[09/06/23 21:41:46:785 UTC]  INFO starter.ImportStarterUtil: Importing:	com.dotmarketing.portlets.contentlet.model.Contentlet
[09/06/23 21:41:47:002 UTC]  INFO starter.ImportStarterUtil: Found :	5 com.dotmarketing.portlets.contentlet.model.Contentlet(s)
[09/06/23 21:41:47:137 UTC]  INFO timedcache.TimedCacheProvider: ***	 Building Cache : esquerycache, size:10000, seconds:3600,Concurrency:32 (every 60000 millis)
[09/06/23 21:41:47:652 UTC]  INFO util.SecurityLogger: class com.dotmarketing.portlets.workflows.business.WorkflowAPIImpl : Workflow Scheme 'System Workflow' [d61a59e1-a49c-46f2-a929-db2b4bfa88b2] has been saved by User ID 'system' -- ip:ukn,user:null
[09/06/23 21:41:47:659 UTC]  INFO util.SecurityLogger: class com.dotmarketing.portlets.workflows.business.WorkflowAPIImpl : Workflow Step 'New' [6cb7e3bd-1710-4eed-8838-d3db60f78f19] has been saved by User ID 'system' -- ip:ukn,user:null
[09/06/23 21:41:47:662 UTC]  INFO util.SecurityLogger: class com.dotmarketing.portlets.workflows.business.WorkflowAPIImpl : Workflow Step 'Draft' [ee24a4cb-2d15-4c98-b1bd-6327126451f3] has been saved by User ID 'system' -- ip:ukn,user:null
[09/06/23 21:41:47:664 UTC]  INFO util.SecurityLogger: class com.dotmarketing.portlets.workflows.business.WorkflowAPIImpl : Workflow Step 'Published' [dc3c9cd0-8467-404b-bf95-cb7df3fbc293] has been saved by User ID 'system' -- ip:ukn,user:null
[09/06/23 21:41:47:666 UTC]  INFO util.SecurityLogger: class com.dotmarketing.portlets.workflows.business.WorkflowAPIImpl : Workflow Step 'Archived' [d6b095b6-b65f-4bdb-bbfd-701d663dfee2] has been saved by User ID 'system' -- ip:ukn,user:null
[09/06/23 21:41:47:672 UTC]  INFO util.SecurityLogger: class com.dotmarketing.portlets.workflows.business.WorkflowAPIImpl : Action id: '4da13a42-5d59-480c-ad8f-94a3adf809fe' has been reordered by user: system -- ip:ukn,user:null
[09/06/23 21:41:47:682 UTC]  INFO util.SecurityLogger: class com.dotmarketing.portlets.workflows.business.WorkflowAPIImpl : Action id: '963f6a04-5320-42e7-ab74-6d876d199946' has been reordered by user: system -- ip:ukn,user:null
[09/06/23 21:41:47:686 UTC]  INFO util.SecurityLogger: class com.dotmarketing.portlets.workflows.business.WorkflowAPIImpl : Action id: '777f1c6b-c877-4a37-ba4b-10627316c2cc' has been reordered by user: system -- ip:ukn,user:null
[09/06/23 21:41:47:689 UTC]  INFO util.SecurityLogger: class com.dotmarketing.portlets.workflows.business.WorkflowAPIImpl : Action id: '1e0f1c6b-b67f-4c99-983d-db2b4bfa88b2' has been reordered by user: system -- ip:ukn,user:null
[09/06/23 21:41:47:703 UTC]  INFO util.SecurityLogger: class com.dotmarketing.portlets.workflows.business.WorkflowAPIImpl : Action id: 'dd4c4b7c-e9d3-4dc0-8fbf-36102f9c6324' has been reordered by user: system -- ip:ukn,user:null
[09/06/23 21:41:47:706 UTC]  INFO util.SecurityLogger: class com.dotmarketing.portlets.workflows.business.WorkflowAPIImpl : Action id: 'b9d89c80-3d88-4311-8365-187323c96436' has been reordered by user: system -- ip:ukn,user:null
[09/06/23 21:41:47:713 UTC]  INFO util.SecurityLogger: class com.dotmarketing.portlets.workflows.business.WorkflowAPIImpl : Action id: 'ceca71a0-deee-4999-bd47-b01baa1bcfc8' has been reordered by user: system -- ip:ukn,user:null
[09/06/23 21:41:47:720 UTC]  INFO util.SecurityLogger: class com.dotmarketing.portlets.workflows.business.WorkflowAPIImpl : Action id: 'c92f9aa1-9503-4567-ac30-d3242b54d02d' has been reordered by user: system -- ip:ukn,user:null
[09/06/23 21:41:47:723 UTC]  INFO util.SecurityLogger: class com.dotmarketing.portlets.workflows.business.WorkflowAPIImpl : Action id: '38efc763-d78f-4e4b-b092-59cd8c579b93' has been reordered by user: system -- ip:ukn,user:null
[09/06/23 21:41:47:741 UTC]  INFO util.SecurityLogger: class com.dotmarketing.portlets.workflows.business.WorkflowAPIImpl : The action id: 'ceca71a0-deee-4999-bd47-b01baa1bcfc8' has been saved by the user: system -- ip:ukn,user:null
[09/06/23 21:41:47:745 UTC]  INFO util.SecurityLogger: class com.dotmarketing.portlets.workflows.business.WorkflowAPIImpl : The action id: 'b9d89c80-3d88-4311-8365-187323c96436' has been saved by the user: system -- ip:ukn,user:null
[09/06/23 21:41:47:748 UTC]  INFO util.SecurityLogger: class com.dotmarketing.portlets.workflows.business.WorkflowAPIImpl : The action id: '777f1c6b-c877-4a37-ba4b-10627316c2cc' has been saved by the user: system -- ip:ukn,user:null
[09/06/23 21:41:47:753 UTC]  INFO util.SecurityLogger: class com.dotmarketing.portlets.workflows.business.WorkflowAPIImpl : The action id: 'ceca71a0-deee-4999-bd47-b01baa1bcfc8' has been saved by the user: system -- ip:ukn,user:null
[09/06/23 21:41:47:757 UTC]  INFO util.SecurityLogger: class com.dotmarketing.portlets.workflows.business.WorkflowAPIImpl : The action id: 'dd4c4b7c-e9d3-4dc0-8fbf-36102f9c6324' has been saved by the user: system -- ip:ukn,user:null
[09/06/23 21:41:47:761 UTC]  INFO util.SecurityLogger: class com.dotmarketing.portlets.workflows.business.WorkflowAPIImpl : The action id: '38efc763-d78f-4e4b-b092-59cd8c579b93' has been saved by the user: system -- ip:ukn,user:null
[09/06/23 21:41:47:765 UTC]  INFO util.SecurityLogger: class com.dotmarketing.portlets.workflows.business.WorkflowAPIImpl : The action id: '963f6a04-5320-42e7-ab74-6d876d199946' has been saved by the user: system -- ip:ukn,user:null
[09/06/23 21:41:47:768 UTC]  INFO util.SecurityLogger: class com.dotmarketing.portlets.workflows.business.WorkflowAPIImpl : The action id: 'b9d89c80-3d88-4311-8365-187323c96436' has been saved by the user: system -- ip:ukn,user:null
[09/06/23 21:41:47:772 UTC]  INFO util.SecurityLogger: class com.dotmarketing.portlets.workflows.business.WorkflowAPIImpl : The action id: '4da13a42-5d59-480c-ad8f-94a3adf809fe' has been saved by the user: system -- ip:ukn,user:null
[09/06/23 21:41:47:777 UTC]  INFO util.SecurityLogger: class com.dotmarketing.portlets.workflows.business.WorkflowAPIImpl : The action id: '963f6a04-5320-42e7-ab74-6d876d199946' has been saved by the user: system -- ip:ukn,user:null
[09/06/23 21:41:47:780 UTC]  INFO util.SecurityLogger: class com.dotmarketing.portlets.workflows.business.WorkflowAPIImpl : The action id: '38efc763-d78f-4e4b-b092-59cd8c579b93' has been saved by the user: system -- ip:ukn,user:null
[09/06/23 21:41:47:783 UTC]  INFO util.SecurityLogger: class com.dotmarketing.portlets.workflows.business.WorkflowAPIImpl : The action id: 'ceca71a0-deee-4999-bd47-b01baa1bcfc8' has been saved by the user: system -- ip:ukn,user:null
[09/06/23 21:41:47:787 UTC]  INFO util.SecurityLogger: class com.dotmarketing.portlets.workflows.business.WorkflowAPIImpl : The action id: '4da13a42-5d59-480c-ad8f-94a3adf809fe' has been saved by the user: system -- ip:ukn,user:null
[09/06/23 21:41:47:790 UTC]  INFO util.SecurityLogger: class com.dotmarketing.portlets.workflows.business.WorkflowAPIImpl : The action id: 'b9d89c80-3d88-4311-8365-187323c96436' has been saved by the user: system -- ip:ukn,user:null
[09/06/23 21:41:47:794 UTC]  INFO util.SecurityLogger: class com.dotmarketing.portlets.workflows.business.WorkflowAPIImpl : The action id: 'dd4c4b7c-e9d3-4dc0-8fbf-36102f9c6324' has been saved by the user: system -- ip:ukn,user:null
[09/06/23 21:41:47:803 UTC]  INFO util.SecurityLogger: class com.dotmarketing.portlets.workflows.business.WorkflowAPIImpl : The action id: 'c92f9aa1-9503-4567-ac30-d3242b54d02d' has been saved by the user: system -- ip:ukn,user:null
[09/06/23 21:41:47:807 UTC]  INFO util.SecurityLogger: class com.dotmarketing.portlets.workflows.business.WorkflowAPIImpl : The action id: '777f1c6b-c877-4a37-ba4b-10627316c2cc' has been saved by the user: system -- ip:ukn,user:null
[09/06/23 21:41:47:810 UTC]  INFO util.SecurityLogger: class com.dotmarketing.portlets.workflows.business.WorkflowAPIImpl : The action id: '1e0f1c6b-b67f-4c99-983d-db2b4bfa88b2' has been saved by the user: system -- ip:ukn,user:null
[09/06/23 21:41:47:883 UTC]  INFO util.SecurityLogger: class com.dotmarketing.portlets.workflows.business.WorkflowAPIImpl : Saving class parameters by the user: system -- ip:ukn,user:null
[09/06/23 21:41:47:891 UTC]  INFO starter.ImportStarterUtil: **** Importing the file: /data/local/dotsecure/backup/temp/com.dotmarketing.beans.Permission_0000000000.json *****
[09/06/23 21:41:47:891 UTC]  INFO starter.ImportStarterUtil: Importing:	com.dotmarketing.beans.Permission
[09/06/23 21:41:47:897 UTC]  INFO starter.ImportStarterUtil: Found :	20 com.dotmarketing.beans.Permission(s)
[09/06/23 21:41:47:913 UTC]  INFO starter.ImportStarterUtil: **** Importing the file: /data/local/dotsecure/backup/temp/com.dotmarketing.portlets.contentlet.model.ContentletVersionInfo_0000000000.json *****
[09/06/23 21:41:47:913 UTC]  INFO starter.ImportStarterUtil: Importing:	com.dotmarketing.portlets.contentlet.model.ContentletVersionInfo
[09/06/23 21:41:47:914 UTC]  INFO starter.ImportStarterUtil: Found :	3 com.dotmarketing.portlets.contentlet.model.ContentletVersionInfo(s)
[09/06/23 21:41:47:971 UTC]  INFO starter.ImportStarterUtil: **** Importing the file: /data/local/dotsecure/backup/temp/com.dotmarketing.portlets.workflows.model.WorkflowTask_0000000000.json *****
[09/06/23 21:41:47:971 UTC]  INFO starter.ImportStarterUtil: Importing:	com.dotmarketing.portlets.workflows.model.WorkflowTask
[09/06/23 21:41:47:974 UTC]  INFO starter.ImportStarterUtil: Found :	1 com.dotmarketing.portlets.workflows.model.WorkflowTask(s)
[09/06/23 21:41:47:980 UTC]  INFO starter.ImportStarterUtil: **** Importing the file: /data/local/dotsecure/backup/temp/Image.json *****
[09/06/23 21:41:47:980 UTC]  INFO starter.ImportStarterUtil: Importing:	Image
[09/06/23 21:41:53:906 UTC]  INFO starter.ImportStarterUtil: Found :	1 Image(s)
[09/06/23 21:41:53:908 UTC]  INFO starter.ImportStarterUtil: **** Importing the file: /data/local/dotsecure/backup/temp/Portlet.json *****
[09/06/23 21:41:53:908 UTC]  INFO starter.ImportStarterUtil: Importing:	Portlet
[09/06/23 21:41:53:912 UTC]  INFO starter.ImportStarterUtil: Found :	3 Portlet(s)
[09/06/23 21:41:53:925 UTC]  INFO starter.ImportStarterUtil: Done Importing
[09/06/23 21:41:53:931 UTC]  INFO runonce.Task210321RemoveOldMetadataFiles:  executing metadata clean up under path /data/shared/assets
[09/06/23 21:41:53:937 UTC]  INFO db.DotCMSInitDb:  `1` old metadata entries removed and `0` old content files from the starter.
[09/06/23 21:41:53:939 UTC]  INFO timedcache.TimedCacheProvider: ===== Initializing [Timed Cache Provider].
[09/06/23 21:41:53:940 UTC]  INFO timedcache.TimedCacheProvider: ***	 Cache Config Memory : esquerycache: 10000
[09/06/23 21:41:53:941 UTC]  INFO timedcache.TimedCacheProvider: ***	 Cache Config Memory : esquerycountcache: 10000
[09/06/23 21:41:53:941 UTC]  INFO timedcache.TimedCacheProvider: ***	 Cache Config Memory : graphqlquerycache: 5000
[09/06/23 21:41:53:941 UTC]  INFO timedcache.TimedCacheProvider: ***	 Cache Config Memory : default: 1000
[09/06/23 21:41:53:941 UTC]  INFO timedcache.TimedCacheProvider: ***	 Cache Config Memory : adminconfigpool: 100
[09/06/23 21:41:53:941 UTC]  INFO timedcache.TimedCacheProvider: ***	 Cache Config Memory : companypool: 10
[09/06/23 21:41:53:941 UTC]  INFO timedcache.TimedCacheProvider: ***	 Cache Config Memory : contentletcache: 5000
[09/06/23 21:41:53:941 UTC]  INFO timedcache.TimedCacheProvider: ***	 Cache Config Memory : categoryparentscache: 30000
[09/06/23 21:41:53:941 UTC]  INFO timedcache.TimedCacheProvider: ***	 Cache Config Memory : taginodecache: 50000
[09/06/23 21:41:53:941 UTC]  INFO timedcache.TimedCacheProvider: ***	 Cache Config Memory : taginodesbyinodecache: 50000
[09/06/23 21:41:53:941 UTC]  INFO timedcache.TimedCacheProvider: ***	 Cache Config Memory : tagcache: 50000
[09/06/23 21:41:53:941 UTC]  INFO timedcache.TimedCacheProvider: ***	 Cache Config Memory : csscache: 2500
[09/06/23 21:41:53:941 UTC]  INFO timedcache.TimedCacheProvider: ***	 Cache Config Memory : assetmetadatacache: 10000
[09/06/23 21:41:53:941 UTC]  INFO timedcache.TimedCacheProvider: ***	 Cache Config Memory : identifiercache: 50000
[09/06/23 21:41:53:941 UTC]  INFO timedcache.TimedCacheProvider: ***	 Cache Config Memory : identifier404cache: 30000
[09/06/23 21:41:53:941 UTC]  INFO timedcache.TimedCacheProvider: ***	 Cache Config Memory : indiciescache: 8
[09/06/23 21:41:53:941 UTC]  INFO timedcache.TimedCacheProvider: ***	 Cache Config Memory : logmappercache: 10
[09/06/23 21:41:53:943 UTC]  INFO timedcache.TimedCacheProvider: ***	 Cache Config Memory : navcache: 1000
[09/06/23 21:41:53:943 UTC]  INFO timedcache.TimedCacheProvider: ***	 Cache Config Memory : parentpermissionablecache: 10000
[09/06/23 21:41:53:943 UTC]  INFO timedcache.TimedCacheProvider: ***	 Cache Config Memory : permissioncache: 50000
[09/06/23 21:41:53:943 UTC]  INFO timedcache.TimedCacheProvider: ***	 Cache Config Memory : portletpool: 100
[09/06/23 21:41:53:943 UTC]  INFO timedcache.TimedCacheProvider: ***	 Cache Config Memory : publishingendpointcache: 100
[09/06/23 21:41:53:943 UTC]  INFO timedcache.TimedCacheProvider: ***	 Cache Config Memory : pushedassetscache: 5000
[09/06/23 21:41:53:943 UTC]  INFO timedcache.TimedCacheProvider: ***	 Cache Config Memory : templatecache: 500
[09/06/23 21:41:53:943 UTC]  INFO timedcache.TimedCacheProvider: ***	 Cache Config Memory : translatedquerycache: 5000
[09/06/23 21:41:53:943 UTC]  INFO timedcache.TimedCacheProvider: ***	 Cache Config Memory : versioncache: 50000
[09/06/23 21:41:53:944 UTC]  INFO timedcache.TimedCacheProvider: ***	 Cache Config Memory : versioninfocache: 50000
[09/06/23 21:41:53:944 UTC]  INFO timedcache.TimedCacheProvider: ***	 Cache Config Memory : workflowactioncache: 10000
[09/06/23 21:41:53:944 UTC]  INFO timedcache.TimedCacheProvider: ***	 Cache Config Memory : workflowtaskcache: 10000
[09/06/23 21:41:53:945 UTC]  INFO timedcache.TimedCacheProvider: ***	 Cache Config Memory : shortyidcache: 25000
[09/06/23 21:41:53:945 UTC]  INFO timedcache.TimedCacheProvider: ***	 Cache Config Memory : velocitycache: 5000
[09/06/23 21:41:53:945 UTC]  INFO timedcache.TimedCacheProvider: ***	 Cache Config Memory : vanityurldirectcache: 25000
[09/06/23 21:41:53:945 UTC]  INFO timedcache.TimedCacheProvider: ***	 Cache Config Memory : vanityurlsitecache: 5000
[09/06/23 21:41:53:945 UTC]  INFO h22.H22Cache: Start Full Cache Flush in h22
[09/06/23 21:41:53:945 UTC]  INFO h22.H22Cache: Building new H22 Cache, db:0
[09/06/23 21:41:53:946 UTC]  INFO h22.H22HikariPool: H22 on disk cache:jdbc:h2:/data/local/dotsecure/h22cache/0/2023-06-09_21-41-53/cache;MVCC=TRUE;DB_CLOSE_ON_EXIT=FALSE
[09/06/23 21:41:54:017 UTC]  INFO h22.H22Cache: Building new H22 Cache, db:1
[09/06/23 21:41:54:017 UTC]  INFO h22.H22HikariPool: H22 on disk cache:jdbc:h2:/data/local/dotsecure/h22cache/1/2023-06-09_21-41-54/cache;MVCC=TRUE;DB_CLOSE_ON_EXIT=FALSE
[09/06/23 21:41:54:118 UTC]  INFO h22.H22Cache: End Full Cache Flush in h22 : 172ms
[09/06/23 21:41:54:153 UTC]  INFO reindex.ReindexThread: --- Recreating ReindexThread from stopped
[09/06/23 21:41:54:155 UTC]  INFO framework.OSGISystem: Starting: OSGi System Framework
[09/06/23 21:41:54:156 UTC]  INFO framework.OSGISystem: Felix System base dir: /srv/dotserver/tomcat-9.0.60/webapps/ROOT/WEB-INF/felix-system
[09/06/23 21:41:54:164 UTC]  INFO framework.OSGIUtil: Loading Factory org.apache.felix.framework.FrameworkFactory
[09/06/23 21:41:54:595 UTC]  INFO init.SamlInitializer: SAML Init STARTED...
[09/06/23 21:41:55:670 UTC]  INFO init.SamlInitializer: Doing instance of Java Crypto validator
[09/06/23 21:41:55:676 UTC]  INFO init.SamlInitializer: Getting the Security Providers
[09/06/23 21:41:55:676 UTC]  INFO init.SamlInitializer: - SUN (DSA key/parameter generation; DSA signing; SHA-1, MD5 digests; SecureRandom; X.509 certificates; PKCS12, JKS & DKS keystores; PKIX CertPathValidator; PKIX CertPathBuilder; LDAP, Collection CertStores, JavaPolicy Policy; JavaLoginConfig Configuration)
[09/06/23 21:41:55:677 UTC]  INFO init.SamlInitializer: - Sun RSA signature provider
[09/06/23 21:41:55:677 UTC]  INFO init.SamlInitializer: - Sun Elliptic Curve provider (EC, ECDSA, ECDH)
[09/06/23 21:41:55:677 UTC]  INFO init.SamlInitializer: - Sun JSSE provider(PKCS12, SunX509/PKIX key/trust factories, SSLv3/TLSv1/TLSv1.1/TLSv1.2/TLSv1.3/DTLSv1.0/DTLSv1.2)
[09/06/23 21:41:55:678 UTC]  INFO init.SamlInitializer: - SunJCE Provider (implements RSA, DES, Triple DES, AES, Blowfish, ARCFOUR, RC2, PBE, Diffie-Hellman, HMAC, ChaCha20)
[09/06/23 21:41:55:678 UTC]  INFO init.SamlInitializer: - Sun (Kerberos v5, SPNEGO)
[09/06/23 21:41:55:678 UTC]  INFO init.SamlInitializer: - Sun SASL provider(implements client mechanisms for: DIGEST-MD5, EXTERNAL, PLAIN, CRAM-MD5, NTLM; server mechanisms for: DIGEST-MD5, CRAM-MD5, NTLM)
[09/06/23 21:41:55:679 UTC]  INFO init.SamlInitializer: - JdkLDAP Provider (implements LDAP CertStore)
[09/06/23 21:41:55:679 UTC]  INFO init.SamlInitializer: Doing Init of SignatureValidationProvider
[09/06/23 21:41:55:681 UTC]  INFO init.SamlInitializer: SAML Init DONE
[09/06/23 21:41:55:688 UTC]  INFO init.SamlInitializer: Setting basic parser pool
[09/06/23 21:41:55:690 UTC]  INFO osgi.Activator: Adding the SAML Web Filter
[09/06/23 21:41:55:761 UTC]  INFO osgi.Activator: Adding the SAML Web Service: com.dotcms.auth.providers.saml.v1.DotSamlResource
[09/06/23 21:41:56:408 UTC]  INFO osgi.Activator: Subscribing to  AppSecretSavedEvent events
[09/06/23 21:41:57:338 UTC]  INFO framework.OSGISystem: Started : OSGi System Framework
[09/06/23 21:41:57:338 UTC]  INFO reindex.ReindexThread: --- ReindexThread Running (every 60000 millis)
[09/06/23 21:41:57:343 UTC]  INFO db.DotCMSInitDb: Building Initial Index
[09/06/23 21:41:57:344 UTC]  INFO reindex.ReindexThread: ---  ReindexThread is starting, background indexing will begin
[09/06/23 21:41:57:403 UTC]  INFO business.ESIndexAPI: createIndex : Trying to create index: cluster_24bcee11dd.working_20230609214157 with shards: 0
[09/06/23 21:41:57:404 UTC]  INFO util.AdminLogger: class com.dotcms.content.elasticsearch.business.ESIndexAPI : createIndex : Trying to create index: cluster_24bcee11dd.working_20230609214157 with shards: 0
[09/06/23 21:41:57:404 UTC]  WARN business.ESIndexAPI: Unable to parse shards from config
[09/06/23 21:41:57:405 UTC]  WARN business.ESIndexAPI: null
[09/06/23 21:41:57:405 UTC]  WARN business.ESIndexAPI: java.base/java.lang.Integer.parseInt(Integer.java:614)
[09/06/23 21:41:57:811 UTC]  INFO business.ESIndexAPI: createIndex : Index created: cluster_24bcee11dd.working_20230609214157 with shards: 1
[09/06/23 21:41:57:812 UTC]  INFO util.AdminLogger: class com.dotcms.content.elasticsearch.business.ESIndexAPI : createIndex : Index created: cluster_24bcee11dd.working_20230609214157 with shards: 1
[09/06/23 21:41:57:914 UTC]  INFO business.ESIndexAPI: createIndex : Trying to create index: cluster_24bcee11dd.live_20230609214157 with shards: 0
[09/06/23 21:41:57:914 UTC]  INFO util.AdminLogger: class com.dotcms.content.elasticsearch.business.ESIndexAPI : createIndex : Trying to create index: cluster_24bcee11dd.live_20230609214157 with shards: 0
[09/06/23 21:41:57:914 UTC]  WARN business.ESIndexAPI: Unable to parse shards from config
[09/06/23 21:41:57:914 UTC]  WARN business.ESIndexAPI: null
[09/06/23 21:41:57:914 UTC]  WARN business.ESIndexAPI: java.base/java.lang.Integer.parseInt(Integer.java:614)
[09/06/23 21:41:58:031 UTC]  INFO business.ESIndexAPI: createIndex : Index created: cluster_24bcee11dd.live_20230609214157 with shards: 1
[09/06/23 21:41:58:031 UTC]  INFO util.AdminLogger: class com.dotcms.content.elasticsearch.business.ESIndexAPI : createIndex : Index created: cluster_24bcee11dd.live_20230609214157 with shards: 1
[09/06/23 21:42:02:689 UTC]  INFO reindex.ReindexThread: --- Unpausing reindex thread 
[09/06/23 21:42:03:796 UTC]  INFO reindex.BulkProcessorListener: -----------
[09/06/23 21:42:03:798 UTC]  INFO reindex.BulkProcessorListener: Reindexing Server #  : 1 of 1
[09/06/23 21:42:03:798 UTC]  INFO reindex.BulkProcessorListener: Total Indexed        : 0
[09/06/23 21:42:03:799 UTC]  INFO reindex.BulkProcessorListener: ReindexEntries found : 3
[09/06/23 21:42:03:799 UTC]  INFO reindex.BulkProcessorListener: BulkRequests created : 6
[09/06/23 21:42:03:799 UTC]  INFO reindex.BulkProcessorListener: -----------
[09/06/23 21:42:05:694 UTC]  INFO db.DotCMSInitDb: Records left to index : 0
[09/06/23 21:42:05:696 UTC]  INFO db.DotCMSInitDb: While in DevMode dotCMS will not set an initial password to the admin user.
[09/06/23 21:42:05:697 UTC]  INFO startup.StartupTasksExecutor: Not Running Startup Tasks: Task00005LoadFixassets
[09/06/23 21:42:05:788 UTC]  INFO startup.StartupTasksExecutor: Running Startup Tasks : Task00006CreateSystemLayout
[09/06/23 21:42:08:822 UTC]  INFO startup.StartupTasksExecutor: Not Running Startup Tasks: Task00007RemoveSitesearchQuartzJob
[09/06/23 21:42:08:823 UTC]  INFO startup.StartupTasksExecutor: Running Startup Tasks : Task00040CheckAnonymousUser
[09/06/23 21:42:09:013 UTC]  INFO apps.SecretsKeyStoreHelper: KeyStore loaded successfully after `1` tries.
[09/06/23 21:42:09:013 UTC]  INFO startup.StartupTasksExecutor: Not Running Startup Tasks: Task00050LoadAppsSecrets
[09/06/23 21:42:09:014 UTC]  INFO startup.StartupTasksExecutor: Finishing startup tasks.
[09/06/23 21:42:09:015 UTC]  INFO startup.StartupTasksExecutor: ---
[09/06/23 21:42:09:015 UTC]  INFO startup.StartupTasksExecutor: 
[09/06/23 21:42:09:015 UTC]  INFO startup.StartupTasksExecutor: Running Upgrade Tasks
[09/06/23 21:42:09:015 UTC]  INFO startup.StartupTasksExecutor: Database version: 0
[09/06/23 21:42:09:919 UTC]  INFO startup.StartupTasksExecutor: Database upgraded to version: 760
[09/06/23 21:42:09:921 UTC]  INFO startup.StartupTasksExecutor: Database upgraded to version: 765
[09/06/23 21:42:09:922 UTC]  INFO startup.StartupTasksExecutor: Database upgraded to version: 766
[09/06/23 21:42:09:924 UTC]  INFO startup.StartupTasksExecutor: Database upgraded to version: 767
[09/06/23 21:42:09:925 UTC]  INFO startup.StartupTasksExecutor: Database upgraded to version: 768
[09/06/23 21:42:09:926 UTC]  INFO startup.StartupTasksExecutor: Database upgraded to version: 769
[09/06/23 21:42:09:927 UTC]  INFO startup.StartupTasksExecutor: Database upgraded to version: 775
[09/06/23 21:42:09:929 UTC]  INFO startup.StartupTasksExecutor: Database upgraded to version: 780
[09/06/23 21:42:09:930 UTC]  INFO startup.StartupTasksExecutor: Database upgraded to version: 782
[09/06/23 21:42:09:931 UTC]  INFO startup.StartupTasksExecutor: Database upgraded to version: 785
[09/06/23 21:42:09:932 UTC]  INFO startup.StartupTasksExecutor: Database upgraded to version: 790
[09/06/23 21:42:09:933 UTC]  INFO startup.StartupTasksExecutor: Database upgraded to version: 795
[09/06/23 21:42:09:935 UTC]  INFO startup.StartupTasksExecutor: Database upgraded to version: 800
[09/06/23 21:42:09:936 UTC]  INFO startup.StartupTasksExecutor: Database upgraded to version: 805
[09/06/23 21:42:09:937 UTC]  INFO startup.StartupTasksExecutor: Database upgraded to version: 810
[09/06/23 21:42:09:938 UTC]  INFO startup.StartupTasksExecutor: Database upgraded to version: 815
[09/06/23 21:42:09:939 UTC]  INFO startup.StartupTasksExecutor: Database upgraded to version: 820
[09/06/23 21:42:09:941 UTC]  INFO startup.StartupTasksExecutor: Database upgraded to version: 825
[09/06/23 21:42:09:942 UTC]  INFO startup.StartupTasksExecutor: Database upgraded to version: 835
[09/06/23 21:42:09:943 UTC]  INFO startup.StartupTasksExecutor: Database upgraded to version: 840
[09/06/23 21:42:09:944 UTC]  INFO startup.StartupTasksExecutor: Database upgraded to version: 845
[09/06/23 21:42:09:945 UTC]  INFO startup.StartupTasksExecutor: Database upgraded to version: 850
[09/06/23 21:42:09:947 UTC]  INFO startup.StartupTasksExecutor: Database upgraded to version: 855
[09/06/23 21:42:09:948 UTC]  INFO startup.StartupTasksExecutor: Database upgraded to version: 860
[09/06/23 21:42:09:949 UTC]  INFO startup.StartupTasksExecutor: Database upgraded to version: 865
[09/06/23 21:42:09:950 UTC]  INFO startup.StartupTasksExecutor: Database upgraded to version: 900
[09/06/23 21:42:09:951 UTC]  INFO startup.StartupTasksExecutor: Database upgraded to version: 905
[09/06/23 21:42:09:952 UTC]  INFO startup.StartupTasksExecutor: Database upgraded to version: 910
[09/06/23 21:42:09:954 UTC]  INFO startup.StartupTasksExecutor: Database upgraded to version: 920
[09/06/23 21:42:09:955 UTC]  INFO startup.StartupTasksExecutor: Database upgraded to version: 922
[09/06/23 21:42:09:956 UTC]  INFO startup.StartupTasksExecutor: Database upgraded to version: 925
[09/06/23 21:42:09:957 UTC]  INFO startup.StartupTasksExecutor: Database upgraded to version: 930
[09/06/23 21:42:09:958 UTC]  INFO startup.StartupTasksExecutor: Database upgraded to version: 935
[09/06/23 21:42:09:959 UTC]  INFO startup.StartupTasksExecutor: Database upgraded to version: 940
[09/06/23 21:42:09:961 UTC]  INFO startup.StartupTasksExecutor: Database upgraded to version: 945
[09/06/23 21:42:09:962 UTC]  INFO startup.StartupTasksExecutor: Database upgraded to version: 950
[09/06/23 21:42:09:963 UTC]  INFO startup.StartupTasksExecutor: Database upgraded to version: 1000
[09/06/23 21:42:09:964 UTC]  INFO startup.StartupTasksExecutor: Database upgraded to version: 1005
[09/06/23 21:42:09:965 UTC]  INFO startup.StartupTasksExecutor: Database upgraded to version: 1015
[09/06/23 21:42:09:966 UTC]  INFO startup.StartupTasksExecutor: Database upgraded to version: 1016
[09/06/23 21:42:09:967 UTC]  INFO startup.StartupTasksExecutor: Database upgraded to version: 1020
[09/06/23 21:42:09:968 UTC]  INFO startup.StartupTasksExecutor: Database upgraded to version: 1030
[09/06/23 21:42:09:969 UTC]  INFO startup.StartupTasksExecutor: Database upgraded to version: 1035
[09/06/23 21:42:09:976 UTC]  INFO startup.StartupTasksExecutor: Database upgraded to version: 1045
[09/06/23 21:42:09:977 UTC]  INFO startup.StartupTasksExecutor: Database upgraded to version: 1050
[09/06/23 21:42:09:978 UTC]  INFO startup.StartupTasksExecutor: Database upgraded to version: 1055
[09/06/23 21:42:09:978 UTC]  INFO startup.StartupTasksExecutor: Database upgraded to version: 1060
[09/06/23 21:42:09:980 UTC]  INFO startup.StartupTasksExecutor: Database upgraded to version: 1065
[09/06/23 21:42:09:981 UTC]  INFO startup.StartupTasksExecutor: Database upgraded to version: 1070
[09/06/23 21:42:09:983 UTC]  INFO startup.StartupTasksExecutor: Database upgraded to version: 1080
[09/06/23 21:42:09:984 UTC]  INFO startup.StartupTasksExecutor: Database upgraded to version: 1085
[09/06/23 21:42:09:985 UTC]  INFO startup.StartupTasksExecutor: Database upgraded to version: 1090
[09/06/23 21:42:09:986 UTC]  INFO startup.StartupTasksExecutor: Database upgraded to version: 1095
[09/06/23 21:42:09:988 UTC]  INFO startup.StartupTasksExecutor: Database upgraded to version: 1096
[09/06/23 21:42:09:989 UTC]  INFO startup.StartupTasksExecutor: Database upgraded to version: 3000
[09/06/23 21:42:09:990 UTC]  INFO startup.StartupTasksExecutor: Database upgraded to version: 3005
[09/06/23 21:42:09:991 UTC]  INFO startup.StartupTasksExecutor: Database upgraded to version: 3010
[09/06/23 21:42:09:992 UTC]  INFO startup.StartupTasksExecutor: Database upgraded to version: 3015
[09/06/23 21:42:09:993 UTC]  INFO startup.StartupTasksExecutor: Database upgraded to version: 3020
[09/06/23 21:42:09:994 UTC]  INFO startup.StartupTasksExecutor: Database upgraded to version: 3025
[09/06/23 21:42:09:995 UTC]  INFO startup.StartupTasksExecutor: Database upgraded to version: 3030
[09/06/23 21:42:09:996 UTC]  INFO startup.StartupTasksExecutor: Database upgraded to version: 3035
[09/06/23 21:42:09:997 UTC]  INFO startup.StartupTasksExecutor: Database upgraded to version: 3040
[09/06/23 21:42:09:999 UTC]  INFO startup.StartupTasksExecutor: Database upgraded to version: 3042
[09/06/23 21:42:10:000 UTC]  INFO startup.StartupTasksExecutor: Database upgraded to version: 3045
[09/06/23 21:42:10:001 UTC]  INFO startup.StartupTasksExecutor: Database upgraded to version: 3050
[09/06/23 21:42:10:002 UTC]  INFO startup.StartupTasksExecutor: Database upgraded to version: 3055
[09/06/23 21:42:10:003 UTC]  INFO startup.StartupTasksExecutor: Database upgraded to version: 3060
[09/06/23 21:42:10:005 UTC]  INFO startup.StartupTasksExecutor: Database upgraded to version: 3065
[09/06/23 21:42:10:006 UTC]  INFO startup.StartupTasksExecutor: Database upgraded to version: 3100
[09/06/23 21:42:10:007 UTC]  INFO startup.StartupTasksExecutor: Database upgraded to version: 3105
[09/06/23 21:42:10:008 UTC]  INFO startup.StartupTasksExecutor: Database upgraded to version: 3120
[09/06/23 21:42:10:010 UTC]  INFO startup.StartupTasksExecutor: Database upgraded to version: 3130
[09/06/23 21:42:10:011 UTC]  INFO startup.StartupTasksExecutor: Database upgraded to version: 3135
[09/06/23 21:42:10:012 UTC]  INFO startup.StartupTasksExecutor: Database upgraded to version: 3140
[09/06/23 21:42:10:013 UTC]  INFO startup.StartupTasksExecutor: Database upgraded to version: 3150
[09/06/23 21:42:10:014 UTC]  INFO startup.StartupTasksExecutor: Database upgraded to version: 3160
[09/06/23 21:42:10:015 UTC]  INFO startup.StartupTasksExecutor: Database upgraded to version: 3165
[09/06/23 21:42:10:016 UTC]  INFO startup.StartupTasksExecutor: Database upgraded to version: 3500
[09/06/23 21:42:10:017 UTC]  INFO startup.StartupTasksExecutor: Database upgraded to version: 3505
[09/06/23 21:42:10:019 UTC]  INFO startup.StartupTasksExecutor: Database upgraded to version: 3510
[09/06/23 21:42:10:020 UTC]  INFO startup.StartupTasksExecutor: Database upgraded to version: 3515
[09/06/23 21:42:10:021 UTC]  INFO startup.StartupTasksExecutor: Database upgraded to version: 3520
[09/06/23 21:42:10:022 UTC]  INFO startup.StartupTasksExecutor: Database upgraded to version: 3525
[09/06/23 21:42:10:023 UTC]  INFO startup.StartupTasksExecutor: Database upgraded to version: 3530
[09/06/23 21:42:10:024 UTC]  INFO startup.StartupTasksExecutor: Database upgraded to version: 3535
[09/06/23 21:42:10:028 UTC]  INFO startup.StartupTasksExecutor: Database upgraded to version: 3540
[09/06/23 21:42:10:029 UTC]  INFO startup.StartupTasksExecutor: Database upgraded to version: 3545
[09/06/23 21:42:10:030 UTC]  INFO startup.StartupTasksExecutor: Database upgraded to version: 3550
[09/06/23 21:42:10:031 UTC]  INFO startup.StartupTasksExecutor: Database upgraded to version: 3555
[09/06/23 21:42:10:032 UTC]  INFO startup.StartupTasksExecutor: Database upgraded to version: 3560
[09/06/23 21:42:10:033 UTC]  INFO startup.StartupTasksExecutor: Database upgraded to version: 3565
[09/06/23 21:42:10:035 UTC]  INFO startup.StartupTasksExecutor: Database upgraded to version: 3600
[09/06/23 21:42:10:036 UTC]  INFO startup.StartupTasksExecutor: Database upgraded to version: 3605
[09/06/23 21:42:10:037 UTC]  INFO startup.StartupTasksExecutor: Database upgraded to version: 3700
[09/06/23 21:42:10:038 UTC]  INFO startup.StartupTasksExecutor: Database upgraded to version: 3705
[09/06/23 21:42:10:039 UTC]  INFO startup.StartupTasksExecutor: Database upgraded to version: 3710
[09/06/23 21:42:10:040 UTC]  INFO startup.StartupTasksExecutor: Database upgraded to version: 3715
[09/06/23 21:42:10:041 UTC]  INFO startup.StartupTasksExecutor: Database upgraded to version: 3720
[09/06/23 21:42:10:042 UTC]  INFO startup.StartupTasksExecutor: Database upgraded to version: 3725
[09/06/23 21:42:10:043 UTC]  INFO startup.StartupTasksExecutor: Database upgraded to version: 3735
[09/06/23 21:42:10:044 UTC]  INFO startup.StartupTasksExecutor: Database upgraded to version: 3740
[09/06/23 21:42:10:045 UTC]  INFO startup.StartupTasksExecutor: Database upgraded to version: 3745
[09/06/23 21:42:10:046 UTC]  INFO startup.StartupTasksExecutor: Database upgraded to version: 3800
[09/06/23 21:42:10:048 UTC]  INFO startup.StartupTasksExecutor: Database upgraded to version: 4100
[09/06/23 21:42:10:049 UTC]  INFO startup.StartupTasksExecutor: Database upgraded to version: 4105
[09/06/23 21:42:10:050 UTC]  INFO startup.StartupTasksExecutor: Database upgraded to version: 4110
[09/06/23 21:42:10:051 UTC]  INFO startup.StartupTasksExecutor: Database upgraded to version: 4115
[09/06/23 21:42:10:052 UTC]  INFO startup.StartupTasksExecutor: Database upgraded to version: 4120
[09/06/23 21:42:10:053 UTC]  INFO startup.StartupTasksExecutor: Database upgraded to version: 4200
[09/06/23 21:42:10:054 UTC]  INFO startup.StartupTasksExecutor: Database upgraded to version: 4205
[09/06/23 21:42:10:056 UTC]  INFO startup.StartupTasksExecutor: Database upgraded to version: 4210
[09/06/23 21:42:10:057 UTC]  INFO startup.StartupTasksExecutor: Database upgraded to version: 4215
[09/06/23 21:42:10:058 UTC]  INFO startup.StartupTasksExecutor: Database upgraded to version: 4220
[09/06/23 21:42:10:059 UTC]  INFO startup.StartupTasksExecutor: Database upgraded to version: 4230
[09/06/23 21:42:10:060 UTC]  INFO startup.StartupTasksExecutor: Database upgraded to version: 4235
[09/06/23 21:42:10:061 UTC]  INFO startup.StartupTasksExecutor: Database upgraded to version: 4300
[09/06/23 21:42:10:062 UTC]  INFO startup.StartupTasksExecutor: Database upgraded to version: 4305
[09/06/23 21:42:10:063 UTC]  INFO startup.StartupTasksExecutor: Database upgraded to version: 4310
[09/06/23 21:42:10:064 UTC]  INFO startup.StartupTasksExecutor: Database upgraded to version: 4315
[09/06/23 21:42:10:065 UTC]  INFO startup.StartupTasksExecutor: Database upgraded to version: 4320
[09/06/23 21:42:10:067 UTC]  INFO startup.StartupTasksExecutor: Database upgraded to version: 4330
[09/06/23 21:42:10:068 UTC]  INFO startup.StartupTasksExecutor: Database upgraded to version: 4335
[09/06/23 21:42:10:069 UTC]  INFO startup.StartupTasksExecutor: Database upgraded to version: 4340
[09/06/23 21:42:10:070 UTC]  INFO startup.StartupTasksExecutor: Database upgraded to version: 4345
[09/06/23 21:42:10:072 UTC]  INFO startup.StartupTasksExecutor: Database upgraded to version: 4350
[09/06/23 21:42:10:073 UTC]  INFO startup.StartupTasksExecutor: Database upgraded to version: 4355
[09/06/23 21:42:10:074 UTC]  INFO startup.StartupTasksExecutor: Database upgraded to version: 4360
[09/06/23 21:42:10:075 UTC]  INFO startup.StartupTasksExecutor: Database upgraded to version: 4365
[09/06/23 21:42:10:076 UTC]  INFO startup.StartupTasksExecutor: Database upgraded to version: 4370
[09/06/23 21:42:10:077 UTC]  INFO startup.StartupTasksExecutor: Database upgraded to version: 4375
[09/06/23 21:42:10:078 UTC]  INFO startup.StartupTasksExecutor: Database upgraded to version: 4380
[09/06/23 21:42:10:079 UTC]  INFO startup.StartupTasksExecutor: Database upgraded to version: 4385
[09/06/23 21:42:10:080 UTC]  INFO startup.StartupTasksExecutor: Database upgraded to version: 4390
[09/06/23 21:42:10:082 UTC]  INFO startup.StartupTasksExecutor: Database upgraded to version: 5030
[09/06/23 21:42:10:083 UTC]  INFO startup.StartupTasksExecutor: Database upgraded to version: 5035
[09/06/23 21:42:10:084 UTC]  INFO startup.StartupTasksExecutor: Database upgraded to version: 5040
[09/06/23 21:42:10:085 UTC]  INFO startup.StartupTasksExecutor: Database upgraded to version: 5050
[09/06/23 21:42:10:087 UTC]  INFO startup.StartupTasksExecutor: Database upgraded to version: 5060
[09/06/23 21:42:10:088 UTC]  INFO startup.StartupTasksExecutor: Database upgraded to version: 5070
[09/06/23 21:42:10:089 UTC]  INFO startup.StartupTasksExecutor: Database upgraded to version: 5080
[09/06/23 21:42:10:090 UTC]  INFO startup.StartupTasksExecutor: Database upgraded to version: 5150
[09/06/23 21:42:10:091 UTC]  INFO startup.StartupTasksExecutor: Database upgraded to version: 5160
[09/06/23 21:42:10:092 UTC]  INFO startup.StartupTasksExecutor: Database upgraded to version: 5165
[09/06/23 21:42:10:093 UTC]  INFO startup.StartupTasksExecutor: Database upgraded to version: 5170
[09/06/23 21:42:10:094 UTC]  INFO startup.StartupTasksExecutor: Database upgraded to version: 5175
[09/06/23 21:42:10:096 UTC]  INFO startup.StartupTasksExecutor: Database upgraded to version: 5180
[09/06/23 21:42:10:097 UTC]  INFO startup.StartupTasksExecutor: Database upgraded to version: 5190
[09/06/23 21:42:10:098 UTC]  INFO startup.StartupTasksExecutor: Database upgraded to version: 5195
[09/06/23 21:42:10:099 UTC]  INFO startup.StartupTasksExecutor: Database upgraded to version: 5200
[09/06/23 21:42:10:100 UTC]  INFO startup.StartupTasksExecutor: Database upgraded to version: 5210
[09/06/23 21:42:10:101 UTC]  INFO startup.StartupTasksExecutor: Database upgraded to version: 5215
[09/06/23 21:42:10:102 UTC]  INFO startup.StartupTasksExecutor: Database upgraded to version: 5220
[09/06/23 21:42:10:103 UTC]  INFO startup.StartupTasksExecutor: Database upgraded to version: 5225
[09/06/23 21:42:10:104 UTC]  INFO startup.StartupTasksExecutor: Database upgraded to version: 5300
[09/06/23 21:42:10:106 UTC]  INFO startup.StartupTasksExecutor: Database upgraded to version: 5305
[09/06/23 21:42:10:111 UTC]  INFO startup.StartupTasksExecutor: Database upgraded to version: 5350
[09/06/23 21:42:10:111 UTC]  INFO startup.StartupTasksExecutor: Database upgraded to version: 5370
[09/06/23 21:42:10:113 UTC]  INFO startup.StartupTasksExecutor: Database upgraded to version: 5380
[09/06/23 21:42:10:115 UTC]  INFO startup.StartupTasksExecutor: Database upgraded to version: 5390
[09/06/23 21:42:10:116 UTC]  INFO startup.StartupTasksExecutor: Database upgraded to version: 5395
[09/06/23 21:42:10:117 UTC]  INFO startup.StartupTasksExecutor: Database upgraded to version: 201013
[09/06/23 21:42:10:118 UTC]  INFO startup.StartupTasksExecutor: Database upgraded to version: 201014
[09/06/23 21:42:10:119 UTC]  INFO startup.StartupTasksExecutor: Database upgraded to version: 201102
[09/06/23 21:42:10:120 UTC]  INFO startup.StartupTasksExecutor: Database upgraded to version: 210218
[09/06/23 21:42:10:121 UTC]  INFO startup.StartupTasksExecutor: Database upgraded to version: 210316
[09/06/23 21:42:10:122 UTC]  INFO startup.StartupTasksExecutor: Database upgraded to version: 210319
[09/06/23 21:42:10:122 UTC]  INFO startup.StartupTasksExecutor: Database upgraded to version: 210321
[09/06/23 21:42:10:123 UTC]  INFO startup.StartupTasksExecutor: Database upgraded to version: 210506
[09/06/23 21:42:10:123 UTC]  INFO startup.StartupTasksExecutor: Database upgraded to version: 210510
[09/06/23 21:42:10:124 UTC]  INFO startup.StartupTasksExecutor: Database upgraded to version: 210520
[09/06/23 21:42:10:124 UTC]  INFO startup.StartupTasksExecutor: Database upgraded to version: 210527
[09/06/23 21:42:10:125 UTC]  INFO startup.StartupTasksExecutor: Database upgraded to version: 210719
[09/06/23 21:42:10:125 UTC]  INFO startup.StartupTasksExecutor: Database upgraded to version: 210802
[09/06/23 21:42:10:126 UTC]  INFO startup.StartupTasksExecutor: Database upgraded to version: 210805
[09/06/23 21:42:10:132 UTC]  INFO startup.StartupTasksExecutor: Database upgraded to version: 210816
[09/06/23 21:42:10:133 UTC]  INFO startup.StartupTasksExecutor: Database upgraded to version: 210901
[09/06/23 21:42:10:133 UTC]  INFO startup.StartupTasksExecutor: Database upgraded to version: 211007
[09/06/23 21:42:10:133 UTC]  INFO startup.StartupTasksExecutor: Database upgraded to version: 211012
[09/06/23 21:42:10:134 UTC]  INFO startup.StartupTasksExecutor: Database upgraded to version: 211020
[09/06/23 21:42:10:134 UTC]  INFO startup.StartupTasksExecutor: Database upgraded to version: 211101
[09/06/23 21:42:10:135 UTC]  INFO startup.StartupTasksExecutor: Database upgraded to version: 211103
[09/06/23 21:42:10:135 UTC]  INFO startup.StartupTasksExecutor: Database upgraded to version: 220202
[09/06/23 21:42:10:135 UTC]  INFO startup.StartupTasksExecutor: Database upgraded to version: 220203
[09/06/23 21:42:10:136 UTC]  INFO startup.StartupTasksExecutor: Database upgraded to version: 220214
[09/06/23 21:42:10:136 UTC]  INFO startup.StartupTasksExecutor: Database upgraded to version: 220215
[09/06/23 21:42:10:137 UTC]  INFO startup.StartupTasksExecutor: Database upgraded to version: 220330
[09/06/23 21:42:10:137 UTC]  INFO startup.StartupTasksExecutor: Database upgraded to version: 220401
[09/06/23 21:42:10:141 UTC]  INFO startup.StartupTasksExecutor: Database upgraded to version: 220402
[09/06/23 21:42:10:142 UTC]  INFO startup.StartupTasksExecutor: Database upgraded to version: 220413
[09/06/23 21:42:10:143 UTC]  INFO startup.StartupTasksExecutor: Database upgraded to version: 220512
[09/06/23 21:42:10:144 UTC]  INFO startup.StartupTasksExecutor: Database upgraded to version: 220606
[09/06/23 21:42:10:145 UTC]  INFO startup.StartupTasksExecutor: Database upgraded to version: 220822
[09/06/23 21:42:10:146 UTC]  INFO startup.StartupTasksExecutor: Database upgraded to version: 220824
[09/06/23 21:42:10:147 UTC]  INFO startup.StartupTasksExecutor: Database upgraded to version: 220825
[09/06/23 21:42:10:148 UTC]  INFO startup.StartupTasksExecutor: Database upgraded to version: 220829
[09/06/23 21:42:10:150 UTC]  INFO startup.StartupTasksExecutor: Database upgraded to version: 220912
[09/06/23 21:42:10:151 UTC]  INFO startup.StartupTasksExecutor: Database upgraded to version: 220928
[09/06/23 21:42:10:152 UTC]  INFO startup.StartupTasksExecutor: Database upgraded to version: 221007
[09/06/23 21:42:10:153 UTC]  INFO startup.StartupTasksExecutor: Database upgraded to version: 221018
[09/06/23 21:42:10:154 UTC]  INFO startup.StartupTasksExecutor: Database upgraded to version: 230110
[09/06/23 21:42:10:155 UTC]  INFO startup.StartupTasksExecutor: Database upgraded to version: 230119
[09/06/23 21:42:10:156 UTC]  INFO startup.StartupTasksExecutor: Database upgraded to version: 230328
[09/06/23 21:42:10:157 UTC]  INFO startup.StartupTasksExecutor: Database upgraded to version: 230426
[09/06/23 21:42:10:158 UTC]  INFO startup.StartupTasksExecutor: Database upgraded to version: 230523
[09/06/23 21:42:10:159 UTC]  INFO reindex.ReindexThread: --- Unpausing reindex thread 
[09/06/23 21:42:10:159 UTC]  INFO startup.StartupTasksExecutor: Finishing upgrade tasks.
[09/06/23 21:42:10:160 UTC]  INFO startup.StartupTasksExecutor: Running Backported Tasks
[09/06/23 21:42:10:161 UTC]  INFO startup.StartupTasksExecutor: Finishing Backported tasks.
[09/06/23 21:42:10:177 UTC]  INFO util.Config: Setting property: CACHE_BINDPORT to 5701
[09/06/23 21:42:10:187 UTC]  INFO cluster.ClusterFactory: Cluster topography has changed. This might force a rewire
[09/06/23 21:42:10:189 UTC]  INFO cluster.ClusterFactory: Expecting Servers:[]
[09/06/23 21:42:10:206 UTC]  INFO cluster.ClusterFactory: Found Servers:[server={serverId=272a7c7c-f68a-4fd8-ba3f-5b95f5469ac7, clusterId=24bcee11dd, ipAddress=172.19.0.3, host=null, name=8898eaaf5e99, esTransportTcpPort=null, esNetworkPort=null, esHttpPort=9200, cachePort=5701, lastHeartBeat=1686346930185, key=null, licenseSerial=1cfc7c95-9fe0-4dcb-abe7-c31b9f0517fd, startupTime=0}]
[09/06/23 21:42:10:207 UTC]  INFO cluster.ClusterFactory: Cluster Active. Rewiring
[09/06/23 21:42:10:210 UTC]  INFO business.ChainableCacheAdministratorImpl: ***	 Cluster Update
[09/06/23 21:42:10:211 UTC]  INFO transport.PubSubCacheTransport: initing PubSubCacheTransport
[09/06/23 21:42:10:214 UTC]  INFO dotpubsub.PostgresPubSubImpl: Starting PostgresPubSub. Have servers:1
[09/06/23 21:42:10:215 UTC]  INFO dotpubsub.PostgresPubSubImpl: PGNotificationListener connecting to pub/sub...
[09/06/23 21:42:11:005 UTC]  INFO dotpubsub.PostgresPubSubImpl:  - LISTEN dotcache_topic
[09/06/23 21:42:11:019 UTC]  INFO transport.PubSubCacheTransport: Sending PING to cluster 
[09/06/23 21:42:11:029 UTC]  INFO license.LicenseManager: Updating server 272a7c7c-f68a-4fd8-ba3f-5b95f5469ac7 start time to 1686346878905
[09/06/23 21:42:11:031 UTC]  INFO servlet.MainServlet: SuppressPropertiesBeanIntrospector enabled for legacy Struts applications
[09/06/23 21:42:11:041 UTC]  INFO transport.CacheTransportTopic: Got PING from server:272a7c7cf6. sending PONG
[09/06/23 21:42:11:044 UTC]  INFO transport.CacheTransportTopic: Got PONG from server:{"t":"PONG","top":"dotcache_topic","o":"272a7c7cf6"}.
[09/06/23 21:42:11:327 UTC]  INFO config.DotInitializationService: Initializing DotCMS services
[09/06/23 21:42:11:328 UTC]  INFO config.DotInitializationService: Initializing :com.dotcms.api.system.event.SystemEventProcessorFactoryInitializer
[09/06/23 21:42:11:331 UTC]  INFO config.DotInitializationService: Initializing Done:com.dotcms.api.system.event.SystemEventProcessorFactoryInitializer, duration:0 seconds
[09/06/23 21:42:11:331 UTC]  INFO config.DotInitializationService: Initializing :com.dotcms.api.system.event.PayloadVerifierFactoryInitializer
[09/06/23 21:42:11:339 UTC]  INFO config.DotInitializationService: Initializing Done:com.dotcms.api.system.event.PayloadVerifierFactoryInitializer, duration:0 seconds
[09/06/23 21:42:11:339 UTC]  INFO config.DotInitializationService: Initializing :com.dotcms.system.event.local.business.LocalSystemEventSubscribersInitializer
[09/06/23 21:42:11:460 UTC]  INFO config.DotInitializationService: Initializing Done:com.dotcms.system.event.local.business.LocalSystemEventSubscribersInitializer, duration:0 seconds
[09/06/23 21:42:11:462 UTC]  INFO config.DotInitializationService: Initializing :com.dotmarketing.portlets.personas.business.PersonaAPIImpl
[09/06/23 21:42:11:467 UTC]  INFO config.DotInitializationService: Initializing Done:com.dotmarketing.portlets.personas.business.PersonaAPIImpl, duration:0 seconds
[09/06/23 21:42:11:468 UTC]  INFO config.DotInitializationService: Initializing :com.dotcms.rendering.velocity.events.ExceptionHandlersInitializer
[09/06/23 21:42:11:473 UTC]  INFO config.DotInitializationService: Initializing Done:com.dotcms.rendering.velocity.events.ExceptionHandlersInitializer, duration:0 seconds
[09/06/23 21:42:11:474 UTC]  INFO config.DotInitializationService: Initializing :com.dotcms.publishing.PublisherAPIImpl
[09/06/23 21:42:11:476 UTC]  INFO publishing.PublisherAPIImpl: Push Publishing Filters directory does not exist. Creating it under: /data/shared/assets/server/publishing-filters
[09/06/23 21:42:11:480 UTC]  INFO publishing.PublisherAPIImpl: dotcms filters files copied
[09/06/23 21:42:11:481 UTC]  INFO publishing.PublisherAPIImpl: Push Publishing Filters Directory: Lazy(/data/shared/assets/server/publishing-filters)
[09/06/23 21:42:11:482 UTC]  INFO publishing.PublisherAPIImpl: Loading Push Publish Filter: ShallowPush.yml
[09/06/23 21:42:11:585 UTC]  INFO publishing.PublisherAPIImpl: FilterDescriptor{key=ShallowPush.yml, title=Only Selected Items, sort=5, default=false, roles=DOTCMS_BACK_END_USER, filters{{excludeQuery=, excludeClasses=[], dependencies=false, excludeDependencyQuery=, excludeDependencyClasses=[], forcePush=false, relationships=false}}}
[09/06/23 21:42:11:587 UTC]  INFO publishing.PublisherAPIImpl: Loading Push Publish Filter: Intelligent.yml
[09/06/23 21:42:11:591 UTC]  INFO publishing.PublisherAPIImpl: FilterDescriptor{key=Intelligent.yml, title=Everything and Dependencies, sort=3, default=true, roles=DOTCMS_BACK_END_USER, filters{{excludeQuery=, excludeClasses=[], dependencies=true, excludeDependencyQuery=, excludeDependencyClasses=[], forcePush=false, relationships=true}}}
[09/06/23 21:42:11:591 UTC]  INFO publishing.PublisherAPIImpl: Loading Push Publish Filter: ForcePush.yml
[09/06/23 21:42:11:592 UTC]  INFO publishing.PublisherAPIImpl: FilterDescriptor{key=ForcePush.yml, title=Force Push Everything, sort=4, default=false, roles=DOTCMS_BACK_END_USER, filters{{excludeQuery=, excludeClasses=[], dependencies=true, excludeDependencyQuery=, excludeDependencyClasses=[], forcePush=true, relationships=true}}}
[09/06/23 21:42:11:592 UTC]  INFO publishing.PublisherAPIImpl: Loading Push Publish Filter: ContentOnly.yml
[09/06/23 21:42:11:599 UTC]  INFO publishing.PublisherAPIImpl: FilterDescriptor{key=ContentOnly.yml, title=Content and Relationships, sort=1, default=false, roles=DOTCMS_BACK_END_USER, filters{{excludeQuery=, excludeClasses=[ContentType, Template, Containers, Folder, Host, Links, Workflow, Language, Rule, User, OSGI], dependencies=true, excludeDependencyQuery=, excludeDependencyClasses=[ContentType, Template, Containers, Folder, Host, Links, Workflow, Language, Rule], forcePush=false, relationships=true}}}
[09/06/23 21:42:11:599 UTC]  INFO publishing.PublisherAPIImpl: Loading Push Publish Filter: WebContentOnly.yml
[09/06/23 21:42:11:603 UTC]  INFO publishing.PublisherAPIImpl: FilterDescriptor{key=WebContentOnly.yml, title=Content, Assets and Pages, sort=2, default=false, roles=DOTCMS_BACK_END_USER, filters{{excludeQuery=, excludeClasses=[Host, Workflow, ContentType, User, OSGI, Language], dependencies=true, excludeDependencyQuery=, excludeDependencyClasses=[Host, Workflow, ContentType, Language], forcePush=false, relationships=true}}}
[09/06/23 21:42:11:603 UTC]  INFO config.DotInitializationService: Initializing Done:com.dotcms.publishing.PublisherAPIImpl, duration:0 seconds
[09/06/23 21:42:11:603 UTC]  INFO config.DotInitializationService: Initializing :com.dotmarketing.portlets.containers.business.ContainerAPIImpl
[09/06/23 21:42:11:606 UTC]  INFO config.DotInitializationService: Initializing Done:com.dotmarketing.portlets.containers.business.ContainerAPIImpl, duration:0 seconds
[09/06/23 21:42:11:606 UTC]  INFO config.DotInitializationService: Initializing :com.dotmarketing.business.ThemeAPIImpl
[09/06/23 21:42:11:608 UTC]  INFO config.DotInitializationService: Initializing Done:com.dotmarketing.business.ThemeAPIImpl, duration:0 seconds
[09/06/23 21:42:11:609 UTC]  INFO config.DotInitializationService: Initializing :com.dotmarketing.portlets.templates.business.TemplateAPIImpl
[09/06/23 21:42:11:611 UTC]  INFO config.DotInitializationService: Initializing Done:com.dotmarketing.portlets.templates.business.TemplateAPIImpl, duration:0 seconds
[09/06/23 21:42:11:611 UTC]  INFO config.DotInitializationService: Initializing :com.dotcms.contenttype.business.ContentTypeInitializer
[09/06/23 21:42:11:643 UTC]  INFO util.ActivityLogger: class com.dotcms.contenttype.business.ContentTypeAPIImpl: system : Save ContentType Action , User system/system user system user added ContentType Dot Favorite Page to host id:SYSTEM_HOST
[09/06/23 21:42:11:643 UTC]  INFO business.ContentTypeAPIImpl: UserId : system : ContentType : ContentType saved : Dot Favorite Page
[09/06/23 21:42:11:643 UTC]  INFO util.AdminLogger: UserId : system : class com.dotcms.contenttype.business.ContentTypeAPIImpl : ContentType : ContentType saved : Dot Favorite Page
[09/06/23 21:42:11:645 UTC]  INFO reindex.ReindexThread: --- Unpausing reindex thread 
[09/06/23 21:42:16:807 UTC]  INFO concurrent.Debouncer: Debouncing : invalidateGraphSchema after 5000 MILLISECONDS
[09/06/23 21:42:17:809 UTC]  INFO business.WorkflowAPIImpl: Saving Schemas [ d61a59e1-a49c-46f2-a929-db2b4bfa88b2 ] for Content type 'ce930143870e11569f93f8a9fff5da19'
[09/06/23 21:42:17:817 UTC]  INFO util.SecurityLogger: class com.dotmarketing.portlets.workflows.business.WorkflowAPIImpl : Saving Schemas [ d61a59e1-a49c-46f2-a929-db2b4bfa88b2 ] for Content type 'ce930143870e11569f93f8a9fff5da19' -- ip:ukn,user:null
[09/06/23 21:42:20:841 UTC]  INFO config.DotInitializationService: Initializing Done:com.dotcms.contenttype.business.ContentTypeInitializer, duration:9 seconds
[09/06/23 21:42:20:841 UTC]  INFO config.DotInitializationService: Initializing :com.dotcms.variant.business.DefaultVariantInitializer
[09/06/23 21:42:23:861 UTC]  INFO config.DotInitializationService: Initializing Done:com.dotcms.variant.business.DefaultVariantInitializer, duration:3 seconds
[09/06/23 21:42:23:861 UTC]  INFO startup.StartupTasksExecutor: ---
[09/06/23 21:42:23:861 UTC]  INFO startup.StartupTasksExecutor: 
[09/06/23 21:42:23:861 UTC]  INFO startup.StartupTasksExecutor: Running Data Upgrade Tasks
[09/06/23 21:42:23:865 UTC]  INFO startup.StartupTasksExecutor: Database data version: 0
[09/06/23 21:42:23:867 UTC]  INFO startup.StartupTasksExecutor: Data upgraded to version: 230320
[09/06/23 21:42:23:867 UTC]  INFO startup.StartupTasksExecutor: Finishing data upgrade tasks.
[09/06/23 21:42:23:882 UTC]  INFO servlets.StartupLogger: InitServlet: Setting Default Timezone: Coordinated Universal Time
[09/06/23 21:42:23:882 UTC]  INFO servlets.StartupLogger: 
[09/06/23 21:42:23:882 UTC]  INFO servlets.StartupLogger:    Initializing dotCMS
[09/06/23 21:42:23:882 UTC]  INFO servlets.StartupLogger:    Using database: PostgreSQL
[09/06/23 21:42:23:882 UTC]  INFO servlets.StartupLogger:    Using dialect : com.dotcms.repackage.net.sf.hibernate.dialect.PostgreSQLDialect
[09/06/23 21:42:23:882 UTC]  INFO servlets.StartupLogger:    Company Name  : dotcms.org
[09/06/23 21:42:23:882 UTC]  INFO servlets.StartupLogger: 
[09/06/23 21:42:23:886 UTC]  INFO servlets.StartupLogger:    License       : PLATFORM EDITION
[09/06/23 21:42:23:886 UTC]  INFO servlets.StartupLogger:    Licensed to   : dotCMS Internal
[09/06/23 21:42:23:886 UTC]  INFO servlets.StartupLogger:    Server id     : 272a7c7c
[09/06/23 21:42:23:886 UTC]  INFO servlets.StartupLogger:    License id    : 1cfc7c95
[09/06/23 21:42:23:886 UTC]  INFO servlets.StartupLogger:    Expires       : Thu, 20 Aug 2099 04:00 AM
[09/06/23 21:42:23:886 UTC]  INFO servlets.StartupLogger: 
[09/06/23 21:42:23:887 UTC]  INFO servlets.InitServlet: 
[09/06/23 21:42:23:887 UTC]  INFO servlets.InitServlet: 
[09/06/23 21:42:23:924 UTC]  INFO business.VanityUrlAPIImpl: Populating 0 Vanity URLs for Site default
[09/06/23 21:42:23:927 UTC]  INFO business.VanityUrlAPIImpl: Populating 0 Vanity URLs for Site System Host
[09/06/23 21:42:23:929 UTC]  INFO business.VanityUrlAPIImpl: Populating 0 Vanity URLs for Site System Host
[09/06/23 21:42:23:999 UTC]  INFO impl.StdSchedulerFactory: Using default implementation for ThreadExecutor
[09/06/23 21:42:24:002 UTC]  INFO simpl.SimpleThreadPool: Job execution threads will use class loader of thread: main
[09/06/23 21:42:24:028 UTC]  INFO core.SchedulerSignalerImpl: Initialized Scheduler Signaller of type: class org.quartz.core.SchedulerSignalerImpl
[09/06/23 21:42:24:038 UTC]  INFO core.QuartzScheduler: Quartz Scheduler v.1.8.6 created.
[09/06/23 21:42:24:045 UTC]  INFO quartz.DotJobStore: Using db table-based data access locking (synchronization).
[09/06/23 21:42:24:049 UTC]  INFO quartz.DotJobStore: JobStoreCMT initialized.
[09/06/23 21:42:24:051 UTC]  INFO core.QuartzScheduler: Scheduler meta-data: Quartz Scheduler (v1.8.6) 'dotCMSQuartz' with instanceId 'NON_CLUSTERED'
  Scheduler class: 'org.quartz.core.QuartzScheduler' - running locally.
  NOT STARTED.
  Currently in standby mode.
  Number of jobs executed: 0
  Using thread pool 'org.quartz.simpl.SimpleThreadPool' - with 10 threads.
  Using job-store 'com.dotmarketing.quartz.DotJobStore' - which supports persistence. and is clustered.

[09/06/23 21:42:24:051 UTC]  INFO impl.StdSchedulerFactory: Quartz scheduler 'dotCMSQuartz' initialized from an externally provided properties instance.
[09/06/23 21:42:24:051 UTC]  INFO impl.StdSchedulerFactory: Quartz scheduler version: 1.8.6
[09/06/23 21:42:24:052 UTC]  INFO init.DotInitScheduler: Automatic Content Reindexation Cron Thread schedule disabled on this server
[09/06/23 21:42:24:052 UTC]  INFO init.DotInitScheduler: Deleting ContentReindexerJob Job
[09/06/23 21:42:24:067 UTC]  INFO init.DotInitScheduler: Users To Delete Cron Thread schedule disabled on this server
[09/06/23 21:42:24:067 UTC]  INFO init.DotInitScheduler: Deleting UsersToDeleteJob Job
[09/06/23 21:42:24:171 UTC]  INFO init.DotInitScheduler: LinkCheckerJob Cron Job schedule disabled on this server
[09/06/23 21:42:24:272 UTC]  INFO job.AccessTokenRenewJob$AccessTokensRenewJobScheduler: Stateful AnalyticsAccessTokenRenewJob (trigger31:group31) job was schedule to run at Fri Jun 09 21:43:00 UTC 2023
[09/06/23 21:42:24:300 UTC]  INFO core.QuartzScheduler: Scheduler dotCMSQuartz_$_NON_CLUSTERED started.
[09/06/23 21:42:24:417 UTC]  INFO runtime.ConcurrentParserPoolImpl: Initializing Velocity Parser Pool - min: 20 max:100 @ main
[09/06/23 21:42:24:556 UTC]  INFO servlets.InitServlet: Starting System OSGi Framework
[09/06/23 21:42:24:558 UTC]  INFO reindex.ReindexThread: --- Unpausing reindex thread 
[09/06/23 21:42:24:560 UTC]  INFO servlets.InitServlet: Starting Client OSGi Framework
[09/06/23 21:42:24:570 UTC]  INFO servlets.BinaryExporterServlet: Exporter "Content Image Fields Resizer" registered for path /resize-image
[09/06/23 21:42:24:573 UTC]  INFO servlets.BinaryExporterServlet: Exporter "Export Field Content" registered for path /raw-data
[09/06/23 21:42:24:576 UTC]  INFO servlets.BinaryExporterServlet: Exporter "Image Filter Exporter" registered for path /image
[09/06/23 21:42:24:577 UTC]  INFO servlets.BinaryExporterServlet: Exporter "Image Thumbnail Field Exporter" registered for path /image-thumbnail
[09/06/23 21:42:24:582 UTC]  INFO dotpubsub.PostgresPubSubImpl: Starting PostgresPubSub. Have servers:1
[09/06/23 21:42:24:583 UTC]  INFO dotpubsub.PostgresPubSubImpl: PGNotificationListener already connected. Returning
[09/06/23 21:42:24:584 UTC]  INFO dotpubsub.PostgresPubSubImpl:  - LISTEN dotcache_topic
[09/06/23 21:42:24:592 UTC]  INFO dotpubsub.PostgresPubSubImpl:  - LISTEN osgi_restart_topic
[09/06/23 21:42:24:594 UTC]  INFO framework.OSGIUtil: Felix base dir: /srv/dotserver/tomcat-9.0.60/webapps/ROOT/WEB-INF/felix
[09/06/23 21:42:24:595 UTC]  INFO framework.OSGIUtil: Found property  felix.auto.deploy.action=install,start
[09/06/23 21:42:24:595 UTC]  INFO framework.OSGIUtil: Found property  felix.fileinstall.log.level=3
[09/06/23 21:42:24:595 UTC]  INFO framework.OSGIUtil: Found property  felix.org.osgi.framework.startlevel.beginning=2
[09/06/23 21:42:24:595 UTC]  INFO framework.OSGIUtil: Found property  felix.org.osgi.framework.storage.clean=onFirstInit
[09/06/23 21:42:24:595 UTC]  INFO framework.OSGIUtil: Found property  felix.log.level=3
[09/06/23 21:42:24:595 UTC]  INFO framework.OSGIUtil: Found property  felix.cache.locking=false
[09/06/23 21:42:24:595 UTC]  INFO framework.OSGIUtil: Found property  felix.fileinstall.dir=/data/shared/felix/load
[09/06/23 21:42:24:595 UTC]  INFO framework.OSGIUtil: Found property  felix.upload.dir=/data/shared/felix/upload
[09/06/23 21:42:24:595 UTC]  INFO framework.OSGIUtil: Found property  felix.undeployed.dir=/data/shared/felix/undeployed
[09/06/23 21:42:24:596 UTC]  INFO framework.OSGIUtil: Building Directory:/srv/dotserver/tomcat-9.0.60/webapps/ROOT/WEB-INF/felix
[09/06/23 21:42:24:596 UTC]  INFO framework.OSGIUtil: Building Directory:/data/shared/felix/upload
[09/06/23 21:42:24:596 UTC]  INFO framework.OSGIUtil: Building Directory:/data/shared/felix/load
[09/06/23 21:42:24:600 UTC]  INFO framework.OSGIUtil: Building Directory:/data/shared/felix/undeployed
[09/06/23 21:42:24:601 UTC]  INFO framework.OSGIUtil: Building Directory:/srv/dotserver/tomcat-9.0.60/webapps/ROOT/WEB-INF/felix/bundle
[09/06/23 21:42:24:601 UTC]  INFO framework.OSGIUtil: Building Directory:/srv/dotserver/tomcat-9.0.60/webapps/ROOT/WEB-INF/felix/felix-cache
[09/06/23 21:42:24:607 UTC]  INFO framework.OSGIUtil: Starting the osgi reload on folder: /data/shared/felix/upload
[09/06/23 21:42:24:620 UTC]  INFO framework.OSGIUtil: Loading Factory org.apache.felix.framework.FrameworkFactory
[09/06/23 21:42:25:105 UTC]  INFO framework.OSGIUtil: osgi felix framework started
[09/06/23 21:42:25:118 UTC]  INFO apps.SecretsKeyStoreHelper: KeyStore loaded successfully after `1` tries.
[09/06/23 21:42:25:161 UTC]  INFO apps.SecretsKeyStoreHelper: KeyStore loaded successfully after `1` tries.
[09/06/23 21:42:25:193 UTC]  WARN struts.MultiMessageResources: Duplicate resource property definition (key=was ==> is now): contenttypes.content.copy=Copy ==> Copy
[09/06/23 21:42:25:195 UTC]  WARN struts.MultiMessageResources: Duplicate resource property definition (key=was ==> is now): message.category.import=Importing Categories.  This operation cannot be cancelled or undone. ==> IMPORT
[09/06/23 21:42:25:196 UTC]  WARN struts.MultiMessageResources: Duplicate resource property definition (key=was ==> is now): message.containers.create.content_type_code=Content Type Code ==> Content Type Code
[09/06/23 21:42:25:199 UTC]  WARN struts.MultiMessageResources: Duplicate resource property definition (key=was ==> is now): Save=Save ==> Save
[09/06/23 21:42:25:201 UTC]  WARN struts.MultiMessageResources: Duplicate resource property definition (key=was ==> is now): Move=Move ==> Move
[09/06/23 21:42:25:202 UTC]  WARN struts.MultiMessageResources: Duplicate resource property definition (key=was ==> is now): archived=archived ==> Archived
[09/06/23 21:42:25:277 UTC]  INFO saml.DotSamlProxyFactory: SAML Osgi Bundle has been started
[09/06/23 21:42:25:284 UTC]  WARN impl.SamlConfigurationServiceImpl: The /data/shared/assets/saml/dotcms-saml-default.properties does not exists or can not read
[09/06/23 21:42:25:436 UTC]  INFO apps.SecretsKeyStoreHelper: KeyStore loaded successfully after `1` tries.
[09/06/23 21:42:25:567 UTC]  INFO util.GeoIp2CityDbUtil: Connecting to GeoIP2 database:/srv/dotserver/tomcat-9.0.60/webapps/ROOT/WEB-INF/geoip2/GeoLite2-City.mmdb
[09/06/23 21:42:25:648 UTC]  WARN rules.RulesAPIImpl: Actionlet with name 'CountRulesActionlet' already registered.
[09/06/23 21:42:25:650 UTC]  WARN rules.RulesAPIImpl: Actionlet with name 'SetSessionAttributeActionlet' already registered.
[09/06/23 21:42:25:650 UTC]  WARN rules.RulesAPIImpl: Actionlet with name 'SetRequestAttributeActionlet' already registered.
[09/06/23 21:42:25:650 UTC]  WARN rules.RulesAPIImpl: Actionlet with name 'SetResponseHeaderActionlet' already registered.
[09/06/23 21:42:25:651 UTC]  WARN rules.RulesAPIImpl: Actionlet with name 'PersonaActionlet' already registered.
[09/06/23 21:42:25:652 UTC]  WARN rules.RulesAPIImpl: Actionlet with name 'VisitorTagsActionlet' already registered.
[09/06/23 21:42:25:652 UTC]  WARN rules.RulesAPIImpl: Actionlet with name 'SendRedirectActionlet' already registered.
[09/06/23 21:42:25:652 UTC]  WARN rules.RulesAPIImpl: Actionlet with name 'StopProcessingActionlet' already registered.
[09/06/23 21:42:25:913 UTC]  WARN rest.WebResource: InitDataObject Error: uri:/api/v1/publishqueue err:Invalid User
[09/06/23 21:42:25:913 UTC]  WARN rest.WebResource: Invalid User
[09/06/23 21:42:25:914 UTC]  WARN rest.WebResource: com.dotcms.rest.WebResource.authenticate(WebResource.java:522)
[09/06/23 21:42:29:924 UTC]  INFO util.SecurityLogger: class com.dotmarketing.cms.login.factories.LoginFactory : User (dotcms.org.1) password was re-hashed 600000 times -- ip:172.19.0.1,user:null
[09/06/23 21:42:33:443 UTC]  INFO util.SecurityLogger: class com.dotcms.cms.login.LoginServiceAPIFactory$LoginServiceImpl : User dotcms.org.1 has successfully login from IP: 172.19.0.1 -- ip:172.19.0.1,user:Admin User [ID: dotcms.org.1][email:admin@dotcms.com]
[09/06/23 21:42:38:796 UTC]  INFO util.SecurityLogger: class com.dotcms.cms.login.LoginServiceAPIFactory$LoginServiceImpl : User dotcms.org.1 has successfully login from IP: 172.19.0.1 -- ip:172.19.0.1,user:Admin User [ID: dotcms.org.1][email:admin@dotcms.com]
[09/06/23 21:42:38:801 UTC]  INFO util.Config: Setting property: USE_JWT_TOKEN_IN_PUSH_PUBLISH to false
[09/06/23 21:42:41:956 UTC]  INFO util.SecurityLogger: class com.dotmarketing.cms.login.factories.LoginFactory : User admin@dotcms.com has sucessfully logged in from IP: 172.19.0.1 -- ip:172.19.0.1,user:Admin User [ID: dotcms.org.1][email:admin@dotcms.com]
[09/06/23 21:42:41:986 UTC]  WARN business.PermissionCacheImpl:  !!! Putting an empty list of permissions in the cache for asset:5424989c-68fd-450d-a56f-6b212cac06e9. Every asset should have at least 1 permission (or inherited permission) associated with it
[09/06/23 21:42:48:110 UTC]  INFO util.SecurityLogger: class com.dotmarketing.cms.login.factories.LoginFactory : User admin@dotcms.com has sucessfully logged in from IP: 172.19.0.1 -- ip:172.19.0.1,user:Admin User [ID: dotcms.org.1][email:admin@dotcms.com]
[09/06/23 21:42:51:151 UTC]  INFO ajax.PublishingEndpointAjaxAction: receiver ; 2ca66d4d-a1ee-4885-8b06-66a6eee3329f
[09/06/23 21:42:54:295 UTC]  INFO util.SecurityLogger: class com.dotmarketing.cms.login.factories.LoginFactory : User admin@dotcms.com has sucessfully logged in from IP: 172.19.0.1 -- ip:172.19.0.1,user:Admin User [ID: dotcms.org.1][email:admin@dotcms.com]
[09/06/23 21:42:57:318 UTC]  INFO ajax.PublishingEndpointAjaxAction: receiver ; d0f6b78a-d56b-41dd-8aa0-eac77d917a63
[09/06/23 21:42:57:518 UTC]  INFO reindex.ReindexThread: --- ReindexThread Paused (every 3600000 millis)
[09/06/23 21:43:00:149 UTC]  INFO apps.SecretsKeyStoreHelper: KeyStore loaded successfully after `1` tries.
[09/06/23 21:43:00:153 UTC]  INFO timedcache.TimedCacheProvider: ***	 Building Cache : esquerycache, size:10000, seconds:3600,Concurrency:32 (every 60000 millis)
[09/06/23 21:43:00:234 UTC]  INFO apps.SecretsKeyStoreHelper: KeyStore loaded successfully after `1` tries.
[09/06/23 21:43:00:486 UTC]  INFO util.SecurityLogger: class com.dotmarketing.cms.login.factories.LoginFactory : User admin@dotcms.com has sucessfully logged in from IP: 172.19.0.1 -- ip:172.19.0.1,user:Admin User [ID: dotcms.org.1][email:admin@dotcms.com]
[09/06/23 21:43:00:595 UTC]  INFO util.PushPublishLogger: class com.dotcms.publisher.business.PublishAuditStatus : Status Update: Pending.
[09/06/23 21:43:00:794 UTC]  INFO rest.PushPublisherJob: Started bundle publish process
[09/06/23 21:43:00:795 UTC]  INFO util.PushPublishLogger: class com.dotcms.rest.PushPublisherJob : [BundleID: content_type_and_content_demo.tar.gz] Started bundle publish process
[09/06/23 21:43:01:164 UTC]  INFO util.ActivityLogger: class com.dotcms.content.elasticsearch.business.ESContentletAPIImpl: System Host : Saving Content , StartDate: N/D; EndDate: N/D; User:system; ContentIdentifier: 48190c8c-42c4-46af-8d1a-0cd5db894797
[09/06/23 21:43:01:175 UTC]  INFO business.IdentifierAPIImpl: Creating new identifier for versionable asset of type `content` and title `demo.dotcms.com` 
[09/06/23 21:43:01:266 UTC]  INFO business.ContentletIndexAPIImpl: Indexing: 48190c8c-42c4-46af-8d1a-0cd5db894797 : demo.dotcms.com, includeDependencies: true, policy: FORCE
[09/06/23 21:43:01:349 UTC]  INFO util.ActivityLogger: class com.dotcms.content.elasticsearch.business.ESContentletAPIImpl: System Host : Content Saved , StartDate: N/D; EndDate: N/D; User:system; ContentIdentifier: 48190c8c-42c4-46af-8d1a-0cd5db894797
[09/06/23 21:43:01:396 UTC]  INFO business.ContentletIndexAPIImpl: Indexing: 48190c8c-42c4-46af-8d1a-0cd5db894797 : demo.dotcms.com, includeDependencies: false, policy: FORCE
[09/06/23 21:43:01:402 UTC]  INFO util.PushPublishLogger: class com.dotcms.enterprise.publishing.remote.handler.ContentHandler : [BundleID: content_type_and_content_demo.tar.gz] Host publish success, ID: 48190c8c-42c4-46af-8d1a-0cd5db894797, Inode: 6e8aca39-937c-437e-91d8-d46b631bdcc8, Name: demo.dotcms.com
[09/06/23 21:43:01:485 UTC]  INFO util.ActivityLogger: class com.dotcms.content.elasticsearch.business.ESContentletAPIImpl: System Host : Locking Content , StartDate: N/D; EndDate: N/D; User:system; ContentIdentifier: 8a7d5e23-da1e-420a-b4f0-471e7da8ea2d
[09/06/23 21:43:01:500 UTC]  INFO business.ContentletIndexAPIImpl: Indexing: 8a7d5e23-da1e-420a-b4f0-471e7da8ea2d : default, includeDependencies: false, policy: FORCE
[09/06/23 21:43:01:503 UTC]  INFO util.ActivityLogger: class com.dotcms.content.elasticsearch.business.ESContentletAPIImpl: System Host : Content Locked , StartDate: N/D; EndDate: N/D; User:system; ContentIdentifier: 8a7d5e23-da1e-420a-b4f0-471e7da8ea2d
[09/06/23 21:43:01:514 UTC]  INFO util.ActivityLogger: class com.dotcms.content.elasticsearch.business.ESContentletAPIImpl: System Host : Saving Content , StartDate: N/D; EndDate: N/D; User:system; ContentIdentifier: 8a7d5e23-da1e-420a-b4f0-471e7da8ea2d
[09/06/23 21:43:01:630 UTC]  INFO business.ContentletIndexAPIImpl: Indexing: 8a7d5e23-da1e-420a-b4f0-471e7da8ea2d : default, includeDependencies: true, policy: FORCE
[09/06/23 21:43:01:663 UTC]  INFO util.ActivityLogger: class com.dotcms.content.elasticsearch.business.ESContentletAPIImpl: System Host : Content Saved , StartDate: N/D; EndDate: N/D; User:system; ContentIdentifier: 8a7d5e23-da1e-420a-b4f0-471e7da8ea2d
[09/06/23 21:43:01:667 UTC]  INFO util.ActivityLogger: class com.dotcms.content.elasticsearch.business.ESContentletAPIImpl: System Host : Publishing Content , StartDate: N/D; EndDate: N/D; User:system; ContentIdentifier: 8a7d5e23-da1e-420a-b4f0-471e7da8ea2d
[09/06/23 21:43:01:676 UTC]  INFO business.ContentletIndexAPIImpl: Indexing: 8a7d5e23-da1e-420a-b4f0-471e7da8ea2d : default, includeDependencies: true, policy: FORCE
[09/06/23 21:43:01:728 UTC]  INFO util.ActivityLogger: class com.dotcms.content.elasticsearch.business.ESContentletAPIImpl: System Host : Content Published , StartDate: N/D; EndDate: N/D; User:system; ContentIdentifier: 8a7d5e23-da1e-420a-b4f0-471e7da8ea2d
[09/06/23 21:43:01:735 UTC]  INFO util.ActivityLogger: class com.dotcms.content.elasticsearch.business.ESContentletAPIImpl: System Host : Publishing Content , StartDate: N/D; EndDate: N/D; User:system; ContentIdentifier: 48190c8c-42c4-46af-8d1a-0cd5db894797
[09/06/23 21:43:01:740 UTC]  INFO business.ContentletIndexAPIImpl: Indexing: 48190c8c-42c4-46af-8d1a-0cd5db894797 : demo.dotcms.com, includeDependencies: true, policy: FORCE
[09/06/23 21:43:01:767 UTC]  INFO util.ActivityLogger: class com.dotcms.content.elasticsearch.business.ESContentletAPIImpl: System Host : Content Published , StartDate: N/D; EndDate: N/D; User:system; ContentIdentifier: 48190c8c-42c4-46af-8d1a-0cd5db894797
[09/06/23 21:43:01:772 UTC]  INFO business.ContentletIndexAPIImpl: Indexing: 48190c8c-42c4-46af-8d1a-0cd5db894797 : demo.dotcms.com, includeDependencies: true, policy: FORCE
[09/06/23 21:43:01:868 UTC]  INFO util.SecurityLogger: class com.dotmarketing.portlets.workflows.business.WorkflowAPIImpl : Workflow Scheme 'System Workflow' [d61a59e1-a49c-46f2-a929-db2b4bfa88b2] has been saved by User ID 'system' -- ip:172.19.0.1,user:Admin User [ID: dotcms.org.1][email:admin@dotcms.com]
[09/06/23 21:43:01:884 UTC]  INFO util.SecurityLogger: class com.dotmarketing.portlets.workflows.business.WorkflowAPIImpl : Workflow Step 'New' [6cb7e3bd-1710-4eed-8838-d3db60f78f19] has been saved by User ID 'system' -- ip:172.19.0.1,user:Admin User [ID: dotcms.org.1][email:admin@dotcms.com]
[09/06/23 21:43:01:891 UTC]  INFO util.SecurityLogger: class com.dotmarketing.portlets.workflows.business.WorkflowAPIImpl : Workflow Step 'Draft' [ee24a4cb-2d15-4c98-b1bd-6327126451f3] has been saved by User ID 'system' -- ip:172.19.0.1,user:Admin User [ID: dotcms.org.1][email:admin@dotcms.com]
[09/06/23 21:43:01:902 UTC]  INFO util.SecurityLogger: class com.dotmarketing.portlets.workflows.business.WorkflowAPIImpl : Workflow Step 'Published' [dc3c9cd0-8467-404b-bf95-cb7df3fbc293] has been saved by User ID 'system' -- ip:172.19.0.1,user:Admin User [ID: dotcms.org.1][email:admin@dotcms.com]
[09/06/23 21:43:01:908 UTC]  INFO util.SecurityLogger: class com.dotmarketing.portlets.workflows.business.WorkflowAPIImpl : Workflow Step 'Archived' [d6b095b6-b65f-4bdb-bbfd-701d663dfee2] has been saved by User ID 'system' -- ip:172.19.0.1,user:Admin User [ID: dotcms.org.1][email:admin@dotcms.com]
[09/06/23 21:43:01:936 UTC]  INFO util.SecurityLogger: class com.dotmarketing.portlets.workflows.business.WorkflowAPIImpl : Action id: '4da13a42-5d59-480c-ad8f-94a3adf809fe' has been reordered by user: system -- ip:172.19.0.1,user:Admin User [ID: dotcms.org.1][email:admin@dotcms.com]
[09/06/23 21:43:01:942 UTC]  WARN business.PermissionCacheImpl:  !!! Putting an empty list of permissions in the cache for asset:4da13a42-5d59-480c-ad8f-94a3adf809fe. Every asset should have at least 1 permission (or inherited permission) associated with it
[09/06/23 21:43:01:952 UTC]  INFO util.SecurityLogger: class com.dotmarketing.portlets.workflows.business.WorkflowAPIImpl : Action id: '963f6a04-5320-42e7-ab74-6d876d199946' has been reordered by user: system -- ip:172.19.0.1,user:Admin User [ID: dotcms.org.1][email:admin@dotcms.com]
[09/06/23 21:43:01:955 UTC]  WARN business.PermissionCacheImpl:  !!! Putting an empty list of permissions in the cache for asset:963f6a04-5320-42e7-ab74-6d876d199946. Every asset should have at least 1 permission (or inherited permission) associated with it
[09/06/23 21:43:01:965 UTC]  INFO util.SecurityLogger: class com.dotmarketing.portlets.workflows.business.WorkflowAPIImpl : Action id: '777f1c6b-c877-4a37-ba4b-10627316c2cc' has been reordered by user: system -- ip:172.19.0.1,user:Admin User [ID: dotcms.org.1][email:admin@dotcms.com]
[09/06/23 21:43:01:968 UTC]  WARN business.PermissionCacheImpl:  !!! Putting an empty list of permissions in the cache for asset:777f1c6b-c877-4a37-ba4b-10627316c2cc. Every asset should have at least 1 permission (or inherited permission) associated with it
[09/06/23 21:43:01:979 UTC]  INFO util.SecurityLogger: class com.dotmarketing.portlets.workflows.business.WorkflowAPIImpl : Action id: '1e0f1c6b-b67f-4c99-983d-db2b4bfa88b2' has been reordered by user: system -- ip:172.19.0.1,user:Admin User [ID: dotcms.org.1][email:admin@dotcms.com]
[09/06/23 21:43:01:982 UTC]  WARN business.PermissionCacheImpl:  !!! Putting an empty list of permissions in the cache for asset:1e0f1c6b-b67f-4c99-983d-db2b4bfa88b2. Every asset should have at least 1 permission (or inherited permission) associated with it
[09/06/23 21:43:01:999 UTC]  INFO util.SecurityLogger: class com.dotmarketing.portlets.workflows.business.WorkflowAPIImpl : Action id: 'b9d89c80-3d88-4311-8365-187323c96436' has been reordered by user: system -- ip:172.19.0.1,user:Admin User [ID: dotcms.org.1][email:admin@dotcms.com]
[09/06/23 21:43:02:004 UTC]  WARN business.PermissionCacheImpl:  !!! Putting an empty list of permissions in the cache for asset:b9d89c80-3d88-4311-8365-187323c96436. Every asset should have at least 1 permission (or inherited permission) associated with it
[09/06/23 21:43:02:014 UTC]  INFO util.SecurityLogger: class com.dotmarketing.portlets.workflows.business.WorkflowAPIImpl : Action id: 'ceca71a0-deee-4999-bd47-b01baa1bcfc8' has been reordered by user: system -- ip:172.19.0.1,user:Admin User [ID: dotcms.org.1][email:admin@dotcms.com]
[09/06/23 21:43:02:017 UTC]  WARN business.PermissionCacheImpl:  !!! Putting an empty list of permissions in the cache for asset:ceca71a0-deee-4999-bd47-b01baa1bcfc8. Every asset should have at least 1 permission (or inherited permission) associated with it
[09/06/23 21:43:02:025 UTC]  INFO util.SecurityLogger: class com.dotmarketing.portlets.workflows.business.WorkflowAPIImpl : Action id: 'c92f9aa1-9503-4567-ac30-d3242b54d02d' has been reordered by user: system -- ip:172.19.0.1,user:Admin User [ID: dotcms.org.1][email:admin@dotcms.com]
[09/06/23 21:43:02:028 UTC]  WARN business.PermissionCacheImpl:  !!! Putting an empty list of permissions in the cache for asset:c92f9aa1-9503-4567-ac30-d3242b54d02d. Every asset should have at least 1 permission (or inherited permission) associated with it
[09/06/23 21:43:02:036 UTC]  INFO util.SecurityLogger: class com.dotmarketing.portlets.workflows.business.WorkflowAPIImpl : Action id: '38efc763-d78f-4e4b-b092-59cd8c579b93' has been reordered by user: system -- ip:172.19.0.1,user:Admin User [ID: dotcms.org.1][email:admin@dotcms.com]
[09/06/23 21:43:02:039 UTC]  WARN business.PermissionCacheImpl:  !!! Putting an empty list of permissions in the cache for asset:38efc763-d78f-4e4b-b092-59cd8c579b93. Every asset should have at least 1 permission (or inherited permission) associated with it
[09/06/23 21:43:02:050 UTC]  INFO util.SecurityLogger: class com.dotmarketing.portlets.workflows.business.WorkflowAPIImpl : The action id: 'ceca71a0-deee-4999-bd47-b01baa1bcfc8' has been saved by the user: system -- ip:172.19.0.1,user:Admin User [ID: dotcms.org.1][email:admin@dotcms.com]
[09/06/23 21:43:02:057 UTC]  INFO util.SecurityLogger: class com.dotmarketing.portlets.workflows.business.WorkflowAPIImpl : The action id: 'b9d89c80-3d88-4311-8365-187323c96436' has been saved by the user: system -- ip:172.19.0.1,user:Admin User [ID: dotcms.org.1][email:admin@dotcms.com]
[09/06/23 21:43:02:064 UTC]  INFO util.SecurityLogger: class com.dotmarketing.portlets.workflows.business.WorkflowAPIImpl : The action id: '777f1c6b-c877-4a37-ba4b-10627316c2cc' has been saved by the user: system -- ip:172.19.0.1,user:Admin User [ID: dotcms.org.1][email:admin@dotcms.com]
[09/06/23 21:43:02:073 UTC]  INFO util.SecurityLogger: class com.dotmarketing.portlets.workflows.business.WorkflowAPIImpl : The action id: 'ceca71a0-deee-4999-bd47-b01baa1bcfc8' has been saved by the user: system -- ip:172.19.0.1,user:Admin User [ID: dotcms.org.1][email:admin@dotcms.com]
[09/06/23 21:43:02:080 UTC]  INFO util.SecurityLogger: class com.dotmarketing.portlets.workflows.business.WorkflowAPIImpl : The action id: '38efc763-d78f-4e4b-b092-59cd8c579b93' has been saved by the user: system -- ip:172.19.0.1,user:Admin User [ID: dotcms.org.1][email:admin@dotcms.com]
[09/06/23 21:43:02:088 UTC]  INFO util.SecurityLogger: class com.dotmarketing.portlets.workflows.business.WorkflowAPIImpl : The action id: '963f6a04-5320-42e7-ab74-6d876d199946' has been saved by the user: system -- ip:172.19.0.1,user:Admin User [ID: dotcms.org.1][email:admin@dotcms.com]
[09/06/23 21:43:02:094 UTC]  INFO util.SecurityLogger: class com.dotmarketing.portlets.workflows.business.WorkflowAPIImpl : The action id: 'b9d89c80-3d88-4311-8365-187323c96436' has been saved by the user: system -- ip:172.19.0.1,user:Admin User [ID: dotcms.org.1][email:admin@dotcms.com]
[09/06/23 21:43:02:101 UTC]  INFO util.SecurityLogger: class com.dotmarketing.portlets.workflows.business.WorkflowAPIImpl : The action id: '4da13a42-5d59-480c-ad8f-94a3adf809fe' has been saved by the user: system -- ip:172.19.0.1,user:Admin User [ID: dotcms.org.1][email:admin@dotcms.com]
[09/06/23 21:43:02:108 UTC]  INFO util.SecurityLogger: class com.dotmarketing.portlets.workflows.business.WorkflowAPIImpl : The action id: '963f6a04-5320-42e7-ab74-6d876d199946' has been saved by the user: system -- ip:172.19.0.1,user:Admin User [ID: dotcms.org.1][email:admin@dotcms.com]
[09/06/23 21:43:02:116 UTC]  INFO util.SecurityLogger: class com.dotmarketing.portlets.workflows.business.WorkflowAPIImpl : The action id: 'ceca71a0-deee-4999-bd47-b01baa1bcfc8' has been saved by the user: system -- ip:172.19.0.1,user:Admin User [ID: dotcms.org.1][email:admin@dotcms.com]
[09/06/23 21:43:02:128 UTC]  INFO util.SecurityLogger: class com.dotmarketing.portlets.workflows.business.WorkflowAPIImpl : The action id: '38efc763-d78f-4e4b-b092-59cd8c579b93' has been saved by the user: system -- ip:172.19.0.1,user:Admin User [ID: dotcms.org.1][email:admin@dotcms.com]
[09/06/23 21:43:02:135 UTC]  INFO util.SecurityLogger: class com.dotmarketing.portlets.workflows.business.WorkflowAPIImpl : The action id: '4da13a42-5d59-480c-ad8f-94a3adf809fe' has been saved by the user: system -- ip:172.19.0.1,user:Admin User [ID: dotcms.org.1][email:admin@dotcms.com]
[09/06/23 21:43:02:142 UTC]  INFO util.SecurityLogger: class com.dotmarketing.portlets.workflows.business.WorkflowAPIImpl : The action id: 'b9d89c80-3d88-4311-8365-187323c96436' has been saved by the user: system -- ip:172.19.0.1,user:Admin User [ID: dotcms.org.1][email:admin@dotcms.com]
[09/06/23 21:43:02:151 UTC]  INFO util.SecurityLogger: class com.dotmarketing.portlets.workflows.business.WorkflowAPIImpl : The action id: 'c92f9aa1-9503-4567-ac30-d3242b54d02d' has been saved by the user: system -- ip:172.19.0.1,user:Admin User [ID: dotcms.org.1][email:admin@dotcms.com]
[09/06/23 21:43:02:157 UTC]  INFO util.SecurityLogger: class com.dotmarketing.portlets.workflows.business.WorkflowAPIImpl : The action id: '777f1c6b-c877-4a37-ba4b-10627316c2cc' has been saved by the user: system -- ip:172.19.0.1,user:Admin User [ID: dotcms.org.1][email:admin@dotcms.com]
[09/06/23 21:43:02:164 UTC]  INFO util.SecurityLogger: class com.dotmarketing.portlets.workflows.business.WorkflowAPIImpl : The action id: '1e0f1c6b-b67f-4c99-983d-db2b4bfa88b2' has been saved by the user: system -- ip:172.19.0.1,user:Admin User [ID: dotcms.org.1][email:admin@dotcms.com]
[09/06/23 21:43:02:272 UTC]  INFO util.SecurityLogger: class com.dotmarketing.portlets.workflows.business.WorkflowAPIImpl : Workflow Action Class with id: 'f970943f-3768-49b6-bc6b-f24f9affbfbf' has been deleted -- ip:172.19.0.1,user:Admin User [ID: dotcms.org.1][email:admin@dotcms.com]
[09/06/23 21:43:02:278 UTC]  INFO util.SecurityLogger: class com.dotmarketing.portlets.workflows.business.WorkflowAPIImpl : Workflow Action with id: dd4c4b7c-e9d3-4dc0-8fbf-36102f9c6324, name: Move has been deleted -- ip:172.19.0.1,user:Admin User [ID: dotcms.org.1][email:admin@dotcms.com]
[09/06/23 21:43:02:338 UTC]  INFO helper.SystemActionMappingsHandlerMerger: The mapping for systemAction: NEW, workflowAction: Optional[WorkflowAction [id=ceca71a0-deee-4999-bd47-b01baa1bcfc8, name=Save, stepId=null, nextStep=ee24a4cb-2d15-4c98-b1bd-6327126451f3]], and scheme: d61a59e1-a49c-46f2-a929-db2b4bfa88b2 has been saved
[09/06/23 21:43:02:342 UTC]  INFO helper.SystemActionMappingsHandlerMerger: The mapping for systemAction: EDIT, workflowAction: Optional[WorkflowAction [id=ceca71a0-deee-4999-bd47-b01baa1bcfc8, name=Save, stepId=null, nextStep=ee24a4cb-2d15-4c98-b1bd-6327126451f3]], and scheme: d61a59e1-a49c-46f2-a929-db2b4bfa88b2 has been saved
[09/06/23 21:43:02:346 UTC]  INFO helper.SystemActionMappingsHandlerMerger: The mapping for systemAction: UNPUBLISH, workflowAction: Optional[WorkflowAction [id=38efc763-d78f-4e4b-b092-59cd8c579b93, name=Unpublish, stepId=null, nextStep=ee24a4cb-2d15-4c98-b1bd-6327126451f3]], and scheme: d61a59e1-a49c-46f2-a929-db2b4bfa88b2 has been saved
[09/06/23 21:43:02:350 UTC]  INFO helper.SystemActionMappingsHandlerMerger: The mapping for systemAction: UNARCHIVE, workflowAction: Optional[WorkflowAction [id=c92f9aa1-9503-4567-ac30-d3242b54d02d, name=Unarchive, stepId=null, nextStep=ee24a4cb-2d15-4c98-b1bd-6327126451f3]], and scheme: d61a59e1-a49c-46f2-a929-db2b4bfa88b2 has been saved
[09/06/23 21:43:02:354 UTC]  INFO helper.SystemActionMappingsHandlerMerger: The mapping for systemAction: PUBLISH, workflowAction: Optional[WorkflowAction [id=b9d89c80-3d88-4311-8365-187323c96436, name=Publish, stepId=null, nextStep=dc3c9cd0-8467-404b-bf95-cb7df3fbc293]], and scheme: d61a59e1-a49c-46f2-a929-db2b4bfa88b2 has been saved
[09/06/23 21:43:02:357 UTC]  INFO helper.SystemActionMappingsHandlerMerger: The mapping for systemAction: ARCHIVE, workflowAction: Optional[WorkflowAction [id=4da13a42-5d59-480c-ad8f-94a3adf809fe, name=Archive, stepId=null, nextStep=d6b095b6-b65f-4bdb-bbfd-701d663dfee2]], and scheme: d61a59e1-a49c-46f2-a929-db2b4bfa88b2 has been saved
[09/06/23 21:43:02:361 UTC]  INFO helper.SystemActionMappingsHandlerMerger: The mapping for systemAction: DESTROY, workflowAction: Optional[WorkflowAction [id=1e0f1c6b-b67f-4c99-983d-db2b4bfa88b2, name=Destroy, stepId=null, nextStep=d6b095b6-b65f-4bdb-bbfd-701d663dfee2]], and scheme: d61a59e1-a49c-46f2-a929-db2b4bfa88b2 has been saved
[09/06/23 21:43:02:365 UTC]  INFO helper.SystemActionMappingsHandlerMerger: The mapping for systemAction: DELETE, workflowAction: Optional[WorkflowAction [id=777f1c6b-c877-4a37-ba4b-10627316c2cc, name=Delete, stepId=null, nextStep=d6b095b6-b65f-4bdb-bbfd-701d663dfee2]], and scheme: d61a59e1-a49c-46f2-a929-db2b4bfa88b2 has been saved
[09/06/23 21:43:02:366 UTC]  INFO util.PushPublishLogger: class com.dotcms.enterprise.publishing.remote.handler.WorkflowHandler : [BundleID: content_type_and_content_demo.tar.gz] Workflow publish success, ID: d61a59e1-a49c-46f2-a929-db2b4bfa88b2, Name: System Workflow
[09/06/23 21:43:02:463 UTC]  INFO util.ActivityLogger: class com.dotcms.contenttype.business.ContentTypeAPIImpl: system : Save ContentType Action , User system/system user system user added ContentType Host to host id:SYSTEM_HOST
[09/06/23 21:43:02:463 UTC]  INFO business.ContentTypeAPIImpl: UserId : system : ContentType : ContentType saved : Host
[09/06/23 21:43:02:463 UTC]  INFO util.AdminLogger: UserId : system : class com.dotcms.contenttype.business.ContentTypeAPIImpl : ContentType : ContentType saved : Host
[09/06/23 21:43:02:490 UTC]  INFO util.ActivityLogger: class com.dotmarketing.util.ActivityLogger: system : Update Field Action , User system/system user modified field fields-0 to Host Structure.
[09/06/23 21:43:02:528 UTC]  INFO util.ActivityLogger: class com.dotmarketing.util.ActivityLogger: system : Update Field Action , User system/system user modified field fields-1 to Host Structure.
[09/06/23 21:43:02:557 UTC]  INFO util.ActivityLogger: class com.dotmarketing.util.ActivityLogger: system : Update Field Action , User system/system user modified field Host Name to Host Structure.
[09/06/23 21:43:02:582 UTC]  INFO util.ActivityLogger: class com.dotmarketing.util.ActivityLogger: system : Update Field Action , User system/system user modified field Aliases to Host Structure.
[09/06/23 21:43:02:591 UTC]  INFO business.FieldAPIImpl: No changes made to field: isDefault, returning
[09/06/23 21:43:02:619 UTC]  INFO util.ActivityLogger: class com.dotmarketing.util.ActivityLogger: system : Update Field Action , User system/system user modified field Tag Storage to Host Structure.
[09/06/23 21:43:02:646 UTC]  INFO util.ActivityLogger: class com.dotmarketing.util.ActivityLogger: system : Update Field Action , User system/system user modified field Host Thumbnail to Host Structure.
[09/06/23 21:43:02:654 UTC]  INFO business.FieldAPIImpl: No changes made to field: isSystemHost, returning
[09/06/23 21:43:02:680 UTC]  INFO util.ActivityLogger: class com.dotmarketing.util.ActivityLogger: system : Update Field Action , User system/system user modified field Run Dashboard to Host Structure.
[09/06/23 21:43:02:709 UTC]  INFO util.ActivityLogger: class com.dotmarketing.util.ActivityLogger: system : Save Field Action , User system/system user added field Meta Data (Default) to Host Structure.
[09/06/23 21:43:02:751 UTC]  INFO util.ActivityLogger: class com.dotmarketing.util.ActivityLogger: system : Save Field Action , User system/system user added field Keywords to Host Structure.
[09/06/23 21:43:02:794 UTC]  INFO util.ActivityLogger: class com.dotmarketing.util.ActivityLogger: system : Save Field Action , User system/system user added field Description to Host Structure.
[09/06/23 21:43:02:836 UTC]  INFO util.ActivityLogger: class com.dotmarketing.util.ActivityLogger: system : Save Field Action , User system/system user added field Site Tags to Host Structure.
[09/06/23 21:43:02:874 UTC]  INFO util.ActivityLogger: class com.dotmarketing.util.ActivityLogger: system : Save Field Action , User system/system user added field Google Map to Host Structure.
[09/06/23 21:43:02:928 UTC]  INFO util.ActivityLogger: class com.dotmarketing.util.ActivityLogger: system : Save Field Action , User system/system user added field Google Analytics to Host Structure.
[09/06/23 21:43:02:976 UTC]  INFO util.ActivityLogger: class com.dotmarketing.util.ActivityLogger: system : Save Field Action , User system/system user added field Add This to Host Structure.
[09/06/23 21:43:03:017 UTC]  INFO util.ActivityLogger: class com.dotmarketing.util.ActivityLogger: system : Save Field Action , User system/system user added field Proxy Url for Edit Mode to Host Structure.
[09/06/23 21:43:03:061 UTC]  INFO util.ActivityLogger: class com.dotmarketing.util.ActivityLogger: system : Save Field Action , User system/system user added field Embedded Dashboard Url to Host Structure.
[09/06/23 21:43:03:071 UTC]  INFO util.PushPublishLogger: class com.dotcms.enterprise.publishing.remote.handler.ContentTypeHandler : [BundleID: content_type_and_content_demo.tar.gz] Content Type publish success, ID: 855a2d72-f2f3-4169-8b04-ac5157c4380c, Name: Host
[09/06/23 21:43:03:076 UTC]  INFO util.SecurityLogger: class com.dotmarketing.portlets.workflows.business.WorkflowAPIImpl : Saving schemes [ [WorkflowScheme [id=d61a59e1-a49c-46f2-a929-db2b4bfa88b2, name=System Workflow, archived=false, mandatory=false]] ] for Content Type [ com.dotmarketing.portlets.structure.model.Structure@572d569c[name=Host,description=System hosts information,defaultStructure=false,reviewInterval=<null>,reviewerRole=<null>,pagedetail=<null>,structureType=1,fixed=true,system=true,velocityVarName=Host,urlMapPattern=<null>,host=SYSTEM_HOST,folder=SYSTEM_FOLDER,publishDateVar=<null>,expireDateVar=<null>,modDate=Fri Jun 09 21:43:03 UTC 2023,icon=event_note,sortOrder=0,iDate=Mon Mar 28 15:10:14 UTC 2016,type=structure,owner=<null>,inode=855a2d72-f2f3-4169-8b04-ac5157c4380c,identifier=855a2d72-f2f3-4169-8b04-ac5157c4380c] ] -- ip:172.19.0.1,user:Admin User [ID: dotcms.org.1][email:admin@dotcms.com]
[09/06/23 21:43:03:088 UTC]  INFO business.ContentTypeAPIImpl: Content type not found with given id: ea533f67-4883-42bb-9701-83293e7313e5. Continuing...
[09/06/23 21:43:03:099 UTC]  INFO util.ActivityLogger: class com.dotmarketing.util.ActivityLogger: system : Save Field Action , User system/system user added field fields-0 to type_2 Structure.
[09/06/23 21:43:03:109 UTC]  INFO util.ActivityLogger: class com.dotmarketing.util.ActivityLogger: system : Save Field Action , User system/system user added field fields-1 to type_2 Structure.
[09/06/23 21:43:03:122 UTC]  INFO util.ActivityLogger: class com.dotmarketing.util.ActivityLogger: system : Save Field Action , User system/system user added field text_1 to type_2 Structure.
[09/06/23 21:43:03:128 UTC]  INFO util.ActivityLogger: class com.dotcms.contenttype.business.ContentTypeAPIImpl: system : Save ContentType Action , User system/system user system user added ContentType type_2 to host id:48190c8c-42c4-46af-8d1a-0cd5db894797
[09/06/23 21:43:03:128 UTC]  INFO business.ContentTypeAPIImpl: UserId : system : ContentType : ContentType saved : type_2
[09/06/23 21:43:03:128 UTC]  INFO util.AdminLogger: UserId : system : class com.dotcms.contenttype.business.ContentTypeAPIImpl : ContentType : ContentType saved : type_2
[09/06/23 21:43:03:128 UTC]  INFO util.PushPublishLogger: class com.dotcms.enterprise.publishing.remote.handler.ContentTypeHandler : [BundleID: content_type_and_content_demo.tar.gz] Content Type publish success, ID: ea533f67-4883-42bb-9701-83293e7313e5, Name: type_2
[09/06/23 21:43:03:130 UTC]  INFO util.SecurityLogger: class com.dotmarketing.portlets.workflows.business.WorkflowAPIImpl : Saving schemes [ [WorkflowScheme [id=d61a59e1-a49c-46f2-a929-db2b4bfa88b2, name=System Workflow, archived=false, mandatory=false]] ] for Content Type [ com.dotmarketing.portlets.structure.model.Structure@337a3143[name=type_2,description=<null>,defaultStructure=false,reviewInterval=<null>,reviewerRole=<null>,pagedetail=<null>,structureType=1,fixed=false,system=false,velocityVarName=Type2,urlMapPattern=<null>,host=48190c8c-42c4-46af-8d1a-0cd5db894797,folder=SYSTEM_FOLDER,publishDateVar=<null>,expireDateVar=<null>,modDate=Thu Oct 08 17:32:29 UTC 2020,icon=<null>,sortOrder=0,iDate=Thu Oct 08 17:32:19 UTC 2020,type=structure,owner=<null>,inode=ea533f67-4883-42bb-9701-83293e7313e5,identifier=ea533f67-4883-42bb-9701-83293e7313e5] ] -- ip:172.19.0.1,user:Admin User [ID: dotcms.org.1][email:admin@dotcms.com]
[09/06/23 21:43:03:157 UTC]  INFO util.PushPublishLogger: class com.dotcms.enterprise.publishing.remote.handler.LanguageVariablesHandler : [BundleID: content_type_and_content_demo.tar.gz] Language File publish success, Name: cms_language_en.properties
[09/06/23 21:43:03:158 UTC]  INFO util.PushPublishLogger: class com.dotcms.enterprise.publishing.remote.handler.LanguageVariablesHandler : [BundleID: content_type_and_content_demo.tar.gz] Language File publish success, Name: cms_language_en_US.properties
[09/06/23 21:43:03:159 UTC]  INFO util.PushPublishLogger: class com.dotcms.enterprise.publishing.remote.handler.LanguageVariablesHandler : [BundleID: content_type_and_content_demo.tar.gz] Language File publish success, Name: cms_language_es.properties
[09/06/23 21:43:03:160 UTC]  INFO util.PushPublishLogger: class com.dotcms.enterprise.publishing.remote.handler.LanguageVariablesHandler : [BundleID: content_type_and_content_demo.tar.gz] Language File publish success, Name: cms_language_es_ES.properties
[09/06/23 21:43:03:161 UTC]  INFO util.PushPublishLogger: class com.dotcms.enterprise.publishing.remote.handler.LanguageVariablesHandler : [BundleID: content_type_and_content_demo.tar.gz] Language File publish success, Name: cms_language_fr.properties
[09/06/23 21:43:03:161 UTC]  INFO util.PushPublishLogger: class com.dotcms.enterprise.publishing.remote.handler.LanguageVariablesHandler : [BundleID: content_type_and_content_demo.tar.gz] Language File publish success, Name: cms_language_fr_FR.properties
[09/06/23 21:43:03:163 UTC]  INFO util.PushPublishLogger: class com.dotcms.enterprise.publishing.remote.handler.LanguageVariablesHandler : [BundleID: content_type_and_content_demo.tar.gz] Language File publish success, Name: cms_language_zh.properties
[09/06/23 21:43:03:163 UTC]  INFO util.PushPublishLogger: class com.dotcms.enterprise.publishing.remote.handler.LanguageVariablesHandler : [BundleID: content_type_and_content_demo.tar.gz] Language File publish success, Name: cms_language_zh_CN.properties
[09/06/23 21:43:04:101 UTC]  INFO reindex.ReindexThread: --- Unpausing reindex thread 
[09/06/23 21:43:04:307 UTC]  INFO delegate.SystemEventsJobDelegate: The event: 4148d424-ce1c-4ed4-aa79-7c087009eb8d, has been skipped on the server: 272a7c7c-f68a-4fd8-ba3f-5b95f5469ac7
[09/06/23 21:43:04:309 UTC]  INFO delegate.SystemEventsJobDelegate: The event: 8b25be1f-4487-4fb2-ac7d-a3912b8630cf, has been skipped on the server: 272a7c7c-f68a-4fd8-ba3f-5b95f5469ac7
[09/06/23 21:43:04:337 UTC]  INFO reindex.BulkProcessorListener: -----------
[09/06/23 21:43:04:337 UTC]  INFO reindex.BulkProcessorListener: Reindexing Server #  : 1 of 1
[09/06/23 21:43:04:337 UTC]  INFO reindex.BulkProcessorListener: Total Indexed        : 0
[09/06/23 21:43:04:337 UTC]  INFO reindex.BulkProcessorListener: ReindexEntries found : 3
[09/06/23 21:43:04:337 UTC]  INFO reindex.BulkProcessorListener: BulkRequests created : 6
[09/06/23 21:43:04:337 UTC]  INFO reindex.BulkProcessorListener: -----------
[09/06/23 21:43:09:108 UTC]  INFO concurrent.Debouncer: Debouncing : invalidateGraphSchema after 5000 MILLISECONDS
[09/06/23 21:43:10:211 UTC]  INFO util.PushPublishLogger: class com.dotcms.rest.PushPublisherJob : [BundleID: content_type_and_content_demo.tar.gz] Finished bundle publish process
[09/06/23 21:43:10:212 UTC]  INFO rest.PushPublisherJob: Finished bundle publish process
[09/06/23 21:43:10:376 UTC]  INFO apps.SecretsKeyStoreHelper: KeyStore loaded successfully after `1` tries.
[09/06/23 21:43:13:397 UTC]  INFO util.SecurityLogger: class com.dotmarketing.cms.login.factories.LoginFactory : User admin@dotcms.com has sucessfully logged in from IP: 172.19.0.1 -- ip:172.19.0.1,user:Admin User [ID: dotcms.org.1][email:admin@dotcms.com]
[09/06/23 21:43:13:410 UTC]  INFO rest.BundleResource: Deleting all bundles by the user: dotcms.org.1
[09/06/23 21:43:13:423 UTC]  INFO business.BundleAPIImpl: Deleting all bundles with statuses: [BUNDLE_REQUESTED, BUNDLING, SENDING_TO_ENDPOINTS, FAILED_TO_SEND_TO_ALL_GROUPS, FAILED_TO_SEND_TO_SOME_GROUPS, FAILED_TO_BUNDLE, FAILED_TO_SENT, FAILED_TO_PUBLISH, SUCCESS, BUNDLE_SENT_SUCCESSFULLY, RECEIVED_BUNDLE, PUBLISHING_BUNDLE, WAITING_FOR_PUBLISHING, BUNDLE_SAVED_SUCCESSFULLY, INVALID_TOKEN, LICENSE_REQUIRED, SUCCESS_WITH_WARNINGS, FAILED_INTEGRITY_CHECK]by the user: dotcms.org.1
[09/06/23 21:43:13:428 UTC]  INFO business.BundleAPIImpl: Removing bundle: content_type_and_content_demo and dependencies by: dotcms.org.1
[09/06/23 21:43:13:429 UTC]  INFO business.BundleAPIImpl: Removing audit status for a bundle: content_type_and_content_demo
[09/06/23 21:43:13:430 UTC]  INFO business.PublishAuditAPIImpl: Deleting the bundle: content_type_and_content_demo
[09/06/23 21:43:13:430 UTC]  INFO business.BundleAPIImpl: Removing all assets from bundle: content_type_and_content_demo
[09/06/23 21:43:13:432 UTC]  INFO business.BundleAPIImpl: Removing environments from bundle: content_type_and_content_demo
[09/06/23 21:43:13:433 UTC]  INFO business.BundleAPIImpl: Removing bundle: content_type_and_content_demo
[09/06/23 21:43:13:460 UTC]  INFO business.BundleAPIImpl: Deleted 1 bundles, failed 0 bundles
[09/06/23 21:43:13:466 UTC]  WARN struts.MultiMessageResources: Duplicate resource property definition (key=was ==> is now): contenttypes.content.copy=Copy ==> Copy
[09/06/23 21:43:13:469 UTC]  WARN struts.MultiMessageResources: Duplicate resource property definition (key=was ==> is now): message.category.import=Importing Categories.  This operation cannot be cancelled or undone. ==> IMPORT
[09/06/23 21:43:13:470 UTC]  WARN struts.MultiMessageResources: Duplicate resource property definition (key=was ==> is now): message.containers.create.content_type_code=Content Type Code ==> Content Type Code
[09/06/23 21:43:13:474 UTC]  WARN struts.MultiMessageResources: Duplicate resource property definition (key=was ==> is now): Save=Save ==> Save
[09/06/23 21:43:13:478 UTC]  WARN struts.MultiMessageResources: Duplicate resource property definition (key=was ==> is now): Move=Move ==> Move
[09/06/23 21:43:13:480 UTC]  WARN struts.MultiMessageResources: Duplicate resource property definition (key=was ==> is now): archived=archived ==> Archived
[09/06/23 21:43:14:321 UTC]  INFO delegate.SystemEventsJobDelegate: The event: 31ff795d-49a1-4340-80da-a70a86490a88, has been skipped on the server: 272a7c7c-f68a-4fd8-ba3f-5b95f5469ac7
[09/06/23 21:43:14:321 UTC]  INFO delegate.SystemEventsJobDelegate: The event: f1b78a07-895c-4ba3-9b14-5ef7a0474f50, has been skipped on the server: 272a7c7c-f68a-4fd8-ba3f-5b95f5469ac7
[09/06/23 21:43:26:554 UTC]  INFO util.SecurityLogger: class com.dotmarketing.cms.login.factories.LoginFactory : User admin@dotcms.com has sucessfully logged in from IP: 172.19.0.1 -- ip:172.19.0.1,user:Admin User [ID: dotcms.org.1][email:admin@dotcms.com]
[09/06/23 21:43:26:637 UTC]  WARN ajax.RemotePublishAjaxAction: Unable to find asset id = [ea533f67-4883-42bb-9701-83293e7313e5]
[09/06/23 21:43:26:727 UTC]  INFO util.PushPublishLogger: class com.dotcms.publisher.business.PublisherAPIImpl : [BundleID: 01H2H1TGN15NZ3NXZKWDDPTZHN] Asset added to Push Publish Queue. Action: Added by Browsing, Asset Type: contenttype, Asset Id: ea533f67-4883-42bb-9701-83293e7313e5, User: dotcms.org.1
[09/06/23 21:43:29:871 UTC]  INFO util.SecurityLogger: class com.dotmarketing.cms.login.factories.LoginFactory : User admin@dotcms.com has sucessfully logged in from IP: 172.19.0.1 -- ip:172.19.0.1,user:Admin User [ID: dotcms.org.1][email:admin@dotcms.com]
[09/06/23 21:43:31:922 UTC]  INFO business.PublisherQueueJob: 
[09/06/23 21:43:31:922 UTC]  INFO business.PublisherQueueJob: Found 1 bundle(s) to process.
[09/06/23 21:43:31:922 UTC]  INFO business.PublisherQueueJob: 
[09/06/23 21:43:31:922 UTC]  INFO business.PublisherQueueJob: Processing bundle: ID: 01H2H1TGN15NZ3NXZKWDDPTZHN. Status: Starting. Publish Date: 2020-09-10 17:14:00.0
[09/06/23 21:43:31:922 UTC]  INFO util.PushPublishLogger: class com.dotcms.publisher.business.PublishAuditStatus : Status Update: Pending.
[09/06/23 21:43:31:937 UTC]  INFO util.PushPublishLogger: class com.dotcms.publisher.business.PublisherQueueJob : Pre-publish work started.
[09/06/23 21:43:31:985 UTC]  INFO util.PushPublishLogger: class com.dotcms.publisher.business.PublisherQueueJob : Pre-publish work complete.
[09/06/23 21:43:31:989 UTC]  INFO util.PushPublishLogger: class com.dotcms.publishing.PublisherAPIImpl : [BundleID: 01H2H1TGN15NZ3NXZKWDDPTZHN] Started Publishing Task
[09/06/23 21:43:32:008 UTC]  INFO publishing.PublisherAPIImpl: Start of Bundler: DependencyBundler
[09/06/23 21:43:41:144 UTC]  INFO dependencies.ConcurrentDependencyProcessor: DependencyProcessor Finished
[09/06/23 21:43:41:145 UTC]  INFO publishing.PublisherAPIImpl: End of Bundler: DependencyBundler
[09/06/23 21:43:41:146 UTC]  INFO publishing.PublisherAPIImpl: Start of Bundler: HostBundler
[09/06/23 21:43:41:148 UTC]  INFO util.PushPublishLogger: class com.dotcms.enterprise.publishing.remote.bundler.HostBundler : Status Update: Bundling.
[09/06/23 21:43:41:237 UTC]  INFO bundler.HostBundler: Searching for ContentletVersionInfo. Identifier: 48190c8c-42c4-46af-8d1a-0cd5db894797. Language:1
[09/06/23 21:43:41:296 UTC]  INFO util.PushPublishLogger: class com.dotcms.enterprise.publishing.remote.bundler.HostBundler : Status Update: Bundling.
[09/06/23 21:43:41:299 UTC]  INFO publishing.PublisherAPIImpl: End of Bundler: HostBundler
[09/06/23 21:43:41:300 UTC]  INFO publishing.PublisherAPIImpl: Start of Bundler: ContentBundler
[09/06/23 21:43:41:302 UTC]  INFO util.PushPublishLogger: class com.dotcms.enterprise.publishing.remote.bundler.ContentBundler : Status Update: Bundling.
[09/06/23 21:43:41:307 UTC]  INFO util.PushPublishLogger: class com.dotcms.enterprise.publishing.remote.bundler.ContentBundler : Status Update: Bundling.
[09/06/23 21:43:41:310 UTC]  INFO publishing.PublisherAPIImpl: End of Bundler: ContentBundler
[09/06/23 21:43:41:310 UTC]  INFO publishing.PublisherAPIImpl: Start of Bundler: FolderBundler
[09/06/23 21:43:41:311 UTC]  INFO publishing.PublisherAPIImpl: End of Bundler: FolderBundler
[09/06/23 21:43:41:311 UTC]  INFO publishing.PublisherAPIImpl: Start of Bundler: TemplateBundler
[09/06/23 21:43:41:311 UTC]  INFO publishing.PublisherAPIImpl: End of Bundler: TemplateBundler
[09/06/23 21:43:41:311 UTC]  INFO publishing.PublisherAPIImpl: Start of Bundler: ContainerBundler
[09/06/23 21:43:41:312 UTC]  INFO publishing.PublisherAPIImpl: End of Bundler: ContainerBundler
[09/06/23 21:43:41:312 UTC]  INFO publishing.PublisherAPIImpl: Start of Bundler: RuleBundler
[09/06/23 21:43:41:312 UTC]  INFO publishing.PublisherAPIImpl: End of Bundler: RuleBundler
[09/06/23 21:43:41:312 UTC]  INFO publishing.PublisherAPIImpl: Start of Bundler: LinkBundler
[09/06/23 21:43:41:313 UTC]  INFO publishing.PublisherAPIImpl: End of Bundler: LinkBundler
[09/06/23 21:43:41:313 UTC]  INFO publishing.PublisherAPIImpl: Start of Bundler: ContentTypeBundler
[09/06/23 21:43:41:354 UTC]  INFO publishing.PublisherAPIImpl: End of Bundler: ContentTypeBundler
[09/06/23 21:43:41:355 UTC]  INFO publishing.PublisherAPIImpl: Start of Bundler: RelationshipBundler
[09/06/23 21:43:41:355 UTC]  INFO publishing.PublisherAPIImpl: End of Bundler: RelationshipBundler
[09/06/23 21:43:41:355 UTC]  INFO publishing.PublisherAPIImpl: Start of Bundler: LanguageVariablesBundler
[09/06/23 21:43:41:367 UTC]  WARN util.FileUtil: /data/shared/assets/messages/cms_language_en_US.properties is empty
[09/06/23 21:43:41:369 UTC]  WARN util.FileUtil: /data/shared/assets/messages/cms_language_es_ES.properties is empty
[09/06/23 21:43:41:369 UTC]  WARN util.FileUtil: /data/shared/assets/messages/cms_language_fr_FR.properties is empty
[09/06/23 21:43:41:372 UTC]  WARN util.FileUtil: /data/shared/assets/messages/cms_language_zh_CN.properties is empty
[09/06/23 21:43:41:373 UTC]  INFO publishing.PublisherAPIImpl: End of Bundler: LanguageVariablesBundler
[09/06/23 21:43:41:373 UTC]  INFO publishing.PublisherAPIImpl: Start of Bundler: WorkflowBundler
[09/06/23 21:43:41:481 UTC]  INFO publishing.PublisherAPIImpl: End of Bundler: WorkflowBundler
[09/06/23 21:43:41:482 UTC]  INFO publishing.PublisherAPIImpl: Start of Bundler: LanguageBundler
[09/06/23 21:43:41:482 UTC]  INFO publishing.PublisherAPIImpl: End of Bundler: LanguageBundler
[09/06/23 21:43:41:482 UTC]  INFO publishing.PublisherAPIImpl: Start of Bundler: BundleXMLAsc
[09/06/23 21:43:41:483 UTC]  INFO publishing.PublisherAPIImpl: End of Bundler: BundleXMLAsc
[09/06/23 21:43:41:483 UTC]  INFO publishing.PublisherAPIImpl: Start of Bundler: CategoryBundler
[09/06/23 21:43:41:483 UTC]  INFO publishing.PublisherAPIImpl: End of Bundler: CategoryBundler
[09/06/23 21:43:41:538 UTC]  INFO util.PushPublishLogger: class com.dotcms.publisher.pusher.PushPublisher : Status Update: Sending to all environments
[09/06/23 21:43:41:545 UTC]  INFO util.PushPublishLogger: class com.dotcms.publisher.pusher.PushPublisher : Status Update: Sending Bundle
[09/06/23 21:43:41:649 UTC]  INFO pusher.AuthCredentialPushPublishUtil: Is JWT in Push publish avaible?: false
[09/06/23 21:43:41:650 UTC]  INFO pusher.AuthCredentialPushPublishUtil: PublishingEndPoint: receiver-1686346971271
[09/06/23 21:43:41:652 UTC]  INFO pusher.AuthCredentialPushPublishUtil: PublishingEndPoint key: Optional[pmWkWSBCL51Bfkhn79xPuKBKHz//H6B+mY6G9/eieuM=]
[09/06/23 21:43:41:652 UTC]  INFO pusher.AuthCredentialPushPublishUtil: Token from request: pmWkWSBCL51Bfkhn79xPuKBKHz//H6B+mY6G9/eieuM=
[09/06/23 21:43:41:664 UTC]  INFO util.PushPublishLogger: class com.dotcms.publisher.business.PublishAuditStatus : Status Update: Pending.
[09/06/23 21:43:41:706 UTC]  INFO rest.PushPublisherJob: Started bundle publish process
[09/06/23 21:43:41:706 UTC]  INFO util.PushPublishLogger: class com.dotcms.rest.PushPublisherJob : [BundleID: 01H2H1TGN15NZ3NXZKWDDPTZHN.tar.gz] Started bundle publish process
[09/06/23 21:43:41:718 UTC]  INFO quartz.DotStatefulJob: New Task for job `PushPublisherJob` scheduled for execution `41 43 21 9 6 ? 2023`.
[09/06/23 21:43:41:758 UTC]  INFO util.PushPublishLogger: class com.dotcms.publisher.pusher.PushPublisher : Status Update: Bundle sent
[09/06/23 21:43:41:758 UTC]  INFO util.PushPublishLogger: class com.dotcms.publisher.pusher.PushPublisher : Status Update: Bundle sent
[09/06/23 21:43:41:769 UTC]  INFO util.PushPublishLogger: class com.dotcms.publishing.PublisherAPIImpl : [BundleID: 01H2H1TGN15NZ3NXZKWDDPTZHN] Completed Publishing Task
[09/06/23 21:43:41:780 UTC]  INFO util.ActivityLogger: class com.dotcms.content.elasticsearch.business.ESContentletAPIImpl: System Host : Saving Content , StartDate: N/D; EndDate: N/D; User:system; ContentIdentifier: 48190c8c-42c4-46af-8d1a-0cd5db894797
[09/06/23 21:43:41:851 UTC]  INFO business.ContentletIndexAPIImpl: Indexing: 48190c8c-42c4-46af-8d1a-0cd5db894797 : demo.dotcms.com, includeDependencies: true, policy: FORCE
[09/06/23 21:43:41:990 UTC]  INFO util.ActivityLogger: class com.dotcms.content.elasticsearch.business.ESContentletAPIImpl: System Host : Content Saved , StartDate: N/D; EndDate: N/D; User:system; ContentIdentifier: 48190c8c-42c4-46af-8d1a-0cd5db894797
[09/06/23 21:43:41:996 UTC]  INFO business.ContentletIndexAPIImpl: Indexing: 48190c8c-42c4-46af-8d1a-0cd5db894797 : demo.dotcms.com, includeDependencies: false, policy: FORCE
[09/06/23 21:43:41:997 UTC]  INFO util.PushPublishLogger: class com.dotcms.enterprise.publishing.remote.handler.ContentHandler : [BundleID: 01H2H1TGN15NZ3NXZKWDDPTZHN.tar.gz] Host publish success, ID: 48190c8c-42c4-46af-8d1a-0cd5db894797, Inode: 6e8aca39-937c-437e-91d8-d46b631bdcc8, Name: demo.dotcms.com
[09/06/23 21:43:42:017 UTC]  INFO business.ContentletIndexAPIImpl: Indexing: 48190c8c-42c4-46af-8d1a-0cd5db894797 : demo.dotcms.com, includeDependencies: true, policy: FORCE
[09/06/23 21:43:42:034 UTC]  INFO util.SecurityLogger: class com.dotmarketing.portlets.workflows.business.WorkflowAPIImpl : Workflow Scheme 'System Workflow' [d61a59e1-a49c-46f2-a929-db2b4bfa88b2] has been saved by User ID 'system' -- ip:ukn,user:null
[09/06/23 21:43:42:039 UTC]  INFO util.SecurityLogger: class com.dotmarketing.portlets.workflows.business.WorkflowAPIImpl : Workflow Step 'New' [6cb7e3bd-1710-4eed-8838-d3db60f78f19] has been saved by User ID 'system' -- ip:ukn,user:null
[09/06/23 21:43:42:042 UTC]  INFO util.SecurityLogger: class com.dotmarketing.portlets.workflows.business.WorkflowAPIImpl : Workflow Step 'Draft' [ee24a4cb-2d15-4c98-b1bd-6327126451f3] has been saved by User ID 'system' -- ip:ukn,user:null
[09/06/23 21:43:42:045 UTC]  INFO util.SecurityLogger: class com.dotmarketing.portlets.workflows.business.WorkflowAPIImpl : Workflow Step 'Published' [dc3c9cd0-8467-404b-bf95-cb7df3fbc293] has been saved by User ID 'system' -- ip:ukn,user:null
[09/06/23 21:43:42:048 UTC]  INFO util.SecurityLogger: class com.dotmarketing.portlets.workflows.business.WorkflowAPIImpl : Workflow Step 'Archived' [d6b095b6-b65f-4bdb-bbfd-701d663dfee2] has been saved by User ID 'system' -- ip:ukn,user:null
[09/06/23 21:43:42:054 UTC]  INFO util.SecurityLogger: class com.dotmarketing.portlets.workflows.business.WorkflowAPIImpl : Action id: '4da13a42-5d59-480c-ad8f-94a3adf809fe' has been reordered by user: system -- ip:ukn,user:null
[09/06/23 21:43:42:058 UTC]  WARN business.PermissionCacheImpl:  !!! Putting an empty list of permissions in the cache for asset:4da13a42-5d59-480c-ad8f-94a3adf809fe. Every asset should have at least 1 permission (or inherited permission) associated with it
[09/06/23 21:43:42:065 UTC]  INFO util.SecurityLogger: class com.dotmarketing.portlets.workflows.business.WorkflowAPIImpl : Action id: '963f6a04-5320-42e7-ab74-6d876d199946' has been reordered by user: system -- ip:ukn,user:null
[09/06/23 21:43:42:068 UTC]  WARN business.PermissionCacheImpl:  !!! Putting an empty list of permissions in the cache for asset:963f6a04-5320-42e7-ab74-6d876d199946. Every asset should have at least 1 permission (or inherited permission) associated with it
[09/06/23 21:43:42:074 UTC]  INFO util.SecurityLogger: class com.dotmarketing.portlets.workflows.business.WorkflowAPIImpl : Action id: '777f1c6b-c877-4a37-ba4b-10627316c2cc' has been reordered by user: system -- ip:ukn,user:null
[09/06/23 21:43:42:077 UTC]  WARN business.PermissionCacheImpl:  !!! Putting an empty list of permissions in the cache for asset:777f1c6b-c877-4a37-ba4b-10627316c2cc. Every asset should have at least 1 permission (or inherited permission) associated with it
[09/06/23 21:43:42:083 UTC]  INFO util.SecurityLogger: class com.dotmarketing.portlets.workflows.business.WorkflowAPIImpl : Action id: '1e0f1c6b-b67f-4c99-983d-db2b4bfa88b2' has been reordered by user: system -- ip:ukn,user:null
[09/06/23 21:43:42:085 UTC]  WARN business.PermissionCacheImpl:  !!! Putting an empty list of permissions in the cache for asset:1e0f1c6b-b67f-4c99-983d-db2b4bfa88b2. Every asset should have at least 1 permission (or inherited permission) associated with it
[09/06/23 21:43:42:092 UTC]  INFO util.SecurityLogger: class com.dotmarketing.portlets.workflows.business.WorkflowAPIImpl : Action id: 'b9d89c80-3d88-4311-8365-187323c96436' has been reordered by user: system -- ip:ukn,user:null
[09/06/23 21:43:42:094 UTC]  WARN business.PermissionCacheImpl:  !!! Putting an empty list of permissions in the cache for asset:b9d89c80-3d88-4311-8365-187323c96436. Every asset should have at least 1 permission (or inherited permission) associated with it
[09/06/23 21:43:42:100 UTC]  INFO util.SecurityLogger: class com.dotmarketing.portlets.workflows.business.WorkflowAPIImpl : Action id: 'ceca71a0-deee-4999-bd47-b01baa1bcfc8' has been reordered by user: system -- ip:ukn,user:null
[09/06/23 21:43:42:102 UTC]  WARN business.PermissionCacheImpl:  !!! Putting an empty list of permissions in the cache for asset:ceca71a0-deee-4999-bd47-b01baa1bcfc8. Every asset should have at least 1 permission (or inherited permission) associated with it
[09/06/23 21:43:42:108 UTC]  INFO util.SecurityLogger: class com.dotmarketing.portlets.workflows.business.WorkflowAPIImpl : Action id: 'c92f9aa1-9503-4567-ac30-d3242b54d02d' has been reordered by user: system -- ip:ukn,user:null
[09/06/23 21:43:42:110 UTC]  WARN business.PermissionCacheImpl:  !!! Putting an empty list of permissions in the cache for asset:c92f9aa1-9503-4567-ac30-d3242b54d02d. Every asset should have at least 1 permission (or inherited permission) associated with it
[09/06/23 21:43:42:115 UTC]  INFO util.SecurityLogger: class com.dotmarketing.portlets.workflows.business.WorkflowAPIImpl : Action id: '38efc763-d78f-4e4b-b092-59cd8c579b93' has been reordered by user: system -- ip:ukn,user:null
[09/06/23 21:43:42:117 UTC]  WARN business.PermissionCacheImpl:  !!! Putting an empty list of permissions in the cache for asset:38efc763-d78f-4e4b-b092-59cd8c579b93. Every asset should have at least 1 permission (or inherited permission) associated with it
[09/06/23 21:43:42:126 UTC]  INFO util.SecurityLogger: class com.dotmarketing.portlets.workflows.business.WorkflowAPIImpl : The action id: 'ceca71a0-deee-4999-bd47-b01baa1bcfc8' has been saved by the user: system -- ip:ukn,user:null
[09/06/23 21:43:42:130 UTC]  INFO util.SecurityLogger: class com.dotmarketing.portlets.workflows.business.WorkflowAPIImpl : The action id: 'b9d89c80-3d88-4311-8365-187323c96436' has been saved by the user: system -- ip:ukn,user:null
[09/06/23 21:43:42:135 UTC]  INFO util.SecurityLogger: class com.dotmarketing.portlets.workflows.business.WorkflowAPIImpl : The action id: '777f1c6b-c877-4a37-ba4b-10627316c2cc' has been saved by the user: system -- ip:ukn,user:null
[09/06/23 21:43:42:140 UTC]  INFO util.SecurityLogger: class com.dotmarketing.portlets.workflows.business.WorkflowAPIImpl : The action id: 'ceca71a0-deee-4999-bd47-b01baa1bcfc8' has been saved by the user: system -- ip:ukn,user:null
[09/06/23 21:43:42:144 UTC]  INFO util.SecurityLogger: class com.dotmarketing.portlets.workflows.business.WorkflowAPIImpl : The action id: '38efc763-d78f-4e4b-b092-59cd8c579b93' has been saved by the user: system -- ip:ukn,user:null
[09/06/23 21:43:42:149 UTC]  INFO util.SecurityLogger: class com.dotmarketing.portlets.workflows.business.WorkflowAPIImpl : The action id: '963f6a04-5320-42e7-ab74-6d876d199946' has been saved by the user: system -- ip:ukn,user:null
[09/06/23 21:43:42:153 UTC]  INFO util.SecurityLogger: class com.dotmarketing.portlets.workflows.business.WorkflowAPIImpl : The action id: 'b9d89c80-3d88-4311-8365-187323c96436' has been saved by the user: system -- ip:ukn,user:null
[09/06/23 21:43:42:157 UTC]  INFO util.SecurityLogger: class com.dotmarketing.portlets.workflows.business.WorkflowAPIImpl : The action id: '4da13a42-5d59-480c-ad8f-94a3adf809fe' has been saved by the user: system -- ip:ukn,user:null
[09/06/23 21:43:42:163 UTC]  INFO util.SecurityLogger: class com.dotmarketing.portlets.workflows.business.WorkflowAPIImpl : The action id: '963f6a04-5320-42e7-ab74-6d876d199946' has been saved by the user: system -- ip:ukn,user:null
[09/06/23 21:43:42:167 UTC]  INFO util.SecurityLogger: class com.dotmarketing.portlets.workflows.business.WorkflowAPIImpl : The action id: 'ceca71a0-deee-4999-bd47-b01baa1bcfc8' has been saved by the user: system -- ip:ukn,user:null
[09/06/23 21:43:42:171 UTC]  INFO util.SecurityLogger: class com.dotmarketing.portlets.workflows.business.WorkflowAPIImpl : The action id: '38efc763-d78f-4e4b-b092-59cd8c579b93' has been saved by the user: system -- ip:ukn,user:null
[09/06/23 21:43:42:175 UTC]  INFO util.SecurityLogger: class com.dotmarketing.portlets.workflows.business.WorkflowAPIImpl : The action id: '4da13a42-5d59-480c-ad8f-94a3adf809fe' has been saved by the user: system -- ip:ukn,user:null
[09/06/23 21:43:42:179 UTC]  INFO util.SecurityLogger: class com.dotmarketing.portlets.workflows.business.WorkflowAPIImpl : The action id: 'b9d89c80-3d88-4311-8365-187323c96436' has been saved by the user: system -- ip:ukn,user:null
[09/06/23 21:43:42:183 UTC]  INFO util.SecurityLogger: class com.dotmarketing.portlets.workflows.business.WorkflowAPIImpl : The action id: 'c92f9aa1-9503-4567-ac30-d3242b54d02d' has been saved by the user: system -- ip:ukn,user:null
[09/06/23 21:43:42:187 UTC]  INFO util.SecurityLogger: class com.dotmarketing.portlets.workflows.business.WorkflowAPIImpl : The action id: '777f1c6b-c877-4a37-ba4b-10627316c2cc' has been saved by the user: system -- ip:ukn,user:null
[09/06/23 21:43:42:191 UTC]  INFO util.SecurityLogger: class com.dotmarketing.portlets.workflows.business.WorkflowAPIImpl : The action id: '1e0f1c6b-b67f-4c99-983d-db2b4bfa88b2' has been saved by the user: system -- ip:ukn,user:null
[09/06/23 21:43:42:284 UTC]  INFO helper.SystemActionMappingsHandlerMerger: The mapping for systemAction: NEW, workflowAction: Optional[WorkflowAction [id=ceca71a0-deee-4999-bd47-b01baa1bcfc8, name=Save, stepId=null, nextStep=ee24a4cb-2d15-4c98-b1bd-6327126451f3]], and scheme: d61a59e1-a49c-46f2-a929-db2b4bfa88b2 has been saved
[09/06/23 21:43:42:286 UTC]  INFO helper.SystemActionMappingsHandlerMerger: The mapping for systemAction: EDIT, workflowAction: Optional[WorkflowAction [id=ceca71a0-deee-4999-bd47-b01baa1bcfc8, name=Save, stepId=null, nextStep=ee24a4cb-2d15-4c98-b1bd-6327126451f3]], and scheme: d61a59e1-a49c-46f2-a929-db2b4bfa88b2 has been saved
[09/06/23 21:43:42:289 UTC]  INFO helper.SystemActionMappingsHandlerMerger: The mapping for systemAction: UNPUBLISH, workflowAction: Optional[WorkflowAction [id=38efc763-d78f-4e4b-b092-59cd8c579b93, name=Unpublish, stepId=null, nextStep=ee24a4cb-2d15-4c98-b1bd-6327126451f3]], and scheme: d61a59e1-a49c-46f2-a929-db2b4bfa88b2 has been saved
[09/06/23 21:43:42:291 UTC]  INFO helper.SystemActionMappingsHandlerMerger: The mapping for systemAction: UNARCHIVE, workflowAction: Optional[WorkflowAction [id=c92f9aa1-9503-4567-ac30-d3242b54d02d, name=Unarchive, stepId=null, nextStep=ee24a4cb-2d15-4c98-b1bd-6327126451f3]], and scheme: d61a59e1-a49c-46f2-a929-db2b4bfa88b2 has been saved
[09/06/23 21:43:42:293 UTC]  INFO helper.SystemActionMappingsHandlerMerger: The mapping for systemAction: PUBLISH, workflowAction: Optional[WorkflowAction [id=b9d89c80-3d88-4311-8365-187323c96436, name=Publish, stepId=null, nextStep=dc3c9cd0-8467-404b-bf95-cb7df3fbc293]], and scheme: d61a59e1-a49c-46f2-a929-db2b4bfa88b2 has been saved
[09/06/23 21:43:42:295 UTC]  INFO helper.SystemActionMappingsHandlerMerger: The mapping for systemAction: ARCHIVE, workflowAction: Optional[WorkflowAction [id=4da13a42-5d59-480c-ad8f-94a3adf809fe, name=Archive, stepId=null, nextStep=d6b095b6-b65f-4bdb-bbfd-701d663dfee2]], and scheme: d61a59e1-a49c-46f2-a929-db2b4bfa88b2 has been saved
[09/06/23 21:43:42:298 UTC]  INFO helper.SystemActionMappingsHandlerMerger: The mapping for systemAction: DESTROY, workflowAction: Optional[WorkflowAction [id=1e0f1c6b-b67f-4c99-983d-db2b4bfa88b2, name=Destroy, stepId=null, nextStep=d6b095b6-b65f-4bdb-bbfd-701d663dfee2]], and scheme: d61a59e1-a49c-46f2-a929-db2b4bfa88b2 has been saved
[09/06/23 21:43:42:300 UTC]  INFO helper.SystemActionMappingsHandlerMerger: The mapping for systemAction: DELETE, workflowAction: Optional[WorkflowAction [id=777f1c6b-c877-4a37-ba4b-10627316c2cc, name=Delete, stepId=null, nextStep=d6b095b6-b65f-4bdb-bbfd-701d663dfee2]], and scheme: d61a59e1-a49c-46f2-a929-db2b4bfa88b2 has been saved
[09/06/23 21:43:42:300 UTC]  INFO util.PushPublishLogger: class com.dotcms.enterprise.publishing.remote.handler.WorkflowHandler : [BundleID: 01H2H1TGN15NZ3NXZKWDDPTZHN.tar.gz] Workflow publish success, ID: d61a59e1-a49c-46f2-a929-db2b4bfa88b2, Name: System Workflow
[09/06/23 21:43:42:317 UTC]  INFO util.ActivityLogger: class com.dotcms.contenttype.business.ContentTypeAPIImpl: system : Save ContentType Action , User system/system user system user added ContentType type_2 to host id:48190c8c-42c4-46af-8d1a-0cd5db894797
[09/06/23 21:43:42:317 UTC]  INFO business.ContentTypeAPIImpl: UserId : system : ContentType : ContentType saved : type_2
[09/06/23 21:43:42:317 UTC]  INFO util.AdminLogger: UserId : system : class com.dotcms.contenttype.business.ContentTypeAPIImpl : ContentType : ContentType saved : type_2
[09/06/23 21:43:42:318 UTC]  INFO business.FieldAPIImpl: No changes made to field: fields0, returning
[09/06/23 21:43:42:319 UTC]  INFO business.FieldAPIImpl: No changes made to field: fields1, returning
[09/06/23 21:43:42:319 UTC]  INFO business.FieldAPIImpl: No changes made to field: text1, returning
[09/06/23 21:43:42:320 UTC]  INFO util.PushPublishLogger: class com.dotcms.enterprise.publishing.remote.handler.ContentTypeHandler : [BundleID: 01H2H1TGN15NZ3NXZKWDDPTZHN.tar.gz] Content Type publish success, ID: ea533f67-4883-42bb-9701-83293e7313e5, Name: type_2
[09/06/23 21:43:42:320 UTC]  INFO util.SecurityLogger: class com.dotmarketing.portlets.workflows.business.WorkflowAPIImpl : Saving schemes [ [WorkflowScheme [id=d61a59e1-a49c-46f2-a929-db2b4bfa88b2, name=System Workflow, archived=false, mandatory=false]] ] for Content Type [ com.dotmarketing.portlets.structure.model.Structure@7246215f[name=type_2,description=<null>,defaultStructure=false,reviewInterval=<null>,reviewerRole=<null>,pagedetail=<null>,structureType=1,fixed=false,system=false,velocityVarName=Type2,urlMapPattern=<null>,host=48190c8c-42c4-46af-8d1a-0cd5db894797,folder=SYSTEM_FOLDER,publishDateVar=<null>,expireDateVar=<null>,modDate=Fri Jun 09 21:43:42 UTC 2023,icon=event_note,sortOrder=0,iDate=Thu Oct 08 17:32:19 UTC 2020,type=structure,owner=<null>,inode=ea533f67-4883-42bb-9701-83293e7313e5,identifier=ea533f67-4883-42bb-9701-83293e7313e5] ] -- ip:ukn,user:null
[09/06/23 21:43:42:331 UTC]  INFO util.PushPublishLogger: class com.dotcms.enterprise.publishing.remote.handler.LanguageVariablesHandler : [BundleID: 01H2H1TGN15NZ3NXZKWDDPTZHN.tar.gz] Language File publish success, Name: cms_language_en.properties
[09/06/23 21:43:42:331 UTC]  INFO util.PushPublishLogger: class com.dotcms.enterprise.publishing.remote.handler.LanguageVariablesHandler : [BundleID: 01H2H1TGN15NZ3NXZKWDDPTZHN.tar.gz] Language File publish success, Name: cms_language_en_US.properties
[09/06/23 21:43:42:331 UTC]  INFO util.PushPublishLogger: class com.dotcms.enterprise.publishing.remote.handler.LanguageVariablesHandler : [BundleID: 01H2H1TGN15NZ3NXZKWDDPTZHN.tar.gz] Language File publish success, Name: cms_language_es.properties
[09/06/23 21:43:42:331 UTC]  INFO util.PushPublishLogger: class com.dotcms.enterprise.publishing.remote.handler.LanguageVariablesHandler : [BundleID: 01H2H1TGN15NZ3NXZKWDDPTZHN.tar.gz] Language File publish success, Name: cms_language_es_ES.properties
[09/06/23 21:43:42:331 UTC]  INFO util.PushPublishLogger: class com.dotcms.enterprise.publishing.remote.handler.LanguageVariablesHandler : [BundleID: 01H2H1TGN15NZ3NXZKWDDPTZHN.tar.gz] Language File publish success, Name: cms_language_fr.properties
[09/06/23 21:43:42:332 UTC]  INFO util.PushPublishLogger: class com.dotcms.enterprise.publishing.remote.handler.LanguageVariablesHandler : [BundleID: 01H2H1TGN15NZ3NXZKWDDPTZHN.tar.gz] Language File publish success, Name: cms_language_fr_FR.properties
[09/06/23 21:43:42:332 UTC]  INFO util.PushPublishLogger: class com.dotcms.enterprise.publishing.remote.handler.LanguageVariablesHandler : [BundleID: 01H2H1TGN15NZ3NXZKWDDPTZHN.tar.gz] Language File publish success, Name: cms_language_zh.properties
[09/06/23 21:43:42:332 UTC]  INFO util.PushPublishLogger: class com.dotcms.enterprise.publishing.remote.handler.LanguageVariablesHandler : [BundleID: 01H2H1TGN15NZ3NXZKWDDPTZHN.tar.gz] Language File publish success, Name: cms_language_zh_CN.properties
[09/06/23 21:43:42:721 UTC]  INFO reindex.ReindexThread: --- Unpausing reindex thread 
[09/06/23 21:43:47:721 UTC]  INFO concurrent.Debouncer: Debouncing : invalidateGraphSchema after 5000 MILLISECONDS
[09/06/23 21:43:48:022 UTC]  INFO util.SecurityLogger: class com.dotmarketing.cms.login.factories.LoginFactory : User admin@dotcms.com has sucessfully logged in from IP: 172.19.0.1 -- ip:172.19.0.1,user:Admin User [ID: dotcms.org.1][email:admin@dotcms.com]
[09/06/23 21:43:48:734 UTC]  INFO util.PushPublishLogger: class com.dotcms.rest.PushPublisherJob : [BundleID: 01H2H1TGN15NZ3NXZKWDDPTZHN.tar.gz] Finished bundle publish process
[09/06/23 21:43:48:735 UTC]  INFO rest.PushPublisherJob: Finished bundle publish process
[09/06/23 21:43:49:009 UTC]  WARN struts.MultiMessageResources: Duplicate resource property definition (key=was ==> is now): contenttypes.content.copy=Copy ==> Copy
[09/06/23 21:43:49:018 UTC]  WARN struts.MultiMessageResources: Duplicate resource property definition (key=was ==> is now): message.category.import=Importing Categories.  This operation cannot be cancelled or undone. ==> IMPORT
[09/06/23 21:43:49:018 UTC]  WARN struts.MultiMessageResources: Duplicate resource property definition (key=was ==> is now): message.containers.create.content_type_code=Content Type Code ==> Content Type Code
[09/06/23 21:43:49:020 UTC]  WARN struts.MultiMessageResources: Duplicate resource property definition (key=was ==> is now): Save=Save ==> Save
[09/06/23 21:43:49:021 UTC]  WARN struts.MultiMessageResources: Duplicate resource property definition (key=was ==> is now): Move=Move ==> Move
[09/06/23 21:43:49:022 UTC]  WARN struts.MultiMessageResources: Duplicate resource property definition (key=was ==> is now): archived=archived ==> Archived
[09/06/23 21:43:52:203 UTC]  INFO util.SecurityLogger: class com.dotmarketing.cms.login.factories.LoginFactory : User admin@dotcms.com has sucessfully logged in from IP: 172.19.0.1 -- ip:172.19.0.1,user:Admin User [ID: dotcms.org.1][email:admin@dotcms.com]
[09/06/23 21:43:52:214 UTC]  INFO rest.BundleResource: Deleting all bundles by the user: dotcms.org.1
[09/06/23 21:43:52:217 UTC]  INFO business.BundleAPIImpl: Deleting all bundles with statuses: [BUNDLE_REQUESTED, BUNDLING, SENDING_TO_ENDPOINTS, FAILED_TO_SEND_TO_ALL_GROUPS, FAILED_TO_SEND_TO_SOME_GROUPS, FAILED_TO_BUNDLE, FAILED_TO_SENT, FAILED_TO_PUBLISH, SUCCESS, BUNDLE_SENT_SUCCESSFULLY, RECEIVED_BUNDLE, PUBLISHING_BUNDLE, WAITING_FOR_PUBLISHING, BUNDLE_SAVED_SUCCESSFULLY, INVALID_TOKEN, LICENSE_REQUIRED, SUCCESS_WITH_WARNINGS, FAILED_INTEGRITY_CHECK]by the user: dotcms.org.1
[09/06/23 21:43:52:226 UTC]  INFO business.BundleAPIImpl: Removing bundle: 01H2H1TGN15NZ3NXZKWDDPTZHN and dependencies by: dotcms.org.1
[09/06/23 21:43:52:227 UTC]  INFO business.BundleAPIImpl: Removing audit status for a bundle: 01H2H1TGN15NZ3NXZKWDDPTZHN
[09/06/23 21:43:52:234 UTC]  INFO business.PublishAuditAPIImpl: Deleting the bundle: 01H2H1TGN15NZ3NXZKWDDPTZHN
[09/06/23 21:43:52:235 UTC]  INFO business.BundleAPIImpl: Removing all assets from bundle: 01H2H1TGN15NZ3NXZKWDDPTZHN
[09/06/23 21:43:52:235 UTC]  INFO business.BundleAPIImpl: Removing environments from bundle: 01H2H1TGN15NZ3NXZKWDDPTZHN
[09/06/23 21:43:52:236 UTC]  INFO business.BundleAPIImpl: Removing bundle: 01H2H1TGN15NZ3NXZKWDDPTZHN
[09/06/23 21:43:52:263 UTC]  INFO business.BundleAPIImpl: Deleted 1 bundles, failed 0 bundles
[09/06/23 21:43:54:331 UTC]  INFO delegate.SystemEventsJobDelegate: The event: 44542fab-815a-489e-aee3-a0a79cafc2b4, has been skipped on the server: 272a7c7c-f68a-4fd8-ba3f-5b95f5469ac7
[09/06/23 21:43:54:331 UTC]  INFO delegate.SystemEventsJobDelegate: The event: 7b7b027b-650e-4db9-9269-e43b80cd01a3, has been skipped on the server: 272a7c7c-f68a-4fd8-ba3f-5b95f5469ac7
[09/06/23 21:43:55:295 UTC]  INFO util.SecurityLogger: class com.dotmarketing.cms.login.factories.LoginFactory : User admin@dotcms.com has sucessfully logged in from IP: 172.19.0.1 -- ip:172.19.0.1,user:Admin User [ID: dotcms.org.1][email:admin@dotcms.com]
[09/06/23 21:43:55:314 UTC]  WARN business.PermissionCacheImpl:  !!! Putting an empty list of permissions in the cache for asset:5b34a55f-89fb-43be-a0d3-aae775d3e7e1. Every asset should have at least 1 permission (or inherited permission) associated with it
[09/06/23 21:44:00:091 UTC]  INFO apps.SecretsKeyStoreHelper: KeyStore loaded successfully after `1` tries.
[09/06/23 21:44:01:402 UTC]  INFO util.SecurityLogger: class com.dotmarketing.cms.login.factories.LoginFactory : User admin@dotcms.com has sucessfully logged in from IP: 172.19.0.1 -- ip:172.19.0.1,user:Admin User [ID: dotcms.org.1][email:admin@dotcms.com]
[09/06/23 21:44:04:410 UTC]  INFO ajax.PublishingEndpointAjaxAction: receiver ; 07fe1eed-bd8c-476a-8bd6-31396f8e8918
[09/06/23 21:44:07:477 UTC]  INFO util.SecurityLogger: class com.dotmarketing.cms.login.factories.LoginFactory : User admin@dotcms.com has sucessfully logged in from IP: 172.19.0.1 -- ip:172.19.0.1,user:Admin User [ID: dotcms.org.1][email:admin@dotcms.com]
[09/06/23 21:44:07:483 UTC]  INFO util.PushPublishLogger: class com.dotcms.publisher.business.PublishAuditStatus : Status Update: Pending.
[09/06/23 21:44:07:491 UTC]  INFO rest.PushPublisherJob: Started bundle publish process
[09/06/23 21:44:07:491 UTC]  INFO util.PushPublishLogger: class com.dotcms.rest.PushPublisherJob : [BundleID: content_type_and_content_demo.tar.gz] Started bundle publish process
[09/06/23 21:44:07:588 UTC]  INFO util.ActivityLogger: class com.dotcms.content.elasticsearch.business.ESContentletAPIImpl: System Host : Saving Content , StartDate: N/D; EndDate: N/D; User:system; ContentIdentifier: 48190c8c-42c4-46af-8d1a-0cd5db894797
[09/06/23 21:44:07:615 UTC]  INFO timedcache.TimedCacheProvider: ***	 Building Cache : esquerycountcache, size:10000, seconds:3600,Concurrency:32 (every 60000 millis)
[09/06/23 21:44:07:631 UTC]  INFO business.ContentletIndexAPIImpl: Indexing: 48190c8c-42c4-46af-8d1a-0cd5db894797 : demo.dotcms.com, includeDependencies: true, policy: FORCE
[09/06/23 21:44:07:739 UTC]  INFO util.ActivityLogger: class com.dotcms.content.elasticsearch.business.ESContentletAPIImpl: System Host : Content Saved , StartDate: N/D; EndDate: N/D; User:system; ContentIdentifier: 48190c8c-42c4-46af-8d1a-0cd5db894797
[09/06/23 21:44:07:746 UTC]  INFO business.ContentletIndexAPIImpl: Indexing: 48190c8c-42c4-46af-8d1a-0cd5db894797 : demo.dotcms.com, includeDependencies: false, policy: FORCE
[09/06/23 21:44:07:748 UTC]  INFO util.PushPublishLogger: class com.dotcms.enterprise.publishing.remote.handler.ContentHandler : [BundleID: content_type_and_content_demo.tar.gz] Host publish success, ID: 48190c8c-42c4-46af-8d1a-0cd5db894797, Inode: 6e8aca39-937c-437e-91d8-d46b631bdcc8, Name: demo.dotcms.com
[09/06/23 21:44:07:777 UTC]  INFO business.ContentletIndexAPIImpl: Indexing: 48190c8c-42c4-46af-8d1a-0cd5db894797 : demo.dotcms.com, includeDependencies: true, policy: FORCE
[09/06/23 21:44:07:804 UTC]  INFO util.SecurityLogger: class com.dotmarketing.portlets.workflows.business.WorkflowAPIImpl : Workflow Scheme 'System Workflow' [d61a59e1-a49c-46f2-a929-db2b4bfa88b2] has been saved by User ID 'system' -- ip:172.19.0.1,user:Admin User [ID: dotcms.org.1][email:admin@dotcms.com]
[09/06/23 21:44:07:811 UTC]  INFO util.SecurityLogger: class com.dotmarketing.portlets.workflows.business.WorkflowAPIImpl : Workflow Step 'New' [6cb7e3bd-1710-4eed-8838-d3db60f78f19] has been saved by User ID 'system' -- ip:172.19.0.1,user:Admin User [ID: dotcms.org.1][email:admin@dotcms.com]
[09/06/23 21:44:07:815 UTC]  INFO util.SecurityLogger: class com.dotmarketing.portlets.workflows.business.WorkflowAPIImpl : Workflow Step 'Draft' [ee24a4cb-2d15-4c98-b1bd-6327126451f3] has been saved by User ID 'system' -- ip:172.19.0.1,user:Admin User [ID: dotcms.org.1][email:admin@dotcms.com]
[09/06/23 21:44:07:820 UTC]  INFO util.SecurityLogger: class com.dotmarketing.portlets.workflows.business.WorkflowAPIImpl : Workflow Step 'Published' [dc3c9cd0-8467-404b-bf95-cb7df3fbc293] has been saved by User ID 'system' -- ip:172.19.0.1,user:Admin User [ID: dotcms.org.1][email:admin@dotcms.com]
[09/06/23 21:44:07:825 UTC]  INFO util.SecurityLogger: class com.dotmarketing.portlets.workflows.business.WorkflowAPIImpl : Workflow Step 'Archived' [d6b095b6-b65f-4bdb-bbfd-701d663dfee2] has been saved by User ID 'system' -- ip:172.19.0.1,user:Admin User [ID: dotcms.org.1][email:admin@dotcms.com]
[09/06/23 21:44:07:832 UTC]  INFO util.SecurityLogger: class com.dotmarketing.portlets.workflows.business.WorkflowAPIImpl : Action id: '4da13a42-5d59-480c-ad8f-94a3adf809fe' has been reordered by user: system -- ip:172.19.0.1,user:Admin User [ID: dotcms.org.1][email:admin@dotcms.com]
[09/06/23 21:44:07:836 UTC]  WARN business.PermissionCacheImpl:  !!! Putting an empty list of permissions in the cache for asset:4da13a42-5d59-480c-ad8f-94a3adf809fe. Every asset should have at least 1 permission (or inherited permission) associated with it
[09/06/23 21:44:07:846 UTC]  INFO util.SecurityLogger: class com.dotmarketing.portlets.workflows.business.WorkflowAPIImpl : Action id: '963f6a04-5320-42e7-ab74-6d876d199946' has been reordered by user: system -- ip:172.19.0.1,user:Admin User [ID: dotcms.org.1][email:admin@dotcms.com]
[09/06/23 21:44:07:850 UTC]  WARN business.PermissionCacheImpl:  !!! Putting an empty list of permissions in the cache for asset:963f6a04-5320-42e7-ab74-6d876d199946. Every asset should have at least 1 permission (or inherited permission) associated with it
[09/06/23 21:44:07:858 UTC]  INFO util.SecurityLogger: class com.dotmarketing.portlets.workflows.business.WorkflowAPIImpl : Action id: '777f1c6b-c877-4a37-ba4b-10627316c2cc' has been reordered by user: system -- ip:172.19.0.1,user:Admin User [ID: dotcms.org.1][email:admin@dotcms.com]
[09/06/23 21:44:07:861 UTC]  WARN business.PermissionCacheImpl:  !!! Putting an empty list of permissions in the cache for asset:777f1c6b-c877-4a37-ba4b-10627316c2cc. Every asset should have at least 1 permission (or inherited permission) associated with it
[09/06/23 21:44:07:869 UTC]  INFO util.SecurityLogger: class com.dotmarketing.portlets.workflows.business.WorkflowAPIImpl : Action id: '1e0f1c6b-b67f-4c99-983d-db2b4bfa88b2' has been reordered by user: system -- ip:172.19.0.1,user:Admin User [ID: dotcms.org.1][email:admin@dotcms.com]
[09/06/23 21:44:07:872 UTC]  WARN business.PermissionCacheImpl:  !!! Putting an empty list of permissions in the cache for asset:1e0f1c6b-b67f-4c99-983d-db2b4bfa88b2. Every asset should have at least 1 permission (or inherited permission) associated with it
[09/06/23 21:44:07:881 UTC]  INFO util.SecurityLogger: class com.dotmarketing.portlets.workflows.business.WorkflowAPIImpl : Action id: 'b9d89c80-3d88-4311-8365-187323c96436' has been reordered by user: system -- ip:172.19.0.1,user:Admin User [ID: dotcms.org.1][email:admin@dotcms.com]
[09/06/23 21:44:07:883 UTC]  WARN business.PermissionCacheImpl:  !!! Putting an empty list of permissions in the cache for asset:b9d89c80-3d88-4311-8365-187323c96436. Every asset should have at least 1 permission (or inherited permission) associated with it
[09/06/23 21:44:07:892 UTC]  INFO util.SecurityLogger: class com.dotmarketing.portlets.workflows.business.WorkflowAPIImpl : Action id: 'ceca71a0-deee-4999-bd47-b01baa1bcfc8' has been reordered by user: system -- ip:172.19.0.1,user:Admin User [ID: dotcms.org.1][email:admin@dotcms.com]
[09/06/23 21:44:07:894 UTC]  WARN business.PermissionCacheImpl:  !!! Putting an empty list of permissions in the cache for asset:ceca71a0-deee-4999-bd47-b01baa1bcfc8. Every asset should have at least 1 permission (or inherited permission) associated with it
[09/06/23 21:44:07:902 UTC]  INFO util.SecurityLogger: class com.dotmarketing.portlets.workflows.business.WorkflowAPIImpl : Action id: 'c92f9aa1-9503-4567-ac30-d3242b54d02d' has been reordered by user: system -- ip:172.19.0.1,user:Admin User [ID: dotcms.org.1][email:admin@dotcms.com]
[09/06/23 21:44:07:904 UTC]  WARN business.PermissionCacheImpl:  !!! Putting an empty list of permissions in the cache for asset:c92f9aa1-9503-4567-ac30-d3242b54d02d. Every asset should have at least 1 permission (or inherited permission) associated with it
[09/06/23 21:44:07:912 UTC]  INFO util.SecurityLogger: class com.dotmarketing.portlets.workflows.business.WorkflowAPIImpl : Action id: '38efc763-d78f-4e4b-b092-59cd8c579b93' has been reordered by user: system -- ip:172.19.0.1,user:Admin User [ID: dotcms.org.1][email:admin@dotcms.com]
[09/06/23 21:44:07:914 UTC]  WARN business.PermissionCacheImpl:  !!! Putting an empty list of permissions in the cache for asset:38efc763-d78f-4e4b-b092-59cd8c579b93. Every asset should have at least 1 permission (or inherited permission) associated with it
[09/06/23 21:44:07:924 UTC]  INFO util.SecurityLogger: class com.dotmarketing.portlets.workflows.business.WorkflowAPIImpl : The action id: 'ceca71a0-deee-4999-bd47-b01baa1bcfc8' has been saved by the user: system -- ip:172.19.0.1,user:Admin User [ID: dotcms.org.1][email:admin@dotcms.com]
[09/06/23 21:44:07:931 UTC]  INFO util.SecurityLogger: class com.dotmarketing.portlets.workflows.business.WorkflowAPIImpl : The action id: 'b9d89c80-3d88-4311-8365-187323c96436' has been saved by the user: system -- ip:172.19.0.1,user:Admin User [ID: dotcms.org.1][email:admin@dotcms.com]
[09/06/23 21:44:07:937 UTC]  INFO util.SecurityLogger: class com.dotmarketing.portlets.workflows.business.WorkflowAPIImpl : The action id: '777f1c6b-c877-4a37-ba4b-10627316c2cc' has been saved by the user: system -- ip:172.19.0.1,user:Admin User [ID: dotcms.org.1][email:admin@dotcms.com]
[09/06/23 21:44:07:945 UTC]  INFO util.SecurityLogger: class com.dotmarketing.portlets.workflows.business.WorkflowAPIImpl : The action id: 'ceca71a0-deee-4999-bd47-b01baa1bcfc8' has been saved by the user: system -- ip:172.19.0.1,user:Admin User [ID: dotcms.org.1][email:admin@dotcms.com]
[09/06/23 21:44:07:952 UTC]  INFO util.SecurityLogger: class com.dotmarketing.portlets.workflows.business.WorkflowAPIImpl : The action id: '38efc763-d78f-4e4b-b092-59cd8c579b93' has been saved by the user: system -- ip:172.19.0.1,user:Admin User [ID: dotcms.org.1][email:admin@dotcms.com]
[09/06/23 21:44:07:959 UTC]  INFO util.SecurityLogger: class com.dotmarketing.portlets.workflows.business.WorkflowAPIImpl : The action id: '963f6a04-5320-42e7-ab74-6d876d199946' has been saved by the user: system -- ip:172.19.0.1,user:Admin User [ID: dotcms.org.1][email:admin@dotcms.com]
[09/06/23 21:44:07:965 UTC]  INFO util.SecurityLogger: class com.dotmarketing.portlets.workflows.business.WorkflowAPIImpl : The action id: 'b9d89c80-3d88-4311-8365-187323c96436' has been saved by the user: system -- ip:172.19.0.1,user:Admin User [ID: dotcms.org.1][email:admin@dotcms.com]
[09/06/23 21:44:07:972 UTC]  INFO util.SecurityLogger: class com.dotmarketing.portlets.workflows.business.WorkflowAPIImpl : The action id: '4da13a42-5d59-480c-ad8f-94a3adf809fe' has been saved by the user: system -- ip:172.19.0.1,user:Admin User [ID: dotcms.org.1][email:admin@dotcms.com]
[09/06/23 21:44:07:980 UTC]  INFO util.SecurityLogger: class com.dotmarketing.portlets.workflows.business.WorkflowAPIImpl : The action id: '963f6a04-5320-42e7-ab74-6d876d199946' has been saved by the user: system -- ip:172.19.0.1,user:Admin User [ID: dotcms.org.1][email:admin@dotcms.com]
[09/06/23 21:44:07:987 UTC]  INFO util.SecurityLogger: class com.dotmarketing.portlets.workflows.business.WorkflowAPIImpl : The action id: 'ceca71a0-deee-4999-bd47-b01baa1bcfc8' has been saved by the user: system -- ip:172.19.0.1,user:Admin User [ID: dotcms.org.1][email:admin@dotcms.com]
[09/06/23 21:44:07:993 UTC]  INFO util.SecurityLogger: class com.dotmarketing.portlets.workflows.business.WorkflowAPIImpl : The action id: '38efc763-d78f-4e4b-b092-59cd8c579b93' has been saved by the user: system -- ip:172.19.0.1,user:Admin User [ID: dotcms.org.1][email:admin@dotcms.com]
[09/06/23 21:44:08:000 UTC]  INFO util.SecurityLogger: class com.dotmarketing.portlets.workflows.business.WorkflowAPIImpl : The action id: '4da13a42-5d59-480c-ad8f-94a3adf809fe' has been saved by the user: system -- ip:172.19.0.1,user:Admin User [ID: dotcms.org.1][email:admin@dotcms.com]
[09/06/23 21:44:08:006 UTC]  INFO util.SecurityLogger: class com.dotmarketing.portlets.workflows.business.WorkflowAPIImpl : The action id: 'b9d89c80-3d88-4311-8365-187323c96436' has been saved by the user: system -- ip:172.19.0.1,user:Admin User [ID: dotcms.org.1][email:admin@dotcms.com]
[09/06/23 21:44:08:014 UTC]  INFO util.SecurityLogger: class com.dotmarketing.portlets.workflows.business.WorkflowAPIImpl : The action id: 'c92f9aa1-9503-4567-ac30-d3242b54d02d' has been saved by the user: system -- ip:172.19.0.1,user:Admin User [ID: dotcms.org.1][email:admin@dotcms.com]
[09/06/23 21:44:08:020 UTC]  INFO util.SecurityLogger: class com.dotmarketing.portlets.workflows.business.WorkflowAPIImpl : The action id: '777f1c6b-c877-4a37-ba4b-10627316c2cc' has been saved by the user: system -- ip:172.19.0.1,user:Admin User [ID: dotcms.org.1][email:admin@dotcms.com]
[09/06/23 21:44:08:027 UTC]  INFO util.SecurityLogger: class com.dotmarketing.portlets.workflows.business.WorkflowAPIImpl : The action id: '1e0f1c6b-b67f-4c99-983d-db2b4bfa88b2' has been saved by the user: system -- ip:172.19.0.1,user:Admin User [ID: dotcms.org.1][email:admin@dotcms.com]
[09/06/23 21:44:08:151 UTC]  INFO helper.SystemActionMappingsHandlerMerger: The mapping for systemAction: NEW, workflowAction: Optional[WorkflowAction [id=ceca71a0-deee-4999-bd47-b01baa1bcfc8, name=Save, stepId=null, nextStep=ee24a4cb-2d15-4c98-b1bd-6327126451f3]], and scheme: d61a59e1-a49c-46f2-a929-db2b4bfa88b2 has been saved
[09/06/23 21:44:08:156 UTC]  INFO helper.SystemActionMappingsHandlerMerger: The mapping for systemAction: EDIT, workflowAction: Optional[WorkflowAction [id=ceca71a0-deee-4999-bd47-b01baa1bcfc8, name=Save, stepId=null, nextStep=ee24a4cb-2d15-4c98-b1bd-6327126451f3]], and scheme: d61a59e1-a49c-46f2-a929-db2b4bfa88b2 has been saved
[09/06/23 21:44:08:159 UTC]  INFO helper.SystemActionMappingsHandlerMerger: The mapping for systemAction: UNPUBLISH, workflowAction: Optional[WorkflowAction [id=38efc763-d78f-4e4b-b092-59cd8c579b93, name=Unpublish, stepId=null, nextStep=ee24a4cb-2d15-4c98-b1bd-6327126451f3]], and scheme: d61a59e1-a49c-46f2-a929-db2b4bfa88b2 has been saved
[09/06/23 21:44:08:163 UTC]  INFO helper.SystemActionMappingsHandlerMerger: The mapping for systemAction: UNARCHIVE, workflowAction: Optional[WorkflowAction [id=c92f9aa1-9503-4567-ac30-d3242b54d02d, name=Unarchive, stepId=null, nextStep=ee24a4cb-2d15-4c98-b1bd-6327126451f3]], and scheme: d61a59e1-a49c-46f2-a929-db2b4bfa88b2 has been saved
[09/06/23 21:44:08:167 UTC]  INFO helper.SystemActionMappingsHandlerMerger: The mapping for systemAction: PUBLISH, workflowAction: Optional[WorkflowAction [id=b9d89c80-3d88-4311-8365-187323c96436, name=Publish, stepId=null, nextStep=dc3c9cd0-8467-404b-bf95-cb7df3fbc293]], and scheme: d61a59e1-a49c-46f2-a929-db2b4bfa88b2 has been saved
[09/06/23 21:44:08:171 UTC]  INFO helper.SystemActionMappingsHandlerMerger: The mapping for systemAction: ARCHIVE, workflowAction: Optional[WorkflowAction [id=4da13a42-5d59-480c-ad8f-94a3adf809fe, name=Archive, stepId=null, nextStep=d6b095b6-b65f-4bdb-bbfd-701d663dfee2]], and scheme: d61a59e1-a49c-46f2-a929-db2b4bfa88b2 has been saved
[09/06/23 21:44:08:174 UTC]  INFO helper.SystemActionMappingsHandlerMerger: The mapping for systemAction: DESTROY, workflowAction: Optional[WorkflowAction [id=1e0f1c6b-b67f-4c99-983d-db2b4bfa88b2, name=Destroy, stepId=null, nextStep=d6b095b6-b65f-4bdb-bbfd-701d663dfee2]], and scheme: d61a59e1-a49c-46f2-a929-db2b4bfa88b2 has been saved
[09/06/23 21:44:08:178 UTC]  INFO helper.SystemActionMappingsHandlerMerger: The mapping for systemAction: DELETE, workflowAction: Optional[WorkflowAction [id=777f1c6b-c877-4a37-ba4b-10627316c2cc, name=Delete, stepId=null, nextStep=d6b095b6-b65f-4bdb-bbfd-701d663dfee2]], and scheme: d61a59e1-a49c-46f2-a929-db2b4bfa88b2 has been saved
[09/06/23 21:44:08:179 UTC]  INFO util.PushPublishLogger: class com.dotcms.enterprise.publishing.remote.handler.WorkflowHandler : [BundleID: content_type_and_content_demo.tar.gz] Workflow publish success, ID: d61a59e1-a49c-46f2-a929-db2b4bfa88b2, Name: System Workflow
[09/06/23 21:44:08:216 UTC]  INFO util.ActivityLogger: class com.dotcms.contenttype.business.ContentTypeAPIImpl: system : Save ContentType Action , User system/system user system user added ContentType Host to host id:SYSTEM_HOST
[09/06/23 21:44:08:217 UTC]  INFO business.ContentTypeAPIImpl: UserId : system : ContentType : ContentType saved : Host
[09/06/23 21:44:08:218 UTC]  INFO util.AdminLogger: UserId : system : class com.dotcms.contenttype.business.ContentTypeAPIImpl : ContentType : ContentType saved : Host
[09/06/23 21:44:08:220 UTC]  INFO business.FieldAPIImpl: No changes made to field: fields0, returning
[09/06/23 21:44:08:222 UTC]  INFO business.FieldAPIImpl: No changes made to field: fields1, returning
[09/06/23 21:44:08:224 UTC]  INFO business.FieldAPIImpl: No changes made to field: hostName, returning
[09/06/23 21:44:08:226 UTC]  INFO business.FieldAPIImpl: No changes made to field: aliases, returning
[09/06/23 21:44:08:227 UTC]  INFO business.FieldAPIImpl: No changes made to field: isDefault, returning
[09/06/23 21:44:08:229 UTC]  INFO business.FieldAPIImpl: No changes made to field: tagStorage, returning
[09/06/23 21:44:08:253 UTC]  INFO util.ActivityLogger: class com.dotmarketing.util.ActivityLogger: system : Update Field Action , User system/system user modified field Host Thumbnail to Host Structure.
[09/06/23 21:44:08:263 UTC]  INFO business.FieldAPIImpl: No changes made to field: isSystemHost, returning
[09/06/23 21:44:08:265 UTC]  INFO business.FieldAPIImpl: No changes made to field: runDashboard, returning
[09/06/23 21:44:08:267 UTC]  INFO business.FieldAPIImpl: No changes made to field: metaData, returning
[09/06/23 21:44:08:269 UTC]  INFO business.FieldAPIImpl: No changes made to field: keywords, returning
[09/06/23 21:44:08:270 UTC]  INFO business.FieldAPIImpl: No changes made to field: description, returning
[09/06/23 21:44:08:272 UTC]  INFO business.FieldAPIImpl: No changes made to field: siteKeys, returning
[09/06/23 21:44:08:273 UTC]  INFO business.FieldAPIImpl: No changes made to field: googleMap, returning
[09/06/23 21:44:08:275 UTC]  INFO business.FieldAPIImpl: No changes made to field: googleAnalytics, returning
[09/06/23 21:44:08:276 UTC]  INFO business.FieldAPIImpl: No changes made to field: addThis, returning
[09/06/23 21:44:08:278 UTC]  INFO business.FieldAPIImpl: No changes made to field: proxyEditModeUrl, returning
[09/06/23 21:44:08:279 UTC]  INFO business.FieldAPIImpl: No changes made to field: embeddedDashboard, returning
[09/06/23 21:44:08:280 UTC]  INFO util.PushPublishLogger: class com.dotcms.enterprise.publishing.remote.handler.ContentTypeHandler : [BundleID: content_type_and_content_demo.tar.gz] Content Type publish success, ID: 855a2d72-f2f3-4169-8b04-ac5157c4380c, Name: Host
[09/06/23 21:44:08:282 UTC]  INFO util.SecurityLogger: class com.dotmarketing.portlets.workflows.business.WorkflowAPIImpl : Saving schemes [ [WorkflowScheme [id=d61a59e1-a49c-46f2-a929-db2b4bfa88b2, name=System Workflow, archived=false, mandatory=false]] ] for Content Type [ com.dotmarketing.portlets.structure.model.Structure@3312f5ea[name=Host,description=System hosts information,defaultStructure=false,reviewInterval=<null>,reviewerRole=<null>,pagedetail=<null>,structureType=1,fixed=true,system=true,velocityVarName=Host,urlMapPattern=<null>,host=SYSTEM_HOST,folder=SYSTEM_FOLDER,publishDateVar=<null>,expireDateVar=<null>,modDate=Fri Jun 09 21:44:08 UTC 2023,icon=event_note,sortOrder=0,iDate=Mon Mar 28 15:10:14 UTC 2016,type=structure,owner=<null>,inode=855a2d72-f2f3-4169-8b04-ac5157c4380c,identifier=855a2d72-f2f3-4169-8b04-ac5157c4380c] ] -- ip:172.19.0.1,user:Admin User [ID: dotcms.org.1][email:admin@dotcms.com]
[09/06/23 21:44:08:303 UTC]  INFO util.ActivityLogger: class com.dotcms.contenttype.business.ContentTypeAPIImpl: system : Save ContentType Action , User system/system user system user added ContentType type_2 to host id:48190c8c-42c4-46af-8d1a-0cd5db894797
[09/06/23 21:44:08:304 UTC]  INFO business.ContentTypeAPIImpl: UserId : system : ContentType : ContentType saved : type_2
[09/06/23 21:44:08:306 UTC]  INFO util.AdminLogger: UserId : system : class com.dotcms.contenttype.business.ContentTypeAPIImpl : ContentType : ContentType saved : type_2
[09/06/23 21:44:08:307 UTC]  INFO business.FieldAPIImpl: No changes made to field: fields0, returning
[09/06/23 21:44:08:309 UTC]  INFO business.FieldAPIImpl: No changes made to field: fields1, returning
[09/06/23 21:44:08:310 UTC]  INFO business.FieldAPIImpl: No changes made to field: text1, returning
[09/06/23 21:44:08:310 UTC]  INFO util.PushPublishLogger: class com.dotcms.enterprise.publishing.remote.handler.ContentTypeHandler : [BundleID: content_type_and_content_demo.tar.gz] Content Type publish success, ID: ea533f67-4883-42bb-9701-83293e7313e5, Name: type_2
[09/06/23 21:44:08:312 UTC]  INFO util.SecurityLogger: class com.dotmarketing.portlets.workflows.business.WorkflowAPIImpl : Saving schemes [ [WorkflowScheme [id=d61a59e1-a49c-46f2-a929-db2b4bfa88b2, name=System Workflow, archived=false, mandatory=false]] ] for Content Type [ com.dotmarketing.portlets.structure.model.Structure@37e73627[name=type_2,description=<null>,defaultStructure=false,reviewInterval=<null>,reviewerRole=<null>,pagedetail=<null>,structureType=1,fixed=false,system=false,velocityVarName=Type2,urlMapPattern=<null>,host=48190c8c-42c4-46af-8d1a-0cd5db894797,folder=SYSTEM_FOLDER,publishDateVar=<null>,expireDateVar=<null>,modDate=Fri Jun 09 21:44:08 UTC 2023,icon=event_note,sortOrder=0,iDate=Thu Oct 08 17:32:19 UTC 2020,type=structure,owner=<null>,inode=ea533f67-4883-42bb-9701-83293e7313e5,identifier=ea533f67-4883-42bb-9701-83293e7313e5] ] -- ip:172.19.0.1,user:Admin User [ID: dotcms.org.1][email:admin@dotcms.com]
[09/06/23 21:44:08:331 UTC]  INFO util.PushPublishLogger: class com.dotcms.enterprise.publishing.remote.handler.LanguageVariablesHandler : [BundleID: content_type_and_content_demo.tar.gz] Language File publish success, Name: cms_language_en.properties
[09/06/23 21:44:08:331 UTC]  INFO util.PushPublishLogger: class com.dotcms.enterprise.publishing.remote.handler.LanguageVariablesHandler : [BundleID: content_type_and_content_demo.tar.gz] Language File publish success, Name: cms_language_en_US.properties
[09/06/23 21:44:08:331 UTC]  INFO util.PushPublishLogger: class com.dotcms.enterprise.publishing.remote.handler.LanguageVariablesHandler : [BundleID: content_type_and_content_demo.tar.gz] Language File publish success, Name: cms_language_es.properties
[09/06/23 21:44:08:332 UTC]  INFO util.PushPublishLogger: class com.dotcms.enterprise.publishing.remote.handler.LanguageVariablesHandler : [BundleID: content_type_and_content_demo.tar.gz] Language File publish success, Name: cms_language_es_ES.properties
[09/06/23 21:44:08:332 UTC]  INFO util.PushPublishLogger: class com.dotcms.enterprise.publishing.remote.handler.LanguageVariablesHandler : [BundleID: content_type_and_content_demo.tar.gz] Language File publish success, Name: cms_language_fr.properties
[09/06/23 21:44:08:332 UTC]  INFO util.PushPublishLogger: class com.dotcms.enterprise.publishing.remote.handler.LanguageVariablesHandler : [BundleID: content_type_and_content_demo.tar.gz] Language File publish success, Name: cms_language_fr_FR.properties
[09/06/23 21:44:08:332 UTC]  INFO util.PushPublishLogger: class com.dotcms.enterprise.publishing.remote.handler.LanguageVariablesHandler : [BundleID: content_type_and_content_demo.tar.gz] Language File publish success, Name: cms_language_zh.properties
[09/06/23 21:44:08:332 UTC]  INFO util.PushPublishLogger: class com.dotcms.enterprise.publishing.remote.handler.LanguageVariablesHandler : [BundleID: content_type_and_content_demo.tar.gz] Language File publish success, Name: cms_language_zh_CN.properties
[09/06/23 21:44:08:753 UTC]  INFO reindex.ReindexThread: --- Unpausing reindex thread 
[09/06/23 21:44:09:003 UTC]  INFO reindex.BulkProcessorListener: -----------
[09/06/23 21:44:09:003 UTC]  INFO reindex.BulkProcessorListener: Reindexing Server #  : 1 of 1
[09/06/23 21:44:09:003 UTC]  INFO reindex.BulkProcessorListener: Total Indexed        : 0
[09/06/23 21:44:09:003 UTC]  INFO reindex.BulkProcessorListener: ReindexEntries found : 3
[09/06/23 21:44:09:003 UTC]  INFO reindex.BulkProcessorListener: BulkRequests created : 6
[09/06/23 21:44:09:003 UTC]  INFO reindex.BulkProcessorListener: -----------
[09/06/23 21:44:13:754 UTC]  INFO concurrent.Debouncer: Debouncing : invalidateGraphSchema after 5000 MILLISECONDS
[09/06/23 21:44:14:780 UTC]  INFO util.PushPublishLogger: class com.dotcms.rest.PushPublisherJob : [BundleID: content_type_and_content_demo.tar.gz] Finished bundle publish process
[09/06/23 21:44:14:780 UTC]  INFO rest.PushPublisherJob: Finished bundle publish process
[09/06/23 21:44:17:911 UTC]  INFO util.SecurityLogger: class com.dotmarketing.cms.login.factories.LoginFactory : User admin@dotcms.com has sucessfully logged in from IP: 172.19.0.1 -- ip:172.19.0.1,user:Admin User [ID: dotcms.org.1][email:admin@dotcms.com]
[09/06/23 21:44:17:917 UTC]  INFO rest.BundleResource: Deleting all bundles by the user: dotcms.org.1
[09/06/23 21:44:17:919 UTC]  INFO business.BundleAPIImpl: Deleting all bundles with statuses: [BUNDLE_REQUESTED, BUNDLING, SENDING_TO_ENDPOINTS, FAILED_TO_SEND_TO_ALL_GROUPS, FAILED_TO_SEND_TO_SOME_GROUPS, FAILED_TO_BUNDLE, FAILED_TO_SENT, FAILED_TO_PUBLISH, SUCCESS, BUNDLE_SENT_SUCCESSFULLY, RECEIVED_BUNDLE, PUBLISHING_BUNDLE, WAITING_FOR_PUBLISHING, BUNDLE_SAVED_SUCCESSFULLY, INVALID_TOKEN, LICENSE_REQUIRED, SUCCESS_WITH_WARNINGS, FAILED_INTEGRITY_CHECK]by the user: dotcms.org.1
[09/06/23 21:44:17:923 UTC]  INFO business.BundleAPIImpl: Removing bundle: content_type_and_content_demo and dependencies by: dotcms.org.1
[09/06/23 21:44:17:923 UTC]  INFO business.BundleAPIImpl: Removing audit status for a bundle: content_type_and_content_demo
[09/06/23 21:44:17:923 UTC]  INFO business.PublishAuditAPIImpl: Deleting the bundle: content_type_and_content_demo
[09/06/23 21:44:17:924 UTC]  INFO business.BundleAPIImpl: Removing all assets from bundle: content_type_and_content_demo
[09/06/23 21:44:17:925 UTC]  INFO business.BundleAPIImpl: Removing environments from bundle: content_type_and_content_demo
[09/06/23 21:44:17:925 UTC]  INFO business.BundleAPIImpl: Removing bundle: content_type_and_content_demo
[09/06/23 21:44:17:953 UTC]  INFO business.BundleAPIImpl: Deleted 1 bundles, failed 0 bundles
[09/06/23 21:44:17:957 UTC]  WARN struts.MultiMessageResources: Duplicate resource property definition (key=was ==> is now): contenttypes.content.copy=Copy ==> Copy
[09/06/23 21:44:17:958 UTC]  WARN struts.MultiMessageResources: Duplicate resource property definition (key=was ==> is now): message.category.import=Importing Categories.  This operation cannot be cancelled or undone. ==> IMPORT
[09/06/23 21:44:17:960 UTC]  WARN struts.MultiMessageResources: Duplicate resource property definition (key=was ==> is now): message.containers.create.content_type_code=Content Type Code ==> Content Type Code
[09/06/23 21:44:17:962 UTC]  WARN struts.MultiMessageResources: Duplicate resource property definition (key=was ==> is now): Save=Save ==> Save
[09/06/23 21:44:17:963 UTC]  WARN struts.MultiMessageResources: Duplicate resource property definition (key=was ==> is now): Move=Move ==> Move
[09/06/23 21:44:17:964 UTC]  WARN struts.MultiMessageResources: Duplicate resource property definition (key=was ==> is now): archived=archived ==> Archived
[09/06/23 21:44:19:337 UTC]  INFO delegate.SystemEventsJobDelegate: The event: c8838628-9c1a-4757-9b83-63eeee6d89d7, has been skipped on the server: 272a7c7c-f68a-4fd8-ba3f-5b95f5469ac7
[09/06/23 21:44:19:337 UTC]  INFO delegate.SystemEventsJobDelegate: The event: 792d02d6-a286-43df-a3b0-c31bb348c6a6, has been skipped on the server: 272a7c7c-f68a-4fd8-ba3f-5b95f5469ac7
[09/06/23 21:44:31:030 UTC]  INFO util.SecurityLogger: class com.dotmarketing.cms.login.factories.LoginFactory : User admin@dotcms.com has sucessfully logged in from IP: 172.19.0.1 -- ip:172.19.0.1,user:Admin User [ID: dotcms.org.1][email:admin@dotcms.com]
[09/06/23 21:44:31:045 UTC]  WARN ajax.RemotePublishAjaxAction: Unable to find asset id = [ea533f67-4883-42bb-9701-83293e7313e5]
[09/06/23 21:44:31:063 UTC]  INFO util.PushPublishLogger: class com.dotcms.publisher.business.PublisherAPIImpl : [BundleID: 01H2H1WFJ14HMS40YM578AE8KQ] Asset added to Push Publish Queue. Action: Added by Browsing, Asset Type: contenttype, Asset Id: ea533f67-4883-42bb-9701-83293e7313e5, User: dotcms.org.1
[09/06/23 21:44:34:143 UTC]  INFO util.SecurityLogger: class com.dotmarketing.cms.login.factories.LoginFactory : User admin@dotcms.com has sucessfully logged in from IP: 172.19.0.1 -- ip:172.19.0.1,user:Admin User [ID: dotcms.org.1][email:admin@dotcms.com]
[09/06/23 21:44:36:174 UTC]  INFO business.PublisherQueueJob: 
[09/06/23 21:44:36:174 UTC]  INFO business.PublisherQueueJob: Found 1 bundle(s) to process.
[09/06/23 21:44:36:174 UTC]  INFO business.PublisherQueueJob: 
[09/06/23 21:44:36:174 UTC]  INFO business.PublisherQueueJob: Processing bundle: ID: 01H2H1WFJ14HMS40YM578AE8KQ. Status: Starting. Publish Date: 2020-09-10 17:14:00.0
[09/06/23 21:44:36:174 UTC]  INFO util.PushPublishLogger: class com.dotcms.publisher.business.PublishAuditStatus : Status Update: Pending.
[09/06/23 21:44:36:174 UTC]  INFO util.PushPublishLogger: class com.dotcms.publisher.business.PublisherQueueJob : Pre-publish work started.
[09/06/23 21:44:36:179 UTC]  INFO util.PushPublishLogger: class com.dotcms.publisher.business.PublisherQueueJob : Pre-publish work complete.
[09/06/23 21:44:36:179 UTC]  INFO util.PushPublishLogger: class com.dotcms.publishing.PublisherAPIImpl : [BundleID: 01H2H1WFJ14HMS40YM578AE8KQ] Started Publishing Task
[09/06/23 21:44:36:182 UTC]  INFO publishing.PublisherAPIImpl: Start of Bundler: DependencyBundler
[09/06/23 21:44:45:217 UTC]  INFO dependencies.ConcurrentDependencyProcessor: DependencyProcessor Finished
[09/06/23 21:44:45:217 UTC]  INFO publishing.PublisherAPIImpl: End of Bundler: DependencyBundler
[09/06/23 21:44:45:217 UTC]  INFO publishing.PublisherAPIImpl: Start of Bundler: HostBundler
[09/06/23 21:44:45:220 UTC]  INFO util.PushPublishLogger: class com.dotcms.enterprise.publishing.remote.bundler.HostBundler : Status Update: Bundling.
[09/06/23 21:44:45:248 UTC]  INFO bundler.HostBundler: Searching for ContentletVersionInfo. Identifier: 48190c8c-42c4-46af-8d1a-0cd5db894797. Language:1
[09/06/23 21:44:45:263 UTC]  INFO util.PushPublishLogger: class com.dotcms.enterprise.publishing.remote.bundler.HostBundler : Status Update: Bundling.
[09/06/23 21:44:45:265 UTC]  INFO publishing.PublisherAPIImpl: End of Bundler: HostBundler
[09/06/23 21:44:45:266 UTC]  INFO publishing.PublisherAPIImpl: Start of Bundler: ContentBundler
[09/06/23 21:44:45:268 UTC]  INFO util.PushPublishLogger: class com.dotcms.enterprise.publishing.remote.bundler.ContentBundler : Status Update: Bundling.
[09/06/23 21:44:45:271 UTC]  INFO util.PushPublishLogger: class com.dotcms.enterprise.publishing.remote.bundler.ContentBundler : Status Update: Bundling.
[09/06/23 21:44:45:272 UTC]  INFO publishing.PublisherAPIImpl: End of Bundler: ContentBundler
[09/06/23 21:44:45:273 UTC]  INFO publishing.PublisherAPIImpl: Start of Bundler: FolderBundler
[09/06/23 21:44:45:274 UTC]  INFO publishing.PublisherAPIImpl: End of Bundler: FolderBundler
[09/06/23 21:44:45:274 UTC]  INFO publishing.PublisherAPIImpl: Start of Bundler: TemplateBundler
[09/06/23 21:44:45:275 UTC]  INFO publishing.PublisherAPIImpl: End of Bundler: TemplateBundler
[09/06/23 21:44:45:275 UTC]  INFO publishing.PublisherAPIImpl: Start of Bundler: ContainerBundler
[09/06/23 21:44:45:276 UTC]  INFO publishing.PublisherAPIImpl: End of Bundler: ContainerBundler
[09/06/23 21:44:45:276 UTC]  INFO publishing.PublisherAPIImpl: Start of Bundler: RuleBundler
[09/06/23 21:44:45:276 UTC]  INFO publishing.PublisherAPIImpl: End of Bundler: RuleBundler
[09/06/23 21:44:45:277 UTC]  INFO publishing.PublisherAPIImpl: Start of Bundler: LinkBundler
[09/06/23 21:44:45:277 UTC]  INFO publishing.PublisherAPIImpl: End of Bundler: LinkBundler
[09/06/23 21:44:45:278 UTC]  INFO publishing.PublisherAPIImpl: Start of Bundler: ContentTypeBundler
[09/06/23 21:44:45:283 UTC]  INFO publishing.PublisherAPIImpl: End of Bundler: ContentTypeBundler
[09/06/23 21:44:45:284 UTC]  INFO publishing.PublisherAPIImpl: Start of Bundler: RelationshipBundler
[09/06/23 21:44:45:284 UTC]  INFO publishing.PublisherAPIImpl: End of Bundler: RelationshipBundler
[09/06/23 21:44:45:284 UTC]  INFO publishing.PublisherAPIImpl: Start of Bundler: LanguageVariablesBundler
[09/06/23 21:44:45:286 UTC]  WARN util.FileUtil: /data/shared/assets/messages/cms_language_en_US.properties is empty
[09/06/23 21:44:45:287 UTC]  WARN util.FileUtil: /data/shared/assets/messages/cms_language_es_ES.properties is empty
[09/06/23 21:44:45:288 UTC]  WARN util.FileUtil: /data/shared/assets/messages/cms_language_fr_FR.properties is empty
[09/06/23 21:44:45:292 UTC]  WARN util.FileUtil: /data/shared/assets/messages/cms_language_zh_CN.properties is empty
[09/06/23 21:44:45:293 UTC]  INFO publishing.PublisherAPIImpl: End of Bundler: LanguageVariablesBundler
[09/06/23 21:44:45:295 UTC]  INFO publishing.PublisherAPIImpl: Start of Bundler: WorkflowBundler
[09/06/23 21:44:45:382 UTC]  INFO publishing.PublisherAPIImpl: End of Bundler: WorkflowBundler
[09/06/23 21:44:45:383 UTC]  INFO publishing.PublisherAPIImpl: Start of Bundler: LanguageBundler
[09/06/23 21:44:45:383 UTC]  INFO publishing.PublisherAPIImpl: End of Bundler: LanguageBundler
[09/06/23 21:44:45:384 UTC]  INFO publishing.PublisherAPIImpl: Start of Bundler: BundleXMLAsc
[09/06/23 21:44:45:384 UTC]  INFO publishing.PublisherAPIImpl: End of Bundler: BundleXMLAsc
[09/06/23 21:44:45:385 UTC]  INFO publishing.PublisherAPIImpl: Start of Bundler: CategoryBundler
[09/06/23 21:44:45:385 UTC]  INFO publishing.PublisherAPIImpl: End of Bundler: CategoryBundler
[09/06/23 21:44:45:457 UTC]  INFO util.PushPublishLogger: class com.dotcms.publisher.pusher.PushPublisher : Status Update: Sending to all environments
[09/06/23 21:44:45:459 UTC]  INFO util.PushPublishLogger: class com.dotcms.publisher.pusher.PushPublisher : Status Update: Sending Bundle
[09/06/23 21:44:45:487 UTC]  INFO pusher.AuthCredentialPushPublishUtil: Is JWT in Push publish avaible?: false
[09/06/23 21:44:45:488 UTC]  INFO pusher.AuthCredentialPushPublishUtil: PublishingEndPoint: receiver-1686346971271
[09/06/23 21:44:45:489 UTC]  INFO pusher.AuthCredentialPushPublishUtil: PublishingEndPoint key: Optional[pmWkWSBCL51Bfkhn79xPuKBKHz//H6B+mY6G9/eieuM=]
[09/06/23 21:44:45:489 UTC]  INFO pusher.AuthCredentialPushPublishUtil: Token from request: 8SNNdReNiSoTOkEDVaWpkM910vM+uiXVdZQ9TfYy86Q=
[09/06/23 21:44:45:490 UTC] ERROR rest.IntegrityResource: Receiver at localhost:8080:> Authentication Token is invalid for ip: 127.0.0.1
[09/06/23 21:44:51:502 UTC]  INFO util.PushPublishLogger: class com.dotcms.publisher.pusher.PushPublisher : Invalid token
[09/06/23 21:44:52:241 UTC]  INFO util.SecurityLogger: class com.dotmarketing.cms.login.factories.LoginFactory : User admin@dotcms.com has sucessfully logged in from IP: 172.19.0.1 -- ip:172.19.0.1,user:Admin User [ID: dotcms.org.1][email:admin@dotcms.com]
[09/06/23 21:44:54:513 UTC]  INFO util.PushPublishLogger: class com.dotcms.publishing.PublisherAPIImpl : [BundleID: 01H2H1WFJ14HMS40YM578AE8KQ] Completed Publishing Task
[09/06/23 21:44:57:618 UTC]  INFO util.SecurityLogger: class com.dotcms.cms.login.LoginServiceAPIFactory$LoginServiceImpl : User dotcms.org.1 has successfully login from IP: 172.19.0.1 -- ip:172.19.0.1,user:Admin User [ID: dotcms.org.1][email:admin@dotcms.com]
[09/06/23 21:44:57:816 UTC]  INFO pusher.AuthCredentialPushPublishUtil: Is JWT in Push publish avaible?: false
[09/06/23 21:44:57:819 UTC]  INFO pusher.AuthCredentialPushPublishUtil: PublishingEndPoint: null
[09/06/23 21:44:57:820 UTC]  WARN pusher.PushPublisher: Endpoint or endpoint key is null:null
[09/06/23 21:44:57:820 UTC]  INFO pusher.AuthCredentialPushPublishUtil: PublishingEndPoint key: Optional.empty
[09/06/23 21:44:57:820 UTC] ERROR rest.IntegrityResource: Receiver at 8898eaaf5e99:8080:> Authentication Token is invalid for ip: 172.19.0.1
[09/06/23 21:45:00:099 UTC]  INFO business.PublisherQueueJob: ===========================================================
[09/06/23 21:45:00:099 UTC]  INFO business.PublisherQueueJob: For bundle '01H2H1WFJ14HMS40YM578AE8KQ':
[09/06/23 21:45:00:099 UTC]  INFO business.PublisherQueueJob: -> Status             : WAITING_FOR_PUBLISHING [13]
[09/06/23 21:45:00:099 UTC]  INFO business.PublisherQueueJob: ===========================================================
[09/06/23 21:45:02:095 UTC]  INFO util.SecurityLogger: class com.dotcms.cms.login.LoginServiceAPIFactory$LoginServiceImpl : User dotcms.org.1 has successfully login from IP: 172.19.0.1 -- ip:172.19.0.1,user:Admin User [ID: dotcms.org.1][email:admin@dotcms.com]
[09/06/23 21:45:04:186 UTC]  INFO pusher.AuthCredentialPushPublishUtil: Is JWT in Push publish avaible?: false
[09/06/23 21:45:04:186 UTC]  INFO pusher.AuthCredentialPushPublishUtil: PublishingEndPoint: null
[09/06/23 21:45:04:186 UTC]  WARN pusher.PushPublisher: Endpoint or endpoint key is null:null
[09/06/23 21:45:04:186 UTC]  INFO pusher.AuthCredentialPushPublishUtil: PublishingEndPoint key: Optional.empty
[09/06/23 21:45:04:186 UTC] ERROR rest.IntegrityResource: Receiver at 8898eaaf5e99:8080:> Authentication Token is invalid for ip: 172.19.0.1
[09/06/23 21:45:04:239 UTC]  INFO pusher.AuthCredentialPushPublishUtil: Is JWT in Push publish avaible?: false
[09/06/23 21:45:04:239 UTC]  INFO pusher.AuthCredentialPushPublishUtil: PublishingEndPoint: null
[09/06/23 21:45:04:239 UTC]  WARN pusher.PushPublisher: Endpoint or endpoint key is null:null
[09/06/23 21:45:04:239 UTC]  INFO pusher.AuthCredentialPushPublishUtil: PublishingEndPoint key: Optional.empty
[09/06/23 21:45:04:239 UTC] ERROR rest.IntegrityResource: Receiver at 8898eaaf5e99:8080:> Authentication Token is invalid for ip: 172.19.0.1
[09/06/23 21:45:04:281 UTC]  INFO pusher.AuthCredentialPushPublishUtil: Is JWT in Push publish avaible?: false
[09/06/23 21:45:04:281 UTC]  INFO pusher.AuthCredentialPushPublishUtil: PublishingEndPoint: null
[09/06/23 21:45:04:281 UTC]  WARN pusher.PushPublisher: Endpoint or endpoint key is null:null
[09/06/23 21:45:04:281 UTC]  INFO pusher.AuthCredentialPushPublishUtil: PublishingEndPoint key: Optional.empty
[09/06/23 21:45:04:281 UTC] ERROR rest.IntegrityResource: Receiver at 8898eaaf5e99:8080:> Authentication Token is invalid for ip: 172.19.0.1
[09/06/23 21:45:08:121 UTC]  INFO util.SecurityLogger: class com.dotcms.cms.login.LoginServiceAPIFactory$LoginServiceImpl : User dotcms.org.1 has successfully login from IP: 172.19.0.1 -- ip:172.19.0.1,user:Admin User [ID: dotcms.org.1][email:admin@dotcms.com]
[09/06/23 21:45:08:222 UTC] ERROR rest.BundlePublisherResource: Push Publishing failed from 172.19.0.1 bundle expected
[09/06/23 21:45:08:274 UTC]  INFO pusher.AuthCredentialPushPublishUtil: Is JWT in Push publish avaible?: false
[09/06/23 21:45:08:274 UTC]  INFO pusher.AuthCredentialPushPublishUtil: PublishingEndPoint: null
[09/06/23 21:45:08:274 UTC]  WARN pusher.PushPublisher: Endpoint or endpoint key is null:null
[09/06/23 21:45:08:274 UTC]  INFO pusher.AuthCredentialPushPublishUtil: PublishingEndPoint key: Optional.empty
[09/06/23 21:45:08:274 UTC] ERROR rest.IntegrityResource: Receiver at 8898eaaf5e99:8080:> Authentication Token is invalid for ip: 172.19.0.1
[09/06/23 21:45:13:512 UTC]  INFO util.SecurityLogger: class com.dotcms.cms.login.LoginServiceAPIFactory$LoginServiceImpl : User dotcms.org.1 has successfully login from IP: 172.19.0.1 -- ip:172.19.0.1,user:Admin User [ID: dotcms.org.1][email:admin@dotcms.com]
[09/06/23 21:45:16:597 UTC]  INFO util.SecurityLogger: class com.dotmarketing.cms.login.factories.LoginFactory : User admin@dotcms.com has sucessfully logged in from IP: 172.19.0.1 -- ip:172.19.0.1,user:Admin User [ID: dotcms.org.1][email:admin@dotcms.com]
[09/06/23 21:45:19:643 UTC]  INFO util.SecurityLogger: class com.dotmarketing.cms.login.factories.LoginFactory : User admin@dotcms.com has sucessfully logged in from IP: 172.19.0.1 -- ip:172.19.0.1,user:Admin User [ID: dotcms.org.1][email:admin@dotcms.com]
[09/06/23 21:45:19:899 UTC]  INFO publishing.PublisherAPIImpl: Push Publishing Filters Directory: Lazy(/data/shared/assets/server/publishing-filters)
[09/06/23 21:45:19:899 UTC]  INFO publishing.PublisherAPIImpl: Loading Push Publish Filter: ShallowPush.yml
[09/06/23 21:45:19:900 UTC]  INFO publishing.PublisherAPIImpl: FilterDescriptor{key=ShallowPush.yml, title=Only Selected Items, sort=5, default=false, roles=DOTCMS_BACK_END_USER, filters{{excludeQuery=, excludeClasses=[], dependencies=false, excludeDependencyQuery=, excludeDependencyClasses=[], forcePush=false, relationships=false}}}
[09/06/23 21:45:19:900 UTC]  INFO publishing.PublisherAPIImpl: Loading Push Publish Filter: NoWorkflow.yml
[09/06/23 21:45:19:907 UTC]  INFO publishing.PublisherAPIImpl: FilterDescriptor{key=NoWorkflow.yml, title=Push without Wofklows, sort=1000, default=false, roles=DOTCMS_BACK_END_USER, filters{{excludeQuery=, excludeClasses=[Host, Workflow, OSGI], dependencies=true, excludeDependencyQuery=, excludeDependencyClasses=[Host, Workflow], forcePush=false, relationships=false}}}
[09/06/23 21:45:19:907 UTC]  INFO publishing.PublisherAPIImpl: Loading Push Publish Filter: Intelligent.yml
[09/06/23 21:45:19:907 UTC]  INFO publishing.PublisherAPIImpl: FilterDescriptor{key=Intelligent.yml, title=Everything and Dependencies, sort=3, default=true, roles=DOTCMS_BACK_END_USER, filters{{excludeQuery=, excludeClasses=[], dependencies=true, excludeDependencyQuery=, excludeDependencyClasses=[], forcePush=false, relationships=true}}}
[09/06/23 21:45:19:907 UTC]  INFO publishing.PublisherAPIImpl: Loading Push Publish Filter: ForcePush.yml
[09/06/23 21:45:19:911 UTC]  INFO publishing.PublisherAPIImpl: FilterDescriptor{key=ForcePush.yml, title=Force Push Everything, sort=4, default=false, roles=DOTCMS_BACK_END_USER, filters{{excludeQuery=, excludeClasses=[], dependencies=true, excludeDependencyQuery=, excludeDependencyClasses=[], forcePush=true, relationships=true}}}
[09/06/23 21:45:19:912 UTC]  INFO publishing.PublisherAPIImpl: Loading Push Publish Filter: ContentOnly.yml
[09/06/23 21:45:19:914 UTC]  INFO publishing.PublisherAPIImpl: FilterDescriptor{key=ContentOnly.yml, title=Content and Relationships, sort=1, default=false, roles=DOTCMS_BACK_END_USER, filters{{excludeQuery=, excludeClasses=[ContentType, Template, Containers, Folder, Host, Links, Workflow, Language, Rule, User, OSGI], dependencies=true, excludeDependencyQuery=, excludeDependencyClasses=[ContentType, Template, Containers, Folder, Host, Links, Workflow, Language, Rule], forcePush=false, relationships=true}}}
[09/06/23 21:45:19:915 UTC]  INFO publishing.PublisherAPIImpl: Loading Push Publish Filter: WebContentOnly.yml
[09/06/23 21:45:19:917 UTC]  INFO publishing.PublisherAPIImpl: FilterDescriptor{key=WebContentOnly.yml, title=Content, Assets and Pages, sort=2, default=false, roles=DOTCMS_BACK_END_USER, filters{{excludeQuery=, excludeClasses=[Host, Workflow, ContentType, User, OSGI, Language], dependencies=true, excludeDependencyQuery=, excludeDependencyClasses=[Host, Workflow, ContentType, Language], forcePush=false, relationships=true}}}
[09/06/23 21:45:22:966 UTC]  INFO util.SecurityLogger: class com.dotmarketing.cms.login.factories.LoginFactory : User admin@dotcms.com has sucessfully logged in from IP: 172.19.0.1 -- ip:172.19.0.1,user:Admin User [ID: dotcms.org.1][email:admin@dotcms.com]
[09/06/23 21:45:22:981 UTC]  INFO publishing.PublisherAPIImpl: Push Publishing Filters Directory: Lazy(/data/shared/assets/server/publishing-filters)
[09/06/23 21:45:22:981 UTC]  INFO publishing.PublisherAPIImpl: Loading Push Publish Filter: ShallowPush.yml
[09/06/23 21:45:22:987 UTC]  INFO publishing.PublisherAPIImpl: FilterDescriptor{key=ShallowPush.yml, title=Only Selected Items, sort=5, default=false, roles=DOTCMS_BACK_END_USER, filters{{excludeQuery=, excludeClasses=[], dependencies=false, excludeDependencyQuery=, excludeDependencyClasses=[], forcePush=false, relationships=false}}}
[09/06/23 21:45:22:987 UTC]  INFO publishing.PublisherAPIImpl: Loading Push Publish Filter: NoWorkflow.yml
[09/06/23 21:45:22:990 UTC]  INFO publishing.PublisherAPIImpl: FilterDescriptor{key=NoWorkflow.yml, title=Push without Wofklows, sort=1000, default=false, roles=DOTCMS_BACK_END_USER, filters{{excludeQuery=, excludeClasses=[Host, Workflow, OSGI], dependencies=true, excludeDependencyQuery=, excludeDependencyClasses=[Host, Workflow], forcePush=false, relationships=false}}}
[09/06/23 21:45:22:990 UTC]  INFO publishing.PublisherAPIImpl: Loading Push Publish Filter: Intelligent.yml
[09/06/23 21:45:22:995 UTC]  INFO publishing.PublisherAPIImpl: FilterDescriptor{key=Intelligent.yml, title=Everything and Dependencies, sort=3, default=true, roles=DOTCMS_BACK_END_USER, filters{{excludeQuery=, excludeClasses=[], dependencies=true, excludeDependencyQuery=, excludeDependencyClasses=[], forcePush=false, relationships=true}}}
[09/06/23 21:45:22:995 UTC]  INFO publishing.PublisherAPIImpl: Loading Push Publish Filter: ForcePush.yml
[09/06/23 21:45:22:997 UTC]  INFO publishing.PublisherAPIImpl: FilterDescriptor{key=ForcePush.yml, title=Force Push Everything, sort=4, default=false, roles=DOTCMS_BACK_END_USER, filters{{excludeQuery=, excludeClasses=[], dependencies=true, excludeDependencyQuery=, excludeDependencyClasses=[], forcePush=true, relationships=true}}}
[09/06/23 21:45:22:997 UTC]  INFO publishing.PublisherAPIImpl: Loading Push Publish Filter: TestPPFilter.yml
[09/06/23 21:45:22:999 UTC]  INFO publishing.PublisherAPIImpl: FilterDescriptor{key=TestPPFilter.yml, title=Force Push Everything, sort=20, default=false, roles=DOTCMS_BACK_END_USER, filters{{excludeQuery=, excludeClasses=[], dependencies=true, excludeDependencyQuery=, excludeDependencyClasses=[], forcePush=true, relationships=true}}}
[09/06/23 21:45:22:999 UTC]  INFO publishing.PublisherAPIImpl: Loading Push Publish Filter: ContentOnly.yml
[09/06/23 21:45:23:001 UTC]  INFO publishing.PublisherAPIImpl: FilterDescriptor{key=ContentOnly.yml, title=Content and Relationships, sort=1, default=false, roles=DOTCMS_BACK_END_USER, filters{{excludeQuery=, excludeClasses=[ContentType, Template, Containers, Folder, Host, Links, Workflow, Language, Rule, User, OSGI], dependencies=true, excludeDependencyQuery=, excludeDependencyClasses=[ContentType, Template, Containers, Folder, Host, Links, Workflow, Language, Rule], forcePush=false, relationships=true}}}
[09/06/23 21:45:23:001 UTC]  INFO publishing.PublisherAPIImpl: Loading Push Publish Filter: WebContentOnly.yml
[09/06/23 21:45:23:003 UTC]  INFO publishing.PublisherAPIImpl: FilterDescriptor{key=WebContentOnly.yml, title=Content, Assets and Pages, sort=2, default=false, roles=DOTCMS_BACK_END_USER, filters{{excludeQuery=, excludeClasses=[Host, Workflow, ContentType, User, OSGI, Language], dependencies=true, excludeDependencyQuery=, excludeDependencyClasses=[Host, Workflow, ContentType, Language], forcePush=false, relationships=true}}}
[09/06/23 21:45:26:057 UTC]  INFO util.SecurityLogger: class com.dotmarketing.cms.login.factories.LoginFactory : User admin@dotcms.com has sucessfully logged in from IP: 172.19.0.1 -- ip:172.19.0.1,user:Admin User [ID: dotcms.org.1][email:admin@dotcms.com]
[09/06/23 21:45:26:068 UTC]  INFO publishing.PublisherAPIImpl: Push Publishing Filters Directory: Lazy(/data/shared/assets/server/publishing-filters)
[09/06/23 21:45:26:071 UTC]  INFO publishing.PublisherAPIImpl: Loading Push Publish Filter: ShallowPush.yml
[09/06/23 21:45:26:076 UTC]  INFO publishing.PublisherAPIImpl: FilterDescriptor{key=ShallowPush.yml, title=Only Selected Items, sort=5, default=false, roles=DOTCMS_BACK_END_USER, filters{{excludeQuery=, excludeClasses=[], dependencies=false, excludeDependencyQuery=, excludeDependencyClasses=[], forcePush=false, relationships=false}}}
[09/06/23 21:45:26:076 UTC]  INFO publishing.PublisherAPIImpl: Loading Push Publish Filter: NoWorkflow.yml
[09/06/23 21:45:26:078 UTC]  INFO publishing.PublisherAPIImpl: FilterDescriptor{key=NoWorkflow.yml, title=Push without Wofklows Updated., sort=0, default=false, roles=DOTCMS_BACK_END_USER, filters{{excludeQuery=, excludeClasses=[Host, Workflow, OSGI], dependencies=true, excludeDependencyQuery=, excludeDependencyClasses=[Host, Workflow], forcePush=false, relationships=false}}}
[09/06/23 21:45:26:078 UTC]  INFO publishing.PublisherAPIImpl: Loading Push Publish Filter: Intelligent.yml
[09/06/23 21:45:26:081 UTC]  INFO publishing.PublisherAPIImpl: FilterDescriptor{key=Intelligent.yml, title=Everything and Dependencies, sort=3, default=true, roles=DOTCMS_BACK_END_USER, filters{{excludeQuery=, excludeClasses=[], dependencies=true, excludeDependencyQuery=, excludeDependencyClasses=[], forcePush=false, relationships=true}}}
[09/06/23 21:45:26:081 UTC]  INFO publishing.PublisherAPIImpl: Loading Push Publish Filter: ForcePush.yml
[09/06/23 21:45:26:082 UTC]  INFO publishing.PublisherAPIImpl: FilterDescriptor{key=ForcePush.yml, title=Force Push Everything, sort=4, default=false, roles=DOTCMS_BACK_END_USER, filters{{excludeQuery=, excludeClasses=[], dependencies=true, excludeDependencyQuery=, excludeDependencyClasses=[], forcePush=true, relationships=true}}}
[09/06/23 21:45:26:083 UTC]  INFO publishing.PublisherAPIImpl: Loading Push Publish Filter: TestPPFilter.yml
[09/06/23 21:45:26:088 UTC]  INFO publishing.PublisherAPIImpl: FilterDescriptor{key=TestPPFilter.yml, title=Force Push Everything, sort=20, default=false, roles=DOTCMS_BACK_END_USER, filters{{excludeQuery=, excludeClasses=[], dependencies=true, excludeDependencyQuery=, excludeDependencyClasses=[], forcePush=true, relationships=true}}}
[09/06/23 21:45:26:088 UTC]  INFO publishing.PublisherAPIImpl: Loading Push Publish Filter: ContentOnly.yml
[09/06/23 21:45:26:090 UTC]  INFO publishing.PublisherAPIImpl: FilterDescriptor{key=ContentOnly.yml, title=Content and Relationships, sort=1, default=false, roles=DOTCMS_BACK_END_USER, filters{{excludeQuery=, excludeClasses=[ContentType, Template, Containers, Folder, Host, Links, Workflow, Language, Rule, User, OSGI], dependencies=true, excludeDependencyQuery=, excludeDependencyClasses=[ContentType, Template, Containers, Folder, Host, Links, Workflow, Language, Rule], forcePush=false, relationships=true}}}
[09/06/23 21:45:26:090 UTC]  INFO publishing.PublisherAPIImpl: Loading Push Publish Filter: WebContentOnly.yml
[09/06/23 21:45:26:093 UTC]  INFO publishing.PublisherAPIImpl: FilterDescriptor{key=WebContentOnly.yml, title=Content, Assets and Pages, sort=2, default=false, roles=DOTCMS_BACK_END_USER, filters{{excludeQuery=, excludeClasses=[Host, Workflow, ContentType, User, OSGI, Language], dependencies=true, excludeDependencyQuery=, excludeDependencyClasses=[Host, Workflow, ContentType, Language], forcePush=false, relationships=true}}}
[09/06/23 21:45:29:152 UTC]  INFO util.SecurityLogger: class com.dotmarketing.cms.login.factories.LoginFactory : User admin@dotcms.com has sucessfully logged in from IP: 172.19.0.1 -- ip:172.19.0.1,user:Admin User [ID: dotcms.org.1][email:admin@dotcms.com]
[09/06/23 21:45:29:158 UTC]  INFO publishing.PublisherAPIImpl: Push Publishing Filters Directory: Lazy(/data/shared/assets/server/publishing-filters)
[09/06/23 21:45:29:158 UTC]  INFO publishing.PublisherAPIImpl: Loading Push Publish Filter: ShallowPush.yml
[09/06/23 21:45:29:159 UTC]  INFO publishing.PublisherAPIImpl: FilterDescriptor{key=ShallowPush.yml, title=Only Selected Items, sort=5, default=false, roles=DOTCMS_BACK_END_USER, filters{{excludeQuery=, excludeClasses=[], dependencies=false, excludeDependencyQuery=, excludeDependencyClasses=[], forcePush=false, relationships=false}}}
[09/06/23 21:45:29:160 UTC]  INFO publishing.PublisherAPIImpl: Loading Push Publish Filter: NoWorkflow.yml
[09/06/23 21:45:29:163 UTC]  INFO publishing.PublisherAPIImpl: FilterDescriptor{key=NoWorkflow.yml, title=Push without Wofklows Updated., sort=0, default=false, roles=DOTCMS_BACK_END_USER, filters{{excludeQuery=, excludeClasses=[Host, Workflow, OSGI], dependencies=true, excludeDependencyQuery=, excludeDependencyClasses=[Host, Workflow], forcePush=false, relationships=false}}}
[09/06/23 21:45:29:165 UTC]  INFO publishing.PublisherAPIImpl: Loading Push Publish Filter: Intelligent.yml
[09/06/23 21:45:29:167 UTC]  INFO publishing.PublisherAPIImpl: FilterDescriptor{key=Intelligent.yml, title=Everything and Dependencies, sort=3, default=true, roles=DOTCMS_BACK_END_USER, filters{{excludeQuery=, excludeClasses=[], dependencies=true, excludeDependencyQuery=, excludeDependencyClasses=[], forcePush=false, relationships=true}}}
[09/06/23 21:45:29:167 UTC]  INFO publishing.PublisherAPIImpl: Loading Push Publish Filter: ForcePush.yml
[09/06/23 21:45:29:170 UTC]  INFO publishing.PublisherAPIImpl: FilterDescriptor{key=ForcePush.yml, title=Force Push Everything, sort=4, default=false, roles=DOTCMS_BACK_END_USER, filters{{excludeQuery=, excludeClasses=[], dependencies=true, excludeDependencyQuery=, excludeDependencyClasses=[], forcePush=true, relationships=true}}}
[09/06/23 21:45:29:172 UTC]  INFO publishing.PublisherAPIImpl: Loading Push Publish Filter: TestPPFilter.yml
[09/06/23 21:45:29:172 UTC]  INFO publishing.PublisherAPIImpl: FilterDescriptor{key=TestPPFilter.yml, title=Force Push Everything, sort=20, default=false, roles=DOTCMS_BACK_END_USER, filters{{excludeQuery=, excludeClasses=[], dependencies=true, excludeDependencyQuery=, excludeDependencyClasses=[], forcePush=true, relationships=true}}}
[09/06/23 21:45:29:172 UTC]  INFO publishing.PublisherAPIImpl: Loading Push Publish Filter: ContentOnly.yml
[09/06/23 21:45:29:173 UTC]  INFO publishing.PublisherAPIImpl: FilterDescriptor{key=ContentOnly.yml, title=Content and Relationships, sort=1, default=false, roles=DOTCMS_BACK_END_USER, filters{{excludeQuery=, excludeClasses=[ContentType, Template, Containers, Folder, Host, Links, Workflow, Language, Rule, User, OSGI], dependencies=true, excludeDependencyQuery=, excludeDependencyClasses=[ContentType, Template, Containers, Folder, Host, Links, Workflow, Language, Rule], forcePush=false, relationships=true}}}
[09/06/23 21:45:29:173 UTC]  INFO publishing.PublisherAPIImpl: Loading Push Publish Filter: WebContentOnly.yml
[09/06/23 21:45:29:174 UTC]  INFO publishing.PublisherAPIImpl: FilterDescriptor{key=WebContentOnly.yml, title=Content, Assets and Pages, sort=2, default=false, roles=DOTCMS_BACK_END_USER, filters{{excludeQuery=, excludeClasses=[Host, Workflow, ContentType, User, OSGI, Language], dependencies=true, excludeDependencyQuery=, excludeDependencyClasses=[Host, Workflow, ContentType, Language], forcePush=false, relationships=true}}}
[09/06/23 21:45:32:234 UTC]  INFO util.SecurityLogger: class com.dotmarketing.cms.login.factories.LoginFactory : User admin@dotcms.com has sucessfully logged in from IP: 172.19.0.1 -- ip:172.19.0.1,user:Admin User [ID: dotcms.org.1][email:admin@dotcms.com]
[09/06/23 21:45:35:295 UTC]  INFO util.SecurityLogger: class com.dotmarketing.cms.login.factories.LoginFactory : User admin@dotcms.com has sucessfully logged in from IP: 172.19.0.1 -- ip:172.19.0.1,user:Admin User [ID: dotcms.org.1][email:admin@dotcms.com]
[09/06/23 21:45:35:300 UTC]  INFO publishing.PublisherAPIImpl: Push Publishing Filters Directory: Lazy(/data/shared/assets/server/publishing-filters)
[09/06/23 21:45:35:301 UTC]  INFO publishing.PublisherAPIImpl: Loading Push Publish Filter: ShallowPush.yml
[09/06/23 21:45:35:303 UTC]  INFO publishing.PublisherAPIImpl: FilterDescriptor{key=ShallowPush.yml, title=Only Selected Items, sort=5, default=false, roles=DOTCMS_BACK_END_USER, filters{{excludeQuery=, excludeClasses=[], dependencies=false, excludeDependencyQuery=, excludeDependencyClasses=[], forcePush=false, relationships=false}}}
[09/06/23 21:45:35:303 UTC]  INFO publishing.PublisherAPIImpl: Loading Push Publish Filter: Intelligent.yml
[09/06/23 21:45:35:305 UTC]  INFO publishing.PublisherAPIImpl: FilterDescriptor{key=Intelligent.yml, title=Everything and Dependencies, sort=3, default=true, roles=DOTCMS_BACK_END_USER, filters{{excludeQuery=, excludeClasses=[], dependencies=true, excludeDependencyQuery=, excludeDependencyClasses=[], forcePush=false, relationships=true}}}
[09/06/23 21:45:35:305 UTC]  INFO publishing.PublisherAPIImpl: Loading Push Publish Filter: ForcePush.yml
[09/06/23 21:45:35:306 UTC]  INFO publishing.PublisherAPIImpl: FilterDescriptor{key=ForcePush.yml, title=Force Push Everything, sort=4, default=false, roles=DOTCMS_BACK_END_USER, filters{{excludeQuery=, excludeClasses=[], dependencies=true, excludeDependencyQuery=, excludeDependencyClasses=[], forcePush=true, relationships=true}}}
[09/06/23 21:45:35:306 UTC]  INFO publishing.PublisherAPIImpl: Loading Push Publish Filter: TestPPFilter.yml
[09/06/23 21:45:35:307 UTC]  INFO publishing.PublisherAPIImpl: FilterDescriptor{key=TestPPFilter.yml, title=Force Push Everything, sort=20, default=false, roles=DOTCMS_BACK_END_USER, filters{{excludeQuery=, excludeClasses=[], dependencies=true, excludeDependencyQuery=, excludeDependencyClasses=[], forcePush=true, relationships=true}}}
[09/06/23 21:45:35:308 UTC]  INFO publishing.PublisherAPIImpl: Loading Push Publish Filter: ContentOnly.yml
[09/06/23 21:45:35:309 UTC]  INFO publishing.PublisherAPIImpl: FilterDescriptor{key=ContentOnly.yml, title=Content and Relationships, sort=1, default=false, roles=DOTCMS_BACK_END_USER, filters{{excludeQuery=, excludeClasses=[ContentType, Template, Containers, Folder, Host, Links, Workflow, Language, Rule, User, OSGI], dependencies=true, excludeDependencyQuery=, excludeDependencyClasses=[ContentType, Template, Containers, Folder, Host, Links, Workflow, Language, Rule], forcePush=false, relationships=true}}}
[09/06/23 21:45:35:309 UTC]  INFO publishing.PublisherAPIImpl: Loading Push Publish Filter: WebContentOnly.yml
[09/06/23 21:45:35:310 UTC]  INFO publishing.PublisherAPIImpl: FilterDescriptor{key=WebContentOnly.yml, title=Content, Assets and Pages, sort=2, default=false, roles=DOTCMS_BACK_END_USER, filters{{excludeQuery=, excludeClasses=[Host, Workflow, ContentType, User, OSGI, Language], dependencies=true, excludeDependencyQuery=, excludeDependencyClasses=[Host, Workflow, ContentType, Language], forcePush=false, relationships=true}}}
[09/06/23 21:45:38:355 UTC]  INFO util.SecurityLogger: class com.dotmarketing.cms.login.factories.LoginFactory : User admin@dotcms.com has sucessfully logged in from IP: 172.19.0.1 -- ip:172.19.0.1,user:Admin User [ID: dotcms.org.1][email:admin@dotcms.com]
[09/06/23 21:45:38:361 UTC]  INFO publishing.PublisherAPIImpl: Push Publishing Filters Directory: Lazy(/data/shared/assets/server/publishing-filters)
[09/06/23 21:45:38:361 UTC]  INFO publishing.PublisherAPIImpl: Loading Push Publish Filter: ShallowPush.yml
[09/06/23 21:45:38:366 UTC]  INFO publishing.PublisherAPIImpl: FilterDescriptor{key=ShallowPush.yml, title=Only Selected Items, sort=5, default=false, roles=DOTCMS_BACK_END_USER, filters{{excludeQuery=, excludeClasses=[], dependencies=false, excludeDependencyQuery=, excludeDependencyClasses=[], forcePush=false, relationships=false}}}
[09/06/23 21:45:38:366 UTC]  INFO publishing.PublisherAPIImpl: Loading Push Publish Filter: Intelligent.yml
[09/06/23 21:45:38:366 UTC]  INFO publishing.PublisherAPIImpl: FilterDescriptor{key=Intelligent.yml, title=Everything and Dependencies, sort=3, default=true, roles=DOTCMS_BACK_END_USER, filters{{excludeQuery=, excludeClasses=[], dependencies=true, excludeDependencyQuery=, excludeDependencyClasses=[], forcePush=false, relationships=true}}}
[09/06/23 21:45:38:366 UTC]  INFO publishing.PublisherAPIImpl: Loading Push Publish Filter: ForcePush.yml
[09/06/23 21:45:38:367 UTC]  INFO publishing.PublisherAPIImpl: FilterDescriptor{key=ForcePush.yml, title=Force Push Everything, sort=4, default=false, roles=DOTCMS_BACK_END_USER, filters{{excludeQuery=, excludeClasses=[], dependencies=true, excludeDependencyQuery=, excludeDependencyClasses=[], forcePush=true, relationships=true}}}
[09/06/23 21:45:38:367 UTC]  INFO publishing.PublisherAPIImpl: Loading Push Publish Filter: ContentOnly.yml
[09/06/23 21:45:38:367 UTC]  INFO publishing.PublisherAPIImpl: FilterDescriptor{key=ContentOnly.yml, title=Content and Relationships, sort=1, default=false, roles=DOTCMS_BACK_END_USER, filters{{excludeQuery=, excludeClasses=[ContentType, Template, Containers, Folder, Host, Links, Workflow, Language, Rule, User, OSGI], dependencies=true, excludeDependencyQuery=, excludeDependencyClasses=[ContentType, Template, Containers, Folder, Host, Links, Workflow, Language, Rule], forcePush=false, relationships=true}}}
[09/06/23 21:45:38:367 UTC]  INFO publishing.PublisherAPIImpl: Loading Push Publish Filter: WebContentOnly.yml
[09/06/23 21:45:38:367 UTC]  INFO publishing.PublisherAPIImpl: FilterDescriptor{key=WebContentOnly.yml, title=Content, Assets and Pages, sort=2, default=false, roles=DOTCMS_BACK_END_USER, filters{{excludeQuery=, excludeClasses=[Host, Workflow, ContentType, User, OSGI, Language], dependencies=true, excludeDependencyQuery=, excludeDependencyClasses=[Host, Workflow, ContentType, Language], forcePush=false, relationships=true}}}
