[15/05/23 23:54:11:356 UTC]  INFO loggers.Log4jUtil: Async Logger enabled: true
[15/05/23 23:54:11:357 UTC]  INFO listeners.ContextLifecycleListener: Installing the web socket
[15/05/23 23:54:12:502 UTC]  INFO business.CacheLocator: loading cache administrator: ChainableCacheAdministratorImpl
[15/05/23 23:54:13:032 UTC]  INFO db.DataSourceStrategyProvider: Datasource loaded using custom class com.dotmarketing.db.SystemEnvDataSourceStrategy
[15/05/23 23:54:13:059 UTC]  INFO cfg.Environment: Hibernate 2.1.8
[15/05/23 23:54:13:062 UTC]  INFO cfg.Environment: hibernate.properties not found
[15/05/23 23:54:13:064 UTC]  INFO cfg.Environment: using CGLIB reflection optimizer
[15/05/23 23:54:13:067 UTC]  INFO cfg.Environment: using JDK 1.4 java.sql.Timestamp handling
[15/05/23 23:54:13:071 UTC]  INFO cfg.Configuration: configuring from resource: /hibernate.cfg.xml
[15/05/23 23:54:13:071 UTC]  INFO cfg.Configuration: Configuration resource: /hibernate.cfg.xml
[15/05/23 23:54:13:243 UTC]  INFO cfg.Configuration: Configured SessionFactory: null
[15/05/23 23:54:13:244 UTC]  INFO cfg.Configuration: Mapping resource: META-INF/portal-hbm.xml
[15/05/23 23:54:13:339 UTC]  INFO cfg.Binder: Mapping class: com.liferay.portal.ejb.AddressHBM -> Address
[15/05/23 23:54:13:392 UTC]  INFO cfg.Binder: Mapping class: com.liferay.portal.ejb.CompanyHBM -> Company
[15/05/23 23:54:13:395 UTC]  INFO cfg.Binder: Mapping class: com.liferay.portal.ejb.ImageHBM -> Image
[15/05/23 23:54:13:395 UTC]  INFO cfg.Binder: Mapping class: com.liferay.portal.ejb.PasswordTrackerHBM -> PasswordTracker
[15/05/23 23:54:13:399 UTC]  INFO cfg.Binder: Mapping class: com.liferay.portal.ejb.UserHBM -> User_
[15/05/23 23:54:13:404 UTC]  INFO cfg.Binder: Mapping class: com.liferay.portal.ejb.UserTrackerHBM -> UserTracker
[15/05/23 23:54:13:406 UTC]  INFO cfg.Binder: Mapping class: com.liferay.portal.ejb.UserTrackerPathHBM -> UserTrackerPath
[15/05/23 23:54:13:407 UTC]  INFO cfg.Binder: Mapping class: com.liferay.portlet.admin.ejb.AdminConfigHBM -> AdminConfig
[15/05/23 23:54:13:429 UTC]  INFO cfg.Configuration: Mapping resource: com/dotmarketing/beans/DotCMSSeq.hbm.xml
[15/05/23 23:54:13:477 UTC]  INFO cfg.Binder: Mapping class: com.dotmarketing.beans.Inode -> inode
[15/05/23 23:54:13:508 UTC]  INFO cfg.Binder: Mapping joined-subclass: com.dotmarketing.portlets.containers.model.Container -> dot_containers
[15/05/23 23:54:13:512 UTC]  INFO cfg.Binder: Mapping joined-subclass: com.dotmarketing.portlets.links.model.Link -> links
[15/05/23 23:54:13:514 UTC]  INFO cfg.Binder: Mapping joined-subclass: com.dotmarketing.portlets.structure.model.Field -> field
[15/05/23 23:54:13:516 UTC]  INFO cfg.Binder: Mapping class: com.dotmarketing.portlets.workflows.model.WorkflowTask -> workflow_task
[15/05/23 23:54:13:517 UTC]  INFO cfg.Binder: Mapping class: com.dotmarketing.portlets.workflows.model.WorkflowComment -> workflow_comment
[15/05/23 23:54:13:522 UTC]  INFO cfg.Binder: Mapping class: com.dotmarketing.portlets.workflows.model.WorkflowHistory -> workflow_history
[15/05/23 23:54:13:524 UTC]  INFO cfg.Binder: Mapping class: com.dotmarketing.portlets.workflows.model.WorkFlowTaskFiles -> workflowtask_files
[15/05/23 23:54:13:528 UTC]  INFO cfg.Binder: Mapping class: com.dotmarketing.beans.Permission -> permission
[15/05/23 23:54:13:531 UTC]  INFO cfg.Binder: Mapping class: com.dotmarketing.beans.PermissionReference -> permission_reference
[15/05/23 23:54:13:532 UTC]  INFO cfg.Binder: Mapping class: com.dotmarketing.beans.Tree -> tree
[15/05/23 23:54:13:646 UTC]  INFO cfg.Binder: Mapping class: com.dotmarketing.beans.MultiTree -> multi_tree
[15/05/23 23:54:13:670 UTC]  INFO util.ReflectHelper: reflection optimizer disabled for: com.dotmarketing.beans.MultiTree, BulkBeanException: Index 1 out of bounds for length 0 (property setParent1)
[15/05/23 23:54:13:670 UTC]  INFO cfg.Binder: Mapping class: com.dotmarketing.beans.Clickstream -> clickstream
[15/05/23 23:54:13:680 UTC]  INFO cfg.Binder: Mapping class: com.dotmarketing.beans.ClickstreamRequest -> clickstream_request
[15/05/23 23:54:13:681 UTC]  INFO cfg.Binder: Mapping class: com.dotmarketing.beans.Clickstream404 -> clickstream_404
[15/05/23 23:54:13:683 UTC]  INFO cfg.Binder: Mapping class: com.dotmarketing.tag.model.Tag -> tag
[15/05/23 23:54:13:684 UTC]  INFO cfg.Binder: Mapping class: com.dotmarketing.tag.model.TagInode -> tag_inode
[15/05/23 23:54:13:718 UTC]  INFO cfg.Binder: Mapping class: com.dotmarketing.beans.ChallengeQuestion -> challenge_question
[15/05/23 23:54:13:720 UTC]  INFO cfg.Binder: Mapping class: com.dotmarketing.beans.UsersToDelete -> users_to_delete
[15/05/23 23:54:13:721 UTC]  INFO cfg.Binder: Mapping class: com.dotmarketing.plugin.model.Plugin -> plugin
[15/05/23 23:54:13:730 UTC]  INFO cfg.Binder: Mapping class: com.dotmarketing.business.Role -> cms_role
[15/05/23 23:54:13:732 UTC]  INFO cfg.Binder: Mapping class: com.dotmarketing.business.UsersRoles -> users_cms_roles
[15/05/23 23:54:13:733 UTC]  INFO cfg.Binder: Mapping class: com.dotmarketing.business.LayoutsRoles -> layouts_cms_roles
[15/05/23 23:54:13:735 UTC]  INFO cfg.Binder: Mapping class: com.dotmarketing.business.Layout -> cms_layout
[15/05/23 23:54:13:736 UTC]  INFO cfg.Binder: Mapping class: com.dotmarketing.business.PortletsLayouts -> cms_layouts_portlets
[15/05/23 23:54:13:738 UTC]  INFO cfg.Binder: Mapping class: com.dotmarketing.portlets.hostvariable.model.HostVariable -> host_variable
[15/05/23 23:54:13:739 UTC]  INFO cfg.Binder: Mapping class: com.dotmarketing.beans.FixAudit -> fixes_audit
[15/05/23 23:54:13:745 UTC]  INFO cfg.Binder: Mapping class: com.dotmarketing.beans.ContainerStructure -> container_structures
[15/05/23 23:54:13:748 UTC]  INFO cfg.Binder: Mapping class: com.dotmarketing.portlets.templates.model.TemplateVersionInfo -> template_version_info
[15/05/23 23:54:13:750 UTC]  INFO cfg.Binder: Mapping class: com.dotmarketing.portlets.containers.model.ContainerVersionInfo -> container_version_info
[15/05/23 23:54:13:751 UTC]  INFO cfg.Binder: Mapping class: com.dotmarketing.portlets.links.model.LinkVersionInfo -> link_version_info
[15/05/23 23:54:13:752 UTC]  INFO cfg.Configuration: Mapping resource: com/dotmarketing/beans/DotCMSSeq_NOSQLGEN.hbm.xml
[15/05/23 23:54:13:766 UTC]  INFO cfg.Binder: Mapping class: com.dotmarketing.plugin.model.PluginProperty -> plugin_property
[15/05/23 23:54:13:801 UTC]  INFO cfg.Configuration: processing one-to-many association mappings
[15/05/23 23:54:13:801 UTC]  INFO cfg.Binder: Mapping collection: com.dotmarketing.beans.Clickstream.clickstreamRequests -> clickstream_request
[15/05/23 23:54:13:801 UTC]  INFO cfg.Configuration: processing one-to-one association property references
[15/05/23 23:54:13:802 UTC]  INFO cfg.Configuration: processing foreign key constraints
[15/05/23 23:54:13:817 UTC]  INFO dialect.Dialect: Using dialect: com.dotcms.repackage.net.sf.hibernate.dialect.PostgreSQLDialect
[15/05/23 23:54:13:821 UTC]  INFO cfg.SettingsFactory: Use outer join fetching: true
[15/05/23 23:54:13:824 UTC]  WARN connection.UserSuppliedConnectionProvider: No connection properties specified - the user must supply JDBC connections
[15/05/23 23:54:13:830 UTC]  INFO transaction.TransactionManagerLookupFactory: No TransactionManagerLookup configured (in JTA environment, use of process level read-write cache is not recommended)
[15/05/23 23:54:13:830 UTC]  INFO cfg.SettingsFactory: Use scrollable result sets: true
[15/05/23 23:54:13:832 UTC]  INFO cfg.SettingsFactory: Use JDBC3 getGeneratedKeys(): false
[15/05/23 23:54:13:832 UTC]  INFO cfg.SettingsFactory: Optimize cache for minimal puts: false
[15/05/23 23:54:13:832 UTC]  INFO cfg.SettingsFactory: Query language substitutions: {}
[15/05/23 23:54:13:832 UTC]  INFO cfg.SettingsFactory: cache provider: com.dotmarketing.db.NoCacheProvider
[15/05/23 23:54:13:835 UTC]  INFO cfg.Configuration: instantiating and configuring caches
[15/05/23 23:54:13:849 UTC]  INFO impl.SessionFactoryImpl: building session factory
[15/05/23 23:54:14:069 UTC]  INFO util.ReflectHelper: reflection optimizer disabled for: com.dotmarketing.beans.MultiTree, BulkBeanException: Index 1 out of bounds for length 0 (property setTreeOrder)
[15/05/23 23:54:14:265 UTC]  INFO impl.SessionFactoryObjectFactory: Not binding factory to JNDI, no JNDI name configured
[15/05/23 23:54:14:412 UTC]  WARN lang.System: No Valid License Found : /data/local/dotsecure/license/license.dat
[15/05/23 23:54:14:414 UTC]  INFO enterprise.LicenseUtil: Setting up default license
[15/05/23 23:54:14:991 UTC]  INFO servlet.VisitorFilter: VisitorLogger Filter Started
[15/05/23 23:54:15:304 UTC]  INFO util.SystemProperties: Loading file:/srv/dotserver/tomcat-9.0.60/webapps/ROOT/WEB-INF/classes/system.properties
[15/05/23 23:54:15:305 UTC]  INFO util.SystemProperties: Loading file:/srv/dotserver/tomcat-9.0.60/webapps/ROOT/WEB-INF/classes/system-ext.properties
[15/05/23 23:54:15:311 UTC]  INFO util.SystemProperties: Loading file:/srv/dotserver/tomcat-9.0.60/webapps/ROOT/WEB-INF/classes/system.properties
[15/05/23 23:54:15:311 UTC]  INFO util.SystemProperties: Loading file:/srv/dotserver/tomcat-9.0.60/webapps/ROOT/WEB-INF/classes/system-ext.properties
[15/05/23 23:54:15:690 UTC]  WARN impl.SessionImpl: finalizing unclosed session with closed connection
[15/05/23 23:54:16:082 UTC]  INFO util.PropsLoader: Loading file:/srv/dotserver/tomcat-9.0.60/webapps/ROOT/WEB-INF/classes/portal.properties
[15/05/23 23:54:16:085 UTC]  INFO util.PropsLoader: Loading file:/srv/dotserver/tomcat-9.0.60/webapps/ROOT/WEB-INF/classes/portal-ext.properties
[15/05/23 23:54:19:356 UTC]  INFO tiles.TilesPlugin: Tiles definition factory loaded for module ''.
[15/05/23 23:54:19:368 UTC]  INFO validator.ValidatorPlugIn: Loading validation rules file from '/WEB-INF/validator-rules.xml'
[15/05/23 23:54:19:368 UTC]  INFO validator.ValidatorPlugIn: Loading validation rules file from '/WEB-INF/validation.xml'
[15/05/23 23:54:19:605 UTC]  INFO util.RestHighLevelClientProvider: disabling String.intern() in Jackson
[15/05/23 23:54:19:607 UTC]  WARN util.DotRestHighLevelClientProvider: Elastic RestHighLevelClient will be initialized without certificates
[15/05/23 23:54:19:614 UTC]  INFO util.DotRestHighLevelClientProvider: Initializing Elastic RestHighLevelClient using Basic authentication
[15/05/23 23:54:19:635 UTC]  INFO util.DotRestHighLevelClientProvider: Initializing Elastic RestHighLevelClient using endpoints [
[15/05/23 23:54:19:635 UTC]  INFO util.DotRestHighLevelClientProvider:   - http://elasticsearch:9200
[15/05/23 23:54:19:635 UTC]  INFO util.DotRestHighLevelClientProvider: ]
[15/05/23 23:54:19:635 UTC]  WARN util.DotRestHighLevelClientProvider: Initializing Elastic RestHighLevelClient using an unsecured http connection
[15/05/23 23:54:20:153 UTC]  INFO util.DotRestHighLevelClientProvider: RestHighLevelClientProvider com.dotcms.content.elasticsearch.util.DotRestHighLevelClientProvider loaded successfully
[15/05/23 23:54:20:672 UTC]  INFO startup.StartupTasksExecutor: Running Startup Tasks
[15/05/23 23:54:20:851 UTC]  INFO runalways.Task00001LoadSchema: -------------------------------------------------------------------------------------
[15/05/23 23:54:20:853 UTC]  INFO runalways.Task00001LoadSchema: 
[15/05/23 23:54:20:856 UTC]  INFO runalways.Task00001LoadSchema: Empty dotCMS database found.  Loading initial dotCMS schema for PostgreSQL
[15/05/23 23:54:20:857 UTC]  INFO runalways.Task00001LoadSchema: 
[15/05/23 23:54:20:858 UTC]  INFO runalways.Task00001LoadSchema: -------------------------------------------------------------------------------------
[15/05/23 23:54:20:866 UTC]  INFO startup.StartupTasksExecutor: Running Startup Tasks : Task00001LoadSchema
[15/05/23 23:54:20:871 UTC]  INFO runalways.Task00001LoadSchema: Loading schema
[15/05/23 23:54:21:385 UTC]  INFO runalways.Task00001LoadSchema: Schema created (506 statements executed)
[15/05/23 23:54:21:394 UTC]  INFO timedcache.TimedCacheProvider: ===== Initializing [Timed Cache Provider].
[15/05/23 23:54:21:395 UTC]  INFO timedcache.TimedCacheProvider: ***	 Cache Config Memory : esquerycache: 10000
[15/05/23 23:54:21:396 UTC]  INFO timedcache.TimedCacheProvider: ***	 Cache Config Memory : esquerycountcache: 10000
[15/05/23 23:54:21:397 UTC]  INFO timedcache.TimedCacheProvider: ***	 Cache Config Memory : graphqlquerycache: 5000
[15/05/23 23:54:21:397 UTC]  INFO timedcache.TimedCacheProvider: ***	 Cache Config Memory : default: 1000
[15/05/23 23:54:21:398 UTC]  INFO timedcache.TimedCacheProvider: ***	 Cache Config Memory : adminconfigpool: 100
[15/05/23 23:54:21:399 UTC]  INFO timedcache.TimedCacheProvider: ***	 Cache Config Memory : companypool: 10
[15/05/23 23:54:21:400 UTC]  INFO timedcache.TimedCacheProvider: ***	 Cache Config Memory : contentletcache: 5000
[15/05/23 23:54:21:401 UTC]  INFO timedcache.TimedCacheProvider: ***	 Cache Config Memory : categoryparentscache: 30000
[15/05/23 23:54:21:401 UTC]  INFO timedcache.TimedCacheProvider: ***	 Cache Config Memory : taginodecache: 50000
[15/05/23 23:54:21:402 UTC]  INFO timedcache.TimedCacheProvider: ***	 Cache Config Memory : taginodesbyinodecache: 50000
[15/05/23 23:54:21:403 UTC]  INFO timedcache.TimedCacheProvider: ***	 Cache Config Memory : tagcache: 50000
[15/05/23 23:54:21:404 UTC]  INFO timedcache.TimedCacheProvider: ***	 Cache Config Memory : csscache: 2500
[15/05/23 23:54:21:404 UTC]  INFO timedcache.TimedCacheProvider: ***	 Cache Config Memory : assetmetadatacache: 10000
[15/05/23 23:54:21:406 UTC]  INFO timedcache.TimedCacheProvider: ***	 Cache Config Memory : identifiercache: 50000
[15/05/23 23:54:21:407 UTC]  INFO timedcache.TimedCacheProvider: ***	 Cache Config Memory : identifier404cache: 30000
[15/05/23 23:54:21:408 UTC]  INFO timedcache.TimedCacheProvider: ***	 Cache Config Memory : indiciescache: 8
[15/05/23 23:54:21:409 UTC]  INFO timedcache.TimedCacheProvider: ***	 Cache Config Memory : logmappercache: 10
[15/05/23 23:54:21:410 UTC]  INFO timedcache.TimedCacheProvider: ***	 Cache Config Memory : navcache: 1000
[15/05/23 23:54:21:411 UTC]  INFO timedcache.TimedCacheProvider: ***	 Cache Config Memory : parentpermissionablecache: 10000
[15/05/23 23:54:21:411 UTC]  INFO timedcache.TimedCacheProvider: ***	 Cache Config Memory : permissioncache: 50000
[15/05/23 23:54:21:412 UTC]  INFO timedcache.TimedCacheProvider: ***	 Cache Config Memory : portletpool: 100
[15/05/23 23:54:21:414 UTC]  INFO timedcache.TimedCacheProvider: ***	 Cache Config Memory : publishingendpointcache: 100
[15/05/23 23:54:21:414 UTC]  INFO timedcache.TimedCacheProvider: ***	 Cache Config Memory : pushedassetscache: 5000
[15/05/23 23:54:21:416 UTC]  INFO timedcache.TimedCacheProvider: ***	 Cache Config Memory : templatecache: 500
[15/05/23 23:54:21:418 UTC]  INFO timedcache.TimedCacheProvider: ***	 Cache Config Memory : translatedquerycache: 5000
[15/05/23 23:54:21:422 UTC]  INFO timedcache.TimedCacheProvider: ***	 Cache Config Memory : versioncache: 50000
[15/05/23 23:54:21:424 UTC]  INFO timedcache.TimedCacheProvider: ***	 Cache Config Memory : versioninfocache: 50000
[15/05/23 23:54:21:424 UTC]  INFO timedcache.TimedCacheProvider: ***	 Cache Config Memory : workflowactioncache: 10000
[15/05/23 23:54:21:425 UTC]  INFO timedcache.TimedCacheProvider: ***	 Cache Config Memory : workflowtaskcache: 10000
[15/05/23 23:54:21:426 UTC]  INFO timedcache.TimedCacheProvider: ***	 Cache Config Memory : shortyidcache: 25000
[15/05/23 23:54:21:427 UTC]  INFO timedcache.TimedCacheProvider: ***	 Cache Config Memory : velocitycache: 5000
[15/05/23 23:54:21:429 UTC]  INFO timedcache.TimedCacheProvider: ***	 Cache Config Memory : vanityurldirectcache: 25000
[15/05/23 23:54:21:429 UTC]  INFO timedcache.TimedCacheProvider: ***	 Cache Config Memory : vanityurlsitecache: 5000
[15/05/23 23:54:21:430 UTC]  INFO h22.H22Cache: Start Full Cache Flush in h22
[15/05/23 23:54:21:431 UTC]  INFO h22.H22Cache: Building new H22 Cache, db:0
[15/05/23 23:54:21:447 UTC]  INFO h22.H22HikariPool: H22 on disk cache:jdbc:h2:/data/local/dotsecure/h22cache/0/2023-05-15_23-54-21/cache;MVCC=TRUE;DB_CLOSE_ON_EXIT=FALSE
[15/05/23 23:54:21:689 UTC]  INFO h22.H22Cache: Building new H22 Cache, db:1
[15/05/23 23:54:21:692 UTC]  INFO h22.H22HikariPool: H22 on disk cache:jdbc:h2:/data/local/dotsecure/h22cache/1/2023-05-15_23-54-21/cache;MVCC=TRUE;DB_CLOSE_ON_EXIT=FALSE
[15/05/23 23:54:21:752 UTC]  INFO h22.H22Cache: End Full Cache Flush in h22 : 319ms
[15/05/23 23:54:24:769 UTC]  INFO timedcache.TimedCacheProvider: ===== Initializing [Timed Cache Provider].
[15/05/23 23:54:24:770 UTC]  INFO timedcache.TimedCacheProvider: ***	 Cache Config Memory : esquerycache: 10000
[15/05/23 23:54:24:770 UTC]  INFO timedcache.TimedCacheProvider: ***	 Cache Config Memory : esquerycountcache: 10000
[15/05/23 23:54:24:770 UTC]  INFO timedcache.TimedCacheProvider: ***	 Cache Config Memory : graphqlquerycache: 5000
[15/05/23 23:54:24:770 UTC]  INFO timedcache.TimedCacheProvider: ***	 Cache Config Memory : default: 1000
[15/05/23 23:54:24:771 UTC]  INFO timedcache.TimedCacheProvider: ***	 Cache Config Memory : adminconfigpool: 100
[15/05/23 23:54:24:771 UTC]  INFO timedcache.TimedCacheProvider: ***	 Cache Config Memory : companypool: 10
[15/05/23 23:54:24:771 UTC]  INFO timedcache.TimedCacheProvider: ***	 Cache Config Memory : contentletcache: 5000
[15/05/23 23:54:24:771 UTC]  INFO timedcache.TimedCacheProvider: ***	 Cache Config Memory : categoryparentscache: 30000
[15/05/23 23:54:24:771 UTC]  INFO timedcache.TimedCacheProvider: ***	 Cache Config Memory : taginodecache: 50000
[15/05/23 23:54:24:771 UTC]  INFO timedcache.TimedCacheProvider: ***	 Cache Config Memory : taginodesbyinodecache: 50000
[15/05/23 23:54:24:771 UTC]  INFO timedcache.TimedCacheProvider: ***	 Cache Config Memory : tagcache: 50000
[15/05/23 23:54:24:771 UTC]  INFO timedcache.TimedCacheProvider: ***	 Cache Config Memory : csscache: 2500
[15/05/23 23:54:24:771 UTC]  INFO timedcache.TimedCacheProvider: ***	 Cache Config Memory : assetmetadatacache: 10000
[15/05/23 23:54:24:771 UTC]  INFO timedcache.TimedCacheProvider: ***	 Cache Config Memory : identifiercache: 50000
[15/05/23 23:54:24:771 UTC]  INFO timedcache.TimedCacheProvider: ***	 Cache Config Memory : identifier404cache: 30000
[15/05/23 23:54:24:771 UTC]  INFO timedcache.TimedCacheProvider: ***	 Cache Config Memory : indiciescache: 8
[15/05/23 23:54:24:771 UTC]  INFO timedcache.TimedCacheProvider: ***	 Cache Config Memory : logmappercache: 10
[15/05/23 23:54:24:771 UTC]  INFO timedcache.TimedCacheProvider: ***	 Cache Config Memory : navcache: 1000
[15/05/23 23:54:24:771 UTC]  INFO timedcache.TimedCacheProvider: ***	 Cache Config Memory : parentpermissionablecache: 10000
[15/05/23 23:54:24:771 UTC]  INFO timedcache.TimedCacheProvider: ***	 Cache Config Memory : permissioncache: 50000
[15/05/23 23:54:24:771 UTC]  INFO timedcache.TimedCacheProvider: ***	 Cache Config Memory : portletpool: 100
[15/05/23 23:54:24:771 UTC]  INFO timedcache.TimedCacheProvider: ***	 Cache Config Memory : publishingendpointcache: 100
[15/05/23 23:54:24:771 UTC]  INFO timedcache.TimedCacheProvider: ***	 Cache Config Memory : pushedassetscache: 5000
[15/05/23 23:54:24:771 UTC]  INFO timedcache.TimedCacheProvider: ***	 Cache Config Memory : templatecache: 500
[15/05/23 23:54:24:771 UTC]  INFO timedcache.TimedCacheProvider: ***	 Cache Config Memory : translatedquerycache: 5000
[15/05/23 23:54:24:771 UTC]  INFO timedcache.TimedCacheProvider: ***	 Cache Config Memory : versioncache: 50000
[15/05/23 23:54:24:771 UTC]  INFO timedcache.TimedCacheProvider: ***	 Cache Config Memory : versioninfocache: 50000
[15/05/23 23:54:24:772 UTC]  INFO timedcache.TimedCacheProvider: ***	 Cache Config Memory : workflowactioncache: 10000
[15/05/23 23:54:24:772 UTC]  INFO timedcache.TimedCacheProvider: ***	 Cache Config Memory : workflowtaskcache: 10000
[15/05/23 23:54:24:772 UTC]  INFO timedcache.TimedCacheProvider: ***	 Cache Config Memory : shortyidcache: 25000
[15/05/23 23:54:24:772 UTC]  INFO timedcache.TimedCacheProvider: ***	 Cache Config Memory : velocitycache: 5000
[15/05/23 23:54:24:772 UTC]  INFO timedcache.TimedCacheProvider: ***	 Cache Config Memory : vanityurldirectcache: 25000
[15/05/23 23:54:24:772 UTC]  INFO timedcache.TimedCacheProvider: ***	 Cache Config Memory : vanityurlsitecache: 5000
[15/05/23 23:54:24:772 UTC]  INFO h22.H22Cache: Start Full Cache Flush in h22
[15/05/23 23:54:24:772 UTC]  INFO h22.H22Cache: Building new H22 Cache, db:0
[15/05/23 23:54:24:772 UTC]  INFO h22.H22HikariPool: H22 on disk cache:jdbc:h2:/data/local/dotsecure/h22cache/0/2023-05-15_23-54-24/cache;MVCC=TRUE;DB_CLOSE_ON_EXIT=FALSE
[15/05/23 23:54:24:864 UTC]  INFO h22.H22Cache: Building new H22 Cache, db:1
[15/05/23 23:54:24:866 UTC]  INFO h22.H22HikariPool: H22 on disk cache:jdbc:h2:/data/local/dotsecure/h22cache/1/2023-05-15_23-54-24/cache;MVCC=TRUE;DB_CLOSE_ON_EXIT=FALSE
[15/05/23 23:54:24:950 UTC]  INFO h22.H22Cache: End Full Cache Flush in h22 : 178ms
[15/05/23 23:54:24:952 UTC]  INFO startup.StartupTasksExecutor: Not Running Startup Tasks: Task00002LoadClusterLicenses
[15/05/23 23:54:24:953 UTC]  INFO startup.StartupTasksExecutor: Running Startup Tasks : Task00003CreateSystemRoles
[15/05/23 23:54:24:965 UTC]  INFO startup.StartupTasksExecutor: Running Startup Tasks : Task00004LoadStarter
[15/05/23 23:54:24:981 UTC]  INFO db.DotCMSInitDb: There are no inodes - initializing db with starter site
[15/05/23 23:54:25:025 UTC]  INFO starter.ImportStarterUtil: Found 21 files to import
[15/05/23 23:54:25:029 UTC]  WARN util.FileUtil: /data/local/dotsecure/backup/temp/assets/messages/cms_language_en_US.properties is empty
[15/05/23 23:54:25:031 UTC]  WARN util.FileUtil: /data/local/dotsecure/backup/temp/assets/messages/cms_language_es_ES.properties is empty
[15/05/23 23:54:25:033 UTC]  WARN util.FileUtil: /data/local/dotsecure/backup/temp/assets/messages/cms_language_fr_FR.properties is empty
[15/05/23 23:54:25:037 UTC]  WARN util.FileUtil: /data/local/dotsecure/backup/temp/assets/messages/cms_language_zh_CN.properties is empty
[15/05/23 23:54:25:039 UTC]  INFO starter.ImportStarterUtil: About to delete all records from clickstream_404
[15/05/23 23:54:25:044 UTC]  INFO starter.ImportStarterUtil: Deleted all records from clickstream_404
[15/05/23 23:54:25:044 UTC]  INFO starter.ImportStarterUtil: About to delete all records from PasswordTracker
[15/05/23 23:54:25:044 UTC]  INFO starter.ImportStarterUtil: Deleted all records from PasswordTracker
[15/05/23 23:54:25:044 UTC]  INFO starter.ImportStarterUtil: About to delete all records from users_to_delete
[15/05/23 23:54:25:047 UTC]  INFO starter.ImportStarterUtil: Deleted all records from users_to_delete
[15/05/23 23:54:25:047 UTC]  INFO starter.ImportStarterUtil: About to delete all records from fixes_audit
[15/05/23 23:54:25:047 UTC]  INFO starter.ImportStarterUtil: Deleted all records from fixes_audit
[15/05/23 23:54:25:049 UTC]  INFO starter.ImportStarterUtil: About to delete all records from clickstream
[15/05/23 23:54:25:050 UTC]  INFO starter.ImportStarterUtil: Deleted all records from clickstream
[15/05/23 23:54:25:050 UTC]  INFO starter.ImportStarterUtil: About to delete all records from permission_reference
[15/05/23 23:54:25:053 UTC]  INFO starter.ImportStarterUtil: Deleted all records from permission_reference
[15/05/23 23:54:25:053 UTC]  INFO starter.ImportStarterUtil: About to delete all records from tag
[15/05/23 23:54:25:054 UTC]  INFO starter.ImportStarterUtil: Deleted all records from tag
[15/05/23 23:54:25:054 UTC]  INFO starter.ImportStarterUtil: About to delete all records from workflow_task
[15/05/23 23:54:25:055 UTC]  INFO starter.ImportStarterUtil: Deleted all records from workflow_task
[15/05/23 23:54:25:055 UTC]  INFO starter.ImportStarterUtil: About to delete all records from dot_containers
[15/05/23 23:54:25:056 UTC]  INFO starter.ImportStarterUtil: Deleted all records from dot_containers
[15/05/23 23:54:25:056 UTC]  INFO starter.ImportStarterUtil: About to delete all records from AdminConfig
[15/05/23 23:54:25:057 UTC]  INFO starter.ImportStarterUtil: Deleted all records from AdminConfig
[15/05/23 23:54:25:057 UTC]  INFO starter.ImportStarterUtil: About to delete all records from workflow_comment
[15/05/23 23:54:25:059 UTC]  INFO starter.ImportStarterUtil: Deleted all records from workflow_comment
[15/05/23 23:54:25:059 UTC]  INFO starter.ImportStarterUtil: About to delete all records from clickstream_request
[15/05/23 23:54:25:062 UTC]  INFO starter.ImportStarterUtil: Deleted all records from clickstream_request
[15/05/23 23:54:25:062 UTC]  INFO starter.ImportStarterUtil: About to delete all records from UserTrackerPath
[15/05/23 23:54:25:062 UTC]  INFO starter.ImportStarterUtil: Deleted all records from UserTrackerPath
[15/05/23 23:54:25:062 UTC]  INFO starter.ImportStarterUtil: About to delete all records from UserTracker
[15/05/23 23:54:25:063 UTC]  INFO starter.ImportStarterUtil: Deleted all records from UserTracker
[15/05/23 23:54:25:063 UTC]  INFO starter.ImportStarterUtil: About to delete all records from links
[15/05/23 23:54:25:064 UTC]  INFO starter.ImportStarterUtil: Deleted all records from links
[15/05/23 23:54:25:064 UTC]  INFO starter.ImportStarterUtil: About to delete all records from tag_inode
[15/05/23 23:54:25:065 UTC]  INFO starter.ImportStarterUtil: Deleted all records from tag_inode
[15/05/23 23:54:25:065 UTC]  INFO starter.ImportStarterUtil: About to delete all records from container_version_info
[15/05/23 23:54:25:066 UTC]  INFO starter.ImportStarterUtil: Deleted all records from container_version_info
[15/05/23 23:54:25:066 UTC]  INFO starter.ImportStarterUtil: About to delete all records from workflowtask_files
[15/05/23 23:54:25:067 UTC]  INFO starter.ImportStarterUtil: Deleted all records from workflowtask_files
[15/05/23 23:54:25:067 UTC]  INFO starter.ImportStarterUtil: About to delete all records from field
[15/05/23 23:54:25:068 UTC]  INFO starter.ImportStarterUtil: Deleted all records from field
[15/05/23 23:54:25:068 UTC]  INFO starter.ImportStarterUtil: About to delete all records from tree
[15/05/23 23:54:25:070 UTC]  INFO starter.ImportStarterUtil: Deleted all records from tree
[15/05/23 23:54:25:070 UTC]  INFO starter.ImportStarterUtil: About to delete all records from challenge_question
[15/05/23 23:54:25:070 UTC]  INFO starter.ImportStarterUtil: Deleted all records from challenge_question
[15/05/23 23:54:25:070 UTC]  INFO starter.ImportStarterUtil: About to delete all records from link_version_info
[15/05/23 23:54:25:071 UTC]  INFO starter.ImportStarterUtil: Deleted all records from link_version_info
[15/05/23 23:54:25:072 UTC]  INFO starter.ImportStarterUtil: About to delete all records from container_structures
[15/05/23 23:54:25:073 UTC]  INFO starter.ImportStarterUtil: Deleted all records from container_structures
[15/05/23 23:54:25:073 UTC]  INFO starter.ImportStarterUtil: About to delete all records from multi_tree
[15/05/23 23:54:25:074 UTC]  INFO starter.ImportStarterUtil: Deleted all records from multi_tree
[15/05/23 23:54:25:074 UTC]  INFO starter.ImportStarterUtil: About to delete all records from template_version_info
[15/05/23 23:54:25:076 UTC]  INFO starter.ImportStarterUtil: Deleted all records from template_version_info
[15/05/23 23:54:25:076 UTC]  INFO starter.ImportStarterUtil: About to delete all records from host_variable
[15/05/23 23:54:25:076 UTC]  INFO starter.ImportStarterUtil: Deleted all records from host_variable
[15/05/23 23:54:25:076 UTC]  INFO starter.ImportStarterUtil: About to delete all records from workflow_history
[15/05/23 23:54:25:078 UTC]  INFO starter.ImportStarterUtil: Deleted all records from workflow_history
[15/05/23 23:54:25:078 UTC]  INFO starter.ImportStarterUtil: About to delete all records from permission
[15/05/23 23:54:25:079 UTC]  INFO starter.ImportStarterUtil: Deleted all records from permission
[15/05/23 23:54:25:079 UTC]  INFO starter.ImportStarterUtil: About to delete all records from cms_layouts_portlets
[15/05/23 23:54:25:080 UTC]  INFO starter.ImportStarterUtil: Deleted all records from cms_layouts_portlets
[15/05/23 23:54:25:080 UTC]  INFO starter.ImportStarterUtil: About to delete all records from layouts_cms_roles
[15/05/23 23:54:25:081 UTC]  INFO starter.ImportStarterUtil: Deleted all records from layouts_cms_roles
[15/05/23 23:54:25:081 UTC]  INFO starter.ImportStarterUtil: About to delete all records from users_cms_roles
[15/05/23 23:54:25:082 UTC]  INFO starter.ImportStarterUtil: Deleted all records from users_cms_roles
[15/05/23 23:54:25:082 UTC]  INFO starter.ImportStarterUtil: About to delete all records from cms_role
[15/05/23 23:54:25:087 UTC]  INFO starter.ImportStarterUtil: Deleted all records from cms_role
[15/05/23 23:54:25:088 UTC]  INFO starter.ImportStarterUtil: About to delete all records from cms_layout
[15/05/23 23:54:25:089 UTC]  INFO starter.ImportStarterUtil: Deleted all records from cms_layout
[15/05/23 23:54:25:089 UTC]  INFO starter.ImportStarterUtil: About to delete all records from structure
[15/05/23 23:54:25:090 UTC]  INFO starter.ImportStarterUtil: Deleted all records from structure
[15/05/23 23:54:25:091 UTC]  INFO starter.ImportStarterUtil: About to delete all records from folder
[15/05/23 23:54:25:091 UTC]  INFO starter.ImportStarterUtil: Deleted all records from folder
[15/05/23 23:54:25:092 UTC]  INFO starter.ImportStarterUtil: About to delete all records from identifier
[15/05/23 23:54:25:095 UTC]  INFO starter.ImportStarterUtil: Deleted all records from identifier
[15/05/23 23:54:25:095 UTC]  INFO starter.ImportStarterUtil: About to delete all records from inode
[15/05/23 23:54:25:096 UTC]  INFO starter.ImportStarterUtil: Deleted all records from inode
[15/05/23 23:54:25:096 UTC]  INFO starter.ImportStarterUtil: About to delete all records from user_
[15/05/23 23:54:25:100 UTC]  INFO starter.ImportStarterUtil: Deleted all records from user_
[15/05/23 23:54:25:101 UTC]  INFO starter.ImportStarterUtil: About to delete all records from company
[15/05/23 23:54:25:101 UTC]  INFO starter.ImportStarterUtil: Deleted all records from company
[15/05/23 23:54:25:102 UTC]  INFO starter.ImportStarterUtil: About to delete all records from counter
[15/05/23 23:54:25:102 UTC]  INFO starter.ImportStarterUtil: Deleted all records from counter
[15/05/23 23:54:25:103 UTC]  INFO starter.ImportStarterUtil: About to delete all records from image
[15/05/23 23:54:25:103 UTC]  INFO starter.ImportStarterUtil: Deleted all records from image
[15/05/23 23:54:25:104 UTC]  INFO starter.ImportStarterUtil: About to delete all records from portlet
[15/05/23 23:54:25:104 UTC]  INFO starter.ImportStarterUtil: Deleted all records from portlet
[15/05/23 23:54:25:105 UTC]  INFO starter.ImportStarterUtil: About to delete all records from portletpreferences
[15/05/23 23:54:25:105 UTC]  INFO starter.ImportStarterUtil: Deleted all records from portletpreferences
[15/05/23 23:54:25:106 UTC]  INFO starter.ImportStarterUtil: About to delete all records from address
[15/05/23 23:54:25:106 UTC]  INFO starter.ImportStarterUtil: Deleted all records from address
[15/05/23 23:54:25:107 UTC]  INFO starter.ImportStarterUtil: About to delete all records from plugin_property
[15/05/23 23:54:25:108 UTC]  INFO starter.ImportStarterUtil: Deleted all records from plugin_property
[15/05/23 23:54:25:108 UTC]  INFO starter.ImportStarterUtil: About to delete all records from plugin
[15/05/23 23:54:25:109 UTC]  INFO starter.ImportStarterUtil: Deleted all records from plugin
[15/05/23 23:54:25:139 UTC]  INFO starter.ImportStarterUtil: **** Importing the file: /data/local/dotsecure/backup/temp/com.liferay.portal.model.Company.json *****
[15/05/23 23:54:25:140 UTC]  INFO starter.ImportStarterUtil: Importing:	com.liferay.portal.model.Company
[15/05/23 23:54:25:241 UTC]  INFO starter.ImportStarterUtil: Found :	1 com.liferay.portal.model.Company(s)
[15/05/23 23:54:25:336 UTC]  INFO starter.ImportStarterUtil: **** Importing the file: /data/local/dotsecure/backup/temp/com.dotmarketing.business.Role_0000000000.json *****
[15/05/23 23:54:25:336 UTC]  INFO starter.ImportStarterUtil: Importing:	com.dotmarketing.business.Role
[15/05/23 23:54:25:345 UTC]  INFO starter.ImportStarterUtil: Found :	18 com.dotmarketing.business.Role(s)
[15/05/23 23:54:25:348 UTC]  INFO starter.ImportStarterUtil: roleKey:cms_users = 0
[15/05/23 23:54:25:349 UTC]  INFO starter.ImportStarterUtil: roleKey:System = 0
[15/05/23 23:54:25:351 UTC]  INFO starter.ImportStarterUtil: roleKey:DOTCMS_BACK_END_USER = 0
[15/05/23 23:54:25:352 UTC]  INFO starter.ImportStarterUtil: roleKey:cms_workflow_any_who_can_view = 0
[15/05/23 23:54:25:354 UTC]  INFO starter.ImportStarterUtil: roleKey:Form Editor = 0
[15/05/23 23:54:25:355 UTC]  INFO starter.ImportStarterUtil: roleKey:dotcms.org.default = 0
[15/05/23 23:54:25:357 UTC]  INFO starter.ImportStarterUtil: roleKey:cms_workflow_any_who_can_edit_permissions = 0
[15/05/23 23:54:25:359 UTC]  INFO starter.ImportStarterUtil: roleKey:cms_workflow_any_who_can_edit = 0
[15/05/23 23:54:25:361 UTC]  INFO starter.ImportStarterUtil: roleKey:CMS Anonymous = 0
[15/05/23 23:54:25:363 UTC]  INFO starter.ImportStarterUtil: roleKey:CMS Owner = 0
[15/05/23 23:54:25:365 UTC]  INFO starter.ImportStarterUtil: roleKey:Login As = 0
[15/05/23 23:54:25:368 UTC]  INFO starter.ImportStarterUtil: roleKey:LDAP User = 0
[15/05/23 23:54:25:369 UTC]  INFO starter.ImportStarterUtil: roleKey:CMS Administrator = 0
[15/05/23 23:54:25:370 UTC]  INFO starter.ImportStarterUtil: roleKey:DOTCMS_FRONT_END_USER = 0
[15/05/23 23:54:25:373 UTC]  INFO starter.ImportStarterUtil: roleKey:cms_workflow_any_who_can_publish = 0
[15/05/23 23:54:25:375 UTC]  INFO starter.ImportStarterUtil: roleKey:dotcms.org.1 = 0
[15/05/23 23:54:25:377 UTC]  INFO starter.ImportStarterUtil: roleKey:anonymous = 0
[15/05/23 23:54:25:379 UTC]  INFO starter.ImportStarterUtil: roleKey:Scripting Developer = 0
[15/05/23 23:54:25:380 UTC]  INFO starter.ImportStarterUtil: **** Importing the file: /data/local/dotsecure/backup/temp/com.liferay.portal.model.User.json *****
[15/05/23 23:54:25:381 UTC]  INFO starter.ImportStarterUtil: Importing:	com.liferay.portal.model.User
[15/05/23 23:54:25:415 UTC]  INFO starter.ImportStarterUtil: Found :	4 com.liferay.portal.model.User(s)
[15/05/23 23:54:25:459 UTC]  WARN util.LocaleUtil: null is not a valid language id
[15/05/23 23:54:25:468 UTC]  WARN business.UserHelper: Error loading user with id dotcms.org.1
[15/05/23 23:54:25:554 UTC]  INFO xml.Marshaller: Marshaller called using one of the *static*  marshal(Object, *) methods. This will ignore any  mapping files as specified. Please consider switching to  using Marshaller instances and calling one of the marshal(*) methods.
[15/05/23 23:54:26:960 UTC]  WARN business.UserHelper: Error loading user with id system
[15/05/23 23:54:27:714 UTC]  INFO util.SecurityLogger: class com.dotmarketing.business.RoleAPIImpl : Adding role:'Admin User' to user:dotcms.org.1 email:admin@dotcms.com -- ip:ukn,user:null
[15/05/23 23:54:27:720 UTC]  WARN business.UserHelper: Error loading user with id anonymous
[15/05/23 23:54:28:441 UTC]  INFO util.SecurityLogger: class com.dotmarketing.business.RoleAPIImpl : Adding role:'anonymous user anonymous' to user:anonymous email:anonymous@dotcms.anonymoususer -- ip:ukn,user:null
[15/05/23 23:54:28:445 UTC]  INFO starter.ImportStarterUtil: 
[15/05/23 23:54:28:445 UTC]  INFO starter.ImportStarterUtil: 
[15/05/23 23:54:28:446 UTC]  INFO starter.ImportStarterUtil: **** Importing the file: /data/local/dotsecure/backup/temp/com.dotmarketing.business.UsersRoles_0000000000.json *****
[15/05/23 23:54:28:446 UTC]  INFO starter.ImportStarterUtil: Importing:	com.dotmarketing.business.UsersRoles
[15/05/23 23:54:28:449 UTC]  INFO starter.ImportStarterUtil: Found :	14 com.dotmarketing.business.UsersRoles(s)
[15/05/23 23:54:28:461 UTC]  INFO starter.ImportStarterUtil: **** Importing the file: /data/local/dotsecure/backup/temp/com.dotmarketing.business.Layout_0000000000.json *****
[15/05/23 23:54:28:461 UTC]  INFO starter.ImportStarterUtil: Importing:	com.dotmarketing.business.Layout
[15/05/23 23:54:28:463 UTC]  INFO starter.ImportStarterUtil: Found :	11 com.dotmarketing.business.Layout(s)
[15/05/23 23:54:28:487 UTC]  INFO starter.ImportStarterUtil: **** Importing the file: /data/local/dotsecure/backup/temp/com.dotmarketing.business.PortletsLayouts_0000000000.json *****
[15/05/23 23:54:28:487 UTC]  INFO starter.ImportStarterUtil: Importing:	com.dotmarketing.business.PortletsLayouts
[15/05/23 23:54:28:492 UTC]  INFO starter.ImportStarterUtil: Found :	36 com.dotmarketing.business.PortletsLayouts(s)
[15/05/23 23:54:28:532 UTC]  INFO starter.ImportStarterUtil: **** Importing the file: /data/local/dotsecure/backup/temp/com.dotmarketing.business.LayoutsRoles_0000000000.json *****
[15/05/23 23:54:28:533 UTC]  INFO starter.ImportStarterUtil: Importing:	com.dotmarketing.business.LayoutsRoles
[15/05/23 23:54:28:534 UTC]  INFO starter.ImportStarterUtil: Found :	7 com.dotmarketing.business.LayoutsRoles(s)
[15/05/23 23:54:28:547 UTC]  INFO starter.ImportStarterUtil: **** Importing the file: /data/local/dotsecure/backup/temp/com.dotmarketing.portlets.languagesmanager.model.Language_0000000000.json *****
[15/05/23 23:54:28:547 UTC]  INFO starter.ImportStarterUtil: Importing:	com.dotmarketing.portlets.languagesmanager.model.Language
[15/05/23 23:54:28:553 UTC]  INFO starter.ImportStarterUtil: Found :	1 com.dotmarketing.portlets.languagesmanager.model.Language(s)
[15/05/23 23:54:28:571 UTC]  INFO starter.ImportStarterUtil: Importing folder path /System foldersystem folder
[15/05/23 23:54:28:614 UTC]  INFO starter.ImportStarterUtil: **** Importing the file: /data/local/dotsecure/backup/temp/com.dotmarketing.portlets.folders.model.Folder_0000000000.json *****
[15/05/23 23:54:28:617 UTC]  INFO starter.ImportStarterUtil: Importing:	com.dotmarketing.portlets.folders.model.Folder
[15/05/23 23:54:28:621 UTC]  INFO starter.ImportStarterUtil: Found :	1 com.dotmarketing.portlets.folders.model.Folder(s)
[15/05/23 23:54:29:124 UTC]  INFO business.ContentTypeAPIImpl: Content type not found with given id: c938b15f-bcb6-49ef-8651-14d455a97045. Continuing...
[15/05/23 23:54:29:284 UTC]  INFO util.ActivityLogger: class com.dotmarketing.util.ActivityLogger: system : Save Field Action , User system/system user added field Site/Folder to Persona Structure.
[15/05/23 23:54:29:343 UTC]  INFO util.ActivityLogger: class com.dotmarketing.util.ActivityLogger: system : Save Field Action , User system/system user added field Name to Persona Structure.
[15/05/23 23:54:29:395 UTC]  INFO util.ActivityLogger: class com.dotmarketing.util.ActivityLogger: system : Save Field Action , User system/system user added field Key Tag to Persona Structure.
[15/05/23 23:54:29:438 UTC]  INFO util.ActivityLogger: class com.dotmarketing.util.ActivityLogger: system : Save Field Action , User system/system user added field Photo to Persona Structure.
[15/05/23 23:54:29:483 UTC]  INFO util.ActivityLogger: class com.dotmarketing.util.ActivityLogger: system : Save Field Action , User system/system user added field Other Tags to Persona Structure.
[15/05/23 23:54:29:536 UTC]  INFO util.ActivityLogger: class com.dotmarketing.util.ActivityLogger: system : Save Field Action , User system/system user added field Description to Persona Structure.
[15/05/23 23:54:29:556 UTC]  INFO util.ActivityLogger: class com.dotcms.contenttype.business.ContentTypeAPIImpl: system : Save ContentType Action , User system/system user system user added ContentType Persona to host id:SYSTEM_HOST
[15/05/23 23:54:29:557 UTC]  INFO business.ContentTypeAPIImpl: UserId : system : ContentType : ContentType saved : Persona
[15/05/23 23:54:29:558 UTC]  INFO util.AdminLogger: UserId : system : class com.dotcms.contenttype.business.ContentTypeAPIImpl : ContentType : ContentType saved : Persona
[15/05/23 23:54:29:582 UTC]  INFO business.ContentTypeAPIImpl: Content type not found with given id: f4d7c1b8-2c88-4071-abf1-a5328977b07d. Continuing...
[15/05/23 23:54:29:622 UTC]  INFO util.ActivityLogger: class com.dotmarketing.util.ActivityLogger: system : Save Field Action , User system/system user added field Key to Language Variable Structure.
[15/05/23 23:54:29:641 UTC]  INFO util.ActivityLogger: class com.dotmarketing.util.ActivityLogger: system : Save Field Action , User system/system user added field Value to Language Variable Structure.
[15/05/23 23:54:29:647 UTC]  INFO util.ActivityLogger: class com.dotcms.contenttype.business.ContentTypeAPIImpl: system : Save ContentType Action , User system/system user system user added ContentType Language Variable to host id:SYSTEM_HOST
[15/05/23 23:54:29:647 UTC]  INFO business.ContentTypeAPIImpl: UserId : system : ContentType : ContentType saved : Language Variable
[15/05/23 23:54:29:648 UTC]  INFO util.AdminLogger: UserId : system : class com.dotcms.contenttype.business.ContentTypeAPIImpl : ContentType : ContentType saved : Language Variable
[15/05/23 23:54:29:671 UTC]  INFO business.ContentTypeAPIImpl: Content type not found with given id: 4d21b6d8-1711-4ae6-9419-89e2b1ae5a06. Continuing...
[15/05/23 23:54:29:697 UTC]  INFO util.ActivityLogger: class com.dotmarketing.util.ActivityLogger: system : Save Field Action , User system/system user added field Form ID to Forms Structure.
[15/05/23 23:54:29:727 UTC]  INFO util.ActivityLogger: class com.dotmarketing.util.ActivityLogger: system : Save Field Action , User system/system user added field Widget Title to Forms Structure.
[15/05/23 23:54:29:750 UTC]  INFO util.ActivityLogger: class com.dotmarketing.util.ActivityLogger: system : Save Field Action , User system/system user added field Widget Usage to Forms Structure.
[15/05/23 23:54:29:773 UTC]  INFO util.ActivityLogger: class com.dotmarketing.util.ActivityLogger: system : Save Field Action , User system/system user added field Widget Code to Forms Structure.
[15/05/23 23:54:29:795 UTC]  INFO util.ActivityLogger: class com.dotmarketing.util.ActivityLogger: system : Save Field Action , User system/system user added field Widget Pre-Execute to Forms Structure.
[15/05/23 23:54:29:802 UTC]  INFO util.ActivityLogger: class com.dotcms.contenttype.business.ContentTypeAPIImpl: system : Save ContentType Action , User system/system user system user added ContentType Forms to host id:SYSTEM_HOST
[15/05/23 23:54:29:802 UTC]  INFO business.ContentTypeAPIImpl: UserId : system : ContentType : ContentType saved : Forms
[15/05/23 23:54:29:802 UTC]  INFO util.AdminLogger: UserId : system : class com.dotcms.contenttype.business.ContentTypeAPIImpl : ContentType : ContentType saved : Forms
[15/05/23 23:54:29:816 UTC]  INFO business.ContentTypeAPIImpl: Content type not found with given id: f2d8a1c7-2b77-2081-bcf1-b5348988c08d. Continuing...
[15/05/23 23:54:29:826 UTC]  INFO util.ActivityLogger: class com.dotmarketing.util.ActivityLogger: system : Save Field Action , User system/system user added field Site or Folder to dotAsset Structure.
[15/05/23 23:54:29:837 UTC]  INFO util.ActivityLogger: class com.dotmarketing.util.ActivityLogger: system : Save Field Action , User system/system user added field Asset to dotAsset Structure.
[15/05/23 23:54:29:854 UTC]  INFO util.ActivityLogger: class com.dotmarketing.util.ActivityLogger: system : Save Field Action , User system/system user added field Tags to dotAsset Structure.
[15/05/23 23:54:29:863 UTC]  INFO util.ActivityLogger: class com.dotcms.contenttype.business.ContentTypeAPIImpl: system : Save ContentType Action , User system/system user system user added ContentType dotAsset to host id:SYSTEM_HOST
[15/05/23 23:54:29:864 UTC]  INFO business.ContentTypeAPIImpl: UserId : system : ContentType : ContentType saved : dotAsset
[15/05/23 23:54:29:864 UTC]  INFO util.AdminLogger: UserId : system : class com.dotcms.contenttype.business.ContentTypeAPIImpl : ContentType : ContentType saved : dotAsset
[15/05/23 23:54:29:925 UTC]  INFO business.ContentTypeAPIImpl: Content type not found with given id: 33888b6f-7a8e-4069-b1b6-5c1aa9d0a48d. Continuing...
[15/05/23 23:54:29:955 UTC]  INFO util.ActivityLogger: class com.dotmarketing.util.ActivityLogger: system : Save Field Action , User system/system user added field Host Or Folder to File Asset Structure.
[15/05/23 23:54:29:976 UTC]  INFO util.ActivityLogger: class com.dotmarketing.util.ActivityLogger: system : Save Field Action , User system/system user added field File Name to File Asset Structure.
[15/05/23 23:54:30:006 UTC]  INFO util.ActivityLogger: class com.dotmarketing.util.ActivityLogger: system : Save Field Action , User system/system user added field File Asset to File Asset Structure.
[15/05/23 23:54:30:035 UTC]  INFO util.ActivityLogger: class com.dotmarketing.util.ActivityLogger: system : Save Field Action , User system/system user added field Title to File Asset Structure.
[15/05/23 23:54:30:066 UTC]  INFO util.ActivityLogger: class com.dotmarketing.util.ActivityLogger: system : Save Field Action , User system/system user added field Metadata to File Asset Structure.
[15/05/23 23:54:30:089 UTC]  INFO util.ActivityLogger: class com.dotmarketing.util.ActivityLogger: system : Save Field Action , User system/system user added field Metadata to File Asset Structure.
[15/05/23 23:54:30:113 UTC]  INFO util.ActivityLogger: class com.dotmarketing.util.ActivityLogger: system : Save Field Action , User system/system user added field Show On Menu to File Asset Structure.
[15/05/23 23:54:30:138 UTC]  INFO util.ActivityLogger: class com.dotmarketing.util.ActivityLogger: system : Save Field Action , User system/system user added field Sort Order to File Asset Structure.
[15/05/23 23:54:30:164 UTC]  INFO util.ActivityLogger: class com.dotmarketing.util.ActivityLogger: system : Save Field Action , User system/system user added field Description to File Asset Structure.
[15/05/23 23:54:30:183 UTC]  INFO util.ActivityLogger: class com.dotcms.contenttype.business.ContentTypeAPIImpl: system : Save ContentType Action , User system/system user system user added ContentType File Asset to host id:SYSTEM_HOST
[15/05/23 23:54:30:183 UTC]  INFO business.ContentTypeAPIImpl: UserId : system : ContentType : ContentType saved : File Asset
[15/05/23 23:54:30:184 UTC]  INFO util.AdminLogger: UserId : system : class com.dotcms.contenttype.business.ContentTypeAPIImpl : ContentType : ContentType saved : File Asset
[15/05/23 23:54:30:219 UTC]  INFO business.ContentTypeAPIImpl: Content type not found with given id: 8e850645-bb92-4fda-a765-e67063a59be0. Continuing...
[15/05/23 23:54:30:244 UTC]  INFO util.ActivityLogger: class com.dotmarketing.util.ActivityLogger: system : Save Field Action , User system/system user added field Title to Vanity URL Structure.
[15/05/23 23:54:30:258 UTC]  INFO util.ActivityLogger: class com.dotmarketing.util.ActivityLogger: system : Save Field Action , User system/system user added field Site to Vanity URL Structure.
[15/05/23 23:54:30:284 UTC]  INFO util.ActivityLogger: class com.dotmarketing.util.ActivityLogger: system : Save Field Action , User system/system user added field Uri to Vanity URL Structure.
[15/05/23 23:54:30:309 UTC]  INFO util.ActivityLogger: class com.dotmarketing.util.ActivityLogger: system : Save Field Action , User system/system user added field Action to Vanity URL Structure.
[15/05/23 23:54:30:336 UTC]  INFO util.ActivityLogger: class com.dotmarketing.util.ActivityLogger: system : Save Field Action , User system/system user added field Forward To to Vanity URL Structure.
[15/05/23 23:54:30:364 UTC]  INFO util.ActivityLogger: class com.dotmarketing.util.ActivityLogger: system : Save Field Action , User system/system user added field Order to Vanity URL Structure.
[15/05/23 23:54:30:371 UTC]  INFO util.ActivityLogger: class com.dotcms.contenttype.business.ContentTypeAPIImpl: system : Save ContentType Action , User system/system user system user added ContentType Vanity URL to host id:SYSTEM_HOST
[15/05/23 23:54:30:371 UTC]  INFO business.ContentTypeAPIImpl: UserId : system : ContentType : ContentType saved : Vanity URL
[15/05/23 23:54:30:371 UTC]  INFO util.AdminLogger: UserId : system : class com.dotcms.contenttype.business.ContentTypeAPIImpl : ContentType : ContentType saved : Vanity URL
[15/05/23 23:54:30:387 UTC]  INFO business.ContentTypeAPIImpl: Content type not found with given id: c541abb1-69b3-4bc5-8430-5e09e5239cc8. Continuing...
[15/05/23 23:54:30:408 UTC]  INFO util.ActivityLogger: class com.dotmarketing.util.ActivityLogger: system : Save Field Action , User system/system user added field Title to Page Structure.
[15/05/23 23:54:30:425 UTC]  INFO util.ActivityLogger: class com.dotmarketing.util.ActivityLogger: system : Save Field Action , User system/system user added field Url to Page Structure.
[15/05/23 23:54:30:440 UTC]  INFO util.ActivityLogger: class com.dotmarketing.util.ActivityLogger: system : Save Field Action , User system/system user added field Host or Folder to Page Structure.
[15/05/23 23:54:30:455 UTC]  INFO util.ActivityLogger: class com.dotmarketing.util.ActivityLogger: system : Save Field Action , User system/system user added field Template to Page Structure.
[15/05/23 23:54:30:476 UTC]  INFO util.ActivityLogger: class com.dotmarketing.util.ActivityLogger: system : Save Field Action , User system/system user added field Friendly Name to Page Structure.
[15/05/23 23:54:30:491 UTC]  INFO util.ActivityLogger: class com.dotmarketing.util.ActivityLogger: system : Save Field Action , User system/system user added field Show on Menu to Page Structure.
[15/05/23 23:54:30:508 UTC]  INFO util.ActivityLogger: class com.dotmarketing.util.ActivityLogger: system : Save Field Action , User system/system user added field Sort Order to Page Structure.
[15/05/23 23:54:30:526 UTC]  INFO util.ActivityLogger: class com.dotmarketing.util.ActivityLogger: system : Save Field Action , User system/system user added field Cache TTL to Page Structure.
[15/05/23 23:54:30:546 UTC]  INFO util.ActivityLogger: class com.dotmarketing.util.ActivityLogger: system : Save Field Action , User system/system user added field Advanced Properties to Page Structure.
[15/05/23 23:54:30:569 UTC]  INFO util.ActivityLogger: class com.dotmarketing.util.ActivityLogger: system : Save Field Action , User system/system user added field Redirect Url to Page Structure.
[15/05/23 23:54:30:590 UTC]  INFO util.ActivityLogger: class com.dotmarketing.util.ActivityLogger: system : Save Field Action , User system/system user added field HTTPS Required to Page Structure.
[15/05/23 23:54:30:614 UTC]  INFO util.ActivityLogger: class com.dotmarketing.util.ActivityLogger: system : Save Field Action , User system/system user added field SEO Description to Page Structure.
[15/05/23 23:54:30:639 UTC]  INFO util.ActivityLogger: class com.dotmarketing.util.ActivityLogger: system : Save Field Action , User system/system user added field SEO Keywords to Page Structure.
[15/05/23 23:54:30:666 UTC]  INFO util.ActivityLogger: class com.dotmarketing.util.ActivityLogger: system : Save Field Action , User system/system user added field Page Metadata to Page Structure.
[15/05/23 23:54:30:712 UTC]  INFO util.ActivityLogger: class com.dotmarketing.util.ActivityLogger: system : Save Field Action , User system/system user added field Canonical URL to Page Structure.
[15/05/23 23:54:30:740 UTC]  INFO util.ActivityLogger: class com.dotcms.contenttype.business.ContentTypeAPIImpl: system : Save ContentType Action , User system/system user system user added ContentType Page to host id:SYSTEM_HOST
[15/05/23 23:54:30:740 UTC]  INFO business.ContentTypeAPIImpl: UserId : system : ContentType : ContentType saved : Page
[15/05/23 23:54:30:740 UTC]  INFO util.AdminLogger: UserId : system : class com.dotcms.contenttype.business.ContentTypeAPIImpl : ContentType : ContentType saved : Page
[15/05/23 23:54:30:807 UTC]  INFO business.ContentTypeAPIImpl: Content type not found with given id: 855a2d72-f2f3-4169-8b04-ac5157c4380c. Continuing...
[15/05/23 23:54:30:816 UTC]  INFO util.ActivityLogger: class com.dotmarketing.util.ActivityLogger: system : Save Field Action , User system/system user added field fields-2 to Host Structure.
[15/05/23 23:54:30:824 UTC]  INFO util.ActivityLogger: class com.dotmarketing.util.ActivityLogger: system : Save Field Action , User system/system user added field fields-3 to Host Structure.
[15/05/23 23:54:30:838 UTC]  INFO util.ActivityLogger: class com.dotmarketing.util.ActivityLogger: system : Save Field Action , User system/system user added field Site Key to Host Structure.
[15/05/23 23:54:30:861 UTC]  INFO util.ActivityLogger: class com.dotmarketing.util.ActivityLogger: system : Save Field Action , User system/system user added field Aliases to Host Structure.
[15/05/23 23:54:30:881 UTC]  INFO util.ActivityLogger: class com.dotmarketing.util.ActivityLogger: system : Save Field Action , User system/system user added field Tag Storage to Host Structure.
[15/05/23 23:54:30:902 UTC]  INFO util.ActivityLogger: class com.dotmarketing.util.ActivityLogger: system : Save Field Action , User system/system user added field Is Default to Host Structure.
[15/05/23 23:54:30:924 UTC]  INFO util.ActivityLogger: class com.dotmarketing.util.ActivityLogger: system : Save Field Action , User system/system user added field Is System Host to Host Structure.
[15/05/23 23:54:30:952 UTC]  INFO util.ActivityLogger: class com.dotmarketing.util.ActivityLogger: system : Save Field Action , User system/system user added field Host Thumbnail to Host Structure.
[15/05/23 23:54:30:980 UTC]  INFO util.ActivityLogger: class com.dotmarketing.util.ActivityLogger: system : Save Field Action , User system/system user added field Run Dashboard to Host Structure.
[15/05/23 23:54:30:989 UTC]  INFO util.ActivityLogger: class com.dotcms.contenttype.business.ContentTypeAPIImpl: system : Save ContentType Action , User system/system user system user added ContentType Host to host id:SYSTEM_HOST
[15/05/23 23:54:30:989 UTC]  INFO business.ContentTypeAPIImpl: UserId : system : ContentType : ContentType saved : Host
[15/05/23 23:54:30:989 UTC]  INFO util.AdminLogger: UserId : system : class com.dotcms.contenttype.business.ContentTypeAPIImpl : ContentType : ContentType saved : Host
[15/05/23 23:54:30:993 UTC]  INFO business.ContentTypeAPIImpl: Content type not found with given id: 2c46b6586c38852ac08a824a303ced80. Continuing...
[15/05/23 23:54:31:013 UTC]  INFO util.ActivityLogger: class com.dotmarketing.util.ActivityLogger: system : Save Field Action , User system/system user added field Site or Folder to Image Structure.
[15/05/23 23:54:31:033 UTC]  INFO util.ActivityLogger: class com.dotmarketing.util.ActivityLogger: system : Save Field Action , User system/system user added field Asset to Image Structure.
[15/05/23 23:54:31:067 UTC]  INFO util.ActivityLogger: class com.dotmarketing.util.ActivityLogger: system : Save Field Action , User system/system user added field Tags to Image Structure.
[15/05/23 23:54:31:072 UTC]  INFO util.ActivityLogger: class com.dotcms.contenttype.business.ContentTypeAPIImpl: system : Save ContentType Action , User system/system user system user added ContentType Image to host id:8a7d5e23-da1e-420a-b4f0-471e7da8ea2d
[15/05/23 23:54:31:072 UTC]  INFO business.ContentTypeAPIImpl: UserId : system : ContentType : ContentType saved : Image
[15/05/23 23:54:31:072 UTC]  INFO util.AdminLogger: UserId : system : class com.dotcms.contenttype.business.ContentTypeAPIImpl : ContentType : ContentType saved : Image
[15/05/23 23:54:31:079 UTC]  INFO business.ContentTypeAPIImpl: Content type not found with given id: c77450b834901a20c8193ef9d561ee5b. Continuing...
[15/05/23 23:54:31:093 UTC]  INFO util.ActivityLogger: class com.dotmarketing.util.ActivityLogger: system : Save Field Action , User system/system user added field Site or Folder to Video Structure.
[15/05/23 23:54:31:125 UTC]  INFO util.ActivityLogger: class com.dotmarketing.util.ActivityLogger: system : Save Field Action , User system/system user added field Asset to Video Structure.
[15/05/23 23:54:31:146 UTC]  INFO util.ActivityLogger: class com.dotmarketing.util.ActivityLogger: system : Save Field Action , User system/system user added field Tags to Video Structure.
[15/05/23 23:54:31:156 UTC]  INFO util.ActivityLogger: class com.dotcms.contenttype.business.ContentTypeAPIImpl: system : Save ContentType Action , User system/system user system user added ContentType Video to host id:8a7d5e23-da1e-420a-b4f0-471e7da8ea2d
[15/05/23 23:54:31:157 UTC]  INFO business.ContentTypeAPIImpl: UserId : system : ContentType : ContentType saved : Video
[15/05/23 23:54:31:158 UTC]  INFO util.AdminLogger: UserId : system : class com.dotcms.contenttype.business.ContentTypeAPIImpl : ContentType : ContentType saved : Video
[15/05/23 23:54:31:192 UTC]  INFO business.ContentTypeAPIImpl: Content type not found with given id: 2a3e91e4-fbbf-4876-8c5b-2233c1739b05. Continuing...
[15/05/23 23:54:31:208 UTC]  INFO util.ActivityLogger: class com.dotmarketing.util.ActivityLogger: system : Save Field Action , User system/system user added field Row Field to Content (Generic) Structure.
[15/05/23 23:54:31:226 UTC]  INFO util.ActivityLogger: class com.dotmarketing.util.ActivityLogger: system : Save Field Action , User system/system user added field Column Field to Content (Generic) Structure.
[15/05/23 23:54:31:240 UTC]  INFO util.ActivityLogger: class com.dotmarketing.util.ActivityLogger: system : Save Field Action , User system/system user added field Title to Content (Generic) Structure.
[15/05/23 23:54:31:264 UTC]  INFO util.ActivityLogger: class com.dotmarketing.util.ActivityLogger: system : Save Field Action , User system/system user added field Site to Content (Generic) Structure.
[15/05/23 23:54:31:282 UTC]  INFO util.ActivityLogger: class com.dotmarketing.util.ActivityLogger: system : Save Field Action , User system/system user added field Body to Content (Generic) Structure.
[15/05/23 23:54:31:289 UTC]  INFO util.ActivityLogger: class com.dotcms.contenttype.business.ContentTypeAPIImpl: system : Save ContentType Action , User system/system user system user added ContentType Content (Generic) to host id:SYSTEM_HOST
[15/05/23 23:54:31:290 UTC]  INFO business.ContentTypeAPIImpl: UserId : system : ContentType : ContentType saved : Content (Generic)
[15/05/23 23:54:31:291 UTC]  INFO util.AdminLogger: UserId : system : class com.dotcms.contenttype.business.ContentTypeAPIImpl : ContentType : ContentType saved : Content (Generic)
[15/05/23 23:54:31:294 UTC]  INFO business.ContentTypeAPIImpl: Content type not found with given id: ce930143870e11569f93f8a9fff5da19. Continuing...
[15/05/23 23:54:31:304 UTC]  INFO util.ActivityLogger: class com.dotmarketing.util.ActivityLogger: system : Save Field Action , User system/system user added field Screenshot to Dot Favorite Page Structure.
[15/05/23 23:54:31:315 UTC]  INFO util.ActivityLogger: class com.dotmarketing.util.ActivityLogger: system : Save Field Action , User system/system user added field title to Dot Favorite Page Structure.
[15/05/23 23:54:31:329 UTC]  INFO util.ActivityLogger: class com.dotmarketing.util.ActivityLogger: system : Save Field Action , User system/system user added field url to Dot Favorite Page Structure.
[15/05/23 23:54:31:343 UTC]  INFO util.ActivityLogger: class com.dotmarketing.util.ActivityLogger: system : Save Field Action , User system/system user added field order to Dot Favorite Page Structure.
[15/05/23 23:54:31:352 UTC]  INFO util.ActivityLogger: class com.dotcms.contenttype.business.ContentTypeAPIImpl: system : Save ContentType Action , User system/system user system user added ContentType Dot Favorite Page to host id:SYSTEM_HOST
[15/05/23 23:54:31:353 UTC]  INFO business.ContentTypeAPIImpl: UserId : system : ContentType : ContentType saved : Dot Favorite Page
[15/05/23 23:54:31:354 UTC]  INFO util.AdminLogger: UserId : system : class com.dotcms.contenttype.business.ContentTypeAPIImpl : ContentType : ContentType saved : Dot Favorite Page
[15/05/23 23:54:31:365 UTC]  INFO starter.ImportStarterUtil: **** Importing the file: /data/local/dotsecure/backup/temp/com.dotmarketing.portlets.contentlet.model.Contentlet_0000000000.json *****
[15/05/23 23:54:31:374 UTC]  INFO starter.ImportStarterUtil: Importing:	com.dotmarketing.portlets.contentlet.model.Contentlet
[15/05/23 23:54:31:658 UTC]  INFO starter.ImportStarterUtil: Found :	5 com.dotmarketing.portlets.contentlet.model.Contentlet(s)
[15/05/23 23:54:31:775 UTC]  INFO timedcache.TimedCacheProvider: ***	 Building Cache : esquerycache, size:10000, seconds:3600,Concurrency:32 (every 60000 millis)
[15/05/23 23:54:32:191 UTC]  INFO util.SecurityLogger: class com.dotmarketing.portlets.workflows.business.WorkflowAPIImpl : Workflow Scheme 'System Workflow' [d61a59e1-a49c-46f2-a929-db2b4bfa88b2] has been saved by User ID 'system' -- ip:ukn,user:null
[15/05/23 23:54:32:200 UTC]  INFO util.SecurityLogger: class com.dotmarketing.portlets.workflows.business.WorkflowAPIImpl : Workflow Step 'New' [6cb7e3bd-1710-4eed-8838-d3db60f78f19] has been saved by User ID 'system' -- ip:ukn,user:null
[15/05/23 23:54:32:202 UTC]  INFO util.SecurityLogger: class com.dotmarketing.portlets.workflows.business.WorkflowAPIImpl : Workflow Step 'Draft' [ee24a4cb-2d15-4c98-b1bd-6327126451f3] has been saved by User ID 'system' -- ip:ukn,user:null
[15/05/23 23:54:32:204 UTC]  INFO util.SecurityLogger: class com.dotmarketing.portlets.workflows.business.WorkflowAPIImpl : Workflow Step 'Published' [dc3c9cd0-8467-404b-bf95-cb7df3fbc293] has been saved by User ID 'system' -- ip:ukn,user:null
[15/05/23 23:54:32:206 UTC]  INFO util.SecurityLogger: class com.dotmarketing.portlets.workflows.business.WorkflowAPIImpl : Workflow Step 'Archived' [d6b095b6-b65f-4bdb-bbfd-701d663dfee2] has been saved by User ID 'system' -- ip:ukn,user:null
[15/05/23 23:54:32:211 UTC]  INFO util.SecurityLogger: class com.dotmarketing.portlets.workflows.business.WorkflowAPIImpl : Action id: '4da13a42-5d59-480c-ad8f-94a3adf809fe' has been reordered by user: system -- ip:ukn,user:null
[15/05/23 23:54:32:219 UTC]  INFO util.SecurityLogger: class com.dotmarketing.portlets.workflows.business.WorkflowAPIImpl : Action id: '963f6a04-5320-42e7-ab74-6d876d199946' has been reordered by user: system -- ip:ukn,user:null
[15/05/23 23:54:32:223 UTC]  INFO util.SecurityLogger: class com.dotmarketing.portlets.workflows.business.WorkflowAPIImpl : Action id: '777f1c6b-c877-4a37-ba4b-10627316c2cc' has been reordered by user: system -- ip:ukn,user:null
[15/05/23 23:54:32:226 UTC]  INFO util.SecurityLogger: class com.dotmarketing.portlets.workflows.business.WorkflowAPIImpl : Action id: '1e0f1c6b-b67f-4c99-983d-db2b4bfa88b2' has been reordered by user: system -- ip:ukn,user:null
[15/05/23 23:54:32:232 UTC]  INFO util.SecurityLogger: class com.dotmarketing.portlets.workflows.business.WorkflowAPIImpl : Action id: 'dd4c4b7c-e9d3-4dc0-8fbf-36102f9c6324' has been reordered by user: system -- ip:ukn,user:null
[15/05/23 23:54:32:236 UTC]  INFO util.SecurityLogger: class com.dotmarketing.portlets.workflows.business.WorkflowAPIImpl : Action id: 'b9d89c80-3d88-4311-8365-187323c96436' has been reordered by user: system -- ip:ukn,user:null
[15/05/23 23:54:32:238 UTC]  INFO util.SecurityLogger: class com.dotmarketing.portlets.workflows.business.WorkflowAPIImpl : Action id: 'ceca71a0-deee-4999-bd47-b01baa1bcfc8' has been reordered by user: system -- ip:ukn,user:null
[15/05/23 23:54:32:240 UTC]  INFO util.SecurityLogger: class com.dotmarketing.portlets.workflows.business.WorkflowAPIImpl : Action id: 'c92f9aa1-9503-4567-ac30-d3242b54d02d' has been reordered by user: system -- ip:ukn,user:null
[15/05/23 23:54:32:244 UTC]  INFO util.SecurityLogger: class com.dotmarketing.portlets.workflows.business.WorkflowAPIImpl : Action id: '38efc763-d78f-4e4b-b092-59cd8c579b93' has been reordered by user: system -- ip:ukn,user:null
[15/05/23 23:54:32:262 UTC]  INFO util.SecurityLogger: class com.dotmarketing.portlets.workflows.business.WorkflowAPIImpl : The action id: 'ceca71a0-deee-4999-bd47-b01baa1bcfc8' has been saved by the user: system -- ip:ukn,user:null
[15/05/23 23:54:32:267 UTC]  INFO util.SecurityLogger: class com.dotmarketing.portlets.workflows.business.WorkflowAPIImpl : The action id: 'b9d89c80-3d88-4311-8365-187323c96436' has been saved by the user: system -- ip:ukn,user:null
[15/05/23 23:54:32:277 UTC]  INFO util.SecurityLogger: class com.dotmarketing.portlets.workflows.business.WorkflowAPIImpl : The action id: '777f1c6b-c877-4a37-ba4b-10627316c2cc' has been saved by the user: system -- ip:ukn,user:null
[15/05/23 23:54:32:288 UTC]  INFO util.SecurityLogger: class com.dotmarketing.portlets.workflows.business.WorkflowAPIImpl : The action id: 'ceca71a0-deee-4999-bd47-b01baa1bcfc8' has been saved by the user: system -- ip:ukn,user:null
[15/05/23 23:54:32:291 UTC]  INFO util.SecurityLogger: class com.dotmarketing.portlets.workflows.business.WorkflowAPIImpl : The action id: 'dd4c4b7c-e9d3-4dc0-8fbf-36102f9c6324' has been saved by the user: system -- ip:ukn,user:null
[15/05/23 23:54:32:295 UTC]  INFO util.SecurityLogger: class com.dotmarketing.portlets.workflows.business.WorkflowAPIImpl : The action id: '38efc763-d78f-4e4b-b092-59cd8c579b93' has been saved by the user: system -- ip:ukn,user:null
[15/05/23 23:54:32:301 UTC]  INFO util.SecurityLogger: class com.dotmarketing.portlets.workflows.business.WorkflowAPIImpl : The action id: '963f6a04-5320-42e7-ab74-6d876d199946' has been saved by the user: system -- ip:ukn,user:null
[15/05/23 23:54:32:309 UTC]  INFO util.SecurityLogger: class com.dotmarketing.portlets.workflows.business.WorkflowAPIImpl : The action id: 'b9d89c80-3d88-4311-8365-187323c96436' has been saved by the user: system -- ip:ukn,user:null
[15/05/23 23:54:32:316 UTC]  INFO util.SecurityLogger: class com.dotmarketing.portlets.workflows.business.WorkflowAPIImpl : The action id: '4da13a42-5d59-480c-ad8f-94a3adf809fe' has been saved by the user: system -- ip:ukn,user:null
[15/05/23 23:54:32:325 UTC]  INFO util.SecurityLogger: class com.dotmarketing.portlets.workflows.business.WorkflowAPIImpl : The action id: '963f6a04-5320-42e7-ab74-6d876d199946' has been saved by the user: system -- ip:ukn,user:null
[15/05/23 23:54:32:328 UTC]  INFO util.SecurityLogger: class com.dotmarketing.portlets.workflows.business.WorkflowAPIImpl : The action id: '38efc763-d78f-4e4b-b092-59cd8c579b93' has been saved by the user: system -- ip:ukn,user:null
[15/05/23 23:54:32:330 UTC]  INFO util.SecurityLogger: class com.dotmarketing.portlets.workflows.business.WorkflowAPIImpl : The action id: 'ceca71a0-deee-4999-bd47-b01baa1bcfc8' has been saved by the user: system -- ip:ukn,user:null
[15/05/23 23:54:32:333 UTC]  INFO util.SecurityLogger: class com.dotmarketing.portlets.workflows.business.WorkflowAPIImpl : The action id: '4da13a42-5d59-480c-ad8f-94a3adf809fe' has been saved by the user: system -- ip:ukn,user:null
[15/05/23 23:54:32:338 UTC]  INFO util.SecurityLogger: class com.dotmarketing.portlets.workflows.business.WorkflowAPIImpl : The action id: 'b9d89c80-3d88-4311-8365-187323c96436' has been saved by the user: system -- ip:ukn,user:null
[15/05/23 23:54:32:341 UTC]  INFO util.SecurityLogger: class com.dotmarketing.portlets.workflows.business.WorkflowAPIImpl : The action id: 'dd4c4b7c-e9d3-4dc0-8fbf-36102f9c6324' has been saved by the user: system -- ip:ukn,user:null
[15/05/23 23:54:32:356 UTC]  INFO util.SecurityLogger: class com.dotmarketing.portlets.workflows.business.WorkflowAPIImpl : The action id: 'c92f9aa1-9503-4567-ac30-d3242b54d02d' has been saved by the user: system -- ip:ukn,user:null
[15/05/23 23:54:32:364 UTC]  INFO util.SecurityLogger: class com.dotmarketing.portlets.workflows.business.WorkflowAPIImpl : The action id: '777f1c6b-c877-4a37-ba4b-10627316c2cc' has been saved by the user: system -- ip:ukn,user:null
[15/05/23 23:54:32:373 UTC]  INFO util.SecurityLogger: class com.dotmarketing.portlets.workflows.business.WorkflowAPIImpl : The action id: '1e0f1c6b-b67f-4c99-983d-db2b4bfa88b2' has been saved by the user: system -- ip:ukn,user:null
[15/05/23 23:54:32:436 UTC]  INFO util.SecurityLogger: class com.dotmarketing.portlets.workflows.business.WorkflowAPIImpl : Saving class parameters by the user: system -- ip:ukn,user:null
[15/05/23 23:54:32:444 UTC]  INFO starter.ImportStarterUtil: **** Importing the file: /data/local/dotsecure/backup/temp/com.dotmarketing.beans.Permission_0000000000.json *****
[15/05/23 23:54:32:445 UTC]  INFO starter.ImportStarterUtil: Importing:	com.dotmarketing.beans.Permission
[15/05/23 23:54:32:451 UTC]  INFO starter.ImportStarterUtil: Found :	20 com.dotmarketing.beans.Permission(s)
[15/05/23 23:54:32:476 UTC]  INFO starter.ImportStarterUtil: **** Importing the file: /data/local/dotsecure/backup/temp/com.dotmarketing.portlets.contentlet.model.ContentletVersionInfo_0000000000.json *****
[15/05/23 23:54:32:476 UTC]  INFO starter.ImportStarterUtil: Importing:	com.dotmarketing.portlets.contentlet.model.ContentletVersionInfo
[15/05/23 23:54:32:478 UTC]  INFO starter.ImportStarterUtil: Found :	3 com.dotmarketing.portlets.contentlet.model.ContentletVersionInfo(s)
[15/05/23 23:54:32:534 UTC]  INFO starter.ImportStarterUtil: **** Importing the file: /data/local/dotsecure/backup/temp/com.dotmarketing.portlets.workflows.model.WorkflowTask_0000000000.json *****
[15/05/23 23:54:32:534 UTC]  INFO starter.ImportStarterUtil: Importing:	com.dotmarketing.portlets.workflows.model.WorkflowTask
[15/05/23 23:54:32:536 UTC]  INFO starter.ImportStarterUtil: Found :	1 com.dotmarketing.portlets.workflows.model.WorkflowTask(s)
[15/05/23 23:54:32:548 UTC]  INFO starter.ImportStarterUtil: **** Importing the file: /data/local/dotsecure/backup/temp/Image.json *****
[15/05/23 23:54:32:548 UTC]  INFO starter.ImportStarterUtil: Importing:	Image
[15/05/23 23:54:37:653 UTC]  INFO starter.ImportStarterUtil: Found :	1 Image(s)
[15/05/23 23:54:37:654 UTC]  INFO starter.ImportStarterUtil: **** Importing the file: /data/local/dotsecure/backup/temp/Portlet.json *****
[15/05/23 23:54:37:654 UTC]  INFO starter.ImportStarterUtil: Importing:	Portlet
[15/05/23 23:54:37:655 UTC]  INFO starter.ImportStarterUtil: Found :	3 Portlet(s)
[15/05/23 23:54:37:660 UTC]  INFO starter.ImportStarterUtil: Done Importing
[15/05/23 23:54:37:664 UTC]  INFO runonce.Task210321RemoveOldMetadataFiles:  executing metadata clean up under path /data/shared/assets
[15/05/23 23:54:37:675 UTC]  INFO db.DotCMSInitDb:  `1` old metadata entries removed and `0` old content files from the starter.
[15/05/23 23:54:37:677 UTC]  INFO timedcache.TimedCacheProvider: ===== Initializing [Timed Cache Provider].
[15/05/23 23:54:37:678 UTC]  INFO timedcache.TimedCacheProvider: ***	 Cache Config Memory : esquerycache: 10000
[15/05/23 23:54:37:678 UTC]  INFO timedcache.TimedCacheProvider: ***	 Cache Config Memory : esquerycountcache: 10000
[15/05/23 23:54:37:678 UTC]  INFO timedcache.TimedCacheProvider: ***	 Cache Config Memory : graphqlquerycache: 5000
[15/05/23 23:54:37:678 UTC]  INFO timedcache.TimedCacheProvider: ***	 Cache Config Memory : default: 1000
[15/05/23 23:54:37:678 UTC]  INFO timedcache.TimedCacheProvider: ***	 Cache Config Memory : adminconfigpool: 100
[15/05/23 23:54:37:678 UTC]  INFO timedcache.TimedCacheProvider: ***	 Cache Config Memory : companypool: 10
[15/05/23 23:54:37:678 UTC]  INFO timedcache.TimedCacheProvider: ***	 Cache Config Memory : contentletcache: 5000
[15/05/23 23:54:37:678 UTC]  INFO timedcache.TimedCacheProvider: ***	 Cache Config Memory : categoryparentscache: 30000
[15/05/23 23:54:37:678 UTC]  INFO timedcache.TimedCacheProvider: ***	 Cache Config Memory : taginodecache: 50000
[15/05/23 23:54:37:678 UTC]  INFO timedcache.TimedCacheProvider: ***	 Cache Config Memory : taginodesbyinodecache: 50000
[15/05/23 23:54:37:678 UTC]  INFO timedcache.TimedCacheProvider: ***	 Cache Config Memory : tagcache: 50000
[15/05/23 23:54:37:678 UTC]  INFO timedcache.TimedCacheProvider: ***	 Cache Config Memory : csscache: 2500
[15/05/23 23:54:37:678 UTC]  INFO timedcache.TimedCacheProvider: ***	 Cache Config Memory : assetmetadatacache: 10000
[15/05/23 23:54:37:678 UTC]  INFO timedcache.TimedCacheProvider: ***	 Cache Config Memory : identifiercache: 50000
[15/05/23 23:54:37:678 UTC]  INFO timedcache.TimedCacheProvider: ***	 Cache Config Memory : identifier404cache: 30000
[15/05/23 23:54:37:678 UTC]  INFO timedcache.TimedCacheProvider: ***	 Cache Config Memory : indiciescache: 8
[15/05/23 23:54:37:678 UTC]  INFO timedcache.TimedCacheProvider: ***	 Cache Config Memory : logmappercache: 10
[15/05/23 23:54:37:678 UTC]  INFO timedcache.TimedCacheProvider: ***	 Cache Config Memory : navcache: 1000
[15/05/23 23:54:37:679 UTC]  INFO timedcache.TimedCacheProvider: ***	 Cache Config Memory : parentpermissionablecache: 10000
[15/05/23 23:54:37:679 UTC]  INFO timedcache.TimedCacheProvider: ***	 Cache Config Memory : permissioncache: 50000
[15/05/23 23:54:37:679 UTC]  INFO timedcache.TimedCacheProvider: ***	 Cache Config Memory : portletpool: 100
[15/05/23 23:54:37:679 UTC]  INFO timedcache.TimedCacheProvider: ***	 Cache Config Memory : publishingendpointcache: 100
[15/05/23 23:54:37:679 UTC]  INFO timedcache.TimedCacheProvider: ***	 Cache Config Memory : pushedassetscache: 5000
[15/05/23 23:54:37:679 UTC]  INFO timedcache.TimedCacheProvider: ***	 Cache Config Memory : templatecache: 500
[15/05/23 23:54:37:679 UTC]  INFO timedcache.TimedCacheProvider: ***	 Cache Config Memory : translatedquerycache: 5000
[15/05/23 23:54:37:679 UTC]  INFO timedcache.TimedCacheProvider: ***	 Cache Config Memory : versioncache: 50000
[15/05/23 23:54:37:679 UTC]  INFO timedcache.TimedCacheProvider: ***	 Cache Config Memory : versioninfocache: 50000
[15/05/23 23:54:37:679 UTC]  INFO timedcache.TimedCacheProvider: ***	 Cache Config Memory : workflowactioncache: 10000
[15/05/23 23:54:37:679 UTC]  INFO timedcache.TimedCacheProvider: ***	 Cache Config Memory : workflowtaskcache: 10000
[15/05/23 23:54:37:679 UTC]  INFO timedcache.TimedCacheProvider: ***	 Cache Config Memory : shortyidcache: 25000
[15/05/23 23:54:37:679 UTC]  INFO timedcache.TimedCacheProvider: ***	 Cache Config Memory : velocitycache: 5000
[15/05/23 23:54:37:679 UTC]  INFO timedcache.TimedCacheProvider: ***	 Cache Config Memory : vanityurldirectcache: 25000
[15/05/23 23:54:37:679 UTC]  INFO timedcache.TimedCacheProvider: ***	 Cache Config Memory : vanityurlsitecache: 5000
[15/05/23 23:54:37:679 UTC]  INFO h22.H22Cache: Start Full Cache Flush in h22
[15/05/23 23:54:37:679 UTC]  INFO h22.H22Cache: Building new H22 Cache, db:0
[15/05/23 23:54:37:684 UTC]  INFO h22.H22HikariPool: H22 on disk cache:jdbc:h2:/data/local/dotsecure/h22cache/0/2023-05-15_23-54-37/cache;MVCC=TRUE;DB_CLOSE_ON_EXIT=FALSE
[15/05/23 23:54:37:751 UTC]  INFO h22.H22Cache: Building new H22 Cache, db:1
[15/05/23 23:54:37:752 UTC]  INFO h22.H22HikariPool: H22 on disk cache:jdbc:h2:/data/local/dotsecure/h22cache/1/2023-05-15_23-54-37/cache;MVCC=TRUE;DB_CLOSE_ON_EXIT=FALSE
[15/05/23 23:54:37:816 UTC]  INFO h22.H22Cache: End Full Cache Flush in h22 : 137ms
[15/05/23 23:54:37:867 UTC]  INFO reindex.ReindexThread: --- Recreating ReindexThread from stopped
[15/05/23 23:54:37:869 UTC]  INFO framework.OSGISystem: Starting: OSGi System Framework
[15/05/23 23:54:37:869 UTC]  INFO framework.OSGISystem: Felix System base dir: /srv/dotserver/tomcat-9.0.60/webapps/ROOT/WEB-INF/felix-system
[15/05/23 23:54:37:881 UTC]  INFO framework.OSGIUtil: Loading Factory org.apache.felix.framework.FrameworkFactory
[15/05/23 23:54:38:360 UTC]  INFO init.SamlInitializer: SAML Init STARTED...
[15/05/23 23:54:39:203 UTC]  INFO init.SamlInitializer: Doing instance of Java Crypto validator
[15/05/23 23:54:39:203 UTC]  INFO init.SamlInitializer: Getting the Security Providers
[15/05/23 23:54:39:203 UTC]  INFO init.SamlInitializer: - SUN (DSA key/parameter generation; DSA signing; SHA-1, MD5 digests; SecureRandom; X.509 certificates; PKCS12, JKS & DKS keystores; PKIX CertPathValidator; PKIX CertPathBuilder; LDAP, Collection CertStores, JavaPolicy Policy; JavaLoginConfig Configuration)
[15/05/23 23:54:39:203 UTC]  INFO init.SamlInitializer: - Sun RSA signature provider
[15/05/23 23:54:39:203 UTC]  INFO init.SamlInitializer: - Sun Elliptic Curve provider (EC, ECDSA, ECDH)
[15/05/23 23:54:39:203 UTC]  INFO init.SamlInitializer: - Sun JSSE provider(PKCS12, SunX509/PKIX key/trust factories, SSLv3/TLSv1/TLSv1.1/TLSv1.2/TLSv1.3/DTLSv1.0/DTLSv1.2)
[15/05/23 23:54:39:203 UTC]  INFO init.SamlInitializer: - SunJCE Provider (implements RSA, DES, Triple DES, AES, Blowfish, ARCFOUR, RC2, PBE, Diffie-Hellman, HMAC, ChaCha20)
[15/05/23 23:54:39:203 UTC]  INFO init.SamlInitializer: - Sun (Kerberos v5, SPNEGO)
[15/05/23 23:54:39:203 UTC]  INFO init.SamlInitializer: - Sun SASL provider(implements client mechanisms for: DIGEST-MD5, EXTERNAL, PLAIN, CRAM-MD5, NTLM; server mechanisms for: DIGEST-MD5, CRAM-MD5, NTLM)
[15/05/23 23:54:39:203 UTC]  INFO init.SamlInitializer: - JdkLDAP Provider (implements LDAP CertStore)
[15/05/23 23:54:39:203 UTC]  INFO init.SamlInitializer: Doing Init of SignatureValidationProvider
[15/05/23 23:54:39:205 UTC]  INFO init.SamlInitializer: SAML Init DONE
[15/05/23 23:54:39:205 UTC]  INFO init.SamlInitializer: Setting basic parser pool
[15/05/23 23:54:39:207 UTC]  INFO osgi.Activator: Adding the SAML Web Filter
[15/05/23 23:54:39:281 UTC]  INFO osgi.Activator: Adding the SAML Web Service: com.dotcms.auth.providers.saml.v1.DotSamlResource
[15/05/23 23:54:39:702 UTC]  INFO osgi.Activator: Subscribing to  AppSecretSavedEvent events
[15/05/23 23:54:39:995 UTC]  INFO framework.OSGISystem: Started : OSGi System Framework
[15/05/23 23:54:39:996 UTC]  INFO reindex.ReindexThread: --- ReindexThread Running (every 60000 millis)
[15/05/23 23:54:40:001 UTC]  INFO db.DotCMSInitDb: Building Initial Index
[15/05/23 23:54:40:010 UTC]  INFO reindex.ReindexThread: ---  ReindexThread is starting, background indexing will begin
[15/05/23 23:54:40:047 UTC]  INFO business.ESIndexAPI: createIndex : Trying to create index: cluster_4aff2c937d.working_20230515235440 with shards: 0
[15/05/23 23:54:40:049 UTC]  INFO util.AdminLogger: class com.dotcms.content.elasticsearch.business.ESIndexAPI : createIndex : Trying to create index: cluster_4aff2c937d.working_20230515235440 with shards: 0
[15/05/23 23:54:40:050 UTC]  WARN business.ESIndexAPI: Unable to parse shards from config
[15/05/23 23:54:40:050 UTC]  WARN business.ESIndexAPI: null
[15/05/23 23:54:40:051 UTC]  WARN business.ESIndexAPI: java.base/java.lang.Integer.parseInt(Integer.java:614)
[15/05/23 23:54:40:344 UTC]  INFO business.ESIndexAPI: createIndex : Index created: cluster_4aff2c937d.working_20230515235440 with shards: 1
[15/05/23 23:54:40:344 UTC]  INFO util.AdminLogger: class com.dotcms.content.elasticsearch.business.ESIndexAPI : createIndex : Index created: cluster_4aff2c937d.working_20230515235440 with shards: 1
[15/05/23 23:54:40:430 UTC]  INFO business.ESIndexAPI: createIndex : Trying to create index: cluster_4aff2c937d.live_20230515235440 with shards: 0
[15/05/23 23:54:40:433 UTC]  INFO util.AdminLogger: class com.dotcms.content.elasticsearch.business.ESIndexAPI : createIndex : Trying to create index: cluster_4aff2c937d.live_20230515235440 with shards: 0
[15/05/23 23:54:40:434 UTC]  WARN business.ESIndexAPI: Unable to parse shards from config
[15/05/23 23:54:40:435 UTC]  WARN business.ESIndexAPI: null
[15/05/23 23:54:40:436 UTC]  WARN business.ESIndexAPI: java.base/java.lang.Integer.parseInt(Integer.java:614)
[15/05/23 23:54:40:543 UTC]  INFO business.ESIndexAPI: createIndex : Index created: cluster_4aff2c937d.live_20230515235440 with shards: 1
[15/05/23 23:54:40:543 UTC]  INFO util.AdminLogger: class com.dotcms.content.elasticsearch.business.ESIndexAPI : createIndex : Index created: cluster_4aff2c937d.live_20230515235440 with shards: 1
[15/05/23 23:54:40:647 UTC]  INFO servlets.InitServlet: 
[15/05/23 23:54:40:648 UTC]  INFO servlets.InitServlet:  * Copyright (c) 2023 dotCMS Inc. 
[15/05/23 23:54:40:649 UTC]  INFO servlets.InitServlet:  * This software, code and any modifications to the code are licensed under the terms of the dotCMS Enterprise License 
[15/05/23 23:54:40:650 UTC]  INFO servlets.InitServlet:  * which can be found here : https://www.github.com/dotCMS/core/LICENSE 
[15/05/23 23:54:40:651 UTC]  INFO servlets.InitServlet: 
[15/05/23 23:54:44:802 UTC]  INFO reindex.ReindexThread: --- Unpausing reindex thread 
[15/05/23 23:54:44:885 UTC]  WARN util.FileUtil:  Fail to remove destination dir [/data/local/dotsecure/trash/h22/20230515235444883/2023-05-15_23-54-21]
[15/05/23 23:54:44:966 UTC]  WARN util.FileUtil:  Fail to remove destination dir [/data/local/dotsecure/trash/h22/20230515235444965/2023-05-15_23-54-21]
[15/05/23 23:54:45:703 UTC]  INFO reindex.BulkProcessorListener: -----------
[15/05/23 23:54:45:703 UTC]  INFO reindex.BulkProcessorListener: Reindexing Server #  : 1 of 1
[15/05/23 23:54:45:704 UTC]  INFO reindex.BulkProcessorListener: Total Indexed        : 0
[15/05/23 23:54:45:704 UTC]  INFO reindex.BulkProcessorListener: ReindexEntries found : 3
[15/05/23 23:54:45:704 UTC]  INFO reindex.BulkProcessorListener: BulkRequests created : 6
[15/05/23 23:54:45:704 UTC]  INFO reindex.BulkProcessorListener: -----------
[15/05/23 23:54:47:805 UTC]  INFO db.DotCMSInitDb: Records left to index : 0
[15/05/23 23:54:47:806 UTC]  INFO db.DotCMSInitDb: While in DevMode dotCMS will not set an initial password to the admin user.
[15/05/23 23:54:47:807 UTC]  INFO startup.StartupTasksExecutor: Not Running Startup Tasks: Task00005LoadFixassets
[15/05/23 23:54:47:859 UTC]  INFO startup.StartupTasksExecutor: Running Startup Tasks : Task00006CreateSystemLayout
[15/05/23 23:54:50:880 UTC]  INFO startup.StartupTasksExecutor: Not Running Startup Tasks: Task00007RemoveSitesearchQuartzJob
[15/05/23 23:54:50:881 UTC]  INFO startup.StartupTasksExecutor: Running Startup Tasks : Task00040CheckAnonymousUser
[15/05/23 23:54:51:069 UTC]  INFO apps.SecretsKeyStoreHelper: KeyStore loaded successfully after `1` tries.
[15/05/23 23:54:51:069 UTC]  INFO startup.StartupTasksExecutor: Not Running Startup Tasks: Task00050LoadAppsSecrets
[15/05/23 23:54:51:070 UTC]  INFO startup.StartupTasksExecutor: Finishing startup tasks.
[15/05/23 23:54:51:070 UTC]  INFO startup.StartupTasksExecutor: ---
[15/05/23 23:54:51:070 UTC]  INFO startup.StartupTasksExecutor: 
[15/05/23 23:54:51:070 UTC]  INFO startup.StartupTasksExecutor: Running Upgrade Tasks
[15/05/23 23:54:51:071 UTC]  INFO startup.StartupTasksExecutor: Database version: 0
[15/05/23 23:54:52:103 UTC]  INFO startup.StartupTasksExecutor: Database upgraded to version: 760
[15/05/23 23:54:52:105 UTC]  INFO startup.StartupTasksExecutor: Database upgraded to version: 765
[15/05/23 23:54:52:107 UTC]  INFO startup.StartupTasksExecutor: Database upgraded to version: 766
[15/05/23 23:54:52:109 UTC]  INFO startup.StartupTasksExecutor: Database upgraded to version: 767
[15/05/23 23:54:52:110 UTC]  INFO startup.StartupTasksExecutor: Database upgraded to version: 768
[15/05/23 23:54:52:111 UTC]  INFO startup.StartupTasksExecutor: Database upgraded to version: 769
[15/05/23 23:54:52:112 UTC]  INFO startup.StartupTasksExecutor: Database upgraded to version: 775
[15/05/23 23:54:52:112 UTC]  INFO startup.StartupTasksExecutor: Database upgraded to version: 780
[15/05/23 23:54:52:113 UTC]  INFO startup.StartupTasksExecutor: Database upgraded to version: 782
[15/05/23 23:54:52:114 UTC]  INFO startup.StartupTasksExecutor: Database upgraded to version: 785
[15/05/23 23:54:52:115 UTC]  INFO startup.StartupTasksExecutor: Database upgraded to version: 790
[15/05/23 23:54:52:115 UTC]  INFO startup.StartupTasksExecutor: Database upgraded to version: 795
[15/05/23 23:54:52:116 UTC]  INFO startup.StartupTasksExecutor: Database upgraded to version: 800
[15/05/23 23:54:52:116 UTC]  INFO startup.StartupTasksExecutor: Database upgraded to version: 805
[15/05/23 23:54:52:118 UTC]  INFO startup.StartupTasksExecutor: Database upgraded to version: 810
[15/05/23 23:54:52:119 UTC]  INFO startup.StartupTasksExecutor: Database upgraded to version: 815
[15/05/23 23:54:52:120 UTC]  INFO startup.StartupTasksExecutor: Database upgraded to version: 820
[15/05/23 23:54:52:121 UTC]  INFO startup.StartupTasksExecutor: Database upgraded to version: 825
[15/05/23 23:54:52:122 UTC]  INFO startup.StartupTasksExecutor: Database upgraded to version: 835
[15/05/23 23:54:52:122 UTC]  INFO startup.StartupTasksExecutor: Database upgraded to version: 840
[15/05/23 23:54:52:123 UTC]  INFO startup.StartupTasksExecutor: Database upgraded to version: 845
[15/05/23 23:54:52:123 UTC]  INFO startup.StartupTasksExecutor: Database upgraded to version: 850
[15/05/23 23:54:52:124 UTC]  INFO startup.StartupTasksExecutor: Database upgraded to version: 855
[15/05/23 23:54:52:125 UTC]  INFO startup.StartupTasksExecutor: Database upgraded to version: 860
[15/05/23 23:54:52:125 UTC]  INFO startup.StartupTasksExecutor: Database upgraded to version: 865
[15/05/23 23:54:52:125 UTC]  INFO startup.StartupTasksExecutor: Database upgraded to version: 900
[15/05/23 23:54:52:126 UTC]  INFO startup.StartupTasksExecutor: Database upgraded to version: 905
[15/05/23 23:54:52:126 UTC]  INFO startup.StartupTasksExecutor: Database upgraded to version: 910
[15/05/23 23:54:52:126 UTC]  INFO startup.StartupTasksExecutor: Database upgraded to version: 920
[15/05/23 23:54:52:127 UTC]  INFO startup.StartupTasksExecutor: Database upgraded to version: 922
[15/05/23 23:54:52:127 UTC]  INFO startup.StartupTasksExecutor: Database upgraded to version: 925
[15/05/23 23:54:52:128 UTC]  INFO startup.StartupTasksExecutor: Database upgraded to version: 930
[15/05/23 23:54:52:129 UTC]  INFO startup.StartupTasksExecutor: Database upgraded to version: 935
[15/05/23 23:54:52:129 UTC]  INFO startup.StartupTasksExecutor: Database upgraded to version: 940
[15/05/23 23:54:52:129 UTC]  INFO startup.StartupTasksExecutor: Database upgraded to version: 945
[15/05/23 23:54:52:131 UTC]  INFO startup.StartupTasksExecutor: Database upgraded to version: 950
[15/05/23 23:54:52:131 UTC]  INFO startup.StartupTasksExecutor: Database upgraded to version: 1000
[15/05/23 23:54:52:132 UTC]  INFO startup.StartupTasksExecutor: Database upgraded to version: 1005
[15/05/23 23:54:52:132 UTC]  INFO startup.StartupTasksExecutor: Database upgraded to version: 1015
[15/05/23 23:54:52:134 UTC]  INFO startup.StartupTasksExecutor: Database upgraded to version: 1016
[15/05/23 23:54:52:135 UTC]  INFO startup.StartupTasksExecutor: Database upgraded to version: 1020
[15/05/23 23:54:52:137 UTC]  INFO startup.StartupTasksExecutor: Database upgraded to version: 1030
[15/05/23 23:54:52:138 UTC]  INFO startup.StartupTasksExecutor: Database upgraded to version: 1035
[15/05/23 23:54:52:140 UTC]  INFO startup.StartupTasksExecutor: Database upgraded to version: 1045
[15/05/23 23:54:52:141 UTC]  INFO startup.StartupTasksExecutor: Database upgraded to version: 1050
[15/05/23 23:54:52:144 UTC]  INFO startup.StartupTasksExecutor: Database upgraded to version: 1055
[15/05/23 23:54:52:144 UTC]  INFO startup.StartupTasksExecutor: Database upgraded to version: 1060
[15/05/23 23:54:52:145 UTC]  INFO startup.StartupTasksExecutor: Database upgraded to version: 1065
[15/05/23 23:54:52:146 UTC]  INFO startup.StartupTasksExecutor: Database upgraded to version: 1070
[15/05/23 23:54:52:148 UTC]  INFO startup.StartupTasksExecutor: Database upgraded to version: 1080
[15/05/23 23:54:52:148 UTC]  INFO startup.StartupTasksExecutor: Database upgraded to version: 1085
[15/05/23 23:54:52:149 UTC]  INFO startup.StartupTasksExecutor: Database upgraded to version: 1090
[15/05/23 23:54:52:149 UTC]  INFO startup.StartupTasksExecutor: Database upgraded to version: 1095
[15/05/23 23:54:52:150 UTC]  INFO startup.StartupTasksExecutor: Database upgraded to version: 1096
[15/05/23 23:54:52:151 UTC]  INFO startup.StartupTasksExecutor: Database upgraded to version: 3000
[15/05/23 23:54:52:151 UTC]  INFO startup.StartupTasksExecutor: Database upgraded to version: 3005
[15/05/23 23:54:52:152 UTC]  INFO startup.StartupTasksExecutor: Database upgraded to version: 3010
[15/05/23 23:54:52:153 UTC]  INFO startup.StartupTasksExecutor: Database upgraded to version: 3015
[15/05/23 23:54:52:153 UTC]  INFO startup.StartupTasksExecutor: Database upgraded to version: 3020
[15/05/23 23:54:52:154 UTC]  INFO startup.StartupTasksExecutor: Database upgraded to version: 3025
[15/05/23 23:54:52:154 UTC]  INFO startup.StartupTasksExecutor: Database upgraded to version: 3030
[15/05/23 23:54:52:155 UTC]  INFO startup.StartupTasksExecutor: Database upgraded to version: 3035
[15/05/23 23:54:52:156 UTC]  INFO startup.StartupTasksExecutor: Database upgraded to version: 3040
[15/05/23 23:54:52:157 UTC]  INFO startup.StartupTasksExecutor: Database upgraded to version: 3042
[15/05/23 23:54:52:157 UTC]  INFO startup.StartupTasksExecutor: Database upgraded to version: 3045
[15/05/23 23:54:52:158 UTC]  INFO startup.StartupTasksExecutor: Database upgraded to version: 3050
[15/05/23 23:54:52:158 UTC]  INFO startup.StartupTasksExecutor: Database upgraded to version: 3055
[15/05/23 23:54:52:159 UTC]  INFO startup.StartupTasksExecutor: Database upgraded to version: 3060
[15/05/23 23:54:52:160 UTC]  INFO startup.StartupTasksExecutor: Database upgraded to version: 3065
[15/05/23 23:54:52:161 UTC]  INFO startup.StartupTasksExecutor: Database upgraded to version: 3100
[15/05/23 23:54:52:162 UTC]  INFO startup.StartupTasksExecutor: Database upgraded to version: 3105
[15/05/23 23:54:52:162 UTC]  INFO startup.StartupTasksExecutor: Database upgraded to version: 3120
[15/05/23 23:54:52:163 UTC]  INFO startup.StartupTasksExecutor: Database upgraded to version: 3130
[15/05/23 23:54:52:164 UTC]  INFO startup.StartupTasksExecutor: Database upgraded to version: 3135
[15/05/23 23:54:52:164 UTC]  INFO startup.StartupTasksExecutor: Database upgraded to version: 3140
[15/05/23 23:54:52:168 UTC]  INFO startup.StartupTasksExecutor: Database upgraded to version: 3150
[15/05/23 23:54:52:168 UTC]  INFO startup.StartupTasksExecutor: Database upgraded to version: 3160
[15/05/23 23:54:52:169 UTC]  INFO startup.StartupTasksExecutor: Database upgraded to version: 3165
[15/05/23 23:54:52:170 UTC]  INFO startup.StartupTasksExecutor: Database upgraded to version: 3500
[15/05/23 23:54:52:170 UTC]  INFO startup.StartupTasksExecutor: Database upgraded to version: 3505
[15/05/23 23:54:52:171 UTC]  INFO startup.StartupTasksExecutor: Database upgraded to version: 3510
[15/05/23 23:54:52:172 UTC]  INFO startup.StartupTasksExecutor: Database upgraded to version: 3515
[15/05/23 23:54:52:173 UTC]  INFO startup.StartupTasksExecutor: Database upgraded to version: 3520
[15/05/23 23:54:52:173 UTC]  INFO startup.StartupTasksExecutor: Database upgraded to version: 3525
[15/05/23 23:54:52:174 UTC]  INFO startup.StartupTasksExecutor: Database upgraded to version: 3530
[15/05/23 23:54:52:175 UTC]  INFO startup.StartupTasksExecutor: Database upgraded to version: 3535
[15/05/23 23:54:52:178 UTC]  INFO startup.StartupTasksExecutor: Database upgraded to version: 3540
[15/05/23 23:54:52:179 UTC]  INFO startup.StartupTasksExecutor: Database upgraded to version: 3545
[15/05/23 23:54:52:180 UTC]  INFO startup.StartupTasksExecutor: Database upgraded to version: 3550
[15/05/23 23:54:52:181 UTC]  INFO startup.StartupTasksExecutor: Database upgraded to version: 3555
[15/05/23 23:54:52:181 UTC]  INFO startup.StartupTasksExecutor: Database upgraded to version: 3560
[15/05/23 23:54:52:182 UTC]  INFO startup.StartupTasksExecutor: Database upgraded to version: 3565
[15/05/23 23:54:52:182 UTC]  INFO startup.StartupTasksExecutor: Database upgraded to version: 3600
[15/05/23 23:54:52:183 UTC]  INFO startup.StartupTasksExecutor: Database upgraded to version: 3605
[15/05/23 23:54:52:184 UTC]  INFO startup.StartupTasksExecutor: Database upgraded to version: 3700
[15/05/23 23:54:52:185 UTC]  INFO startup.StartupTasksExecutor: Database upgraded to version: 3705
[15/05/23 23:54:52:185 UTC]  INFO startup.StartupTasksExecutor: Database upgraded to version: 3710
[15/05/23 23:54:52:186 UTC]  INFO startup.StartupTasksExecutor: Database upgraded to version: 3715
[15/05/23 23:54:52:186 UTC]  INFO startup.StartupTasksExecutor: Database upgraded to version: 3720
[15/05/23 23:54:52:187 UTC]  INFO startup.StartupTasksExecutor: Database upgraded to version: 3725
[15/05/23 23:54:52:188 UTC]  INFO startup.StartupTasksExecutor: Database upgraded to version: 3735
[15/05/23 23:54:52:189 UTC]  INFO startup.StartupTasksExecutor: Database upgraded to version: 3740
[15/05/23 23:54:52:189 UTC]  INFO startup.StartupTasksExecutor: Database upgraded to version: 3745
[15/05/23 23:54:52:190 UTC]  INFO startup.StartupTasksExecutor: Database upgraded to version: 3800
[15/05/23 23:54:52:191 UTC]  INFO startup.StartupTasksExecutor: Database upgraded to version: 4100
[15/05/23 23:54:52:191 UTC]  INFO startup.StartupTasksExecutor: Database upgraded to version: 4105
[15/05/23 23:54:52:192 UTC]  INFO startup.StartupTasksExecutor: Database upgraded to version: 4110
[15/05/23 23:54:52:192 UTC]  INFO startup.StartupTasksExecutor: Database upgraded to version: 4115
[15/05/23 23:54:52:193 UTC]  INFO startup.StartupTasksExecutor: Database upgraded to version: 4120
[15/05/23 23:54:52:194 UTC]  INFO startup.StartupTasksExecutor: Database upgraded to version: 4200
[15/05/23 23:54:52:195 UTC]  INFO startup.StartupTasksExecutor: Database upgraded to version: 4205
[15/05/23 23:54:52:195 UTC]  INFO startup.StartupTasksExecutor: Database upgraded to version: 4210
[15/05/23 23:54:52:196 UTC]  INFO startup.StartupTasksExecutor: Database upgraded to version: 4215
[15/05/23 23:54:52:196 UTC]  INFO startup.StartupTasksExecutor: Database upgraded to version: 4220
[15/05/23 23:54:52:197 UTC]  INFO startup.StartupTasksExecutor: Database upgraded to version: 4230
[15/05/23 23:54:52:197 UTC]  INFO startup.StartupTasksExecutor: Database upgraded to version: 4235
[15/05/23 23:54:52:198 UTC]  INFO startup.StartupTasksExecutor: Database upgraded to version: 4300
[15/05/23 23:54:52:200 UTC]  INFO startup.StartupTasksExecutor: Database upgraded to version: 4305
[15/05/23 23:54:52:200 UTC]  INFO startup.StartupTasksExecutor: Database upgraded to version: 4310
[15/05/23 23:54:52:201 UTC]  INFO startup.StartupTasksExecutor: Database upgraded to version: 4315
[15/05/23 23:54:52:202 UTC]  INFO startup.StartupTasksExecutor: Database upgraded to version: 4320
[15/05/23 23:54:52:203 UTC]  INFO startup.StartupTasksExecutor: Database upgraded to version: 4330
[15/05/23 23:54:52:203 UTC]  INFO startup.StartupTasksExecutor: Database upgraded to version: 4335
[15/05/23 23:54:52:205 UTC]  INFO startup.StartupTasksExecutor: Database upgraded to version: 4340
[15/05/23 23:54:52:205 UTC]  INFO startup.StartupTasksExecutor: Database upgraded to version: 4345
[15/05/23 23:54:52:206 UTC]  INFO startup.StartupTasksExecutor: Database upgraded to version: 4350
[15/05/23 23:54:52:207 UTC]  INFO startup.StartupTasksExecutor: Database upgraded to version: 4355
[15/05/23 23:54:52:208 UTC]  INFO startup.StartupTasksExecutor: Database upgraded to version: 4360
[15/05/23 23:54:52:208 UTC]  INFO startup.StartupTasksExecutor: Database upgraded to version: 4365
[15/05/23 23:54:52:209 UTC]  INFO startup.StartupTasksExecutor: Database upgraded to version: 4370
[15/05/23 23:54:52:210 UTC]  INFO startup.StartupTasksExecutor: Database upgraded to version: 4375
[15/05/23 23:54:52:213 UTC]  INFO startup.StartupTasksExecutor: Database upgraded to version: 4380
[15/05/23 23:54:52:213 UTC]  INFO startup.StartupTasksExecutor: Database upgraded to version: 4385
[15/05/23 23:54:52:217 UTC]  INFO startup.StartupTasksExecutor: Database upgraded to version: 4390
[15/05/23 23:54:52:219 UTC]  INFO startup.StartupTasksExecutor: Database upgraded to version: 5030
[15/05/23 23:54:52:220 UTC]  INFO startup.StartupTasksExecutor: Database upgraded to version: 5035
[15/05/23 23:54:52:221 UTC]  INFO startup.StartupTasksExecutor: Database upgraded to version: 5040
[15/05/23 23:54:52:222 UTC]  INFO startup.StartupTasksExecutor: Database upgraded to version: 5050
[15/05/23 23:54:52:224 UTC]  INFO startup.StartupTasksExecutor: Database upgraded to version: 5060
[15/05/23 23:54:52:225 UTC]  INFO startup.StartupTasksExecutor: Database upgraded to version: 5070
[15/05/23 23:54:52:226 UTC]  INFO startup.StartupTasksExecutor: Database upgraded to version: 5080
[15/05/23 23:54:52:227 UTC]  INFO startup.StartupTasksExecutor: Database upgraded to version: 5150
[15/05/23 23:54:52:227 UTC]  INFO startup.StartupTasksExecutor: Database upgraded to version: 5160
[15/05/23 23:54:52:228 UTC]  INFO startup.StartupTasksExecutor: Database upgraded to version: 5165
[15/05/23 23:54:52:228 UTC]  INFO startup.StartupTasksExecutor: Database upgraded to version: 5170
[15/05/23 23:54:52:230 UTC]  INFO startup.StartupTasksExecutor: Database upgraded to version: 5175
[15/05/23 23:54:52:231 UTC]  INFO startup.StartupTasksExecutor: Database upgraded to version: 5180
[15/05/23 23:54:52:231 UTC]  INFO startup.StartupTasksExecutor: Database upgraded to version: 5190
[15/05/23 23:54:52:232 UTC]  INFO startup.StartupTasksExecutor: Database upgraded to version: 5195
[15/05/23 23:54:52:233 UTC]  INFO startup.StartupTasksExecutor: Database upgraded to version: 5200
[15/05/23 23:54:52:236 UTC]  INFO startup.StartupTasksExecutor: Database upgraded to version: 5210
[15/05/23 23:54:52:237 UTC]  INFO startup.StartupTasksExecutor: Database upgraded to version: 5215
[15/05/23 23:54:52:238 UTC]  INFO startup.StartupTasksExecutor: Database upgraded to version: 5220
[15/05/23 23:54:52:238 UTC]  INFO startup.StartupTasksExecutor: Database upgraded to version: 5225
[15/05/23 23:54:52:243 UTC]  INFO startup.StartupTasksExecutor: Database upgraded to version: 5300
[15/05/23 23:54:52:244 UTC]  INFO startup.StartupTasksExecutor: Database upgraded to version: 5305
[15/05/23 23:54:52:245 UTC]  INFO startup.StartupTasksExecutor: Database upgraded to version: 5350
[15/05/23 23:54:52:245 UTC]  INFO startup.StartupTasksExecutor: Database upgraded to version: 5370
[15/05/23 23:54:52:248 UTC]  INFO startup.StartupTasksExecutor: Database upgraded to version: 5380
[15/05/23 23:54:52:248 UTC]  INFO startup.StartupTasksExecutor: Database upgraded to version: 5390
[15/05/23 23:54:52:249 UTC]  INFO startup.StartupTasksExecutor: Database upgraded to version: 5395
[15/05/23 23:54:52:250 UTC]  INFO startup.StartupTasksExecutor: Database upgraded to version: 201013
[15/05/23 23:54:52:252 UTC]  INFO startup.StartupTasksExecutor: Database upgraded to version: 201014
[15/05/23 23:54:52:252 UTC]  INFO startup.StartupTasksExecutor: Database upgraded to version: 201102
[15/05/23 23:54:52:253 UTC]  INFO startup.StartupTasksExecutor: Database upgraded to version: 210218
[15/05/23 23:54:52:253 UTC]  INFO startup.StartupTasksExecutor: Database upgraded to version: 210316
[15/05/23 23:54:52:255 UTC]  INFO startup.StartupTasksExecutor: Database upgraded to version: 210319
[15/05/23 23:54:52:256 UTC]  INFO startup.StartupTasksExecutor: Database upgraded to version: 210321
[15/05/23 23:54:52:256 UTC]  INFO startup.StartupTasksExecutor: Database upgraded to version: 210506
[15/05/23 23:54:52:257 UTC]  INFO startup.StartupTasksExecutor: Database upgraded to version: 210510
[15/05/23 23:54:52:257 UTC]  INFO startup.StartupTasksExecutor: Database upgraded to version: 210520
[15/05/23 23:54:52:259 UTC]  INFO startup.StartupTasksExecutor: Database upgraded to version: 210527
[15/05/23 23:54:52:259 UTC]  INFO startup.StartupTasksExecutor: Database upgraded to version: 210719
[15/05/23 23:54:52:261 UTC]  INFO startup.StartupTasksExecutor: Database upgraded to version: 210802
[15/05/23 23:54:52:261 UTC]  INFO startup.StartupTasksExecutor: Database upgraded to version: 210805
[15/05/23 23:54:52:264 UTC]  INFO startup.StartupTasksExecutor: Database upgraded to version: 210816
[15/05/23 23:54:52:265 UTC]  INFO startup.StartupTasksExecutor: Database upgraded to version: 210901
[15/05/23 23:54:52:265 UTC]  INFO startup.StartupTasksExecutor: Database upgraded to version: 211007
[15/05/23 23:54:52:266 UTC]  INFO startup.StartupTasksExecutor: Database upgraded to version: 211012
[15/05/23 23:54:52:267 UTC]  INFO startup.StartupTasksExecutor: Database upgraded to version: 211020
[15/05/23 23:54:52:267 UTC]  INFO startup.StartupTasksExecutor: Database upgraded to version: 211101
[15/05/23 23:54:52:268 UTC]  INFO startup.StartupTasksExecutor: Database upgraded to version: 211103
[15/05/23 23:54:52:268 UTC]  INFO startup.StartupTasksExecutor: Database upgraded to version: 220202
[15/05/23 23:54:52:269 UTC]  INFO startup.StartupTasksExecutor: Database upgraded to version: 220203
[15/05/23 23:54:52:270 UTC]  INFO startup.StartupTasksExecutor: Database upgraded to version: 220214
[15/05/23 23:54:52:270 UTC]  INFO startup.StartupTasksExecutor: Database upgraded to version: 220215
[15/05/23 23:54:52:271 UTC]  INFO startup.StartupTasksExecutor: Database upgraded to version: 220330
[15/05/23 23:54:52:273 UTC]  INFO startup.StartupTasksExecutor: Database upgraded to version: 220401
[15/05/23 23:54:52:275 UTC]  INFO startup.StartupTasksExecutor: Database upgraded to version: 220402
[15/05/23 23:54:52:275 UTC]  INFO startup.StartupTasksExecutor: Database upgraded to version: 220413
[15/05/23 23:54:52:276 UTC]  INFO startup.StartupTasksExecutor: Database upgraded to version: 220512
[15/05/23 23:54:52:278 UTC]  INFO startup.StartupTasksExecutor: Database upgraded to version: 220606
[15/05/23 23:54:52:278 UTC]  INFO startup.StartupTasksExecutor: Database upgraded to version: 220822
[15/05/23 23:54:52:279 UTC]  INFO startup.StartupTasksExecutor: Database upgraded to version: 220824
[15/05/23 23:54:52:280 UTC]  INFO startup.StartupTasksExecutor: Database upgraded to version: 220825
[15/05/23 23:54:52:281 UTC]  INFO startup.StartupTasksExecutor: Database upgraded to version: 220829
[15/05/23 23:54:52:282 UTC]  INFO startup.StartupTasksExecutor: Database upgraded to version: 220912
[15/05/23 23:54:52:282 UTC]  INFO startup.StartupTasksExecutor: Database upgraded to version: 220928
[15/05/23 23:54:52:283 UTC]  INFO startup.StartupTasksExecutor: Database upgraded to version: 221007
[15/05/23 23:54:52:284 UTC]  INFO startup.StartupTasksExecutor: Database upgraded to version: 221018
[15/05/23 23:54:52:285 UTC]  INFO startup.StartupTasksExecutor: Database upgraded to version: 230110
[15/05/23 23:54:52:286 UTC]  INFO startup.StartupTasksExecutor: Database upgraded to version: 230119
[15/05/23 23:54:52:286 UTC]  INFO startup.StartupTasksExecutor: Database upgraded to version: 230328
[15/05/23 23:54:52:287 UTC]  INFO startup.StartupTasksExecutor: Database upgraded to version: 230426
[15/05/23 23:54:52:287 UTC]  INFO reindex.ReindexThread: --- Unpausing reindex thread 
[15/05/23 23:54:52:287 UTC]  INFO startup.StartupTasksExecutor: Finishing upgrade tasks.
[15/05/23 23:54:52:287 UTC]  INFO startup.StartupTasksExecutor: Running Backported Tasks
[15/05/23 23:54:52:288 UTC]  INFO startup.StartupTasksExecutor: Finishing Backported tasks.
[15/05/23 23:54:52:308 UTC]  INFO util.Config: Setting property: CACHE_BINDPORT to 5701
[15/05/23 23:54:52:319 UTC]  INFO cluster.ClusterFactory: Cluster topography has changed. This might force a rewire
[15/05/23 23:54:52:319 UTC]  INFO cluster.ClusterFactory: Expecting Servers:[]
[15/05/23 23:54:52:344 UTC]  INFO cluster.ClusterFactory: Found Servers:[server={serverId=bed5b0ed-5da0-4b23-8f8c-d519704f0667, clusterId=4aff2c937d, ipAddress=172.19.0.3, host=null, name=263067f5d3f9, esTransportTcpPort=null, esNetworkPort=null, esHttpPort=9200, cachePort=5701, lastHeartBeat=1684194892316, key=null, licenseSerial=1cfc7c95-9fe0-4dcb-abe7-c31b9f0517fd, startupTime=0}]
[15/05/23 23:54:52:344 UTC]  INFO cluster.ClusterFactory: Cluster Active. Rewiring
[15/05/23 23:54:52:349 UTC]  INFO business.ChainableCacheAdministratorImpl: ***	 Cluster Update
[15/05/23 23:54:52:349 UTC]  INFO transport.PubSubCacheTransport: initing PubSubCacheTransport
[15/05/23 23:54:52:351 UTC]  INFO dotpubsub.PostgresPubSubImpl: Starting PostgresPubSub. Have servers:1
[15/05/23 23:54:52:351 UTC]  INFO dotpubsub.PostgresPubSubImpl: PGNotificationListener connecting to pub/sub...
[15/05/23 23:54:53:168 UTC]  INFO dotpubsub.PostgresPubSubImpl:  - LISTEN dotcache_topic
[15/05/23 23:54:53:181 UTC]  INFO transport.PubSubCacheTransport: Sending PING to cluster 
[15/05/23 23:54:53:196 UTC]  INFO license.LicenseManager: Updating server bed5b0ed-5da0-4b23-8f8c-d519704f0667 start time to 1684194845201
[15/05/23 23:54:53:209 UTC]  INFO transport.CacheTransportTopic: Got PING from server:bed5b0ed5d. sending PONG
[15/05/23 23:54:53:210 UTC]  INFO servlet.MainServlet: SuppressPropertiesBeanIntrospector enabled for legacy Struts applications
[15/05/23 23:54:53:219 UTC]  INFO transport.CacheTransportTopic: Got PONG from server:{"t":"PONG","top":"dotcache_topic","o":"bed5b0ed5d"}.
[15/05/23 23:54:53:388 UTC]  INFO config.DotInitializationService: Initializing DotCMS services
[15/05/23 23:54:53:389 UTC]  INFO config.DotInitializationService: Initializing :com.dotcms.api.system.event.SystemEventProcessorFactoryInitializer
[15/05/23 23:54:53:391 UTC]  INFO config.DotInitializationService: Initializing Done:com.dotcms.api.system.event.SystemEventProcessorFactoryInitializer, duration:0 seconds
[15/05/23 23:54:53:392 UTC]  INFO config.DotInitializationService: Initializing :com.dotcms.api.system.event.PayloadVerifierFactoryInitializer
[15/05/23 23:54:53:396 UTC]  INFO config.DotInitializationService: Initializing Done:com.dotcms.api.system.event.PayloadVerifierFactoryInitializer, duration:0 seconds
[15/05/23 23:54:53:397 UTC]  INFO config.DotInitializationService: Initializing :com.dotcms.system.event.local.business.LocalSystemEventSubscribersInitializer
[15/05/23 23:54:53:504 UTC]  INFO config.DotInitializationService: Initializing Done:com.dotcms.system.event.local.business.LocalSystemEventSubscribersInitializer, duration:0 seconds
[15/05/23 23:54:53:504 UTC]  INFO config.DotInitializationService: Initializing :com.dotmarketing.portlets.personas.business.PersonaAPIImpl
[15/05/23 23:54:53:508 UTC]  INFO config.DotInitializationService: Initializing Done:com.dotmarketing.portlets.personas.business.PersonaAPIImpl, duration:0 seconds
[15/05/23 23:54:53:509 UTC]  INFO config.DotInitializationService: Initializing :com.dotcms.rendering.velocity.events.ExceptionHandlersInitializer
[15/05/23 23:54:53:512 UTC]  INFO config.DotInitializationService: Initializing Done:com.dotcms.rendering.velocity.events.ExceptionHandlersInitializer, duration:0 seconds
[15/05/23 23:54:53:512 UTC]  INFO config.DotInitializationService: Initializing :com.dotcms.publishing.PublisherAPIImpl
[15/05/23 23:54:53:514 UTC]  INFO publishing.PublisherAPIImpl: Push Publishing Filters directory does not exist. Creating it under: /data/shared/assets/server/publishing-filters
[15/05/23 23:54:53:517 UTC]  INFO publishing.PublisherAPIImpl: dotcms filters files copied
[15/05/23 23:54:53:518 UTC]  INFO publishing.PublisherAPIImpl: Push Publishing Filters Directory: Lazy(/data/shared/assets/server/publishing-filters)
[15/05/23 23:54:53:519 UTC]  INFO publishing.PublisherAPIImpl: Loading Push Publish Filter: Intelligent.yml
[15/05/23 23:54:53:602 UTC]  INFO publishing.PublisherAPIImpl: FilterDescriptor{key=Intelligent.yml, title=Everything and Dependencies, sort=3, default=true, roles=DOTCMS_BACK_END_USER, filters{{excludeQuery=, excludeClasses=[], dependencies=true, excludeDependencyQuery=, excludeDependencyClasses=[], forcePush=false, relationships=true}}}
[15/05/23 23:54:53:605 UTC]  INFO publishing.PublisherAPIImpl: Loading Push Publish Filter: ShallowPush.yml
[15/05/23 23:54:53:607 UTC]  INFO publishing.PublisherAPIImpl: FilterDescriptor{key=ShallowPush.yml, title=Only Selected Items, sort=5, default=false, roles=DOTCMS_BACK_END_USER, filters{{excludeQuery=, excludeClasses=[], dependencies=false, excludeDependencyQuery=, excludeDependencyClasses=[], forcePush=false, relationships=false}}}
[15/05/23 23:54:53:607 UTC]  INFO publishing.PublisherAPIImpl: Loading Push Publish Filter: ContentOnly.yml
[15/05/23 23:54:53:611 UTC]  INFO publishing.PublisherAPIImpl: FilterDescriptor{key=ContentOnly.yml, title=Content and Relationships, sort=1, default=false, roles=DOTCMS_BACK_END_USER, filters{{excludeQuery=, excludeClasses=[ContentType, Template, Containers, Folder, Host, Links, Workflow, Language, Rule, User, OSGI], dependencies=true, excludeDependencyQuery=, excludeDependencyClasses=[ContentType, Template, Containers, Folder, Host, Links, Workflow, Language, Rule], forcePush=false, relationships=true}}}
[15/05/23 23:54:53:611 UTC]  INFO publishing.PublisherAPIImpl: Loading Push Publish Filter: WebContentOnly.yml
[15/05/23 23:54:53:614 UTC]  INFO publishing.PublisherAPIImpl: FilterDescriptor{key=WebContentOnly.yml, title=Content, Assets and Pages, sort=2, default=false, roles=DOTCMS_BACK_END_USER, filters{{excludeQuery=, excludeClasses=[Host, Workflow, ContentType, User, OSGI, Language], dependencies=true, excludeDependencyQuery=, excludeDependencyClasses=[Host, Workflow, ContentType, Language], forcePush=false, relationships=true}}}
[15/05/23 23:54:53:615 UTC]  INFO publishing.PublisherAPIImpl: Loading Push Publish Filter: ForcePush.yml
[15/05/23 23:54:53:617 UTC]  INFO publishing.PublisherAPIImpl: FilterDescriptor{key=ForcePush.yml, title=Force Push Everything, sort=4, default=false, roles=DOTCMS_BACK_END_USER, filters{{excludeQuery=, excludeClasses=[], dependencies=true, excludeDependencyQuery=, excludeDependencyClasses=[], forcePush=true, relationships=true}}}
[15/05/23 23:54:53:617 UTC]  INFO config.DotInitializationService: Initializing Done:com.dotcms.publishing.PublisherAPIImpl, duration:0 seconds
[15/05/23 23:54:53:617 UTC]  INFO config.DotInitializationService: Initializing :com.dotmarketing.portlets.containers.business.ContainerAPIImpl
[15/05/23 23:54:53:620 UTC]  INFO config.DotInitializationService: Initializing Done:com.dotmarketing.portlets.containers.business.ContainerAPIImpl, duration:0 seconds
[15/05/23 23:54:53:620 UTC]  INFO config.DotInitializationService: Initializing :com.dotmarketing.business.ThemeAPIImpl
[15/05/23 23:54:53:622 UTC]  INFO config.DotInitializationService: Initializing Done:com.dotmarketing.business.ThemeAPIImpl, duration:0 seconds
[15/05/23 23:54:53:622 UTC]  INFO config.DotInitializationService: Initializing :com.dotmarketing.portlets.templates.business.TemplateAPIImpl
[15/05/23 23:54:53:624 UTC]  INFO config.DotInitializationService: Initializing Done:com.dotmarketing.portlets.templates.business.TemplateAPIImpl, duration:0 seconds
[15/05/23 23:54:53:624 UTC]  INFO config.DotInitializationService: Initializing :com.dotcms.contenttype.business.ContentTypeInitializer
[15/05/23 23:54:53:631 UTC]  INFO config.DotInitializationService: Initializing Done:com.dotcms.contenttype.business.ContentTypeInitializer, duration:0 seconds
[15/05/23 23:54:53:631 UTC]  INFO config.DotInitializationService: Initializing :com.dotcms.variant.business.DefaultVariantInitializer
[15/05/23 23:54:56:644 UTC]  INFO config.DotInitializationService: Initializing Done:com.dotcms.variant.business.DefaultVariantInitializer, duration:3 seconds
[15/05/23 23:54:56:644 UTC]  INFO startup.StartupTasksExecutor: ---
[15/05/23 23:54:56:644 UTC]  INFO startup.StartupTasksExecutor: 
[15/05/23 23:54:56:644 UTC]  INFO startup.StartupTasksExecutor: Running Data Upgrade Tasks
[15/05/23 23:54:56:644 UTC]  INFO startup.StartupTasksExecutor: Database data version: 0
[15/05/23 23:54:56:650 UTC]  INFO startup.StartupTasksExecutor: Data upgraded to version: 230320
[15/05/23 23:54:56:650 UTC]  INFO startup.StartupTasksExecutor: Finishing data upgrade tasks.
[15/05/23 23:54:56:663 UTC]  INFO servlets.StartupLogger: InitServlet: Setting Default Timezone: Coordinated Universal Time
[15/05/23 23:54:56:663 UTC]  INFO servlets.StartupLogger: 
[15/05/23 23:54:56:663 UTC]  INFO servlets.StartupLogger:    Initializing dotCMS
[15/05/23 23:54:56:663 UTC]  INFO servlets.StartupLogger:    Using database: PostgreSQL
[15/05/23 23:54:56:664 UTC]  INFO servlets.StartupLogger:    Using dialect : com.dotcms.repackage.net.sf.hibernate.dialect.PostgreSQLDialect
[15/05/23 23:54:56:664 UTC]  INFO servlets.StartupLogger:    Company Name  : dotcms.org
[15/05/23 23:54:56:664 UTC]  INFO servlets.StartupLogger: 
[15/05/23 23:54:56:664 UTC]  INFO servlets.StartupLogger:    License       : PLATFORM EDITION
[15/05/23 23:54:56:664 UTC]  INFO servlets.StartupLogger:    Licensed to   : dotCMS Internal
[15/05/23 23:54:56:664 UTC]  INFO servlets.StartupLogger:    Server id     : bed5b0ed
[15/05/23 23:54:56:664 UTC]  INFO servlets.StartupLogger:    License id    : 1cfc7c95
[15/05/23 23:54:56:664 UTC]  INFO servlets.StartupLogger:    Expires       : Thu, 20 Aug 2099 04:00 AM
[15/05/23 23:54:56:664 UTC]  INFO servlets.StartupLogger: 
[15/05/23 23:54:56:665 UTC]  INFO servlets.InitServlet: 
[15/05/23 23:54:56:665 UTC]  INFO servlets.InitServlet: 
[15/05/23 23:54:56:704 UTC]  INFO business.VanityUrlAPIImpl: Populating 0 Vanity URLs for Site default
[15/05/23 23:54:56:707 UTC]  INFO business.VanityUrlAPIImpl: Populating 0 Vanity URLs for Site System Host
[15/05/23 23:54:56:770 UTC]  INFO impl.StdSchedulerFactory: Using default implementation for ThreadExecutor
[15/05/23 23:54:56:773 UTC]  INFO simpl.SimpleThreadPool: Job execution threads will use class loader of thread: main
[15/05/23 23:54:56:790 UTC]  INFO core.SchedulerSignalerImpl: Initialized Scheduler Signaller of type: class org.quartz.core.SchedulerSignalerImpl
[15/05/23 23:54:56:802 UTC]  INFO core.QuartzScheduler: Quartz Scheduler v.1.8.6 created.
[15/05/23 23:54:56:807 UTC]  INFO quartz.DotJobStore: Using db table-based data access locking (synchronization).
[15/05/23 23:54:56:810 UTC]  INFO quartz.DotJobStore: JobStoreCMT initialized.
[15/05/23 23:54:56:812 UTC]  INFO core.QuartzScheduler: Scheduler meta-data: Quartz Scheduler (v1.8.6) 'dotCMSQuartz' with instanceId 'NON_CLUSTERED'
  Scheduler class: 'org.quartz.core.QuartzScheduler' - running locally.
  NOT STARTED.
  Currently in standby mode.
  Number of jobs executed: 0
  Using thread pool 'org.quartz.simpl.SimpleThreadPool' - with 10 threads.
  Using job-store 'com.dotmarketing.quartz.DotJobStore' - which supports persistence. and is clustered.

[15/05/23 23:54:56:812 UTC]  INFO impl.StdSchedulerFactory: Quartz scheduler 'dotCMSQuartz' initialized from an externally provided properties instance.
[15/05/23 23:54:56:812 UTC]  INFO impl.StdSchedulerFactory: Quartz scheduler version: 1.8.6
[15/05/23 23:54:56:812 UTC]  INFO init.DotInitScheduler: Automatic Content Reindexation Cron Thread schedule disabled on this server
[15/05/23 23:54:56:812 UTC]  INFO init.DotInitScheduler: Deleting ContentReindexerJob Job
[15/05/23 23:54:56:820 UTC]  INFO init.DotInitScheduler: Users To Delete Cron Thread schedule disabled on this server
[15/05/23 23:54:56:820 UTC]  INFO init.DotInitScheduler: Deleting UsersToDeleteJob Job
[15/05/23 23:54:56:880 UTC]  INFO init.DotInitScheduler: LinkCheckerJob Cron Job schedule disabled on this server
[15/05/23 23:54:56:996 UTC]  INFO job.AccessTokenRenewJob$AccessTokensRenewJobScheduler: Stateful AnalyticsAccessTokenRenewJob (trigger31:group31) job was schedule to run at Mon May 15 23:55:00 UTC 2023
[15/05/23 23:54:57:062 UTC]  INFO core.QuartzScheduler: Scheduler dotCMSQuartz_$_NON_CLUSTERED started.
[15/05/23 23:54:57:202 UTC]  INFO runtime.ConcurrentParserPoolImpl: Initializing Velocity Parser Pool - min: 20 max:100 @ main
[15/05/23 23:54:57:290 UTC]  INFO servlets.InitServlet: Starting System OSGi Framework
[15/05/23 23:54:57:291 UTC]  INFO reindex.ReindexThread: --- Unpausing reindex thread 
[15/05/23 23:54:57:299 UTC]  INFO servlets.BinaryExporterServlet: Exporter "Content Image Fields Resizer" registered for path /resize-image
[15/05/23 23:54:57:300 UTC]  INFO servlets.BinaryExporterServlet: Exporter "Export Field Content" registered for path /raw-data
[15/05/23 23:54:57:301 UTC]  INFO servlets.InitServlet: Starting Client OSGi Framework
[15/05/23 23:54:57:303 UTC]  INFO servlets.BinaryExporterServlet: Exporter "Image Filter Exporter" registered for path /image
[15/05/23 23:54:57:307 UTC]  INFO servlets.BinaryExporterServlet: Exporter "Image Thumbnail Field Exporter" registered for path /image-thumbnail
[15/05/23 23:54:57:313 UTC]  INFO dotpubsub.PostgresPubSubImpl: Starting PostgresPubSub. Have servers:1
[15/05/23 23:54:57:313 UTC]  INFO dotpubsub.PostgresPubSubImpl: PGNotificationListener already connected. Returning
[15/05/23 23:54:57:314 UTC]  INFO dotpubsub.PostgresPubSubImpl:  - LISTEN dotcache_topic
[15/05/23 23:54:57:315 UTC]  INFO dotpubsub.PostgresPubSubImpl:  - LISTEN osgi_restart_topic
[15/05/23 23:54:57:316 UTC]  INFO framework.OSGIUtil: Felix base dir: /srv/dotserver/tomcat-9.0.60/webapps/ROOT/WEB-INF/felix
[15/05/23 23:54:57:321 UTC]  INFO framework.OSGIUtil: Found property  felix.auto.deploy.action=install,start
[15/05/23 23:54:57:321 UTC]  INFO framework.OSGIUtil: Found property  felix.fileinstall.log.level=3
[15/05/23 23:54:57:321 UTC]  INFO framework.OSGIUtil: Found property  felix.org.osgi.framework.startlevel.beginning=2
[15/05/23 23:54:57:321 UTC]  INFO framework.OSGIUtil: Found property  felix.org.osgi.framework.storage.clean=onFirstInit
[15/05/23 23:54:57:321 UTC]  INFO framework.OSGIUtil: Found property  felix.log.level=3
[15/05/23 23:54:57:321 UTC]  INFO framework.OSGIUtil: Found property  felix.cache.locking=false
[15/05/23 23:54:57:323 UTC]  INFO framework.OSGIUtil: Found property  felix.upload.dir=/data/shared/felix/upload
[15/05/23 23:54:57:323 UTC]  INFO framework.OSGIUtil: Found property  felix.fileinstall.dir=/data/shared/felix/load
[15/05/23 23:54:57:323 UTC]  INFO framework.OSGIUtil: Found property  felix.undeployed.dir=/data/shared/felix/undeployed
[15/05/23 23:54:57:325 UTC]  INFO framework.OSGIUtil: Building Directory:/srv/dotserver/tomcat-9.0.60/webapps/ROOT/WEB-INF/felix
[15/05/23 23:54:57:326 UTC]  INFO framework.OSGIUtil: Building Directory:/data/shared/felix/upload
[15/05/23 23:54:57:326 UTC]  INFO framework.OSGIUtil: Building Directory:/data/shared/felix/load
[15/05/23 23:54:57:326 UTC]  INFO framework.OSGIUtil: Building Directory:/data/shared/felix/undeployed
[15/05/23 23:54:57:326 UTC]  INFO framework.OSGIUtil: Building Directory:/srv/dotserver/tomcat-9.0.60/webapps/ROOT/WEB-INF/felix/bundle
[15/05/23 23:54:57:329 UTC]  INFO framework.OSGIUtil: Building Directory:/srv/dotserver/tomcat-9.0.60/webapps/ROOT/WEB-INF/felix/felix-cache
[15/05/23 23:54:57:337 UTC]  INFO framework.OSGIUtil: Starting the osgi reload on folder: /data/shared/felix/upload
[15/05/23 23:54:57:356 UTC]  INFO framework.OSGIUtil: Loading Factory org.apache.felix.framework.FrameworkFactory
[15/05/23 23:54:57:672 UTC]  INFO apps.SecretsKeyStoreHelper: KeyStore loaded successfully after `1` tries.
[15/05/23 23:54:57:721 UTC]  INFO framework.OSGIUtil: osgi felix framework started
[15/05/23 23:54:57:735 UTC]  INFO apps.SecretsKeyStoreHelper: KeyStore loaded successfully after `1` tries.
[15/05/23 23:54:57:752 UTC]  WARN util.FileUtil:  Fail to remove destination dir [/data/local/dotsecure/trash/h22/20230515235457752/2023-05-15_23-54-37]
[15/05/23 23:54:57:752 UTC]  WARN util.FileUtil:  Fail to remove destination dir [/data/local/dotsecure/trash/h22/20230515235457752/2023-05-15_23-54-24]
[15/05/23 23:54:57:760 UTC]  WARN struts.MultiMessageResources: Duplicate resource property definition (key=was ==> is now): contenttypes.content.copy=Copy ==> Copy
[15/05/23 23:54:57:763 UTC]  WARN struts.MultiMessageResources: Duplicate resource property definition (key=was ==> is now): message.category.import=Importing Categories.  This operation cannot be cancelled or undone. ==> IMPORT
[15/05/23 23:54:57:763 UTC]  WARN struts.MultiMessageResources: Duplicate resource property definition (key=was ==> is now): message.containers.create.content_type_code=Content Type Code ==> Content Type Code
[15/05/23 23:54:57:767 UTC]  WARN struts.MultiMessageResources: Duplicate resource property definition (key=was ==> is now): Save=Save ==> Save
[15/05/23 23:54:57:769 UTC]  WARN struts.MultiMessageResources: Duplicate resource property definition (key=was ==> is now): Move=Move ==> Move
[15/05/23 23:54:57:771 UTC]  WARN struts.MultiMessageResources: Duplicate resource property definition (key=was ==> is now): archived=archived ==> Archived
[15/05/23 23:54:57:817 UTC]  WARN util.FileUtil:  Fail to remove destination dir [/data/local/dotsecure/trash/h22/20230515235457817/2023-05-15_23-54-37]
[15/05/23 23:54:57:817 UTC]  WARN util.FileUtil:  Fail to remove destination dir [/data/local/dotsecure/trash/h22/20230515235457817/2023-05-15_23-54-24]
[15/05/23 23:54:57:842 UTC]  INFO saml.DotSamlProxyFactory: SAML Osgi Bundle has been started
[15/05/23 23:54:57:848 UTC]  WARN impl.SamlConfigurationServiceImpl: The /data/shared/assets/saml/dotcms-saml-default.properties does not exists or can not read
[15/05/23 23:54:57:930 UTC]  INFO apps.SecretsKeyStoreHelper: KeyStore loaded successfully after `1` tries.
[15/05/23 23:54:57:983 UTC]  INFO util.GeoIp2CityDbUtil: Connecting to GeoIP2 database:/srv/dotserver/tomcat-9.0.60/webapps/ROOT/WEB-INF/geoip2/GeoLite2-City.mmdb
[15/05/23 23:54:58:020 UTC]  WARN rules.RulesAPIImpl: Actionlet with name 'CountRulesActionlet' already registered.
[15/05/23 23:54:58:020 UTC]  WARN rules.RulesAPIImpl: Actionlet with name 'SetSessionAttributeActionlet' already registered.
[15/05/23 23:54:58:020 UTC]  WARN rules.RulesAPIImpl: Actionlet with name 'SetRequestAttributeActionlet' already registered.
[15/05/23 23:54:58:020 UTC]  WARN rules.RulesAPIImpl: Actionlet with name 'SetResponseHeaderActionlet' already registered.
[15/05/23 23:54:58:020 UTC]  WARN rules.RulesAPIImpl: Actionlet with name 'PersonaActionlet' already registered.
[15/05/23 23:54:58:020 UTC]  WARN rules.RulesAPIImpl: Actionlet with name 'VisitorTagsActionlet' already registered.
[15/05/23 23:54:58:020 UTC]  WARN rules.RulesAPIImpl: Actionlet with name 'SendRedirectActionlet' already registered.
[15/05/23 23:54:58:020 UTC]  WARN rules.RulesAPIImpl: Actionlet with name 'StopProcessingActionlet' already registered.
[15/05/23 23:55:00:166 UTC]  INFO apps.SecretsKeyStoreHelper: KeyStore loaded successfully after `1` tries.
[15/05/23 23:55:00:208 UTC]  INFO apps.SecretsKeyStoreHelper: KeyStore loaded successfully after `1` tries.
[15/05/23 23:55:00:392 UTC]  WARN business.ESContentFactoryImpl: ----------------------------------------------
[15/05/23 23:55:00:393 UTC]  WARN business.ESContentFactoryImpl: Elasticsearch SEARCH error in index 'cluster_4aff2c937d.live_20230515235440'
[15/05/23 23:55:00:394 UTC]  WARN business.ESContentFactoryImpl: Thread: dotCMSQuartz_Worker-1
[15/05/23 23:55:00:395 UTC]  WARN business.ESContentFactoryImpl: ES Query: {"size":10000,"timeout":"15000ms","query":{"query_string":{"query":"+live:true +deleted:false +expdate:[1969-12-31t18:00:00-0000 TO 2023-05-15t23:55:00+0000]","fields":[],"type":"best_fields","default_operator":"or","max_determinized_states":10000,"enable_position_increments":true,"fuzziness":"AUTO","fuzzy_prefix_length":0,"fuzzy_max_expansions":50,"phrase_slop":0,"escape":false,"auto_generate_synonyms_phrase_query":true,"fuzzy_transpositions":true,"boost":1.0}},"_source":{"includes":["inode","identifier"],"excludes":[]},"sort":[{"moddate":{"order":"desc"}}],"track_total_hits":10000000}
[15/05/23 23:55:00:396 UTC]  WARN business.ESContentFactoryImpl: Class org.elasticsearch.ElasticsearchStatusException: Elasticsearch exception [type=illegal_argument_exception, reason=Text fields are not optimised for operations that require per-document field data like aggregations and sorting, so these operations are disabled by default. Please use a keyword field instead. Alternatively, set fielddata=true on [moddate] in order to load field data by uninverting the inverted index. Note that this can use significant memory.]
[15/05/23 23:55:00:396 UTC]  WARN business.ESContentFactoryImpl: ----------------------------------------------
[15/05/23 23:55:03:323 UTC]  INFO util.SecurityLogger: class com.dotcms.cms.login.LoginServiceAPIFactory$LoginServiceImpl : An invalid attempt to login as dotcms.org.1 has been made from IP: 172.19.0.1 -- ip:172.19.0.1,user:null
[15/05/23 23:55:03:324 UTC]  WARN rest.WebResource: Request IP: 172.19.0.1. Can't authenticate user. Username: admin@dotcms.com
[15/05/23 23:55:08:423 UTC]  INFO util.SecurityLogger: class com.dotcms.cms.login.LoginServiceAPIFactory$LoginServiceImpl : An invalid attempt to login as dotcms.org.1 has been made from IP: 172.19.0.1 -- ip:172.19.0.1,user:null
[15/05/23 23:55:08:423 UTC]  WARN rest.WebResource: Request IP: 172.19.0.1. Can't authenticate user. Username: admin@dotcms.com
[15/05/23 23:55:13:499 UTC]  INFO util.SecurityLogger: class com.dotcms.cms.login.LoginServiceAPIFactory$LoginServiceImpl : An invalid attempt to login as dotcms.org.1 has been made from IP: 172.19.0.1 -- ip:172.19.0.1,user:null
[15/05/23 23:55:13:500 UTC]  WARN rest.WebResource: Request IP: 172.19.0.1. Can't authenticate user. Username: admin@dotcms.com
[15/05/23 23:55:18:561 UTC]  INFO util.SecurityLogger: class com.dotcms.cms.login.LoginServiceAPIFactory$LoginServiceImpl : An invalid attempt to login as dotcms.org.1 has been made from IP: 172.19.0.1 -- ip:172.19.0.1,user:null
[15/05/23 23:55:18:561 UTC]  WARN rest.WebResource: Request IP: 172.19.0.1. Can't authenticate user. Username: admin@dotcms.com
[15/05/23 23:55:24:644 UTC]  INFO util.SecurityLogger: class com.dotcms.cms.login.LoginServiceAPIFactory$LoginServiceImpl : An invalid attempt to login as dotcms.org.1 has been made from IP: 172.19.0.1 -- ip:172.19.0.1,user:null
[15/05/23 23:55:24:644 UTC]  WARN rest.WebResource: Request IP: 172.19.0.1. Can't authenticate user. Username: admin@dotcms.com
[15/05/23 23:55:24:648 UTC]  WARN rest.WebResource: InitDataObject Error: uri:/api/bundle err:Authentication credentials are required
[15/05/23 23:55:24:648 UTC]  WARN rest.WebResource: Authentication credentials are required
[15/05/23 23:55:24:648 UTC]  WARN rest.WebResource: com.dotcms.rest.WebResource.authenticateUser(WebResource.java:633)
[15/05/23 23:55:29:722 UTC]  INFO util.SecurityLogger: class com.dotcms.cms.login.LoginServiceAPIFactory$LoginServiceImpl : An invalid attempt to login as dotcms.org.1 has been made from IP: 172.19.0.1 -- ip:172.19.0.1,user:null
[15/05/23 23:55:29:722 UTC]  WARN rest.WebResource: Request IP: 172.19.0.1. Can't authenticate user. Username: admin@dotcms.com
[15/05/23 23:55:29:722 UTC]  WARN rest.WebResource: InitDataObject Error: uri:/api/bundle err:Authentication credentials are required
[15/05/23 23:55:29:722 UTC]  WARN rest.WebResource: Authentication credentials are required
[15/05/23 23:55:29:723 UTC]  WARN rest.WebResource: com.dotcms.rest.WebResource.authenticateUser(WebResource.java:633)
[15/05/23 23:55:34:777 UTC]  INFO util.SecurityLogger: class com.dotcms.cms.login.LoginServiceAPIFactory$LoginServiceImpl : An invalid attempt to login as dotcms.org.1 has been made from IP: 172.19.0.1 -- ip:172.19.0.1,user:null
[15/05/23 23:55:34:777 UTC]  WARN rest.WebResource: Request IP: 172.19.0.1. Can't authenticate user. Username: admin@dotcms.com
[15/05/23 23:55:34:777 UTC]  WARN rest.WebResource: InitDataObject Error: uri:/api/bundle err:Authentication credentials are required
[15/05/23 23:55:34:777 UTC]  WARN rest.WebResource: Authentication credentials are required
[15/05/23 23:55:34:778 UTC]  WARN rest.WebResource: com.dotcms.rest.WebResource.authenticateUser(WebResource.java:633)
[15/05/23 23:55:40:055 UTC]  INFO reindex.ReindexThread: --- ReindexThread Paused (every 3600000 millis)
[15/05/23 23:55:40:245 UTC]  INFO util.SecurityLogger: class com.dotcms.cms.login.LoginServiceAPIFactory$LoginServiceImpl : An invalid attempt to login as dotcms.org.1 has been made from IP: 172.19.0.1 -- ip:172.19.0.1,user:null
[15/05/23 23:55:40:246 UTC]  WARN rest.WebResource: Request IP: 172.19.0.1. Can't authenticate user. Username: admin@dotcms.com
[15/05/23 23:55:40:246 UTC]  WARN rest.WebResource: InitDataObject Error: uri:/api/bundle err:Authentication credentials are required
[15/05/23 23:55:40:246 UTC]  WARN rest.WebResource: Authentication credentials are required
[15/05/23 23:55:40:246 UTC]  WARN rest.WebResource: com.dotcms.rest.WebResource.authenticateUser(WebResource.java:633)
[15/05/23 23:55:45:330 UTC]  INFO util.SecurityLogger: class com.dotcms.cms.login.LoginServiceAPIFactory$LoginServiceImpl : An invalid attempt to login as dotcms.org.1 has been made from IP: 172.19.0.1 -- ip:172.19.0.1,user:null
[15/05/23 23:55:45:330 UTC]  WARN rest.WebResource: Request IP: 172.19.0.1. Can't authenticate user. Username: admin@dotcms.com
[15/05/23 23:55:45:331 UTC]  WARN rest.WebResource: InitDataObject Error: uri:/api/v1/site/switch/48190c8c-42c4-46af-8d1a-0cd5db894797 err:Authentication credentials are required
[15/05/23 23:55:45:331 UTC]  WARN rest.WebResource: Authentication credentials are required
[15/05/23 23:55:45:331 UTC]  WARN rest.WebResource: com.dotcms.rest.WebResource.authenticateUser(WebResource.java:633)
[15/05/23 23:55:50:459 UTC]  INFO util.SecurityLogger: class com.dotcms.cms.login.LoginServiceAPIFactory$LoginServiceImpl : An invalid attempt to login as dotcms.org.1 has been made from IP: 172.19.0.1 -- ip:172.19.0.1,user:null
[15/05/23 23:55:50:460 UTC]  WARN rest.WebResource: Request IP: 172.19.0.1. Can't authenticate user. Username: admin@dotcms.com
[15/05/23 23:55:50:999 UTC]  INFO business.GraphqlAPIImpl: Call for class: com.dotcms.graphql.business.GraphqlAPIImpl#generateSchema, duration:256 millis
[15/05/23 23:55:56:008 UTC]  INFO util.SecurityLogger: class com.dotcms.cms.login.LoginServiceAPIFactory$LoginServiceImpl : An invalid attempt to login as dotcms.org.1 has been made from IP: 172.19.0.1 -- ip:172.19.0.1,user:null
[15/05/23 23:55:56:008 UTC]  WARN rest.WebResource: Request IP: 172.19.0.1. Can't authenticate user. Username: admin@dotcms.com
[15/05/23 23:55:56:009 UTC]  WARN rest.WebResource: InitDataObject Error: uri:/api/v1/graphql err:Authentication credentials are required
[15/05/23 23:55:56:009 UTC]  WARN rest.WebResource: Authentication credentials are required
[15/05/23 23:55:56:009 UTC]  WARN rest.WebResource: com.dotcms.rest.WebResource.authenticateUser(WebResource.java:633)
[15/05/23 23:55:56:012 UTC] ERROR exception.SecurityException: Authentication credentials are required
com.dotcms.rest.exception.SecurityException: Authentication credentials are required
	at com.dotcms.rest.WebResource.authenticateUser(WebResource.java:633) ~[dotcms_null.jar:?]
	at com.dotcms.rest.WebResource.authenticate(WebResource.java:495) ~[dotcms_null.jar:?]
	at com.dotcms.rest.WebResource.getCurrentUser(WebResource.java:424) ~[dotcms_null.jar:?]
	at com.dotcms.rest.WebResource.init(WebResource.java:353) ~[dotcms_null.jar:?]
	at com.dotcms.rest.WebResource$InitBuilder.init(WebResource.java:886) ~[dotcms_null.jar:?]
	at com.dotcms.graphql.DotGraphQLContextBuilder.build(DotGraphQLContextBuilder.java:24) ~[dotcms_null.jar:?]
	at graphql.kickstart.servlet.input.GraphQLInvocationInputFactory.create(GraphQLInvocationInputFactory.java:95) ~[graphql-java-servlet-9.1.0.jar:?]
	at graphql.kickstart.servlet.input.GraphQLInvocationInputFactory.create(GraphQLInvocationInputFactory.java:60) ~[graphql-java-servlet-9.1.0.jar:?]
	at graphql.kickstart.servlet.GraphQLPostInvocationInputParser.getGraphQLInvocationInput(GraphQLPostInvocationInputParser.java:36) ~[graphql-java-servlet-9.1.0.jar:?]
	at graphql.kickstart.servlet.HttpRequestHandlerImpl.handle(HttpRequestHandlerImpl.java:36) ~[graphql-java-servlet-9.1.0.jar:?]
	at graphql.kickstart.servlet.AbstractGraphQLHttpServlet.doRequest(AbstractGraphQLHttpServlet.java:147) ~[graphql-java-servlet-9.1.0.jar:?]
	at graphql.kickstart.servlet.AbstractGraphQLHttpServlet.doRequestAsync(AbstractGraphQLHttpServlet.java:137) ~[graphql-java-servlet-9.1.0.jar:?]
	at graphql.kickstart.servlet.AbstractGraphQLHttpServlet.doPost(AbstractGraphQLHttpServlet.java:169) ~[graphql-java-servlet-9.1.0.jar:?]
	at com.dotcms.graphql.DotGraphQLHttpServlet.doPost(DotGraphQLHttpServlet.java:64) ~[dotcms_null.jar:?]
	at javax.servlet.http.HttpServlet.service(HttpServlet.java:681) ~[servlet-api.jar:4.0.FR]
	at javax.servlet.http.HttpServlet.service(HttpServlet.java:764) ~[servlet-api.jar:4.0.FR]
	at org.apache.catalina.core.ApplicationFilterChain.internalDoFilter(ApplicationFilterChain.java:227) ~[catalina.jar:9.0.60]
	at org.apache.catalina.core.ApplicationFilterChain.doFilter(ApplicationFilterChain.java:162) ~[catalina.jar:9.0.60]
	at org.apache.tomcat.websocket.server.WsFilter.doFilter(WsFilter.java:53) ~[tomcat-websocket.jar:9.0.60]
	at org.apache.catalina.core.ApplicationFilterChain.internalDoFilter(ApplicationFilterChain.java:189) ~[catalina.jar:9.0.60]
	at org.apache.catalina.core.ApplicationFilterChain.doFilter(ApplicationFilterChain.java:162) ~[catalina.jar:9.0.60]
	at com.dotmarketing.filters.CMSFilter.doFilterInternal(CMSFilter.java:169) ~[dotcms_null.jar:?]
	at com.dotmarketing.filters.CMSFilter.doFilter(CMSFilter.java:49) ~[dotcms_null.jar:?]
	at org.apache.catalina.core.ApplicationFilterChain.internalDoFilter(ApplicationFilterChain.java:189) ~[catalina.jar:9.0.60]
	at org.apache.catalina.core.ApplicationFilterChain.doFilter(ApplicationFilterChain.java:162) ~[catalina.jar:9.0.60]
	at com.dotcms.filters.interceptor.AbstractWebInterceptorSupportFilter.doFilter(AbstractWebInterceptorSupportFilter.java:90) ~[dotcms_null.jar:?]
	at org.apache.catalina.core.ApplicationFilterChain.internalDoFilter(ApplicationFilterChain.java:189) ~[catalina.jar:9.0.60]
	at org.apache.catalina.core.ApplicationFilterChain.doFilter(ApplicationFilterChain.java:162) ~[catalina.jar:9.0.60]
	at com.dotcms.filters.interceptor.AbstractWebInterceptorSupportFilter.doFilter(AbstractWebInterceptorSupportFilter.java:90) ~[dotcms_null.jar:?]
	at org.apache.catalina.core.ApplicationFilterChain.internalDoFilter(ApplicationFilterChain.java:189) ~[catalina.jar:9.0.60]
	at org.apache.catalina.core.ApplicationFilterChain.doFilter(ApplicationFilterChain.java:162) ~[catalina.jar:9.0.60]
	at com.dotcms.visitor.filter.servlet.VisitorFilter.doFilter(VisitorFilter.java:81) ~[dotcms_null.jar:?]
	at org.apache.catalina.core.ApplicationFilterChain.internalDoFilter(ApplicationFilterChain.java:189) ~[catalina.jar:9.0.60]
	at org.apache.catalina.core.ApplicationFilterChain.doFilter(ApplicationFilterChain.java:162) ~[catalina.jar:9.0.60]
	at com.dotcms.vanityurl.filters.VanityURLFilter.doFilter(VanityURLFilter.java:114) ~[dotcms_null.jar:?]
	at org.apache.catalina.core.ApplicationFilterChain.internalDoFilter(ApplicationFilterChain.java:189) ~[catalina.jar:9.0.60]
	at org.apache.catalina.core.ApplicationFilterChain.doFilter(ApplicationFilterChain.java:162) ~[catalina.jar:9.0.60]
	at org.tuckey.web.filters.urlrewrite.RuleChain.handleRewrite(RuleChain.java:176) ~[urlrewritefilter-4.0.4.jar:4.0.4]
	at org.tuckey.web.filters.urlrewrite.RuleChain.doRules(RuleChain.java:145) ~[urlrewritefilter-4.0.4.jar:4.0.4]
	at org.tuckey.web.filters.urlrewrite.UrlRewriter.processRequest(UrlRewriter.java:92) ~[urlrewritefilter-4.0.4.jar:4.0.4]
	at org.tuckey.web.filters.urlrewrite.UrlRewriteFilter.doFilter(UrlRewriteFilter.java:389) ~[urlrewritefilter-4.0.4.jar:4.0.4]
	at org.apache.catalina.core.ApplicationFilterChain.internalDoFilter(ApplicationFilterChain.java:189) ~[catalina.jar:9.0.60]
	at org.apache.catalina.core.ApplicationFilterChain.doFilter(ApplicationFilterChain.java:162) ~[catalina.jar:9.0.60]
	at com.dotmarketing.filters.TimeMachineFilter.doFilter(TimeMachineFilter.java:67) ~[dotcms_null.jar:?]
	at org.apache.catalina.core.ApplicationFilterChain.internalDoFilter(ApplicationFilterChain.java:189) ~[catalina.jar:9.0.60]
	at org.apache.catalina.core.ApplicationFilterChain.doFilter(ApplicationFilterChain.java:162) ~[catalina.jar:9.0.60]
	at com.dotmarketing.filters.ThreadNameFilter.doFilter(ThreadNameFilter.java:88) ~[dotcms_null.jar:?]
	at org.apache.catalina.core.ApplicationFilterChain.internalDoFilter(ApplicationFilterChain.java:189) ~[catalina.jar:9.0.60]
	at org.apache.catalina.core.ApplicationFilterChain.doFilter(ApplicationFilterChain.java:162) ~[catalina.jar:9.0.60]
	at com.dotmarketing.filters.CookiesFilter.doFilter(CookiesFilter.java:53) ~[dotcms_null.jar:?]
	at org.apache.catalina.core.ApplicationFilterChain.internalDoFilter(ApplicationFilterChain.java:189) ~[catalina.jar:9.0.60]
	at org.apache.catalina.core.ApplicationFilterChain.doFilter(ApplicationFilterChain.java:162) ~[catalina.jar:9.0.60]
	at com.dotmarketing.filters.CharsetEncodingFilter.doFilter(CharsetEncodingFilter.java:99) ~[dotcms_null.jar:?]
	at org.apache.catalina.core.ApplicationFilterChain.internalDoFilter(ApplicationFilterChain.java:189) ~[catalina.jar:9.0.60]
	at org.apache.catalina.core.ApplicationFilterChain.doFilter(ApplicationFilterChain.java:162) ~[catalina.jar:9.0.60]
	at com.dotcms.filters.interceptor.AbstractWebInterceptorSupportFilter.doFilter(AbstractWebInterceptorSupportFilter.java:90) ~[dotcms_null.jar:?]
	at org.apache.catalina.core.ApplicationFilterChain.internalDoFilter(ApplicationFilterChain.java:189) ~[catalina.jar:9.0.60]
	at org.apache.catalina.core.ApplicationFilterChain.doFilter(ApplicationFilterChain.java:162) ~[catalina.jar:9.0.60]
	at org.apache.catalina.filters.HttpHeaderSecurityFilter.doFilter(HttpHeaderSecurityFilter.java:126) ~[catalina.jar:9.0.60]
	at org.apache.catalina.core.ApplicationFilterChain.internalDoFilter(ApplicationFilterChain.java:189) ~[catalina.jar:9.0.60]
	at org.apache.catalina.core.ApplicationFilterChain.doFilter(ApplicationFilterChain.java:162) ~[catalina.jar:9.0.60]
	at com.dotcms.filters.NormalizationFilter.doFilter(NormalizationFilter.java:88) ~[dotcms_null.jar:?]
	at org.apache.catalina.core.ApplicationFilterChain.internalDoFilter(ApplicationFilterChain.java:189) ~[catalina.jar:9.0.60]
	at org.apache.catalina.core.ApplicationFilterChain.doFilter(ApplicationFilterChain.java:162) ~[catalina.jar:9.0.60]
	at org.apache.catalina.core.StandardWrapperValve.invoke(StandardWrapperValve.java:197) ~[catalina.jar:9.0.60]
	at org.apache.catalina.core.StandardContextValve.invoke(StandardContextValve.java:97) ~[catalina.jar:9.0.60]
	at org.apache.catalina.authenticator.AuthenticatorBase.invoke(AuthenticatorBase.java:541) ~[catalina.jar:9.0.60]
	at org.apache.catalina.core.StandardHostValve.invoke(StandardHostValve.java:135) ~[catalina.jar:9.0.60]
	at org.apache.catalina.valves.AbstractAccessLogValve.invoke(AbstractAccessLogValve.java:687) ~[catalina.jar:9.0.60]
	at org.apache.catalina.valves.ErrorReportValve.invoke(ErrorReportValve.java:92) ~[catalina.jar:9.0.60]
	at org.apache.catalina.valves.RemoteIpValve.invoke(RemoteIpValve.java:769) ~[catalina.jar:9.0.60]
	at org.apache.catalina.core.StandardEngineValve.invoke(StandardEngineValve.java:78) ~[catalina.jar:9.0.60]
	at org.apache.catalina.connector.CoyoteAdapter.service(CoyoteAdapter.java:360) ~[catalina.jar:9.0.60]
	at org.apache.coyote.http11.Http11Processor.service(Http11Processor.java:399) ~[tomcat-coyote.jar:9.0.60]
	at org.apache.coyote.AbstractProcessorLight.process(AbstractProcessorLight.java:65) ~[tomcat-coyote.jar:9.0.60]
	at org.apache.coyote.AbstractProtocol$ConnectionHandler.process(AbstractProtocol.java:889) ~[tomcat-coyote.jar:9.0.60]
	at org.apache.tomcat.util.net.Nio2Endpoint$SocketProcessor.doRun(Nio2Endpoint.java:1701) ~[tomcat-coyote.jar:9.0.60]
	at org.apache.tomcat.util.net.SocketProcessorBase.run(SocketProcessorBase.java:49) ~[tomcat-coyote.jar:9.0.60]
	at org.apache.tomcat.util.net.AbstractEndpoint.processSocket(AbstractEndpoint.java:1190) ~[tomcat-coyote.jar:9.0.60]
	at org.apache.tomcat.util.net.Nio2Endpoint$Nio2SocketWrapper$2.completed(Nio2Endpoint.java:633) ~[tomcat-coyote.jar:9.0.60]
	at org.apache.tomcat.util.net.Nio2Endpoint$Nio2SocketWrapper$2.completed(Nio2Endpoint.java:611) ~[tomcat-coyote.jar:9.0.60]
	at sun.nio.ch.Invoker.invokeUnchecked(Invoker.java:127) ~[?:?]
	at sun.nio.ch.UnixAsynchronousSocketChannelImpl.finishRead(UnixAsynchronousSocketChannelImpl.java:439) ~[?:?]
	at sun.nio.ch.UnixAsynchronousSocketChannelImpl.finish(UnixAsynchronousSocketChannelImpl.java:191) ~[?:?]
	at sun.nio.ch.UnixAsynchronousSocketChannelImpl.onEvent(UnixAsynchronousSocketChannelImpl.java:213) ~[?:?]
	at sun.nio.ch.EPollPort$EventHandlerTask.run(EPollPort.java:306) ~[?:?]
	at sun.nio.ch.AsynchronousChannelGroupImpl$1.run(AsynchronousChannelGroupImpl.java:112) ~[?:?]
	at java.util.concurrent.ThreadPoolExecutor.runWorker(ThreadPoolExecutor.java:1128) ~[?:?]
	at java.util.concurrent.ThreadPoolExecutor$Worker.run(ThreadPoolExecutor.java:628) ~[?:?]
	at java.lang.Thread.run(Thread.java:829) [?:?]
Caused by: com.liferay.portal.auth.AuthException
	at com.dotcms.cms.login.LoginServiceAPIFactory$LoginServiceImpl.doActionLogin(LoginServiceAPIFactory.java:299) ~[dotcms_null.jar:?]
	at com.dotcms.rest.WebResource.authenticateUser(WebResource.java:613) ~[dotcms_null.jar:?]
	... 89 more
[15/05/23 23:55:56:012 UTC]  INFO util.SecurityLogger: class com.dotcms.rest.api.v1.authentication.ResponseUtil : Authentication credentials are required -- ip:172.19.0.1,user:null
[15/05/23 23:56:00:032 UTC]  WARN business.ESContentFactoryImpl: ----------------------------------------------
[15/05/23 23:56:00:032 UTC]  WARN business.ESContentFactoryImpl: Elasticsearch SEARCH error in index 'cluster_4aff2c937d.live_20230515235440'
[15/05/23 23:56:00:032 UTC]  WARN business.ESContentFactoryImpl: Thread: dotCMSQuartz_Worker-8
[15/05/23 23:56:00:033 UTC]  WARN business.ESContentFactoryImpl: ES Query: {"size":10000,"timeout":"15000ms","query":{"query_string":{"query":"+live:true +deleted:false +expdate:[1969-12-31t18:00:00-0000 TO 2023-05-15t23:56:00+0000]","fields":[],"type":"best_fields","default_operator":"or","max_determinized_states":10000,"enable_position_increments":true,"fuzziness":"AUTO","fuzzy_prefix_length":0,"fuzzy_max_expansions":50,"phrase_slop":0,"escape":false,"auto_generate_synonyms_phrase_query":true,"fuzzy_transpositions":true,"boost":1.0}},"_source":{"includes":["inode","identifier"],"excludes":[]},"sort":[{"moddate":{"order":"desc"}}],"track_total_hits":10000000}
[15/05/23 23:56:00:033 UTC]  WARN business.ESContentFactoryImpl: Class org.elasticsearch.ElasticsearchStatusException: Elasticsearch exception [type=illegal_argument_exception, reason=Text fields are not optimised for operations that require per-document field data like aggregations and sorting, so these operations are disabled by default. Please use a keyword field instead. Alternatively, set fielddata=true on [moddate] in order to load field data by uninverting the inverted index. Note that this can use significant memory.]
[15/05/23 23:56:00:033 UTC]  WARN business.ESContentFactoryImpl: ----------------------------------------------
[15/05/23 23:56:01:082 UTC]  INFO util.SecurityLogger: class com.dotcms.cms.login.LoginServiceAPIFactory$LoginServiceImpl : An invalid attempt to login as dotcms.org.1 has been made from IP: 172.19.0.1 -- ip:172.19.0.1,user:null
[15/05/23 23:56:01:083 UTC]  WARN rest.WebResource: Request IP: 172.19.0.1. Can't authenticate user. Username: admin@dotcms.com
[15/05/23 23:56:01:083 UTC]  WARN rest.WebResource: InitDataObject Error: uri:/api/v1/graphql err:Authentication credentials are required
[15/05/23 23:56:01:083 UTC]  WARN rest.WebResource: Authentication credentials are required
[15/05/23 23:56:01:084 UTC]  WARN rest.WebResource: com.dotcms.rest.WebResource.authenticateUser(WebResource.java:633)
[15/05/23 23:56:01:084 UTC] ERROR exception.SecurityException: Authentication credentials are required
com.dotcms.rest.exception.SecurityException: Authentication credentials are required
	at com.dotcms.rest.WebResource.authenticateUser(WebResource.java:633) ~[dotcms_null.jar:?]
	at com.dotcms.rest.WebResource.authenticate(WebResource.java:495) ~[dotcms_null.jar:?]
	at com.dotcms.rest.WebResource.getCurrentUser(WebResource.java:424) ~[dotcms_null.jar:?]
	at com.dotcms.rest.WebResource.init(WebResource.java:353) ~[dotcms_null.jar:?]
	at com.dotcms.rest.WebResource$InitBuilder.init(WebResource.java:886) ~[dotcms_null.jar:?]
	at com.dotcms.graphql.DotGraphQLContextBuilder.build(DotGraphQLContextBuilder.java:24) ~[dotcms_null.jar:?]
	at graphql.kickstart.servlet.input.GraphQLInvocationInputFactory.create(GraphQLInvocationInputFactory.java:95) ~[graphql-java-servlet-9.1.0.jar:?]
	at graphql.kickstart.servlet.input.GraphQLInvocationInputFactory.create(GraphQLInvocationInputFactory.java:60) ~[graphql-java-servlet-9.1.0.jar:?]
	at graphql.kickstart.servlet.GraphQLPostInvocationInputParser.getGraphQLInvocationInput(GraphQLPostInvocationInputParser.java:36) ~[graphql-java-servlet-9.1.0.jar:?]
	at graphql.kickstart.servlet.HttpRequestHandlerImpl.handle(HttpRequestHandlerImpl.java:36) ~[graphql-java-servlet-9.1.0.jar:?]
	at graphql.kickstart.servlet.AbstractGraphQLHttpServlet.doRequest(AbstractGraphQLHttpServlet.java:147) ~[graphql-java-servlet-9.1.0.jar:?]
	at graphql.kickstart.servlet.AbstractGraphQLHttpServlet.doRequestAsync(AbstractGraphQLHttpServlet.java:137) ~[graphql-java-servlet-9.1.0.jar:?]
	at graphql.kickstart.servlet.AbstractGraphQLHttpServlet.doPost(AbstractGraphQLHttpServlet.java:169) ~[graphql-java-servlet-9.1.0.jar:?]
	at com.dotcms.graphql.DotGraphQLHttpServlet.doPost(DotGraphQLHttpServlet.java:64) ~[dotcms_null.jar:?]
	at javax.servlet.http.HttpServlet.service(HttpServlet.java:681) ~[servlet-api.jar:4.0.FR]
	at javax.servlet.http.HttpServlet.service(HttpServlet.java:764) ~[servlet-api.jar:4.0.FR]
	at org.apache.catalina.core.ApplicationFilterChain.internalDoFilter(ApplicationFilterChain.java:227) ~[catalina.jar:9.0.60]
	at org.apache.catalina.core.ApplicationFilterChain.doFilter(ApplicationFilterChain.java:162) ~[catalina.jar:9.0.60]
	at org.apache.tomcat.websocket.server.WsFilter.doFilter(WsFilter.java:53) ~[tomcat-websocket.jar:9.0.60]
	at org.apache.catalina.core.ApplicationFilterChain.internalDoFilter(ApplicationFilterChain.java:189) ~[catalina.jar:9.0.60]
	at org.apache.catalina.core.ApplicationFilterChain.doFilter(ApplicationFilterChain.java:162) ~[catalina.jar:9.0.60]
	at com.dotmarketing.filters.CMSFilter.doFilterInternal(CMSFilter.java:169) ~[dotcms_null.jar:?]
	at com.dotmarketing.filters.CMSFilter.doFilter(CMSFilter.java:49) ~[dotcms_null.jar:?]
	at org.apache.catalina.core.ApplicationFilterChain.internalDoFilter(ApplicationFilterChain.java:189) ~[catalina.jar:9.0.60]
	at org.apache.catalina.core.ApplicationFilterChain.doFilter(ApplicationFilterChain.java:162) ~[catalina.jar:9.0.60]
	at com.dotcms.filters.interceptor.AbstractWebInterceptorSupportFilter.doFilter(AbstractWebInterceptorSupportFilter.java:90) ~[dotcms_null.jar:?]
	at org.apache.catalina.core.ApplicationFilterChain.internalDoFilter(ApplicationFilterChain.java:189) ~[catalina.jar:9.0.60]
	at org.apache.catalina.core.ApplicationFilterChain.doFilter(ApplicationFilterChain.java:162) ~[catalina.jar:9.0.60]
	at com.dotcms.filters.interceptor.AbstractWebInterceptorSupportFilter.doFilter(AbstractWebInterceptorSupportFilter.java:90) ~[dotcms_null.jar:?]
	at org.apache.catalina.core.ApplicationFilterChain.internalDoFilter(ApplicationFilterChain.java:189) ~[catalina.jar:9.0.60]
	at org.apache.catalina.core.ApplicationFilterChain.doFilter(ApplicationFilterChain.java:162) ~[catalina.jar:9.0.60]
	at com.dotcms.visitor.filter.servlet.VisitorFilter.doFilter(VisitorFilter.java:81) ~[dotcms_null.jar:?]
	at org.apache.catalina.core.ApplicationFilterChain.internalDoFilter(ApplicationFilterChain.java:189) ~[catalina.jar:9.0.60]
	at org.apache.catalina.core.ApplicationFilterChain.doFilter(ApplicationFilterChain.java:162) ~[catalina.jar:9.0.60]
	at com.dotcms.vanityurl.filters.VanityURLFilter.doFilter(VanityURLFilter.java:114) ~[dotcms_null.jar:?]
	at org.apache.catalina.core.ApplicationFilterChain.internalDoFilter(ApplicationFilterChain.java:189) ~[catalina.jar:9.0.60]
	at org.apache.catalina.core.ApplicationFilterChain.doFilter(ApplicationFilterChain.java:162) ~[catalina.jar:9.0.60]
	at org.tuckey.web.filters.urlrewrite.RuleChain.handleRewrite(RuleChain.java:176) ~[urlrewritefilter-4.0.4.jar:4.0.4]
	at org.tuckey.web.filters.urlrewrite.RuleChain.doRules(RuleChain.java:145) ~[urlrewritefilter-4.0.4.jar:4.0.4]
	at org.tuckey.web.filters.urlrewrite.UrlRewriter.processRequest(UrlRewriter.java:92) ~[urlrewritefilter-4.0.4.jar:4.0.4]
	at org.tuckey.web.filters.urlrewrite.UrlRewriteFilter.doFilter(UrlRewriteFilter.java:389) ~[urlrewritefilter-4.0.4.jar:4.0.4]
	at org.apache.catalina.core.ApplicationFilterChain.internalDoFilter(ApplicationFilterChain.java:189) ~[catalina.jar:9.0.60]
	at org.apache.catalina.core.ApplicationFilterChain.doFilter(ApplicationFilterChain.java:162) ~[catalina.jar:9.0.60]
	at com.dotmarketing.filters.TimeMachineFilter.doFilter(TimeMachineFilter.java:67) ~[dotcms_null.jar:?]
	at org.apache.catalina.core.ApplicationFilterChain.internalDoFilter(ApplicationFilterChain.java:189) ~[catalina.jar:9.0.60]
	at org.apache.catalina.core.ApplicationFilterChain.doFilter(ApplicationFilterChain.java:162) ~[catalina.jar:9.0.60]
	at com.dotmarketing.filters.ThreadNameFilter.doFilter(ThreadNameFilter.java:88) ~[dotcms_null.jar:?]
	at org.apache.catalina.core.ApplicationFilterChain.internalDoFilter(ApplicationFilterChain.java:189) ~[catalina.jar:9.0.60]
	at org.apache.catalina.core.ApplicationFilterChain.doFilter(ApplicationFilterChain.java:162) ~[catalina.jar:9.0.60]
	at com.dotmarketing.filters.CookiesFilter.doFilter(CookiesFilter.java:53) ~[dotcms_null.jar:?]
	at org.apache.catalina.core.ApplicationFilterChain.internalDoFilter(ApplicationFilterChain.java:189) ~[catalina.jar:9.0.60]
	at org.apache.catalina.core.ApplicationFilterChain.doFilter(ApplicationFilterChain.java:162) ~[catalina.jar:9.0.60]
	at com.dotmarketing.filters.CharsetEncodingFilter.doFilter(CharsetEncodingFilter.java:99) ~[dotcms_null.jar:?]
	at org.apache.catalina.core.ApplicationFilterChain.internalDoFilter(ApplicationFilterChain.java:189) ~[catalina.jar:9.0.60]
	at org.apache.catalina.core.ApplicationFilterChain.doFilter(ApplicationFilterChain.java:162) ~[catalina.jar:9.0.60]
	at com.dotcms.filters.interceptor.AbstractWebInterceptorSupportFilter.doFilter(AbstractWebInterceptorSupportFilter.java:90) ~[dotcms_null.jar:?]
	at org.apache.catalina.core.ApplicationFilterChain.internalDoFilter(ApplicationFilterChain.java:189) ~[catalina.jar:9.0.60]
	at org.apache.catalina.core.ApplicationFilterChain.doFilter(ApplicationFilterChain.java:162) ~[catalina.jar:9.0.60]
	at org.apache.catalina.filters.HttpHeaderSecurityFilter.doFilter(HttpHeaderSecurityFilter.java:126) ~[catalina.jar:9.0.60]
	at org.apache.catalina.core.ApplicationFilterChain.internalDoFilter(ApplicationFilterChain.java:189) ~[catalina.jar:9.0.60]
	at org.apache.catalina.core.ApplicationFilterChain.doFilter(ApplicationFilterChain.java:162) ~[catalina.jar:9.0.60]
	at com.dotcms.filters.NormalizationFilter.doFilter(NormalizationFilter.java:88) ~[dotcms_null.jar:?]
	at org.apache.catalina.core.ApplicationFilterChain.internalDoFilter(ApplicationFilterChain.java:189) ~[catalina.jar:9.0.60]
	at org.apache.catalina.core.ApplicationFilterChain.doFilter(ApplicationFilterChain.java:162) ~[catalina.jar:9.0.60]
	at org.apache.catalina.core.StandardWrapperValve.invoke(StandardWrapperValve.java:197) ~[catalina.jar:9.0.60]
	at org.apache.catalina.core.StandardContextValve.invoke(StandardContextValve.java:97) ~[catalina.jar:9.0.60]
	at org.apache.catalina.authenticator.AuthenticatorBase.invoke(AuthenticatorBase.java:541) ~[catalina.jar:9.0.60]
	at org.apache.catalina.core.StandardHostValve.invoke(StandardHostValve.java:135) ~[catalina.jar:9.0.60]
	at org.apache.catalina.valves.AbstractAccessLogValve.invoke(AbstractAccessLogValve.java:687) ~[catalina.jar:9.0.60]
	at org.apache.catalina.valves.ErrorReportValve.invoke(ErrorReportValve.java:92) ~[catalina.jar:9.0.60]
	at org.apache.catalina.valves.RemoteIpValve.invoke(RemoteIpValve.java:769) ~[catalina.jar:9.0.60]
	at org.apache.catalina.core.StandardEngineValve.invoke(StandardEngineValve.java:78) ~[catalina.jar:9.0.60]
	at org.apache.catalina.connector.CoyoteAdapter.service(CoyoteAdapter.java:360) ~[catalina.jar:9.0.60]
	at org.apache.coyote.http11.Http11Processor.service(Http11Processor.java:399) ~[tomcat-coyote.jar:9.0.60]
	at org.apache.coyote.AbstractProcessorLight.process(AbstractProcessorLight.java:65) ~[tomcat-coyote.jar:9.0.60]
	at org.apache.coyote.AbstractProtocol$ConnectionHandler.process(AbstractProtocol.java:889) ~[tomcat-coyote.jar:9.0.60]
	at org.apache.tomcat.util.net.Nio2Endpoint$SocketProcessor.doRun(Nio2Endpoint.java:1701) ~[tomcat-coyote.jar:9.0.60]
	at org.apache.tomcat.util.net.SocketProcessorBase.run(SocketProcessorBase.java:49) ~[tomcat-coyote.jar:9.0.60]
	at org.apache.tomcat.util.net.AbstractEndpoint.processSocket(AbstractEndpoint.java:1190) ~[tomcat-coyote.jar:9.0.60]
	at org.apache.tomcat.util.net.Nio2Endpoint$Nio2SocketWrapper$2.completed(Nio2Endpoint.java:633) ~[tomcat-coyote.jar:9.0.60]
	at org.apache.tomcat.util.net.Nio2Endpoint$Nio2SocketWrapper$2.completed(Nio2Endpoint.java:611) ~[tomcat-coyote.jar:9.0.60]
	at sun.nio.ch.Invoker.invokeUnchecked(Invoker.java:127) ~[?:?]
	at sun.nio.ch.UnixAsynchronousSocketChannelImpl.finishRead(UnixAsynchronousSocketChannelImpl.java:439) ~[?:?]
	at sun.nio.ch.UnixAsynchronousSocketChannelImpl.finish(UnixAsynchronousSocketChannelImpl.java:191) ~[?:?]
	at sun.nio.ch.UnixAsynchronousSocketChannelImpl.onEvent(UnixAsynchronousSocketChannelImpl.java:213) ~[?:?]
	at sun.nio.ch.EPollPort$EventHandlerTask.run(EPollPort.java:306) ~[?:?]
	at sun.nio.ch.AsynchronousChannelGroupImpl$1.run(AsynchronousChannelGroupImpl.java:112) ~[?:?]
	at java.util.concurrent.ThreadPoolExecutor.runWorker(ThreadPoolExecutor.java:1128) ~[?:?]
	at java.util.concurrent.ThreadPoolExecutor$Worker.run(ThreadPoolExecutor.java:628) ~[?:?]
	at java.lang.Thread.run(Thread.java:829) [?:?]
Caused by: com.liferay.portal.auth.AuthException
	at com.dotcms.cms.login.LoginServiceAPIFactory$LoginServiceImpl.doActionLogin(LoginServiceAPIFactory.java:299) ~[dotcms_null.jar:?]
	at com.dotcms.rest.WebResource.authenticateUser(WebResource.java:613) ~[dotcms_null.jar:?]
	... 89 more
[15/05/23 23:56:01:084 UTC]  INFO util.SecurityLogger: class com.dotcms.rest.api.v1.authentication.ResponseUtil : Authentication credentials are required -- ip:172.19.0.1,user:null
[15/05/23 23:56:06:149 UTC]  INFO util.SecurityLogger: class com.dotcms.cms.login.LoginServiceAPIFactory$LoginServiceImpl : An invalid attempt to login as dotcms.org.1 has been made from IP: 172.19.0.1 -- ip:172.19.0.1,user:null
[15/05/23 23:56:06:149 UTC]  WARN rest.WebResource: Request IP: 172.19.0.1. Can't authenticate user. Username: admin@dotcms.com
[15/05/23 23:56:06:149 UTC]  WARN rest.WebResource: InitDataObject Error: uri:/api/v1/graphql err:Authentication credentials are required
[15/05/23 23:56:06:149 UTC]  WARN rest.WebResource: Authentication credentials are required
[15/05/23 23:56:06:149 UTC]  WARN rest.WebResource: com.dotcms.rest.WebResource.authenticateUser(WebResource.java:633)
[15/05/23 23:56:06:149 UTC] ERROR exception.SecurityException: Authentication credentials are required
com.dotcms.rest.exception.SecurityException: Authentication credentials are required
	at com.dotcms.rest.WebResource.authenticateUser(WebResource.java:633) ~[dotcms_null.jar:?]
	at com.dotcms.rest.WebResource.authenticate(WebResource.java:495) ~[dotcms_null.jar:?]
	at com.dotcms.rest.WebResource.getCurrentUser(WebResource.java:424) ~[dotcms_null.jar:?]
	at com.dotcms.rest.WebResource.init(WebResource.java:353) ~[dotcms_null.jar:?]
	at com.dotcms.rest.WebResource$InitBuilder.init(WebResource.java:886) ~[dotcms_null.jar:?]
	at com.dotcms.graphql.DotGraphQLContextBuilder.build(DotGraphQLContextBuilder.java:24) ~[dotcms_null.jar:?]
	at graphql.kickstart.servlet.input.GraphQLInvocationInputFactory.create(GraphQLInvocationInputFactory.java:95) ~[graphql-java-servlet-9.1.0.jar:?]
	at graphql.kickstart.servlet.input.GraphQLInvocationInputFactory.create(GraphQLInvocationInputFactory.java:60) ~[graphql-java-servlet-9.1.0.jar:?]
	at graphql.kickstart.servlet.GraphQLPostInvocationInputParser.getGraphQLInvocationInput(GraphQLPostInvocationInputParser.java:36) ~[graphql-java-servlet-9.1.0.jar:?]
	at graphql.kickstart.servlet.HttpRequestHandlerImpl.handle(HttpRequestHandlerImpl.java:36) ~[graphql-java-servlet-9.1.0.jar:?]
	at graphql.kickstart.servlet.AbstractGraphQLHttpServlet.doRequest(AbstractGraphQLHttpServlet.java:147) ~[graphql-java-servlet-9.1.0.jar:?]
	at graphql.kickstart.servlet.AbstractGraphQLHttpServlet.doRequestAsync(AbstractGraphQLHttpServlet.java:137) ~[graphql-java-servlet-9.1.0.jar:?]
	at graphql.kickstart.servlet.AbstractGraphQLHttpServlet.doPost(AbstractGraphQLHttpServlet.java:169) ~[graphql-java-servlet-9.1.0.jar:?]
	at com.dotcms.graphql.DotGraphQLHttpServlet.doPost(DotGraphQLHttpServlet.java:64) ~[dotcms_null.jar:?]
	at javax.servlet.http.HttpServlet.service(HttpServlet.java:681) ~[servlet-api.jar:4.0.FR]
	at javax.servlet.http.HttpServlet.service(HttpServlet.java:764) ~[servlet-api.jar:4.0.FR]
	at org.apache.catalina.core.ApplicationFilterChain.internalDoFilter(ApplicationFilterChain.java:227) ~[catalina.jar:9.0.60]
	at org.apache.catalina.core.ApplicationFilterChain.doFilter(ApplicationFilterChain.java:162) ~[catalina.jar:9.0.60]
	at org.apache.tomcat.websocket.server.WsFilter.doFilter(WsFilter.java:53) ~[tomcat-websocket.jar:9.0.60]
	at org.apache.catalina.core.ApplicationFilterChain.internalDoFilter(ApplicationFilterChain.java:189) ~[catalina.jar:9.0.60]
	at org.apache.catalina.core.ApplicationFilterChain.doFilter(ApplicationFilterChain.java:162) ~[catalina.jar:9.0.60]
	at com.dotmarketing.filters.CMSFilter.doFilterInternal(CMSFilter.java:169) ~[dotcms_null.jar:?]
	at com.dotmarketing.filters.CMSFilter.doFilter(CMSFilter.java:49) ~[dotcms_null.jar:?]
	at org.apache.catalina.core.ApplicationFilterChain.internalDoFilter(ApplicationFilterChain.java:189) ~[catalina.jar:9.0.60]
	at org.apache.catalina.core.ApplicationFilterChain.doFilter(ApplicationFilterChain.java:162) ~[catalina.jar:9.0.60]
	at com.dotcms.filters.interceptor.AbstractWebInterceptorSupportFilter.doFilter(AbstractWebInterceptorSupportFilter.java:90) ~[dotcms_null.jar:?]
	at org.apache.catalina.core.ApplicationFilterChain.internalDoFilter(ApplicationFilterChain.java:189) ~[catalina.jar:9.0.60]
	at org.apache.catalina.core.ApplicationFilterChain.doFilter(ApplicationFilterChain.java:162) ~[catalina.jar:9.0.60]
	at com.dotcms.filters.interceptor.AbstractWebInterceptorSupportFilter.doFilter(AbstractWebInterceptorSupportFilter.java:90) ~[dotcms_null.jar:?]
	at org.apache.catalina.core.ApplicationFilterChain.internalDoFilter(ApplicationFilterChain.java:189) ~[catalina.jar:9.0.60]
	at org.apache.catalina.core.ApplicationFilterChain.doFilter(ApplicationFilterChain.java:162) ~[catalina.jar:9.0.60]
	at com.dotcms.visitor.filter.servlet.VisitorFilter.doFilter(VisitorFilter.java:81) ~[dotcms_null.jar:?]
	at org.apache.catalina.core.ApplicationFilterChain.internalDoFilter(ApplicationFilterChain.java:189) ~[catalina.jar:9.0.60]
	at org.apache.catalina.core.ApplicationFilterChain.doFilter(ApplicationFilterChain.java:162) ~[catalina.jar:9.0.60]
	at com.dotcms.vanityurl.filters.VanityURLFilter.doFilter(VanityURLFilter.java:114) ~[dotcms_null.jar:?]
	at org.apache.catalina.core.ApplicationFilterChain.internalDoFilter(ApplicationFilterChain.java:189) ~[catalina.jar:9.0.60]
	at org.apache.catalina.core.ApplicationFilterChain.doFilter(ApplicationFilterChain.java:162) ~[catalina.jar:9.0.60]
	at org.tuckey.web.filters.urlrewrite.RuleChain.handleRewrite(RuleChain.java:176) ~[urlrewritefilter-4.0.4.jar:4.0.4]
	at org.tuckey.web.filters.urlrewrite.RuleChain.doRules(RuleChain.java:145) ~[urlrewritefilter-4.0.4.jar:4.0.4]
	at org.tuckey.web.filters.urlrewrite.UrlRewriter.processRequest(UrlRewriter.java:92) ~[urlrewritefilter-4.0.4.jar:4.0.4]
	at org.tuckey.web.filters.urlrewrite.UrlRewriteFilter.doFilter(UrlRewriteFilter.java:389) ~[urlrewritefilter-4.0.4.jar:4.0.4]
	at org.apache.catalina.core.ApplicationFilterChain.internalDoFilter(ApplicationFilterChain.java:189) ~[catalina.jar:9.0.60]
	at org.apache.catalina.core.ApplicationFilterChain.doFilter(ApplicationFilterChain.java:162) ~[catalina.jar:9.0.60]
	at com.dotmarketing.filters.TimeMachineFilter.doFilter(TimeMachineFilter.java:67) ~[dotcms_null.jar:?]
	at org.apache.catalina.core.ApplicationFilterChain.internalDoFilter(ApplicationFilterChain.java:189) ~[catalina.jar:9.0.60]
	at org.apache.catalina.core.ApplicationFilterChain.doFilter(ApplicationFilterChain.java:162) ~[catalina.jar:9.0.60]
	at com.dotmarketing.filters.ThreadNameFilter.doFilter(ThreadNameFilter.java:88) ~[dotcms_null.jar:?]
	at org.apache.catalina.core.ApplicationFilterChain.internalDoFilter(ApplicationFilterChain.java:189) ~[catalina.jar:9.0.60]
	at org.apache.catalina.core.ApplicationFilterChain.doFilter(ApplicationFilterChain.java:162) ~[catalina.jar:9.0.60]
	at com.dotmarketing.filters.CookiesFilter.doFilter(CookiesFilter.java:53) ~[dotcms_null.jar:?]
	at org.apache.catalina.core.ApplicationFilterChain.internalDoFilter(ApplicationFilterChain.java:189) ~[catalina.jar:9.0.60]
	at org.apache.catalina.core.ApplicationFilterChain.doFilter(ApplicationFilterChain.java:162) ~[catalina.jar:9.0.60]
	at com.dotmarketing.filters.CharsetEncodingFilter.doFilter(CharsetEncodingFilter.java:99) ~[dotcms_null.jar:?]
	at org.apache.catalina.core.ApplicationFilterChain.internalDoFilter(ApplicationFilterChain.java:189) ~[catalina.jar:9.0.60]
	at org.apache.catalina.core.ApplicationFilterChain.doFilter(ApplicationFilterChain.java:162) ~[catalina.jar:9.0.60]
	at com.dotcms.filters.interceptor.AbstractWebInterceptorSupportFilter.doFilter(AbstractWebInterceptorSupportFilter.java:90) ~[dotcms_null.jar:?]
	at org.apache.catalina.core.ApplicationFilterChain.internalDoFilter(ApplicationFilterChain.java:189) ~[catalina.jar:9.0.60]
	at org.apache.catalina.core.ApplicationFilterChain.doFilter(ApplicationFilterChain.java:162) ~[catalina.jar:9.0.60]
	at org.apache.catalina.filters.HttpHeaderSecurityFilter.doFilter(HttpHeaderSecurityFilter.java:126) ~[catalina.jar:9.0.60]
	at org.apache.catalina.core.ApplicationFilterChain.internalDoFilter(ApplicationFilterChain.java:189) ~[catalina.jar:9.0.60]
	at org.apache.catalina.core.ApplicationFilterChain.doFilter(ApplicationFilterChain.java:162) ~[catalina.jar:9.0.60]
	at com.dotcms.filters.NormalizationFilter.doFilter(NormalizationFilter.java:88) ~[dotcms_null.jar:?]
	at org.apache.catalina.core.ApplicationFilterChain.internalDoFilter(ApplicationFilterChain.java:189) ~[catalina.jar:9.0.60]
	at org.apache.catalina.core.ApplicationFilterChain.doFilter(ApplicationFilterChain.java:162) ~[catalina.jar:9.0.60]
	at org.apache.catalina.core.StandardWrapperValve.invoke(StandardWrapperValve.java:197) ~[catalina.jar:9.0.60]
	at org.apache.catalina.core.StandardContextValve.invoke(StandardContextValve.java:97) ~[catalina.jar:9.0.60]
	at org.apache.catalina.authenticator.AuthenticatorBase.invoke(AuthenticatorBase.java:541) ~[catalina.jar:9.0.60]
	at org.apache.catalina.core.StandardHostValve.invoke(StandardHostValve.java:135) ~[catalina.jar:9.0.60]
	at org.apache.catalina.valves.AbstractAccessLogValve.invoke(AbstractAccessLogValve.java:687) ~[catalina.jar:9.0.60]
	at org.apache.catalina.valves.ErrorReportValve.invoke(ErrorReportValve.java:92) ~[catalina.jar:9.0.60]
	at org.apache.catalina.valves.RemoteIpValve.invoke(RemoteIpValve.java:769) ~[catalina.jar:9.0.60]
	at org.apache.catalina.core.StandardEngineValve.invoke(StandardEngineValve.java:78) ~[catalina.jar:9.0.60]
	at org.apache.catalina.connector.CoyoteAdapter.service(CoyoteAdapter.java:360) ~[catalina.jar:9.0.60]
	at org.apache.coyote.http11.Http11Processor.service(Http11Processor.java:399) ~[tomcat-coyote.jar:9.0.60]
	at org.apache.coyote.AbstractProcessorLight.process(AbstractProcessorLight.java:65) ~[tomcat-coyote.jar:9.0.60]
	at org.apache.coyote.AbstractProtocol$ConnectionHandler.process(AbstractProtocol.java:889) ~[tomcat-coyote.jar:9.0.60]
	at org.apache.tomcat.util.net.Nio2Endpoint$SocketProcessor.doRun(Nio2Endpoint.java:1701) ~[tomcat-coyote.jar:9.0.60]
	at org.apache.tomcat.util.net.SocketProcessorBase.run(SocketProcessorBase.java:49) ~[tomcat-coyote.jar:9.0.60]
	at org.apache.tomcat.util.net.AbstractEndpoint.processSocket(AbstractEndpoint.java:1190) ~[tomcat-coyote.jar:9.0.60]
	at org.apache.tomcat.util.net.Nio2Endpoint$Nio2SocketWrapper$2.completed(Nio2Endpoint.java:633) ~[tomcat-coyote.jar:9.0.60]
	at org.apache.tomcat.util.net.Nio2Endpoint$Nio2SocketWrapper$2.completed(Nio2Endpoint.java:611) ~[tomcat-coyote.jar:9.0.60]
	at sun.nio.ch.Invoker.invokeUnchecked(Invoker.java:127) ~[?:?]
	at sun.nio.ch.Invoker$2.run(Invoker.java:219) ~[?:?]
	at sun.nio.ch.AsynchronousChannelGroupImpl$1.run(AsynchronousChannelGroupImpl.java:112) ~[?:?]
	at java.util.concurrent.ThreadPoolExecutor.runWorker(ThreadPoolExecutor.java:1128) ~[?:?]
	at java.util.concurrent.ThreadPoolExecutor$Worker.run(ThreadPoolExecutor.java:628) ~[?:?]
	at java.lang.Thread.run(Thread.java:829) [?:?]
Caused by: com.liferay.portal.auth.AuthException
	at com.dotcms.cms.login.LoginServiceAPIFactory$LoginServiceImpl.doActionLogin(LoginServiceAPIFactory.java:299) ~[dotcms_null.jar:?]
	at com.dotcms.rest.WebResource.authenticateUser(WebResource.java:613) ~[dotcms_null.jar:?]
	... 86 more
[15/05/23 23:56:06:149 UTC]  INFO util.SecurityLogger: class com.dotcms.rest.api.v1.authentication.ResponseUtil : Authentication credentials are required -- ip:172.19.0.1,user:null
[15/05/23 23:56:11:212 UTC]  INFO util.SecurityLogger: class com.dotcms.cms.login.LoginServiceAPIFactory$LoginServiceImpl : An invalid attempt to login as dotcms.org.1 has been made from IP: 172.19.0.1 -- ip:172.19.0.1,user:null
[15/05/23 23:56:11:212 UTC]  WARN rest.WebResource: Request IP: 172.19.0.1. Can't authenticate user. Username: admin@dotcms.com
[15/05/23 23:56:11:212 UTC]  WARN rest.WebResource: InitDataObject Error: uri:/api/v1/graphql err:Authentication credentials are required
[15/05/23 23:56:11:212 UTC]  WARN rest.WebResource: Authentication credentials are required
[15/05/23 23:56:11:212 UTC]  WARN rest.WebResource: com.dotcms.rest.WebResource.authenticateUser(WebResource.java:633)
[15/05/23 23:56:11:212 UTC] ERROR exception.SecurityException: Authentication credentials are required
com.dotcms.rest.exception.SecurityException: Authentication credentials are required
	at com.dotcms.rest.WebResource.authenticateUser(WebResource.java:633) ~[dotcms_null.jar:?]
	at com.dotcms.rest.WebResource.authenticate(WebResource.java:495) ~[dotcms_null.jar:?]
	at com.dotcms.rest.WebResource.getCurrentUser(WebResource.java:424) ~[dotcms_null.jar:?]
	at com.dotcms.rest.WebResource.init(WebResource.java:353) ~[dotcms_null.jar:?]
	at com.dotcms.rest.WebResource$InitBuilder.init(WebResource.java:886) ~[dotcms_null.jar:?]
	at com.dotcms.graphql.DotGraphQLContextBuilder.build(DotGraphQLContextBuilder.java:24) ~[dotcms_null.jar:?]
	at graphql.kickstart.servlet.input.GraphQLInvocationInputFactory.create(GraphQLInvocationInputFactory.java:95) ~[graphql-java-servlet-9.1.0.jar:?]
	at graphql.kickstart.servlet.input.GraphQLInvocationInputFactory.create(GraphQLInvocationInputFactory.java:60) ~[graphql-java-servlet-9.1.0.jar:?]
	at graphql.kickstart.servlet.GraphQLPostInvocationInputParser.getGraphQLInvocationInput(GraphQLPostInvocationInputParser.java:36) ~[graphql-java-servlet-9.1.0.jar:?]
	at graphql.kickstart.servlet.HttpRequestHandlerImpl.handle(HttpRequestHandlerImpl.java:36) ~[graphql-java-servlet-9.1.0.jar:?]
	at graphql.kickstart.servlet.AbstractGraphQLHttpServlet.doRequest(AbstractGraphQLHttpServlet.java:147) ~[graphql-java-servlet-9.1.0.jar:?]
	at graphql.kickstart.servlet.AbstractGraphQLHttpServlet.doRequestAsync(AbstractGraphQLHttpServlet.java:137) ~[graphql-java-servlet-9.1.0.jar:?]
	at graphql.kickstart.servlet.AbstractGraphQLHttpServlet.doPost(AbstractGraphQLHttpServlet.java:169) ~[graphql-java-servlet-9.1.0.jar:?]
	at com.dotcms.graphql.DotGraphQLHttpServlet.doPost(DotGraphQLHttpServlet.java:64) ~[dotcms_null.jar:?]
	at javax.servlet.http.HttpServlet.service(HttpServlet.java:681) ~[servlet-api.jar:4.0.FR]
	at javax.servlet.http.HttpServlet.service(HttpServlet.java:764) ~[servlet-api.jar:4.0.FR]
	at org.apache.catalina.core.ApplicationFilterChain.internalDoFilter(ApplicationFilterChain.java:227) ~[catalina.jar:9.0.60]
	at org.apache.catalina.core.ApplicationFilterChain.doFilter(ApplicationFilterChain.java:162) ~[catalina.jar:9.0.60]
	at org.apache.tomcat.websocket.server.WsFilter.doFilter(WsFilter.java:53) ~[tomcat-websocket.jar:9.0.60]
	at org.apache.catalina.core.ApplicationFilterChain.internalDoFilter(ApplicationFilterChain.java:189) ~[catalina.jar:9.0.60]
	at org.apache.catalina.core.ApplicationFilterChain.doFilter(ApplicationFilterChain.java:162) ~[catalina.jar:9.0.60]
	at com.dotmarketing.filters.CMSFilter.doFilterInternal(CMSFilter.java:169) ~[dotcms_null.jar:?]
	at com.dotmarketing.filters.CMSFilter.doFilter(CMSFilter.java:49) ~[dotcms_null.jar:?]
	at org.apache.catalina.core.ApplicationFilterChain.internalDoFilter(ApplicationFilterChain.java:189) ~[catalina.jar:9.0.60]
	at org.apache.catalina.core.ApplicationFilterChain.doFilter(ApplicationFilterChain.java:162) ~[catalina.jar:9.0.60]
	at com.dotcms.filters.interceptor.AbstractWebInterceptorSupportFilter.doFilter(AbstractWebInterceptorSupportFilter.java:90) ~[dotcms_null.jar:?]
	at org.apache.catalina.core.ApplicationFilterChain.internalDoFilter(ApplicationFilterChain.java:189) ~[catalina.jar:9.0.60]
	at org.apache.catalina.core.ApplicationFilterChain.doFilter(ApplicationFilterChain.java:162) ~[catalina.jar:9.0.60]
	at com.dotcms.filters.interceptor.AbstractWebInterceptorSupportFilter.doFilter(AbstractWebInterceptorSupportFilter.java:90) ~[dotcms_null.jar:?]
	at org.apache.catalina.core.ApplicationFilterChain.internalDoFilter(ApplicationFilterChain.java:189) ~[catalina.jar:9.0.60]
	at org.apache.catalina.core.ApplicationFilterChain.doFilter(ApplicationFilterChain.java:162) ~[catalina.jar:9.0.60]
	at com.dotcms.visitor.filter.servlet.VisitorFilter.doFilter(VisitorFilter.java:81) ~[dotcms_null.jar:?]
	at org.apache.catalina.core.ApplicationFilterChain.internalDoFilter(ApplicationFilterChain.java:189) ~[catalina.jar:9.0.60]
	at org.apache.catalina.core.ApplicationFilterChain.doFilter(ApplicationFilterChain.java:162) ~[catalina.jar:9.0.60]
	at com.dotcms.vanityurl.filters.VanityURLFilter.doFilter(VanityURLFilter.java:114) ~[dotcms_null.jar:?]
	at org.apache.catalina.core.ApplicationFilterChain.internalDoFilter(ApplicationFilterChain.java:189) ~[catalina.jar:9.0.60]
	at org.apache.catalina.core.ApplicationFilterChain.doFilter(ApplicationFilterChain.java:162) ~[catalina.jar:9.0.60]
	at org.tuckey.web.filters.urlrewrite.RuleChain.handleRewrite(RuleChain.java:176) ~[urlrewritefilter-4.0.4.jar:4.0.4]
	at org.tuckey.web.filters.urlrewrite.RuleChain.doRules(RuleChain.java:145) ~[urlrewritefilter-4.0.4.jar:4.0.4]
	at org.tuckey.web.filters.urlrewrite.UrlRewriter.processRequest(UrlRewriter.java:92) ~[urlrewritefilter-4.0.4.jar:4.0.4]
	at org.tuckey.web.filters.urlrewrite.UrlRewriteFilter.doFilter(UrlRewriteFilter.java:389) ~[urlrewritefilter-4.0.4.jar:4.0.4]
	at org.apache.catalina.core.ApplicationFilterChain.internalDoFilter(ApplicationFilterChain.java:189) ~[catalina.jar:9.0.60]
	at org.apache.catalina.core.ApplicationFilterChain.doFilter(ApplicationFilterChain.java:162) ~[catalina.jar:9.0.60]
	at com.dotmarketing.filters.TimeMachineFilter.doFilter(TimeMachineFilter.java:67) ~[dotcms_null.jar:?]
	at org.apache.catalina.core.ApplicationFilterChain.internalDoFilter(ApplicationFilterChain.java:189) ~[catalina.jar:9.0.60]
	at org.apache.catalina.core.ApplicationFilterChain.doFilter(ApplicationFilterChain.java:162) ~[catalina.jar:9.0.60]
	at com.dotmarketing.filters.ThreadNameFilter.doFilter(ThreadNameFilter.java:88) ~[dotcms_null.jar:?]
	at org.apache.catalina.core.ApplicationFilterChain.internalDoFilter(ApplicationFilterChain.java:189) ~[catalina.jar:9.0.60]
	at org.apache.catalina.core.ApplicationFilterChain.doFilter(ApplicationFilterChain.java:162) ~[catalina.jar:9.0.60]
	at com.dotmarketing.filters.CookiesFilter.doFilter(CookiesFilter.java:53) ~[dotcms_null.jar:?]
	at org.apache.catalina.core.ApplicationFilterChain.internalDoFilter(ApplicationFilterChain.java:189) ~[catalina.jar:9.0.60]
	at org.apache.catalina.core.ApplicationFilterChain.doFilter(ApplicationFilterChain.java:162) ~[catalina.jar:9.0.60]
	at com.dotmarketing.filters.CharsetEncodingFilter.doFilter(CharsetEncodingFilter.java:99) ~[dotcms_null.jar:?]
	at org.apache.catalina.core.ApplicationFilterChain.internalDoFilter(ApplicationFilterChain.java:189) ~[catalina.jar:9.0.60]
	at org.apache.catalina.core.ApplicationFilterChain.doFilter(ApplicationFilterChain.java:162) ~[catalina.jar:9.0.60]
	at com.dotcms.filters.interceptor.AbstractWebInterceptorSupportFilter.doFilter(AbstractWebInterceptorSupportFilter.java:90) ~[dotcms_null.jar:?]
	at org.apache.catalina.core.ApplicationFilterChain.internalDoFilter(ApplicationFilterChain.java:189) ~[catalina.jar:9.0.60]
	at org.apache.catalina.core.ApplicationFilterChain.doFilter(ApplicationFilterChain.java:162) ~[catalina.jar:9.0.60]
	at org.apache.catalina.filters.HttpHeaderSecurityFilter.doFilter(HttpHeaderSecurityFilter.java:126) ~[catalina.jar:9.0.60]
	at org.apache.catalina.core.ApplicationFilterChain.internalDoFilter(ApplicationFilterChain.java:189) ~[catalina.jar:9.0.60]
	at org.apache.catalina.core.ApplicationFilterChain.doFilter(ApplicationFilterChain.java:162) ~[catalina.jar:9.0.60]
	at com.dotcms.filters.NormalizationFilter.doFilter(NormalizationFilter.java:88) ~[dotcms_null.jar:?]
	at org.apache.catalina.core.ApplicationFilterChain.internalDoFilter(ApplicationFilterChain.java:189) ~[catalina.jar:9.0.60]
	at org.apache.catalina.core.ApplicationFilterChain.doFilter(ApplicationFilterChain.java:162) ~[catalina.jar:9.0.60]
	at org.apache.catalina.core.StandardWrapperValve.invoke(StandardWrapperValve.java:197) ~[catalina.jar:9.0.60]
	at org.apache.catalina.core.StandardContextValve.invoke(StandardContextValve.java:97) ~[catalina.jar:9.0.60]
	at org.apache.catalina.authenticator.AuthenticatorBase.invoke(AuthenticatorBase.java:541) ~[catalina.jar:9.0.60]
	at org.apache.catalina.core.StandardHostValve.invoke(StandardHostValve.java:135) ~[catalina.jar:9.0.60]
	at org.apache.catalina.valves.AbstractAccessLogValve.invoke(AbstractAccessLogValve.java:687) ~[catalina.jar:9.0.60]
	at org.apache.catalina.valves.ErrorReportValve.invoke(ErrorReportValve.java:92) ~[catalina.jar:9.0.60]
	at org.apache.catalina.valves.RemoteIpValve.invoke(RemoteIpValve.java:769) ~[catalina.jar:9.0.60]
	at org.apache.catalina.core.StandardEngineValve.invoke(StandardEngineValve.java:78) ~[catalina.jar:9.0.60]
	at org.apache.catalina.connector.CoyoteAdapter.service(CoyoteAdapter.java:360) ~[catalina.jar:9.0.60]
	at org.apache.coyote.http11.Http11Processor.service(Http11Processor.java:399) ~[tomcat-coyote.jar:9.0.60]
	at org.apache.coyote.AbstractProcessorLight.process(AbstractProcessorLight.java:65) ~[tomcat-coyote.jar:9.0.60]
	at org.apache.coyote.AbstractProtocol$ConnectionHandler.process(AbstractProtocol.java:889) ~[tomcat-coyote.jar:9.0.60]
	at org.apache.tomcat.util.net.Nio2Endpoint$SocketProcessor.doRun(Nio2Endpoint.java:1701) ~[tomcat-coyote.jar:9.0.60]
	at org.apache.tomcat.util.net.SocketProcessorBase.run(SocketProcessorBase.java:49) ~[tomcat-coyote.jar:9.0.60]
	at org.apache.tomcat.util.net.AbstractEndpoint.processSocket(AbstractEndpoint.java:1190) ~[tomcat-coyote.jar:9.0.60]
	at org.apache.tomcat.util.net.Nio2Endpoint$Nio2SocketWrapper$2.completed(Nio2Endpoint.java:633) ~[tomcat-coyote.jar:9.0.60]
	at org.apache.tomcat.util.net.Nio2Endpoint$Nio2SocketWrapper$2.completed(Nio2Endpoint.java:611) ~[tomcat-coyote.jar:9.0.60]
	at sun.nio.ch.Invoker.invokeUnchecked(Invoker.java:127) ~[?:?]
	at sun.nio.ch.UnixAsynchronousSocketChannelImpl.finishRead(UnixAsynchronousSocketChannelImpl.java:439) ~[?:?]
	at sun.nio.ch.UnixAsynchronousSocketChannelImpl.finish(UnixAsynchronousSocketChannelImpl.java:191) ~[?:?]
	at sun.nio.ch.UnixAsynchronousSocketChannelImpl.onEvent(UnixAsynchronousSocketChannelImpl.java:213) ~[?:?]
	at sun.nio.ch.EPollPort$EventHandlerTask.run(EPollPort.java:306) ~[?:?]
	at sun.nio.ch.AsynchronousChannelGroupImpl$1.run(AsynchronousChannelGroupImpl.java:112) ~[?:?]
	at java.util.concurrent.ThreadPoolExecutor.runWorker(ThreadPoolExecutor.java:1128) ~[?:?]
	at java.util.concurrent.ThreadPoolExecutor$Worker.run(ThreadPoolExecutor.java:628) ~[?:?]
	at java.lang.Thread.run(Thread.java:829) [?:?]
Caused by: com.liferay.portal.auth.AuthException
	at com.dotcms.cms.login.LoginServiceAPIFactory$LoginServiceImpl.doActionLogin(LoginServiceAPIFactory.java:299) ~[dotcms_null.jar:?]
	at com.dotcms.rest.WebResource.authenticateUser(WebResource.java:613) ~[dotcms_null.jar:?]
	... 89 more
[15/05/23 23:56:11:212 UTC]  INFO util.SecurityLogger: class com.dotcms.rest.api.v1.authentication.ResponseUtil : Authentication credentials are required -- ip:172.19.0.1,user:null
[15/05/23 23:56:16:274 UTC]  INFO util.SecurityLogger: class com.dotcms.cms.login.LoginServiceAPIFactory$LoginServiceImpl : An invalid attempt to login as dotcms.org.1 has been made from IP: 172.19.0.1 -- ip:172.19.0.1,user:null
[15/05/23 23:56:16:274 UTC]  WARN rest.WebResource: Request IP: 172.19.0.1. Can't authenticate user. Username: admin@dotcms.com
[15/05/23 23:56:16:276 UTC]  WARN rest.WebResource: InitDataObject Error: uri:/api/v1/graphql err:Authentication credentials are required
[15/05/23 23:56:16:276 UTC]  WARN rest.WebResource: Authentication credentials are required
[15/05/23 23:56:16:277 UTC]  WARN rest.WebResource: com.dotcms.rest.WebResource.authenticateUser(WebResource.java:633)
[15/05/23 23:56:16:277 UTC] ERROR exception.SecurityException: Authentication credentials are required
com.dotcms.rest.exception.SecurityException: Authentication credentials are required
	at com.dotcms.rest.WebResource.authenticateUser(WebResource.java:633) ~[dotcms_null.jar:?]
	at com.dotcms.rest.WebResource.authenticate(WebResource.java:495) ~[dotcms_null.jar:?]
	at com.dotcms.rest.WebResource.getCurrentUser(WebResource.java:424) ~[dotcms_null.jar:?]
	at com.dotcms.rest.WebResource.init(WebResource.java:353) ~[dotcms_null.jar:?]
	at com.dotcms.rest.WebResource$InitBuilder.init(WebResource.java:886) ~[dotcms_null.jar:?]
	at com.dotcms.graphql.DotGraphQLContextBuilder.build(DotGraphQLContextBuilder.java:24) ~[dotcms_null.jar:?]
	at graphql.kickstart.servlet.input.GraphQLInvocationInputFactory.create(GraphQLInvocationInputFactory.java:95) ~[graphql-java-servlet-9.1.0.jar:?]
	at graphql.kickstart.servlet.input.GraphQLInvocationInputFactory.create(GraphQLInvocationInputFactory.java:60) ~[graphql-java-servlet-9.1.0.jar:?]
	at graphql.kickstart.servlet.GraphQLPostInvocationInputParser.getGraphQLInvocationInput(GraphQLPostInvocationInputParser.java:36) ~[graphql-java-servlet-9.1.0.jar:?]
	at graphql.kickstart.servlet.HttpRequestHandlerImpl.handle(HttpRequestHandlerImpl.java:36) ~[graphql-java-servlet-9.1.0.jar:?]
	at graphql.kickstart.servlet.AbstractGraphQLHttpServlet.doRequest(AbstractGraphQLHttpServlet.java:147) ~[graphql-java-servlet-9.1.0.jar:?]
	at graphql.kickstart.servlet.AbstractGraphQLHttpServlet.doRequestAsync(AbstractGraphQLHttpServlet.java:137) ~[graphql-java-servlet-9.1.0.jar:?]
	at graphql.kickstart.servlet.AbstractGraphQLHttpServlet.doPost(AbstractGraphQLHttpServlet.java:169) ~[graphql-java-servlet-9.1.0.jar:?]
	at com.dotcms.graphql.DotGraphQLHttpServlet.doPost(DotGraphQLHttpServlet.java:64) ~[dotcms_null.jar:?]
	at javax.servlet.http.HttpServlet.service(HttpServlet.java:681) ~[servlet-api.jar:4.0.FR]
	at javax.servlet.http.HttpServlet.service(HttpServlet.java:764) ~[servlet-api.jar:4.0.FR]
	at org.apache.catalina.core.ApplicationFilterChain.internalDoFilter(ApplicationFilterChain.java:227) ~[catalina.jar:9.0.60]
	at org.apache.catalina.core.ApplicationFilterChain.doFilter(ApplicationFilterChain.java:162) ~[catalina.jar:9.0.60]
	at org.apache.tomcat.websocket.server.WsFilter.doFilter(WsFilter.java:53) ~[tomcat-websocket.jar:9.0.60]
	at org.apache.catalina.core.ApplicationFilterChain.internalDoFilter(ApplicationFilterChain.java:189) ~[catalina.jar:9.0.60]
	at org.apache.catalina.core.ApplicationFilterChain.doFilter(ApplicationFilterChain.java:162) ~[catalina.jar:9.0.60]
	at com.dotmarketing.filters.CMSFilter.doFilterInternal(CMSFilter.java:169) ~[dotcms_null.jar:?]
	at com.dotmarketing.filters.CMSFilter.doFilter(CMSFilter.java:49) ~[dotcms_null.jar:?]
	at org.apache.catalina.core.ApplicationFilterChain.internalDoFilter(ApplicationFilterChain.java:189) ~[catalina.jar:9.0.60]
	at org.apache.catalina.core.ApplicationFilterChain.doFilter(ApplicationFilterChain.java:162) ~[catalina.jar:9.0.60]
	at com.dotcms.filters.interceptor.AbstractWebInterceptorSupportFilter.doFilter(AbstractWebInterceptorSupportFilter.java:90) ~[dotcms_null.jar:?]
	at org.apache.catalina.core.ApplicationFilterChain.internalDoFilter(ApplicationFilterChain.java:189) ~[catalina.jar:9.0.60]
	at org.apache.catalina.core.ApplicationFilterChain.doFilter(ApplicationFilterChain.java:162) ~[catalina.jar:9.0.60]
	at com.dotcms.filters.interceptor.AbstractWebInterceptorSupportFilter.doFilter(AbstractWebInterceptorSupportFilter.java:90) ~[dotcms_null.jar:?]
	at org.apache.catalina.core.ApplicationFilterChain.internalDoFilter(ApplicationFilterChain.java:189) ~[catalina.jar:9.0.60]
	at org.apache.catalina.core.ApplicationFilterChain.doFilter(ApplicationFilterChain.java:162) ~[catalina.jar:9.0.60]
	at com.dotcms.visitor.filter.servlet.VisitorFilter.doFilter(VisitorFilter.java:81) ~[dotcms_null.jar:?]
	at org.apache.catalina.core.ApplicationFilterChain.internalDoFilter(ApplicationFilterChain.java:189) ~[catalina.jar:9.0.60]
	at org.apache.catalina.core.ApplicationFilterChain.doFilter(ApplicationFilterChain.java:162) ~[catalina.jar:9.0.60]
	at com.dotcms.vanityurl.filters.VanityURLFilter.doFilter(VanityURLFilter.java:114) ~[dotcms_null.jar:?]
	at org.apache.catalina.core.ApplicationFilterChain.internalDoFilter(ApplicationFilterChain.java:189) ~[catalina.jar:9.0.60]
	at org.apache.catalina.core.ApplicationFilterChain.doFilter(ApplicationFilterChain.java:162) ~[catalina.jar:9.0.60]
	at org.tuckey.web.filters.urlrewrite.RuleChain.handleRewrite(RuleChain.java:176) ~[urlrewritefilter-4.0.4.jar:4.0.4]
	at org.tuckey.web.filters.urlrewrite.RuleChain.doRules(RuleChain.java:145) ~[urlrewritefilter-4.0.4.jar:4.0.4]
	at org.tuckey.web.filters.urlrewrite.UrlRewriter.processRequest(UrlRewriter.java:92) ~[urlrewritefilter-4.0.4.jar:4.0.4]
	at org.tuckey.web.filters.urlrewrite.UrlRewriteFilter.doFilter(UrlRewriteFilter.java:389) ~[urlrewritefilter-4.0.4.jar:4.0.4]
	at org.apache.catalina.core.ApplicationFilterChain.internalDoFilter(ApplicationFilterChain.java:189) ~[catalina.jar:9.0.60]
	at org.apache.catalina.core.ApplicationFilterChain.doFilter(ApplicationFilterChain.java:162) ~[catalina.jar:9.0.60]
	at com.dotmarketing.filters.TimeMachineFilter.doFilter(TimeMachineFilter.java:67) ~[dotcms_null.jar:?]
	at org.apache.catalina.core.ApplicationFilterChain.internalDoFilter(ApplicationFilterChain.java:189) ~[catalina.jar:9.0.60]
	at org.apache.catalina.core.ApplicationFilterChain.doFilter(ApplicationFilterChain.java:162) ~[catalina.jar:9.0.60]
	at com.dotmarketing.filters.ThreadNameFilter.doFilter(ThreadNameFilter.java:88) ~[dotcms_null.jar:?]
	at org.apache.catalina.core.ApplicationFilterChain.internalDoFilter(ApplicationFilterChain.java:189) ~[catalina.jar:9.0.60]
	at org.apache.catalina.core.ApplicationFilterChain.doFilter(ApplicationFilterChain.java:162) ~[catalina.jar:9.0.60]
	at com.dotmarketing.filters.CookiesFilter.doFilter(CookiesFilter.java:53) ~[dotcms_null.jar:?]
	at org.apache.catalina.core.ApplicationFilterChain.internalDoFilter(ApplicationFilterChain.java:189) ~[catalina.jar:9.0.60]
	at org.apache.catalina.core.ApplicationFilterChain.doFilter(ApplicationFilterChain.java:162) ~[catalina.jar:9.0.60]
	at com.dotmarketing.filters.CharsetEncodingFilter.doFilter(CharsetEncodingFilter.java:99) ~[dotcms_null.jar:?]
	at org.apache.catalina.core.ApplicationFilterChain.internalDoFilter(ApplicationFilterChain.java:189) ~[catalina.jar:9.0.60]
	at org.apache.catalina.core.ApplicationFilterChain.doFilter(ApplicationFilterChain.java:162) ~[catalina.jar:9.0.60]
	at com.dotcms.filters.interceptor.AbstractWebInterceptorSupportFilter.doFilter(AbstractWebInterceptorSupportFilter.java:90) ~[dotcms_null.jar:?]
	at org.apache.catalina.core.ApplicationFilterChain.internalDoFilter(ApplicationFilterChain.java:189) ~[catalina.jar:9.0.60]
	at org.apache.catalina.core.ApplicationFilterChain.doFilter(ApplicationFilterChain.java:162) ~[catalina.jar:9.0.60]
	at org.apache.catalina.filters.HttpHeaderSecurityFilter.doFilter(HttpHeaderSecurityFilter.java:126) ~[catalina.jar:9.0.60]
	at org.apache.catalina.core.ApplicationFilterChain.internalDoFilter(ApplicationFilterChain.java:189) ~[catalina.jar:9.0.60]
	at org.apache.catalina.core.ApplicationFilterChain.doFilter(ApplicationFilterChain.java:162) ~[catalina.jar:9.0.60]
	at com.dotcms.filters.NormalizationFilter.doFilter(NormalizationFilter.java:88) ~[dotcms_null.jar:?]
	at org.apache.catalina.core.ApplicationFilterChain.internalDoFilter(ApplicationFilterChain.java:189) ~[catalina.jar:9.0.60]
	at org.apache.catalina.core.ApplicationFilterChain.doFilter(ApplicationFilterChain.java:162) ~[catalina.jar:9.0.60]
	at org.apache.catalina.core.StandardWrapperValve.invoke(StandardWrapperValve.java:197) ~[catalina.jar:9.0.60]
	at org.apache.catalina.core.StandardContextValve.invoke(StandardContextValve.java:97) ~[catalina.jar:9.0.60]
	at org.apache.catalina.authenticator.AuthenticatorBase.invoke(AuthenticatorBase.java:541) ~[catalina.jar:9.0.60]
	at org.apache.catalina.core.StandardHostValve.invoke(StandardHostValve.java:135) ~[catalina.jar:9.0.60]
	at org.apache.catalina.valves.AbstractAccessLogValve.invoke(AbstractAccessLogValve.java:687) ~[catalina.jar:9.0.60]
	at org.apache.catalina.valves.ErrorReportValve.invoke(ErrorReportValve.java:92) ~[catalina.jar:9.0.60]
	at org.apache.catalina.valves.RemoteIpValve.invoke(RemoteIpValve.java:769) ~[catalina.jar:9.0.60]
	at org.apache.catalina.core.StandardEngineValve.invoke(StandardEngineValve.java:78) ~[catalina.jar:9.0.60]
	at org.apache.catalina.connector.CoyoteAdapter.service(CoyoteAdapter.java:360) ~[catalina.jar:9.0.60]
	at org.apache.coyote.http11.Http11Processor.service(Http11Processor.java:399) ~[tomcat-coyote.jar:9.0.60]
	at org.apache.coyote.AbstractProcessorLight.process(AbstractProcessorLight.java:65) ~[tomcat-coyote.jar:9.0.60]
	at org.apache.coyote.AbstractProtocol$ConnectionHandler.process(AbstractProtocol.java:889) ~[tomcat-coyote.jar:9.0.60]
	at org.apache.tomcat.util.net.Nio2Endpoint$SocketProcessor.doRun(Nio2Endpoint.java:1701) ~[tomcat-coyote.jar:9.0.60]
	at org.apache.tomcat.util.net.SocketProcessorBase.run(SocketProcessorBase.java:49) ~[tomcat-coyote.jar:9.0.60]
	at org.apache.tomcat.util.net.AbstractEndpoint.processSocket(AbstractEndpoint.java:1190) ~[tomcat-coyote.jar:9.0.60]
	at org.apache.tomcat.util.net.Nio2Endpoint$Nio2SocketWrapper$2.completed(Nio2Endpoint.java:633) ~[tomcat-coyote.jar:9.0.60]
	at org.apache.tomcat.util.net.Nio2Endpoint$Nio2SocketWrapper$2.completed(Nio2Endpoint.java:611) ~[tomcat-coyote.jar:9.0.60]
	at sun.nio.ch.Invoker.invokeUnchecked(Invoker.java:127) ~[?:?]
	at sun.nio.ch.UnixAsynchronousSocketChannelImpl.finishRead(UnixAsynchronousSocketChannelImpl.java:439) ~[?:?]
	at sun.nio.ch.UnixAsynchronousSocketChannelImpl.finish(UnixAsynchronousSocketChannelImpl.java:191) ~[?:?]
	at sun.nio.ch.UnixAsynchronousSocketChannelImpl.onEvent(UnixAsynchronousSocketChannelImpl.java:213) ~[?:?]
	at sun.nio.ch.EPollPort$EventHandlerTask.run(EPollPort.java:306) ~[?:?]
	at sun.nio.ch.AsynchronousChannelGroupImpl$1.run(AsynchronousChannelGroupImpl.java:112) ~[?:?]
	at java.util.concurrent.ThreadPoolExecutor.runWorker(ThreadPoolExecutor.java:1128) ~[?:?]
	at java.util.concurrent.ThreadPoolExecutor$Worker.run(ThreadPoolExecutor.java:628) ~[?:?]
	at java.lang.Thread.run(Thread.java:829) [?:?]
Caused by: com.liferay.portal.auth.AuthException
	at com.dotcms.cms.login.LoginServiceAPIFactory$LoginServiceImpl.doActionLogin(LoginServiceAPIFactory.java:299) ~[dotcms_null.jar:?]
	at com.dotcms.rest.WebResource.authenticateUser(WebResource.java:613) ~[dotcms_null.jar:?]
	... 89 more
[15/05/23 23:56:16:277 UTC]  INFO util.SecurityLogger: class com.dotcms.rest.api.v1.authentication.ResponseUtil : Authentication credentials are required -- ip:172.19.0.1,user:null
[15/05/23 23:56:23:690 UTC]  INFO util.SecurityLogger: class com.dotcms.cms.login.LoginServiceAPIFactory$LoginServiceImpl : An invalid attempt to login as dotcms.org.1 has been made from IP: 172.19.0.1 -- ip:172.19.0.1,user:null
[15/05/23 23:56:23:690 UTC]  WARN rest.WebResource: Request IP: 172.19.0.1. Can't authenticate user. Username: admin@dotcms.com
[15/05/23 23:56:23:691 UTC]  WARN rest.WebResource: InitDataObject Error: uri:/api/bundle err:Authentication credentials are required
[15/05/23 23:56:23:691 UTC]  WARN rest.WebResource: Authentication credentials are required
[15/05/23 23:56:23:691 UTC]  WARN rest.WebResource: com.dotcms.rest.WebResource.authenticateUser(WebResource.java:633)
[15/05/23 23:56:33:770 UTC]  INFO util.SecurityLogger: class com.dotcms.cms.login.LoginServiceAPIFactory$LoginServiceImpl : An invalid attempt to login as dotcms.org.1 has been made from IP: 172.19.0.1 -- ip:172.19.0.1,user:null
[15/05/23 23:56:33:770 UTC]  WARN rest.WebResource: Request IP: 172.19.0.1. Can't authenticate user. Username: admin@dotcms.com
[15/05/23 23:56:33:770 UTC]  WARN rest.WebResource: InitDataObject Error: uri:/api/v1/graphql err:Authentication credentials are required
[15/05/23 23:56:33:770 UTC]  WARN rest.WebResource: Authentication credentials are required
[15/05/23 23:56:33:770 UTC]  WARN rest.WebResource: com.dotcms.rest.WebResource.authenticateUser(WebResource.java:633)
[15/05/23 23:56:33:770 UTC] ERROR exception.SecurityException: Authentication credentials are required
com.dotcms.rest.exception.SecurityException: Authentication credentials are required
	at com.dotcms.rest.WebResource.authenticateUser(WebResource.java:633) ~[dotcms_null.jar:?]
	at com.dotcms.rest.WebResource.authenticate(WebResource.java:495) ~[dotcms_null.jar:?]
	at com.dotcms.rest.WebResource.getCurrentUser(WebResource.java:424) ~[dotcms_null.jar:?]
	at com.dotcms.rest.WebResource.init(WebResource.java:353) ~[dotcms_null.jar:?]
	at com.dotcms.rest.WebResource$InitBuilder.init(WebResource.java:886) ~[dotcms_null.jar:?]
	at com.dotcms.graphql.DotGraphQLContextBuilder.build(DotGraphQLContextBuilder.java:24) ~[dotcms_null.jar:?]
	at graphql.kickstart.servlet.input.GraphQLInvocationInputFactory.create(GraphQLInvocationInputFactory.java:95) ~[graphql-java-servlet-9.1.0.jar:?]
	at graphql.kickstart.servlet.input.GraphQLInvocationInputFactory.create(GraphQLInvocationInputFactory.java:60) ~[graphql-java-servlet-9.1.0.jar:?]
	at graphql.kickstart.servlet.GraphQLPostInvocationInputParser.getGraphQLInvocationInput(GraphQLPostInvocationInputParser.java:36) ~[graphql-java-servlet-9.1.0.jar:?]
	at graphql.kickstart.servlet.HttpRequestHandlerImpl.handle(HttpRequestHandlerImpl.java:36) ~[graphql-java-servlet-9.1.0.jar:?]
	at graphql.kickstart.servlet.AbstractGraphQLHttpServlet.doRequest(AbstractGraphQLHttpServlet.java:147) ~[graphql-java-servlet-9.1.0.jar:?]
	at graphql.kickstart.servlet.AbstractGraphQLHttpServlet.doRequestAsync(AbstractGraphQLHttpServlet.java:137) ~[graphql-java-servlet-9.1.0.jar:?]
	at graphql.kickstart.servlet.AbstractGraphQLHttpServlet.doPost(AbstractGraphQLHttpServlet.java:169) ~[graphql-java-servlet-9.1.0.jar:?]
	at com.dotcms.graphql.DotGraphQLHttpServlet.doPost(DotGraphQLHttpServlet.java:64) ~[dotcms_null.jar:?]
	at javax.servlet.http.HttpServlet.service(HttpServlet.java:681) ~[servlet-api.jar:4.0.FR]
	at javax.servlet.http.HttpServlet.service(HttpServlet.java:764) ~[servlet-api.jar:4.0.FR]
	at org.apache.catalina.core.ApplicationFilterChain.internalDoFilter(ApplicationFilterChain.java:227) ~[catalina.jar:9.0.60]
	at org.apache.catalina.core.ApplicationFilterChain.doFilter(ApplicationFilterChain.java:162) ~[catalina.jar:9.0.60]
	at org.apache.tomcat.websocket.server.WsFilter.doFilter(WsFilter.java:53) ~[tomcat-websocket.jar:9.0.60]
	at org.apache.catalina.core.ApplicationFilterChain.internalDoFilter(ApplicationFilterChain.java:189) ~[catalina.jar:9.0.60]
	at org.apache.catalina.core.ApplicationFilterChain.doFilter(ApplicationFilterChain.java:162) ~[catalina.jar:9.0.60]
	at com.dotmarketing.filters.CMSFilter.doFilterInternal(CMSFilter.java:169) ~[dotcms_null.jar:?]
	at com.dotmarketing.filters.CMSFilter.doFilter(CMSFilter.java:49) ~[dotcms_null.jar:?]
	at org.apache.catalina.core.ApplicationFilterChain.internalDoFilter(ApplicationFilterChain.java:189) ~[catalina.jar:9.0.60]
	at org.apache.catalina.core.ApplicationFilterChain.doFilter(ApplicationFilterChain.java:162) ~[catalina.jar:9.0.60]
	at com.dotcms.filters.interceptor.AbstractWebInterceptorSupportFilter.doFilter(AbstractWebInterceptorSupportFilter.java:90) ~[dotcms_null.jar:?]
	at org.apache.catalina.core.ApplicationFilterChain.internalDoFilter(ApplicationFilterChain.java:189) ~[catalina.jar:9.0.60]
	at org.apache.catalina.core.ApplicationFilterChain.doFilter(ApplicationFilterChain.java:162) ~[catalina.jar:9.0.60]
	at com.dotcms.filters.interceptor.AbstractWebInterceptorSupportFilter.doFilter(AbstractWebInterceptorSupportFilter.java:90) ~[dotcms_null.jar:?]
	at org.apache.catalina.core.ApplicationFilterChain.internalDoFilter(ApplicationFilterChain.java:189) ~[catalina.jar:9.0.60]
	at org.apache.catalina.core.ApplicationFilterChain.doFilter(ApplicationFilterChain.java:162) ~[catalina.jar:9.0.60]
	at com.dotcms.visitor.filter.servlet.VisitorFilter.doFilter(VisitorFilter.java:81) ~[dotcms_null.jar:?]
	at org.apache.catalina.core.ApplicationFilterChain.internalDoFilter(ApplicationFilterChain.java:189) ~[catalina.jar:9.0.60]
	at org.apache.catalina.core.ApplicationFilterChain.doFilter(ApplicationFilterChain.java:162) ~[catalina.jar:9.0.60]
	at com.dotcms.vanityurl.filters.VanityURLFilter.doFilter(VanityURLFilter.java:114) ~[dotcms_null.jar:?]
	at org.apache.catalina.core.ApplicationFilterChain.internalDoFilter(ApplicationFilterChain.java:189) ~[catalina.jar:9.0.60]
	at org.apache.catalina.core.ApplicationFilterChain.doFilter(ApplicationFilterChain.java:162) ~[catalina.jar:9.0.60]
	at org.tuckey.web.filters.urlrewrite.RuleChain.handleRewrite(RuleChain.java:176) ~[urlrewritefilter-4.0.4.jar:4.0.4]
	at org.tuckey.web.filters.urlrewrite.RuleChain.doRules(RuleChain.java:145) ~[urlrewritefilter-4.0.4.jar:4.0.4]
	at org.tuckey.web.filters.urlrewrite.UrlRewriter.processRequest(UrlRewriter.java:92) ~[urlrewritefilter-4.0.4.jar:4.0.4]
	at org.tuckey.web.filters.urlrewrite.UrlRewriteFilter.doFilter(UrlRewriteFilter.java:389) ~[urlrewritefilter-4.0.4.jar:4.0.4]
	at org.apache.catalina.core.ApplicationFilterChain.internalDoFilter(ApplicationFilterChain.java:189) ~[catalina.jar:9.0.60]
	at org.apache.catalina.core.ApplicationFilterChain.doFilter(ApplicationFilterChain.java:162) ~[catalina.jar:9.0.60]
	at com.dotmarketing.filters.TimeMachineFilter.doFilter(TimeMachineFilter.java:67) ~[dotcms_null.jar:?]
	at org.apache.catalina.core.ApplicationFilterChain.internalDoFilter(ApplicationFilterChain.java:189) ~[catalina.jar:9.0.60]
	at org.apache.catalina.core.ApplicationFilterChain.doFilter(ApplicationFilterChain.java:162) ~[catalina.jar:9.0.60]
	at com.dotmarketing.filters.ThreadNameFilter.doFilter(ThreadNameFilter.java:88) ~[dotcms_null.jar:?]
	at org.apache.catalina.core.ApplicationFilterChain.internalDoFilter(ApplicationFilterChain.java:189) ~[catalina.jar:9.0.60]
	at org.apache.catalina.core.ApplicationFilterChain.doFilter(ApplicationFilterChain.java:162) ~[catalina.jar:9.0.60]
	at com.dotmarketing.filters.CookiesFilter.doFilter(CookiesFilter.java:53) ~[dotcms_null.jar:?]
	at org.apache.catalina.core.ApplicationFilterChain.internalDoFilter(ApplicationFilterChain.java:189) ~[catalina.jar:9.0.60]
	at org.apache.catalina.core.ApplicationFilterChain.doFilter(ApplicationFilterChain.java:162) ~[catalina.jar:9.0.60]
	at com.dotmarketing.filters.CharsetEncodingFilter.doFilter(CharsetEncodingFilter.java:99) ~[dotcms_null.jar:?]
	at org.apache.catalina.core.ApplicationFilterChain.internalDoFilter(ApplicationFilterChain.java:189) ~[catalina.jar:9.0.60]
	at org.apache.catalina.core.ApplicationFilterChain.doFilter(ApplicationFilterChain.java:162) ~[catalina.jar:9.0.60]
	at com.dotcms.filters.interceptor.AbstractWebInterceptorSupportFilter.doFilter(AbstractWebInterceptorSupportFilter.java:90) ~[dotcms_null.jar:?]
	at org.apache.catalina.core.ApplicationFilterChain.internalDoFilter(ApplicationFilterChain.java:189) ~[catalina.jar:9.0.60]
	at org.apache.catalina.core.ApplicationFilterChain.doFilter(ApplicationFilterChain.java:162) ~[catalina.jar:9.0.60]
	at org.apache.catalina.filters.HttpHeaderSecurityFilter.doFilter(HttpHeaderSecurityFilter.java:126) ~[catalina.jar:9.0.60]
	at org.apache.catalina.core.ApplicationFilterChain.internalDoFilter(ApplicationFilterChain.java:189) ~[catalina.jar:9.0.60]
	at org.apache.catalina.core.ApplicationFilterChain.doFilter(ApplicationFilterChain.java:162) ~[catalina.jar:9.0.60]
	at com.dotcms.filters.NormalizationFilter.doFilter(NormalizationFilter.java:88) ~[dotcms_null.jar:?]
	at org.apache.catalina.core.ApplicationFilterChain.internalDoFilter(ApplicationFilterChain.java:189) ~[catalina.jar:9.0.60]
	at org.apache.catalina.core.ApplicationFilterChain.doFilter(ApplicationFilterChain.java:162) ~[catalina.jar:9.0.60]
	at org.apache.catalina.core.StandardWrapperValve.invoke(StandardWrapperValve.java:197) ~[catalina.jar:9.0.60]
	at org.apache.catalina.core.StandardContextValve.invoke(StandardContextValve.java:97) ~[catalina.jar:9.0.60]
	at org.apache.catalina.authenticator.AuthenticatorBase.invoke(AuthenticatorBase.java:541) ~[catalina.jar:9.0.60]
	at org.apache.catalina.core.StandardHostValve.invoke(StandardHostValve.java:135) ~[catalina.jar:9.0.60]
	at org.apache.catalina.valves.AbstractAccessLogValve.invoke(AbstractAccessLogValve.java:687) ~[catalina.jar:9.0.60]
	at org.apache.catalina.valves.ErrorReportValve.invoke(ErrorReportValve.java:92) ~[catalina.jar:9.0.60]
	at org.apache.catalina.valves.RemoteIpValve.invoke(RemoteIpValve.java:769) ~[catalina.jar:9.0.60]
	at org.apache.catalina.core.StandardEngineValve.invoke(StandardEngineValve.java:78) ~[catalina.jar:9.0.60]
	at org.apache.catalina.connector.CoyoteAdapter.service(CoyoteAdapter.java:360) ~[catalina.jar:9.0.60]
	at org.apache.coyote.http11.Http11Processor.service(Http11Processor.java:399) ~[tomcat-coyote.jar:9.0.60]
	at org.apache.coyote.AbstractProcessorLight.process(AbstractProcessorLight.java:65) ~[tomcat-coyote.jar:9.0.60]
	at org.apache.coyote.AbstractProtocol$ConnectionHandler.process(AbstractProtocol.java:889) ~[tomcat-coyote.jar:9.0.60]
	at org.apache.tomcat.util.net.Nio2Endpoint$SocketProcessor.doRun(Nio2Endpoint.java:1701) ~[tomcat-coyote.jar:9.0.60]
	at org.apache.tomcat.util.net.SocketProcessorBase.run(SocketProcessorBase.java:49) ~[tomcat-coyote.jar:9.0.60]
	at org.apache.tomcat.util.net.AbstractEndpoint.processSocket(AbstractEndpoint.java:1190) ~[tomcat-coyote.jar:9.0.60]
	at org.apache.tomcat.util.net.Nio2Endpoint$Nio2SocketWrapper$2.completed(Nio2Endpoint.java:633) ~[tomcat-coyote.jar:9.0.60]
	at org.apache.tomcat.util.net.Nio2Endpoint$Nio2SocketWrapper$2.completed(Nio2Endpoint.java:611) ~[tomcat-coyote.jar:9.0.60]
	at sun.nio.ch.Invoker.invokeUnchecked(Invoker.java:127) ~[?:?]
	at sun.nio.ch.UnixAsynchronousSocketChannelImpl.finishRead(UnixAsynchronousSocketChannelImpl.java:439) ~[?:?]
	at sun.nio.ch.UnixAsynchronousSocketChannelImpl.finish(UnixAsynchronousSocketChannelImpl.java:191) ~[?:?]
	at sun.nio.ch.UnixAsynchronousSocketChannelImpl.onEvent(UnixAsynchronousSocketChannelImpl.java:213) ~[?:?]
	at sun.nio.ch.EPollPort$EventHandlerTask.run(EPollPort.java:306) ~[?:?]
	at sun.nio.ch.AsynchronousChannelGroupImpl$1.run(AsynchronousChannelGroupImpl.java:112) ~[?:?]
	at java.util.concurrent.ThreadPoolExecutor.runWorker(ThreadPoolExecutor.java:1128) ~[?:?]
	at java.util.concurrent.ThreadPoolExecutor$Worker.run(ThreadPoolExecutor.java:628) ~[?:?]
	at java.lang.Thread.run(Thread.java:829) [?:?]
Caused by: com.liferay.portal.auth.AuthException
	at com.dotcms.cms.login.LoginServiceAPIFactory$LoginServiceImpl.doActionLogin(LoginServiceAPIFactory.java:299) ~[dotcms_null.jar:?]
	at com.dotcms.rest.WebResource.authenticateUser(WebResource.java:613) ~[dotcms_null.jar:?]
	... 89 more
[15/05/23 23:56:33:775 UTC]  INFO util.SecurityLogger: class com.dotcms.rest.api.v1.authentication.ResponseUtil : Authentication credentials are required -- ip:172.19.0.1,user:null
[15/05/23 23:56:39:388 UTC]  INFO util.SecurityLogger: class com.dotcms.cms.login.LoginServiceAPIFactory$LoginServiceImpl : An invalid attempt to login as dotcms.org.1 has been made from IP: 172.19.0.1 -- ip:172.19.0.1,user:null
[15/05/23 23:56:39:388 UTC]  WARN rest.WebResource: Request IP: 172.19.0.1. Can't authenticate user. Username: admin@dotcms.com
[15/05/23 23:56:39:389 UTC]  WARN rest.WebResource: InitDataObject Error: uri:/api/bundle err:Authentication credentials are required
[15/05/23 23:56:39:389 UTC]  WARN rest.WebResource: Authentication credentials are required
[15/05/23 23:56:39:389 UTC]  WARN rest.WebResource: com.dotcms.rest.WebResource.authenticateUser(WebResource.java:633)
[15/05/23 23:56:44:443 UTC]  INFO util.SecurityLogger: class com.dotcms.cms.login.LoginServiceAPIFactory$LoginServiceImpl : An invalid attempt to login as dotcms.org.1 has been made from IP: 172.19.0.1 -- ip:172.19.0.1,user:null
[15/05/23 23:56:44:443 UTC]  WARN rest.WebResource: Request IP: 172.19.0.1. Can't authenticate user. Username: admin@dotcms.com
[15/05/23 23:56:44:444 UTC]  WARN rest.WebResource: InitDataObject Error: uri:/api/v1/graphql err:Authentication credentials are required
[15/05/23 23:56:44:444 UTC]  WARN rest.WebResource: Authentication credentials are required
[15/05/23 23:56:44:444 UTC]  WARN rest.WebResource: com.dotcms.rest.WebResource.authenticateUser(WebResource.java:633)
[15/05/23 23:56:44:445 UTC] ERROR exception.SecurityException: Authentication credentials are required
com.dotcms.rest.exception.SecurityException: Authentication credentials are required
	at com.dotcms.rest.WebResource.authenticateUser(WebResource.java:633) ~[dotcms_null.jar:?]
	at com.dotcms.rest.WebResource.authenticate(WebResource.java:495) ~[dotcms_null.jar:?]
	at com.dotcms.rest.WebResource.getCurrentUser(WebResource.java:424) ~[dotcms_null.jar:?]
	at com.dotcms.rest.WebResource.init(WebResource.java:353) ~[dotcms_null.jar:?]
	at com.dotcms.rest.WebResource$InitBuilder.init(WebResource.java:886) ~[dotcms_null.jar:?]
	at com.dotcms.graphql.DotGraphQLContextBuilder.build(DotGraphQLContextBuilder.java:24) ~[dotcms_null.jar:?]
	at graphql.kickstart.servlet.input.GraphQLInvocationInputFactory.create(GraphQLInvocationInputFactory.java:95) ~[graphql-java-servlet-9.1.0.jar:?]
	at graphql.kickstart.servlet.input.GraphQLInvocationInputFactory.create(GraphQLInvocationInputFactory.java:60) ~[graphql-java-servlet-9.1.0.jar:?]
	at graphql.kickstart.servlet.GraphQLPostInvocationInputParser.getGraphQLInvocationInput(GraphQLPostInvocationInputParser.java:36) ~[graphql-java-servlet-9.1.0.jar:?]
	at graphql.kickstart.servlet.HttpRequestHandlerImpl.handle(HttpRequestHandlerImpl.java:36) ~[graphql-java-servlet-9.1.0.jar:?]
	at graphql.kickstart.servlet.AbstractGraphQLHttpServlet.doRequest(AbstractGraphQLHttpServlet.java:147) ~[graphql-java-servlet-9.1.0.jar:?]
	at graphql.kickstart.servlet.AbstractGraphQLHttpServlet.doRequestAsync(AbstractGraphQLHttpServlet.java:137) ~[graphql-java-servlet-9.1.0.jar:?]
	at graphql.kickstart.servlet.AbstractGraphQLHttpServlet.doPost(AbstractGraphQLHttpServlet.java:169) ~[graphql-java-servlet-9.1.0.jar:?]
	at com.dotcms.graphql.DotGraphQLHttpServlet.doPost(DotGraphQLHttpServlet.java:64) ~[dotcms_null.jar:?]
	at javax.servlet.http.HttpServlet.service(HttpServlet.java:681) ~[servlet-api.jar:4.0.FR]
	at javax.servlet.http.HttpServlet.service(HttpServlet.java:764) ~[servlet-api.jar:4.0.FR]
	at org.apache.catalina.core.ApplicationFilterChain.internalDoFilter(ApplicationFilterChain.java:227) ~[catalina.jar:9.0.60]
	at org.apache.catalina.core.ApplicationFilterChain.doFilter(ApplicationFilterChain.java:162) ~[catalina.jar:9.0.60]
	at org.apache.tomcat.websocket.server.WsFilter.doFilter(WsFilter.java:53) ~[tomcat-websocket.jar:9.0.60]
	at org.apache.catalina.core.ApplicationFilterChain.internalDoFilter(ApplicationFilterChain.java:189) ~[catalina.jar:9.0.60]
	at org.apache.catalina.core.ApplicationFilterChain.doFilter(ApplicationFilterChain.java:162) ~[catalina.jar:9.0.60]
	at com.dotmarketing.filters.CMSFilter.doFilterInternal(CMSFilter.java:169) ~[dotcms_null.jar:?]
	at com.dotmarketing.filters.CMSFilter.doFilter(CMSFilter.java:49) ~[dotcms_null.jar:?]
	at org.apache.catalina.core.ApplicationFilterChain.internalDoFilter(ApplicationFilterChain.java:189) ~[catalina.jar:9.0.60]
	at org.apache.catalina.core.ApplicationFilterChain.doFilter(ApplicationFilterChain.java:162) ~[catalina.jar:9.0.60]
	at com.dotcms.filters.interceptor.AbstractWebInterceptorSupportFilter.doFilter(AbstractWebInterceptorSupportFilter.java:90) ~[dotcms_null.jar:?]
	at org.apache.catalina.core.ApplicationFilterChain.internalDoFilter(ApplicationFilterChain.java:189) ~[catalina.jar:9.0.60]
	at org.apache.catalina.core.ApplicationFilterChain.doFilter(ApplicationFilterChain.java:162) ~[catalina.jar:9.0.60]
	at com.dotcms.filters.interceptor.AbstractWebInterceptorSupportFilter.doFilter(AbstractWebInterceptorSupportFilter.java:90) ~[dotcms_null.jar:?]
	at org.apache.catalina.core.ApplicationFilterChain.internalDoFilter(ApplicationFilterChain.java:189) ~[catalina.jar:9.0.60]
	at org.apache.catalina.core.ApplicationFilterChain.doFilter(ApplicationFilterChain.java:162) ~[catalina.jar:9.0.60]
	at com.dotcms.visitor.filter.servlet.VisitorFilter.doFilter(VisitorFilter.java:81) ~[dotcms_null.jar:?]
	at org.apache.catalina.core.ApplicationFilterChain.internalDoFilter(ApplicationFilterChain.java:189) ~[catalina.jar:9.0.60]
	at org.apache.catalina.core.ApplicationFilterChain.doFilter(ApplicationFilterChain.java:162) ~[catalina.jar:9.0.60]
	at com.dotcms.vanityurl.filters.VanityURLFilter.doFilter(VanityURLFilter.java:114) ~[dotcms_null.jar:?]
	at org.apache.catalina.core.ApplicationFilterChain.internalDoFilter(ApplicationFilterChain.java:189) ~[catalina.jar:9.0.60]
	at org.apache.catalina.core.ApplicationFilterChain.doFilter(ApplicationFilterChain.java:162) ~[catalina.jar:9.0.60]
	at org.tuckey.web.filters.urlrewrite.RuleChain.handleRewrite(RuleChain.java:176) ~[urlrewritefilter-4.0.4.jar:4.0.4]
	at org.tuckey.web.filters.urlrewrite.RuleChain.doRules(RuleChain.java:145) ~[urlrewritefilter-4.0.4.jar:4.0.4]
	at org.tuckey.web.filters.urlrewrite.UrlRewriter.processRequest(UrlRewriter.java:92) ~[urlrewritefilter-4.0.4.jar:4.0.4]
	at org.tuckey.web.filters.urlrewrite.UrlRewriteFilter.doFilter(UrlRewriteFilter.java:389) ~[urlrewritefilter-4.0.4.jar:4.0.4]
	at org.apache.catalina.core.ApplicationFilterChain.internalDoFilter(ApplicationFilterChain.java:189) ~[catalina.jar:9.0.60]
	at org.apache.catalina.core.ApplicationFilterChain.doFilter(ApplicationFilterChain.java:162) ~[catalina.jar:9.0.60]
	at com.dotmarketing.filters.TimeMachineFilter.doFilter(TimeMachineFilter.java:67) ~[dotcms_null.jar:?]
	at org.apache.catalina.core.ApplicationFilterChain.internalDoFilter(ApplicationFilterChain.java:189) ~[catalina.jar:9.0.60]
	at org.apache.catalina.core.ApplicationFilterChain.doFilter(ApplicationFilterChain.java:162) ~[catalina.jar:9.0.60]
	at com.dotmarketing.filters.ThreadNameFilter.doFilter(ThreadNameFilter.java:88) ~[dotcms_null.jar:?]
	at org.apache.catalina.core.ApplicationFilterChain.internalDoFilter(ApplicationFilterChain.java:189) ~[catalina.jar:9.0.60]
	at org.apache.catalina.core.ApplicationFilterChain.doFilter(ApplicationFilterChain.java:162) ~[catalina.jar:9.0.60]
	at com.dotmarketing.filters.CookiesFilter.doFilter(CookiesFilter.java:53) ~[dotcms_null.jar:?]
	at org.apache.catalina.core.ApplicationFilterChain.internalDoFilter(ApplicationFilterChain.java:189) ~[catalina.jar:9.0.60]
	at org.apache.catalina.core.ApplicationFilterChain.doFilter(ApplicationFilterChain.java:162) ~[catalina.jar:9.0.60]
	at com.dotmarketing.filters.CharsetEncodingFilter.doFilter(CharsetEncodingFilter.java:99) ~[dotcms_null.jar:?]
	at org.apache.catalina.core.ApplicationFilterChain.internalDoFilter(ApplicationFilterChain.java:189) ~[catalina.jar:9.0.60]
	at org.apache.catalina.core.ApplicationFilterChain.doFilter(ApplicationFilterChain.java:162) ~[catalina.jar:9.0.60]
	at com.dotcms.filters.interceptor.AbstractWebInterceptorSupportFilter.doFilter(AbstractWebInterceptorSupportFilter.java:90) ~[dotcms_null.jar:?]
	at org.apache.catalina.core.ApplicationFilterChain.internalDoFilter(ApplicationFilterChain.java:189) ~[catalina.jar:9.0.60]
	at org.apache.catalina.core.ApplicationFilterChain.doFilter(ApplicationFilterChain.java:162) ~[catalina.jar:9.0.60]
	at org.apache.catalina.filters.HttpHeaderSecurityFilter.doFilter(HttpHeaderSecurityFilter.java:126) ~[catalina.jar:9.0.60]
	at org.apache.catalina.core.ApplicationFilterChain.internalDoFilter(ApplicationFilterChain.java:189) ~[catalina.jar:9.0.60]
	at org.apache.catalina.core.ApplicationFilterChain.doFilter(ApplicationFilterChain.java:162) ~[catalina.jar:9.0.60]
	at com.dotcms.filters.NormalizationFilter.doFilter(NormalizationFilter.java:88) ~[dotcms_null.jar:?]
	at org.apache.catalina.core.ApplicationFilterChain.internalDoFilter(ApplicationFilterChain.java:189) ~[catalina.jar:9.0.60]
	at org.apache.catalina.core.ApplicationFilterChain.doFilter(ApplicationFilterChain.java:162) ~[catalina.jar:9.0.60]
	at org.apache.catalina.core.StandardWrapperValve.invoke(StandardWrapperValve.java:197) ~[catalina.jar:9.0.60]
	at org.apache.catalina.core.StandardContextValve.invoke(StandardContextValve.java:97) ~[catalina.jar:9.0.60]
	at org.apache.catalina.authenticator.AuthenticatorBase.invoke(AuthenticatorBase.java:541) ~[catalina.jar:9.0.60]
	at org.apache.catalina.core.StandardHostValve.invoke(StandardHostValve.java:135) ~[catalina.jar:9.0.60]
	at org.apache.catalina.valves.AbstractAccessLogValve.invoke(AbstractAccessLogValve.java:687) ~[catalina.jar:9.0.60]
	at org.apache.catalina.valves.ErrorReportValve.invoke(ErrorReportValve.java:92) ~[catalina.jar:9.0.60]
	at org.apache.catalina.valves.RemoteIpValve.invoke(RemoteIpValve.java:769) ~[catalina.jar:9.0.60]
	at org.apache.catalina.core.StandardEngineValve.invoke(StandardEngineValve.java:78) ~[catalina.jar:9.0.60]
	at org.apache.catalina.connector.CoyoteAdapter.service(CoyoteAdapter.java:360) ~[catalina.jar:9.0.60]
	at org.apache.coyote.http11.Http11Processor.service(Http11Processor.java:399) ~[tomcat-coyote.jar:9.0.60]
	at org.apache.coyote.AbstractProcessorLight.process(AbstractProcessorLight.java:65) ~[tomcat-coyote.jar:9.0.60]
	at org.apache.coyote.AbstractProtocol$ConnectionHandler.process(AbstractProtocol.java:889) ~[tomcat-coyote.jar:9.0.60]
	at org.apache.tomcat.util.net.Nio2Endpoint$SocketProcessor.doRun(Nio2Endpoint.java:1701) ~[tomcat-coyote.jar:9.0.60]
	at org.apache.tomcat.util.net.SocketProcessorBase.run(SocketProcessorBase.java:49) ~[tomcat-coyote.jar:9.0.60]
	at org.apache.tomcat.util.net.AbstractEndpoint.processSocket(AbstractEndpoint.java:1190) ~[tomcat-coyote.jar:9.0.60]
	at org.apache.tomcat.util.net.Nio2Endpoint$Nio2SocketWrapper$2.completed(Nio2Endpoint.java:633) ~[tomcat-coyote.jar:9.0.60]
	at org.apache.tomcat.util.net.Nio2Endpoint$Nio2SocketWrapper$2.completed(Nio2Endpoint.java:611) ~[tomcat-coyote.jar:9.0.60]
	at sun.nio.ch.Invoker.invokeUnchecked(Invoker.java:127) ~[?:?]
	at sun.nio.ch.UnixAsynchronousSocketChannelImpl.finishRead(UnixAsynchronousSocketChannelImpl.java:439) ~[?:?]
	at sun.nio.ch.UnixAsynchronousSocketChannelImpl.finish(UnixAsynchronousSocketChannelImpl.java:191) ~[?:?]
	at sun.nio.ch.UnixAsynchronousSocketChannelImpl.onEvent(UnixAsynchronousSocketChannelImpl.java:213) ~[?:?]
	at sun.nio.ch.EPollPort$EventHandlerTask.run(EPollPort.java:306) ~[?:?]
	at sun.nio.ch.AsynchronousChannelGroupImpl$1.run(AsynchronousChannelGroupImpl.java:112) ~[?:?]
	at java.util.concurrent.ThreadPoolExecutor.runWorker(ThreadPoolExecutor.java:1128) ~[?:?]
	at java.util.concurrent.ThreadPoolExecutor$Worker.run(ThreadPoolExecutor.java:628) ~[?:?]
	at java.lang.Thread.run(Thread.java:829) [?:?]
Caused by: com.liferay.portal.auth.AuthException
	at com.dotcms.cms.login.LoginServiceAPIFactory$LoginServiceImpl.doActionLogin(LoginServiceAPIFactory.java:299) ~[dotcms_null.jar:?]
	at com.dotcms.rest.WebResource.authenticateUser(WebResource.java:613) ~[dotcms_null.jar:?]
	... 89 more
[15/05/23 23:56:44:446 UTC]  INFO util.SecurityLogger: class com.dotcms.rest.api.v1.authentication.ResponseUtil : Authentication credentials are required -- ip:172.19.0.1,user:null
[15/05/23 23:56:49:503 UTC]  INFO util.SecurityLogger: class com.dotcms.cms.login.LoginServiceAPIFactory$LoginServiceImpl : An invalid attempt to login as dotcms.org.1 has been made from IP: 172.19.0.1 -- ip:172.19.0.1,user:null
[15/05/23 23:56:49:503 UTC]  WARN rest.WebResource: Request IP: 172.19.0.1. Can't authenticate user. Username: admin@dotcms.com
[15/05/23 23:56:49:503 UTC]  WARN rest.WebResource: InitDataObject Error: uri:/api/v1/graphql err:Authentication credentials are required
[15/05/23 23:56:49:503 UTC]  WARN rest.WebResource: Authentication credentials are required
[15/05/23 23:56:49:503 UTC]  WARN rest.WebResource: com.dotcms.rest.WebResource.authenticateUser(WebResource.java:633)
[15/05/23 23:56:49:503 UTC] ERROR exception.SecurityException: Authentication credentials are required
com.dotcms.rest.exception.SecurityException: Authentication credentials are required
	at com.dotcms.rest.WebResource.authenticateUser(WebResource.java:633) ~[dotcms_null.jar:?]
	at com.dotcms.rest.WebResource.authenticate(WebResource.java:495) ~[dotcms_null.jar:?]
	at com.dotcms.rest.WebResource.getCurrentUser(WebResource.java:424) ~[dotcms_null.jar:?]
	at com.dotcms.rest.WebResource.init(WebResource.java:353) ~[dotcms_null.jar:?]
	at com.dotcms.rest.WebResource$InitBuilder.init(WebResource.java:886) ~[dotcms_null.jar:?]
	at com.dotcms.graphql.DotGraphQLContextBuilder.build(DotGraphQLContextBuilder.java:24) ~[dotcms_null.jar:?]
	at graphql.kickstart.servlet.input.GraphQLInvocationInputFactory.create(GraphQLInvocationInputFactory.java:95) ~[graphql-java-servlet-9.1.0.jar:?]
	at graphql.kickstart.servlet.input.GraphQLInvocationInputFactory.create(GraphQLInvocationInputFactory.java:60) ~[graphql-java-servlet-9.1.0.jar:?]
	at graphql.kickstart.servlet.GraphQLPostInvocationInputParser.getGraphQLInvocationInput(GraphQLPostInvocationInputParser.java:36) ~[graphql-java-servlet-9.1.0.jar:?]
	at graphql.kickstart.servlet.HttpRequestHandlerImpl.handle(HttpRequestHandlerImpl.java:36) ~[graphql-java-servlet-9.1.0.jar:?]
	at graphql.kickstart.servlet.AbstractGraphQLHttpServlet.doRequest(AbstractGraphQLHttpServlet.java:147) ~[graphql-java-servlet-9.1.0.jar:?]
	at graphql.kickstart.servlet.AbstractGraphQLHttpServlet.doRequestAsync(AbstractGraphQLHttpServlet.java:137) ~[graphql-java-servlet-9.1.0.jar:?]
	at graphql.kickstart.servlet.AbstractGraphQLHttpServlet.doPost(AbstractGraphQLHttpServlet.java:169) ~[graphql-java-servlet-9.1.0.jar:?]
	at com.dotcms.graphql.DotGraphQLHttpServlet.doPost(DotGraphQLHttpServlet.java:64) ~[dotcms_null.jar:?]
	at javax.servlet.http.HttpServlet.service(HttpServlet.java:681) ~[servlet-api.jar:4.0.FR]
	at javax.servlet.http.HttpServlet.service(HttpServlet.java:764) ~[servlet-api.jar:4.0.FR]
	at org.apache.catalina.core.ApplicationFilterChain.internalDoFilter(ApplicationFilterChain.java:227) ~[catalina.jar:9.0.60]
	at org.apache.catalina.core.ApplicationFilterChain.doFilter(ApplicationFilterChain.java:162) ~[catalina.jar:9.0.60]
	at org.apache.tomcat.websocket.server.WsFilter.doFilter(WsFilter.java:53) ~[tomcat-websocket.jar:9.0.60]
	at org.apache.catalina.core.ApplicationFilterChain.internalDoFilter(ApplicationFilterChain.java:189) ~[catalina.jar:9.0.60]
	at org.apache.catalina.core.ApplicationFilterChain.doFilter(ApplicationFilterChain.java:162) ~[catalina.jar:9.0.60]
	at com.dotmarketing.filters.CMSFilter.doFilterInternal(CMSFilter.java:169) ~[dotcms_null.jar:?]
	at com.dotmarketing.filters.CMSFilter.doFilter(CMSFilter.java:49) ~[dotcms_null.jar:?]
	at org.apache.catalina.core.ApplicationFilterChain.internalDoFilter(ApplicationFilterChain.java:189) ~[catalina.jar:9.0.60]
	at org.apache.catalina.core.ApplicationFilterChain.doFilter(ApplicationFilterChain.java:162) ~[catalina.jar:9.0.60]
	at com.dotcms.filters.interceptor.AbstractWebInterceptorSupportFilter.doFilter(AbstractWebInterceptorSupportFilter.java:90) ~[dotcms_null.jar:?]
	at org.apache.catalina.core.ApplicationFilterChain.internalDoFilter(ApplicationFilterChain.java:189) ~[catalina.jar:9.0.60]
	at org.apache.catalina.core.ApplicationFilterChain.doFilter(ApplicationFilterChain.java:162) ~[catalina.jar:9.0.60]
	at com.dotcms.filters.interceptor.AbstractWebInterceptorSupportFilter.doFilter(AbstractWebInterceptorSupportFilter.java:90) ~[dotcms_null.jar:?]
	at org.apache.catalina.core.ApplicationFilterChain.internalDoFilter(ApplicationFilterChain.java:189) ~[catalina.jar:9.0.60]
	at org.apache.catalina.core.ApplicationFilterChain.doFilter(ApplicationFilterChain.java:162) ~[catalina.jar:9.0.60]
	at com.dotcms.visitor.filter.servlet.VisitorFilter.doFilter(VisitorFilter.java:81) ~[dotcms_null.jar:?]
	at org.apache.catalina.core.ApplicationFilterChain.internalDoFilter(ApplicationFilterChain.java:189) ~[catalina.jar:9.0.60]
	at org.apache.catalina.core.ApplicationFilterChain.doFilter(ApplicationFilterChain.java:162) ~[catalina.jar:9.0.60]
	at com.dotcms.vanityurl.filters.VanityURLFilter.doFilter(VanityURLFilter.java:114) ~[dotcms_null.jar:?]
	at org.apache.catalina.core.ApplicationFilterChain.internalDoFilter(ApplicationFilterChain.java:189) ~[catalina.jar:9.0.60]
	at org.apache.catalina.core.ApplicationFilterChain.doFilter(ApplicationFilterChain.java:162) ~[catalina.jar:9.0.60]
	at org.tuckey.web.filters.urlrewrite.RuleChain.handleRewrite(RuleChain.java:176) ~[urlrewritefilter-4.0.4.jar:4.0.4]
	at org.tuckey.web.filters.urlrewrite.RuleChain.doRules(RuleChain.java:145) ~[urlrewritefilter-4.0.4.jar:4.0.4]
	at org.tuckey.web.filters.urlrewrite.UrlRewriter.processRequest(UrlRewriter.java:92) ~[urlrewritefilter-4.0.4.jar:4.0.4]
	at org.tuckey.web.filters.urlrewrite.UrlRewriteFilter.doFilter(UrlRewriteFilter.java:389) ~[urlrewritefilter-4.0.4.jar:4.0.4]
	at org.apache.catalina.core.ApplicationFilterChain.internalDoFilter(ApplicationFilterChain.java:189) ~[catalina.jar:9.0.60]
	at org.apache.catalina.core.ApplicationFilterChain.doFilter(ApplicationFilterChain.java:162) ~[catalina.jar:9.0.60]
	at com.dotmarketing.filters.TimeMachineFilter.doFilter(TimeMachineFilter.java:67) ~[dotcms_null.jar:?]
	at org.apache.catalina.core.ApplicationFilterChain.internalDoFilter(ApplicationFilterChain.java:189) ~[catalina.jar:9.0.60]
	at org.apache.catalina.core.ApplicationFilterChain.doFilter(ApplicationFilterChain.java:162) ~[catalina.jar:9.0.60]
	at com.dotmarketing.filters.ThreadNameFilter.doFilter(ThreadNameFilter.java:88) ~[dotcms_null.jar:?]
	at org.apache.catalina.core.ApplicationFilterChain.internalDoFilter(ApplicationFilterChain.java:189) ~[catalina.jar:9.0.60]
	at org.apache.catalina.core.ApplicationFilterChain.doFilter(ApplicationFilterChain.java:162) ~[catalina.jar:9.0.60]
	at com.dotmarketing.filters.CookiesFilter.doFilter(CookiesFilter.java:53) ~[dotcms_null.jar:?]
	at org.apache.catalina.core.ApplicationFilterChain.internalDoFilter(ApplicationFilterChain.java:189) ~[catalina.jar:9.0.60]
	at org.apache.catalina.core.ApplicationFilterChain.doFilter(ApplicationFilterChain.java:162) ~[catalina.jar:9.0.60]
	at com.dotmarketing.filters.CharsetEncodingFilter.doFilter(CharsetEncodingFilter.java:99) ~[dotcms_null.jar:?]
	at org.apache.catalina.core.ApplicationFilterChain.internalDoFilter(ApplicationFilterChain.java:189) ~[catalina.jar:9.0.60]
	at org.apache.catalina.core.ApplicationFilterChain.doFilter(ApplicationFilterChain.java:162) ~[catalina.jar:9.0.60]
	at com.dotcms.filters.interceptor.AbstractWebInterceptorSupportFilter.doFilter(AbstractWebInterceptorSupportFilter.java:90) ~[dotcms_null.jar:?]
	at org.apache.catalina.core.ApplicationFilterChain.internalDoFilter(ApplicationFilterChain.java:189) ~[catalina.jar:9.0.60]
	at org.apache.catalina.core.ApplicationFilterChain.doFilter(ApplicationFilterChain.java:162) ~[catalina.jar:9.0.60]
	at org.apache.catalina.filters.HttpHeaderSecurityFilter.doFilter(HttpHeaderSecurityFilter.java:126) ~[catalina.jar:9.0.60]
	at org.apache.catalina.core.ApplicationFilterChain.internalDoFilter(ApplicationFilterChain.java:189) ~[catalina.jar:9.0.60]
	at org.apache.catalina.core.ApplicationFilterChain.doFilter(ApplicationFilterChain.java:162) ~[catalina.jar:9.0.60]
	at com.dotcms.filters.NormalizationFilter.doFilter(NormalizationFilter.java:88) ~[dotcms_null.jar:?]
	at org.apache.catalina.core.ApplicationFilterChain.internalDoFilter(ApplicationFilterChain.java:189) ~[catalina.jar:9.0.60]
	at org.apache.catalina.core.ApplicationFilterChain.doFilter(ApplicationFilterChain.java:162) ~[catalina.jar:9.0.60]
	at org.apache.catalina.core.StandardWrapperValve.invoke(StandardWrapperValve.java:197) ~[catalina.jar:9.0.60]
	at org.apache.catalina.core.StandardContextValve.invoke(StandardContextValve.java:97) ~[catalina.jar:9.0.60]
	at org.apache.catalina.authenticator.AuthenticatorBase.invoke(AuthenticatorBase.java:541) ~[catalina.jar:9.0.60]
	at org.apache.catalina.core.StandardHostValve.invoke(StandardHostValve.java:135) ~[catalina.jar:9.0.60]
	at org.apache.catalina.valves.AbstractAccessLogValve.invoke(AbstractAccessLogValve.java:687) ~[catalina.jar:9.0.60]
	at org.apache.catalina.valves.ErrorReportValve.invoke(ErrorReportValve.java:92) ~[catalina.jar:9.0.60]
	at org.apache.catalina.valves.RemoteIpValve.invoke(RemoteIpValve.java:769) ~[catalina.jar:9.0.60]
	at org.apache.catalina.core.StandardEngineValve.invoke(StandardEngineValve.java:78) ~[catalina.jar:9.0.60]
	at org.apache.catalina.connector.CoyoteAdapter.service(CoyoteAdapter.java:360) ~[catalina.jar:9.0.60]
	at org.apache.coyote.http11.Http11Processor.service(Http11Processor.java:399) ~[tomcat-coyote.jar:9.0.60]
	at org.apache.coyote.AbstractProcessorLight.process(AbstractProcessorLight.java:65) ~[tomcat-coyote.jar:9.0.60]
	at org.apache.coyote.AbstractProtocol$ConnectionHandler.process(AbstractProtocol.java:889) ~[tomcat-coyote.jar:9.0.60]
	at org.apache.tomcat.util.net.Nio2Endpoint$SocketProcessor.doRun(Nio2Endpoint.java:1701) ~[tomcat-coyote.jar:9.0.60]
	at org.apache.tomcat.util.net.SocketProcessorBase.run(SocketProcessorBase.java:49) ~[tomcat-coyote.jar:9.0.60]
	at org.apache.tomcat.util.net.AbstractEndpoint.processSocket(AbstractEndpoint.java:1190) ~[tomcat-coyote.jar:9.0.60]
	at org.apache.tomcat.util.net.Nio2Endpoint$Nio2SocketWrapper$2.completed(Nio2Endpoint.java:633) ~[tomcat-coyote.jar:9.0.60]
	at org.apache.tomcat.util.net.Nio2Endpoint$Nio2SocketWrapper$2.completed(Nio2Endpoint.java:611) ~[tomcat-coyote.jar:9.0.60]
	at sun.nio.ch.Invoker.invokeUnchecked(Invoker.java:127) ~[?:?]
	at sun.nio.ch.Invoker$2.run(Invoker.java:219) ~[?:?]
	at sun.nio.ch.AsynchronousChannelGroupImpl$1.run(AsynchronousChannelGroupImpl.java:112) ~[?:?]
	at java.util.concurrent.ThreadPoolExecutor.runWorker(ThreadPoolExecutor.java:1128) ~[?:?]
	at java.util.concurrent.ThreadPoolExecutor$Worker.run(ThreadPoolExecutor.java:628) ~[?:?]
	at java.lang.Thread.run(Thread.java:829) [?:?]
Caused by: com.liferay.portal.auth.AuthException
	at com.dotcms.cms.login.LoginServiceAPIFactory$LoginServiceImpl.doActionLogin(LoginServiceAPIFactory.java:299) ~[dotcms_null.jar:?]
	at com.dotcms.rest.WebResource.authenticateUser(WebResource.java:613) ~[dotcms_null.jar:?]
	... 86 more
[15/05/23 23:56:49:503 UTC]  INFO util.SecurityLogger: class com.dotcms.rest.api.v1.authentication.ResponseUtil : Authentication credentials are required -- ip:172.19.0.1,user:null
[15/05/23 23:56:49:865 UTC] ERROR page.PageDataFetcher: Page '/destinations/costa-rica' not found
[15/05/23 23:56:54:932 UTC]  INFO util.SecurityLogger: class com.dotcms.cms.login.LoginServiceAPIFactory$LoginServiceImpl : An invalid attempt to login as dotcms.org.1 has been made from IP: 172.19.0.1 -- ip:172.19.0.1,user:null
[15/05/23 23:56:54:932 UTC]  WARN rest.WebResource: Request IP: 172.19.0.1. Can't authenticate user. Username: admin@dotcms.com
[15/05/23 23:56:54:932 UTC]  WARN rest.WebResource: InitDataObject Error: uri:/api/v1/graphql err:Authentication credentials are required
[15/05/23 23:56:54:932 UTC]  WARN rest.WebResource: Authentication credentials are required
[15/05/23 23:56:54:932 UTC]  WARN rest.WebResource: com.dotcms.rest.WebResource.authenticateUser(WebResource.java:633)
[15/05/23 23:56:54:932 UTC] ERROR exception.SecurityException: Authentication credentials are required
com.dotcms.rest.exception.SecurityException: Authentication credentials are required
	at com.dotcms.rest.WebResource.authenticateUser(WebResource.java:633) ~[dotcms_null.jar:?]
	at com.dotcms.rest.WebResource.authenticate(WebResource.java:495) ~[dotcms_null.jar:?]
	at com.dotcms.rest.WebResource.getCurrentUser(WebResource.java:424) ~[dotcms_null.jar:?]
	at com.dotcms.rest.WebResource.init(WebResource.java:353) ~[dotcms_null.jar:?]
	at com.dotcms.rest.WebResource$InitBuilder.init(WebResource.java:886) ~[dotcms_null.jar:?]
	at com.dotcms.graphql.DotGraphQLContextBuilder.build(DotGraphQLContextBuilder.java:24) ~[dotcms_null.jar:?]
	at graphql.kickstart.servlet.input.GraphQLInvocationInputFactory.create(GraphQLInvocationInputFactory.java:95) ~[graphql-java-servlet-9.1.0.jar:?]
	at graphql.kickstart.servlet.input.GraphQLInvocationInputFactory.create(GraphQLInvocationInputFactory.java:60) ~[graphql-java-servlet-9.1.0.jar:?]
	at graphql.kickstart.servlet.GraphQLPostInvocationInputParser.getGraphQLInvocationInput(GraphQLPostInvocationInputParser.java:36) ~[graphql-java-servlet-9.1.0.jar:?]
	at graphql.kickstart.servlet.HttpRequestHandlerImpl.handle(HttpRequestHandlerImpl.java:36) ~[graphql-java-servlet-9.1.0.jar:?]
	at graphql.kickstart.servlet.AbstractGraphQLHttpServlet.doRequest(AbstractGraphQLHttpServlet.java:147) ~[graphql-java-servlet-9.1.0.jar:?]
	at graphql.kickstart.servlet.AbstractGraphQLHttpServlet.doRequestAsync(AbstractGraphQLHttpServlet.java:137) ~[graphql-java-servlet-9.1.0.jar:?]
	at graphql.kickstart.servlet.AbstractGraphQLHttpServlet.doPost(AbstractGraphQLHttpServlet.java:169) ~[graphql-java-servlet-9.1.0.jar:?]
	at com.dotcms.graphql.DotGraphQLHttpServlet.doPost(DotGraphQLHttpServlet.java:64) ~[dotcms_null.jar:?]
	at javax.servlet.http.HttpServlet.service(HttpServlet.java:681) ~[servlet-api.jar:4.0.FR]
	at javax.servlet.http.HttpServlet.service(HttpServlet.java:764) ~[servlet-api.jar:4.0.FR]
	at org.apache.catalina.core.ApplicationFilterChain.internalDoFilter(ApplicationFilterChain.java:227) ~[catalina.jar:9.0.60]
	at org.apache.catalina.core.ApplicationFilterChain.doFilter(ApplicationFilterChain.java:162) ~[catalina.jar:9.0.60]
	at org.apache.tomcat.websocket.server.WsFilter.doFilter(WsFilter.java:53) ~[tomcat-websocket.jar:9.0.60]
	at org.apache.catalina.core.ApplicationFilterChain.internalDoFilter(ApplicationFilterChain.java:189) ~[catalina.jar:9.0.60]
	at org.apache.catalina.core.ApplicationFilterChain.doFilter(ApplicationFilterChain.java:162) ~[catalina.jar:9.0.60]
	at com.dotmarketing.filters.CMSFilter.doFilterInternal(CMSFilter.java:169) ~[dotcms_null.jar:?]
	at com.dotmarketing.filters.CMSFilter.doFilter(CMSFilter.java:49) ~[dotcms_null.jar:?]
	at org.apache.catalina.core.ApplicationFilterChain.internalDoFilter(ApplicationFilterChain.java:189) ~[catalina.jar:9.0.60]
	at org.apache.catalina.core.ApplicationFilterChain.doFilter(ApplicationFilterChain.java:162) ~[catalina.jar:9.0.60]
	at com.dotcms.filters.interceptor.AbstractWebInterceptorSupportFilter.doFilter(AbstractWebInterceptorSupportFilter.java:90) ~[dotcms_null.jar:?]
	at org.apache.catalina.core.ApplicationFilterChain.internalDoFilter(ApplicationFilterChain.java:189) ~[catalina.jar:9.0.60]
	at org.apache.catalina.core.ApplicationFilterChain.doFilter(ApplicationFilterChain.java:162) ~[catalina.jar:9.0.60]
	at com.dotcms.filters.interceptor.AbstractWebInterceptorSupportFilter.doFilter(AbstractWebInterceptorSupportFilter.java:90) ~[dotcms_null.jar:?]
	at org.apache.catalina.core.ApplicationFilterChain.internalDoFilter(ApplicationFilterChain.java:189) ~[catalina.jar:9.0.60]
	at org.apache.catalina.core.ApplicationFilterChain.doFilter(ApplicationFilterChain.java:162) ~[catalina.jar:9.0.60]
	at com.dotcms.visitor.filter.servlet.VisitorFilter.doFilter(VisitorFilter.java:81) ~[dotcms_null.jar:?]
	at org.apache.catalina.core.ApplicationFilterChain.internalDoFilter(ApplicationFilterChain.java:189) ~[catalina.jar:9.0.60]
	at org.apache.catalina.core.ApplicationFilterChain.doFilter(ApplicationFilterChain.java:162) ~[catalina.jar:9.0.60]
	at com.dotcms.vanityurl.filters.VanityURLFilter.doFilter(VanityURLFilter.java:114) ~[dotcms_null.jar:?]
	at org.apache.catalina.core.ApplicationFilterChain.internalDoFilter(ApplicationFilterChain.java:189) ~[catalina.jar:9.0.60]
	at org.apache.catalina.core.ApplicationFilterChain.doFilter(ApplicationFilterChain.java:162) ~[catalina.jar:9.0.60]
	at org.tuckey.web.filters.urlrewrite.RuleChain.handleRewrite(RuleChain.java:176) ~[urlrewritefilter-4.0.4.jar:4.0.4]
	at org.tuckey.web.filters.urlrewrite.RuleChain.doRules(RuleChain.java:145) ~[urlrewritefilter-4.0.4.jar:4.0.4]
	at org.tuckey.web.filters.urlrewrite.UrlRewriter.processRequest(UrlRewriter.java:92) ~[urlrewritefilter-4.0.4.jar:4.0.4]
	at org.tuckey.web.filters.urlrewrite.UrlRewriteFilter.doFilter(UrlRewriteFilter.java:389) ~[urlrewritefilter-4.0.4.jar:4.0.4]
	at org.apache.catalina.core.ApplicationFilterChain.internalDoFilter(ApplicationFilterChain.java:189) ~[catalina.jar:9.0.60]
	at org.apache.catalina.core.ApplicationFilterChain.doFilter(ApplicationFilterChain.java:162) ~[catalina.jar:9.0.60]
	at com.dotmarketing.filters.TimeMachineFilter.doFilter(TimeMachineFilter.java:67) ~[dotcms_null.jar:?]
	at org.apache.catalina.core.ApplicationFilterChain.internalDoFilter(ApplicationFilterChain.java:189) ~[catalina.jar:9.0.60]
	at org.apache.catalina.core.ApplicationFilterChain.doFilter(ApplicationFilterChain.java:162) ~[catalina.jar:9.0.60]
	at com.dotmarketing.filters.ThreadNameFilter.doFilter(ThreadNameFilter.java:88) ~[dotcms_null.jar:?]
	at org.apache.catalina.core.ApplicationFilterChain.internalDoFilter(ApplicationFilterChain.java:189) ~[catalina.jar:9.0.60]
	at org.apache.catalina.core.ApplicationFilterChain.doFilter(ApplicationFilterChain.java:162) ~[catalina.jar:9.0.60]
	at com.dotmarketing.filters.CookiesFilter.doFilter(CookiesFilter.java:53) ~[dotcms_null.jar:?]
	at org.apache.catalina.core.ApplicationFilterChain.internalDoFilter(ApplicationFilterChain.java:189) ~[catalina.jar:9.0.60]
	at org.apache.catalina.core.ApplicationFilterChain.doFilter(ApplicationFilterChain.java:162) ~[catalina.jar:9.0.60]
	at com.dotmarketing.filters.CharsetEncodingFilter.doFilter(CharsetEncodingFilter.java:99) ~[dotcms_null.jar:?]
	at org.apache.catalina.core.ApplicationFilterChain.internalDoFilter(ApplicationFilterChain.java:189) ~[catalina.jar:9.0.60]
	at org.apache.catalina.core.ApplicationFilterChain.doFilter(ApplicationFilterChain.java:162) ~[catalina.jar:9.0.60]
	at com.dotcms.filters.interceptor.AbstractWebInterceptorSupportFilter.doFilter(AbstractWebInterceptorSupportFilter.java:90) ~[dotcms_null.jar:?]
	at org.apache.catalina.core.ApplicationFilterChain.internalDoFilter(ApplicationFilterChain.java:189) ~[catalina.jar:9.0.60]
	at org.apache.catalina.core.ApplicationFilterChain.doFilter(ApplicationFilterChain.java:162) ~[catalina.jar:9.0.60]
	at org.apache.catalina.filters.HttpHeaderSecurityFilter.doFilter(HttpHeaderSecurityFilter.java:126) ~[catalina.jar:9.0.60]
	at org.apache.catalina.core.ApplicationFilterChain.internalDoFilter(ApplicationFilterChain.java:189) ~[catalina.jar:9.0.60]
	at org.apache.catalina.core.ApplicationFilterChain.doFilter(ApplicationFilterChain.java:162) ~[catalina.jar:9.0.60]
	at com.dotcms.filters.NormalizationFilter.doFilter(NormalizationFilter.java:88) ~[dotcms_null.jar:?]
	at org.apache.catalina.core.ApplicationFilterChain.internalDoFilter(ApplicationFilterChain.java:189) ~[catalina.jar:9.0.60]
	at org.apache.catalina.core.ApplicationFilterChain.doFilter(ApplicationFilterChain.java:162) ~[catalina.jar:9.0.60]
	at org.apache.catalina.core.StandardWrapperValve.invoke(StandardWrapperValve.java:197) ~[catalina.jar:9.0.60]
	at org.apache.catalina.core.StandardContextValve.invoke(StandardContextValve.java:97) ~[catalina.jar:9.0.60]
	at org.apache.catalina.authenticator.AuthenticatorBase.invoke(AuthenticatorBase.java:541) ~[catalina.jar:9.0.60]
	at org.apache.catalina.core.StandardHostValve.invoke(StandardHostValve.java:135) ~[catalina.jar:9.0.60]
	at org.apache.catalina.valves.AbstractAccessLogValve.invoke(AbstractAccessLogValve.java:687) ~[catalina.jar:9.0.60]
	at org.apache.catalina.valves.ErrorReportValve.invoke(ErrorReportValve.java:92) ~[catalina.jar:9.0.60]
	at org.apache.catalina.valves.RemoteIpValve.invoke(RemoteIpValve.java:769) ~[catalina.jar:9.0.60]
	at org.apache.catalina.core.StandardEngineValve.invoke(StandardEngineValve.java:78) ~[catalina.jar:9.0.60]
	at org.apache.catalina.connector.CoyoteAdapter.service(CoyoteAdapter.java:360) ~[catalina.jar:9.0.60]
	at org.apache.coyote.http11.Http11Processor.service(Http11Processor.java:399) ~[tomcat-coyote.jar:9.0.60]
	at org.apache.coyote.AbstractProcessorLight.process(AbstractProcessorLight.java:65) ~[tomcat-coyote.jar:9.0.60]
	at org.apache.coyote.AbstractProtocol$ConnectionHandler.process(AbstractProtocol.java:889) ~[tomcat-coyote.jar:9.0.60]
	at org.apache.tomcat.util.net.Nio2Endpoint$SocketProcessor.doRun(Nio2Endpoint.java:1701) ~[tomcat-coyote.jar:9.0.60]
	at org.apache.tomcat.util.net.SocketProcessorBase.run(SocketProcessorBase.java:49) ~[tomcat-coyote.jar:9.0.60]
	at org.apache.tomcat.util.net.AbstractEndpoint.processSocket(AbstractEndpoint.java:1190) ~[tomcat-coyote.jar:9.0.60]
	at org.apache.tomcat.util.net.Nio2Endpoint$Nio2SocketWrapper$2.completed(Nio2Endpoint.java:633) ~[tomcat-coyote.jar:9.0.60]
	at org.apache.tomcat.util.net.Nio2Endpoint$Nio2SocketWrapper$2.completed(Nio2Endpoint.java:611) ~[tomcat-coyote.jar:9.0.60]
	at sun.nio.ch.Invoker.invokeUnchecked(Invoker.java:127) ~[?:?]
	at sun.nio.ch.UnixAsynchronousSocketChannelImpl.finishRead(UnixAsynchronousSocketChannelImpl.java:439) ~[?:?]
	at sun.nio.ch.UnixAsynchronousSocketChannelImpl.finish(UnixAsynchronousSocketChannelImpl.java:191) ~[?:?]
	at sun.nio.ch.UnixAsynchronousSocketChannelImpl.onEvent(UnixAsynchronousSocketChannelImpl.java:213) ~[?:?]
	at sun.nio.ch.EPollPort$EventHandlerTask.run(EPollPort.java:306) ~[?:?]
	at sun.nio.ch.AsynchronousChannelGroupImpl$1.run(AsynchronousChannelGroupImpl.java:112) ~[?:?]
	at java.util.concurrent.ThreadPoolExecutor.runWorker(ThreadPoolExecutor.java:1128) ~[?:?]
	at java.util.concurrent.ThreadPoolExecutor$Worker.run(ThreadPoolExecutor.java:628) ~[?:?]
	at java.lang.Thread.run(Thread.java:829) [?:?]
Caused by: com.liferay.portal.auth.AuthException
	at com.dotcms.cms.login.LoginServiceAPIFactory$LoginServiceImpl.doActionLogin(LoginServiceAPIFactory.java:299) ~[dotcms_null.jar:?]
	at com.dotcms.rest.WebResource.authenticateUser(WebResource.java:613) ~[dotcms_null.jar:?]
	... 89 more
[15/05/23 23:56:54:932 UTC]  INFO util.SecurityLogger: class com.dotcms.rest.api.v1.authentication.ResponseUtil : Authentication credentials are required -- ip:172.19.0.1,user:null
[15/05/23 23:56:59:999 UTC]  INFO util.SecurityLogger: class com.dotcms.cms.login.LoginServiceAPIFactory$LoginServiceImpl : An invalid attempt to login as dotcms.org.1 has been made from IP: 172.19.0.1 -- ip:172.19.0.1,user:null
[15/05/23 23:56:59:999 UTC]  WARN rest.WebResource: Request IP: 172.19.0.1. Can't authenticate user. Username: admin@dotcms.com
[15/05/23 23:56:59:999 UTC]  WARN rest.WebResource: InitDataObject Error: uri:/api/v1/graphql err:Authentication credentials are required
[15/05/23 23:56:59:999 UTC]  WARN rest.WebResource: Authentication credentials are required
[15/05/23 23:56:59:999 UTC]  WARN rest.WebResource: com.dotcms.rest.WebResource.authenticateUser(WebResource.java:633)
[15/05/23 23:56:59:999 UTC] ERROR exception.SecurityException: Authentication credentials are required
com.dotcms.rest.exception.SecurityException: Authentication credentials are required
	at com.dotcms.rest.WebResource.authenticateUser(WebResource.java:633) ~[dotcms_null.jar:?]
	at com.dotcms.rest.WebResource.authenticate(WebResource.java:495) ~[dotcms_null.jar:?]
	at com.dotcms.rest.WebResource.getCurrentUser(WebResource.java:424) ~[dotcms_null.jar:?]
	at com.dotcms.rest.WebResource.init(WebResource.java:353) ~[dotcms_null.jar:?]
	at com.dotcms.rest.WebResource$InitBuilder.init(WebResource.java:886) ~[dotcms_null.jar:?]
	at com.dotcms.graphql.DotGraphQLContextBuilder.build(DotGraphQLContextBuilder.java:24) ~[dotcms_null.jar:?]
	at graphql.kickstart.servlet.input.GraphQLInvocationInputFactory.create(GraphQLInvocationInputFactory.java:95) ~[graphql-java-servlet-9.1.0.jar:?]
	at graphql.kickstart.servlet.input.GraphQLInvocationInputFactory.create(GraphQLInvocationInputFactory.java:60) ~[graphql-java-servlet-9.1.0.jar:?]
	at graphql.kickstart.servlet.GraphQLPostInvocationInputParser.getGraphQLInvocationInput(GraphQLPostInvocationInputParser.java:36) ~[graphql-java-servlet-9.1.0.jar:?]
	at graphql.kickstart.servlet.HttpRequestHandlerImpl.handle(HttpRequestHandlerImpl.java:36) ~[graphql-java-servlet-9.1.0.jar:?]
	at graphql.kickstart.servlet.AbstractGraphQLHttpServlet.doRequest(AbstractGraphQLHttpServlet.java:147) ~[graphql-java-servlet-9.1.0.jar:?]
	at graphql.kickstart.servlet.AbstractGraphQLHttpServlet.doRequestAsync(AbstractGraphQLHttpServlet.java:137) ~[graphql-java-servlet-9.1.0.jar:?]
	at graphql.kickstart.servlet.AbstractGraphQLHttpServlet.doPost(AbstractGraphQLHttpServlet.java:169) ~[graphql-java-servlet-9.1.0.jar:?]
	at com.dotcms.graphql.DotGraphQLHttpServlet.doPost(DotGraphQLHttpServlet.java:64) ~[dotcms_null.jar:?]
	at javax.servlet.http.HttpServlet.service(HttpServlet.java:681) ~[servlet-api.jar:4.0.FR]
	at javax.servlet.http.HttpServlet.service(HttpServlet.java:764) ~[servlet-api.jar:4.0.FR]
	at org.apache.catalina.core.ApplicationFilterChain.internalDoFilter(ApplicationFilterChain.java:227) ~[catalina.jar:9.0.60]
	at org.apache.catalina.core.ApplicationFilterChain.doFilter(ApplicationFilterChain.java:162) ~[catalina.jar:9.0.60]
	at org.apache.tomcat.websocket.server.WsFilter.doFilter(WsFilter.java:53) ~[tomcat-websocket.jar:9.0.60]
	at org.apache.catalina.core.ApplicationFilterChain.internalDoFilter(ApplicationFilterChain.java:189) ~[catalina.jar:9.0.60]
	at org.apache.catalina.core.ApplicationFilterChain.doFilter(ApplicationFilterChain.java:162) ~[catalina.jar:9.0.60]
	at com.dotmarketing.filters.CMSFilter.doFilterInternal(CMSFilter.java:169) ~[dotcms_null.jar:?]
	at com.dotmarketing.filters.CMSFilter.doFilter(CMSFilter.java:49) ~[dotcms_null.jar:?]
	at org.apache.catalina.core.ApplicationFilterChain.internalDoFilter(ApplicationFilterChain.java:189) ~[catalina.jar:9.0.60]
	at org.apache.catalina.core.ApplicationFilterChain.doFilter(ApplicationFilterChain.java:162) ~[catalina.jar:9.0.60]
	at com.dotcms.filters.interceptor.AbstractWebInterceptorSupportFilter.doFilter(AbstractWebInterceptorSupportFilter.java:90) ~[dotcms_null.jar:?]
	at org.apache.catalina.core.ApplicationFilterChain.internalDoFilter(ApplicationFilterChain.java:189) ~[catalina.jar:9.0.60]
	at org.apache.catalina.core.ApplicationFilterChain.doFilter(ApplicationFilterChain.java:162) ~[catalina.jar:9.0.60]
	at com.dotcms.filters.interceptor.AbstractWebInterceptorSupportFilter.doFilter(AbstractWebInterceptorSupportFilter.java:90) ~[dotcms_null.jar:?]
	at org.apache.catalina.core.ApplicationFilterChain.internalDoFilter(ApplicationFilterChain.java:189) ~[catalina.jar:9.0.60]
	at org.apache.catalina.core.ApplicationFilterChain.doFilter(ApplicationFilterChain.java:162) ~[catalina.jar:9.0.60]
	at com.dotcms.visitor.filter.servlet.VisitorFilter.doFilter(VisitorFilter.java:81) ~[dotcms_null.jar:?]
	at org.apache.catalina.core.ApplicationFilterChain.internalDoFilter(ApplicationFilterChain.java:189) ~[catalina.jar:9.0.60]
	at org.apache.catalina.core.ApplicationFilterChain.doFilter(ApplicationFilterChain.java:162) ~[catalina.jar:9.0.60]
	at com.dotcms.vanityurl.filters.VanityURLFilter.doFilter(VanityURLFilter.java:114) ~[dotcms_null.jar:?]
	at org.apache.catalina.core.ApplicationFilterChain.internalDoFilter(ApplicationFilterChain.java:189) ~[catalina.jar:9.0.60]
	at org.apache.catalina.core.ApplicationFilterChain.doFilter(ApplicationFilterChain.java:162) ~[catalina.jar:9.0.60]
	at org.tuckey.web.filters.urlrewrite.RuleChain.handleRewrite(RuleChain.java:176) ~[urlrewritefilter-4.0.4.jar:4.0.4]
	at org.tuckey.web.filters.urlrewrite.RuleChain.doRules(RuleChain.java:145) ~[urlrewritefilter-4.0.4.jar:4.0.4]
	at org.tuckey.web.filters.urlrewrite.UrlRewriter.processRequest(UrlRewriter.java:92) ~[urlrewritefilter-4.0.4.jar:4.0.4]
	at org.tuckey.web.filters.urlrewrite.UrlRewriteFilter.doFilter(UrlRewriteFilter.java:389) ~[urlrewritefilter-4.0.4.jar:4.0.4]
	at org.apache.catalina.core.ApplicationFilterChain.internalDoFilter(ApplicationFilterChain.java:189) ~[catalina.jar:9.0.60]
	at org.apache.catalina.core.ApplicationFilterChain.doFilter(ApplicationFilterChain.java:162) ~[catalina.jar:9.0.60]
	at com.dotmarketing.filters.TimeMachineFilter.doFilter(TimeMachineFilter.java:67) ~[dotcms_null.jar:?]
	at org.apache.catalina.core.ApplicationFilterChain.internalDoFilter(ApplicationFilterChain.java:189) ~[catalina.jar:9.0.60]
	at org.apache.catalina.core.ApplicationFilterChain.doFilter(ApplicationFilterChain.java:162) ~[catalina.jar:9.0.60]
	at com.dotmarketing.filters.ThreadNameFilter.doFilter(ThreadNameFilter.java:88) ~[dotcms_null.jar:?]
	at org.apache.catalina.core.ApplicationFilterChain.internalDoFilter(ApplicationFilterChain.java:189) ~[catalina.jar:9.0.60]
	at org.apache.catalina.core.ApplicationFilterChain.doFilter(ApplicationFilterChain.java:162) ~[catalina.jar:9.0.60]
	at com.dotmarketing.filters.CookiesFilter.doFilter(CookiesFilter.java:53) ~[dotcms_null.jar:?]
	at org.apache.catalina.core.ApplicationFilterChain.internalDoFilter(ApplicationFilterChain.java:189) ~[catalina.jar:9.0.60]
	at org.apache.catalina.core.ApplicationFilterChain.doFilter(ApplicationFilterChain.java:162) ~[catalina.jar:9.0.60]
	at com.dotmarketing.filters.CharsetEncodingFilter.doFilter(CharsetEncodingFilter.java:99) ~[dotcms_null.jar:?]
	at org.apache.catalina.core.ApplicationFilterChain.internalDoFilter(ApplicationFilterChain.java:189) ~[catalina.jar:9.0.60]
	at org.apache.catalina.core.ApplicationFilterChain.doFilter(ApplicationFilterChain.java:162) ~[catalina.jar:9.0.60]
	at com.dotcms.filters.interceptor.AbstractWebInterceptorSupportFilter.doFilter(AbstractWebInterceptorSupportFilter.java:90) ~[dotcms_null.jar:?]
	at org.apache.catalina.core.ApplicationFilterChain.internalDoFilter(ApplicationFilterChain.java:189) ~[catalina.jar:9.0.60]
	at org.apache.catalina.core.ApplicationFilterChain.doFilter(ApplicationFilterChain.java:162) ~[catalina.jar:9.0.60]
	at org.apache.catalina.filters.HttpHeaderSecurityFilter.doFilter(HttpHeaderSecurityFilter.java:126) ~[catalina.jar:9.0.60]
	at org.apache.catalina.core.ApplicationFilterChain.internalDoFilter(ApplicationFilterChain.java:189) ~[catalina.jar:9.0.60]
	at org.apache.catalina.core.ApplicationFilterChain.doFilter(ApplicationFilterChain.java:162) ~[catalina.jar:9.0.60]
	at com.dotcms.filters.NormalizationFilter.doFilter(NormalizationFilter.java:88) ~[dotcms_null.jar:?]
	at org.apache.catalina.core.ApplicationFilterChain.internalDoFilter(ApplicationFilterChain.java:189) ~[catalina.jar:9.0.60]
	at org.apache.catalina.core.ApplicationFilterChain.doFilter(ApplicationFilterChain.java:162) ~[catalina.jar:9.0.60]
	at org.apache.catalina.core.StandardWrapperValve.invoke(StandardWrapperValve.java:197) ~[catalina.jar:9.0.60]
	at org.apache.catalina.core.StandardContextValve.invoke(StandardContextValve.java:97) ~[catalina.jar:9.0.60]
	at org.apache.catalina.authenticator.AuthenticatorBase.invoke(AuthenticatorBase.java:541) ~[catalina.jar:9.0.60]
	at org.apache.catalina.core.StandardHostValve.invoke(StandardHostValve.java:135) ~[catalina.jar:9.0.60]
	at org.apache.catalina.valves.AbstractAccessLogValve.invoke(AbstractAccessLogValve.java:687) ~[catalina.jar:9.0.60]
	at org.apache.catalina.valves.ErrorReportValve.invoke(ErrorReportValve.java:92) ~[catalina.jar:9.0.60]
	at org.apache.catalina.valves.RemoteIpValve.invoke(RemoteIpValve.java:769) ~[catalina.jar:9.0.60]
	at org.apache.catalina.core.StandardEngineValve.invoke(StandardEngineValve.java:78) ~[catalina.jar:9.0.60]
	at org.apache.catalina.connector.CoyoteAdapter.service(CoyoteAdapter.java:360) ~[catalina.jar:9.0.60]
	at org.apache.coyote.http11.Http11Processor.service(Http11Processor.java:399) ~[tomcat-coyote.jar:9.0.60]
	at org.apache.coyote.AbstractProcessorLight.process(AbstractProcessorLight.java:65) ~[tomcat-coyote.jar:9.0.60]
	at org.apache.coyote.AbstractProtocol$ConnectionHandler.process(AbstractProtocol.java:889) ~[tomcat-coyote.jar:9.0.60]
	at org.apache.tomcat.util.net.Nio2Endpoint$SocketProcessor.doRun(Nio2Endpoint.java:1701) ~[tomcat-coyote.jar:9.0.60]
	at org.apache.tomcat.util.net.SocketProcessorBase.run(SocketProcessorBase.java:49) ~[tomcat-coyote.jar:9.0.60]
	at org.apache.tomcat.util.net.AbstractEndpoint.processSocket(AbstractEndpoint.java:1190) ~[tomcat-coyote.jar:9.0.60]
	at org.apache.tomcat.util.net.Nio2Endpoint$Nio2SocketWrapper$2.completed(Nio2Endpoint.java:633) ~[tomcat-coyote.jar:9.0.60]
	at org.apache.tomcat.util.net.Nio2Endpoint$Nio2SocketWrapper$2.completed(Nio2Endpoint.java:611) ~[tomcat-coyote.jar:9.0.60]
	at sun.nio.ch.Invoker.invokeUnchecked(Invoker.java:127) ~[?:?]
	at sun.nio.ch.Invoker$2.run(Invoker.java:219) ~[?:?]
	at sun.nio.ch.AsynchronousChannelGroupImpl$1.run(AsynchronousChannelGroupImpl.java:112) ~[?:?]
	at java.util.concurrent.ThreadPoolExecutor.runWorker(ThreadPoolExecutor.java:1128) ~[?:?]
	at java.util.concurrent.ThreadPoolExecutor$Worker.run(ThreadPoolExecutor.java:628) ~[?:?]
	at java.lang.Thread.run(Thread.java:829) [?:?]
Caused by: com.liferay.portal.auth.AuthException
	at com.dotcms.cms.login.LoginServiceAPIFactory$LoginServiceImpl.doActionLogin(LoginServiceAPIFactory.java:299) ~[dotcms_null.jar:?]
	at com.dotcms.rest.WebResource.authenticateUser(WebResource.java:613) ~[dotcms_null.jar:?]
	... 86 more
[15/05/23 23:56:59:999 UTC]  INFO util.SecurityLogger: class com.dotcms.rest.api.v1.authentication.ResponseUtil : Authentication credentials are required -- ip:172.19.0.1,user:null
[15/05/23 23:57:00:049 UTC]  WARN business.ESContentFactoryImpl: ----------------------------------------------
[15/05/23 23:57:00:049 UTC]  WARN business.ESContentFactoryImpl: Elasticsearch SEARCH error in index 'cluster_4aff2c937d.live_20230515235440'
[15/05/23 23:57:00:049 UTC]  WARN business.ESContentFactoryImpl: Thread: dotCMSQuartz_Worker-3
[15/05/23 23:57:00:049 UTC]  WARN business.ESContentFactoryImpl: ES Query: {"size":10000,"timeout":"15000ms","query":{"query_string":{"query":"+live:true +deleted:false +expdate:[1969-12-31t18:00:00-0000 TO 2023-05-15t23:57:00+0000]","fields":[],"type":"best_fields","default_operator":"or","max_determinized_states":10000,"enable_position_increments":true,"fuzziness":"AUTO","fuzzy_prefix_length":0,"fuzzy_max_expansions":50,"phrase_slop":0,"escape":false,"auto_generate_synonyms_phrase_query":true,"fuzzy_transpositions":true,"boost":1.0}},"_source":{"includes":["inode","identifier"],"excludes":[]},"sort":[{"moddate":{"order":"desc"}}],"track_total_hits":10000000}
[15/05/23 23:57:00:050 UTC]  WARN business.ESContentFactoryImpl: Class org.elasticsearch.ElasticsearchStatusException: Elasticsearch exception [type=illegal_argument_exception, reason=Text fields are not optimised for operations that require per-document field data like aggregations and sorting, so these operations are disabled by default. Please use a keyword field instead. Alternatively, set fielddata=true on [moddate] in order to load field data by uninverting the inverted index. Note that this can use significant memory.]
[15/05/23 23:57:00:050 UTC]  WARN business.ESContentFactoryImpl: ----------------------------------------------
[15/05/23 23:57:05:083 UTC]  INFO util.SecurityLogger: class com.dotcms.cms.login.LoginServiceAPIFactory$LoginServiceImpl : An invalid attempt to login as dotcms.org.1 has been made from IP: 172.19.0.1 -- ip:172.19.0.1,user:null
[15/05/23 23:57:05:083 UTC]  WARN rest.WebResource: Request IP: 172.19.0.1. Can't authenticate user. Username: admin@dotcms.com
[15/05/23 23:57:05:083 UTC]  WARN rest.WebResource: InitDataObject Error: uri:/api/v1/graphql err:Authentication credentials are required
[15/05/23 23:57:05:083 UTC]  WARN rest.WebResource: Authentication credentials are required
[15/05/23 23:57:05:083 UTC]  WARN rest.WebResource: com.dotcms.rest.WebResource.authenticateUser(WebResource.java:633)
[15/05/23 23:57:05:083 UTC] ERROR exception.SecurityException: Authentication credentials are required
com.dotcms.rest.exception.SecurityException: Authentication credentials are required
	at com.dotcms.rest.WebResource.authenticateUser(WebResource.java:633) ~[dotcms_null.jar:?]
	at com.dotcms.rest.WebResource.authenticate(WebResource.java:495) ~[dotcms_null.jar:?]
	at com.dotcms.rest.WebResource.getCurrentUser(WebResource.java:424) ~[dotcms_null.jar:?]
	at com.dotcms.rest.WebResource.init(WebResource.java:353) ~[dotcms_null.jar:?]
	at com.dotcms.rest.WebResource$InitBuilder.init(WebResource.java:886) ~[dotcms_null.jar:?]
	at com.dotcms.graphql.DotGraphQLContextBuilder.build(DotGraphQLContextBuilder.java:24) ~[dotcms_null.jar:?]
	at graphql.kickstart.servlet.input.GraphQLInvocationInputFactory.create(GraphQLInvocationInputFactory.java:95) ~[graphql-java-servlet-9.1.0.jar:?]
	at graphql.kickstart.servlet.input.GraphQLInvocationInputFactory.create(GraphQLInvocationInputFactory.java:60) ~[graphql-java-servlet-9.1.0.jar:?]
	at graphql.kickstart.servlet.GraphQLPostInvocationInputParser.getGraphQLInvocationInput(GraphQLPostInvocationInputParser.java:36) ~[graphql-java-servlet-9.1.0.jar:?]
	at graphql.kickstart.servlet.HttpRequestHandlerImpl.handle(HttpRequestHandlerImpl.java:36) ~[graphql-java-servlet-9.1.0.jar:?]
	at graphql.kickstart.servlet.AbstractGraphQLHttpServlet.doRequest(AbstractGraphQLHttpServlet.java:147) ~[graphql-java-servlet-9.1.0.jar:?]
	at graphql.kickstart.servlet.AbstractGraphQLHttpServlet.doRequestAsync(AbstractGraphQLHttpServlet.java:137) ~[graphql-java-servlet-9.1.0.jar:?]
	at graphql.kickstart.servlet.AbstractGraphQLHttpServlet.doPost(AbstractGraphQLHttpServlet.java:169) ~[graphql-java-servlet-9.1.0.jar:?]
	at com.dotcms.graphql.DotGraphQLHttpServlet.doPost(DotGraphQLHttpServlet.java:64) ~[dotcms_null.jar:?]
	at javax.servlet.http.HttpServlet.service(HttpServlet.java:681) ~[servlet-api.jar:4.0.FR]
	at javax.servlet.http.HttpServlet.service(HttpServlet.java:764) ~[servlet-api.jar:4.0.FR]
	at org.apache.catalina.core.ApplicationFilterChain.internalDoFilter(ApplicationFilterChain.java:227) ~[catalina.jar:9.0.60]
	at org.apache.catalina.core.ApplicationFilterChain.doFilter(ApplicationFilterChain.java:162) ~[catalina.jar:9.0.60]
	at org.apache.tomcat.websocket.server.WsFilter.doFilter(WsFilter.java:53) ~[tomcat-websocket.jar:9.0.60]
	at org.apache.catalina.core.ApplicationFilterChain.internalDoFilter(ApplicationFilterChain.java:189) ~[catalina.jar:9.0.60]
	at org.apache.catalina.core.ApplicationFilterChain.doFilter(ApplicationFilterChain.java:162) ~[catalina.jar:9.0.60]
	at com.dotmarketing.filters.CMSFilter.doFilterInternal(CMSFilter.java:169) ~[dotcms_null.jar:?]
	at com.dotmarketing.filters.CMSFilter.doFilter(CMSFilter.java:49) ~[dotcms_null.jar:?]
	at org.apache.catalina.core.ApplicationFilterChain.internalDoFilter(ApplicationFilterChain.java:189) ~[catalina.jar:9.0.60]
	at org.apache.catalina.core.ApplicationFilterChain.doFilter(ApplicationFilterChain.java:162) ~[catalina.jar:9.0.60]
	at com.dotcms.filters.interceptor.AbstractWebInterceptorSupportFilter.doFilter(AbstractWebInterceptorSupportFilter.java:90) ~[dotcms_null.jar:?]
	at org.apache.catalina.core.ApplicationFilterChain.internalDoFilter(ApplicationFilterChain.java:189) ~[catalina.jar:9.0.60]
	at org.apache.catalina.core.ApplicationFilterChain.doFilter(ApplicationFilterChain.java:162) ~[catalina.jar:9.0.60]
	at com.dotcms.filters.interceptor.AbstractWebInterceptorSupportFilter.doFilter(AbstractWebInterceptorSupportFilter.java:90) ~[dotcms_null.jar:?]
	at org.apache.catalina.core.ApplicationFilterChain.internalDoFilter(ApplicationFilterChain.java:189) ~[catalina.jar:9.0.60]
	at org.apache.catalina.core.ApplicationFilterChain.doFilter(ApplicationFilterChain.java:162) ~[catalina.jar:9.0.60]
	at com.dotcms.visitor.filter.servlet.VisitorFilter.doFilter(VisitorFilter.java:81) ~[dotcms_null.jar:?]
	at org.apache.catalina.core.ApplicationFilterChain.internalDoFilter(ApplicationFilterChain.java:189) ~[catalina.jar:9.0.60]
	at org.apache.catalina.core.ApplicationFilterChain.doFilter(ApplicationFilterChain.java:162) ~[catalina.jar:9.0.60]
	at com.dotcms.vanityurl.filters.VanityURLFilter.doFilter(VanityURLFilter.java:114) ~[dotcms_null.jar:?]
	at org.apache.catalina.core.ApplicationFilterChain.internalDoFilter(ApplicationFilterChain.java:189) ~[catalina.jar:9.0.60]
	at org.apache.catalina.core.ApplicationFilterChain.doFilter(ApplicationFilterChain.java:162) ~[catalina.jar:9.0.60]
	at org.tuckey.web.filters.urlrewrite.RuleChain.handleRewrite(RuleChain.java:176) ~[urlrewritefilter-4.0.4.jar:4.0.4]
	at org.tuckey.web.filters.urlrewrite.RuleChain.doRules(RuleChain.java:145) ~[urlrewritefilter-4.0.4.jar:4.0.4]
	at org.tuckey.web.filters.urlrewrite.UrlRewriter.processRequest(UrlRewriter.java:92) ~[urlrewritefilter-4.0.4.jar:4.0.4]
	at org.tuckey.web.filters.urlrewrite.UrlRewriteFilter.doFilter(UrlRewriteFilter.java:389) ~[urlrewritefilter-4.0.4.jar:4.0.4]
	at org.apache.catalina.core.ApplicationFilterChain.internalDoFilter(ApplicationFilterChain.java:189) ~[catalina.jar:9.0.60]
	at org.apache.catalina.core.ApplicationFilterChain.doFilter(ApplicationFilterChain.java:162) ~[catalina.jar:9.0.60]
	at com.dotmarketing.filters.TimeMachineFilter.doFilter(TimeMachineFilter.java:67) ~[dotcms_null.jar:?]
	at org.apache.catalina.core.ApplicationFilterChain.internalDoFilter(ApplicationFilterChain.java:189) ~[catalina.jar:9.0.60]
	at org.apache.catalina.core.ApplicationFilterChain.doFilter(ApplicationFilterChain.java:162) ~[catalina.jar:9.0.60]
	at com.dotmarketing.filters.ThreadNameFilter.doFilter(ThreadNameFilter.java:88) ~[dotcms_null.jar:?]
	at org.apache.catalina.core.ApplicationFilterChain.internalDoFilter(ApplicationFilterChain.java:189) ~[catalina.jar:9.0.60]
	at org.apache.catalina.core.ApplicationFilterChain.doFilter(ApplicationFilterChain.java:162) ~[catalina.jar:9.0.60]
	at com.dotmarketing.filters.CookiesFilter.doFilter(CookiesFilter.java:53) ~[dotcms_null.jar:?]
	at org.apache.catalina.core.ApplicationFilterChain.internalDoFilter(ApplicationFilterChain.java:189) ~[catalina.jar:9.0.60]
	at org.apache.catalina.core.ApplicationFilterChain.doFilter(ApplicationFilterChain.java:162) ~[catalina.jar:9.0.60]
	at com.dotmarketing.filters.CharsetEncodingFilter.doFilter(CharsetEncodingFilter.java:99) ~[dotcms_null.jar:?]
	at org.apache.catalina.core.ApplicationFilterChain.internalDoFilter(ApplicationFilterChain.java:189) ~[catalina.jar:9.0.60]
	at org.apache.catalina.core.ApplicationFilterChain.doFilter(ApplicationFilterChain.java:162) ~[catalina.jar:9.0.60]
	at com.dotcms.filters.interceptor.AbstractWebInterceptorSupportFilter.doFilter(AbstractWebInterceptorSupportFilter.java:90) ~[dotcms_null.jar:?]
	at org.apache.catalina.core.ApplicationFilterChain.internalDoFilter(ApplicationFilterChain.java:189) ~[catalina.jar:9.0.60]
	at org.apache.catalina.core.ApplicationFilterChain.doFilter(ApplicationFilterChain.java:162) ~[catalina.jar:9.0.60]
	at org.apache.catalina.filters.HttpHeaderSecurityFilter.doFilter(HttpHeaderSecurityFilter.java:126) ~[catalina.jar:9.0.60]
	at org.apache.catalina.core.ApplicationFilterChain.internalDoFilter(ApplicationFilterChain.java:189) ~[catalina.jar:9.0.60]
	at org.apache.catalina.core.ApplicationFilterChain.doFilter(ApplicationFilterChain.java:162) ~[catalina.jar:9.0.60]
	at com.dotcms.filters.NormalizationFilter.doFilter(NormalizationFilter.java:88) ~[dotcms_null.jar:?]
	at org.apache.catalina.core.ApplicationFilterChain.internalDoFilter(ApplicationFilterChain.java:189) ~[catalina.jar:9.0.60]
	at org.apache.catalina.core.ApplicationFilterChain.doFilter(ApplicationFilterChain.java:162) ~[catalina.jar:9.0.60]
	at org.apache.catalina.core.StandardWrapperValve.invoke(StandardWrapperValve.java:197) ~[catalina.jar:9.0.60]
	at org.apache.catalina.core.StandardContextValve.invoke(StandardContextValve.java:97) ~[catalina.jar:9.0.60]
	at org.apache.catalina.authenticator.AuthenticatorBase.invoke(AuthenticatorBase.java:541) ~[catalina.jar:9.0.60]
	at org.apache.catalina.core.StandardHostValve.invoke(StandardHostValve.java:135) ~[catalina.jar:9.0.60]
	at org.apache.catalina.valves.AbstractAccessLogValve.invoke(AbstractAccessLogValve.java:687) ~[catalina.jar:9.0.60]
	at org.apache.catalina.valves.ErrorReportValve.invoke(ErrorReportValve.java:92) ~[catalina.jar:9.0.60]
	at org.apache.catalina.valves.RemoteIpValve.invoke(RemoteIpValve.java:769) ~[catalina.jar:9.0.60]
	at org.apache.catalina.core.StandardEngineValve.invoke(StandardEngineValve.java:78) ~[catalina.jar:9.0.60]
	at org.apache.catalina.connector.CoyoteAdapter.service(CoyoteAdapter.java:360) ~[catalina.jar:9.0.60]
	at org.apache.coyote.http11.Http11Processor.service(Http11Processor.java:399) ~[tomcat-coyote.jar:9.0.60]
	at org.apache.coyote.AbstractProcessorLight.process(AbstractProcessorLight.java:65) ~[tomcat-coyote.jar:9.0.60]
	at org.apache.coyote.AbstractProtocol$ConnectionHandler.process(AbstractProtocol.java:889) ~[tomcat-coyote.jar:9.0.60]
	at org.apache.tomcat.util.net.Nio2Endpoint$SocketProcessor.doRun(Nio2Endpoint.java:1701) ~[tomcat-coyote.jar:9.0.60]
	at org.apache.tomcat.util.net.SocketProcessorBase.run(SocketProcessorBase.java:49) ~[tomcat-coyote.jar:9.0.60]
	at org.apache.tomcat.util.net.AbstractEndpoint.processSocket(AbstractEndpoint.java:1190) ~[tomcat-coyote.jar:9.0.60]
	at org.apache.tomcat.util.net.Nio2Endpoint$Nio2SocketWrapper$2.completed(Nio2Endpoint.java:633) ~[tomcat-coyote.jar:9.0.60]
	at org.apache.tomcat.util.net.Nio2Endpoint$Nio2SocketWrapper$2.completed(Nio2Endpoint.java:611) ~[tomcat-coyote.jar:9.0.60]
	at sun.nio.ch.Invoker.invokeUnchecked(Invoker.java:127) ~[?:?]
	at sun.nio.ch.Invoker$2.run(Invoker.java:219) ~[?:?]
	at sun.nio.ch.AsynchronousChannelGroupImpl$1.run(AsynchronousChannelGroupImpl.java:112) ~[?:?]
	at java.util.concurrent.ThreadPoolExecutor.runWorker(ThreadPoolExecutor.java:1128) ~[?:?]
	at java.util.concurrent.ThreadPoolExecutor$Worker.run(ThreadPoolExecutor.java:628) ~[?:?]
	at java.lang.Thread.run(Thread.java:829) [?:?]
Caused by: com.liferay.portal.auth.AuthException
	at com.dotcms.cms.login.LoginServiceAPIFactory$LoginServiceImpl.doActionLogin(LoginServiceAPIFactory.java:299) ~[dotcms_null.jar:?]
	at com.dotcms.rest.WebResource.authenticateUser(WebResource.java:613) ~[dotcms_null.jar:?]
	... 86 more
[15/05/23 23:57:05:083 UTC]  INFO util.SecurityLogger: class com.dotcms.rest.api.v1.authentication.ResponseUtil : Authentication credentials are required -- ip:172.19.0.1,user:null
[15/05/23 23:57:10:148 UTC]  INFO util.SecurityLogger: class com.dotcms.cms.login.LoginServiceAPIFactory$LoginServiceImpl : An invalid attempt to login as dotcms.org.1 has been made from IP: 172.19.0.1 -- ip:172.19.0.1,user:null
[15/05/23 23:57:10:149 UTC]  WARN rest.WebResource: Request IP: 172.19.0.1. Can't authenticate user. Username: admin@dotcms.com
[15/05/23 23:57:10:149 UTC]  WARN rest.WebResource: InitDataObject Error: uri:/api/bundle err:Authentication credentials are required
[15/05/23 23:57:10:149 UTC]  WARN rest.WebResource: Authentication credentials are required
[15/05/23 23:57:10:149 UTC]  WARN rest.WebResource: com.dotcms.rest.WebResource.authenticateUser(WebResource.java:633)
[15/05/23 23:57:15:196 UTC]  INFO util.SecurityLogger: class com.dotcms.cms.login.LoginServiceAPIFactory$LoginServiceImpl : An invalid attempt to login as dotcms.org.1 has been made from IP: 172.19.0.1 -- ip:172.19.0.1,user:null
[15/05/23 23:57:15:196 UTC]  WARN rest.WebResource: Request IP: 172.19.0.1. Can't authenticate user. Username: admin@dotcms.com
[15/05/23 23:57:15:196 UTC]  WARN rest.WebResource: InitDataObject Error: uri:/api/v1/graphql err:Authentication credentials are required
[15/05/23 23:57:15:196 UTC]  WARN rest.WebResource: Authentication credentials are required
[15/05/23 23:57:15:196 UTC]  WARN rest.WebResource: com.dotcms.rest.WebResource.authenticateUser(WebResource.java:633)
[15/05/23 23:57:15:196 UTC] ERROR exception.SecurityException: Authentication credentials are required
com.dotcms.rest.exception.SecurityException: Authentication credentials are required
	at com.dotcms.rest.WebResource.authenticateUser(WebResource.java:633) ~[dotcms_null.jar:?]
	at com.dotcms.rest.WebResource.authenticate(WebResource.java:495) ~[dotcms_null.jar:?]
	at com.dotcms.rest.WebResource.getCurrentUser(WebResource.java:424) ~[dotcms_null.jar:?]
	at com.dotcms.rest.WebResource.init(WebResource.java:353) ~[dotcms_null.jar:?]
	at com.dotcms.rest.WebResource$InitBuilder.init(WebResource.java:886) ~[dotcms_null.jar:?]
	at com.dotcms.graphql.DotGraphQLContextBuilder.build(DotGraphQLContextBuilder.java:24) ~[dotcms_null.jar:?]
	at graphql.kickstart.servlet.input.GraphQLInvocationInputFactory.create(GraphQLInvocationInputFactory.java:95) ~[graphql-java-servlet-9.1.0.jar:?]
	at graphql.kickstart.servlet.input.GraphQLInvocationInputFactory.create(GraphQLInvocationInputFactory.java:60) ~[graphql-java-servlet-9.1.0.jar:?]
	at graphql.kickstart.servlet.GraphQLPostInvocationInputParser.getGraphQLInvocationInput(GraphQLPostInvocationInputParser.java:36) ~[graphql-java-servlet-9.1.0.jar:?]
	at graphql.kickstart.servlet.HttpRequestHandlerImpl.handle(HttpRequestHandlerImpl.java:36) ~[graphql-java-servlet-9.1.0.jar:?]
	at graphql.kickstart.servlet.AbstractGraphQLHttpServlet.doRequest(AbstractGraphQLHttpServlet.java:147) ~[graphql-java-servlet-9.1.0.jar:?]
	at graphql.kickstart.servlet.AbstractGraphQLHttpServlet.doRequestAsync(AbstractGraphQLHttpServlet.java:137) ~[graphql-java-servlet-9.1.0.jar:?]
	at graphql.kickstart.servlet.AbstractGraphQLHttpServlet.doPost(AbstractGraphQLHttpServlet.java:169) ~[graphql-java-servlet-9.1.0.jar:?]
	at com.dotcms.graphql.DotGraphQLHttpServlet.doPost(DotGraphQLHttpServlet.java:64) ~[dotcms_null.jar:?]
	at javax.servlet.http.HttpServlet.service(HttpServlet.java:681) ~[servlet-api.jar:4.0.FR]
	at javax.servlet.http.HttpServlet.service(HttpServlet.java:764) ~[servlet-api.jar:4.0.FR]
	at org.apache.catalina.core.ApplicationFilterChain.internalDoFilter(ApplicationFilterChain.java:227) ~[catalina.jar:9.0.60]
	at org.apache.catalina.core.ApplicationFilterChain.doFilter(ApplicationFilterChain.java:162) ~[catalina.jar:9.0.60]
	at org.apache.tomcat.websocket.server.WsFilter.doFilter(WsFilter.java:53) ~[tomcat-websocket.jar:9.0.60]
	at org.apache.catalina.core.ApplicationFilterChain.internalDoFilter(ApplicationFilterChain.java:189) ~[catalina.jar:9.0.60]
	at org.apache.catalina.core.ApplicationFilterChain.doFilter(ApplicationFilterChain.java:162) ~[catalina.jar:9.0.60]
	at com.dotmarketing.filters.CMSFilter.doFilterInternal(CMSFilter.java:169) ~[dotcms_null.jar:?]
	at com.dotmarketing.filters.CMSFilter.doFilter(CMSFilter.java:49) ~[dotcms_null.jar:?]
	at org.apache.catalina.core.ApplicationFilterChain.internalDoFilter(ApplicationFilterChain.java:189) ~[catalina.jar:9.0.60]
	at org.apache.catalina.core.ApplicationFilterChain.doFilter(ApplicationFilterChain.java:162) ~[catalina.jar:9.0.60]
	at com.dotcms.filters.interceptor.AbstractWebInterceptorSupportFilter.doFilter(AbstractWebInterceptorSupportFilter.java:90) ~[dotcms_null.jar:?]
	at org.apache.catalina.core.ApplicationFilterChain.internalDoFilter(ApplicationFilterChain.java:189) ~[catalina.jar:9.0.60]
	at org.apache.catalina.core.ApplicationFilterChain.doFilter(ApplicationFilterChain.java:162) ~[catalina.jar:9.0.60]
	at com.dotcms.filters.interceptor.AbstractWebInterceptorSupportFilter.doFilter(AbstractWebInterceptorSupportFilter.java:90) ~[dotcms_null.jar:?]
	at org.apache.catalina.core.ApplicationFilterChain.internalDoFilter(ApplicationFilterChain.java:189) ~[catalina.jar:9.0.60]
	at org.apache.catalina.core.ApplicationFilterChain.doFilter(ApplicationFilterChain.java:162) ~[catalina.jar:9.0.60]
	at com.dotcms.visitor.filter.servlet.VisitorFilter.doFilter(VisitorFilter.java:81) ~[dotcms_null.jar:?]
	at org.apache.catalina.core.ApplicationFilterChain.internalDoFilter(ApplicationFilterChain.java:189) ~[catalina.jar:9.0.60]
	at org.apache.catalina.core.ApplicationFilterChain.doFilter(ApplicationFilterChain.java:162) ~[catalina.jar:9.0.60]
	at com.dotcms.vanityurl.filters.VanityURLFilter.doFilter(VanityURLFilter.java:114) ~[dotcms_null.jar:?]
	at org.apache.catalina.core.ApplicationFilterChain.internalDoFilter(ApplicationFilterChain.java:189) ~[catalina.jar:9.0.60]
	at org.apache.catalina.core.ApplicationFilterChain.doFilter(ApplicationFilterChain.java:162) ~[catalina.jar:9.0.60]
	at org.tuckey.web.filters.urlrewrite.RuleChain.handleRewrite(RuleChain.java:176) ~[urlrewritefilter-4.0.4.jar:4.0.4]
	at org.tuckey.web.filters.urlrewrite.RuleChain.doRules(RuleChain.java:145) ~[urlrewritefilter-4.0.4.jar:4.0.4]
	at org.tuckey.web.filters.urlrewrite.UrlRewriter.processRequest(UrlRewriter.java:92) ~[urlrewritefilter-4.0.4.jar:4.0.4]
	at org.tuckey.web.filters.urlrewrite.UrlRewriteFilter.doFilter(UrlRewriteFilter.java:389) ~[urlrewritefilter-4.0.4.jar:4.0.4]
	at org.apache.catalina.core.ApplicationFilterChain.internalDoFilter(ApplicationFilterChain.java:189) ~[catalina.jar:9.0.60]
	at org.apache.catalina.core.ApplicationFilterChain.doFilter(ApplicationFilterChain.java:162) ~[catalina.jar:9.0.60]
	at com.dotmarketing.filters.TimeMachineFilter.doFilter(TimeMachineFilter.java:67) ~[dotcms_null.jar:?]
	at org.apache.catalina.core.ApplicationFilterChain.internalDoFilter(ApplicationFilterChain.java:189) ~[catalina.jar:9.0.60]
	at org.apache.catalina.core.ApplicationFilterChain.doFilter(ApplicationFilterChain.java:162) ~[catalina.jar:9.0.60]
	at com.dotmarketing.filters.ThreadNameFilter.doFilter(ThreadNameFilter.java:88) ~[dotcms_null.jar:?]
	at org.apache.catalina.core.ApplicationFilterChain.internalDoFilter(ApplicationFilterChain.java:189) ~[catalina.jar:9.0.60]
	at org.apache.catalina.core.ApplicationFilterChain.doFilter(ApplicationFilterChain.java:162) ~[catalina.jar:9.0.60]
	at com.dotmarketing.filters.CookiesFilter.doFilter(CookiesFilter.java:53) ~[dotcms_null.jar:?]
	at org.apache.catalina.core.ApplicationFilterChain.internalDoFilter(ApplicationFilterChain.java:189) ~[catalina.jar:9.0.60]
	at org.apache.catalina.core.ApplicationFilterChain.doFilter(ApplicationFilterChain.java:162) ~[catalina.jar:9.0.60]
	at com.dotmarketing.filters.CharsetEncodingFilter.doFilter(CharsetEncodingFilter.java:99) ~[dotcms_null.jar:?]
	at org.apache.catalina.core.ApplicationFilterChain.internalDoFilter(ApplicationFilterChain.java:189) ~[catalina.jar:9.0.60]
	at org.apache.catalina.core.ApplicationFilterChain.doFilter(ApplicationFilterChain.java:162) ~[catalina.jar:9.0.60]
	at com.dotcms.filters.interceptor.AbstractWebInterceptorSupportFilter.doFilter(AbstractWebInterceptorSupportFilter.java:90) ~[dotcms_null.jar:?]
	at org.apache.catalina.core.ApplicationFilterChain.internalDoFilter(ApplicationFilterChain.java:189) ~[catalina.jar:9.0.60]
	at org.apache.catalina.core.ApplicationFilterChain.doFilter(ApplicationFilterChain.java:162) ~[catalina.jar:9.0.60]
	at org.apache.catalina.filters.HttpHeaderSecurityFilter.doFilter(HttpHeaderSecurityFilter.java:126) ~[catalina.jar:9.0.60]
	at org.apache.catalina.core.ApplicationFilterChain.internalDoFilter(ApplicationFilterChain.java:189) ~[catalina.jar:9.0.60]
	at org.apache.catalina.core.ApplicationFilterChain.doFilter(ApplicationFilterChain.java:162) ~[catalina.jar:9.0.60]
	at com.dotcms.filters.NormalizationFilter.doFilter(NormalizationFilter.java:88) ~[dotcms_null.jar:?]
	at org.apache.catalina.core.ApplicationFilterChain.internalDoFilter(ApplicationFilterChain.java:189) ~[catalina.jar:9.0.60]
	at org.apache.catalina.core.ApplicationFilterChain.doFilter(ApplicationFilterChain.java:162) ~[catalina.jar:9.0.60]
	at org.apache.catalina.core.StandardWrapperValve.invoke(StandardWrapperValve.java:197) ~[catalina.jar:9.0.60]
	at org.apache.catalina.core.StandardContextValve.invoke(StandardContextValve.java:97) ~[catalina.jar:9.0.60]
	at org.apache.catalina.authenticator.AuthenticatorBase.invoke(AuthenticatorBase.java:541) ~[catalina.jar:9.0.60]
	at org.apache.catalina.core.StandardHostValve.invoke(StandardHostValve.java:135) ~[catalina.jar:9.0.60]
	at org.apache.catalina.valves.AbstractAccessLogValve.invoke(AbstractAccessLogValve.java:687) ~[catalina.jar:9.0.60]
	at org.apache.catalina.valves.ErrorReportValve.invoke(ErrorReportValve.java:92) ~[catalina.jar:9.0.60]
	at org.apache.catalina.valves.RemoteIpValve.invoke(RemoteIpValve.java:769) ~[catalina.jar:9.0.60]
	at org.apache.catalina.core.StandardEngineValve.invoke(StandardEngineValve.java:78) ~[catalina.jar:9.0.60]
	at org.apache.catalina.connector.CoyoteAdapter.service(CoyoteAdapter.java:360) ~[catalina.jar:9.0.60]
	at org.apache.coyote.http11.Http11Processor.service(Http11Processor.java:399) ~[tomcat-coyote.jar:9.0.60]
	at org.apache.coyote.AbstractProcessorLight.process(AbstractProcessorLight.java:65) ~[tomcat-coyote.jar:9.0.60]
	at org.apache.coyote.AbstractProtocol$ConnectionHandler.process(AbstractProtocol.java:889) ~[tomcat-coyote.jar:9.0.60]
	at org.apache.tomcat.util.net.Nio2Endpoint$SocketProcessor.doRun(Nio2Endpoint.java:1701) ~[tomcat-coyote.jar:9.0.60]
	at org.apache.tomcat.util.net.SocketProcessorBase.run(SocketProcessorBase.java:49) ~[tomcat-coyote.jar:9.0.60]
	at org.apache.tomcat.util.net.AbstractEndpoint.processSocket(AbstractEndpoint.java:1190) ~[tomcat-coyote.jar:9.0.60]
	at org.apache.tomcat.util.net.Nio2Endpoint$Nio2SocketWrapper$2.completed(Nio2Endpoint.java:633) ~[tomcat-coyote.jar:9.0.60]
	at org.apache.tomcat.util.net.Nio2Endpoint$Nio2SocketWrapper$2.completed(Nio2Endpoint.java:611) ~[tomcat-coyote.jar:9.0.60]
	at sun.nio.ch.Invoker.invokeUnchecked(Invoker.java:127) ~[?:?]
	at sun.nio.ch.Invoker$2.run(Invoker.java:219) ~[?:?]
	at sun.nio.ch.AsynchronousChannelGroupImpl$1.run(AsynchronousChannelGroupImpl.java:112) ~[?:?]
	at java.util.concurrent.ThreadPoolExecutor.runWorker(ThreadPoolExecutor.java:1128) ~[?:?]
	at java.util.concurrent.ThreadPoolExecutor$Worker.run(ThreadPoolExecutor.java:628) ~[?:?]
	at java.lang.Thread.run(Thread.java:829) [?:?]
Caused by: com.liferay.portal.auth.AuthException
	at com.dotcms.cms.login.LoginServiceAPIFactory$LoginServiceImpl.doActionLogin(LoginServiceAPIFactory.java:299) ~[dotcms_null.jar:?]
	at com.dotcms.rest.WebResource.authenticateUser(WebResource.java:613) ~[dotcms_null.jar:?]
	... 86 more
[15/05/23 23:57:15:196 UTC]  INFO util.SecurityLogger: class com.dotcms.rest.api.v1.authentication.ResponseUtil : Authentication credentials are required -- ip:172.19.0.1,user:null
[15/05/23 23:57:20:686 UTC]  INFO util.SecurityLogger: class com.dotcms.cms.login.LoginServiceAPIFactory$LoginServiceImpl : An invalid attempt to login as dotcms.org.1 has been made from IP: 172.19.0.1 -- ip:172.19.0.1,user:null
[15/05/23 23:57:20:686 UTC]  WARN rest.WebResource: Request IP: 172.19.0.1. Can't authenticate user. Username: admin@dotcms.com
[15/05/23 23:57:20:687 UTC]  WARN rest.WebResource: InitDataObject Error: uri:/api/bundle err:Authentication credentials are required
[15/05/23 23:57:20:687 UTC]  WARN rest.WebResource: Authentication credentials are required
[15/05/23 23:57:20:687 UTC]  WARN rest.WebResource: com.dotcms.rest.WebResource.authenticateUser(WebResource.java:633)
[15/05/23 23:57:25:733 UTC]  INFO util.SecurityLogger: class com.dotcms.cms.login.LoginServiceAPIFactory$LoginServiceImpl : An invalid attempt to login as dotcms.org.1 has been made from IP: 172.19.0.1 -- ip:172.19.0.1,user:null
[15/05/23 23:57:25:733 UTC]  WARN rest.WebResource: Request IP: 172.19.0.1. Can't authenticate user. Username: admin@dotcms.com
[15/05/23 23:57:25:733 UTC]  WARN rest.WebResource: InitDataObject Error: uri:/api/v1/graphql err:Authentication credentials are required
[15/05/23 23:57:25:733 UTC]  WARN rest.WebResource: Authentication credentials are required
[15/05/23 23:57:25:734 UTC]  WARN rest.WebResource: com.dotcms.rest.WebResource.authenticateUser(WebResource.java:633)
[15/05/23 23:57:25:734 UTC] ERROR exception.SecurityException: Authentication credentials are required
com.dotcms.rest.exception.SecurityException: Authentication credentials are required
	at com.dotcms.rest.WebResource.authenticateUser(WebResource.java:633) ~[dotcms_null.jar:?]
	at com.dotcms.rest.WebResource.authenticate(WebResource.java:495) ~[dotcms_null.jar:?]
	at com.dotcms.rest.WebResource.getCurrentUser(WebResource.java:424) ~[dotcms_null.jar:?]
	at com.dotcms.rest.WebResource.init(WebResource.java:353) ~[dotcms_null.jar:?]
	at com.dotcms.rest.WebResource$InitBuilder.init(WebResource.java:886) ~[dotcms_null.jar:?]
	at com.dotcms.graphql.DotGraphQLContextBuilder.build(DotGraphQLContextBuilder.java:24) ~[dotcms_null.jar:?]
	at graphql.kickstart.servlet.input.GraphQLInvocationInputFactory.create(GraphQLInvocationInputFactory.java:95) ~[graphql-java-servlet-9.1.0.jar:?]
	at graphql.kickstart.servlet.input.GraphQLInvocationInputFactory.create(GraphQLInvocationInputFactory.java:60) ~[graphql-java-servlet-9.1.0.jar:?]
	at graphql.kickstart.servlet.GraphQLPostInvocationInputParser.getGraphQLInvocationInput(GraphQLPostInvocationInputParser.java:36) ~[graphql-java-servlet-9.1.0.jar:?]
	at graphql.kickstart.servlet.HttpRequestHandlerImpl.handle(HttpRequestHandlerImpl.java:36) ~[graphql-java-servlet-9.1.0.jar:?]
	at graphql.kickstart.servlet.AbstractGraphQLHttpServlet.doRequest(AbstractGraphQLHttpServlet.java:147) ~[graphql-java-servlet-9.1.0.jar:?]
	at graphql.kickstart.servlet.AbstractGraphQLHttpServlet.doRequestAsync(AbstractGraphQLHttpServlet.java:137) ~[graphql-java-servlet-9.1.0.jar:?]
	at graphql.kickstart.servlet.AbstractGraphQLHttpServlet.doPost(AbstractGraphQLHttpServlet.java:169) ~[graphql-java-servlet-9.1.0.jar:?]
	at com.dotcms.graphql.DotGraphQLHttpServlet.doPost(DotGraphQLHttpServlet.java:64) ~[dotcms_null.jar:?]
	at javax.servlet.http.HttpServlet.service(HttpServlet.java:681) ~[servlet-api.jar:4.0.FR]
	at javax.servlet.http.HttpServlet.service(HttpServlet.java:764) ~[servlet-api.jar:4.0.FR]
	at org.apache.catalina.core.ApplicationFilterChain.internalDoFilter(ApplicationFilterChain.java:227) ~[catalina.jar:9.0.60]
	at org.apache.catalina.core.ApplicationFilterChain.doFilter(ApplicationFilterChain.java:162) ~[catalina.jar:9.0.60]
	at org.apache.tomcat.websocket.server.WsFilter.doFilter(WsFilter.java:53) ~[tomcat-websocket.jar:9.0.60]
	at org.apache.catalina.core.ApplicationFilterChain.internalDoFilter(ApplicationFilterChain.java:189) ~[catalina.jar:9.0.60]
	at org.apache.catalina.core.ApplicationFilterChain.doFilter(ApplicationFilterChain.java:162) ~[catalina.jar:9.0.60]
	at com.dotmarketing.filters.CMSFilter.doFilterInternal(CMSFilter.java:169) ~[dotcms_null.jar:?]
	at com.dotmarketing.filters.CMSFilter.doFilter(CMSFilter.java:49) ~[dotcms_null.jar:?]
	at org.apache.catalina.core.ApplicationFilterChain.internalDoFilter(ApplicationFilterChain.java:189) ~[catalina.jar:9.0.60]
	at org.apache.catalina.core.ApplicationFilterChain.doFilter(ApplicationFilterChain.java:162) ~[catalina.jar:9.0.60]
	at com.dotcms.filters.interceptor.AbstractWebInterceptorSupportFilter.doFilter(AbstractWebInterceptorSupportFilter.java:90) ~[dotcms_null.jar:?]
	at org.apache.catalina.core.ApplicationFilterChain.internalDoFilter(ApplicationFilterChain.java:189) ~[catalina.jar:9.0.60]
	at org.apache.catalina.core.ApplicationFilterChain.doFilter(ApplicationFilterChain.java:162) ~[catalina.jar:9.0.60]
	at com.dotcms.filters.interceptor.AbstractWebInterceptorSupportFilter.doFilter(AbstractWebInterceptorSupportFilter.java:90) ~[dotcms_null.jar:?]
	at org.apache.catalina.core.ApplicationFilterChain.internalDoFilter(ApplicationFilterChain.java:189) ~[catalina.jar:9.0.60]
	at org.apache.catalina.core.ApplicationFilterChain.doFilter(ApplicationFilterChain.java:162) ~[catalina.jar:9.0.60]
	at com.dotcms.visitor.filter.servlet.VisitorFilter.doFilter(VisitorFilter.java:81) ~[dotcms_null.jar:?]
	at org.apache.catalina.core.ApplicationFilterChain.internalDoFilter(ApplicationFilterChain.java:189) ~[catalina.jar:9.0.60]
	at org.apache.catalina.core.ApplicationFilterChain.doFilter(ApplicationFilterChain.java:162) ~[catalina.jar:9.0.60]
	at com.dotcms.vanityurl.filters.VanityURLFilter.doFilter(VanityURLFilter.java:114) ~[dotcms_null.jar:?]
	at org.apache.catalina.core.ApplicationFilterChain.internalDoFilter(ApplicationFilterChain.java:189) ~[catalina.jar:9.0.60]
	at org.apache.catalina.core.ApplicationFilterChain.doFilter(ApplicationFilterChain.java:162) ~[catalina.jar:9.0.60]
	at org.tuckey.web.filters.urlrewrite.RuleChain.handleRewrite(RuleChain.java:176) ~[urlrewritefilter-4.0.4.jar:4.0.4]
	at org.tuckey.web.filters.urlrewrite.RuleChain.doRules(RuleChain.java:145) ~[urlrewritefilter-4.0.4.jar:4.0.4]
	at org.tuckey.web.filters.urlrewrite.UrlRewriter.processRequest(UrlRewriter.java:92) ~[urlrewritefilter-4.0.4.jar:4.0.4]
	at org.tuckey.web.filters.urlrewrite.UrlRewriteFilter.doFilter(UrlRewriteFilter.java:389) ~[urlrewritefilter-4.0.4.jar:4.0.4]
	at org.apache.catalina.core.ApplicationFilterChain.internalDoFilter(ApplicationFilterChain.java:189) ~[catalina.jar:9.0.60]
	at org.apache.catalina.core.ApplicationFilterChain.doFilter(ApplicationFilterChain.java:162) ~[catalina.jar:9.0.60]
	at com.dotmarketing.filters.TimeMachineFilter.doFilter(TimeMachineFilter.java:67) ~[dotcms_null.jar:?]
	at org.apache.catalina.core.ApplicationFilterChain.internalDoFilter(ApplicationFilterChain.java:189) ~[catalina.jar:9.0.60]
	at org.apache.catalina.core.ApplicationFilterChain.doFilter(ApplicationFilterChain.java:162) ~[catalina.jar:9.0.60]
	at com.dotmarketing.filters.ThreadNameFilter.doFilter(ThreadNameFilter.java:88) ~[dotcms_null.jar:?]
	at org.apache.catalina.core.ApplicationFilterChain.internalDoFilter(ApplicationFilterChain.java:189) ~[catalina.jar:9.0.60]
	at org.apache.catalina.core.ApplicationFilterChain.doFilter(ApplicationFilterChain.java:162) ~[catalina.jar:9.0.60]
	at com.dotmarketing.filters.CookiesFilter.doFilter(CookiesFilter.java:53) ~[dotcms_null.jar:?]
	at org.apache.catalina.core.ApplicationFilterChain.internalDoFilter(ApplicationFilterChain.java:189) ~[catalina.jar:9.0.60]
	at org.apache.catalina.core.ApplicationFilterChain.doFilter(ApplicationFilterChain.java:162) ~[catalina.jar:9.0.60]
	at com.dotmarketing.filters.CharsetEncodingFilter.doFilter(CharsetEncodingFilter.java:99) ~[dotcms_null.jar:?]
	at org.apache.catalina.core.ApplicationFilterChain.internalDoFilter(ApplicationFilterChain.java:189) ~[catalina.jar:9.0.60]
	at org.apache.catalina.core.ApplicationFilterChain.doFilter(ApplicationFilterChain.java:162) ~[catalina.jar:9.0.60]
	at com.dotcms.filters.interceptor.AbstractWebInterceptorSupportFilter.doFilter(AbstractWebInterceptorSupportFilter.java:90) ~[dotcms_null.jar:?]
	at org.apache.catalina.core.ApplicationFilterChain.internalDoFilter(ApplicationFilterChain.java:189) ~[catalina.jar:9.0.60]
	at org.apache.catalina.core.ApplicationFilterChain.doFilter(ApplicationFilterChain.java:162) ~[catalina.jar:9.0.60]
	at org.apache.catalina.filters.HttpHeaderSecurityFilter.doFilter(HttpHeaderSecurityFilter.java:126) ~[catalina.jar:9.0.60]
	at org.apache.catalina.core.ApplicationFilterChain.internalDoFilter(ApplicationFilterChain.java:189) ~[catalina.jar:9.0.60]
	at org.apache.catalina.core.ApplicationFilterChain.doFilter(ApplicationFilterChain.java:162) ~[catalina.jar:9.0.60]
	at com.dotcms.filters.NormalizationFilter.doFilter(NormalizationFilter.java:88) ~[dotcms_null.jar:?]
	at org.apache.catalina.core.ApplicationFilterChain.internalDoFilter(ApplicationFilterChain.java:189) ~[catalina.jar:9.0.60]
	at org.apache.catalina.core.ApplicationFilterChain.doFilter(ApplicationFilterChain.java:162) ~[catalina.jar:9.0.60]
	at org.apache.catalina.core.StandardWrapperValve.invoke(StandardWrapperValve.java:197) ~[catalina.jar:9.0.60]
	at org.apache.catalina.core.StandardContextValve.invoke(StandardContextValve.java:97) ~[catalina.jar:9.0.60]
	at org.apache.catalina.authenticator.AuthenticatorBase.invoke(AuthenticatorBase.java:541) ~[catalina.jar:9.0.60]
	at org.apache.catalina.core.StandardHostValve.invoke(StandardHostValve.java:135) ~[catalina.jar:9.0.60]
	at org.apache.catalina.valves.AbstractAccessLogValve.invoke(AbstractAccessLogValve.java:687) ~[catalina.jar:9.0.60]
	at org.apache.catalina.valves.ErrorReportValve.invoke(ErrorReportValve.java:92) ~[catalina.jar:9.0.60]
	at org.apache.catalina.valves.RemoteIpValve.invoke(RemoteIpValve.java:769) ~[catalina.jar:9.0.60]
	at org.apache.catalina.core.StandardEngineValve.invoke(StandardEngineValve.java:78) ~[catalina.jar:9.0.60]
	at org.apache.catalina.connector.CoyoteAdapter.service(CoyoteAdapter.java:360) ~[catalina.jar:9.0.60]
	at org.apache.coyote.http11.Http11Processor.service(Http11Processor.java:399) ~[tomcat-coyote.jar:9.0.60]
	at org.apache.coyote.AbstractProcessorLight.process(AbstractProcessorLight.java:65) ~[tomcat-coyote.jar:9.0.60]
	at org.apache.coyote.AbstractProtocol$ConnectionHandler.process(AbstractProtocol.java:889) ~[tomcat-coyote.jar:9.0.60]
	at org.apache.tomcat.util.net.Nio2Endpoint$SocketProcessor.doRun(Nio2Endpoint.java:1701) ~[tomcat-coyote.jar:9.0.60]
	at org.apache.tomcat.util.net.SocketProcessorBase.run(SocketProcessorBase.java:49) ~[tomcat-coyote.jar:9.0.60]
	at org.apache.tomcat.util.net.AbstractEndpoint.processSocket(AbstractEndpoint.java:1190) ~[tomcat-coyote.jar:9.0.60]
	at org.apache.tomcat.util.net.Nio2Endpoint$Nio2SocketWrapper$2.completed(Nio2Endpoint.java:633) ~[tomcat-coyote.jar:9.0.60]
	at org.apache.tomcat.util.net.Nio2Endpoint$Nio2SocketWrapper$2.completed(Nio2Endpoint.java:611) ~[tomcat-coyote.jar:9.0.60]
	at sun.nio.ch.Invoker.invokeUnchecked(Invoker.java:127) ~[?:?]
	at sun.nio.ch.UnixAsynchronousSocketChannelImpl.finishRead(UnixAsynchronousSocketChannelImpl.java:439) ~[?:?]
	at sun.nio.ch.UnixAsynchronousSocketChannelImpl.finish(UnixAsynchronousSocketChannelImpl.java:191) ~[?:?]
	at sun.nio.ch.UnixAsynchronousSocketChannelImpl.onEvent(UnixAsynchronousSocketChannelImpl.java:213) ~[?:?]
	at sun.nio.ch.EPollPort$EventHandlerTask.run(EPollPort.java:306) ~[?:?]
	at sun.nio.ch.AsynchronousChannelGroupImpl$1.run(AsynchronousChannelGroupImpl.java:112) ~[?:?]
	at java.util.concurrent.ThreadPoolExecutor.runWorker(ThreadPoolExecutor.java:1128) ~[?:?]
	at java.util.concurrent.ThreadPoolExecutor$Worker.run(ThreadPoolExecutor.java:628) ~[?:?]
	at java.lang.Thread.run(Thread.java:829) [?:?]
Caused by: com.liferay.portal.auth.AuthException
	at com.dotcms.cms.login.LoginServiceAPIFactory$LoginServiceImpl.doActionLogin(LoginServiceAPIFactory.java:299) ~[dotcms_null.jar:?]
	at com.dotcms.rest.WebResource.authenticateUser(WebResource.java:613) ~[dotcms_null.jar:?]
	... 89 more
[15/05/23 23:57:25:734 UTC]  INFO util.SecurityLogger: class com.dotcms.rest.api.v1.authentication.ResponseUtil : Authentication credentials are required -- ip:172.19.0.1,user:null
[15/05/23 23:57:30:783 UTC]  INFO util.SecurityLogger: class com.dotcms.cms.login.LoginServiceAPIFactory$LoginServiceImpl : An invalid attempt to login as dotcms.org.1 has been made from IP: 172.19.0.1 -- ip:172.19.0.1,user:null
[15/05/23 23:57:30:783 UTC]  WARN rest.WebResource: Request IP: 172.19.0.1. Can't authenticate user. Username: admin@dotcms.com
[15/05/23 23:57:30:785 UTC]  WARN rest.WebResource: InitDataObject Error: uri:/api/v1/graphql err:Authentication credentials are required
[15/05/23 23:57:30:785 UTC]  WARN rest.WebResource: Authentication credentials are required
[15/05/23 23:57:30:785 UTC]  WARN rest.WebResource: com.dotcms.rest.WebResource.authenticateUser(WebResource.java:633)
[15/05/23 23:57:30:785 UTC] ERROR exception.SecurityException: Authentication credentials are required
com.dotcms.rest.exception.SecurityException: Authentication credentials are required
	at com.dotcms.rest.WebResource.authenticateUser(WebResource.java:633) ~[dotcms_null.jar:?]
	at com.dotcms.rest.WebResource.authenticate(WebResource.java:495) ~[dotcms_null.jar:?]
	at com.dotcms.rest.WebResource.getCurrentUser(WebResource.java:424) ~[dotcms_null.jar:?]
	at com.dotcms.rest.WebResource.init(WebResource.java:353) ~[dotcms_null.jar:?]
	at com.dotcms.rest.WebResource$InitBuilder.init(WebResource.java:886) ~[dotcms_null.jar:?]
	at com.dotcms.graphql.DotGraphQLContextBuilder.build(DotGraphQLContextBuilder.java:24) ~[dotcms_null.jar:?]
	at graphql.kickstart.servlet.input.GraphQLInvocationInputFactory.create(GraphQLInvocationInputFactory.java:95) ~[graphql-java-servlet-9.1.0.jar:?]
	at graphql.kickstart.servlet.input.GraphQLInvocationInputFactory.create(GraphQLInvocationInputFactory.java:60) ~[graphql-java-servlet-9.1.0.jar:?]
	at graphql.kickstart.servlet.GraphQLPostInvocationInputParser.getGraphQLInvocationInput(GraphQLPostInvocationInputParser.java:36) ~[graphql-java-servlet-9.1.0.jar:?]
	at graphql.kickstart.servlet.HttpRequestHandlerImpl.handle(HttpRequestHandlerImpl.java:36) ~[graphql-java-servlet-9.1.0.jar:?]
	at graphql.kickstart.servlet.AbstractGraphQLHttpServlet.doRequest(AbstractGraphQLHttpServlet.java:147) ~[graphql-java-servlet-9.1.0.jar:?]
	at graphql.kickstart.servlet.AbstractGraphQLHttpServlet.doRequestAsync(AbstractGraphQLHttpServlet.java:137) ~[graphql-java-servlet-9.1.0.jar:?]
	at graphql.kickstart.servlet.AbstractGraphQLHttpServlet.doPost(AbstractGraphQLHttpServlet.java:169) ~[graphql-java-servlet-9.1.0.jar:?]
	at com.dotcms.graphql.DotGraphQLHttpServlet.doPost(DotGraphQLHttpServlet.java:64) ~[dotcms_null.jar:?]
	at javax.servlet.http.HttpServlet.service(HttpServlet.java:681) ~[servlet-api.jar:4.0.FR]
	at javax.servlet.http.HttpServlet.service(HttpServlet.java:764) ~[servlet-api.jar:4.0.FR]
	at org.apache.catalina.core.ApplicationFilterChain.internalDoFilter(ApplicationFilterChain.java:227) ~[catalina.jar:9.0.60]
	at org.apache.catalina.core.ApplicationFilterChain.doFilter(ApplicationFilterChain.java:162) ~[catalina.jar:9.0.60]
	at org.apache.tomcat.websocket.server.WsFilter.doFilter(WsFilter.java:53) ~[tomcat-websocket.jar:9.0.60]
	at org.apache.catalina.core.ApplicationFilterChain.internalDoFilter(ApplicationFilterChain.java:189) ~[catalina.jar:9.0.60]
	at org.apache.catalina.core.ApplicationFilterChain.doFilter(ApplicationFilterChain.java:162) ~[catalina.jar:9.0.60]
	at com.dotmarketing.filters.CMSFilter.doFilterInternal(CMSFilter.java:169) ~[dotcms_null.jar:?]
	at com.dotmarketing.filters.CMSFilter.doFilter(CMSFilter.java:49) ~[dotcms_null.jar:?]
	at org.apache.catalina.core.ApplicationFilterChain.internalDoFilter(ApplicationFilterChain.java:189) ~[catalina.jar:9.0.60]
	at org.apache.catalina.core.ApplicationFilterChain.doFilter(ApplicationFilterChain.java:162) ~[catalina.jar:9.0.60]
	at com.dotcms.filters.interceptor.AbstractWebInterceptorSupportFilter.doFilter(AbstractWebInterceptorSupportFilter.java:90) ~[dotcms_null.jar:?]
	at org.apache.catalina.core.ApplicationFilterChain.internalDoFilter(ApplicationFilterChain.java:189) ~[catalina.jar:9.0.60]
	at org.apache.catalina.core.ApplicationFilterChain.doFilter(ApplicationFilterChain.java:162) ~[catalina.jar:9.0.60]
	at com.dotcms.filters.interceptor.AbstractWebInterceptorSupportFilter.doFilter(AbstractWebInterceptorSupportFilter.java:90) ~[dotcms_null.jar:?]
	at org.apache.catalina.core.ApplicationFilterChain.internalDoFilter(ApplicationFilterChain.java:189) ~[catalina.jar:9.0.60]
	at org.apache.catalina.core.ApplicationFilterChain.doFilter(ApplicationFilterChain.java:162) ~[catalina.jar:9.0.60]
	at com.dotcms.visitor.filter.servlet.VisitorFilter.doFilter(VisitorFilter.java:81) ~[dotcms_null.jar:?]
	at org.apache.catalina.core.ApplicationFilterChain.internalDoFilter(ApplicationFilterChain.java:189) ~[catalina.jar:9.0.60]
	at org.apache.catalina.core.ApplicationFilterChain.doFilter(ApplicationFilterChain.java:162) ~[catalina.jar:9.0.60]
	at com.dotcms.vanityurl.filters.VanityURLFilter.doFilter(VanityURLFilter.java:114) ~[dotcms_null.jar:?]
	at org.apache.catalina.core.ApplicationFilterChain.internalDoFilter(ApplicationFilterChain.java:189) ~[catalina.jar:9.0.60]
	at org.apache.catalina.core.ApplicationFilterChain.doFilter(ApplicationFilterChain.java:162) ~[catalina.jar:9.0.60]
	at org.tuckey.web.filters.urlrewrite.RuleChain.handleRewrite(RuleChain.java:176) ~[urlrewritefilter-4.0.4.jar:4.0.4]
	at org.tuckey.web.filters.urlrewrite.RuleChain.doRules(RuleChain.java:145) ~[urlrewritefilter-4.0.4.jar:4.0.4]
	at org.tuckey.web.filters.urlrewrite.UrlRewriter.processRequest(UrlRewriter.java:92) ~[urlrewritefilter-4.0.4.jar:4.0.4]
	at org.tuckey.web.filters.urlrewrite.UrlRewriteFilter.doFilter(UrlRewriteFilter.java:389) ~[urlrewritefilter-4.0.4.jar:4.0.4]
	at org.apache.catalina.core.ApplicationFilterChain.internalDoFilter(ApplicationFilterChain.java:189) ~[catalina.jar:9.0.60]
	at org.apache.catalina.core.ApplicationFilterChain.doFilter(ApplicationFilterChain.java:162) ~[catalina.jar:9.0.60]
	at com.dotmarketing.filters.TimeMachineFilter.doFilter(TimeMachineFilter.java:67) ~[dotcms_null.jar:?]
	at org.apache.catalina.core.ApplicationFilterChain.internalDoFilter(ApplicationFilterChain.java:189) ~[catalina.jar:9.0.60]
	at org.apache.catalina.core.ApplicationFilterChain.doFilter(ApplicationFilterChain.java:162) ~[catalina.jar:9.0.60]
	at com.dotmarketing.filters.ThreadNameFilter.doFilter(ThreadNameFilter.java:88) ~[dotcms_null.jar:?]
	at org.apache.catalina.core.ApplicationFilterChain.internalDoFilter(ApplicationFilterChain.java:189) ~[catalina.jar:9.0.60]
	at org.apache.catalina.core.ApplicationFilterChain.doFilter(ApplicationFilterChain.java:162) ~[catalina.jar:9.0.60]
	at com.dotmarketing.filters.CookiesFilter.doFilter(CookiesFilter.java:53) ~[dotcms_null.jar:?]
	at org.apache.catalina.core.ApplicationFilterChain.internalDoFilter(ApplicationFilterChain.java:189) ~[catalina.jar:9.0.60]
	at org.apache.catalina.core.ApplicationFilterChain.doFilter(ApplicationFilterChain.java:162) ~[catalina.jar:9.0.60]
	at com.dotmarketing.filters.CharsetEncodingFilter.doFilter(CharsetEncodingFilter.java:99) ~[dotcms_null.jar:?]
	at org.apache.catalina.core.ApplicationFilterChain.internalDoFilter(ApplicationFilterChain.java:189) ~[catalina.jar:9.0.60]
	at org.apache.catalina.core.ApplicationFilterChain.doFilter(ApplicationFilterChain.java:162) ~[catalina.jar:9.0.60]
	at com.dotcms.filters.interceptor.AbstractWebInterceptorSupportFilter.doFilter(AbstractWebInterceptorSupportFilter.java:90) ~[dotcms_null.jar:?]
	at org.apache.catalina.core.ApplicationFilterChain.internalDoFilter(ApplicationFilterChain.java:189) ~[catalina.jar:9.0.60]
	at org.apache.catalina.core.ApplicationFilterChain.doFilter(ApplicationFilterChain.java:162) ~[catalina.jar:9.0.60]
	at org.apache.catalina.filters.HttpHeaderSecurityFilter.doFilter(HttpHeaderSecurityFilter.java:126) ~[catalina.jar:9.0.60]
	at org.apache.catalina.core.ApplicationFilterChain.internalDoFilter(ApplicationFilterChain.java:189) ~[catalina.jar:9.0.60]
	at org.apache.catalina.core.ApplicationFilterChain.doFilter(ApplicationFilterChain.java:162) ~[catalina.jar:9.0.60]
	at com.dotcms.filters.NormalizationFilter.doFilter(NormalizationFilter.java:88) ~[dotcms_null.jar:?]
	at org.apache.catalina.core.ApplicationFilterChain.internalDoFilter(ApplicationFilterChain.java:189) ~[catalina.jar:9.0.60]
	at org.apache.catalina.core.ApplicationFilterChain.doFilter(ApplicationFilterChain.java:162) ~[catalina.jar:9.0.60]
	at org.apache.catalina.core.StandardWrapperValve.invoke(StandardWrapperValve.java:197) ~[catalina.jar:9.0.60]
	at org.apache.catalina.core.StandardContextValve.invoke(StandardContextValve.java:97) ~[catalina.jar:9.0.60]
	at org.apache.catalina.authenticator.AuthenticatorBase.invoke(AuthenticatorBase.java:541) ~[catalina.jar:9.0.60]
	at org.apache.catalina.core.StandardHostValve.invoke(StandardHostValve.java:135) ~[catalina.jar:9.0.60]
	at org.apache.catalina.valves.AbstractAccessLogValve.invoke(AbstractAccessLogValve.java:687) ~[catalina.jar:9.0.60]
	at org.apache.catalina.valves.ErrorReportValve.invoke(ErrorReportValve.java:92) ~[catalina.jar:9.0.60]
	at org.apache.catalina.valves.RemoteIpValve.invoke(RemoteIpValve.java:769) ~[catalina.jar:9.0.60]
	at org.apache.catalina.core.StandardEngineValve.invoke(StandardEngineValve.java:78) ~[catalina.jar:9.0.60]
	at org.apache.catalina.connector.CoyoteAdapter.service(CoyoteAdapter.java:360) ~[catalina.jar:9.0.60]
	at org.apache.coyote.http11.Http11Processor.service(Http11Processor.java:399) ~[tomcat-coyote.jar:9.0.60]
	at org.apache.coyote.AbstractProcessorLight.process(AbstractProcessorLight.java:65) ~[tomcat-coyote.jar:9.0.60]
	at org.apache.coyote.AbstractProtocol$ConnectionHandler.process(AbstractProtocol.java:889) ~[tomcat-coyote.jar:9.0.60]
	at org.apache.tomcat.util.net.Nio2Endpoint$SocketProcessor.doRun(Nio2Endpoint.java:1701) ~[tomcat-coyote.jar:9.0.60]
	at org.apache.tomcat.util.net.SocketProcessorBase.run(SocketProcessorBase.java:49) ~[tomcat-coyote.jar:9.0.60]
	at org.apache.tomcat.util.net.AbstractEndpoint.processSocket(AbstractEndpoint.java:1190) ~[tomcat-coyote.jar:9.0.60]
	at org.apache.tomcat.util.net.Nio2Endpoint$Nio2SocketWrapper$2.completed(Nio2Endpoint.java:633) ~[tomcat-coyote.jar:9.0.60]
	at org.apache.tomcat.util.net.Nio2Endpoint$Nio2SocketWrapper$2.completed(Nio2Endpoint.java:611) ~[tomcat-coyote.jar:9.0.60]
	at sun.nio.ch.Invoker.invokeUnchecked(Invoker.java:127) ~[?:?]
	at sun.nio.ch.Invoker$2.run(Invoker.java:219) ~[?:?]
	at sun.nio.ch.AsynchronousChannelGroupImpl$1.run(AsynchronousChannelGroupImpl.java:112) ~[?:?]
	at java.util.concurrent.ThreadPoolExecutor.runWorker(ThreadPoolExecutor.java:1128) ~[?:?]
	at java.util.concurrent.ThreadPoolExecutor$Worker.run(ThreadPoolExecutor.java:628) ~[?:?]
	at java.lang.Thread.run(Thread.java:829) [?:?]
Caused by: com.liferay.portal.auth.AuthException
	at com.dotcms.cms.login.LoginServiceAPIFactory$LoginServiceImpl.doActionLogin(LoginServiceAPIFactory.java:299) ~[dotcms_null.jar:?]
	at com.dotcms.rest.WebResource.authenticateUser(WebResource.java:613) ~[dotcms_null.jar:?]
	... 86 more
[15/05/23 23:57:30:785 UTC]  INFO util.SecurityLogger: class com.dotcms.rest.api.v1.authentication.ResponseUtil : Authentication credentials are required -- ip:172.19.0.1,user:null
[15/05/23 23:57:39:059 UTC]  INFO util.SecurityLogger: class com.dotcms.cms.login.LoginServiceAPIFactory$LoginServiceImpl : An invalid attempt to login as dotcms.org.1 has been made from IP: 172.19.0.1 -- ip:172.19.0.1,user:null
[15/05/23 23:57:39:059 UTC]  WARN rest.WebResource: Request IP: 172.19.0.1. Can't authenticate user. Username: admin@dotcms.com
[15/05/23 23:57:39:059 UTC]  WARN rest.WebResource: InitDataObject Error: uri:/api/bundle err:Authentication credentials are required
[15/05/23 23:57:39:059 UTC]  WARN rest.WebResource: Authentication credentials are required
[15/05/23 23:57:39:059 UTC]  WARN rest.WebResource: com.dotcms.rest.WebResource.authenticateUser(WebResource.java:633)
[15/05/23 23:57:44:124 UTC]  INFO util.SecurityLogger: class com.dotcms.cms.login.LoginServiceAPIFactory$LoginServiceImpl : An invalid attempt to login as dotcms.org.1 has been made from IP: 172.19.0.1 -- ip:172.19.0.1,user:null
[15/05/23 23:57:44:124 UTC]  WARN rest.WebResource: Request IP: 172.19.0.1. Can't authenticate user. Username: admin@dotcms.com
[15/05/23 23:57:44:124 UTC]  WARN rest.WebResource: InitDataObject Error: uri:/api/v1/graphql err:Authentication credentials are required
[15/05/23 23:57:44:124 UTC]  WARN rest.WebResource: Authentication credentials are required
[15/05/23 23:57:44:124 UTC]  WARN rest.WebResource: com.dotcms.rest.WebResource.authenticateUser(WebResource.java:633)
[15/05/23 23:57:44:125 UTC] ERROR exception.SecurityException: Authentication credentials are required
com.dotcms.rest.exception.SecurityException: Authentication credentials are required
	at com.dotcms.rest.WebResource.authenticateUser(WebResource.java:633) ~[dotcms_null.jar:?]
	at com.dotcms.rest.WebResource.authenticate(WebResource.java:495) ~[dotcms_null.jar:?]
	at com.dotcms.rest.WebResource.getCurrentUser(WebResource.java:424) ~[dotcms_null.jar:?]
	at com.dotcms.rest.WebResource.init(WebResource.java:353) ~[dotcms_null.jar:?]
	at com.dotcms.rest.WebResource$InitBuilder.init(WebResource.java:886) ~[dotcms_null.jar:?]
	at com.dotcms.graphql.DotGraphQLContextBuilder.build(DotGraphQLContextBuilder.java:24) ~[dotcms_null.jar:?]
	at graphql.kickstart.servlet.input.GraphQLInvocationInputFactory.create(GraphQLInvocationInputFactory.java:95) ~[graphql-java-servlet-9.1.0.jar:?]
	at graphql.kickstart.servlet.input.GraphQLInvocationInputFactory.create(GraphQLInvocationInputFactory.java:60) ~[graphql-java-servlet-9.1.0.jar:?]
	at graphql.kickstart.servlet.GraphQLPostInvocationInputParser.getGraphQLInvocationInput(GraphQLPostInvocationInputParser.java:36) ~[graphql-java-servlet-9.1.0.jar:?]
	at graphql.kickstart.servlet.HttpRequestHandlerImpl.handle(HttpRequestHandlerImpl.java:36) ~[graphql-java-servlet-9.1.0.jar:?]
	at graphql.kickstart.servlet.AbstractGraphQLHttpServlet.doRequest(AbstractGraphQLHttpServlet.java:147) ~[graphql-java-servlet-9.1.0.jar:?]
	at graphql.kickstart.servlet.AbstractGraphQLHttpServlet.doRequestAsync(AbstractGraphQLHttpServlet.java:137) ~[graphql-java-servlet-9.1.0.jar:?]
	at graphql.kickstart.servlet.AbstractGraphQLHttpServlet.doPost(AbstractGraphQLHttpServlet.java:169) ~[graphql-java-servlet-9.1.0.jar:?]
	at com.dotcms.graphql.DotGraphQLHttpServlet.doPost(DotGraphQLHttpServlet.java:64) ~[dotcms_null.jar:?]
	at javax.servlet.http.HttpServlet.service(HttpServlet.java:681) ~[servlet-api.jar:4.0.FR]
	at javax.servlet.http.HttpServlet.service(HttpServlet.java:764) ~[servlet-api.jar:4.0.FR]
	at org.apache.catalina.core.ApplicationFilterChain.internalDoFilter(ApplicationFilterChain.java:227) ~[catalina.jar:9.0.60]
	at org.apache.catalina.core.ApplicationFilterChain.doFilter(ApplicationFilterChain.java:162) ~[catalina.jar:9.0.60]
	at org.apache.tomcat.websocket.server.WsFilter.doFilter(WsFilter.java:53) ~[tomcat-websocket.jar:9.0.60]
	at org.apache.catalina.core.ApplicationFilterChain.internalDoFilter(ApplicationFilterChain.java:189) ~[catalina.jar:9.0.60]
	at org.apache.catalina.core.ApplicationFilterChain.doFilter(ApplicationFilterChain.java:162) ~[catalina.jar:9.0.60]
	at com.dotmarketing.filters.CMSFilter.doFilterInternal(CMSFilter.java:169) ~[dotcms_null.jar:?]
	at com.dotmarketing.filters.CMSFilter.doFilter(CMSFilter.java:49) ~[dotcms_null.jar:?]
	at org.apache.catalina.core.ApplicationFilterChain.internalDoFilter(ApplicationFilterChain.java:189) ~[catalina.jar:9.0.60]
	at org.apache.catalina.core.ApplicationFilterChain.doFilter(ApplicationFilterChain.java:162) ~[catalina.jar:9.0.60]
	at com.dotcms.filters.interceptor.AbstractWebInterceptorSupportFilter.doFilter(AbstractWebInterceptorSupportFilter.java:90) ~[dotcms_null.jar:?]
	at org.apache.catalina.core.ApplicationFilterChain.internalDoFilter(ApplicationFilterChain.java:189) ~[catalina.jar:9.0.60]
	at org.apache.catalina.core.ApplicationFilterChain.doFilter(ApplicationFilterChain.java:162) ~[catalina.jar:9.0.60]
	at com.dotcms.filters.interceptor.AbstractWebInterceptorSupportFilter.doFilter(AbstractWebInterceptorSupportFilter.java:90) ~[dotcms_null.jar:?]
	at org.apache.catalina.core.ApplicationFilterChain.internalDoFilter(ApplicationFilterChain.java:189) ~[catalina.jar:9.0.60]
	at org.apache.catalina.core.ApplicationFilterChain.doFilter(ApplicationFilterChain.java:162) ~[catalina.jar:9.0.60]
	at com.dotcms.visitor.filter.servlet.VisitorFilter.doFilter(VisitorFilter.java:81) ~[dotcms_null.jar:?]
	at org.apache.catalina.core.ApplicationFilterChain.internalDoFilter(ApplicationFilterChain.java:189) ~[catalina.jar:9.0.60]
	at org.apache.catalina.core.ApplicationFilterChain.doFilter(ApplicationFilterChain.java:162) ~[catalina.jar:9.0.60]
	at com.dotcms.vanityurl.filters.VanityURLFilter.doFilter(VanityURLFilter.java:114) ~[dotcms_null.jar:?]
	at org.apache.catalina.core.ApplicationFilterChain.internalDoFilter(ApplicationFilterChain.java:189) ~[catalina.jar:9.0.60]
	at org.apache.catalina.core.ApplicationFilterChain.doFilter(ApplicationFilterChain.java:162) ~[catalina.jar:9.0.60]
	at org.tuckey.web.filters.urlrewrite.RuleChain.handleRewrite(RuleChain.java:176) ~[urlrewritefilter-4.0.4.jar:4.0.4]
	at org.tuckey.web.filters.urlrewrite.RuleChain.doRules(RuleChain.java:145) ~[urlrewritefilter-4.0.4.jar:4.0.4]
	at org.tuckey.web.filters.urlrewrite.UrlRewriter.processRequest(UrlRewriter.java:92) ~[urlrewritefilter-4.0.4.jar:4.0.4]
	at org.tuckey.web.filters.urlrewrite.UrlRewriteFilter.doFilter(UrlRewriteFilter.java:389) ~[urlrewritefilter-4.0.4.jar:4.0.4]
	at org.apache.catalina.core.ApplicationFilterChain.internalDoFilter(ApplicationFilterChain.java:189) ~[catalina.jar:9.0.60]
	at org.apache.catalina.core.ApplicationFilterChain.doFilter(ApplicationFilterChain.java:162) ~[catalina.jar:9.0.60]
	at com.dotmarketing.filters.TimeMachineFilter.doFilter(TimeMachineFilter.java:67) ~[dotcms_null.jar:?]
	at org.apache.catalina.core.ApplicationFilterChain.internalDoFilter(ApplicationFilterChain.java:189) ~[catalina.jar:9.0.60]
	at org.apache.catalina.core.ApplicationFilterChain.doFilter(ApplicationFilterChain.java:162) ~[catalina.jar:9.0.60]
	at com.dotmarketing.filters.ThreadNameFilter.doFilter(ThreadNameFilter.java:88) ~[dotcms_null.jar:?]
	at org.apache.catalina.core.ApplicationFilterChain.internalDoFilter(ApplicationFilterChain.java:189) ~[catalina.jar:9.0.60]
	at org.apache.catalina.core.ApplicationFilterChain.doFilter(ApplicationFilterChain.java:162) ~[catalina.jar:9.0.60]
	at com.dotmarketing.filters.CookiesFilter.doFilter(CookiesFilter.java:53) ~[dotcms_null.jar:?]
	at org.apache.catalina.core.ApplicationFilterChain.internalDoFilter(ApplicationFilterChain.java:189) ~[catalina.jar:9.0.60]
	at org.apache.catalina.core.ApplicationFilterChain.doFilter(ApplicationFilterChain.java:162) ~[catalina.jar:9.0.60]
	at com.dotmarketing.filters.CharsetEncodingFilter.doFilter(CharsetEncodingFilter.java:99) ~[dotcms_null.jar:?]
	at org.apache.catalina.core.ApplicationFilterChain.internalDoFilter(ApplicationFilterChain.java:189) ~[catalina.jar:9.0.60]
	at org.apache.catalina.core.ApplicationFilterChain.doFilter(ApplicationFilterChain.java:162) ~[catalina.jar:9.0.60]
	at com.dotcms.filters.interceptor.AbstractWebInterceptorSupportFilter.doFilter(AbstractWebInterceptorSupportFilter.java:90) ~[dotcms_null.jar:?]
	at org.apache.catalina.core.ApplicationFilterChain.internalDoFilter(ApplicationFilterChain.java:189) ~[catalina.jar:9.0.60]
	at org.apache.catalina.core.ApplicationFilterChain.doFilter(ApplicationFilterChain.java:162) ~[catalina.jar:9.0.60]
	at org.apache.catalina.filters.HttpHeaderSecurityFilter.doFilter(HttpHeaderSecurityFilter.java:126) ~[catalina.jar:9.0.60]
	at org.apache.catalina.core.ApplicationFilterChain.internalDoFilter(ApplicationFilterChain.java:189) ~[catalina.jar:9.0.60]
	at org.apache.catalina.core.ApplicationFilterChain.doFilter(ApplicationFilterChain.java:162) ~[catalina.jar:9.0.60]
	at com.dotcms.filters.NormalizationFilter.doFilter(NormalizationFilter.java:88) ~[dotcms_null.jar:?]
	at org.apache.catalina.core.ApplicationFilterChain.internalDoFilter(ApplicationFilterChain.java:189) ~[catalina.jar:9.0.60]
	at org.apache.catalina.core.ApplicationFilterChain.doFilter(ApplicationFilterChain.java:162) ~[catalina.jar:9.0.60]
	at org.apache.catalina.core.StandardWrapperValve.invoke(StandardWrapperValve.java:197) ~[catalina.jar:9.0.60]
	at org.apache.catalina.core.StandardContextValve.invoke(StandardContextValve.java:97) ~[catalina.jar:9.0.60]
	at org.apache.catalina.authenticator.AuthenticatorBase.invoke(AuthenticatorBase.java:541) ~[catalina.jar:9.0.60]
	at org.apache.catalina.core.StandardHostValve.invoke(StandardHostValve.java:135) ~[catalina.jar:9.0.60]
	at org.apache.catalina.valves.AbstractAccessLogValve.invoke(AbstractAccessLogValve.java:687) ~[catalina.jar:9.0.60]
	at org.apache.catalina.valves.ErrorReportValve.invoke(ErrorReportValve.java:92) ~[catalina.jar:9.0.60]
	at org.apache.catalina.valves.RemoteIpValve.invoke(RemoteIpValve.java:769) ~[catalina.jar:9.0.60]
	at org.apache.catalina.core.StandardEngineValve.invoke(StandardEngineValve.java:78) ~[catalina.jar:9.0.60]
	at org.apache.catalina.connector.CoyoteAdapter.service(CoyoteAdapter.java:360) ~[catalina.jar:9.0.60]
	at org.apache.coyote.http11.Http11Processor.service(Http11Processor.java:399) ~[tomcat-coyote.jar:9.0.60]
	at org.apache.coyote.AbstractProcessorLight.process(AbstractProcessorLight.java:65) ~[tomcat-coyote.jar:9.0.60]
	at org.apache.coyote.AbstractProtocol$ConnectionHandler.process(AbstractProtocol.java:889) ~[tomcat-coyote.jar:9.0.60]
	at org.apache.tomcat.util.net.Nio2Endpoint$SocketProcessor.doRun(Nio2Endpoint.java:1701) ~[tomcat-coyote.jar:9.0.60]
	at org.apache.tomcat.util.net.SocketProcessorBase.run(SocketProcessorBase.java:49) ~[tomcat-coyote.jar:9.0.60]
	at org.apache.tomcat.util.net.AbstractEndpoint.processSocket(AbstractEndpoint.java:1190) ~[tomcat-coyote.jar:9.0.60]
	at org.apache.tomcat.util.net.Nio2Endpoint$Nio2SocketWrapper$2.completed(Nio2Endpoint.java:633) ~[tomcat-coyote.jar:9.0.60]
	at org.apache.tomcat.util.net.Nio2Endpoint$Nio2SocketWrapper$2.completed(Nio2Endpoint.java:611) ~[tomcat-coyote.jar:9.0.60]
	at sun.nio.ch.Invoker.invokeUnchecked(Invoker.java:127) ~[?:?]
	at sun.nio.ch.Invoker$2.run(Invoker.java:219) ~[?:?]
	at sun.nio.ch.AsynchronousChannelGroupImpl$1.run(AsynchronousChannelGroupImpl.java:112) ~[?:?]
	at java.util.concurrent.ThreadPoolExecutor.runWorker(ThreadPoolExecutor.java:1128) ~[?:?]
	at java.util.concurrent.ThreadPoolExecutor$Worker.run(ThreadPoolExecutor.java:628) ~[?:?]
	at java.lang.Thread.run(Thread.java:829) [?:?]
Caused by: com.liferay.portal.auth.AuthException
	at com.dotcms.cms.login.LoginServiceAPIFactory$LoginServiceImpl.doActionLogin(LoginServiceAPIFactory.java:299) ~[dotcms_null.jar:?]
	at com.dotcms.rest.WebResource.authenticateUser(WebResource.java:613) ~[dotcms_null.jar:?]
	... 86 more
[15/05/23 23:57:44:125 UTC]  INFO util.SecurityLogger: class com.dotcms.rest.api.v1.authentication.ResponseUtil : Authentication credentials are required -- ip:172.19.0.1,user:null
[15/05/23 23:57:49:190 UTC]  INFO util.SecurityLogger: class com.dotcms.cms.login.LoginServiceAPIFactory$LoginServiceImpl : An invalid attempt to login as dotcms.org.1 has been made from IP: 172.19.0.1 -- ip:172.19.0.1,user:null
[15/05/23 23:57:49:190 UTC]  WARN rest.WebResource: Request IP: 172.19.0.1. Can't authenticate user. Username: admin@dotcms.com
[15/05/23 23:57:49:190 UTC]  WARN rest.WebResource: InitDataObject Error: uri:/api/bundle err:Authentication credentials are required
[15/05/23 23:57:49:190 UTC]  WARN rest.WebResource: Authentication credentials are required
[15/05/23 23:57:49:190 UTC]  WARN rest.WebResource: com.dotcms.rest.WebResource.authenticateUser(WebResource.java:633)
[15/05/23 23:57:54:240 UTC]  INFO util.SecurityLogger: class com.dotcms.cms.login.LoginServiceAPIFactory$LoginServiceImpl : An invalid attempt to login as dotcms.org.1 has been made from IP: 172.19.0.1 -- ip:172.19.0.1,user:null
[15/05/23 23:57:54:240 UTC]  WARN rest.WebResource: Request IP: 172.19.0.1. Can't authenticate user. Username: admin@dotcms.com
[15/05/23 23:57:54:241 UTC]  WARN rest.WebResource: InitDataObject Error: uri:/api/bundle err:Authentication credentials are required
[15/05/23 23:57:54:241 UTC]  WARN rest.WebResource: Authentication credentials are required
[15/05/23 23:57:54:241 UTC]  WARN rest.WebResource: com.dotcms.rest.WebResource.authenticateUser(WebResource.java:633)
[15/05/23 23:57:59:288 UTC]  INFO util.SecurityLogger: class com.dotcms.cms.login.LoginServiceAPIFactory$LoginServiceImpl : An invalid attempt to login as dotcms.org.1 has been made from IP: 172.19.0.1 -- ip:172.19.0.1,user:null
[15/05/23 23:57:59:288 UTC]  WARN rest.WebResource: Request IP: 172.19.0.1. Can't authenticate user. Username: admin@dotcms.com
[15/05/23 23:57:59:289 UTC]  WARN rest.WebResource: InitDataObject Error: uri:/api/bundle err:Authentication credentials are required
[15/05/23 23:57:59:289 UTC]  WARN rest.WebResource: Authentication credentials are required
[15/05/23 23:57:59:289 UTC]  WARN rest.WebResource: com.dotcms.rest.WebResource.authenticateUser(WebResource.java:633)
[15/05/23 23:58:00:051 UTC]  WARN business.ESContentFactoryImpl: ----------------------------------------------
[15/05/23 23:58:00:051 UTC]  WARN business.ESContentFactoryImpl: Elasticsearch SEARCH error in index 'cluster_4aff2c937d.live_20230515235440'
[15/05/23 23:58:00:051 UTC]  WARN business.ESContentFactoryImpl: Thread: dotCMSQuartz_Worker-10
[15/05/23 23:58:00:051 UTC]  WARN business.ESContentFactoryImpl: ES Query: {"size":10000,"timeout":"15000ms","query":{"query_string":{"query":"+live:true +deleted:false +expdate:[1969-12-31t18:00:00-0000 TO 2023-05-15t23:58:00+0000]","fields":[],"type":"best_fields","default_operator":"or","max_determinized_states":10000,"enable_position_increments":true,"fuzziness":"AUTO","fuzzy_prefix_length":0,"fuzzy_max_expansions":50,"phrase_slop":0,"escape":false,"auto_generate_synonyms_phrase_query":true,"fuzzy_transpositions":true,"boost":1.0}},"_source":{"includes":["inode","identifier"],"excludes":[]},"sort":[{"moddate":{"order":"desc"}}],"track_total_hits":10000000}
[15/05/23 23:58:00:051 UTC]  WARN business.ESContentFactoryImpl: Class org.elasticsearch.ElasticsearchStatusException: Elasticsearch exception [type=illegal_argument_exception, reason=Text fields are not optimised for operations that require per-document field data like aggregations and sorting, so these operations are disabled by default. Please use a keyword field instead. Alternatively, set fielddata=true on [moddate] in order to load field data by uninverting the inverted index. Note that this can use significant memory.]
[15/05/23 23:58:00:051 UTC]  WARN business.ESContentFactoryImpl: ----------------------------------------------
[15/05/23 23:58:04:339 UTC]  INFO util.SecurityLogger: class com.dotcms.cms.login.LoginServiceAPIFactory$LoginServiceImpl : An invalid attempt to login as dotcms.org.1 has been made from IP: 172.19.0.1 -- ip:172.19.0.1,user:null
[15/05/23 23:58:04:339 UTC]  WARN rest.WebResource: Request IP: 172.19.0.1. Can't authenticate user. Username: admin@dotcms.com
[15/05/23 23:58:04:339 UTC]  WARN rest.WebResource: InitDataObject Error: uri:/api/bundle err:Authentication credentials are required
[15/05/23 23:58:04:339 UTC]  WARN rest.WebResource: Authentication credentials are required
[15/05/23 23:58:04:339 UTC]  WARN rest.WebResource: com.dotcms.rest.WebResource.authenticateUser(WebResource.java:633)
[15/05/23 23:58:09:767 UTC]  INFO util.SecurityLogger: class com.dotcms.cms.login.LoginServiceAPIFactory$LoginServiceImpl : An invalid attempt to login as dotcms.org.1 has been made from IP: 172.19.0.1 -- ip:172.19.0.1,user:null
[15/05/23 23:58:09:767 UTC]  WARN rest.WebResource: Request IP: 172.19.0.1. Can't authenticate user. Username: admin@dotcms.com
[15/05/23 23:58:09:767 UTC]  WARN rest.WebResource: InitDataObject Error: uri:/api/bundle err:Authentication credentials are required
[15/05/23 23:58:09:767 UTC]  WARN rest.WebResource: Authentication credentials are required
[15/05/23 23:58:09:768 UTC]  WARN rest.WebResource: com.dotcms.rest.WebResource.authenticateUser(WebResource.java:633)
[15/05/23 23:58:14:833 UTC]  INFO util.SecurityLogger: class com.dotcms.cms.login.LoginServiceAPIFactory$LoginServiceImpl : An invalid attempt to login as dotcms.org.1 has been made from IP: 172.19.0.1 -- ip:172.19.0.1,user:null
[15/05/23 23:58:14:833 UTC]  WARN rest.WebResource: Request IP: 172.19.0.1. Can't authenticate user. Username: admin@dotcms.com
[15/05/23 23:58:14:833 UTC]  WARN rest.WebResource: InitDataObject Error: uri:/api/bundle err:Authentication credentials are required
[15/05/23 23:58:14:833 UTC]  WARN rest.WebResource: Authentication credentials are required
[15/05/23 23:58:14:834 UTC]  WARN rest.WebResource: com.dotcms.rest.WebResource.authenticateUser(WebResource.java:633)
[15/05/23 23:58:19:901 UTC]  INFO util.SecurityLogger: class com.dotcms.cms.login.LoginServiceAPIFactory$LoginServiceImpl : An invalid attempt to login as dotcms.org.1 has been made from IP: 172.19.0.1 -- ip:172.19.0.1,user:null
[15/05/23 23:58:19:901 UTC]  WARN rest.WebResource: Request IP: 172.19.0.1. Can't authenticate user. Username: admin@dotcms.com
[15/05/23 23:58:19:901 UTC]  WARN rest.WebResource: InitDataObject Error: uri:/api/bundle err:Authentication credentials are required
[15/05/23 23:58:19:901 UTC]  WARN rest.WebResource: Authentication credentials are required
[15/05/23 23:58:19:901 UTC]  WARN rest.WebResource: com.dotcms.rest.WebResource.authenticateUser(WebResource.java:633)
[15/05/23 23:58:19:974 UTC]  WARN business.ESContentFactoryImpl: ----------------------------------------------
[15/05/23 23:58:19:974 UTC]  WARN business.ESContentFactoryImpl: Elasticsearch SEARCH error in index 'cluster_4aff2c937d.live_20230515235440'
[15/05/23 23:58:19:974 UTC]  WARN business.ESContentFactoryImpl: Thread: url:POST//default/api/v1/graphql | lang:1 | ip:172.19.0.1 | Admin:false | start:05-15-2023 11:55:13 UTC
[15/05/23 23:58:19:975 UTC]  WARN business.ESContentFactoryImpl: ES Query: {"size":100,"timeout":"15000ms","query":{"query_string":{"query":"+basetype:5 +identifier:9c5f42da-31b1-4935-9df6-153f5de1bdf2 +((+owner:anonymous +ownercanread:true) (permissions:p654b0931-1027-41f7-ad4d-173115ed8ec1.1p* permissions:p999cd6bf-5cef-4729-8543-696086143884.1p* permissions:pedecd377-2321-4803-aa8b-89797dd0d61f.1p* ) (permissions:p654b0931-1027-41f7-ad4d-173115ed8ec1.1p*) (permissions:p999cd6bf-5cef-4729-8543-696086143884.1p*)) +live:true","fields":[],"type":"best_fields","default_operator":"or","max_determinized_states":10000,"enable_position_increments":true,"fuzziness":"AUTO","fuzzy_prefix_length":0,"fuzzy_max_expansions":50,"phrase_slop":0,"escape":false,"auto_generate_synonyms_phrase_query":true,"fuzzy_transpositions":true,"boost":1.0}},"_source":{"includes":["inode","identifier"],"excludes":[]},"sort":[{"moddate":{"order":"desc"}}],"track_total_hits":10000000}
[15/05/23 23:58:19:975 UTC]  WARN business.ESContentFactoryImpl: Class org.elasticsearch.ElasticsearchStatusException: Elasticsearch exception [type=illegal_argument_exception, reason=Text fields are not optimised for operations that require per-document field data like aggregations and sorting, so these operations are disabled by default. Please use a keyword field instead. Alternatively, set fielddata=true on [moddate] in order to load field data by uninverting the inverted index. Note that this can use significant memory.]
[15/05/23 23:58:19:975 UTC]  WARN business.ESContentFactoryImpl: ----------------------------------------------
[15/05/23 23:58:20:111 UTC]  WARN business.ESContentFactoryImpl: ----------------------------------------------
[15/05/23 23:58:20:112 UTC]  WARN business.ESContentFactoryImpl: Elasticsearch SEARCH error in index 'cluster_4aff2c937d.live_20230515235440'
[15/05/23 23:58:20:112 UTC]  WARN business.ESContentFactoryImpl: Thread: url:POST//default/api/v1/graphql | lang:1 | ip:172.19.0.1 | Admin:false | start:05-15-2023 11:55:08 UTC
[15/05/23 23:58:20:114 UTC]  WARN business.ESContentFactoryImpl: ES Query: {"size":100,"timeout":"15000ms","query":{"query_string":{"query":"+basetype:6 +identifier:d948d85c-3bc8-4d85-b0aa-0e989b9ae235 +((+owner:anonymous +ownercanread:true) (permissions:p654b0931-1027-41f7-ad4d-173115ed8ec1.1p* permissions:p999cd6bf-5cef-4729-8543-696086143884.1p* permissions:pedecd377-2321-4803-aa8b-89797dd0d61f.1p* ) (permissions:p654b0931-1027-41f7-ad4d-173115ed8ec1.1p*) (permissions:p999cd6bf-5cef-4729-8543-696086143884.1p*)) +live:true","fields":[],"type":"best_fields","default_operator":"or","max_determinized_states":10000,"enable_position_increments":true,"fuzziness":"AUTO","fuzzy_prefix_length":0,"fuzzy_max_expansions":50,"phrase_slop":0,"escape":false,"auto_generate_synonyms_phrase_query":true,"fuzzy_transpositions":true,"boost":1.0}},"_source":{"includes":["inode","identifier"],"excludes":[]},"sort":[{"moddate":{"order":"desc"}}],"track_total_hits":10000000}
[15/05/23 23:58:20:114 UTC]  WARN business.ESContentFactoryImpl: Class org.elasticsearch.ElasticsearchStatusException: Elasticsearch exception [type=illegal_argument_exception, reason=Text fields are not optimised for operations that require per-document field data like aggregations and sorting, so these operations are disabled by default. Please use a keyword field instead. Alternatively, set fielddata=true on [moddate] in order to load field data by uninverting the inverted index. Note that this can use significant memory.]
[15/05/23 23:58:20:114 UTC]  WARN business.ESContentFactoryImpl: ----------------------------------------------
[15/05/23 23:58:20:163 UTC]  WARN business.ESContentFactoryImpl: ----------------------------------------------
[15/05/23 23:58:20:164 UTC]  WARN business.ESContentFactoryImpl: Elasticsearch SEARCH error in index 'cluster_4aff2c937d.live_20230515235440'
[15/05/23 23:58:20:164 UTC]  WARN business.ESContentFactoryImpl: Thread: url:POST//default/api/v1/graphql | lang:1 | ip:172.19.0.1 | Admin:false | start:05-15-2023 11:54:57 UTC
[15/05/23 23:58:20:165 UTC]  WARN business.ESContentFactoryImpl: ES Query: {"size":100,"timeout":"15000ms","query":{"query_string":{"query":"+basetype:4 +identifier:0e480a8c-48bf-45a9-81b0-c8e2dd8aabd2 +((+owner:anonymous +ownercanread:true) (permissions:p654b0931-1027-41f7-ad4d-173115ed8ec1.1p* permissions:p999cd6bf-5cef-4729-8543-696086143884.1p* permissions:pedecd377-2321-4803-aa8b-89797dd0d61f.1p* ) (permissions:p654b0931-1027-41f7-ad4d-173115ed8ec1.1p*) (permissions:p999cd6bf-5cef-4729-8543-696086143884.1p*)) +live:true","fields":[],"type":"best_fields","default_operator":"or","max_determinized_states":10000,"enable_position_increments":true,"fuzziness":"AUTO","fuzzy_prefix_length":0,"fuzzy_max_expansions":50,"phrase_slop":0,"escape":false,"auto_generate_synonyms_phrase_query":true,"fuzzy_transpositions":true,"boost":1.0}},"_source":{"includes":["inode","identifier"],"excludes":[]},"sort":[{"moddate":{"order":"desc"}}],"track_total_hits":10000000}
[15/05/23 23:58:20:165 UTC]  WARN business.ESContentFactoryImpl: Class org.elasticsearch.ElasticsearchStatusException: Elasticsearch exception [type=illegal_argument_exception, reason=Text fields are not optimised for operations that require per-document field data like aggregations and sorting, so these operations are disabled by default. Please use a keyword field instead. Alternatively, set fielddata=true on [moddate] in order to load field data by uninverting the inverted index. Note that this can use significant memory.]
[15/05/23 23:58:20:165 UTC]  WARN business.ESContentFactoryImpl: ----------------------------------------------
[15/05/23 23:58:20:216 UTC]  WARN business.ESContentFactoryImpl: ----------------------------------------------
[15/05/23 23:58:20:217 UTC]  WARN business.ESContentFactoryImpl: Elasticsearch SEARCH error in index 'cluster_4aff2c937d.live_20230515235440'
[15/05/23 23:58:20:218 UTC]  WARN business.ESContentFactoryImpl: Thread: url:POST//default/api/v1/graphql | lang:1 | ip:172.19.0.1 | Admin:false | start:05-15-2023 11:55:13 UTC
[15/05/23 23:58:20:222 UTC]  WARN business.ESContentFactoryImpl: ES Query: {"size":100,"timeout":"15000ms","query":{"query_string":{"query":"+basetype:8 +identifier:7c4be356-0feb-4aa8-9081-c89ceba0212d +((+owner:anonymous +ownercanread:true) (permissions:p654b0931-1027-41f7-ad4d-173115ed8ec1.1p* permissions:p999cd6bf-5cef-4729-8543-696086143884.1p* permissions:pedecd377-2321-4803-aa8b-89797dd0d61f.1p* ) (permissions:p654b0931-1027-41f7-ad4d-173115ed8ec1.1p*) (permissions:p999cd6bf-5cef-4729-8543-696086143884.1p*)) +live:true","fields":[],"type":"best_fields","default_operator":"or","max_determinized_states":10000,"enable_position_increments":true,"fuzziness":"AUTO","fuzzy_prefix_length":0,"fuzzy_max_expansions":50,"phrase_slop":0,"escape":false,"auto_generate_synonyms_phrase_query":true,"fuzzy_transpositions":true,"boost":1.0}},"_source":{"includes":["inode","identifier"],"excludes":[]},"sort":[{"moddate":{"order":"desc"}}],"track_total_hits":10000000}
[15/05/23 23:58:20:223 UTC]  WARN business.ESContentFactoryImpl: Class org.elasticsearch.ElasticsearchStatusException: Elasticsearch exception [type=illegal_argument_exception, reason=Text fields are not optimised for operations that require per-document field data like aggregations and sorting, so these operations are disabled by default. Please use a keyword field instead. Alternatively, set fielddata=true on [moddate] in order to load field data by uninverting the inverted index. Note that this can use significant memory.]
[15/05/23 23:58:20:223 UTC]  WARN business.ESContentFactoryImpl: ----------------------------------------------
[15/05/23 23:58:20:264 UTC]  WARN business.ESContentFactoryImpl: ----------------------------------------------
[15/05/23 23:58:20:265 UTC]  WARN business.ESContentFactoryImpl: Elasticsearch SEARCH error in index 'cluster_4aff2c937d.live_20230515235440'
[15/05/23 23:58:20:265 UTC]  WARN business.ESContentFactoryImpl: Thread: url:POST//default/api/v1/graphql | lang:1 | ip:172.19.0.1 | Admin:false | start:05-15-2023 11:55:08 UTC
[15/05/23 23:58:20:265 UTC]  WARN business.ESContentFactoryImpl: ES Query: {"size":100,"timeout":"15000ms","query":{"query_string":{"query":"+basetype:2 +identifier:7c9cb3a7-bb68-4fd0-b21d-03ec4be491a7 +((+owner:anonymous +ownercanread:true) (permissions:p654b0931-1027-41f7-ad4d-173115ed8ec1.1p* permissions:p999cd6bf-5cef-4729-8543-696086143884.1p* permissions:pedecd377-2321-4803-aa8b-89797dd0d61f.1p* ) (permissions:p654b0931-1027-41f7-ad4d-173115ed8ec1.1p*) (permissions:p999cd6bf-5cef-4729-8543-696086143884.1p*)) +live:true","fields":[],"type":"best_fields","default_operator":"or","max_determinized_states":10000,"enable_position_increments":true,"fuzziness":"AUTO","fuzzy_prefix_length":0,"fuzzy_max_expansions":50,"phrase_slop":0,"escape":false,"auto_generate_synonyms_phrase_query":true,"fuzzy_transpositions":true,"boost":1.0}},"_source":{"includes":["inode","identifier"],"excludes":[]},"sort":[{"moddate":{"order":"desc"}}],"track_total_hits":10000000}
[15/05/23 23:58:20:266 UTC]  WARN business.ESContentFactoryImpl: Class org.elasticsearch.ElasticsearchStatusException: Elasticsearch exception [type=illegal_argument_exception, reason=Text fields are not optimised for operations that require per-document field data like aggregations and sorting, so these operations are disabled by default. Please use a keyword field instead. Alternatively, set fielddata=true on [moddate] in order to load field data by uninverting the inverted index. Note that this can use significant memory.]
[15/05/23 23:58:20:266 UTC]  WARN business.ESContentFactoryImpl: ----------------------------------------------
[15/05/23 23:58:20:316 UTC]  WARN business.ESContentFactoryImpl: ----------------------------------------------
[15/05/23 23:58:20:317 UTC]  WARN business.ESContentFactoryImpl: Elasticsearch SEARCH error in index 'cluster_4aff2c937d.live_20230515235440'
[15/05/23 23:58:20:317 UTC]  WARN business.ESContentFactoryImpl: Thread: url:POST//default/api/v1/graphql | lang:1 | ip:172.19.0.1 | Admin:false | start:05-15-2023 11:54:57 UTC
[15/05/23 23:58:20:318 UTC]  WARN business.ESContentFactoryImpl: ES Query: {"size":100,"timeout":"15000ms","query":{"query_string":{"query":"+basetype:7 +identifier:33eb028c6ae3da766b07e56b132ca11a +((+owner:anonymous +ownercanread:true) (permissions:p654b0931-1027-41f7-ad4d-173115ed8ec1.1p* permissions:p999cd6bf-5cef-4729-8543-696086143884.1p* permissions:pedecd377-2321-4803-aa8b-89797dd0d61f.1p* ) (permissions:p654b0931-1027-41f7-ad4d-173115ed8ec1.1p*) (permissions:p999cd6bf-5cef-4729-8543-696086143884.1p*)) +live:true","fields":[],"type":"best_fields","default_operator":"or","max_determinized_states":10000,"enable_position_increments":true,"fuzziness":"AUTO","fuzzy_prefix_length":0,"fuzzy_max_expansions":50,"phrase_slop":0,"escape":false,"auto_generate_synonyms_phrase_query":true,"fuzzy_transpositions":true,"boost":1.0}},"_source":{"includes":["inode","identifier"],"excludes":[]},"sort":[{"moddate":{"order":"desc"}}],"track_total_hits":10000000}
[15/05/23 23:58:20:318 UTC]  WARN business.ESContentFactoryImpl: Class org.elasticsearch.ElasticsearchStatusException: Elasticsearch exception [type=illegal_argument_exception, reason=Text fields are not optimised for operations that require per-document field data like aggregations and sorting, so these operations are disabled by default. Please use a keyword field instead. Alternatively, set fielddata=true on [moddate] in order to load field data by uninverting the inverted index. Note that this can use significant memory.]
[15/05/23 23:58:20:319 UTC]  WARN business.ESContentFactoryImpl: ----------------------------------------------
[15/05/23 23:58:20:363 UTC]  WARN business.ESContentFactoryImpl: ----------------------------------------------
[15/05/23 23:58:20:363 UTC]  WARN business.ESContentFactoryImpl: Elasticsearch SEARCH error in index 'cluster_4aff2c937d.live_20230515235440'
[15/05/23 23:58:20:364 UTC]  WARN business.ESContentFactoryImpl: Thread: url:POST//default/api/v1/graphql | lang:1 | ip:172.19.0.1 | Admin:false | start:05-15-2023 11:55:13 UTC
[15/05/23 23:58:20:365 UTC]  WARN business.ESContentFactoryImpl: ES Query: {"size":100,"timeout":"15000ms","query":{"query_string":{"query":"+basetype:9 +identifier:875de0bd-8cbb-45fb-8daa-dc82c12c0d57 +((+owner:anonymous +ownercanread:true) (permissions:p654b0931-1027-41f7-ad4d-173115ed8ec1.1p* permissions:p999cd6bf-5cef-4729-8543-696086143884.1p* permissions:pedecd377-2321-4803-aa8b-89797dd0d61f.1p* ) (permissions:p654b0931-1027-41f7-ad4d-173115ed8ec1.1p*) (permissions:p999cd6bf-5cef-4729-8543-696086143884.1p*)) +live:true","fields":[],"type":"best_fields","default_operator":"or","max_determinized_states":10000,"enable_position_increments":true,"fuzziness":"AUTO","fuzzy_prefix_length":0,"fuzzy_max_expansions":50,"phrase_slop":0,"escape":false,"auto_generate_synonyms_phrase_query":true,"fuzzy_transpositions":true,"boost":1.0}},"_source":{"includes":["inode","identifier"],"excludes":[]},"sort":[{"moddate":{"order":"desc"}}],"track_total_hits":10000000}
[15/05/23 23:58:20:365 UTC]  WARN business.ESContentFactoryImpl: Class org.elasticsearch.ElasticsearchStatusException: Elasticsearch exception [type=illegal_argument_exception, reason=Text fields are not optimised for operations that require per-document field data like aggregations and sorting, so these operations are disabled by default. Please use a keyword field instead. Alternatively, set fielddata=true on [moddate] in order to load field data by uninverting the inverted index. Note that this can use significant memory.]
[15/05/23 23:58:20:366 UTC]  WARN business.ESContentFactoryImpl: ----------------------------------------------
[15/05/23 23:58:25:618 UTC]  INFO util.SecurityLogger: class com.dotcms.cms.login.LoginServiceAPIFactory$LoginServiceImpl : An invalid attempt to login as dotcms.org.1 has been made from IP: 172.19.0.1 -- ip:172.19.0.1,user:null
[15/05/23 23:58:25:618 UTC]  WARN rest.WebResource: Request IP: 172.19.0.1. Can't authenticate user. Username: admin@dotcms.com
[15/05/23 23:58:30:689 UTC]  INFO util.SecurityLogger: class com.dotcms.cms.login.LoginServiceAPIFactory$LoginServiceImpl : An invalid attempt to login as dotcms.org.1 has been made from IP: 172.19.0.1 -- ip:172.19.0.1,user:null
[15/05/23 23:58:30:689 UTC]  WARN rest.WebResource: Request IP: 172.19.0.1. Can't authenticate user. Username: admin@dotcms.com
[15/05/23 23:58:30:882 UTC]  WARN rest.WebResource: InitDataObject Error: uri:/api/v1/workflow/actions/default/fire/PUBLISH err:CONTENT_APIS_ALLOW_ANONYMOUS permission exceeded - system set to READ but WRITE was required
[15/05/23 23:58:30:882 UTC]  WARN rest.WebResource: CONTENT_APIS_ALLOW_ANONYMOUS permission exceeded - system set to READ but WRITE was required
[15/05/23 23:58:30:882 UTC]  WARN rest.WebResource: com.dotcms.rest.WebResource.init(WebResource.java:361)
[15/05/23 23:58:41:007 UTC]  INFO util.SecurityLogger: class com.dotcms.cms.login.LoginServiceAPIFactory$LoginServiceImpl : An invalid attempt to login as dotcms.org.1 has been made from IP: 172.19.0.1 -- ip:172.19.0.1,user:null
[15/05/23 23:58:41:007 UTC]  WARN rest.WebResource: Request IP: 172.19.0.1. Can't authenticate user. Username: admin@dotcms.com
[15/05/23 23:58:46:103 UTC]  INFO util.SecurityLogger: class com.dotcms.cms.login.LoginServiceAPIFactory$LoginServiceImpl : An invalid attempt to login as dotcms.org.1 has been made from IP: 172.19.0.1 -- ip:172.19.0.1,user:null
[15/05/23 23:58:46:103 UTC]  WARN rest.WebResource: Request IP: 172.19.0.1. Can't authenticate user. Username: admin@dotcms.com
[15/05/23 23:58:46:136 UTC]  WARN rest.WebResource: InitDataObject Error: uri:/api/v1/workflow/actions/default/fire/PUBLISH err:CONTENT_APIS_ALLOW_ANONYMOUS permission exceeded - system set to READ but WRITE was required
[15/05/23 23:58:46:136 UTC]  WARN rest.WebResource: CONTENT_APIS_ALLOW_ANONYMOUS permission exceeded - system set to READ but WRITE was required
[15/05/23 23:58:46:137 UTC]  WARN rest.WebResource: com.dotcms.rest.WebResource.init(WebResource.java:361)
[15/05/23 23:58:46:180 UTC]  WARN rest.WebResource: InitDataObject Error: uri:/api/v1/workflow/actions/default/fire/PUBLISH err:CONTENT_APIS_ALLOW_ANONYMOUS permission exceeded - system set to READ but WRITE was required
[15/05/23 23:58:46:181 UTC]  WARN rest.WebResource: CONTENT_APIS_ALLOW_ANONYMOUS permission exceeded - system set to READ but WRITE was required
[15/05/23 23:58:46:181 UTC]  WARN rest.WebResource: com.dotcms.rest.WebResource.init(WebResource.java:361)
[15/05/23 23:58:46:220 UTC]  WARN rest.WebResource: InitDataObject Error: uri:/api/v1/workflow/actions/default/fire/PUBLISH err:CONTENT_APIS_ALLOW_ANONYMOUS permission exceeded - system set to READ but WRITE was required
[15/05/23 23:58:46:220 UTC]  WARN rest.WebResource: CONTENT_APIS_ALLOW_ANONYMOUS permission exceeded - system set to READ but WRITE was required
[15/05/23 23:58:46:221 UTC]  WARN rest.WebResource: com.dotcms.rest.WebResource.init(WebResource.java:361)
[15/05/23 23:58:51:343 UTC]  INFO util.SecurityLogger: class com.dotcms.cms.login.LoginServiceAPIFactory$LoginServiceImpl : An invalid attempt to login as dotcms.org.1 has been made from IP: 172.19.0.1 -- ip:172.19.0.1,user:null
[15/05/23 23:58:51:343 UTC]  WARN rest.WebResource: Request IP: 172.19.0.1. Can't authenticate user. Username: admin@dotcms.com
[15/05/23 23:58:51:343 UTC]  WARN rest.WebResource: InitDataObject Error: uri:/api/bundle err:Authentication credentials are required
[15/05/23 23:58:51:343 UTC]  WARN rest.WebResource: Authentication credentials are required
[15/05/23 23:58:51:344 UTC]  WARN rest.WebResource: com.dotcms.rest.WebResource.authenticateUser(WebResource.java:633)
[15/05/23 23:59:00:036 UTC]  WARN business.ESContentFactoryImpl: ----------------------------------------------
[15/05/23 23:59:00:036 UTC]  WARN business.ESContentFactoryImpl: Elasticsearch SEARCH error in index 'cluster_4aff2c937d.live_20230515235440'
[15/05/23 23:59:00:036 UTC]  WARN business.ESContentFactoryImpl: Thread: dotCMSQuartz_Worker-1
[15/05/23 23:59:00:036 UTC]  WARN business.ESContentFactoryImpl: ES Query: {"size":10000,"timeout":"15000ms","query":{"query_string":{"query":"+live:true +deleted:false +expdate:[1969-12-31t18:00:00-0000 TO 2023-05-15t23:59:00+0000]","fields":[],"type":"best_fields","default_operator":"or","max_determinized_states":10000,"enable_position_increments":true,"fuzziness":"AUTO","fuzzy_prefix_length":0,"fuzzy_max_expansions":50,"phrase_slop":0,"escape":false,"auto_generate_synonyms_phrase_query":true,"fuzzy_transpositions":true,"boost":1.0}},"_source":{"includes":["inode","identifier"],"excludes":[]},"sort":[{"moddate":{"order":"desc"}}],"track_total_hits":10000000}
[15/05/23 23:59:00:036 UTC]  WARN business.ESContentFactoryImpl: Class org.elasticsearch.ElasticsearchStatusException: Elasticsearch exception [type=illegal_argument_exception, reason=Text fields are not optimised for operations that require per-document field data like aggregations and sorting, so these operations are disabled by default. Please use a keyword field instead. Alternatively, set fielddata=true on [moddate] in order to load field data by uninverting the inverted index. Note that this can use significant memory.]
[15/05/23 23:59:00:036 UTC]  WARN business.ESContentFactoryImpl: ----------------------------------------------
[15/05/23 23:59:01:476 UTC]  INFO util.SecurityLogger: class com.dotcms.cms.login.LoginServiceAPIFactory$LoginServiceImpl : An invalid attempt to login as dotcms.org.1 has been made from IP: 172.19.0.1 -- ip:172.19.0.1,user:null
[15/05/23 23:59:01:476 UTC]  WARN rest.WebResource: Request IP: 172.19.0.1. Can't authenticate user. Username: admin@dotcms.com
[15/05/23 23:59:06:531 UTC]  INFO util.SecurityLogger: class com.dotcms.cms.login.LoginServiceAPIFactory$LoginServiceImpl : An invalid attempt to login as dotcms.org.1 has been made from IP: 172.19.0.1 -- ip:172.19.0.1,user:null
[15/05/23 23:59:06:531 UTC]  WARN rest.WebResource: Request IP: 172.19.0.1. Can't authenticate user. Username: admin@dotcms.com
[15/05/23 23:59:11:625 UTC]  INFO util.SecurityLogger: class com.dotcms.cms.login.LoginServiceAPIFactory$LoginServiceImpl : An invalid attempt to login as dotcms.org.1 has been made from IP: 172.19.0.1 -- ip:172.19.0.1,user:null
[15/05/23 23:59:11:625 UTC]  WARN rest.WebResource: Request IP: 172.19.0.1. Can't authenticate user. Username: admin@dotcms.com
[15/05/23 23:59:11:659 UTC]  WARN rest.WebResource: InitDataObject Error: uri:/api/v1/workflow/actions/default/fire/PUBLISH err:CONTENT_APIS_ALLOW_ANONYMOUS permission exceeded - system set to READ but WRITE was required
[15/05/23 23:59:11:660 UTC]  WARN rest.WebResource: CONTENT_APIS_ALLOW_ANONYMOUS permission exceeded - system set to READ but WRITE was required
[15/05/23 23:59:11:660 UTC]  WARN rest.WebResource: com.dotcms.rest.WebResource.init(WebResource.java:361)
[15/05/23 23:59:11:701 UTC]  WARN rest.WebResource: InitDataObject Error: uri:/api/v1/workflow/actions/default/fire/PUBLISH err:CONTENT_APIS_ALLOW_ANONYMOUS permission exceeded - system set to READ but WRITE was required
[15/05/23 23:59:11:702 UTC]  WARN rest.WebResource: CONTENT_APIS_ALLOW_ANONYMOUS permission exceeded - system set to READ but WRITE was required
[15/05/23 23:59:11:702 UTC]  WARN rest.WebResource: com.dotcms.rest.WebResource.init(WebResource.java:361)
[15/05/23 23:59:19:790 UTC]  INFO util.SecurityLogger: class com.dotcms.cms.login.LoginServiceAPIFactory$LoginServiceImpl : An invalid attempt to login as dotcms.org.1 has been made from IP: 172.19.0.1 -- ip:172.19.0.1,user:null
[15/05/23 23:59:19:790 UTC]  WARN rest.WebResource: Request IP: 172.19.0.1. Can't authenticate user. Username: admin@dotcms.com
[15/05/23 23:59:24:877 UTC]  INFO util.SecurityLogger: class com.dotcms.cms.login.LoginServiceAPIFactory$LoginServiceImpl : An invalid attempt to login as dotcms.org.1 has been made from IP: 172.19.0.1 -- ip:172.19.0.1,user:null
[15/05/23 23:59:24:877 UTC]  WARN rest.WebResource: Request IP: 172.19.0.1. Can't authenticate user. Username: admin@dotcms.com
[15/05/23 23:59:24:877 UTC]  WARN rest.WebResource: InitDataObject Error: uri:/api/bundle err:Authentication credentials are required
[15/05/23 23:59:24:877 UTC]  WARN rest.WebResource: Authentication credentials are required
[15/05/23 23:59:24:877 UTC]  WARN rest.WebResource: com.dotcms.rest.WebResource.authenticateUser(WebResource.java:633)
[15/05/23 23:59:29:924 UTC]  INFO util.SecurityLogger: class com.dotcms.cms.login.LoginServiceAPIFactory$LoginServiceImpl : An invalid attempt to login as dotcms.org.1 has been made from IP: 172.19.0.1 -- ip:172.19.0.1,user:null
[15/05/23 23:59:29:924 UTC]  WARN rest.WebResource: Request IP: 172.19.0.1. Can't authenticate user. Username: admin@dotcms.com
[15/05/23 23:59:29:924 UTC]  WARN rest.WebResource: InitDataObject Error: uri:/api/bundle err:Authentication credentials are required
[15/05/23 23:59:29:924 UTC]  WARN rest.WebResource: Authentication credentials are required
[15/05/23 23:59:29:925 UTC]  WARN rest.WebResource: com.dotcms.rest.WebResource.authenticateUser(WebResource.java:633)
[15/05/23 23:59:29:969 UTC]  WARN business.ESContentFactoryImpl: ----------------------------------------------
[15/05/23 23:59:29:969 UTC]  WARN business.ESContentFactoryImpl: Elasticsearch SEARCH error in index 'cluster_4aff2c937d.live_20230515235440'
[15/05/23 23:59:29:969 UTC]  WARN business.ESContentFactoryImpl: Thread: url:POST//default/api/v1/graphql | lang:1 | ip:172.19.0.1 | Admin:false | start:05-15-2023 11:55:13 UTC
[15/05/23 23:59:29:970 UTC]  WARN business.ESContentFactoryImpl: ES Query: {"size":100,"timeout":"15000ms","query":{"query_string":{"query":"+basetype:6 +((+owner:anonymous +ownercanread:true) (permissions:p654b0931-1027-41f7-ad4d-173115ed8ec1.1p* permissions:p999cd6bf-5cef-4729-8543-696086143884.1p* permissions:pedecd377-2321-4803-aa8b-89797dd0d61f.1p* ) (permissions:p654b0931-1027-41f7-ad4d-173115ed8ec1.1p*) (permissions:p999cd6bf-5cef-4729-8543-696086143884.1p*)) +live:true","fields":[],"type":"best_fields","default_operator":"or","max_determinized_states":10000,"enable_position_increments":true,"fuzziness":"AUTO","fuzzy_prefix_length":0,"fuzzy_max_expansions":50,"phrase_slop":0,"escape":false,"auto_generate_synonyms_phrase_query":true,"fuzzy_transpositions":true,"boost":1.0}},"_source":{"includes":["inode","identifier"],"excludes":[]},"sort":[{"moddate":{"order":"desc"}}],"track_total_hits":10000000}
[15/05/23 23:59:29:970 UTC]  WARN business.ESContentFactoryImpl: Class org.elasticsearch.ElasticsearchStatusException: Elasticsearch exception [type=illegal_argument_exception, reason=Text fields are not optimised for operations that require per-document field data like aggregations and sorting, so these operations are disabled by default. Please use a keyword field instead. Alternatively, set fielddata=true on [moddate] in order to load field data by uninverting the inverted index. Note that this can use significant memory.]
[15/05/23 23:59:29:970 UTC]  WARN business.ESContentFactoryImpl: ----------------------------------------------
[15/05/23 23:59:29:985 UTC]  WARN business.ESContentFactoryImpl: ----------------------------------------------
[15/05/23 23:59:29:985 UTC]  WARN business.ESContentFactoryImpl: Elasticsearch SEARCH error in index 'cluster_4aff2c937d.live_20230515235440'
[15/05/23 23:59:29:985 UTC]  WARN business.ESContentFactoryImpl: Thread: url:POST//default/api/v1/graphql | lang:1 | ip:172.19.0.1 | Admin:false | start:05-15-2023 11:55:13 UTC
[15/05/23 23:59:29:985 UTC]  WARN business.ESContentFactoryImpl: ES Query: {"size":100,"timeout":"15000ms","query":{"query_string":{"query":"+basetype:8 +((+owner:anonymous +ownercanread:true) (permissions:p654b0931-1027-41f7-ad4d-173115ed8ec1.1p* permissions:p999cd6bf-5cef-4729-8543-696086143884.1p* permissions:pedecd377-2321-4803-aa8b-89797dd0d61f.1p* ) (permissions:p654b0931-1027-41f7-ad4d-173115ed8ec1.1p*) (permissions:p999cd6bf-5cef-4729-8543-696086143884.1p*)) +live:true","fields":[],"type":"best_fields","default_operator":"or","max_determinized_states":10000,"enable_position_increments":true,"fuzziness":"AUTO","fuzzy_prefix_length":0,"fuzzy_max_expansions":50,"phrase_slop":0,"escape":false,"auto_generate_synonyms_phrase_query":true,"fuzzy_transpositions":true,"boost":1.0}},"_source":{"includes":["inode","identifier"],"excludes":[]},"sort":[{"moddate":{"order":"desc"}}],"track_total_hits":10000000}
[15/05/23 23:59:29:985 UTC]  WARN business.ESContentFactoryImpl: Class org.elasticsearch.ElasticsearchStatusException: Elasticsearch exception [type=illegal_argument_exception, reason=Text fields are not optimised for operations that require per-document field data like aggregations and sorting, so these operations are disabled by default. Please use a keyword field instead. Alternatively, set fielddata=true on [moddate] in order to load field data by uninverting the inverted index. Note that this can use significant memory.]
[15/05/23 23:59:29:985 UTC]  WARN business.ESContentFactoryImpl: ----------------------------------------------
[15/05/23 23:59:35:366 UTC]  INFO util.SecurityLogger: class com.dotcms.cms.login.LoginServiceAPIFactory$LoginServiceImpl : An invalid attempt to login as dotcms.org.1 has been made from IP: 172.19.0.1 -- ip:172.19.0.1,user:null
[15/05/23 23:59:35:366 UTC]  WARN rest.WebResource: Request IP: 172.19.0.1. Can't authenticate user. Username: admin@dotcms.com
[15/05/23 23:59:35:366 UTC]  WARN rest.WebResource: InitDataObject Error: uri:/api/bundle err:Authentication credentials are required
[15/05/23 23:59:35:366 UTC]  WARN rest.WebResource: Authentication credentials are required
[15/05/23 23:59:35:367 UTC]  WARN rest.WebResource: com.dotcms.rest.WebResource.authenticateUser(WebResource.java:633)
[15/05/23 23:59:43:480 UTC]  INFO util.SecurityLogger: class com.dotcms.cms.login.LoginServiceAPIFactory$LoginServiceImpl : An invalid attempt to login as dotcms.org.1 has been made from IP: 172.19.0.1 -- ip:172.19.0.1,user:null
[15/05/23 23:59:43:480 UTC]  WARN rest.WebResource: Request IP: 172.19.0.1. Can't authenticate user. Username: admin@dotCMS.com
[15/05/23 23:59:43:480 UTC]  WARN rest.WebResource: InitDataObject Error: uri:/api/v1/workflow/actions/default/fire/PUBLISH err:Authentication credentials are required
[15/05/23 23:59:43:480 UTC]  WARN rest.WebResource: Authentication credentials are required
[15/05/23 23:59:43:481 UTC]  WARN rest.WebResource: com.dotcms.rest.WebResource.authenticateUser(WebResource.java:633)
[15/05/23 23:59:43:529 UTC]  WARN business.ESContentFactoryImpl: ----------------------------------------------
[15/05/23 23:59:43:529 UTC]  WARN business.ESContentFactoryImpl: Elasticsearch SEARCH error in index 'cluster_4aff2c937d.live_20230515235440'
[15/05/23 23:59:43:529 UTC]  WARN business.ESContentFactoryImpl: Thread: url:POST//default/api/v1/graphql | lang:1 | ip:172.19.0.1 | Admin:false | start:05-15-2023 11:55:13 UTC
[15/05/23 23:59:43:529 UTC]  WARN business.ESContentFactoryImpl: ES Query: {"size":20,"timeout":"15000ms","query":{"query_string":{"query":"+contenttype:fileasset +((+owner:anonymous +ownercanread:true) (permissions:p654b0931-1027-41f7-ad4d-173115ed8ec1.1p* permissions:p999cd6bf-5cef-4729-8543-696086143884.1p* permissions:pedecd377-2321-4803-aa8b-89797dd0d61f.1p* ) (permissions:p654b0931-1027-41f7-ad4d-173115ed8ec1.1p*) (permissions:p999cd6bf-5cef-4729-8543-696086143884.1p*)) +live:true","fields":[],"type":"best_fields","default_operator":"or","max_determinized_states":10000,"enable_position_increments":true,"fuzziness":"AUTO","fuzzy_prefix_length":0,"fuzzy_max_expansions":50,"phrase_slop":0,"escape":false,"auto_generate_synonyms_phrase_query":true,"fuzzy_transpositions":true,"boost":1.0}},"_source":{"includes":["inode","identifier"],"excludes":[]},"sort":[{"moddate":{"order":"desc"}}],"track_total_hits":10000000}
[15/05/23 23:59:43:529 UTC]  WARN business.ESContentFactoryImpl: Class org.elasticsearch.ElasticsearchStatusException: Elasticsearch exception [type=illegal_argument_exception, reason=Text fields are not optimised for operations that require per-document field data like aggregations and sorting, so these operations are disabled by default. Please use a keyword field instead. Alternatively, set fielddata=true on [moddate] in order to load field data by uninverting the inverted index. Note that this can use significant memory.]
[15/05/23 23:59:43:530 UTC]  WARN business.ESContentFactoryImpl: ----------------------------------------------
[15/05/23 23:59:48:577 UTC]  INFO util.SecurityLogger: class com.dotcms.cms.login.LoginServiceAPIFactory$LoginServiceImpl : An invalid attempt to login as dotcms.org.1 has been made from IP: 172.19.0.1 -- ip:172.19.0.1,user:null
[15/05/23 23:59:48:577 UTC]  WARN rest.WebResource: Request IP: 172.19.0.1. Can't authenticate user. Username: admin@dotcms.com
[15/05/23 23:59:48:577 UTC]  WARN rest.WebResource: InitDataObject Error: uri:/api/bundle err:Authentication credentials are required
[15/05/23 23:59:48:577 UTC]  WARN rest.WebResource: Authentication credentials are required
[15/05/23 23:59:48:577 UTC]  WARN rest.WebResource: com.dotcms.rest.WebResource.authenticateUser(WebResource.java:633)
[15/05/23 23:59:53:712 UTC]  INFO util.SecurityLogger: class com.dotcms.cms.login.LoginServiceAPIFactory$LoginServiceImpl : An invalid attempt to login as dotcms.org.1 has been made from IP: 172.19.0.1 -- ip:172.19.0.1,user:null
[15/05/23 23:59:53:712 UTC]  WARN rest.WebResource: Request IP: 172.19.0.1. Can't authenticate user. Username: admin@dotcms.com
[15/05/23 23:59:53:713 UTC]  WARN rest.WebResource: InitDataObject Error: uri:/api/bundle err:Authentication credentials are required
[15/05/23 23:59:53:713 UTC]  WARN rest.WebResource: Authentication credentials are required
[15/05/23 23:59:53:713 UTC]  WARN rest.WebResource: com.dotcms.rest.WebResource.authenticateUser(WebResource.java:633)
[16/05/23 00:00:00:073 UTC]  WARN business.ESContentFactoryImpl: ----------------------------------------------
[16/05/23 00:00:00:073 UTC]  WARN business.ESContentFactoryImpl: Elasticsearch SEARCH error in index 'cluster_4aff2c937d.live_20230515235440'
[16/05/23 00:00:00:073 UTC]  WARN business.ESContentFactoryImpl: Thread: dotCMSQuartz_Worker-5
[16/05/23 00:00:00:073 UTC]  WARN business.ESContentFactoryImpl: ES Query: {"size":10000,"timeout":"15000ms","query":{"query_string":{"query":"+live:true +deleted:false +expdate:[1969-12-31t18:00:00-0000 TO 2023-05-16t00:00:00+0000]","fields":[],"type":"best_fields","default_operator":"or","max_determinized_states":10000,"enable_position_increments":true,"fuzziness":"AUTO","fuzzy_prefix_length":0,"fuzzy_max_expansions":50,"phrase_slop":0,"escape":false,"auto_generate_synonyms_phrase_query":true,"fuzzy_transpositions":true,"boost":1.0}},"_source":{"includes":["inode","identifier"],"excludes":[]},"sort":[{"moddate":{"order":"desc"}}],"track_total_hits":10000000}
[16/05/23 00:00:00:073 UTC]  WARN business.ESContentFactoryImpl: Class org.elasticsearch.ElasticsearchStatusException: Elasticsearch exception [type=illegal_argument_exception, reason=Text fields are not optimised for operations that require per-document field data like aggregations and sorting, so these operations are disabled by default. Please use a keyword field instead. Alternatively, set fielddata=true on [moddate] in order to load field data by uninverting the inverted index. Note that this can use significant memory.]
[16/05/23 00:00:00:073 UTC]  WARN business.ESContentFactoryImpl: ----------------------------------------------
[16/05/23 00:00:02:302 UTC]  INFO util.SecurityLogger: class com.dotcms.cms.login.LoginServiceAPIFactory$LoginServiceImpl : An invalid attempt to login as dotcms.org.1 has been made from IP: 172.19.0.1 -- ip:172.19.0.1,user:null
[16/05/23 00:00:02:302 UTC]  WARN rest.WebResource: Request IP: 172.19.0.1. Can't authenticate user. Username: admin@dotcms.com
[16/05/23 00:00:02:302 UTC]  WARN rest.WebResource: InitDataObject Error: uri:/api/bundle err:Authentication credentials are required
[16/05/23 00:00:02:302 UTC]  WARN rest.WebResource: Authentication credentials are required
[16/05/23 00:00:02:305 UTC]  WARN rest.WebResource: com.dotcms.rest.WebResource.authenticateUser(WebResource.java:633)
[16/05/23 00:00:07:349 UTC]  INFO util.SecurityLogger: class com.dotcms.cms.login.LoginServiceAPIFactory$LoginServiceImpl : An invalid attempt to login as dotcms.org.1 has been made from IP: 172.19.0.1 -- ip:172.19.0.1,user:null
[16/05/23 00:00:07:349 UTC]  WARN rest.WebResource: Request IP: 172.19.0.1. Can't authenticate user. Username: admin@dotcms.com
[16/05/23 00:00:07:349 UTC]  WARN rest.WebResource: InitDataObject Error: uri:/api/v1/workflow/actions/8968555814/fire err:Authentication credentials are required
[16/05/23 00:00:07:349 UTC]  WARN rest.WebResource: Authentication credentials are required
[16/05/23 00:00:07:349 UTC]  WARN rest.WebResource: com.dotcms.rest.WebResource.authenticateUser(WebResource.java:633)
[16/05/23 00:00:12:394 UTC]  INFO util.SecurityLogger: class com.dotcms.cms.login.LoginServiceAPIFactory$LoginServiceImpl : An invalid attempt to login as dotcms.org.1 has been made from IP: 172.19.0.1 -- ip:172.19.0.1,user:null
[16/05/23 00:00:12:395 UTC]  WARN rest.WebResource: Request IP: 172.19.0.1. Can't authenticate user. Username: admin@dotcms.com
[16/05/23 00:00:12:395 UTC]  WARN rest.WebResource: InitDataObject Error: uri:/api/v1/site/switch/48190c8c-42c4-46af-8d1a-0cd5db894797 err:Authentication credentials are required
[16/05/23 00:00:12:395 UTC]  WARN rest.WebResource: Authentication credentials are required
[16/05/23 00:00:12:395 UTC]  WARN rest.WebResource: com.dotcms.rest.WebResource.authenticateUser(WebResource.java:633)
[16/05/23 00:00:17:443 UTC]  INFO util.SecurityLogger: class com.dotcms.cms.login.LoginServiceAPIFactory$LoginServiceImpl : An invalid attempt to login as dotcms.org.1 has been made from IP: 172.19.0.1 -- ip:172.19.0.1,user:null
[16/05/23 00:00:17:443 UTC]  WARN rest.WebResource: Request IP: 172.19.0.1. Can't authenticate user. Username: admin@dotcms.com
[16/05/23 00:00:17:443 UTC]  WARN rest.WebResource: InitDataObject Error: uri:/api/v1/graphql err:Authentication credentials are required
[16/05/23 00:00:17:443 UTC]  WARN rest.WebResource: Authentication credentials are required
[16/05/23 00:00:17:443 UTC]  WARN rest.WebResource: com.dotcms.rest.WebResource.authenticateUser(WebResource.java:633)
[16/05/23 00:00:17:443 UTC] ERROR exception.SecurityException: Authentication credentials are required
com.dotcms.rest.exception.SecurityException: Authentication credentials are required
	at com.dotcms.rest.WebResource.authenticateUser(WebResource.java:633) ~[dotcms_null.jar:?]
	at com.dotcms.rest.WebResource.authenticate(WebResource.java:495) ~[dotcms_null.jar:?]
	at com.dotcms.rest.WebResource.getCurrentUser(WebResource.java:424) ~[dotcms_null.jar:?]
	at com.dotcms.rest.WebResource.init(WebResource.java:353) ~[dotcms_null.jar:?]
	at com.dotcms.rest.WebResource$InitBuilder.init(WebResource.java:886) ~[dotcms_null.jar:?]
	at com.dotcms.graphql.DotGraphQLContextBuilder.build(DotGraphQLContextBuilder.java:24) ~[dotcms_null.jar:?]
	at graphql.kickstart.servlet.input.GraphQLInvocationInputFactory.create(GraphQLInvocationInputFactory.java:95) ~[graphql-java-servlet-9.1.0.jar:?]
	at graphql.kickstart.servlet.input.GraphQLInvocationInputFactory.create(GraphQLInvocationInputFactory.java:60) ~[graphql-java-servlet-9.1.0.jar:?]
	at graphql.kickstart.servlet.GraphQLPostInvocationInputParser.getGraphQLInvocationInput(GraphQLPostInvocationInputParser.java:36) ~[graphql-java-servlet-9.1.0.jar:?]
	at graphql.kickstart.servlet.HttpRequestHandlerImpl.handle(HttpRequestHandlerImpl.java:36) ~[graphql-java-servlet-9.1.0.jar:?]
	at graphql.kickstart.servlet.AbstractGraphQLHttpServlet.doRequest(AbstractGraphQLHttpServlet.java:147) ~[graphql-java-servlet-9.1.0.jar:?]
	at graphql.kickstart.servlet.AbstractGraphQLHttpServlet.doRequestAsync(AbstractGraphQLHttpServlet.java:137) ~[graphql-java-servlet-9.1.0.jar:?]
	at graphql.kickstart.servlet.AbstractGraphQLHttpServlet.doPost(AbstractGraphQLHttpServlet.java:169) ~[graphql-java-servlet-9.1.0.jar:?]
	at com.dotcms.graphql.DotGraphQLHttpServlet.doPost(DotGraphQLHttpServlet.java:64) ~[dotcms_null.jar:?]
	at javax.servlet.http.HttpServlet.service(HttpServlet.java:681) ~[servlet-api.jar:4.0.FR]
	at javax.servlet.http.HttpServlet.service(HttpServlet.java:764) ~[servlet-api.jar:4.0.FR]
	at org.apache.catalina.core.ApplicationFilterChain.internalDoFilter(ApplicationFilterChain.java:227) ~[catalina.jar:9.0.60]
	at org.apache.catalina.core.ApplicationFilterChain.doFilter(ApplicationFilterChain.java:162) ~[catalina.jar:9.0.60]
	at org.apache.tomcat.websocket.server.WsFilter.doFilter(WsFilter.java:53) ~[tomcat-websocket.jar:9.0.60]
	at org.apache.catalina.core.ApplicationFilterChain.internalDoFilter(ApplicationFilterChain.java:189) ~[catalina.jar:9.0.60]
	at org.apache.catalina.core.ApplicationFilterChain.doFilter(ApplicationFilterChain.java:162) ~[catalina.jar:9.0.60]
	at com.dotmarketing.filters.CMSFilter.doFilterInternal(CMSFilter.java:169) ~[dotcms_null.jar:?]
	at com.dotmarketing.filters.CMSFilter.doFilter(CMSFilter.java:49) ~[dotcms_null.jar:?]
	at org.apache.catalina.core.ApplicationFilterChain.internalDoFilter(ApplicationFilterChain.java:189) ~[catalina.jar:9.0.60]
	at org.apache.catalina.core.ApplicationFilterChain.doFilter(ApplicationFilterChain.java:162) ~[catalina.jar:9.0.60]
	at com.dotcms.filters.interceptor.AbstractWebInterceptorSupportFilter.doFilter(AbstractWebInterceptorSupportFilter.java:90) ~[dotcms_null.jar:?]
	at org.apache.catalina.core.ApplicationFilterChain.internalDoFilter(ApplicationFilterChain.java:189) ~[catalina.jar:9.0.60]
	at org.apache.catalina.core.ApplicationFilterChain.doFilter(ApplicationFilterChain.java:162) ~[catalina.jar:9.0.60]
	at com.dotcms.filters.interceptor.AbstractWebInterceptorSupportFilter.doFilter(AbstractWebInterceptorSupportFilter.java:90) ~[dotcms_null.jar:?]
	at org.apache.catalina.core.ApplicationFilterChain.internalDoFilter(ApplicationFilterChain.java:189) ~[catalina.jar:9.0.60]
	at org.apache.catalina.core.ApplicationFilterChain.doFilter(ApplicationFilterChain.java:162) ~[catalina.jar:9.0.60]
	at com.dotcms.visitor.filter.servlet.VisitorFilter.doFilter(VisitorFilter.java:81) ~[dotcms_null.jar:?]
	at org.apache.catalina.core.ApplicationFilterChain.internalDoFilter(ApplicationFilterChain.java:189) ~[catalina.jar:9.0.60]
	at org.apache.catalina.core.ApplicationFilterChain.doFilter(ApplicationFilterChain.java:162) ~[catalina.jar:9.0.60]
	at com.dotcms.vanityurl.filters.VanityURLFilter.doFilter(VanityURLFilter.java:114) ~[dotcms_null.jar:?]
	at org.apache.catalina.core.ApplicationFilterChain.internalDoFilter(ApplicationFilterChain.java:189) ~[catalina.jar:9.0.60]
	at org.apache.catalina.core.ApplicationFilterChain.doFilter(ApplicationFilterChain.java:162) ~[catalina.jar:9.0.60]
	at org.tuckey.web.filters.urlrewrite.RuleChain.handleRewrite(RuleChain.java:176) ~[urlrewritefilter-4.0.4.jar:4.0.4]
	at org.tuckey.web.filters.urlrewrite.RuleChain.doRules(RuleChain.java:145) ~[urlrewritefilter-4.0.4.jar:4.0.4]
	at org.tuckey.web.filters.urlrewrite.UrlRewriter.processRequest(UrlRewriter.java:92) ~[urlrewritefilter-4.0.4.jar:4.0.4]
	at org.tuckey.web.filters.urlrewrite.UrlRewriteFilter.doFilter(UrlRewriteFilter.java:389) ~[urlrewritefilter-4.0.4.jar:4.0.4]
	at org.apache.catalina.core.ApplicationFilterChain.internalDoFilter(ApplicationFilterChain.java:189) ~[catalina.jar:9.0.60]
	at org.apache.catalina.core.ApplicationFilterChain.doFilter(ApplicationFilterChain.java:162) ~[catalina.jar:9.0.60]
	at com.dotmarketing.filters.TimeMachineFilter.doFilter(TimeMachineFilter.java:67) ~[dotcms_null.jar:?]
	at org.apache.catalina.core.ApplicationFilterChain.internalDoFilter(ApplicationFilterChain.java:189) ~[catalina.jar:9.0.60]
	at org.apache.catalina.core.ApplicationFilterChain.doFilter(ApplicationFilterChain.java:162) ~[catalina.jar:9.0.60]
	at com.dotmarketing.filters.ThreadNameFilter.doFilter(ThreadNameFilter.java:88) ~[dotcms_null.jar:?]
	at org.apache.catalina.core.ApplicationFilterChain.internalDoFilter(ApplicationFilterChain.java:189) ~[catalina.jar:9.0.60]
	at org.apache.catalina.core.ApplicationFilterChain.doFilter(ApplicationFilterChain.java:162) ~[catalina.jar:9.0.60]
	at com.dotmarketing.filters.CookiesFilter.doFilter(CookiesFilter.java:53) ~[dotcms_null.jar:?]
	at org.apache.catalina.core.ApplicationFilterChain.internalDoFilter(ApplicationFilterChain.java:189) ~[catalina.jar:9.0.60]
	at org.apache.catalina.core.ApplicationFilterChain.doFilter(ApplicationFilterChain.java:162) ~[catalina.jar:9.0.60]
	at com.dotmarketing.filters.CharsetEncodingFilter.doFilter(CharsetEncodingFilter.java:99) ~[dotcms_null.jar:?]
	at org.apache.catalina.core.ApplicationFilterChain.internalDoFilter(ApplicationFilterChain.java:189) ~[catalina.jar:9.0.60]
	at org.apache.catalina.core.ApplicationFilterChain.doFilter(ApplicationFilterChain.java:162) ~[catalina.jar:9.0.60]
	at com.dotcms.filters.interceptor.AbstractWebInterceptorSupportFilter.doFilter(AbstractWebInterceptorSupportFilter.java:90) ~[dotcms_null.jar:?]
	at org.apache.catalina.core.ApplicationFilterChain.internalDoFilter(ApplicationFilterChain.java:189) ~[catalina.jar:9.0.60]
	at org.apache.catalina.core.ApplicationFilterChain.doFilter(ApplicationFilterChain.java:162) ~[catalina.jar:9.0.60]
	at org.apache.catalina.filters.HttpHeaderSecurityFilter.doFilter(HttpHeaderSecurityFilter.java:126) ~[catalina.jar:9.0.60]
	at org.apache.catalina.core.ApplicationFilterChain.internalDoFilter(ApplicationFilterChain.java:189) ~[catalina.jar:9.0.60]
	at org.apache.catalina.core.ApplicationFilterChain.doFilter(ApplicationFilterChain.java:162) ~[catalina.jar:9.0.60]
	at com.dotcms.filters.NormalizationFilter.doFilter(NormalizationFilter.java:88) ~[dotcms_null.jar:?]
	at org.apache.catalina.core.ApplicationFilterChain.internalDoFilter(ApplicationFilterChain.java:189) ~[catalina.jar:9.0.60]
	at org.apache.catalina.core.ApplicationFilterChain.doFilter(ApplicationFilterChain.java:162) ~[catalina.jar:9.0.60]
	at org.apache.catalina.core.StandardWrapperValve.invoke(StandardWrapperValve.java:197) ~[catalina.jar:9.0.60]
	at org.apache.catalina.core.StandardContextValve.invoke(StandardContextValve.java:97) ~[catalina.jar:9.0.60]
	at org.apache.catalina.authenticator.AuthenticatorBase.invoke(AuthenticatorBase.java:541) ~[catalina.jar:9.0.60]
	at org.apache.catalina.core.StandardHostValve.invoke(StandardHostValve.java:135) ~[catalina.jar:9.0.60]
	at org.apache.catalina.valves.AbstractAccessLogValve.invoke(AbstractAccessLogValve.java:687) ~[catalina.jar:9.0.60]
	at org.apache.catalina.valves.ErrorReportValve.invoke(ErrorReportValve.java:92) ~[catalina.jar:9.0.60]
	at org.apache.catalina.valves.RemoteIpValve.invoke(RemoteIpValve.java:769) ~[catalina.jar:9.0.60]
	at org.apache.catalina.core.StandardEngineValve.invoke(StandardEngineValve.java:78) ~[catalina.jar:9.0.60]
	at org.apache.catalina.connector.CoyoteAdapter.service(CoyoteAdapter.java:360) ~[catalina.jar:9.0.60]
	at org.apache.coyote.http11.Http11Processor.service(Http11Processor.java:399) ~[tomcat-coyote.jar:9.0.60]
	at org.apache.coyote.AbstractProcessorLight.process(AbstractProcessorLight.java:65) ~[tomcat-coyote.jar:9.0.60]
	at org.apache.coyote.AbstractProtocol$ConnectionHandler.process(AbstractProtocol.java:889) ~[tomcat-coyote.jar:9.0.60]
	at org.apache.tomcat.util.net.Nio2Endpoint$SocketProcessor.doRun(Nio2Endpoint.java:1701) ~[tomcat-coyote.jar:9.0.60]
	at org.apache.tomcat.util.net.SocketProcessorBase.run(SocketProcessorBase.java:49) ~[tomcat-coyote.jar:9.0.60]
	at org.apache.tomcat.util.net.AbstractEndpoint.processSocket(AbstractEndpoint.java:1190) ~[tomcat-coyote.jar:9.0.60]
	at org.apache.tomcat.util.net.Nio2Endpoint$Nio2SocketWrapper$2.completed(Nio2Endpoint.java:633) ~[tomcat-coyote.jar:9.0.60]
	at org.apache.tomcat.util.net.Nio2Endpoint$Nio2SocketWrapper$2.completed(Nio2Endpoint.java:611) ~[tomcat-coyote.jar:9.0.60]
	at sun.nio.ch.Invoker.invokeUnchecked(Invoker.java:127) ~[?:?]
	at sun.nio.ch.UnixAsynchronousSocketChannelImpl.finishRead(UnixAsynchronousSocketChannelImpl.java:439) ~[?:?]
	at sun.nio.ch.UnixAsynchronousSocketChannelImpl.finish(UnixAsynchronousSocketChannelImpl.java:191) ~[?:?]
	at sun.nio.ch.UnixAsynchronousSocketChannelImpl.onEvent(UnixAsynchronousSocketChannelImpl.java:213) ~[?:?]
	at sun.nio.ch.EPollPort$EventHandlerTask.run(EPollPort.java:306) ~[?:?]
	at sun.nio.ch.AsynchronousChannelGroupImpl$1.run(AsynchronousChannelGroupImpl.java:112) ~[?:?]
	at java.util.concurrent.ThreadPoolExecutor.runWorker(ThreadPoolExecutor.java:1128) ~[?:?]
	at java.util.concurrent.ThreadPoolExecutor$Worker.run(ThreadPoolExecutor.java:628) ~[?:?]
	at java.lang.Thread.run(Thread.java:829) [?:?]
Caused by: com.liferay.portal.auth.AuthException
	at com.dotcms.cms.login.LoginServiceAPIFactory$LoginServiceImpl.doActionLogin(LoginServiceAPIFactory.java:299) ~[dotcms_null.jar:?]
	at com.dotcms.rest.WebResource.authenticateUser(WebResource.java:613) ~[dotcms_null.jar:?]
	... 89 more
[16/05/23 00:00:17:443 UTC]  INFO util.SecurityLogger: class com.dotcms.rest.api.v1.authentication.ResponseUtil : Authentication credentials are required -- ip:172.19.0.1,user:null
[16/05/23 00:00:22:500 UTC]  INFO util.SecurityLogger: class com.dotcms.cms.login.LoginServiceAPIFactory$LoginServiceImpl : An invalid attempt to login as dotcms.org.1 has been made from IP: 172.19.0.1 -- ip:172.19.0.1,user:null
[16/05/23 00:00:22:500 UTC]  WARN rest.WebResource: Request IP: 172.19.0.1. Can't authenticate user. Username: admin@dotcms.com
[16/05/23 00:00:22:500 UTC]  WARN rest.WebResource: InitDataObject Error: uri:/api/bundle err:Authentication credentials are required
[16/05/23 00:00:22:500 UTC]  WARN rest.WebResource: Authentication credentials are required
[16/05/23 00:00:22:500 UTC]  WARN rest.WebResource: com.dotcms.rest.WebResource.authenticateUser(WebResource.java:633)
[16/05/23 00:00:30:589 UTC]  INFO util.SecurityLogger: class com.dotcms.cms.login.LoginServiceAPIFactory$LoginServiceImpl : An invalid attempt to login as dotcms.org.1 has been made from IP: 172.19.0.1 -- ip:172.19.0.1,user:null
[16/05/23 00:00:30:589 UTC]  WARN rest.WebResource: Request IP: 172.19.0.1. Can't authenticate user. Username: admin@dotcms.com
[16/05/23 00:00:30:590 UTC]  WARN rest.WebResource: InitDataObject Error: uri:/api/bundle err:Authentication credentials are required
[16/05/23 00:00:30:590 UTC]  WARN rest.WebResource: Authentication credentials are required
[16/05/23 00:00:30:590 UTC]  WARN rest.WebResource: com.dotcms.rest.WebResource.authenticateUser(WebResource.java:633)
[16/05/23 00:00:37:674 UTC]  INFO util.SecurityLogger: class com.dotcms.cms.login.LoginServiceAPIFactory$LoginServiceImpl : An invalid attempt to login as dotcms.org.1 has been made from IP: 172.19.0.1 -- ip:172.19.0.1,user:null
[16/05/23 00:00:37:674 UTC]  WARN rest.WebResource: Request IP: 172.19.0.1. Can't authenticate user. Username: admin@dotcms.com
[16/05/23 00:00:37:706 UTC]  WARN rest.WebResource: InitDataObject Error: uri:/api/v1/workflow/actions/default/fire/PUBLISH err:CONTENT_APIS_ALLOW_ANONYMOUS permission exceeded - system set to READ but WRITE was required
[16/05/23 00:00:37:706 UTC]  WARN rest.WebResource: CONTENT_APIS_ALLOW_ANONYMOUS permission exceeded - system set to READ but WRITE was required
[16/05/23 00:00:37:706 UTC]  WARN rest.WebResource: com.dotcms.rest.WebResource.init(WebResource.java:361)
[16/05/23 00:00:37:761 UTC]  WARN rest.WebResource: InitDataObject Error: uri:/api/v1/workflow/actions/default/fire/PUBLISH err:CONTENT_APIS_ALLOW_ANONYMOUS permission exceeded - system set to READ but WRITE was required
[16/05/23 00:00:37:761 UTC]  WARN rest.WebResource: CONTENT_APIS_ALLOW_ANONYMOUS permission exceeded - system set to READ but WRITE was required
[16/05/23 00:00:37:761 UTC]  WARN rest.WebResource: com.dotcms.rest.WebResource.init(WebResource.java:361)
[16/05/23 00:00:37:909 UTC]  WARN rest.WebResource: InitDataObject Error: uri:/api/v1/workflow/actions/default/fire/PUBLISH err:CONTENT_APIS_ALLOW_ANONYMOUS permission exceeded - system set to READ but WRITE was required
[16/05/23 00:00:37:909 UTC]  WARN rest.WebResource: CONTENT_APIS_ALLOW_ANONYMOUS permission exceeded - system set to READ but WRITE was required
[16/05/23 00:00:37:909 UTC]  WARN rest.WebResource: com.dotcms.rest.WebResource.init(WebResource.java:361)
[16/05/23 00:01:00:028 UTC]  WARN business.ESContentFactoryImpl: ----------------------------------------------
[16/05/23 00:01:00:028 UTC]  WARN business.ESContentFactoryImpl: Elasticsearch SEARCH error in index 'cluster_4aff2c937d.live_20230515235440'
[16/05/23 00:01:00:028 UTC]  WARN business.ESContentFactoryImpl: Thread: dotCMSQuartz_Worker-2
[16/05/23 00:01:00:030 UTC]  WARN business.ESContentFactoryImpl: ES Query: {"size":10000,"timeout":"15000ms","query":{"query_string":{"query":"+live:true +deleted:false +expdate:[1969-12-31t18:00:00-0000 TO 2023-05-16t00:01:00+0000]","fields":[],"type":"best_fields","default_operator":"or","max_determinized_states":10000,"enable_position_increments":true,"fuzziness":"AUTO","fuzzy_prefix_length":0,"fuzzy_max_expansions":50,"phrase_slop":0,"escape":false,"auto_generate_synonyms_phrase_query":true,"fuzzy_transpositions":true,"boost":1.0}},"_source":{"includes":["inode","identifier"],"excludes":[]},"sort":[{"moddate":{"order":"desc"}}],"track_total_hits":10000000}
[16/05/23 00:01:00:031 UTC]  WARN business.ESContentFactoryImpl: Class org.elasticsearch.ElasticsearchStatusException: Elasticsearch exception [type=illegal_argument_exception, reason=Text fields are not optimised for operations that require per-document field data like aggregations and sorting, so these operations are disabled by default. Please use a keyword field instead. Alternatively, set fielddata=true on [moddate] in order to load field data by uninverting the inverted index. Note that this can use significant memory.]
[16/05/23 00:01:00:031 UTC]  WARN business.ESContentFactoryImpl: ----------------------------------------------
[16/05/23 00:01:23:022 UTC]  INFO util.SecurityLogger: class com.dotcms.cms.login.LoginServiceAPIFactory$LoginServiceImpl : An invalid attempt to login as dotcms.org.1 has been made from IP: 172.19.0.1 -- ip:172.19.0.1,user:null
[16/05/23 00:01:23:022 UTC]  WARN rest.WebResource: Request IP: 172.19.0.1. Can't authenticate user. Username: admin@dotcms.com
[16/05/23 00:01:23:055 UTC]  WARN rest.WebResource: InitDataObject Error: uri:/api/v1/workflow/actions/default/fire/PUBLISH err:CONTENT_APIS_ALLOW_ANONYMOUS permission exceeded - system set to READ but WRITE was required
[16/05/23 00:01:23:055 UTC]  WARN rest.WebResource: CONTENT_APIS_ALLOW_ANONYMOUS permission exceeded - system set to READ but WRITE was required
[16/05/23 00:01:23:055 UTC]  WARN rest.WebResource: com.dotcms.rest.WebResource.init(WebResource.java:361)
[16/05/23 00:01:23:118 UTC]  WARN rest.WebResource: InitDataObject Error: uri:/api/v1/workflow/actions/default/fire/PUBLISH err:CONTENT_APIS_ALLOW_ANONYMOUS permission exceeded - system set to READ but WRITE was required
[16/05/23 00:01:23:118 UTC]  WARN rest.WebResource: CONTENT_APIS_ALLOW_ANONYMOUS permission exceeded - system set to READ but WRITE was required
[16/05/23 00:01:23:119 UTC]  WARN rest.WebResource: com.dotcms.rest.WebResource.init(WebResource.java:361)
[16/05/23 00:01:23:262 UTC]  WARN rest.WebResource: InitDataObject Error: uri:/api/v1/workflow/actions/default/fire/PUBLISH err:CONTENT_APIS_ALLOW_ANONYMOUS permission exceeded - system set to READ but WRITE was required
[16/05/23 00:01:23:262 UTC]  WARN rest.WebResource: CONTENT_APIS_ALLOW_ANONYMOUS permission exceeded - system set to READ but WRITE was required
[16/05/23 00:01:23:262 UTC]  WARN rest.WebResource: com.dotcms.rest.WebResource.init(WebResource.java:361)
[16/05/23 00:02:00:045 UTC]  WARN business.ESContentFactoryImpl: ----------------------------------------------
[16/05/23 00:02:00:045 UTC]  WARN business.ESContentFactoryImpl: Elasticsearch SEARCH error in index 'cluster_4aff2c937d.live_20230515235440'
[16/05/23 00:02:00:045 UTC]  WARN business.ESContentFactoryImpl: Thread: dotCMSQuartz_Worker-4
[16/05/23 00:02:00:046 UTC]  WARN business.ESContentFactoryImpl: ES Query: {"size":10000,"timeout":"15000ms","query":{"query_string":{"query":"+live:true +deleted:false +expdate:[1969-12-31t18:00:00-0000 TO 2023-05-16t00:02:00+0000]","fields":[],"type":"best_fields","default_operator":"or","max_determinized_states":10000,"enable_position_increments":true,"fuzziness":"AUTO","fuzzy_prefix_length":0,"fuzzy_max_expansions":50,"phrase_slop":0,"escape":false,"auto_generate_synonyms_phrase_query":true,"fuzzy_transpositions":true,"boost":1.0}},"_source":{"includes":["inode","identifier"],"excludes":[]},"sort":[{"moddate":{"order":"desc"}}],"track_total_hits":10000000}
[16/05/23 00:02:00:046 UTC]  WARN business.ESContentFactoryImpl: Class org.elasticsearch.ElasticsearchStatusException: Elasticsearch exception [type=illegal_argument_exception, reason=Text fields are not optimised for operations that require per-document field data like aggregations and sorting, so these operations are disabled by default. Please use a keyword field instead. Alternatively, set fielddata=true on [moddate] in order to load field data by uninverting the inverted index. Note that this can use significant memory.]
[16/05/23 00:02:00:046 UTC]  WARN business.ESContentFactoryImpl: ----------------------------------------------
[16/05/23 00:02:08:386 UTC]  INFO util.SecurityLogger: class com.dotcms.cms.login.LoginServiceAPIFactory$LoginServiceImpl : An invalid attempt to login as dotcms.org.1 has been made from IP: 172.19.0.1 -- ip:172.19.0.1,user:null
[16/05/23 00:02:08:386 UTC]  WARN rest.WebResource: Request IP: 172.19.0.1. Can't authenticate user. Username: admin@dotcms.com
[16/05/23 00:02:08:425 UTC]  WARN rest.WebResource: InitDataObject Error: uri:/api/v1/workflow/actions/default/fire/PUBLISH err:CONTENT_APIS_ALLOW_ANONYMOUS permission exceeded - system set to READ but WRITE was required
[16/05/23 00:02:08:425 UTC]  WARN rest.WebResource: CONTENT_APIS_ALLOW_ANONYMOUS permission exceeded - system set to READ but WRITE was required
[16/05/23 00:02:08:425 UTC]  WARN rest.WebResource: com.dotcms.rest.WebResource.init(WebResource.java:361)
[16/05/23 00:02:08:497 UTC]  WARN rest.WebResource: InitDataObject Error: uri:/api/v1/workflow/actions/default/fire/PUBLISH err:CONTENT_APIS_ALLOW_ANONYMOUS permission exceeded - system set to READ but WRITE was required
[16/05/23 00:02:08:497 UTC]  WARN rest.WebResource: CONTENT_APIS_ALLOW_ANONYMOUS permission exceeded - system set to READ but WRITE was required
[16/05/23 00:02:08:498 UTC]  WARN rest.WebResource: com.dotcms.rest.WebResource.init(WebResource.java:361)
[16/05/23 00:02:13:700 UTC]  INFO util.SecurityLogger: class com.dotcms.cms.login.LoginServiceAPIFactory$LoginServiceImpl : An invalid attempt to login as dotcms.org.1 has been made from IP: 172.19.0.1 -- ip:172.19.0.1,user:null
[16/05/23 00:02:13:700 UTC]  WARN rest.WebResource: Request IP: 172.19.0.1. Can't authenticate user. Username: admin@dotcms.com
[16/05/23 00:02:13:730 UTC]  WARN rest.WebResource: InitDataObject Error: uri:/api/v1/workflow/actions/default/fire/PUBLISH err:CONTENT_APIS_ALLOW_ANONYMOUS permission exceeded - system set to READ but WRITE was required
[16/05/23 00:02:13:730 UTC]  WARN rest.WebResource: CONTENT_APIS_ALLOW_ANONYMOUS permission exceeded - system set to READ but WRITE was required
[16/05/23 00:02:13:731 UTC]  WARN rest.WebResource: com.dotcms.rest.WebResource.init(WebResource.java:361)
[16/05/23 00:02:13:795 UTC]  WARN rest.WebResource: InitDataObject Error: uri:/api/v1/workflow/actions/default/fire/PUBLISH err:CONTENT_APIS_ALLOW_ANONYMOUS permission exceeded - system set to READ but WRITE was required
[16/05/23 00:02:13:795 UTC]  WARN rest.WebResource: CONTENT_APIS_ALLOW_ANONYMOUS permission exceeded - system set to READ but WRITE was required
[16/05/23 00:02:13:796 UTC]  WARN rest.WebResource: com.dotcms.rest.WebResource.init(WebResource.java:361)
[16/05/23 00:02:18:969 UTC]  INFO util.SecurityLogger: class com.dotcms.cms.login.LoginServiceAPIFactory$LoginServiceImpl : An invalid attempt to login as dotcms.org.1 has been made from IP: 172.19.0.1 -- ip:172.19.0.1,user:null
[16/05/23 00:02:18:969 UTC]  WARN rest.WebResource: Request IP: 172.19.0.1. Can't authenticate user. Username: admin@dotcms.com
[16/05/23 00:02:19:001 UTC]  WARN rest.WebResource: InitDataObject Error: uri:/api/v1/workflow/actions/default/fire/PUBLISH err:CONTENT_APIS_ALLOW_ANONYMOUS permission exceeded - system set to READ but WRITE was required
[16/05/23 00:02:19:001 UTC]  WARN rest.WebResource: CONTENT_APIS_ALLOW_ANONYMOUS permission exceeded - system set to READ but WRITE was required
[16/05/23 00:02:19:001 UTC]  WARN rest.WebResource: com.dotcms.rest.WebResource.init(WebResource.java:361)
[16/05/23 00:02:19:060 UTC]  WARN rest.WebResource: InitDataObject Error: uri:/api/v1/workflow/actions/default/fire/PUBLISH err:CONTENT_APIS_ALLOW_ANONYMOUS permission exceeded - system set to READ but WRITE was required
[16/05/23 00:02:19:060 UTC]  WARN rest.WebResource: CONTENT_APIS_ALLOW_ANONYMOUS permission exceeded - system set to READ but WRITE was required
[16/05/23 00:02:19:060 UTC]  WARN rest.WebResource: com.dotcms.rest.WebResource.init(WebResource.java:361)
[16/05/23 00:03:00:041 UTC]  WARN business.ESContentFactoryImpl: ----------------------------------------------
[16/05/23 00:03:00:041 UTC]  WARN business.ESContentFactoryImpl: Elasticsearch SEARCH error in index 'cluster_4aff2c937d.live_20230515235440'
[16/05/23 00:03:00:041 UTC]  WARN business.ESContentFactoryImpl: Thread: dotCMSQuartz_Worker-5
[16/05/23 00:03:00:041 UTC]  WARN business.ESContentFactoryImpl: ES Query: {"size":10000,"timeout":"15000ms","query":{"query_string":{"query":"+live:true +deleted:false +expdate:[1969-12-31t18:00:00-0000 TO 2023-05-16t00:03:00+0000]","fields":[],"type":"best_fields","default_operator":"or","max_determinized_states":10000,"enable_position_increments":true,"fuzziness":"AUTO","fuzzy_prefix_length":0,"fuzzy_max_expansions":50,"phrase_slop":0,"escape":false,"auto_generate_synonyms_phrase_query":true,"fuzzy_transpositions":true,"boost":1.0}},"_source":{"includes":["inode","identifier"],"excludes":[]},"sort":[{"moddate":{"order":"desc"}}],"track_total_hits":10000000}
[16/05/23 00:03:00:041 UTC]  WARN business.ESContentFactoryImpl: Class org.elasticsearch.ElasticsearchStatusException: Elasticsearch exception [type=illegal_argument_exception, reason=Text fields are not optimised for operations that require per-document field data like aggregations and sorting, so these operations are disabled by default. Please use a keyword field instead. Alternatively, set fielddata=true on [moddate] in order to load field data by uninverting the inverted index. Note that this can use significant memory.]
[16/05/23 00:03:00:041 UTC]  WARN business.ESContentFactoryImpl: ----------------------------------------------
[16/05/23 00:03:44:285 UTC]  INFO util.SecurityLogger: class com.dotcms.cms.login.LoginServiceAPIFactory$LoginServiceImpl : An invalid attempt to login as dotcms.org.1 has been made from IP: 172.19.0.1 -- ip:172.19.0.1,user:null
[16/05/23 00:03:44:285 UTC]  WARN rest.WebResource: Request IP: 172.19.0.1. Can't authenticate user. Username: admin@dotcms.com
[16/05/23 00:03:49:329 UTC]  INFO util.SecurityLogger: class com.dotcms.cms.login.LoginServiceAPIFactory$LoginServiceImpl : An invalid attempt to login as dotcms.org.1 has been made from IP: 172.19.0.1 -- ip:172.19.0.1,user:null
[16/05/23 00:03:49:329 UTC]  WARN rest.WebResource: Request IP: 172.19.0.1. Can't authenticate user. Username: admin@dotcms.com
[16/05/23 00:03:49:329 UTC]  WARN rest.WebResource: InitDataObject Error: uri:/api/v1/workflow/actions/default/fire/PUBLISH err:Authentication credentials are required
[16/05/23 00:03:49:329 UTC]  WARN rest.WebResource: Authentication credentials are required
[16/05/23 00:03:49:330 UTC]  WARN rest.WebResource: com.dotcms.rest.WebResource.authenticateUser(WebResource.java:633)
[16/05/23 00:03:57:414 UTC]  INFO util.SecurityLogger: class com.dotcms.cms.login.LoginServiceAPIFactory$LoginServiceImpl : An invalid attempt to login as dotcms.org.1 has been made from IP: 172.19.0.1 -- ip:172.19.0.1,user:null
[16/05/23 00:03:57:414 UTC]  WARN rest.WebResource: Request IP: 172.19.0.1. Can't authenticate user. Username: admin@dotcms.com
[16/05/23 00:03:57:414 UTC]  WARN rest.WebResource: InitDataObject Error: uri:/api/v1/workflow/actions/default/fire/PUBLISH err:Authentication credentials are required
[16/05/23 00:03:57:414 UTC]  WARN rest.WebResource: Authentication credentials are required
[16/05/23 00:03:57:414 UTC]  WARN rest.WebResource: com.dotcms.rest.WebResource.authenticateUser(WebResource.java:633)
[16/05/23 00:04:00:019 UTC]  WARN business.ESContentFactoryImpl: ----------------------------------------------
[16/05/23 00:04:00:019 UTC]  WARN business.ESContentFactoryImpl: Elasticsearch SEARCH error in index 'cluster_4aff2c937d.live_20230515235440'
[16/05/23 00:04:00:019 UTC]  WARN business.ESContentFactoryImpl: Thread: dotCMSQuartz_Worker-9
[16/05/23 00:04:00:019 UTC]  WARN business.ESContentFactoryImpl: ES Query: {"size":10000,"timeout":"15000ms","query":{"query_string":{"query":"+live:true +deleted:false +expdate:[1969-12-31t18:00:00-0000 TO 2023-05-16t00:04:00+0000]","fields":[],"type":"best_fields","default_operator":"or","max_determinized_states":10000,"enable_position_increments":true,"fuzziness":"AUTO","fuzzy_prefix_length":0,"fuzzy_max_expansions":50,"phrase_slop":0,"escape":false,"auto_generate_synonyms_phrase_query":true,"fuzzy_transpositions":true,"boost":1.0}},"_source":{"includes":["inode","identifier"],"excludes":[]},"sort":[{"moddate":{"order":"desc"}}],"track_total_hits":10000000}
[16/05/23 00:04:00:019 UTC]  WARN business.ESContentFactoryImpl: Class org.elasticsearch.ElasticsearchStatusException: Elasticsearch exception [type=illegal_argument_exception, reason=Text fields are not optimised for operations that require per-document field data like aggregations and sorting, so these operations are disabled by default. Please use a keyword field instead. Alternatively, set fielddata=true on [moddate] in order to load field data by uninverting the inverted index. Note that this can use significant memory.]
[16/05/23 00:04:00:019 UTC]  WARN business.ESContentFactoryImpl: ----------------------------------------------
[16/05/23 00:04:05:495 UTC]  INFO util.SecurityLogger: class com.dotcms.cms.login.LoginServiceAPIFactory$LoginServiceImpl : An invalid attempt to login as dotcms.org.1 has been made from IP: 172.19.0.1 -- ip:172.19.0.1,user:null
[16/05/23 00:04:05:495 UTC]  WARN rest.WebResource: Request IP: 172.19.0.1. Can't authenticate user. Username: admin@dotcms.com
[16/05/23 00:04:05:495 UTC]  WARN rest.WebResource: InitDataObject Error: uri:/api/v1/graphql err:Authentication credentials are required
[16/05/23 00:04:05:495 UTC]  WARN rest.WebResource: Authentication credentials are required
[16/05/23 00:04:05:498 UTC]  WARN rest.WebResource: com.dotcms.rest.WebResource.authenticateUser(WebResource.java:633)
[16/05/23 00:04:05:498 UTC] ERROR exception.SecurityException: Authentication credentials are required
com.dotcms.rest.exception.SecurityException: Authentication credentials are required
	at com.dotcms.rest.WebResource.authenticateUser(WebResource.java:633) ~[dotcms_null.jar:?]
	at com.dotcms.rest.WebResource.authenticate(WebResource.java:495) ~[dotcms_null.jar:?]
	at com.dotcms.rest.WebResource.getCurrentUser(WebResource.java:424) ~[dotcms_null.jar:?]
	at com.dotcms.rest.WebResource.init(WebResource.java:353) ~[dotcms_null.jar:?]
	at com.dotcms.rest.WebResource$InitBuilder.init(WebResource.java:886) ~[dotcms_null.jar:?]
	at com.dotcms.graphql.DotGraphQLContextBuilder.build(DotGraphQLContextBuilder.java:24) ~[dotcms_null.jar:?]
	at graphql.kickstart.servlet.input.GraphQLInvocationInputFactory.create(GraphQLInvocationInputFactory.java:95) ~[graphql-java-servlet-9.1.0.jar:?]
	at graphql.kickstart.servlet.input.GraphQLInvocationInputFactory.create(GraphQLInvocationInputFactory.java:60) ~[graphql-java-servlet-9.1.0.jar:?]
	at graphql.kickstart.servlet.GraphQLPostInvocationInputParser.getGraphQLInvocationInput(GraphQLPostInvocationInputParser.java:36) ~[graphql-java-servlet-9.1.0.jar:?]
	at graphql.kickstart.servlet.HttpRequestHandlerImpl.handle(HttpRequestHandlerImpl.java:36) ~[graphql-java-servlet-9.1.0.jar:?]
	at graphql.kickstart.servlet.AbstractGraphQLHttpServlet.doRequest(AbstractGraphQLHttpServlet.java:147) ~[graphql-java-servlet-9.1.0.jar:?]
	at graphql.kickstart.servlet.AbstractGraphQLHttpServlet.doRequestAsync(AbstractGraphQLHttpServlet.java:137) ~[graphql-java-servlet-9.1.0.jar:?]
	at graphql.kickstart.servlet.AbstractGraphQLHttpServlet.doPost(AbstractGraphQLHttpServlet.java:169) ~[graphql-java-servlet-9.1.0.jar:?]
	at com.dotcms.graphql.DotGraphQLHttpServlet.doPost(DotGraphQLHttpServlet.java:64) ~[dotcms_null.jar:?]
	at javax.servlet.http.HttpServlet.service(HttpServlet.java:681) ~[servlet-api.jar:4.0.FR]
	at javax.servlet.http.HttpServlet.service(HttpServlet.java:764) ~[servlet-api.jar:4.0.FR]
	at org.apache.catalina.core.ApplicationFilterChain.internalDoFilter(ApplicationFilterChain.java:227) ~[catalina.jar:9.0.60]
	at org.apache.catalina.core.ApplicationFilterChain.doFilter(ApplicationFilterChain.java:162) ~[catalina.jar:9.0.60]
	at org.apache.tomcat.websocket.server.WsFilter.doFilter(WsFilter.java:53) ~[tomcat-websocket.jar:9.0.60]
	at org.apache.catalina.core.ApplicationFilterChain.internalDoFilter(ApplicationFilterChain.java:189) ~[catalina.jar:9.0.60]
	at org.apache.catalina.core.ApplicationFilterChain.doFilter(ApplicationFilterChain.java:162) ~[catalina.jar:9.0.60]
	at com.dotmarketing.filters.CMSFilter.doFilterInternal(CMSFilter.java:169) ~[dotcms_null.jar:?]
	at com.dotmarketing.filters.CMSFilter.doFilter(CMSFilter.java:49) ~[dotcms_null.jar:?]
	at org.apache.catalina.core.ApplicationFilterChain.internalDoFilter(ApplicationFilterChain.java:189) ~[catalina.jar:9.0.60]
	at org.apache.catalina.core.ApplicationFilterChain.doFilter(ApplicationFilterChain.java:162) ~[catalina.jar:9.0.60]
	at com.dotcms.filters.interceptor.AbstractWebInterceptorSupportFilter.doFilter(AbstractWebInterceptorSupportFilter.java:90) ~[dotcms_null.jar:?]
	at org.apache.catalina.core.ApplicationFilterChain.internalDoFilter(ApplicationFilterChain.java:189) ~[catalina.jar:9.0.60]
	at org.apache.catalina.core.ApplicationFilterChain.doFilter(ApplicationFilterChain.java:162) ~[catalina.jar:9.0.60]
	at com.dotcms.filters.interceptor.AbstractWebInterceptorSupportFilter.doFilter(AbstractWebInterceptorSupportFilter.java:90) ~[dotcms_null.jar:?]
	at org.apache.catalina.core.ApplicationFilterChain.internalDoFilter(ApplicationFilterChain.java:189) ~[catalina.jar:9.0.60]
	at org.apache.catalina.core.ApplicationFilterChain.doFilter(ApplicationFilterChain.java:162) ~[catalina.jar:9.0.60]
	at com.dotcms.visitor.filter.servlet.VisitorFilter.doFilter(VisitorFilter.java:81) ~[dotcms_null.jar:?]
	at org.apache.catalina.core.ApplicationFilterChain.internalDoFilter(ApplicationFilterChain.java:189) ~[catalina.jar:9.0.60]
	at org.apache.catalina.core.ApplicationFilterChain.doFilter(ApplicationFilterChain.java:162) ~[catalina.jar:9.0.60]
	at com.dotcms.vanityurl.filters.VanityURLFilter.doFilter(VanityURLFilter.java:114) ~[dotcms_null.jar:?]
	at org.apache.catalina.core.ApplicationFilterChain.internalDoFilter(ApplicationFilterChain.java:189) ~[catalina.jar:9.0.60]
	at org.apache.catalina.core.ApplicationFilterChain.doFilter(ApplicationFilterChain.java:162) ~[catalina.jar:9.0.60]
	at org.tuckey.web.filters.urlrewrite.RuleChain.handleRewrite(RuleChain.java:176) ~[urlrewritefilter-4.0.4.jar:4.0.4]
	at org.tuckey.web.filters.urlrewrite.RuleChain.doRules(RuleChain.java:145) ~[urlrewritefilter-4.0.4.jar:4.0.4]
	at org.tuckey.web.filters.urlrewrite.UrlRewriter.processRequest(UrlRewriter.java:92) ~[urlrewritefilter-4.0.4.jar:4.0.4]
	at org.tuckey.web.filters.urlrewrite.UrlRewriteFilter.doFilter(UrlRewriteFilter.java:389) ~[urlrewritefilter-4.0.4.jar:4.0.4]
	at org.apache.catalina.core.ApplicationFilterChain.internalDoFilter(ApplicationFilterChain.java:189) ~[catalina.jar:9.0.60]
	at org.apache.catalina.core.ApplicationFilterChain.doFilter(ApplicationFilterChain.java:162) ~[catalina.jar:9.0.60]
	at com.dotmarketing.filters.TimeMachineFilter.doFilter(TimeMachineFilter.java:67) ~[dotcms_null.jar:?]
	at org.apache.catalina.core.ApplicationFilterChain.internalDoFilter(ApplicationFilterChain.java:189) ~[catalina.jar:9.0.60]
	at org.apache.catalina.core.ApplicationFilterChain.doFilter(ApplicationFilterChain.java:162) ~[catalina.jar:9.0.60]
	at com.dotmarketing.filters.ThreadNameFilter.doFilter(ThreadNameFilter.java:88) ~[dotcms_null.jar:?]
	at org.apache.catalina.core.ApplicationFilterChain.internalDoFilter(ApplicationFilterChain.java:189) ~[catalina.jar:9.0.60]
	at org.apache.catalina.core.ApplicationFilterChain.doFilter(ApplicationFilterChain.java:162) ~[catalina.jar:9.0.60]
	at com.dotmarketing.filters.CookiesFilter.doFilter(CookiesFilter.java:53) ~[dotcms_null.jar:?]
	at org.apache.catalina.core.ApplicationFilterChain.internalDoFilter(ApplicationFilterChain.java:189) ~[catalina.jar:9.0.60]
	at org.apache.catalina.core.ApplicationFilterChain.doFilter(ApplicationFilterChain.java:162) ~[catalina.jar:9.0.60]
	at com.dotmarketing.filters.CharsetEncodingFilter.doFilter(CharsetEncodingFilter.java:99) ~[dotcms_null.jar:?]
	at org.apache.catalina.core.ApplicationFilterChain.internalDoFilter(ApplicationFilterChain.java:189) ~[catalina.jar:9.0.60]
	at org.apache.catalina.core.ApplicationFilterChain.doFilter(ApplicationFilterChain.java:162) ~[catalina.jar:9.0.60]
	at com.dotcms.filters.interceptor.AbstractWebInterceptorSupportFilter.doFilter(AbstractWebInterceptorSupportFilter.java:90) ~[dotcms_null.jar:?]
	at org.apache.catalina.core.ApplicationFilterChain.internalDoFilter(ApplicationFilterChain.java:189) ~[catalina.jar:9.0.60]
	at org.apache.catalina.core.ApplicationFilterChain.doFilter(ApplicationFilterChain.java:162) ~[catalina.jar:9.0.60]
	at org.apache.catalina.filters.HttpHeaderSecurityFilter.doFilter(HttpHeaderSecurityFilter.java:126) ~[catalina.jar:9.0.60]
	at org.apache.catalina.core.ApplicationFilterChain.internalDoFilter(ApplicationFilterChain.java:189) ~[catalina.jar:9.0.60]
	at org.apache.catalina.core.ApplicationFilterChain.doFilter(ApplicationFilterChain.java:162) ~[catalina.jar:9.0.60]
	at com.dotcms.filters.NormalizationFilter.doFilter(NormalizationFilter.java:88) ~[dotcms_null.jar:?]
	at org.apache.catalina.core.ApplicationFilterChain.internalDoFilter(ApplicationFilterChain.java:189) ~[catalina.jar:9.0.60]
	at org.apache.catalina.core.ApplicationFilterChain.doFilter(ApplicationFilterChain.java:162) ~[catalina.jar:9.0.60]
	at org.apache.catalina.core.StandardWrapperValve.invoke(StandardWrapperValve.java:197) ~[catalina.jar:9.0.60]
	at org.apache.catalina.core.StandardContextValve.invoke(StandardContextValve.java:97) ~[catalina.jar:9.0.60]
	at org.apache.catalina.authenticator.AuthenticatorBase.invoke(AuthenticatorBase.java:541) ~[catalina.jar:9.0.60]
	at org.apache.catalina.core.StandardHostValve.invoke(StandardHostValve.java:135) ~[catalina.jar:9.0.60]
	at org.apache.catalina.valves.AbstractAccessLogValve.invoke(AbstractAccessLogValve.java:687) ~[catalina.jar:9.0.60]
	at org.apache.catalina.valves.ErrorReportValve.invoke(ErrorReportValve.java:92) ~[catalina.jar:9.0.60]
	at org.apache.catalina.valves.RemoteIpValve.invoke(RemoteIpValve.java:769) ~[catalina.jar:9.0.60]
	at org.apache.catalina.core.StandardEngineValve.invoke(StandardEngineValve.java:78) ~[catalina.jar:9.0.60]
	at org.apache.catalina.connector.CoyoteAdapter.service(CoyoteAdapter.java:360) ~[catalina.jar:9.0.60]
	at org.apache.coyote.http11.Http11Processor.service(Http11Processor.java:399) ~[tomcat-coyote.jar:9.0.60]
	at org.apache.coyote.AbstractProcessorLight.process(AbstractProcessorLight.java:65) ~[tomcat-coyote.jar:9.0.60]
	at org.apache.coyote.AbstractProtocol$ConnectionHandler.process(AbstractProtocol.java:889) ~[tomcat-coyote.jar:9.0.60]
	at org.apache.tomcat.util.net.Nio2Endpoint$SocketProcessor.doRun(Nio2Endpoint.java:1701) ~[tomcat-coyote.jar:9.0.60]
	at org.apache.tomcat.util.net.SocketProcessorBase.run(SocketProcessorBase.java:49) ~[tomcat-coyote.jar:9.0.60]
	at org.apache.tomcat.util.net.AbstractEndpoint.processSocket(AbstractEndpoint.java:1190) ~[tomcat-coyote.jar:9.0.60]
	at org.apache.tomcat.util.net.Nio2Endpoint$Nio2SocketWrapper$2.completed(Nio2Endpoint.java:633) ~[tomcat-coyote.jar:9.0.60]
	at org.apache.tomcat.util.net.Nio2Endpoint$Nio2SocketWrapper$2.completed(Nio2Endpoint.java:611) ~[tomcat-coyote.jar:9.0.60]
	at sun.nio.ch.Invoker.invokeUnchecked(Invoker.java:127) ~[?:?]
	at sun.nio.ch.UnixAsynchronousSocketChannelImpl.finishRead(UnixAsynchronousSocketChannelImpl.java:439) ~[?:?]
	at sun.nio.ch.UnixAsynchronousSocketChannelImpl.finish(UnixAsynchronousSocketChannelImpl.java:191) ~[?:?]
	at sun.nio.ch.UnixAsynchronousSocketChannelImpl.onEvent(UnixAsynchronousSocketChannelImpl.java:213) ~[?:?]
	at sun.nio.ch.EPollPort$EventHandlerTask.run(EPollPort.java:306) ~[?:?]
	at sun.nio.ch.AsynchronousChannelGroupImpl$1.run(AsynchronousChannelGroupImpl.java:112) ~[?:?]
	at java.util.concurrent.ThreadPoolExecutor.runWorker(ThreadPoolExecutor.java:1128) ~[?:?]
	at java.util.concurrent.ThreadPoolExecutor$Worker.run(ThreadPoolExecutor.java:628) ~[?:?]
	at java.lang.Thread.run(Thread.java:829) [?:?]
Caused by: com.liferay.portal.auth.AuthException
	at com.dotcms.cms.login.LoginServiceAPIFactory$LoginServiceImpl.doActionLogin(LoginServiceAPIFactory.java:299) ~[dotcms_null.jar:?]
	at com.dotcms.rest.WebResource.authenticateUser(WebResource.java:613) ~[dotcms_null.jar:?]
	... 89 more
[16/05/23 00:04:05:498 UTC]  INFO util.SecurityLogger: class com.dotcms.rest.api.v1.authentication.ResponseUtil : Authentication credentials are required -- ip:172.19.0.1,user:null
[16/05/23 00:04:10:700 UTC]  INFO util.SecurityLogger: class com.dotcms.cms.login.LoginServiceAPIFactory$LoginServiceImpl : An invalid attempt to login as dotcms.org.1 has been made from IP: 172.19.0.1 -- ip:172.19.0.1,user:null
[16/05/23 00:04:10:700 UTC]  WARN rest.WebResource: Request IP: 172.19.0.1. Can't authenticate user. Username: admin@dotcms.com
[16/05/23 00:04:10:700 UTC]  WARN rest.WebResource: InitDataObject Error: uri:/api/bundle err:Authentication credentials are required
[16/05/23 00:04:10:700 UTC]  WARN rest.WebResource: Authentication credentials are required
[16/05/23 00:04:10:700 UTC]  WARN rest.WebResource: com.dotcms.rest.WebResource.authenticateUser(WebResource.java:633)
