[09/06/23 19:29:21:827 UTC]  INFO loggers.Log4jUtil: Async Logger enabled: true
[09/06/23 19:29:21:838 UTC]  INFO listeners.ContextLifecycleListener: Installing the web socket
[09/06/23 19:29:23:083 UTC]  INFO business.CacheLocator: loading cache administrator: ChainableCacheAdministratorImpl
[09/06/23 19:29:23:648 UTC]  INFO db.DataSourceStrategyProvider: Datasource loaded using custom class com.dotmarketing.db.SystemEnvDataSourceStrategy
[09/06/23 19:29:23:674 UTC]  INFO cfg.Environment: Hibernate 2.1.8
[09/06/23 19:29:23:678 UTC]  INFO cfg.Environment: hibernate.properties not found
[09/06/23 19:29:23:680 UTC]  INFO cfg.Environment: using CGLIB reflection optimizer
[09/06/23 19:29:23:683 UTC]  INFO cfg.Environment: using JDK 1.4 java.sql.Timestamp handling
[09/06/23 19:29:23:687 UTC]  INFO cfg.Configuration: configuring from resource: /hibernate.cfg.xml
[09/06/23 19:29:23:688 UTC]  INFO cfg.Configuration: Configuration resource: /hibernate.cfg.xml
[09/06/23 19:29:23:821 UTC]  INFO cfg.Configuration: Configured SessionFactory: null
[09/06/23 19:29:23:822 UTC]  INFO cfg.Configuration: Mapping resource: META-INF/portal-hbm.xml
[09/06/23 19:29:23:902 UTC]  INFO cfg.Binder: Mapping class: com.liferay.portal.ejb.AddressHBM -> Address
[09/06/23 19:29:23:983 UTC]  INFO cfg.Binder: Mapping class: com.liferay.portal.ejb.CompanyHBM -> Company
[09/06/23 19:29:23:986 UTC]  INFO cfg.Binder: Mapping class: com.liferay.portal.ejb.ImageHBM -> Image
[09/06/23 19:29:23:988 UTC]  INFO cfg.Binder: Mapping class: com.liferay.portal.ejb.PasswordTrackerHBM -> PasswordTracker
[09/06/23 19:29:23:990 UTC]  INFO cfg.Binder: Mapping class: com.liferay.portal.ejb.UserHBM -> User_
[09/06/23 19:29:23:996 UTC]  INFO cfg.Binder: Mapping class: com.liferay.portal.ejb.UserTrackerHBM -> UserTracker
[09/06/23 19:29:24:003 UTC]  INFO cfg.Binder: Mapping class: com.liferay.portal.ejb.UserTrackerPathHBM -> UserTrackerPath
[09/06/23 19:29:24:006 UTC]  INFO cfg.Binder: Mapping class: com.liferay.portlet.admin.ejb.AdminConfigHBM -> AdminConfig
[09/06/23 19:29:24:059 UTC]  INFO cfg.Configuration: Mapping resource: com/dotmarketing/beans/DotCMSSeq.hbm.xml
[09/06/23 19:29:24:084 UTC]  INFO cfg.Binder: Mapping class: com.dotmarketing.beans.Inode -> inode
[09/06/23 19:29:24:115 UTC]  INFO cfg.Binder: Mapping joined-subclass: com.dotmarketing.portlets.containers.model.Container -> dot_containers
[09/06/23 19:29:24:118 UTC]  INFO cfg.Binder: Mapping joined-subclass: com.dotmarketing.portlets.links.model.Link -> links
[09/06/23 19:29:24:125 UTC]  INFO cfg.Binder: Mapping joined-subclass: com.dotmarketing.portlets.structure.model.Field -> field
[09/06/23 19:29:24:127 UTC]  INFO cfg.Binder: Mapping class: com.dotmarketing.portlets.workflows.model.WorkflowTask -> workflow_task
[09/06/23 19:29:24:132 UTC]  INFO cfg.Binder: Mapping class: com.dotmarketing.portlets.workflows.model.WorkflowComment -> workflow_comment
[09/06/23 19:29:24:134 UTC]  INFO cfg.Binder: Mapping class: com.dotmarketing.portlets.workflows.model.WorkflowHistory -> workflow_history
[09/06/23 19:29:24:140 UTC]  INFO cfg.Binder: Mapping class: com.dotmarketing.portlets.workflows.model.WorkFlowTaskFiles -> workflowtask_files
[09/06/23 19:29:24:148 UTC]  INFO cfg.Binder: Mapping class: com.dotmarketing.beans.Permission -> permission
[09/06/23 19:29:24:150 UTC]  INFO cfg.Binder: Mapping class: com.dotmarketing.beans.PermissionReference -> permission_reference
[09/06/23 19:29:24:152 UTC]  INFO cfg.Binder: Mapping class: com.dotmarketing.beans.Tree -> tree
[09/06/23 19:29:24:295 UTC]  INFO cfg.Binder: Mapping class: com.dotmarketing.beans.MultiTree -> multi_tree
[09/06/23 19:29:24:319 UTC]  INFO util.ReflectHelper: reflection optimizer disabled for: com.dotmarketing.beans.MultiTree, BulkBeanException: Index 1 out of bounds for length 0 (property setParent1)
[09/06/23 19:29:24:321 UTC]  INFO cfg.Binder: Mapping class: com.dotmarketing.beans.Clickstream -> clickstream
[09/06/23 19:29:24:332 UTC]  INFO cfg.Binder: Mapping class: com.dotmarketing.beans.ClickstreamRequest -> clickstream_request
[09/06/23 19:29:24:334 UTC]  INFO cfg.Binder: Mapping class: com.dotmarketing.beans.Clickstream404 -> clickstream_404
[09/06/23 19:29:24:336 UTC]  INFO cfg.Binder: Mapping class: com.dotmarketing.tag.model.Tag -> tag
[09/06/23 19:29:24:338 UTC]  INFO cfg.Binder: Mapping class: com.dotmarketing.tag.model.TagInode -> tag_inode
[09/06/23 19:29:24:364 UTC]  INFO cfg.Binder: Mapping class: com.dotmarketing.beans.ChallengeQuestion -> challenge_question
[09/06/23 19:29:24:365 UTC]  INFO cfg.Binder: Mapping class: com.dotmarketing.beans.UsersToDelete -> users_to_delete
[09/06/23 19:29:24:367 UTC]  INFO cfg.Binder: Mapping class: com.dotmarketing.plugin.model.Plugin -> plugin
[09/06/23 19:29:24:373 UTC]  INFO cfg.Binder: Mapping class: com.dotmarketing.business.Role -> cms_role
[09/06/23 19:29:24:377 UTC]  INFO cfg.Binder: Mapping class: com.dotmarketing.business.UsersRoles -> users_cms_roles
[09/06/23 19:29:24:379 UTC]  INFO cfg.Binder: Mapping class: com.dotmarketing.business.LayoutsRoles -> layouts_cms_roles
[09/06/23 19:29:24:380 UTC]  INFO cfg.Binder: Mapping class: com.dotmarketing.business.Layout -> cms_layout
[09/06/23 19:29:24:381 UTC]  INFO cfg.Binder: Mapping class: com.dotmarketing.business.PortletsLayouts -> cms_layouts_portlets
[09/06/23 19:29:24:383 UTC]  INFO cfg.Binder: Mapping class: com.dotmarketing.portlets.hostvariable.model.HostVariable -> host_variable
[09/06/23 19:29:24:385 UTC]  INFO cfg.Binder: Mapping class: com.dotmarketing.beans.FixAudit -> fixes_audit
[09/06/23 19:29:24:387 UTC]  INFO cfg.Binder: Mapping class: com.dotmarketing.beans.ContainerStructure -> container_structures
[09/06/23 19:29:24:390 UTC]  INFO cfg.Binder: Mapping class: com.dotmarketing.portlets.templates.model.TemplateVersionInfo -> template_version_info
[09/06/23 19:29:24:395 UTC]  INFO cfg.Binder: Mapping class: com.dotmarketing.portlets.containers.model.ContainerVersionInfo -> container_version_info
[09/06/23 19:29:24:397 UTC]  INFO cfg.Binder: Mapping class: com.dotmarketing.portlets.links.model.LinkVersionInfo -> link_version_info
[09/06/23 19:29:24:398 UTC]  INFO cfg.Configuration: Mapping resource: com/dotmarketing/beans/DotCMSSeq_NOSQLGEN.hbm.xml
[09/06/23 19:29:24:406 UTC]  INFO cfg.Binder: Mapping class: com.dotmarketing.plugin.model.PluginProperty -> plugin_property
[09/06/23 19:29:24:434 UTC]  INFO cfg.Configuration: processing one-to-many association mappings
[09/06/23 19:29:24:435 UTC]  INFO cfg.Binder: Mapping collection: com.dotmarketing.beans.Clickstream.clickstreamRequests -> clickstream_request
[09/06/23 19:29:24:436 UTC]  INFO cfg.Configuration: processing one-to-one association property references
[09/06/23 19:29:24:436 UTC]  INFO cfg.Configuration: processing foreign key constraints
[09/06/23 19:29:24:448 UTC]  INFO dialect.Dialect: Using dialect: com.dotcms.repackage.net.sf.hibernate.dialect.PostgreSQLDialect
[09/06/23 19:29:24:451 UTC]  INFO cfg.SettingsFactory: Use outer join fetching: true
[09/06/23 19:29:24:454 UTC]  WARN connection.UserSuppliedConnectionProvider: No connection properties specified - the user must supply JDBC connections
[09/06/23 19:29:24:459 UTC]  INFO transaction.TransactionManagerLookupFactory: No TransactionManagerLookup configured (in JTA environment, use of process level read-write cache is not recommended)
[09/06/23 19:29:24:460 UTC]  INFO cfg.SettingsFactory: Use scrollable result sets: true
[09/06/23 19:29:24:461 UTC]  INFO cfg.SettingsFactory: Use JDBC3 getGeneratedKeys(): false
[09/06/23 19:29:24:461 UTC]  INFO cfg.SettingsFactory: Optimize cache for minimal puts: false
[09/06/23 19:29:24:462 UTC]  INFO cfg.SettingsFactory: Query language substitutions: {}
[09/06/23 19:29:24:463 UTC]  INFO cfg.SettingsFactory: cache provider: com.dotmarketing.db.NoCacheProvider
[09/06/23 19:29:24:464 UTC]  INFO cfg.Configuration: instantiating and configuring caches
[09/06/23 19:29:24:475 UTC]  INFO impl.SessionFactoryImpl: building session factory
[09/06/23 19:29:24:542 UTC]  INFO util.ReflectHelper: reflection optimizer disabled for: com.dotmarketing.beans.MultiTree, BulkBeanException: Index 1 out of bounds for length 0 (property setTreeOrder)
[09/06/23 19:29:24:962 UTC]  INFO impl.SessionFactoryObjectFactory: Not binding factory to JNDI, no JNDI name configured
[09/06/23 19:29:25:109 UTC]  WARN lang.System: No Valid License Found : /data/local/dotsecure/license/license.dat
[09/06/23 19:29:25:110 UTC]  INFO enterprise.LicenseUtil: Setting up default license
[09/06/23 19:29:25:501 UTC]  INFO servlet.VisitorFilter: VisitorLogger Filter Started
[09/06/23 19:29:25:777 UTC]  INFO util.SystemProperties: Loading file:/srv/dotserver/tomcat-9.0.60/webapps/ROOT/WEB-INF/classes/system.properties
[09/06/23 19:29:25:777 UTC]  INFO util.SystemProperties: Loading file:/srv/dotserver/tomcat-9.0.60/webapps/ROOT/WEB-INF/classes/system-ext.properties
[09/06/23 19:29:25:785 UTC]  INFO util.SystemProperties: Loading file:/srv/dotserver/tomcat-9.0.60/webapps/ROOT/WEB-INF/classes/system.properties
[09/06/23 19:29:25:785 UTC]  INFO util.SystemProperties: Loading file:/srv/dotserver/tomcat-9.0.60/webapps/ROOT/WEB-INF/classes/system-ext.properties
[09/06/23 19:29:26:377 UTC]  INFO util.PropsLoader: Loading file:/srv/dotserver/tomcat-9.0.60/webapps/ROOT/WEB-INF/classes/portal.properties
[09/06/23 19:29:26:379 UTC]  INFO util.PropsLoader: Loading file:/srv/dotserver/tomcat-9.0.60/webapps/ROOT/WEB-INF/classes/portal-ext.properties
[09/06/23 19:29:27:059 UTC]  WARN impl.SessionImpl: finalizing unclosed session with closed connection
[09/06/23 19:29:29:304 UTC]  INFO tiles.TilesPlugin: Tiles definition factory loaded for module ''.
[09/06/23 19:29:29:310 UTC]  INFO validator.ValidatorPlugIn: Loading validation rules file from '/WEB-INF/validator-rules.xml'
[09/06/23 19:29:29:311 UTC]  INFO validator.ValidatorPlugIn: Loading validation rules file from '/WEB-INF/validation.xml'
[09/06/23 19:29:29:574 UTC]  INFO util.RestHighLevelClientProvider: disabling String.intern() in Jackson
[09/06/23 19:29:29:578 UTC]  WARN util.DotRestHighLevelClientProvider: Elastic RestHighLevelClient will be initialized without certificates
[09/06/23 19:29:29:584 UTC]  INFO util.DotRestHighLevelClientProvider: Initializing Elastic RestHighLevelClient using Basic authentication
[09/06/23 19:29:29:601 UTC]  INFO util.DotRestHighLevelClientProvider: Initializing Elastic RestHighLevelClient using endpoints [
[09/06/23 19:29:29:606 UTC]  INFO util.DotRestHighLevelClientProvider:   - http://elasticsearch:9200
[09/06/23 19:29:29:606 UTC]  INFO util.DotRestHighLevelClientProvider: ]
[09/06/23 19:29:29:607 UTC]  WARN util.DotRestHighLevelClientProvider: Initializing Elastic RestHighLevelClient using an unsecured http connection
[09/06/23 19:29:30:056 UTC]  INFO util.DotRestHighLevelClientProvider: RestHighLevelClientProvider com.dotcms.content.elasticsearch.util.DotRestHighLevelClientProvider loaded successfully
[09/06/23 19:29:30:476 UTC]  INFO startup.StartupTasksExecutor: Running Startup Tasks
[09/06/23 19:29:30:559 UTC]  INFO runalways.Task00001LoadSchema: -------------------------------------------------------------------------------------
[09/06/23 19:29:30:559 UTC]  INFO runalways.Task00001LoadSchema: 
[09/06/23 19:29:30:561 UTC]  INFO runalways.Task00001LoadSchema: Empty dotCMS database found.  Loading initial dotCMS schema for PostgreSQL
[09/06/23 19:29:30:564 UTC]  INFO runalways.Task00001LoadSchema: 
[09/06/23 19:29:30:565 UTC]  INFO runalways.Task00001LoadSchema: -------------------------------------------------------------------------------------
[09/06/23 19:29:30:567 UTC]  INFO startup.StartupTasksExecutor: Running Startup Tasks : Task00001LoadSchema
[09/06/23 19:29:30:569 UTC]  INFO runalways.Task00001LoadSchema: Loading schema
[09/06/23 19:29:30:978 UTC]  INFO runalways.Task00001LoadSchema: Schema created (507 statements executed)
[09/06/23 19:29:30:987 UTC]  INFO timedcache.TimedCacheProvider: ===== Initializing [Timed Cache Provider].
[09/06/23 19:29:30:989 UTC]  INFO timedcache.TimedCacheProvider: ***	 Cache Config Memory : esquerycache: 10000
[09/06/23 19:29:30:989 UTC]  INFO timedcache.TimedCacheProvider: ***	 Cache Config Memory : esquerycountcache: 10000
[09/06/23 19:29:30:989 UTC]  INFO timedcache.TimedCacheProvider: ***	 Cache Config Memory : graphqlquerycache: 5000
[09/06/23 19:29:30:989 UTC]  INFO timedcache.TimedCacheProvider: ***	 Cache Config Memory : default: 1000
[09/06/23 19:29:30:989 UTC]  INFO timedcache.TimedCacheProvider: ***	 Cache Config Memory : adminconfigpool: 100
[09/06/23 19:29:30:989 UTC]  INFO timedcache.TimedCacheProvider: ***	 Cache Config Memory : companypool: 10
[09/06/23 19:29:30:989 UTC]  INFO timedcache.TimedCacheProvider: ***	 Cache Config Memory : contentletcache: 5000
[09/06/23 19:29:30:992 UTC]  INFO timedcache.TimedCacheProvider: ***	 Cache Config Memory : categoryparentscache: 30000
[09/06/23 19:29:30:992 UTC]  INFO timedcache.TimedCacheProvider: ***	 Cache Config Memory : taginodecache: 50000
[09/06/23 19:29:30:992 UTC]  INFO timedcache.TimedCacheProvider: ***	 Cache Config Memory : taginodesbyinodecache: 50000
[09/06/23 19:29:30:994 UTC]  INFO timedcache.TimedCacheProvider: ***	 Cache Config Memory : tagcache: 50000
[09/06/23 19:29:30:994 UTC]  INFO timedcache.TimedCacheProvider: ***	 Cache Config Memory : csscache: 2500
[09/06/23 19:29:30:994 UTC]  INFO timedcache.TimedCacheProvider: ***	 Cache Config Memory : assetmetadatacache: 10000
[09/06/23 19:29:30:994 UTC]  INFO timedcache.TimedCacheProvider: ***	 Cache Config Memory : identifiercache: 50000
[09/06/23 19:29:30:994 UTC]  INFO timedcache.TimedCacheProvider: ***	 Cache Config Memory : identifier404cache: 30000
[09/06/23 19:29:30:994 UTC]  INFO timedcache.TimedCacheProvider: ***	 Cache Config Memory : indiciescache: 8
[09/06/23 19:29:30:997 UTC]  INFO timedcache.TimedCacheProvider: ***	 Cache Config Memory : logmappercache: 10
[09/06/23 19:29:30:997 UTC]  INFO timedcache.TimedCacheProvider: ***	 Cache Config Memory : navcache: 1000
[09/06/23 19:29:30:997 UTC]  INFO timedcache.TimedCacheProvider: ***	 Cache Config Memory : parentpermissionablecache: 10000
[09/06/23 19:29:30:997 UTC]  INFO timedcache.TimedCacheProvider: ***	 Cache Config Memory : permissioncache: 50000
[09/06/23 19:29:30:997 UTC]  INFO timedcache.TimedCacheProvider: ***	 Cache Config Memory : portletpool: 100
[09/06/23 19:29:30:997 UTC]  INFO timedcache.TimedCacheProvider: ***	 Cache Config Memory : publishingendpointcache: 100
[09/06/23 19:29:30:997 UTC]  INFO timedcache.TimedCacheProvider: ***	 Cache Config Memory : pushedassetscache: 5000
[09/06/23 19:29:30:997 UTC]  INFO timedcache.TimedCacheProvider: ***	 Cache Config Memory : templatecache: 500
[09/06/23 19:29:30:997 UTC]  INFO timedcache.TimedCacheProvider: ***	 Cache Config Memory : translatedquerycache: 5000
[09/06/23 19:29:30:997 UTC]  INFO timedcache.TimedCacheProvider: ***	 Cache Config Memory : versioncache: 50000
[09/06/23 19:29:30:997 UTC]  INFO timedcache.TimedCacheProvider: ***	 Cache Config Memory : versioninfocache: 50000
[09/06/23 19:29:30:997 UTC]  INFO timedcache.TimedCacheProvider: ***	 Cache Config Memory : workflowactioncache: 10000
[09/06/23 19:29:30:997 UTC]  INFO timedcache.TimedCacheProvider: ***	 Cache Config Memory : workflowtaskcache: 10000
[09/06/23 19:29:30:997 UTC]  INFO timedcache.TimedCacheProvider: ***	 Cache Config Memory : shortyidcache: 25000
[09/06/23 19:29:30:997 UTC]  INFO timedcache.TimedCacheProvider: ***	 Cache Config Memory : velocitycache: 5000
[09/06/23 19:29:30:997 UTC]  INFO timedcache.TimedCacheProvider: ***	 Cache Config Memory : vanityurldirectcache: 25000
[09/06/23 19:29:30:997 UTC]  INFO timedcache.TimedCacheProvider: ***	 Cache Config Memory : vanityurlsitecache: 5000
[09/06/23 19:29:30:998 UTC]  INFO h22.H22Cache: Start Full Cache Flush in h22
[09/06/23 19:29:30:998 UTC]  INFO h22.H22Cache: Building new H22 Cache, db:0
[09/06/23 19:29:31:014 UTC]  INFO h22.H22HikariPool: H22 on disk cache:jdbc:h2:/data/local/dotsecure/h22cache/0/2023-06-09_19-29-30/cache;MVCC=TRUE;DB_CLOSE_ON_EXIT=FALSE
[09/06/23 19:29:31:190 UTC]  INFO h22.H22Cache: Building new H22 Cache, db:1
[09/06/23 19:29:31:190 UTC]  INFO h22.H22HikariPool: H22 on disk cache:jdbc:h2:/data/local/dotsecure/h22cache/1/2023-06-09_19-29-31/cache;MVCC=TRUE;DB_CLOSE_ON_EXIT=FALSE
[09/06/23 19:29:31:241 UTC]  INFO h22.H22Cache: End Full Cache Flush in h22 : 243ms
[09/06/23 19:29:34:261 UTC]  INFO timedcache.TimedCacheProvider: ===== Initializing [Timed Cache Provider].
[09/06/23 19:29:34:261 UTC]  INFO timedcache.TimedCacheProvider: ***	 Cache Config Memory : esquerycache: 10000
[09/06/23 19:29:34:262 UTC]  INFO timedcache.TimedCacheProvider: ***	 Cache Config Memory : esquerycountcache: 10000
[09/06/23 19:29:34:262 UTC]  INFO timedcache.TimedCacheProvider: ***	 Cache Config Memory : graphqlquerycache: 5000
[09/06/23 19:29:34:262 UTC]  INFO timedcache.TimedCacheProvider: ***	 Cache Config Memory : default: 1000
[09/06/23 19:29:34:262 UTC]  INFO timedcache.TimedCacheProvider: ***	 Cache Config Memory : adminconfigpool: 100
[09/06/23 19:29:34:262 UTC]  INFO timedcache.TimedCacheProvider: ***	 Cache Config Memory : companypool: 10
[09/06/23 19:29:34:262 UTC]  INFO timedcache.TimedCacheProvider: ***	 Cache Config Memory : contentletcache: 5000
[09/06/23 19:29:34:262 UTC]  INFO timedcache.TimedCacheProvider: ***	 Cache Config Memory : categoryparentscache: 30000
[09/06/23 19:29:34:262 UTC]  INFO timedcache.TimedCacheProvider: ***	 Cache Config Memory : taginodecache: 50000
[09/06/23 19:29:34:262 UTC]  INFO timedcache.TimedCacheProvider: ***	 Cache Config Memory : taginodesbyinodecache: 50000
[09/06/23 19:29:34:262 UTC]  INFO timedcache.TimedCacheProvider: ***	 Cache Config Memory : tagcache: 50000
[09/06/23 19:29:34:262 UTC]  INFO timedcache.TimedCacheProvider: ***	 Cache Config Memory : csscache: 2500
[09/06/23 19:29:34:262 UTC]  INFO timedcache.TimedCacheProvider: ***	 Cache Config Memory : assetmetadatacache: 10000
[09/06/23 19:29:34:263 UTC]  INFO timedcache.TimedCacheProvider: ***	 Cache Config Memory : identifiercache: 50000
[09/06/23 19:29:34:263 UTC]  INFO timedcache.TimedCacheProvider: ***	 Cache Config Memory : identifier404cache: 30000
[09/06/23 19:29:34:263 UTC]  INFO timedcache.TimedCacheProvider: ***	 Cache Config Memory : indiciescache: 8
[09/06/23 19:29:34:263 UTC]  INFO timedcache.TimedCacheProvider: ***	 Cache Config Memory : logmappercache: 10
[09/06/23 19:29:34:263 UTC]  INFO timedcache.TimedCacheProvider: ***	 Cache Config Memory : navcache: 1000
[09/06/23 19:29:34:264 UTC]  INFO timedcache.TimedCacheProvider: ***	 Cache Config Memory : parentpermissionablecache: 10000
[09/06/23 19:29:34:264 UTC]  INFO timedcache.TimedCacheProvider: ***	 Cache Config Memory : permissioncache: 50000
[09/06/23 19:29:34:264 UTC]  INFO timedcache.TimedCacheProvider: ***	 Cache Config Memory : portletpool: 100
[09/06/23 19:29:34:264 UTC]  INFO timedcache.TimedCacheProvider: ***	 Cache Config Memory : publishingendpointcache: 100
[09/06/23 19:29:34:264 UTC]  INFO timedcache.TimedCacheProvider: ***	 Cache Config Memory : pushedassetscache: 5000
[09/06/23 19:29:34:264 UTC]  INFO timedcache.TimedCacheProvider: ***	 Cache Config Memory : templatecache: 500
[09/06/23 19:29:34:264 UTC]  INFO timedcache.TimedCacheProvider: ***	 Cache Config Memory : translatedquerycache: 5000
[09/06/23 19:29:34:264 UTC]  INFO timedcache.TimedCacheProvider: ***	 Cache Config Memory : versioncache: 50000
[09/06/23 19:29:34:264 UTC]  INFO timedcache.TimedCacheProvider: ***	 Cache Config Memory : versioninfocache: 50000
[09/06/23 19:29:34:264 UTC]  INFO timedcache.TimedCacheProvider: ***	 Cache Config Memory : workflowactioncache: 10000
[09/06/23 19:29:34:265 UTC]  INFO timedcache.TimedCacheProvider: ***	 Cache Config Memory : workflowtaskcache: 10000
[09/06/23 19:29:34:265 UTC]  INFO timedcache.TimedCacheProvider: ***	 Cache Config Memory : shortyidcache: 25000
[09/06/23 19:29:34:265 UTC]  INFO timedcache.TimedCacheProvider: ***	 Cache Config Memory : velocitycache: 5000
[09/06/23 19:29:34:265 UTC]  INFO timedcache.TimedCacheProvider: ***	 Cache Config Memory : vanityurldirectcache: 25000
[09/06/23 19:29:34:265 UTC]  INFO timedcache.TimedCacheProvider: ***	 Cache Config Memory : vanityurlsitecache: 5000
[09/06/23 19:29:34:265 UTC]  INFO h22.H22Cache: Start Full Cache Flush in h22
[09/06/23 19:29:34:265 UTC]  INFO h22.H22Cache: Building new H22 Cache, db:0
[09/06/23 19:29:34:265 UTC]  INFO h22.H22HikariPool: H22 on disk cache:jdbc:h2:/data/local/dotsecure/h22cache/0/2023-06-09_19-29-34/cache;MVCC=TRUE;DB_CLOSE_ON_EXIT=FALSE
[09/06/23 19:29:34:364 UTC]  INFO h22.H22Cache: Building new H22 Cache, db:1
[09/06/23 19:29:34:366 UTC]  INFO h22.H22HikariPool: H22 on disk cache:jdbc:h2:/data/local/dotsecure/h22cache/1/2023-06-09_19-29-34/cache;MVCC=TRUE;DB_CLOSE_ON_EXIT=FALSE
[09/06/23 19:29:34:455 UTC]  INFO h22.H22Cache: End Full Cache Flush in h22 : 190ms
[09/06/23 19:29:34:457 UTC]  INFO startup.StartupTasksExecutor: Not Running Startup Tasks: Task00002LoadClusterLicenses
[09/06/23 19:29:34:457 UTC]  INFO startup.StartupTasksExecutor: Running Startup Tasks : Task00003CreateSystemRoles
[09/06/23 19:29:34:466 UTC]  INFO startup.StartupTasksExecutor: Running Startup Tasks : Task00004LoadStarter
[09/06/23 19:29:34:479 UTC]  INFO db.DotCMSInitDb: There are no inodes - initializing db with starter site
[09/06/23 19:29:34:513 UTC]  INFO starter.ImportStarterUtil: Found 21 files to import
[09/06/23 19:29:34:515 UTC]  WARN util.FileUtil: /data/local/dotsecure/backup/temp/assets/messages/cms_language_en_US.properties is empty
[09/06/23 19:29:34:517 UTC]  WARN util.FileUtil: /data/local/dotsecure/backup/temp/assets/messages/cms_language_es_ES.properties is empty
[09/06/23 19:29:34:518 UTC]  WARN util.FileUtil: /data/local/dotsecure/backup/temp/assets/messages/cms_language_fr_FR.properties is empty
[09/06/23 19:29:34:519 UTC]  WARN util.FileUtil: /data/local/dotsecure/backup/temp/assets/messages/cms_language_zh_CN.properties is empty
[09/06/23 19:29:34:523 UTC]  INFO starter.ImportStarterUtil: About to delete all records from dot_containers
[09/06/23 19:29:34:524 UTC]  INFO starter.ImportStarterUtil: Deleted all records from dot_containers
[09/06/23 19:29:34:524 UTC]  INFO starter.ImportStarterUtil: About to delete all records from clickstream_404
[09/06/23 19:29:34:525 UTC]  INFO starter.ImportStarterUtil: Deleted all records from clickstream_404
[09/06/23 19:29:34:525 UTC]  INFO starter.ImportStarterUtil: About to delete all records from UserTracker
[09/06/23 19:29:34:525 UTC]  INFO starter.ImportStarterUtil: Deleted all records from UserTracker
[09/06/23 19:29:34:525 UTC]  INFO starter.ImportStarterUtil: About to delete all records from multi_tree
[09/06/23 19:29:34:526 UTC]  INFO starter.ImportStarterUtil: Deleted all records from multi_tree
[09/06/23 19:29:34:526 UTC]  INFO starter.ImportStarterUtil: About to delete all records from challenge_question
[09/06/23 19:29:34:526 UTC]  INFO starter.ImportStarterUtil: Deleted all records from challenge_question
[09/06/23 19:29:34:526 UTC]  INFO starter.ImportStarterUtil: About to delete all records from tag_inode
[09/06/23 19:29:34:527 UTC]  INFO starter.ImportStarterUtil: Deleted all records from tag_inode
[09/06/23 19:29:34:527 UTC]  INFO starter.ImportStarterUtil: About to delete all records from container_version_info
[09/06/23 19:29:34:528 UTC]  INFO starter.ImportStarterUtil: Deleted all records from container_version_info
[09/06/23 19:29:34:528 UTC]  INFO starter.ImportStarterUtil: About to delete all records from clickstream
[09/06/23 19:29:34:531 UTC]  INFO starter.ImportStarterUtil: Deleted all records from clickstream
[09/06/23 19:29:34:531 UTC]  INFO starter.ImportStarterUtil: About to delete all records from tag
[09/06/23 19:29:34:532 UTC]  INFO starter.ImportStarterUtil: Deleted all records from tag
[09/06/23 19:29:34:532 UTC]  INFO starter.ImportStarterUtil: About to delete all records from link_version_info
[09/06/23 19:29:34:534 UTC]  INFO starter.ImportStarterUtil: Deleted all records from link_version_info
[09/06/23 19:29:34:534 UTC]  INFO starter.ImportStarterUtil: About to delete all records from field
[09/06/23 19:29:34:535 UTC]  INFO starter.ImportStarterUtil: Deleted all records from field
[09/06/23 19:29:34:535 UTC]  INFO starter.ImportStarterUtil: About to delete all records from template_version_info
[09/06/23 19:29:34:536 UTC]  INFO starter.ImportStarterUtil: Deleted all records from template_version_info
[09/06/23 19:29:34:536 UTC]  INFO starter.ImportStarterUtil: About to delete all records from workflow_history
[09/06/23 19:29:34:536 UTC]  INFO starter.ImportStarterUtil: Deleted all records from workflow_history
[09/06/23 19:29:34:536 UTC]  INFO starter.ImportStarterUtil: About to delete all records from fixes_audit
[09/06/23 19:29:34:536 UTC]  INFO starter.ImportStarterUtil: Deleted all records from fixes_audit
[09/06/23 19:29:34:536 UTC]  INFO starter.ImportStarterUtil: About to delete all records from permission_reference
[09/06/23 19:29:34:537 UTC]  INFO starter.ImportStarterUtil: Deleted all records from permission_reference
[09/06/23 19:29:34:537 UTC]  INFO starter.ImportStarterUtil: About to delete all records from UserTrackerPath
[09/06/23 19:29:34:537 UTC]  INFO starter.ImportStarterUtil: Deleted all records from UserTrackerPath
[09/06/23 19:29:34:537 UTC]  INFO starter.ImportStarterUtil: About to delete all records from workflow_comment
[09/06/23 19:29:34:538 UTC]  INFO starter.ImportStarterUtil: Deleted all records from workflow_comment
[09/06/23 19:29:34:538 UTC]  INFO starter.ImportStarterUtil: About to delete all records from permission
[09/06/23 19:29:34:538 UTC]  INFO starter.ImportStarterUtil: Deleted all records from permission
[09/06/23 19:29:34:538 UTC]  INFO starter.ImportStarterUtil: About to delete all records from PasswordTracker
[09/06/23 19:29:34:539 UTC]  INFO starter.ImportStarterUtil: Deleted all records from PasswordTracker
[09/06/23 19:29:34:539 UTC]  INFO starter.ImportStarterUtil: About to delete all records from clickstream_request
[09/06/23 19:29:34:539 UTC]  INFO starter.ImportStarterUtil: Deleted all records from clickstream_request
[09/06/23 19:29:34:539 UTC]  INFO starter.ImportStarterUtil: About to delete all records from links
[09/06/23 19:29:34:539 UTC]  INFO starter.ImportStarterUtil: Deleted all records from links
[09/06/23 19:29:34:539 UTC]  INFO starter.ImportStarterUtil: About to delete all records from container_structures
[09/06/23 19:29:34:540 UTC]  INFO starter.ImportStarterUtil: Deleted all records from container_structures
[09/06/23 19:29:34:540 UTC]  INFO starter.ImportStarterUtil: About to delete all records from AdminConfig
[09/06/23 19:29:34:540 UTC]  INFO starter.ImportStarterUtil: Deleted all records from AdminConfig
[09/06/23 19:29:34:540 UTC]  INFO starter.ImportStarterUtil: About to delete all records from workflowtask_files
[09/06/23 19:29:34:540 UTC]  INFO starter.ImportStarterUtil: Deleted all records from workflowtask_files
[09/06/23 19:29:34:540 UTC]  INFO starter.ImportStarterUtil: About to delete all records from workflow_task
[09/06/23 19:29:34:541 UTC]  INFO starter.ImportStarterUtil: Deleted all records from workflow_task
[09/06/23 19:29:34:541 UTC]  INFO starter.ImportStarterUtil: About to delete all records from tree
[09/06/23 19:29:34:542 UTC]  INFO starter.ImportStarterUtil: Deleted all records from tree
[09/06/23 19:29:34:542 UTC]  INFO starter.ImportStarterUtil: About to delete all records from users_to_delete
[09/06/23 19:29:34:542 UTC]  INFO starter.ImportStarterUtil: Deleted all records from users_to_delete
[09/06/23 19:29:34:542 UTC]  INFO starter.ImportStarterUtil: About to delete all records from host_variable
[09/06/23 19:29:34:542 UTC]  INFO starter.ImportStarterUtil: Deleted all records from host_variable
[09/06/23 19:29:34:542 UTC]  INFO starter.ImportStarterUtil: About to delete all records from cms_layouts_portlets
[09/06/23 19:29:34:543 UTC]  INFO starter.ImportStarterUtil: Deleted all records from cms_layouts_portlets
[09/06/23 19:29:34:543 UTC]  INFO starter.ImportStarterUtil: About to delete all records from layouts_cms_roles
[09/06/23 19:29:34:543 UTC]  INFO starter.ImportStarterUtil: Deleted all records from layouts_cms_roles
[09/06/23 19:29:34:543 UTC]  INFO starter.ImportStarterUtil: About to delete all records from users_cms_roles
[09/06/23 19:29:34:543 UTC]  INFO starter.ImportStarterUtil: Deleted all records from users_cms_roles
[09/06/23 19:29:34:543 UTC]  INFO starter.ImportStarterUtil: About to delete all records from cms_role
[09/06/23 19:29:34:548 UTC]  INFO starter.ImportStarterUtil: Deleted all records from cms_role
[09/06/23 19:29:34:548 UTC]  INFO starter.ImportStarterUtil: About to delete all records from cms_layout
[09/06/23 19:29:34:548 UTC]  INFO starter.ImportStarterUtil: Deleted all records from cms_layout
[09/06/23 19:29:34:548 UTC]  INFO starter.ImportStarterUtil: About to delete all records from structure
[09/06/23 19:29:34:548 UTC]  INFO starter.ImportStarterUtil: Deleted all records from structure
[09/06/23 19:29:34:548 UTC]  INFO starter.ImportStarterUtil: About to delete all records from folder
[09/06/23 19:29:34:549 UTC]  INFO starter.ImportStarterUtil: Deleted all records from folder
[09/06/23 19:29:34:549 UTC]  INFO starter.ImportStarterUtil: About to delete all records from identifier
[09/06/23 19:29:34:550 UTC]  INFO starter.ImportStarterUtil: Deleted all records from identifier
[09/06/23 19:29:34:550 UTC]  INFO starter.ImportStarterUtil: About to delete all records from inode
[09/06/23 19:29:34:550 UTC]  INFO starter.ImportStarterUtil: Deleted all records from inode
[09/06/23 19:29:34:550 UTC]  INFO starter.ImportStarterUtil: About to delete all records from user_
[09/06/23 19:29:34:555 UTC]  INFO starter.ImportStarterUtil: Deleted all records from user_
[09/06/23 19:29:34:555 UTC]  INFO starter.ImportStarterUtil: About to delete all records from company
[09/06/23 19:29:34:555 UTC]  INFO starter.ImportStarterUtil: Deleted all records from company
[09/06/23 19:29:34:555 UTC]  INFO starter.ImportStarterUtil: About to delete all records from counter
[09/06/23 19:29:34:556 UTC]  INFO starter.ImportStarterUtil: Deleted all records from counter
[09/06/23 19:29:34:556 UTC]  INFO starter.ImportStarterUtil: About to delete all records from image
[09/06/23 19:29:34:556 UTC]  INFO starter.ImportStarterUtil: Deleted all records from image
[09/06/23 19:29:34:556 UTC]  INFO starter.ImportStarterUtil: About to delete all records from portlet
[09/06/23 19:29:34:556 UTC]  INFO starter.ImportStarterUtil: Deleted all records from portlet
[09/06/23 19:29:34:557 UTC]  INFO starter.ImportStarterUtil: About to delete all records from portletpreferences
[09/06/23 19:29:34:557 UTC]  INFO starter.ImportStarterUtil: Deleted all records from portletpreferences
[09/06/23 19:29:34:557 UTC]  INFO starter.ImportStarterUtil: About to delete all records from address
[09/06/23 19:29:34:558 UTC]  INFO starter.ImportStarterUtil: Deleted all records from address
[09/06/23 19:29:34:558 UTC]  INFO starter.ImportStarterUtil: About to delete all records from plugin_property
[09/06/23 19:29:34:558 UTC]  INFO starter.ImportStarterUtil: Deleted all records from plugin_property
[09/06/23 19:29:34:558 UTC]  INFO starter.ImportStarterUtil: About to delete all records from plugin
[09/06/23 19:29:34:558 UTC]  INFO starter.ImportStarterUtil: Deleted all records from plugin
[09/06/23 19:29:34:581 UTC]  INFO starter.ImportStarterUtil: **** Importing the file: /data/local/dotsecure/backup/temp/com.liferay.portal.model.Company.json *****
[09/06/23 19:29:34:582 UTC]  INFO starter.ImportStarterUtil: Importing:	com.liferay.portal.model.Company
[09/06/23 19:29:34:667 UTC]  INFO starter.ImportStarterUtil: Found :	1 com.liferay.portal.model.Company(s)
[09/06/23 19:29:34:738 UTC]  INFO starter.ImportStarterUtil: **** Importing the file: /data/local/dotsecure/backup/temp/com.dotmarketing.business.Role_0000000000.json *****
[09/06/23 19:29:34:738 UTC]  INFO starter.ImportStarterUtil: Importing:	com.dotmarketing.business.Role
[09/06/23 19:29:34:746 UTC]  INFO starter.ImportStarterUtil: Found :	18 com.dotmarketing.business.Role(s)
[09/06/23 19:29:34:748 UTC]  INFO starter.ImportStarterUtil: roleKey:cms_users = 0
[09/06/23 19:29:34:750 UTC]  INFO starter.ImportStarterUtil: roleKey:System = 0
[09/06/23 19:29:34:751 UTC]  INFO starter.ImportStarterUtil: roleKey:DOTCMS_BACK_END_USER = 0
[09/06/23 19:29:34:756 UTC]  INFO starter.ImportStarterUtil: roleKey:cms_workflow_any_who_can_view = 0
[09/06/23 19:29:34:757 UTC]  INFO starter.ImportStarterUtil: roleKey:Form Editor = 0
[09/06/23 19:29:34:758 UTC]  INFO starter.ImportStarterUtil: roleKey:dotcms.org.default = 0
[09/06/23 19:29:34:760 UTC]  INFO starter.ImportStarterUtil: roleKey:cms_workflow_any_who_can_edit_permissions = 0
[09/06/23 19:29:34:761 UTC]  INFO starter.ImportStarterUtil: roleKey:cms_workflow_any_who_can_edit = 0
[09/06/23 19:29:34:762 UTC]  INFO starter.ImportStarterUtil: roleKey:CMS Anonymous = 0
[09/06/23 19:29:34:764 UTC]  INFO starter.ImportStarterUtil: roleKey:CMS Owner = 0
[09/06/23 19:29:34:765 UTC]  INFO starter.ImportStarterUtil: roleKey:Login As = 0
[09/06/23 19:29:34:766 UTC]  INFO starter.ImportStarterUtil: roleKey:LDAP User = 0
[09/06/23 19:29:34:767 UTC]  INFO starter.ImportStarterUtil: roleKey:CMS Administrator = 0
[09/06/23 19:29:34:768 UTC]  INFO starter.ImportStarterUtil: roleKey:DOTCMS_FRONT_END_USER = 0
[09/06/23 19:29:34:770 UTC]  INFO starter.ImportStarterUtil: roleKey:cms_workflow_any_who_can_publish = 0
[09/06/23 19:29:34:771 UTC]  INFO starter.ImportStarterUtil: roleKey:dotcms.org.1 = 0
[09/06/23 19:29:34:772 UTC]  INFO starter.ImportStarterUtil: roleKey:anonymous = 0
[09/06/23 19:29:34:777 UTC]  INFO starter.ImportStarterUtil: roleKey:Scripting Developer = 0
[09/06/23 19:29:34:778 UTC]  INFO starter.ImportStarterUtil: **** Importing the file: /data/local/dotsecure/backup/temp/com.liferay.portal.model.User.json *****
[09/06/23 19:29:34:779 UTC]  INFO starter.ImportStarterUtil: Importing:	com.liferay.portal.model.User
[09/06/23 19:29:34:816 UTC]  INFO starter.ImportStarterUtil: Found :	4 com.liferay.portal.model.User(s)
[09/06/23 19:29:34:851 UTC]  WARN util.LocaleUtil: null is not a valid language id
[09/06/23 19:29:34:860 UTC]  WARN business.UserHelper: Error loading user with id dotcms.org.1
[09/06/23 19:29:34:936 UTC]  INFO xml.Marshaller: Marshaller called using one of the *static*  marshal(Object, *) methods. This will ignore any  mapping files as specified. Please consider switching to  using Marshaller instances and calling one of the marshal(*) methods.
[09/06/23 19:29:36:363 UTC]  WARN business.UserHelper: Error loading user with id system
[09/06/23 19:29:37:120 UTC]  INFO util.SecurityLogger: class com.dotmarketing.business.RoleAPIImpl : Adding role:'Admin User' to user:dotcms.org.1 email:admin@dotcms.com -- ip:ukn,user:null
[09/06/23 19:29:37:125 UTC]  WARN business.UserHelper: Error loading user with id anonymous
[09/06/23 19:29:37:845 UTC]  INFO util.SecurityLogger: class com.dotmarketing.business.RoleAPIImpl : Adding role:'anonymous user anonymous' to user:anonymous email:anonymous@dotcms.anonymoususer -- ip:ukn,user:null
[09/06/23 19:29:37:847 UTC]  INFO starter.ImportStarterUtil: 
[09/06/23 19:29:37:847 UTC]  INFO starter.ImportStarterUtil: 
[09/06/23 19:29:37:848 UTC]  INFO starter.ImportStarterUtil: **** Importing the file: /data/local/dotsecure/backup/temp/com.dotmarketing.business.UsersRoles_0000000000.json *****
[09/06/23 19:29:37:848 UTC]  INFO starter.ImportStarterUtil: Importing:	com.dotmarketing.business.UsersRoles
[09/06/23 19:29:37:849 UTC]  INFO starter.ImportStarterUtil: Found :	14 com.dotmarketing.business.UsersRoles(s)
[09/06/23 19:29:37:857 UTC]  INFO starter.ImportStarterUtil: **** Importing the file: /data/local/dotsecure/backup/temp/com.dotmarketing.business.Layout_0000000000.json *****
[09/06/23 19:29:37:857 UTC]  INFO starter.ImportStarterUtil: Importing:	com.dotmarketing.business.Layout
[09/06/23 19:29:37:859 UTC]  INFO starter.ImportStarterUtil: Found :	11 com.dotmarketing.business.Layout(s)
[09/06/23 19:29:37:869 UTC]  INFO starter.ImportStarterUtil: **** Importing the file: /data/local/dotsecure/backup/temp/com.dotmarketing.business.PortletsLayouts_0000000000.json *****
[09/06/23 19:29:37:870 UTC]  INFO starter.ImportStarterUtil: Importing:	com.dotmarketing.business.PortletsLayouts
[09/06/23 19:29:37:872 UTC]  INFO starter.ImportStarterUtil: Found :	36 com.dotmarketing.business.PortletsLayouts(s)
[09/06/23 19:29:37:898 UTC]  INFO starter.ImportStarterUtil: **** Importing the file: /data/local/dotsecure/backup/temp/com.dotmarketing.business.LayoutsRoles_0000000000.json *****
[09/06/23 19:29:37:898 UTC]  INFO starter.ImportStarterUtil: Importing:	com.dotmarketing.business.LayoutsRoles
[09/06/23 19:29:37:899 UTC]  INFO starter.ImportStarterUtil: Found :	7 com.dotmarketing.business.LayoutsRoles(s)
[09/06/23 19:29:37:907 UTC]  INFO starter.ImportStarterUtil: **** Importing the file: /data/local/dotsecure/backup/temp/com.dotmarketing.portlets.languagesmanager.model.Language_0000000000.json *****
[09/06/23 19:29:37:908 UTC]  INFO starter.ImportStarterUtil: Importing:	com.dotmarketing.portlets.languagesmanager.model.Language
[09/06/23 19:29:37:910 UTC]  INFO starter.ImportStarterUtil: Found :	1 com.dotmarketing.portlets.languagesmanager.model.Language(s)
[09/06/23 19:29:37:922 UTC]  INFO starter.ImportStarterUtil: Importing folder path /System foldersystem folder
[09/06/23 19:29:37:949 UTC]  INFO starter.ImportStarterUtil: **** Importing the file: /data/local/dotsecure/backup/temp/com.dotmarketing.portlets.folders.model.Folder_0000000000.json *****
[09/06/23 19:29:37:949 UTC]  INFO starter.ImportStarterUtil: Importing:	com.dotmarketing.portlets.folders.model.Folder
[09/06/23 19:29:37:954 UTC]  INFO starter.ImportStarterUtil: Found :	1 com.dotmarketing.portlets.folders.model.Folder(s)
[09/06/23 19:29:38:335 UTC]  INFO business.ContentTypeAPIImpl: Content type not found with given id: c938b15f-bcb6-49ef-8651-14d455a97045. Continuing...
[09/06/23 19:29:38:450 UTC]  INFO util.ActivityLogger: class com.dotmarketing.util.ActivityLogger: system : Save Field Action , User system/system user added field Site/Folder to Persona Structure.
[09/06/23 19:29:38:485 UTC]  INFO util.ActivityLogger: class com.dotmarketing.util.ActivityLogger: system : Save Field Action , User system/system user added field Name to Persona Structure.
[09/06/23 19:29:38:523 UTC]  INFO util.ActivityLogger: class com.dotmarketing.util.ActivityLogger: system : Save Field Action , User system/system user added field Key Tag to Persona Structure.
[09/06/23 19:29:38:563 UTC]  INFO util.ActivityLogger: class com.dotmarketing.util.ActivityLogger: system : Save Field Action , User system/system user added field Photo to Persona Structure.
[09/06/23 19:29:38:614 UTC]  INFO util.ActivityLogger: class com.dotmarketing.util.ActivityLogger: system : Save Field Action , User system/system user added field Other Tags to Persona Structure.
[09/06/23 19:29:38:663 UTC]  INFO util.ActivityLogger: class com.dotmarketing.util.ActivityLogger: system : Save Field Action , User system/system user added field Description to Persona Structure.
[09/06/23 19:29:38:697 UTC]  INFO util.ActivityLogger: class com.dotcms.contenttype.business.ContentTypeAPIImpl: system : Save ContentType Action , User system/system user system user added ContentType Persona to host id:SYSTEM_HOST
[09/06/23 19:29:38:699 UTC]  INFO business.ContentTypeAPIImpl: UserId : system : ContentType : ContentType saved : Persona
[09/06/23 19:29:38:701 UTC]  INFO util.AdminLogger: UserId : system : class com.dotcms.contenttype.business.ContentTypeAPIImpl : ContentType : ContentType saved : Persona
[09/06/23 19:29:38:723 UTC]  INFO business.ContentTypeAPIImpl: Content type not found with given id: f4d7c1b8-2c88-4071-abf1-a5328977b07d. Continuing...
[09/06/23 19:29:38:739 UTC]  INFO util.ActivityLogger: class com.dotmarketing.util.ActivityLogger: system : Save Field Action , User system/system user added field Key to Language Variable Structure.
[09/06/23 19:29:38:761 UTC]  INFO util.ActivityLogger: class com.dotmarketing.util.ActivityLogger: system : Save Field Action , User system/system user added field Value to Language Variable Structure.
[09/06/23 19:29:38:771 UTC]  INFO util.ActivityLogger: class com.dotcms.contenttype.business.ContentTypeAPIImpl: system : Save ContentType Action , User system/system user system user added ContentType Language Variable to host id:SYSTEM_HOST
[09/06/23 19:29:38:771 UTC]  INFO business.ContentTypeAPIImpl: UserId : system : ContentType : ContentType saved : Language Variable
[09/06/23 19:29:38:771 UTC]  INFO util.AdminLogger: UserId : system : class com.dotcms.contenttype.business.ContentTypeAPIImpl : ContentType : ContentType saved : Language Variable
[09/06/23 19:29:38:807 UTC]  INFO business.ContentTypeAPIImpl: Content type not found with given id: 4d21b6d8-1711-4ae6-9419-89e2b1ae5a06. Continuing...
[09/06/23 19:29:38:819 UTC]  INFO util.ActivityLogger: class com.dotmarketing.util.ActivityLogger: system : Save Field Action , User system/system user added field Form ID to Forms Structure.
[09/06/23 19:29:38:831 UTC]  INFO util.ActivityLogger: class com.dotmarketing.util.ActivityLogger: system : Save Field Action , User system/system user added field Widget Title to Forms Structure.
[09/06/23 19:29:38:846 UTC]  INFO util.ActivityLogger: class com.dotmarketing.util.ActivityLogger: system : Save Field Action , User system/system user added field Widget Usage to Forms Structure.
[09/06/23 19:29:38:863 UTC]  INFO util.ActivityLogger: class com.dotmarketing.util.ActivityLogger: system : Save Field Action , User system/system user added field Widget Code to Forms Structure.
[09/06/23 19:29:38:884 UTC]  INFO util.ActivityLogger: class com.dotmarketing.util.ActivityLogger: system : Save Field Action , User system/system user added field Widget Pre-Execute to Forms Structure.
[09/06/23 19:29:38:890 UTC]  INFO util.ActivityLogger: class com.dotcms.contenttype.business.ContentTypeAPIImpl: system : Save ContentType Action , User system/system user system user added ContentType Forms to host id:SYSTEM_HOST
[09/06/23 19:29:38:891 UTC]  INFO business.ContentTypeAPIImpl: UserId : system : ContentType : ContentType saved : Forms
[09/06/23 19:29:38:891 UTC]  INFO util.AdminLogger: UserId : system : class com.dotcms.contenttype.business.ContentTypeAPIImpl : ContentType : ContentType saved : Forms
[09/06/23 19:29:38:909 UTC]  INFO business.ContentTypeAPIImpl: Content type not found with given id: f2d8a1c7-2b77-2081-bcf1-b5348988c08d. Continuing...
[09/06/23 19:29:38:933 UTC]  INFO util.ActivityLogger: class com.dotmarketing.util.ActivityLogger: system : Save Field Action , User system/system user added field Site or Folder to dotAsset Structure.
[09/06/23 19:29:38:962 UTC]  INFO util.ActivityLogger: class com.dotmarketing.util.ActivityLogger: system : Save Field Action , User system/system user added field Asset to dotAsset Structure.
[09/06/23 19:29:38:982 UTC]  INFO util.ActivityLogger: class com.dotmarketing.util.ActivityLogger: system : Save Field Action , User system/system user added field Tags to dotAsset Structure.
[09/06/23 19:29:38:995 UTC]  INFO util.ActivityLogger: class com.dotcms.contenttype.business.ContentTypeAPIImpl: system : Save ContentType Action , User system/system user system user added ContentType dotAsset to host id:SYSTEM_HOST
[09/06/23 19:29:38:995 UTC]  INFO business.ContentTypeAPIImpl: UserId : system : ContentType : ContentType saved : dotAsset
[09/06/23 19:29:38:995 UTC]  INFO util.AdminLogger: UserId : system : class com.dotcms.contenttype.business.ContentTypeAPIImpl : ContentType : ContentType saved : dotAsset
[09/06/23 19:29:39:038 UTC]  INFO business.ContentTypeAPIImpl: Content type not found with given id: 33888b6f-7a8e-4069-b1b6-5c1aa9d0a48d. Continuing...
[09/06/23 19:29:39:052 UTC]  INFO util.ActivityLogger: class com.dotmarketing.util.ActivityLogger: system : Save Field Action , User system/system user added field Host Or Folder to File Asset Structure.
[09/06/23 19:29:39:064 UTC]  INFO util.ActivityLogger: class com.dotmarketing.util.ActivityLogger: system : Save Field Action , User system/system user added field File Name to File Asset Structure.
[09/06/23 19:29:39:079 UTC]  INFO util.ActivityLogger: class com.dotmarketing.util.ActivityLogger: system : Save Field Action , User system/system user added field File Asset to File Asset Structure.
[09/06/23 19:29:39:107 UTC]  INFO util.ActivityLogger: class com.dotmarketing.util.ActivityLogger: system : Save Field Action , User system/system user added field Title to File Asset Structure.
[09/06/23 19:29:39:130 UTC]  INFO util.ActivityLogger: class com.dotmarketing.util.ActivityLogger: system : Save Field Action , User system/system user added field Metadata to File Asset Structure.
[09/06/23 19:29:39:149 UTC]  INFO util.ActivityLogger: class com.dotmarketing.util.ActivityLogger: system : Save Field Action , User system/system user added field Metadata to File Asset Structure.
[09/06/23 19:29:39:171 UTC]  INFO util.ActivityLogger: class com.dotmarketing.util.ActivityLogger: system : Save Field Action , User system/system user added field Show On Menu to File Asset Structure.
[09/06/23 19:29:39:194 UTC]  INFO util.ActivityLogger: class com.dotmarketing.util.ActivityLogger: system : Save Field Action , User system/system user added field Sort Order to File Asset Structure.
[09/06/23 19:29:39:219 UTC]  INFO util.ActivityLogger: class com.dotmarketing.util.ActivityLogger: system : Save Field Action , User system/system user added field Description to File Asset Structure.
[09/06/23 19:29:39:230 UTC]  INFO util.ActivityLogger: class com.dotcms.contenttype.business.ContentTypeAPIImpl: system : Save ContentType Action , User system/system user system user added ContentType File Asset to host id:SYSTEM_HOST
[09/06/23 19:29:39:230 UTC]  INFO business.ContentTypeAPIImpl: UserId : system : ContentType : ContentType saved : File Asset
[09/06/23 19:29:39:230 UTC]  INFO util.AdminLogger: UserId : system : class com.dotcms.contenttype.business.ContentTypeAPIImpl : ContentType : ContentType saved : File Asset
[09/06/23 19:29:39:251 UTC]  INFO business.ContentTypeAPIImpl: Content type not found with given id: 8e850645-bb92-4fda-a765-e67063a59be0. Continuing...
[09/06/23 19:29:39:263 UTC]  INFO util.ActivityLogger: class com.dotmarketing.util.ActivityLogger: system : Save Field Action , User system/system user added field Title to Vanity URL Structure.
[09/06/23 19:29:39:283 UTC]  INFO util.ActivityLogger: class com.dotmarketing.util.ActivityLogger: system : Save Field Action , User system/system user added field Site to Vanity URL Structure.
[09/06/23 19:29:39:308 UTC]  INFO util.ActivityLogger: class com.dotmarketing.util.ActivityLogger: system : Save Field Action , User system/system user added field Uri to Vanity URL Structure.
[09/06/23 19:29:39:324 UTC]  INFO util.ActivityLogger: class com.dotmarketing.util.ActivityLogger: system : Save Field Action , User system/system user added field Action to Vanity URL Structure.
[09/06/23 19:29:39:341 UTC]  INFO util.ActivityLogger: class com.dotmarketing.util.ActivityLogger: system : Save Field Action , User system/system user added field Forward To to Vanity URL Structure.
[09/06/23 19:29:39:359 UTC]  INFO util.ActivityLogger: class com.dotmarketing.util.ActivityLogger: system : Save Field Action , User system/system user added field Order to Vanity URL Structure.
[09/06/23 19:29:39:367 UTC]  INFO util.ActivityLogger: class com.dotcms.contenttype.business.ContentTypeAPIImpl: system : Save ContentType Action , User system/system user system user added ContentType Vanity URL to host id:SYSTEM_HOST
[09/06/23 19:29:39:367 UTC]  INFO business.ContentTypeAPIImpl: UserId : system : ContentType : ContentType saved : Vanity URL
[09/06/23 19:29:39:367 UTC]  INFO util.AdminLogger: UserId : system : class com.dotcms.contenttype.business.ContentTypeAPIImpl : ContentType : ContentType saved : Vanity URL
[09/06/23 19:29:39:380 UTC]  INFO business.ContentTypeAPIImpl: Content type not found with given id: c541abb1-69b3-4bc5-8430-5e09e5239cc8. Continuing...
[09/06/23 19:29:39:391 UTC]  INFO util.ActivityLogger: class com.dotmarketing.util.ActivityLogger: system : Save Field Action , User system/system user added field Title to Page Structure.
[09/06/23 19:29:39:402 UTC]  INFO util.ActivityLogger: class com.dotmarketing.util.ActivityLogger: system : Save Field Action , User system/system user added field Url to Page Structure.
[09/06/23 19:29:39:414 UTC]  INFO util.ActivityLogger: class com.dotmarketing.util.ActivityLogger: system : Save Field Action , User system/system user added field Host or Folder to Page Structure.
[09/06/23 19:29:39:428 UTC]  INFO util.ActivityLogger: class com.dotmarketing.util.ActivityLogger: system : Save Field Action , User system/system user added field Template to Page Structure.
[09/06/23 19:29:39:443 UTC]  INFO util.ActivityLogger: class com.dotmarketing.util.ActivityLogger: system : Save Field Action , User system/system user added field Friendly Name to Page Structure.
[09/06/23 19:29:39:459 UTC]  INFO util.ActivityLogger: class com.dotmarketing.util.ActivityLogger: system : Save Field Action , User system/system user added field Show on Menu to Page Structure.
[09/06/23 19:29:39:478 UTC]  INFO util.ActivityLogger: class com.dotmarketing.util.ActivityLogger: system : Save Field Action , User system/system user added field Sort Order to Page Structure.
[09/06/23 19:29:39:499 UTC]  INFO util.ActivityLogger: class com.dotmarketing.util.ActivityLogger: system : Save Field Action , User system/system user added field Cache TTL to Page Structure.
[09/06/23 19:29:39:524 UTC]  INFO util.ActivityLogger: class com.dotmarketing.util.ActivityLogger: system : Save Field Action , User system/system user added field Advanced Properties to Page Structure.
[09/06/23 19:29:39:548 UTC]  INFO util.ActivityLogger: class com.dotmarketing.util.ActivityLogger: system : Save Field Action , User system/system user added field Redirect Url to Page Structure.
[09/06/23 19:29:39:577 UTC]  INFO util.ActivityLogger: class com.dotmarketing.util.ActivityLogger: system : Save Field Action , User system/system user added field HTTPS Required to Page Structure.
[09/06/23 19:29:39:604 UTC]  INFO util.ActivityLogger: class com.dotmarketing.util.ActivityLogger: system : Save Field Action , User system/system user added field SEO Description to Page Structure.
[09/06/23 19:29:39:632 UTC]  INFO util.ActivityLogger: class com.dotmarketing.util.ActivityLogger: system : Save Field Action , User system/system user added field SEO Keywords to Page Structure.
[09/06/23 19:29:39:662 UTC]  INFO util.ActivityLogger: class com.dotmarketing.util.ActivityLogger: system : Save Field Action , User system/system user added field Page Metadata to Page Structure.
[09/06/23 19:29:39:693 UTC]  INFO util.ActivityLogger: class com.dotmarketing.util.ActivityLogger: system : Save Field Action , User system/system user added field Canonical URL to Page Structure.
[09/06/23 19:29:39:708 UTC]  INFO util.ActivityLogger: class com.dotcms.contenttype.business.ContentTypeAPIImpl: system : Save ContentType Action , User system/system user system user added ContentType Page to host id:SYSTEM_HOST
[09/06/23 19:29:39:708 UTC]  INFO business.ContentTypeAPIImpl: UserId : system : ContentType : ContentType saved : Page
[09/06/23 19:29:39:708 UTC]  INFO util.AdminLogger: UserId : system : class com.dotcms.contenttype.business.ContentTypeAPIImpl : ContentType : ContentType saved : Page
[09/06/23 19:29:39:758 UTC]  INFO business.ContentTypeAPIImpl: Content type not found with given id: 855a2d72-f2f3-4169-8b04-ac5157c4380c. Continuing...
[09/06/23 19:29:39:768 UTC]  INFO util.ActivityLogger: class com.dotmarketing.util.ActivityLogger: system : Save Field Action , User system/system user added field fields-2 to Host Structure.
[09/06/23 19:29:39:777 UTC]  INFO util.ActivityLogger: class com.dotmarketing.util.ActivityLogger: system : Save Field Action , User system/system user added field fields-3 to Host Structure.
[09/06/23 19:29:39:788 UTC]  INFO util.ActivityLogger: class com.dotmarketing.util.ActivityLogger: system : Save Field Action , User system/system user added field Site Key to Host Structure.
[09/06/23 19:29:39:801 UTC]  INFO util.ActivityLogger: class com.dotmarketing.util.ActivityLogger: system : Save Field Action , User system/system user added field Aliases to Host Structure.
[09/06/23 19:29:39:815 UTC]  INFO util.ActivityLogger: class com.dotmarketing.util.ActivityLogger: system : Save Field Action , User system/system user added field Tag Storage to Host Structure.
[09/06/23 19:29:39:831 UTC]  INFO util.ActivityLogger: class com.dotmarketing.util.ActivityLogger: system : Save Field Action , User system/system user added field Is Default to Host Structure.
[09/06/23 19:29:39:849 UTC]  INFO util.ActivityLogger: class com.dotmarketing.util.ActivityLogger: system : Save Field Action , User system/system user added field Is System Host to Host Structure.
[09/06/23 19:29:39:868 UTC]  INFO util.ActivityLogger: class com.dotmarketing.util.ActivityLogger: system : Save Field Action , User system/system user added field Host Thumbnail to Host Structure.
[09/06/23 19:29:39:889 UTC]  INFO util.ActivityLogger: class com.dotmarketing.util.ActivityLogger: system : Save Field Action , User system/system user added field Run Dashboard to Host Structure.
[09/06/23 19:29:39:898 UTC]  INFO util.ActivityLogger: class com.dotcms.contenttype.business.ContentTypeAPIImpl: system : Save ContentType Action , User system/system user system user added ContentType Host to host id:SYSTEM_HOST
[09/06/23 19:29:39:898 UTC]  INFO business.ContentTypeAPIImpl: UserId : system : ContentType : ContentType saved : Host
[09/06/23 19:29:39:898 UTC]  INFO util.AdminLogger: UserId : system : class com.dotcms.contenttype.business.ContentTypeAPIImpl : ContentType : ContentType saved : Host
[09/06/23 19:29:39:902 UTC]  INFO business.ContentTypeAPIImpl: Content type not found with given id: 2c46b6586c38852ac08a824a303ced80. Continuing...
[09/06/23 19:29:39:919 UTC]  INFO util.ActivityLogger: class com.dotmarketing.util.ActivityLogger: system : Save Field Action , User system/system user added field Site or Folder to Image Structure.
[09/06/23 19:29:39:936 UTC]  INFO util.ActivityLogger: class com.dotmarketing.util.ActivityLogger: system : Save Field Action , User system/system user added field Asset to Image Structure.
[09/06/23 19:29:39:954 UTC]  INFO util.ActivityLogger: class com.dotmarketing.util.ActivityLogger: system : Save Field Action , User system/system user added field Tags to Image Structure.
[09/06/23 19:29:39:959 UTC]  INFO util.ActivityLogger: class com.dotcms.contenttype.business.ContentTypeAPIImpl: system : Save ContentType Action , User system/system user system user added ContentType Image to host id:8a7d5e23-da1e-420a-b4f0-471e7da8ea2d
[09/06/23 19:29:39:959 UTC]  INFO business.ContentTypeAPIImpl: UserId : system : ContentType : ContentType saved : Image
[09/06/23 19:29:39:959 UTC]  INFO util.AdminLogger: UserId : system : class com.dotcms.contenttype.business.ContentTypeAPIImpl : ContentType : ContentType saved : Image
[09/06/23 19:29:39:965 UTC]  INFO business.ContentTypeAPIImpl: Content type not found with given id: c77450b834901a20c8193ef9d561ee5b. Continuing...
[09/06/23 19:29:39:981 UTC]  INFO util.ActivityLogger: class com.dotmarketing.util.ActivityLogger: system : Save Field Action , User system/system user added field Site or Folder to Video Structure.
[09/06/23 19:29:39:997 UTC]  INFO util.ActivityLogger: class com.dotmarketing.util.ActivityLogger: system : Save Field Action , User system/system user added field Asset to Video Structure.
[09/06/23 19:29:40:019 UTC]  INFO util.ActivityLogger: class com.dotmarketing.util.ActivityLogger: system : Save Field Action , User system/system user added field Tags to Video Structure.
[09/06/23 19:29:40:025 UTC]  INFO util.ActivityLogger: class com.dotcms.contenttype.business.ContentTypeAPIImpl: system : Save ContentType Action , User system/system user system user added ContentType Video to host id:8a7d5e23-da1e-420a-b4f0-471e7da8ea2d
[09/06/23 19:29:40:025 UTC]  INFO business.ContentTypeAPIImpl: UserId : system : ContentType : ContentType saved : Video
[09/06/23 19:29:40:025 UTC]  INFO util.AdminLogger: UserId : system : class com.dotcms.contenttype.business.ContentTypeAPIImpl : ContentType : ContentType saved : Video
[09/06/23 19:29:40:041 UTC]  INFO business.ContentTypeAPIImpl: Content type not found with given id: 2a3e91e4-fbbf-4876-8c5b-2233c1739b05. Continuing...
[09/06/23 19:29:40:049 UTC]  INFO util.ActivityLogger: class com.dotmarketing.util.ActivityLogger: system : Save Field Action , User system/system user added field Row Field to Content (Generic) Structure.
[09/06/23 19:29:40:057 UTC]  INFO util.ActivityLogger: class com.dotmarketing.util.ActivityLogger: system : Save Field Action , User system/system user added field Column Field to Content (Generic) Structure.
[09/06/23 19:29:40:068 UTC]  INFO util.ActivityLogger: class com.dotmarketing.util.ActivityLogger: system : Save Field Action , User system/system user added field Title to Content (Generic) Structure.
[09/06/23 19:29:40:079 UTC]  INFO util.ActivityLogger: class com.dotmarketing.util.ActivityLogger: system : Save Field Action , User system/system user added field Site to Content (Generic) Structure.
[09/06/23 19:29:40:093 UTC]  INFO util.ActivityLogger: class com.dotmarketing.util.ActivityLogger: system : Save Field Action , User system/system user added field Body to Content (Generic) Structure.
[09/06/23 19:29:40:099 UTC]  INFO util.ActivityLogger: class com.dotcms.contenttype.business.ContentTypeAPIImpl: system : Save ContentType Action , User system/system user system user added ContentType Content (Generic) to host id:SYSTEM_HOST
[09/06/23 19:29:40:099 UTC]  INFO business.ContentTypeAPIImpl: UserId : system : ContentType : ContentType saved : Content (Generic)
[09/06/23 19:29:40:099 UTC]  INFO util.AdminLogger: UserId : system : class com.dotcms.contenttype.business.ContentTypeAPIImpl : ContentType : ContentType saved : Content (Generic)
[09/06/23 19:29:40:102 UTC]  INFO business.ContentTypeAPIImpl: Content type not found with given id: ce930143870e11569f93f8a9fff5da19. Continuing...
[09/06/23 19:29:40:111 UTC]  INFO util.ActivityLogger: class com.dotmarketing.util.ActivityLogger: system : Save Field Action , User system/system user added field Screenshot to Dot Favorite Page Structure.
[09/06/23 19:29:40:119 UTC]  INFO util.ActivityLogger: class com.dotmarketing.util.ActivityLogger: system : Save Field Action , User system/system user added field title to Dot Favorite Page Structure.
[09/06/23 19:29:40:129 UTC]  INFO util.ActivityLogger: class com.dotmarketing.util.ActivityLogger: system : Save Field Action , User system/system user added field url to Dot Favorite Page Structure.
[09/06/23 19:29:40:140 UTC]  INFO util.ActivityLogger: class com.dotmarketing.util.ActivityLogger: system : Save Field Action , User system/system user added field order to Dot Favorite Page Structure.
[09/06/23 19:29:40:146 UTC]  INFO util.ActivityLogger: class com.dotcms.contenttype.business.ContentTypeAPIImpl: system : Save ContentType Action , User system/system user system user added ContentType Dot Favorite Page to host id:SYSTEM_HOST
[09/06/23 19:29:40:146 UTC]  INFO business.ContentTypeAPIImpl: UserId : system : ContentType : ContentType saved : Dot Favorite Page
[09/06/23 19:29:40:146 UTC]  INFO util.AdminLogger: UserId : system : class com.dotcms.contenttype.business.ContentTypeAPIImpl : ContentType : ContentType saved : Dot Favorite Page
[09/06/23 19:29:40:148 UTC]  INFO starter.ImportStarterUtil: **** Importing the file: /data/local/dotsecure/backup/temp/com.dotmarketing.portlets.contentlet.model.Contentlet_0000000000.json *****
[09/06/23 19:29:40:148 UTC]  INFO starter.ImportStarterUtil: Importing:	com.dotmarketing.portlets.contentlet.model.Contentlet
[09/06/23 19:29:40:305 UTC]  INFO starter.ImportStarterUtil: Found :	5 com.dotmarketing.portlets.contentlet.model.Contentlet(s)
[09/06/23 19:29:40:414 UTC]  INFO timedcache.TimedCacheProvider: ***	 Building Cache : esquerycache, size:10000, seconds:3600,Concurrency:32 (every 60000 millis)
[09/06/23 19:29:40:864 UTC]  INFO util.SecurityLogger: class com.dotmarketing.portlets.workflows.business.WorkflowAPIImpl : Workflow Scheme 'System Workflow' [d61a59e1-a49c-46f2-a929-db2b4bfa88b2] has been saved by User ID 'system' -- ip:ukn,user:null
[09/06/23 19:29:40:870 UTC]  INFO util.SecurityLogger: class com.dotmarketing.portlets.workflows.business.WorkflowAPIImpl : Workflow Step 'New' [6cb7e3bd-1710-4eed-8838-d3db60f78f19] has been saved by User ID 'system' -- ip:ukn,user:null
[09/06/23 19:29:40:873 UTC]  INFO util.SecurityLogger: class com.dotmarketing.portlets.workflows.business.WorkflowAPIImpl : Workflow Step 'Draft' [ee24a4cb-2d15-4c98-b1bd-6327126451f3] has been saved by User ID 'system' -- ip:ukn,user:null
[09/06/23 19:29:40:877 UTC]  INFO util.SecurityLogger: class com.dotmarketing.portlets.workflows.business.WorkflowAPIImpl : Workflow Step 'Published' [dc3c9cd0-8467-404b-bf95-cb7df3fbc293] has been saved by User ID 'system' -- ip:ukn,user:null
[09/06/23 19:29:40:879 UTC]  INFO util.SecurityLogger: class com.dotmarketing.portlets.workflows.business.WorkflowAPIImpl : Workflow Step 'Archived' [d6b095b6-b65f-4bdb-bbfd-701d663dfee2] has been saved by User ID 'system' -- ip:ukn,user:null
[09/06/23 19:29:40:884 UTC]  INFO util.SecurityLogger: class com.dotmarketing.portlets.workflows.business.WorkflowAPIImpl : Action id: '4da13a42-5d59-480c-ad8f-94a3adf809fe' has been reordered by user: system -- ip:ukn,user:null
[09/06/23 19:29:40:892 UTC]  INFO util.SecurityLogger: class com.dotmarketing.portlets.workflows.business.WorkflowAPIImpl : Action id: '963f6a04-5320-42e7-ab74-6d876d199946' has been reordered by user: system -- ip:ukn,user:null
[09/06/23 19:29:40:896 UTC]  INFO util.SecurityLogger: class com.dotmarketing.portlets.workflows.business.WorkflowAPIImpl : Action id: '777f1c6b-c877-4a37-ba4b-10627316c2cc' has been reordered by user: system -- ip:ukn,user:null
[09/06/23 19:29:40:901 UTC]  INFO util.SecurityLogger: class com.dotmarketing.portlets.workflows.business.WorkflowAPIImpl : Action id: '1e0f1c6b-b67f-4c99-983d-db2b4bfa88b2' has been reordered by user: system -- ip:ukn,user:null
[09/06/23 19:29:40:907 UTC]  INFO util.SecurityLogger: class com.dotmarketing.portlets.workflows.business.WorkflowAPIImpl : Action id: 'dd4c4b7c-e9d3-4dc0-8fbf-36102f9c6324' has been reordered by user: system -- ip:ukn,user:null
[09/06/23 19:29:40:911 UTC]  INFO util.SecurityLogger: class com.dotmarketing.portlets.workflows.business.WorkflowAPIImpl : Action id: 'b9d89c80-3d88-4311-8365-187323c96436' has been reordered by user: system -- ip:ukn,user:null
[09/06/23 19:29:40:915 UTC]  INFO util.SecurityLogger: class com.dotmarketing.portlets.workflows.business.WorkflowAPIImpl : Action id: 'ceca71a0-deee-4999-bd47-b01baa1bcfc8' has been reordered by user: system -- ip:ukn,user:null
[09/06/23 19:29:40:923 UTC]  INFO util.SecurityLogger: class com.dotmarketing.portlets.workflows.business.WorkflowAPIImpl : Action id: 'c92f9aa1-9503-4567-ac30-d3242b54d02d' has been reordered by user: system -- ip:ukn,user:null
[09/06/23 19:29:40:926 UTC]  INFO util.SecurityLogger: class com.dotmarketing.portlets.workflows.business.WorkflowAPIImpl : Action id: '38efc763-d78f-4e4b-b092-59cd8c579b93' has been reordered by user: system -- ip:ukn,user:null
[09/06/23 19:29:40:941 UTC]  INFO util.SecurityLogger: class com.dotmarketing.portlets.workflows.business.WorkflowAPIImpl : The action id: 'ceca71a0-deee-4999-bd47-b01baa1bcfc8' has been saved by the user: system -- ip:ukn,user:null
[09/06/23 19:29:40:945 UTC]  INFO util.SecurityLogger: class com.dotmarketing.portlets.workflows.business.WorkflowAPIImpl : The action id: 'b9d89c80-3d88-4311-8365-187323c96436' has been saved by the user: system -- ip:ukn,user:null
[09/06/23 19:29:40:949 UTC]  INFO util.SecurityLogger: class com.dotmarketing.portlets.workflows.business.WorkflowAPIImpl : The action id: '777f1c6b-c877-4a37-ba4b-10627316c2cc' has been saved by the user: system -- ip:ukn,user:null
[09/06/23 19:29:40:954 UTC]  INFO util.SecurityLogger: class com.dotmarketing.portlets.workflows.business.WorkflowAPIImpl : The action id: 'ceca71a0-deee-4999-bd47-b01baa1bcfc8' has been saved by the user: system -- ip:ukn,user:null
[09/06/23 19:29:40:965 UTC]  INFO util.SecurityLogger: class com.dotmarketing.portlets.workflows.business.WorkflowAPIImpl : The action id: 'dd4c4b7c-e9d3-4dc0-8fbf-36102f9c6324' has been saved by the user: system -- ip:ukn,user:null
[09/06/23 19:29:40:974 UTC]  INFO util.SecurityLogger: class com.dotmarketing.portlets.workflows.business.WorkflowAPIImpl : The action id: '38efc763-d78f-4e4b-b092-59cd8c579b93' has been saved by the user: system -- ip:ukn,user:null
[09/06/23 19:29:40:978 UTC]  INFO util.SecurityLogger: class com.dotmarketing.portlets.workflows.business.WorkflowAPIImpl : The action id: '963f6a04-5320-42e7-ab74-6d876d199946' has been saved by the user: system -- ip:ukn,user:null
[09/06/23 19:29:40:981 UTC]  INFO util.SecurityLogger: class com.dotmarketing.portlets.workflows.business.WorkflowAPIImpl : The action id: 'b9d89c80-3d88-4311-8365-187323c96436' has been saved by the user: system -- ip:ukn,user:null
[09/06/23 19:29:40:992 UTC]  INFO util.SecurityLogger: class com.dotmarketing.portlets.workflows.business.WorkflowAPIImpl : The action id: '4da13a42-5d59-480c-ad8f-94a3adf809fe' has been saved by the user: system -- ip:ukn,user:null
[09/06/23 19:29:40:996 UTC]  INFO util.SecurityLogger: class com.dotmarketing.portlets.workflows.business.WorkflowAPIImpl : The action id: '963f6a04-5320-42e7-ab74-6d876d199946' has been saved by the user: system -- ip:ukn,user:null
[09/06/23 19:29:41:000 UTC]  INFO util.SecurityLogger: class com.dotmarketing.portlets.workflows.business.WorkflowAPIImpl : The action id: '38efc763-d78f-4e4b-b092-59cd8c579b93' has been saved by the user: system -- ip:ukn,user:null
[09/06/23 19:29:41:004 UTC]  INFO util.SecurityLogger: class com.dotmarketing.portlets.workflows.business.WorkflowAPIImpl : The action id: 'ceca71a0-deee-4999-bd47-b01baa1bcfc8' has been saved by the user: system -- ip:ukn,user:null
[09/06/23 19:29:41:009 UTC]  INFO util.SecurityLogger: class com.dotmarketing.portlets.workflows.business.WorkflowAPIImpl : The action id: '4da13a42-5d59-480c-ad8f-94a3adf809fe' has been saved by the user: system -- ip:ukn,user:null
[09/06/23 19:29:41:014 UTC]  INFO util.SecurityLogger: class com.dotmarketing.portlets.workflows.business.WorkflowAPIImpl : The action id: 'b9d89c80-3d88-4311-8365-187323c96436' has been saved by the user: system -- ip:ukn,user:null
[09/06/23 19:29:41:018 UTC]  INFO util.SecurityLogger: class com.dotmarketing.portlets.workflows.business.WorkflowAPIImpl : The action id: 'dd4c4b7c-e9d3-4dc0-8fbf-36102f9c6324' has been saved by the user: system -- ip:ukn,user:null
[09/06/23 19:29:41:033 UTC]  INFO util.SecurityLogger: class com.dotmarketing.portlets.workflows.business.WorkflowAPIImpl : The action id: 'c92f9aa1-9503-4567-ac30-d3242b54d02d' has been saved by the user: system -- ip:ukn,user:null
[09/06/23 19:29:41:042 UTC]  INFO util.SecurityLogger: class com.dotmarketing.portlets.workflows.business.WorkflowAPIImpl : The action id: '777f1c6b-c877-4a37-ba4b-10627316c2cc' has been saved by the user: system -- ip:ukn,user:null
[09/06/23 19:29:41:052 UTC]  INFO util.SecurityLogger: class com.dotmarketing.portlets.workflows.business.WorkflowAPIImpl : The action id: '1e0f1c6b-b67f-4c99-983d-db2b4bfa88b2' has been saved by the user: system -- ip:ukn,user:null
[09/06/23 19:29:41:117 UTC]  INFO util.SecurityLogger: class com.dotmarketing.portlets.workflows.business.WorkflowAPIImpl : Saving class parameters by the user: system -- ip:ukn,user:null
[09/06/23 19:29:41:125 UTC]  INFO starter.ImportStarterUtil: **** Importing the file: /data/local/dotsecure/backup/temp/com.dotmarketing.beans.Permission_0000000000.json *****
[09/06/23 19:29:41:125 UTC]  INFO starter.ImportStarterUtil: Importing:	com.dotmarketing.beans.Permission
[09/06/23 19:29:41:132 UTC]  INFO starter.ImportStarterUtil: Found :	20 com.dotmarketing.beans.Permission(s)
[09/06/23 19:29:41:154 UTC]  INFO starter.ImportStarterUtil: **** Importing the file: /data/local/dotsecure/backup/temp/com.dotmarketing.portlets.contentlet.model.ContentletVersionInfo_0000000000.json *****
[09/06/23 19:29:41:155 UTC]  INFO starter.ImportStarterUtil: Importing:	com.dotmarketing.portlets.contentlet.model.ContentletVersionInfo
[09/06/23 19:29:41:158 UTC]  INFO starter.ImportStarterUtil: Found :	3 com.dotmarketing.portlets.contentlet.model.ContentletVersionInfo(s)
[09/06/23 19:29:41:196 UTC]  INFO starter.ImportStarterUtil: **** Importing the file: /data/local/dotsecure/backup/temp/com.dotmarketing.portlets.workflows.model.WorkflowTask_0000000000.json *****
[09/06/23 19:29:41:196 UTC]  INFO starter.ImportStarterUtil: Importing:	com.dotmarketing.portlets.workflows.model.WorkflowTask
[09/06/23 19:29:41:198 UTC]  INFO starter.ImportStarterUtil: Found :	1 com.dotmarketing.portlets.workflows.model.WorkflowTask(s)
[09/06/23 19:29:41:203 UTC]  INFO starter.ImportStarterUtil: **** Importing the file: /data/local/dotsecure/backup/temp/Image.json *****
[09/06/23 19:29:41:203 UTC]  INFO starter.ImportStarterUtil: Importing:	Image
[09/06/23 19:29:46:392 UTC]  INFO starter.ImportStarterUtil: Found :	1 Image(s)
[09/06/23 19:29:46:394 UTC]  INFO starter.ImportStarterUtil: **** Importing the file: /data/local/dotsecure/backup/temp/Portlet.json *****
[09/06/23 19:29:46:394 UTC]  INFO starter.ImportStarterUtil: Importing:	Portlet
[09/06/23 19:29:46:395 UTC]  INFO starter.ImportStarterUtil: Found :	3 Portlet(s)
[09/06/23 19:29:46:400 UTC]  INFO starter.ImportStarterUtil: Done Importing
[09/06/23 19:29:46:404 UTC]  INFO runonce.Task210321RemoveOldMetadataFiles:  executing metadata clean up under path /data/shared/assets
[09/06/23 19:29:46:411 UTC]  INFO db.DotCMSInitDb:  `1` old metadata entries removed and `0` old content files from the starter.
[09/06/23 19:29:46:417 UTC]  INFO timedcache.TimedCacheProvider: ===== Initializing [Timed Cache Provider].
[09/06/23 19:29:46:419 UTC]  INFO timedcache.TimedCacheProvider: ***	 Cache Config Memory : esquerycache: 10000
[09/06/23 19:29:46:420 UTC]  INFO timedcache.TimedCacheProvider: ***	 Cache Config Memory : esquerycountcache: 10000
[09/06/23 19:29:46:420 UTC]  INFO timedcache.TimedCacheProvider: ***	 Cache Config Memory : graphqlquerycache: 5000
[09/06/23 19:29:46:421 UTC]  INFO timedcache.TimedCacheProvider: ***	 Cache Config Memory : default: 1000
[09/06/23 19:29:46:422 UTC]  INFO timedcache.TimedCacheProvider: ***	 Cache Config Memory : adminconfigpool: 100
[09/06/23 19:29:46:423 UTC]  INFO timedcache.TimedCacheProvider: ***	 Cache Config Memory : companypool: 10
[09/06/23 19:29:46:424 UTC]  INFO timedcache.TimedCacheProvider: ***	 Cache Config Memory : contentletcache: 5000
[09/06/23 19:29:46:424 UTC]  INFO timedcache.TimedCacheProvider: ***	 Cache Config Memory : categoryparentscache: 30000
[09/06/23 19:29:46:425 UTC]  INFO timedcache.TimedCacheProvider: ***	 Cache Config Memory : taginodecache: 50000
[09/06/23 19:29:46:425 UTC]  INFO timedcache.TimedCacheProvider: ***	 Cache Config Memory : taginodesbyinodecache: 50000
[09/06/23 19:29:46:427 UTC]  INFO timedcache.TimedCacheProvider: ***	 Cache Config Memory : tagcache: 50000
[09/06/23 19:29:46:427 UTC]  INFO timedcache.TimedCacheProvider: ***	 Cache Config Memory : csscache: 2500
[09/06/23 19:29:46:428 UTC]  INFO timedcache.TimedCacheProvider: ***	 Cache Config Memory : assetmetadatacache: 10000
[09/06/23 19:29:46:429 UTC]  INFO timedcache.TimedCacheProvider: ***	 Cache Config Memory : identifiercache: 50000
[09/06/23 19:29:46:429 UTC]  INFO timedcache.TimedCacheProvider: ***	 Cache Config Memory : identifier404cache: 30000
[09/06/23 19:29:46:430 UTC]  INFO timedcache.TimedCacheProvider: ***	 Cache Config Memory : indiciescache: 8
[09/06/23 19:29:46:431 UTC]  INFO timedcache.TimedCacheProvider: ***	 Cache Config Memory : logmappercache: 10
[09/06/23 19:29:46:432 UTC]  INFO timedcache.TimedCacheProvider: ***	 Cache Config Memory : navcache: 1000
[09/06/23 19:29:46:432 UTC]  INFO timedcache.TimedCacheProvider: ***	 Cache Config Memory : parentpermissionablecache: 10000
[09/06/23 19:29:46:433 UTC]  INFO timedcache.TimedCacheProvider: ***	 Cache Config Memory : permissioncache: 50000
[09/06/23 19:29:46:433 UTC]  INFO timedcache.TimedCacheProvider: ***	 Cache Config Memory : portletpool: 100
[09/06/23 19:29:46:435 UTC]  INFO timedcache.TimedCacheProvider: ***	 Cache Config Memory : publishingendpointcache: 100
[09/06/23 19:29:46:435 UTC]  INFO timedcache.TimedCacheProvider: ***	 Cache Config Memory : pushedassetscache: 5000
[09/06/23 19:29:46:436 UTC]  INFO timedcache.TimedCacheProvider: ***	 Cache Config Memory : templatecache: 500
[09/06/23 19:29:46:436 UTC]  INFO timedcache.TimedCacheProvider: ***	 Cache Config Memory : translatedquerycache: 5000
[09/06/23 19:29:46:436 UTC]  INFO timedcache.TimedCacheProvider: ***	 Cache Config Memory : versioncache: 50000
[09/06/23 19:29:46:437 UTC]  INFO timedcache.TimedCacheProvider: ***	 Cache Config Memory : versioninfocache: 50000
[09/06/23 19:29:46:438 UTC]  INFO timedcache.TimedCacheProvider: ***	 Cache Config Memory : workflowactioncache: 10000
[09/06/23 19:29:46:438 UTC]  INFO timedcache.TimedCacheProvider: ***	 Cache Config Memory : workflowtaskcache: 10000
[09/06/23 19:29:46:439 UTC]  INFO timedcache.TimedCacheProvider: ***	 Cache Config Memory : shortyidcache: 25000
[09/06/23 19:29:46:440 UTC]  INFO timedcache.TimedCacheProvider: ***	 Cache Config Memory : velocitycache: 5000
[09/06/23 19:29:46:440 UTC]  INFO timedcache.TimedCacheProvider: ***	 Cache Config Memory : vanityurldirectcache: 25000
[09/06/23 19:29:46:441 UTC]  INFO timedcache.TimedCacheProvider: ***	 Cache Config Memory : vanityurlsitecache: 5000
[09/06/23 19:29:46:441 UTC]  INFO h22.H22Cache: Start Full Cache Flush in h22
[09/06/23 19:29:46:442 UTC]  INFO h22.H22Cache: Building new H22 Cache, db:0
[09/06/23 19:29:46:443 UTC]  INFO h22.H22HikariPool: H22 on disk cache:jdbc:h2:/data/local/dotsecure/h22cache/0/2023-06-09_19-29-46/cache;MVCC=TRUE;DB_CLOSE_ON_EXIT=FALSE
[09/06/23 19:29:46:523 UTC]  INFO h22.H22Cache: Building new H22 Cache, db:1
[09/06/23 19:29:46:524 UTC]  INFO h22.H22HikariPool: H22 on disk cache:jdbc:h2:/data/local/dotsecure/h22cache/1/2023-06-09_19-29-46/cache;MVCC=TRUE;DB_CLOSE_ON_EXIT=FALSE
[09/06/23 19:29:46:587 UTC]  INFO h22.H22Cache: End Full Cache Flush in h22 : 145ms
[09/06/23 19:29:46:624 UTC]  INFO reindex.ReindexThread: --- Recreating ReindexThread from stopped
[09/06/23 19:29:46:626 UTC]  INFO framework.OSGISystem: Starting: OSGi System Framework
[09/06/23 19:29:46:627 UTC]  INFO framework.OSGISystem: Felix System base dir: /srv/dotserver/tomcat-9.0.60/webapps/ROOT/WEB-INF/felix-system
[09/06/23 19:29:46:634 UTC]  INFO framework.OSGIUtil: Loading Factory org.apache.felix.framework.FrameworkFactory
[09/06/23 19:29:47:083 UTC]  INFO init.SamlInitializer: SAML Init STARTED...
[09/06/23 19:29:47:929 UTC]  INFO init.SamlInitializer: Doing instance of Java Crypto validator
[09/06/23 19:29:47:930 UTC]  INFO init.SamlInitializer: Getting the Security Providers
[09/06/23 19:29:47:930 UTC]  INFO init.SamlInitializer: - SUN (DSA key/parameter generation; DSA signing; SHA-1, MD5 digests; SecureRandom; X.509 certificates; PKCS12, JKS & DKS keystores; PKIX CertPathValidator; PKIX CertPathBuilder; LDAP, Collection CertStores, JavaPolicy Policy; JavaLoginConfig Configuration)
[09/06/23 19:29:47:931 UTC]  INFO init.SamlInitializer: - Sun RSA signature provider
[09/06/23 19:29:47:931 UTC]  INFO init.SamlInitializer: - Sun Elliptic Curve provider (EC, ECDSA, ECDH)
[09/06/23 19:29:47:932 UTC]  INFO init.SamlInitializer: - Sun JSSE provider(PKCS12, SunX509/PKIX key/trust factories, SSLv3/TLSv1/TLSv1.1/TLSv1.2/TLSv1.3/DTLSv1.0/DTLSv1.2)
[09/06/23 19:29:47:932 UTC]  INFO init.SamlInitializer: - SunJCE Provider (implements RSA, DES, Triple DES, AES, Blowfish, ARCFOUR, RC2, PBE, Diffie-Hellman, HMAC, ChaCha20)
[09/06/23 19:29:47:933 UTC]  INFO init.SamlInitializer: - Sun (Kerberos v5, SPNEGO)
[09/06/23 19:29:47:933 UTC]  INFO init.SamlInitializer: - Sun SASL provider(implements client mechanisms for: DIGEST-MD5, EXTERNAL, PLAIN, CRAM-MD5, NTLM; server mechanisms for: DIGEST-MD5, CRAM-MD5, NTLM)
[09/06/23 19:29:47:934 UTC]  INFO init.SamlInitializer: - JdkLDAP Provider (implements LDAP CertStore)
[09/06/23 19:29:47:934 UTC]  INFO init.SamlInitializer: Doing Init of SignatureValidationProvider
[09/06/23 19:29:47:937 UTC]  INFO init.SamlInitializer: SAML Init DONE
[09/06/23 19:29:47:938 UTC]  INFO init.SamlInitializer: Setting basic parser pool
[09/06/23 19:29:47:940 UTC]  INFO osgi.Activator: Adding the SAML Web Filter
[09/06/23 19:29:47:989 UTC]  INFO osgi.Activator: Adding the SAML Web Service: com.dotcms.auth.providers.saml.v1.DotSamlResource
[09/06/23 19:29:48:444 UTC]  INFO osgi.Activator: Subscribing to  AppSecretSavedEvent events
[09/06/23 19:29:48:810 UTC]  INFO framework.OSGISystem: Started : OSGi System Framework
[09/06/23 19:29:48:811 UTC]  INFO reindex.ReindexThread: --- ReindexThread Running (every 60000 millis)
[09/06/23 19:29:48:812 UTC]  INFO db.DotCMSInitDb: Building Initial Index
[09/06/23 19:29:48:819 UTC]  INFO reindex.ReindexThread: ---  ReindexThread is starting, background indexing will begin
[09/06/23 19:29:48:853 UTC]  INFO business.ESIndexAPI: createIndex : Trying to create index: cluster_9523350507.working_20230609192948 with shards: 0
[09/06/23 19:29:48:853 UTC]  INFO util.AdminLogger: class com.dotcms.content.elasticsearch.business.ESIndexAPI : createIndex : Trying to create index: cluster_9523350507.working_20230609192948 with shards: 0
[09/06/23 19:29:48:853 UTC]  WARN business.ESIndexAPI: Unable to parse shards from config
[09/06/23 19:29:48:853 UTC]  WARN business.ESIndexAPI: null
[09/06/23 19:29:48:853 UTC]  WARN business.ESIndexAPI: java.base/java.lang.Integer.parseInt(Integer.java:614)
[09/06/23 19:29:49:292 UTC]  INFO business.ESIndexAPI: createIndex : Index created: cluster_9523350507.working_20230609192948 with shards: 1
[09/06/23 19:29:49:299 UTC]  INFO util.AdminLogger: class com.dotcms.content.elasticsearch.business.ESIndexAPI : createIndex : Index created: cluster_9523350507.working_20230609192948 with shards: 1
[09/06/23 19:29:49:413 UTC]  INFO business.ESIndexAPI: createIndex : Trying to create index: cluster_9523350507.live_20230609192948 with shards: 0
[09/06/23 19:29:49:414 UTC]  INFO util.AdminLogger: class com.dotcms.content.elasticsearch.business.ESIndexAPI : createIndex : Trying to create index: cluster_9523350507.live_20230609192948 with shards: 0
[09/06/23 19:29:49:415 UTC]  WARN business.ESIndexAPI: Unable to parse shards from config
[09/06/23 19:29:49:415 UTC]  WARN business.ESIndexAPI: null
[09/06/23 19:29:49:416 UTC]  WARN business.ESIndexAPI: java.base/java.lang.Integer.parseInt(Integer.java:614)
[09/06/23 19:29:49:563 UTC]  INFO business.ESIndexAPI: createIndex : Index created: cluster_9523350507.live_20230609192948 with shards: 1
[09/06/23 19:29:49:563 UTC]  INFO util.AdminLogger: class com.dotcms.content.elasticsearch.business.ESIndexAPI : createIndex : Index created: cluster_9523350507.live_20230609192948 with shards: 1
[09/06/23 19:29:49:682 UTC]  INFO servlets.InitServlet: 
[09/06/23 19:29:49:682 UTC]  INFO servlets.InitServlet:  * Copyright (c) 2023 dotCMS Inc. 
[09/06/23 19:29:49:682 UTC]  INFO servlets.InitServlet:  * This software, code and any modifications to the code are licensed under the terms of the dotCMS Enterprise License 
[09/06/23 19:29:49:682 UTC]  INFO servlets.InitServlet:  * which can be found here : https://www.github.com/dotCMS/core/LICENSE 
[09/06/23 19:29:49:682 UTC]  INFO servlets.InitServlet: 
[09/06/23 19:29:53:912 UTC]  INFO reindex.ReindexThread: --- Unpausing reindex thread 
[09/06/23 19:29:54:391 UTC]  WARN util.FileUtil:  Fail to remove destination dir [/data/local/dotsecure/trash/h22/20230609192954390/2023-06-09_19-29-30]
[09/06/23 19:29:54:460 UTC]  WARN util.FileUtil:  Fail to remove destination dir [/data/local/dotsecure/trash/h22/20230609192954459/2023-06-09_19-29-31]
[09/06/23 19:29:55:441 UTC]  INFO reindex.BulkProcessorListener: -----------
[09/06/23 19:29:55:442 UTC]  INFO reindex.BulkProcessorListener: Reindexing Server #  : 1 of 1
[09/06/23 19:29:55:442 UTC]  INFO reindex.BulkProcessorListener: Total Indexed        : 0
[09/06/23 19:29:55:442 UTC]  INFO reindex.BulkProcessorListener: ReindexEntries found : 3
[09/06/23 19:29:55:442 UTC]  INFO reindex.BulkProcessorListener: BulkRequests created : 6
[09/06/23 19:29:55:442 UTC]  INFO reindex.BulkProcessorListener: -----------
[09/06/23 19:29:56:917 UTC]  INFO db.DotCMSInitDb: Records left to index : 0
[09/06/23 19:29:56:918 UTC]  INFO db.DotCMSInitDb: While in DevMode dotCMS will not set an initial password to the admin user.
[09/06/23 19:29:56:919 UTC]  INFO startup.StartupTasksExecutor: Not Running Startup Tasks: Task00005LoadFixassets
[09/06/23 19:29:56:954 UTC]  INFO startup.StartupTasksExecutor: Running Startup Tasks : Task00006CreateSystemLayout
[09/06/23 19:29:59:975 UTC]  INFO startup.StartupTasksExecutor: Not Running Startup Tasks: Task00007RemoveSitesearchQuartzJob
[09/06/23 19:29:59:976 UTC]  INFO startup.StartupTasksExecutor: Running Startup Tasks : Task00040CheckAnonymousUser
[09/06/23 19:30:00:130 UTC]  INFO apps.SecretsKeyStoreHelper: KeyStore loaded successfully after `1` tries.
[09/06/23 19:30:00:137 UTC]  INFO startup.StartupTasksExecutor: Not Running Startup Tasks: Task00050LoadAppsSecrets
[09/06/23 19:30:00:142 UTC]  INFO startup.StartupTasksExecutor: Finishing startup tasks.
[09/06/23 19:30:00:142 UTC]  INFO startup.StartupTasksExecutor: ---
[09/06/23 19:30:00:142 UTC]  INFO startup.StartupTasksExecutor: 
[09/06/23 19:30:00:142 UTC]  INFO startup.StartupTasksExecutor: Running Upgrade Tasks
[09/06/23 19:30:00:142 UTC]  INFO startup.StartupTasksExecutor: Database version: 0
[09/06/23 19:30:00:781 UTC]  INFO startup.StartupTasksExecutor: Database upgraded to version: 760
[09/06/23 19:30:00:782 UTC]  INFO startup.StartupTasksExecutor: Database upgraded to version: 765
[09/06/23 19:30:00:782 UTC]  INFO startup.StartupTasksExecutor: Database upgraded to version: 766
[09/06/23 19:30:00:782 UTC]  INFO startup.StartupTasksExecutor: Database upgraded to version: 767
[09/06/23 19:30:00:783 UTC]  INFO startup.StartupTasksExecutor: Database upgraded to version: 768
[09/06/23 19:30:00:783 UTC]  INFO startup.StartupTasksExecutor: Database upgraded to version: 769
[09/06/23 19:30:00:784 UTC]  INFO startup.StartupTasksExecutor: Database upgraded to version: 775
[09/06/23 19:30:00:784 UTC]  INFO startup.StartupTasksExecutor: Database upgraded to version: 780
[09/06/23 19:30:00:784 UTC]  INFO startup.StartupTasksExecutor: Database upgraded to version: 782
[09/06/23 19:30:00:785 UTC]  INFO startup.StartupTasksExecutor: Database upgraded to version: 785
[09/06/23 19:30:00:785 UTC]  INFO startup.StartupTasksExecutor: Database upgraded to version: 790
[09/06/23 19:30:00:785 UTC]  INFO startup.StartupTasksExecutor: Database upgraded to version: 795
[09/06/23 19:30:00:786 UTC]  INFO startup.StartupTasksExecutor: Database upgraded to version: 800
[09/06/23 19:30:00:786 UTC]  INFO startup.StartupTasksExecutor: Database upgraded to version: 805
[09/06/23 19:30:00:786 UTC]  INFO startup.StartupTasksExecutor: Database upgraded to version: 810
[09/06/23 19:30:00:787 UTC]  INFO startup.StartupTasksExecutor: Database upgraded to version: 815
[09/06/23 19:30:00:787 UTC]  INFO startup.StartupTasksExecutor: Database upgraded to version: 820
[09/06/23 19:30:00:787 UTC]  INFO startup.StartupTasksExecutor: Database upgraded to version: 825
[09/06/23 19:30:00:787 UTC]  INFO startup.StartupTasksExecutor: Database upgraded to version: 835
[09/06/23 19:30:00:788 UTC]  INFO startup.StartupTasksExecutor: Database upgraded to version: 840
[09/06/23 19:30:00:788 UTC]  INFO startup.StartupTasksExecutor: Database upgraded to version: 845
[09/06/23 19:30:00:788 UTC]  INFO startup.StartupTasksExecutor: Database upgraded to version: 850
[09/06/23 19:30:00:789 UTC]  INFO startup.StartupTasksExecutor: Database upgraded to version: 855
[09/06/23 19:30:00:789 UTC]  INFO startup.StartupTasksExecutor: Database upgraded to version: 860
[09/06/23 19:30:00:789 UTC]  INFO startup.StartupTasksExecutor: Database upgraded to version: 865
[09/06/23 19:30:00:790 UTC]  INFO startup.StartupTasksExecutor: Database upgraded to version: 900
[09/06/23 19:30:00:790 UTC]  INFO startup.StartupTasksExecutor: Database upgraded to version: 905
[09/06/23 19:30:00:790 UTC]  INFO startup.StartupTasksExecutor: Database upgraded to version: 910
[09/06/23 19:30:00:790 UTC]  INFO startup.StartupTasksExecutor: Database upgraded to version: 920
[09/06/23 19:30:00:791 UTC]  INFO startup.StartupTasksExecutor: Database upgraded to version: 922
[09/06/23 19:30:00:791 UTC]  INFO startup.StartupTasksExecutor: Database upgraded to version: 925
[09/06/23 19:30:00:791 UTC]  INFO startup.StartupTasksExecutor: Database upgraded to version: 930
[09/06/23 19:30:00:792 UTC]  INFO startup.StartupTasksExecutor: Database upgraded to version: 935
[09/06/23 19:30:00:792 UTC]  INFO startup.StartupTasksExecutor: Database upgraded to version: 940
[09/06/23 19:30:00:792 UTC]  INFO startup.StartupTasksExecutor: Database upgraded to version: 945
[09/06/23 19:30:00:792 UTC]  INFO startup.StartupTasksExecutor: Database upgraded to version: 950
[09/06/23 19:30:00:793 UTC]  INFO startup.StartupTasksExecutor: Database upgraded to version: 1000
[09/06/23 19:30:00:793 UTC]  INFO startup.StartupTasksExecutor: Database upgraded to version: 1005
[09/06/23 19:30:00:793 UTC]  INFO startup.StartupTasksExecutor: Database upgraded to version: 1015
[09/06/23 19:30:00:794 UTC]  INFO startup.StartupTasksExecutor: Database upgraded to version: 1016
[09/06/23 19:30:00:794 UTC]  INFO startup.StartupTasksExecutor: Database upgraded to version: 1020
[09/06/23 19:30:00:794 UTC]  INFO startup.StartupTasksExecutor: Database upgraded to version: 1030
[09/06/23 19:30:00:794 UTC]  INFO startup.StartupTasksExecutor: Database upgraded to version: 1035
[09/06/23 19:30:00:795 UTC]  INFO startup.StartupTasksExecutor: Database upgraded to version: 1045
[09/06/23 19:30:00:795 UTC]  INFO startup.StartupTasksExecutor: Database upgraded to version: 1050
[09/06/23 19:30:00:795 UTC]  INFO startup.StartupTasksExecutor: Database upgraded to version: 1055
[09/06/23 19:30:00:796 UTC]  INFO startup.StartupTasksExecutor: Database upgraded to version: 1060
[09/06/23 19:30:00:796 UTC]  INFO startup.StartupTasksExecutor: Database upgraded to version: 1065
[09/06/23 19:30:00:796 UTC]  INFO startup.StartupTasksExecutor: Database upgraded to version: 1070
[09/06/23 19:30:00:797 UTC]  INFO startup.StartupTasksExecutor: Database upgraded to version: 1080
[09/06/23 19:30:00:797 UTC]  INFO startup.StartupTasksExecutor: Database upgraded to version: 1085
[09/06/23 19:30:00:797 UTC]  INFO startup.StartupTasksExecutor: Database upgraded to version: 1090
[09/06/23 19:30:00:797 UTC]  INFO startup.StartupTasksExecutor: Database upgraded to version: 1095
[09/06/23 19:30:00:798 UTC]  INFO startup.StartupTasksExecutor: Database upgraded to version: 1096
[09/06/23 19:30:00:798 UTC]  INFO startup.StartupTasksExecutor: Database upgraded to version: 3000
[09/06/23 19:30:00:798 UTC]  INFO startup.StartupTasksExecutor: Database upgraded to version: 3005
[09/06/23 19:30:00:799 UTC]  INFO startup.StartupTasksExecutor: Database upgraded to version: 3010
[09/06/23 19:30:00:799 UTC]  INFO startup.StartupTasksExecutor: Database upgraded to version: 3015
[09/06/23 19:30:00:799 UTC]  INFO startup.StartupTasksExecutor: Database upgraded to version: 3020
[09/06/23 19:30:00:800 UTC]  INFO startup.StartupTasksExecutor: Database upgraded to version: 3025
[09/06/23 19:30:00:800 UTC]  INFO startup.StartupTasksExecutor: Database upgraded to version: 3030
[09/06/23 19:30:00:800 UTC]  INFO startup.StartupTasksExecutor: Database upgraded to version: 3035
[09/06/23 19:30:00:800 UTC]  INFO startup.StartupTasksExecutor: Database upgraded to version: 3040
[09/06/23 19:30:00:801 UTC]  INFO startup.StartupTasksExecutor: Database upgraded to version: 3042
[09/06/23 19:30:00:801 UTC]  INFO startup.StartupTasksExecutor: Database upgraded to version: 3045
[09/06/23 19:30:00:801 UTC]  INFO startup.StartupTasksExecutor: Database upgraded to version: 3050
[09/06/23 19:30:00:802 UTC]  INFO startup.StartupTasksExecutor: Database upgraded to version: 3055
[09/06/23 19:30:00:802 UTC]  INFO startup.StartupTasksExecutor: Database upgraded to version: 3060
[09/06/23 19:30:00:802 UTC]  INFO startup.StartupTasksExecutor: Database upgraded to version: 3065
[09/06/23 19:30:00:803 UTC]  INFO startup.StartupTasksExecutor: Database upgraded to version: 3100
[09/06/23 19:30:00:803 UTC]  INFO startup.StartupTasksExecutor: Database upgraded to version: 3105
[09/06/23 19:30:00:804 UTC]  INFO startup.StartupTasksExecutor: Database upgraded to version: 3120
[09/06/23 19:30:00:804 UTC]  INFO startup.StartupTasksExecutor: Database upgraded to version: 3130
[09/06/23 19:30:00:804 UTC]  INFO startup.StartupTasksExecutor: Database upgraded to version: 3135
[09/06/23 19:30:00:805 UTC]  INFO startup.StartupTasksExecutor: Database upgraded to version: 3140
[09/06/23 19:30:00:805 UTC]  INFO startup.StartupTasksExecutor: Database upgraded to version: 3150
[09/06/23 19:30:00:805 UTC]  INFO startup.StartupTasksExecutor: Database upgraded to version: 3160
[09/06/23 19:30:00:806 UTC]  INFO startup.StartupTasksExecutor: Database upgraded to version: 3165
[09/06/23 19:30:00:806 UTC]  INFO startup.StartupTasksExecutor: Database upgraded to version: 3500
[09/06/23 19:30:00:806 UTC]  INFO startup.StartupTasksExecutor: Database upgraded to version: 3505
[09/06/23 19:30:00:807 UTC]  INFO startup.StartupTasksExecutor: Database upgraded to version: 3510
[09/06/23 19:30:00:807 UTC]  INFO startup.StartupTasksExecutor: Database upgraded to version: 3515
[09/06/23 19:30:00:807 UTC]  INFO startup.StartupTasksExecutor: Database upgraded to version: 3520
[09/06/23 19:30:00:808 UTC]  INFO startup.StartupTasksExecutor: Database upgraded to version: 3525
[09/06/23 19:30:00:808 UTC]  INFO startup.StartupTasksExecutor: Database upgraded to version: 3530
[09/06/23 19:30:00:808 UTC]  INFO startup.StartupTasksExecutor: Database upgraded to version: 3535
[09/06/23 19:30:00:811 UTC]  INFO startup.StartupTasksExecutor: Database upgraded to version: 3540
[09/06/23 19:30:00:811 UTC]  INFO startup.StartupTasksExecutor: Database upgraded to version: 3545
[09/06/23 19:30:00:812 UTC]  INFO startup.StartupTasksExecutor: Database upgraded to version: 3550
[09/06/23 19:30:00:812 UTC]  INFO startup.StartupTasksExecutor: Database upgraded to version: 3555
[09/06/23 19:30:00:812 UTC]  INFO startup.StartupTasksExecutor: Database upgraded to version: 3560
[09/06/23 19:30:00:813 UTC]  INFO startup.StartupTasksExecutor: Database upgraded to version: 3565
[09/06/23 19:30:00:813 UTC]  INFO startup.StartupTasksExecutor: Database upgraded to version: 3600
[09/06/23 19:30:00:813 UTC]  INFO startup.StartupTasksExecutor: Database upgraded to version: 3605
[09/06/23 19:30:00:814 UTC]  INFO startup.StartupTasksExecutor: Database upgraded to version: 3700
[09/06/23 19:30:00:814 UTC]  INFO startup.StartupTasksExecutor: Database upgraded to version: 3705
[09/06/23 19:30:00:814 UTC]  INFO startup.StartupTasksExecutor: Database upgraded to version: 3710
[09/06/23 19:30:00:814 UTC]  INFO startup.StartupTasksExecutor: Database upgraded to version: 3715
[09/06/23 19:30:00:815 UTC]  INFO startup.StartupTasksExecutor: Database upgraded to version: 3720
[09/06/23 19:30:00:815 UTC]  INFO startup.StartupTasksExecutor: Database upgraded to version: 3725
[09/06/23 19:30:00:815 UTC]  INFO startup.StartupTasksExecutor: Database upgraded to version: 3735
[09/06/23 19:30:00:816 UTC]  INFO startup.StartupTasksExecutor: Database upgraded to version: 3740
[09/06/23 19:30:00:816 UTC]  INFO startup.StartupTasksExecutor: Database upgraded to version: 3745
[09/06/23 19:30:00:816 UTC]  INFO startup.StartupTasksExecutor: Database upgraded to version: 3800
[09/06/23 19:30:00:817 UTC]  INFO startup.StartupTasksExecutor: Database upgraded to version: 4100
[09/06/23 19:30:00:817 UTC]  INFO startup.StartupTasksExecutor: Database upgraded to version: 4105
[09/06/23 19:30:00:817 UTC]  INFO startup.StartupTasksExecutor: Database upgraded to version: 4110
[09/06/23 19:30:00:818 UTC]  INFO startup.StartupTasksExecutor: Database upgraded to version: 4115
[09/06/23 19:30:00:818 UTC]  INFO startup.StartupTasksExecutor: Database upgraded to version: 4120
[09/06/23 19:30:00:818 UTC]  INFO startup.StartupTasksExecutor: Database upgraded to version: 4200
[09/06/23 19:30:00:819 UTC]  INFO startup.StartupTasksExecutor: Database upgraded to version: 4205
[09/06/23 19:30:00:819 UTC]  INFO startup.StartupTasksExecutor: Database upgraded to version: 4210
[09/06/23 19:30:00:819 UTC]  INFO startup.StartupTasksExecutor: Database upgraded to version: 4215
[09/06/23 19:30:00:820 UTC]  INFO startup.StartupTasksExecutor: Database upgraded to version: 4220
[09/06/23 19:30:00:820 UTC]  INFO startup.StartupTasksExecutor: Database upgraded to version: 4230
[09/06/23 19:30:00:820 UTC]  INFO startup.StartupTasksExecutor: Database upgraded to version: 4235
[09/06/23 19:30:00:820 UTC]  INFO startup.StartupTasksExecutor: Database upgraded to version: 4300
[09/06/23 19:30:00:821 UTC]  INFO startup.StartupTasksExecutor: Database upgraded to version: 4305
[09/06/23 19:30:00:821 UTC]  INFO startup.StartupTasksExecutor: Database upgraded to version: 4310
[09/06/23 19:30:00:821 UTC]  INFO startup.StartupTasksExecutor: Database upgraded to version: 4315
[09/06/23 19:30:00:822 UTC]  INFO startup.StartupTasksExecutor: Database upgraded to version: 4320
[09/06/23 19:30:00:822 UTC]  INFO startup.StartupTasksExecutor: Database upgraded to version: 4330
[09/06/23 19:30:00:823 UTC]  INFO startup.StartupTasksExecutor: Database upgraded to version: 4335
[09/06/23 19:30:00:823 UTC]  INFO startup.StartupTasksExecutor: Database upgraded to version: 4340
[09/06/23 19:30:00:824 UTC]  INFO startup.StartupTasksExecutor: Database upgraded to version: 4345
[09/06/23 19:30:00:824 UTC]  INFO startup.StartupTasksExecutor: Database upgraded to version: 4350
[09/06/23 19:30:00:824 UTC]  INFO startup.StartupTasksExecutor: Database upgraded to version: 4355
[09/06/23 19:30:00:825 UTC]  INFO startup.StartupTasksExecutor: Database upgraded to version: 4360
[09/06/23 19:30:00:825 UTC]  INFO startup.StartupTasksExecutor: Database upgraded to version: 4365
[09/06/23 19:30:00:825 UTC]  INFO startup.StartupTasksExecutor: Database upgraded to version: 4370
[09/06/23 19:30:00:826 UTC]  INFO startup.StartupTasksExecutor: Database upgraded to version: 4375
[09/06/23 19:30:00:826 UTC]  INFO startup.StartupTasksExecutor: Database upgraded to version: 4380
[09/06/23 19:30:00:826 UTC]  INFO startup.StartupTasksExecutor: Database upgraded to version: 4385
[09/06/23 19:30:00:827 UTC]  INFO startup.StartupTasksExecutor: Database upgraded to version: 4390
[09/06/23 19:30:00:827 UTC]  INFO startup.StartupTasksExecutor: Database upgraded to version: 5030
[09/06/23 19:30:00:827 UTC]  INFO startup.StartupTasksExecutor: Database upgraded to version: 5035
[09/06/23 19:30:00:828 UTC]  INFO startup.StartupTasksExecutor: Database upgraded to version: 5040
[09/06/23 19:30:00:828 UTC]  INFO startup.StartupTasksExecutor: Database upgraded to version: 5050
[09/06/23 19:30:00:829 UTC]  INFO startup.StartupTasksExecutor: Database upgraded to version: 5060
[09/06/23 19:30:00:829 UTC]  INFO startup.StartupTasksExecutor: Database upgraded to version: 5070
[09/06/23 19:30:00:830 UTC]  INFO startup.StartupTasksExecutor: Database upgraded to version: 5080
[09/06/23 19:30:00:830 UTC]  INFO startup.StartupTasksExecutor: Database upgraded to version: 5150
[09/06/23 19:30:00:830 UTC]  INFO startup.StartupTasksExecutor: Database upgraded to version: 5160
[09/06/23 19:30:00:831 UTC]  INFO startup.StartupTasksExecutor: Database upgraded to version: 5165
[09/06/23 19:30:00:831 UTC]  INFO startup.StartupTasksExecutor: Database upgraded to version: 5170
[09/06/23 19:30:00:831 UTC]  INFO startup.StartupTasksExecutor: Database upgraded to version: 5175
[09/06/23 19:30:00:832 UTC]  INFO startup.StartupTasksExecutor: Database upgraded to version: 5180
[09/06/23 19:30:00:832 UTC]  INFO startup.StartupTasksExecutor: Database upgraded to version: 5190
[09/06/23 19:30:00:832 UTC]  INFO startup.StartupTasksExecutor: Database upgraded to version: 5195
[09/06/23 19:30:00:833 UTC]  INFO startup.StartupTasksExecutor: Database upgraded to version: 5200
[09/06/23 19:30:00:833 UTC]  INFO startup.StartupTasksExecutor: Database upgraded to version: 5210
[09/06/23 19:30:00:833 UTC]  INFO startup.StartupTasksExecutor: Database upgraded to version: 5215
[09/06/23 19:30:00:834 UTC]  INFO startup.StartupTasksExecutor: Database upgraded to version: 5220
[09/06/23 19:30:00:834 UTC]  INFO startup.StartupTasksExecutor: Database upgraded to version: 5225
[09/06/23 19:30:00:834 UTC]  INFO startup.StartupTasksExecutor: Database upgraded to version: 5300
[09/06/23 19:30:00:835 UTC]  INFO startup.StartupTasksExecutor: Database upgraded to version: 5305
[09/06/23 19:30:00:835 UTC]  INFO startup.StartupTasksExecutor: Database upgraded to version: 5350
[09/06/23 19:30:00:835 UTC]  INFO startup.StartupTasksExecutor: Database upgraded to version: 5370
[09/06/23 19:30:00:836 UTC]  INFO startup.StartupTasksExecutor: Database upgraded to version: 5380
[09/06/23 19:30:00:836 UTC]  INFO startup.StartupTasksExecutor: Database upgraded to version: 5390
[09/06/23 19:30:00:836 UTC]  INFO startup.StartupTasksExecutor: Database upgraded to version: 5395
[09/06/23 19:30:00:836 UTC]  INFO startup.StartupTasksExecutor: Database upgraded to version: 201013
[09/06/23 19:30:00:837 UTC]  INFO startup.StartupTasksExecutor: Database upgraded to version: 201014
[09/06/23 19:30:00:837 UTC]  INFO startup.StartupTasksExecutor: Database upgraded to version: 201102
[09/06/23 19:30:00:837 UTC]  INFO startup.StartupTasksExecutor: Database upgraded to version: 210218
[09/06/23 19:30:00:838 UTC]  INFO startup.StartupTasksExecutor: Database upgraded to version: 210316
[09/06/23 19:30:00:838 UTC]  INFO startup.StartupTasksExecutor: Database upgraded to version: 210319
[09/06/23 19:30:00:838 UTC]  INFO startup.StartupTasksExecutor: Database upgraded to version: 210321
[09/06/23 19:30:00:839 UTC]  INFO startup.StartupTasksExecutor: Database upgraded to version: 210506
[09/06/23 19:30:00:839 UTC]  INFO startup.StartupTasksExecutor: Database upgraded to version: 210510
[09/06/23 19:30:00:839 UTC]  INFO startup.StartupTasksExecutor: Database upgraded to version: 210520
[09/06/23 19:30:00:844 UTC]  INFO startup.StartupTasksExecutor: Database upgraded to version: 210527
[09/06/23 19:30:00:846 UTC]  INFO startup.StartupTasksExecutor: Database upgraded to version: 210719
[09/06/23 19:30:00:848 UTC]  INFO startup.StartupTasksExecutor: Database upgraded to version: 210802
[09/06/23 19:30:00:849 UTC]  INFO startup.StartupTasksExecutor: Database upgraded to version: 210805
[09/06/23 19:30:00:852 UTC]  INFO startup.StartupTasksExecutor: Database upgraded to version: 210816
[09/06/23 19:30:00:853 UTC]  INFO startup.StartupTasksExecutor: Database upgraded to version: 210901
[09/06/23 19:30:00:853 UTC]  INFO startup.StartupTasksExecutor: Database upgraded to version: 211007
[09/06/23 19:30:00:853 UTC]  INFO startup.StartupTasksExecutor: Database upgraded to version: 211012
[09/06/23 19:30:00:854 UTC]  INFO startup.StartupTasksExecutor: Database upgraded to version: 211020
[09/06/23 19:30:00:854 UTC]  INFO startup.StartupTasksExecutor: Database upgraded to version: 211101
[09/06/23 19:30:00:854 UTC]  INFO startup.StartupTasksExecutor: Database upgraded to version: 211103
[09/06/23 19:30:00:855 UTC]  INFO startup.StartupTasksExecutor: Database upgraded to version: 220202
[09/06/23 19:30:00:855 UTC]  INFO startup.StartupTasksExecutor: Database upgraded to version: 220203
[09/06/23 19:30:00:856 UTC]  INFO startup.StartupTasksExecutor: Database upgraded to version: 220214
[09/06/23 19:30:00:856 UTC]  INFO startup.StartupTasksExecutor: Database upgraded to version: 220215
[09/06/23 19:30:00:857 UTC]  INFO startup.StartupTasksExecutor: Database upgraded to version: 220330
[09/06/23 19:30:00:858 UTC]  INFO startup.StartupTasksExecutor: Database upgraded to version: 220401
[09/06/23 19:30:00:860 UTC]  INFO startup.StartupTasksExecutor: Database upgraded to version: 220402
[09/06/23 19:30:00:861 UTC]  INFO startup.StartupTasksExecutor: Database upgraded to version: 220413
[09/06/23 19:30:00:862 UTC]  INFO startup.StartupTasksExecutor: Database upgraded to version: 220512
[09/06/23 19:30:00:862 UTC]  INFO startup.StartupTasksExecutor: Database upgraded to version: 220606
[09/06/23 19:30:00:863 UTC]  INFO startup.StartupTasksExecutor: Database upgraded to version: 220822
[09/06/23 19:30:00:863 UTC]  INFO startup.StartupTasksExecutor: Database upgraded to version: 220824
[09/06/23 19:30:00:866 UTC]  INFO startup.StartupTasksExecutor: Database upgraded to version: 220825
[09/06/23 19:30:00:867 UTC]  INFO startup.StartupTasksExecutor: Database upgraded to version: 220829
[09/06/23 19:30:00:869 UTC]  INFO startup.StartupTasksExecutor: Database upgraded to version: 220912
[09/06/23 19:30:00:870 UTC]  INFO startup.StartupTasksExecutor: Database upgraded to version: 220928
[09/06/23 19:30:00:874 UTC]  INFO startup.StartupTasksExecutor: Database upgraded to version: 221007
[09/06/23 19:30:00:874 UTC]  INFO startup.StartupTasksExecutor: Database upgraded to version: 221018
[09/06/23 19:30:00:875 UTC]  INFO startup.StartupTasksExecutor: Database upgraded to version: 230110
[09/06/23 19:30:00:876 UTC]  INFO startup.StartupTasksExecutor: Database upgraded to version: 230119
[09/06/23 19:30:00:877 UTC]  INFO startup.StartupTasksExecutor: Database upgraded to version: 230328
[09/06/23 19:30:00:877 UTC]  INFO startup.StartupTasksExecutor: Database upgraded to version: 230426
[09/06/23 19:30:00:881 UTC]  INFO startup.StartupTasksExecutor: Database upgraded to version: 230523
[09/06/23 19:30:00:881 UTC]  INFO reindex.ReindexThread: --- Unpausing reindex thread 
[09/06/23 19:30:00:882 UTC]  INFO startup.StartupTasksExecutor: Finishing upgrade tasks.
[09/06/23 19:30:00:882 UTC]  INFO startup.StartupTasksExecutor: Running Backported Tasks
[09/06/23 19:30:00:882 UTC]  INFO startup.StartupTasksExecutor: Finishing Backported tasks.
[09/06/23 19:30:00:902 UTC]  INFO util.Config: Setting property: CACHE_BINDPORT to 5701
[09/06/23 19:30:00:911 UTC]  INFO cluster.ClusterFactory: Cluster topography has changed. This might force a rewire
[09/06/23 19:30:00:912 UTC]  INFO cluster.ClusterFactory: Expecting Servers:[]
[09/06/23 19:30:00:928 UTC]  INFO cluster.ClusterFactory: Found Servers:[server={serverId=7a5b6680-408d-4f9c-896c-9563aac89e9d, clusterId=9523350507, ipAddress=172.19.0.3, host=null, name=6ffba9042858, esTransportTcpPort=null, esNetworkPort=null, esHttpPort=9200, cachePort=5701, lastHeartBeat=1686339000909, key=null, licenseSerial=1cfc7c95-9fe0-4dcb-abe7-c31b9f0517fd, startupTime=0}]
[09/06/23 19:30:00:929 UTC]  INFO cluster.ClusterFactory: Cluster Active. Rewiring
[09/06/23 19:30:00:930 UTC]  INFO business.ChainableCacheAdministratorImpl: ***	 Cluster Update
[09/06/23 19:30:00:931 UTC]  INFO transport.PubSubCacheTransport: initing PubSubCacheTransport
[09/06/23 19:30:00:934 UTC]  INFO dotpubsub.PostgresPubSubImpl: Starting PostgresPubSub. Have servers:1
[09/06/23 19:30:00:934 UTC]  INFO dotpubsub.PostgresPubSubImpl: PGNotificationListener connecting to pub/sub...
[09/06/23 19:30:01:808 UTC]  INFO dotpubsub.PostgresPubSubImpl:  - LISTEN dotcache_topic
[09/06/23 19:30:01:830 UTC]  INFO transport.PubSubCacheTransport: Sending PING to cluster 
[09/06/23 19:30:01:838 UTC]  INFO license.LicenseManager: Updating server 7a5b6680-408d-4f9c-896c-9563aac89e9d start time to 1686338955991
[09/06/23 19:30:01:841 UTC]  INFO servlet.MainServlet: SuppressPropertiesBeanIntrospector enabled for legacy Struts applications
[09/06/23 19:30:01:861 UTC]  INFO transport.CacheTransportTopic: Got PING from server:7a5b668040. sending PONG
[09/06/23 19:30:01:864 UTC]  INFO transport.CacheTransportTopic: Got PONG from server:{"t":"PONG","top":"dotcache_topic","o":"7a5b668040"}.
[09/06/23 19:30:02:062 UTC]  INFO config.DotInitializationService: Initializing DotCMS services
[09/06/23 19:30:02:064 UTC]  INFO config.DotInitializationService: Initializing :com.dotcms.api.system.event.SystemEventProcessorFactoryInitializer
[09/06/23 19:30:02:067 UTC]  INFO config.DotInitializationService: Initializing Done:com.dotcms.api.system.event.SystemEventProcessorFactoryInitializer, duration:0 seconds
[09/06/23 19:30:02:068 UTC]  INFO config.DotInitializationService: Initializing :com.dotcms.api.system.event.PayloadVerifierFactoryInitializer
[09/06/23 19:30:02:073 UTC]  INFO config.DotInitializationService: Initializing Done:com.dotcms.api.system.event.PayloadVerifierFactoryInitializer, duration:0 seconds
[09/06/23 19:30:02:074 UTC]  INFO config.DotInitializationService: Initializing :com.dotcms.system.event.local.business.LocalSystemEventSubscribersInitializer
[09/06/23 19:30:02:164 UTC]  INFO config.DotInitializationService: Initializing Done:com.dotcms.system.event.local.business.LocalSystemEventSubscribersInitializer, duration:0 seconds
[09/06/23 19:30:02:165 UTC]  INFO config.DotInitializationService: Initializing :com.dotmarketing.portlets.personas.business.PersonaAPIImpl
[09/06/23 19:30:02:170 UTC]  INFO config.DotInitializationService: Initializing Done:com.dotmarketing.portlets.personas.business.PersonaAPIImpl, duration:0 seconds
[09/06/23 19:30:02:171 UTC]  INFO config.DotInitializationService: Initializing :com.dotcms.rendering.velocity.events.ExceptionHandlersInitializer
[09/06/23 19:30:02:174 UTC]  INFO config.DotInitializationService: Initializing Done:com.dotcms.rendering.velocity.events.ExceptionHandlersInitializer, duration:0 seconds
[09/06/23 19:30:02:175 UTC]  INFO config.DotInitializationService: Initializing :com.dotcms.publishing.PublisherAPIImpl
[09/06/23 19:30:02:176 UTC]  INFO publishing.PublisherAPIImpl: Push Publishing Filters directory does not exist. Creating it under: /data/shared/assets/server/publishing-filters
[09/06/23 19:30:02:180 UTC]  INFO publishing.PublisherAPIImpl: dotcms filters files copied
[09/06/23 19:30:02:181 UTC]  INFO publishing.PublisherAPIImpl: Push Publishing Filters Directory: Lazy(/data/shared/assets/server/publishing-filters)
[09/06/23 19:30:02:182 UTC]  INFO publishing.PublisherAPIImpl: Loading Push Publish Filter: ShallowPush.yml
[09/06/23 19:30:02:292 UTC]  INFO publishing.PublisherAPIImpl: FilterDescriptor{key=ShallowPush.yml, title=Only Selected Items, sort=5, default=false, roles=DOTCMS_BACK_END_USER, filters{{excludeQuery=, excludeClasses=[], dependencies=false, excludeDependencyQuery=, excludeDependencyClasses=[], forcePush=false, relationships=false}}}
[09/06/23 19:30:02:296 UTC]  INFO publishing.PublisherAPIImpl: Loading Push Publish Filter: Intelligent.yml
[09/06/23 19:30:02:302 UTC]  INFO publishing.PublisherAPIImpl: FilterDescriptor{key=Intelligent.yml, title=Everything and Dependencies, sort=3, default=true, roles=DOTCMS_BACK_END_USER, filters{{excludeQuery=, excludeClasses=[], dependencies=true, excludeDependencyQuery=, excludeDependencyClasses=[], forcePush=false, relationships=true}}}
[09/06/23 19:30:02:303 UTC]  INFO publishing.PublisherAPIImpl: Loading Push Publish Filter: ForcePush.yml
[09/06/23 19:30:02:306 UTC]  INFO publishing.PublisherAPIImpl: FilterDescriptor{key=ForcePush.yml, title=Force Push Everything, sort=4, default=false, roles=DOTCMS_BACK_END_USER, filters{{excludeQuery=, excludeClasses=[], dependencies=true, excludeDependencyQuery=, excludeDependencyClasses=[], forcePush=true, relationships=true}}}
[09/06/23 19:30:02:307 UTC]  INFO publishing.PublisherAPIImpl: Loading Push Publish Filter: ContentOnly.yml
[09/06/23 19:30:02:315 UTC]  INFO publishing.PublisherAPIImpl: FilterDescriptor{key=ContentOnly.yml, title=Content and Relationships, sort=1, default=false, roles=DOTCMS_BACK_END_USER, filters{{excludeQuery=, excludeClasses=[ContentType, Template, Containers, Folder, Host, Links, Workflow, Language, Rule, User, OSGI], dependencies=true, excludeDependencyQuery=, excludeDependencyClasses=[ContentType, Template, Containers, Folder, Host, Links, Workflow, Language, Rule], forcePush=false, relationships=true}}}
[09/06/23 19:30:02:316 UTC]  INFO publishing.PublisherAPIImpl: Loading Push Publish Filter: WebContentOnly.yml
[09/06/23 19:30:02:321 UTC]  INFO publishing.PublisherAPIImpl: FilterDescriptor{key=WebContentOnly.yml, title=Content, Assets and Pages, sort=2, default=false, roles=DOTCMS_BACK_END_USER, filters{{excludeQuery=, excludeClasses=[Host, Workflow, ContentType, User, OSGI, Language], dependencies=true, excludeDependencyQuery=, excludeDependencyClasses=[Host, Workflow, ContentType, Language], forcePush=false, relationships=true}}}
[09/06/23 19:30:02:322 UTC]  INFO config.DotInitializationService: Initializing Done:com.dotcms.publishing.PublisherAPIImpl, duration:0 seconds
[09/06/23 19:30:02:323 UTC]  INFO config.DotInitializationService: Initializing :com.dotmarketing.portlets.containers.business.ContainerAPIImpl
[09/06/23 19:30:02:330 UTC]  INFO config.DotInitializationService: Initializing Done:com.dotmarketing.portlets.containers.business.ContainerAPIImpl, duration:0 seconds
[09/06/23 19:30:02:331 UTC]  INFO config.DotInitializationService: Initializing :com.dotmarketing.business.ThemeAPIImpl
[09/06/23 19:30:02:334 UTC]  INFO config.DotInitializationService: Initializing Done:com.dotmarketing.business.ThemeAPIImpl, duration:0 seconds
[09/06/23 19:30:02:335 UTC]  INFO config.DotInitializationService: Initializing :com.dotmarketing.portlets.templates.business.TemplateAPIImpl
[09/06/23 19:30:02:339 UTC]  INFO config.DotInitializationService: Initializing Done:com.dotmarketing.portlets.templates.business.TemplateAPIImpl, duration:0 seconds
[09/06/23 19:30:02:340 UTC]  INFO config.DotInitializationService: Initializing :com.dotcms.contenttype.business.ContentTypeInitializer
[09/06/23 19:30:02:372 UTC]  INFO util.ActivityLogger: class com.dotcms.contenttype.business.ContentTypeAPIImpl: system : Save ContentType Action , User system/system user system user added ContentType Dot Favorite Page to host id:SYSTEM_HOST
[09/06/23 19:30:02:375 UTC]  INFO business.ContentTypeAPIImpl: UserId : system : ContentType : ContentType saved : Dot Favorite Page
[09/06/23 19:30:02:377 UTC]  INFO util.AdminLogger: UserId : system : class com.dotcms.contenttype.business.ContentTypeAPIImpl : ContentType : ContentType saved : Dot Favorite Page
[09/06/23 19:30:02:379 UTC]  INFO reindex.ReindexThread: --- Unpausing reindex thread 
[09/06/23 19:30:06:526 UTC]  WARN util.FileUtil:  Fail to remove destination dir [/data/local/dotsecure/trash/h22/20230609193006526/2023-06-09_19-29-46]
[09/06/23 19:30:06:527 UTC]  WARN util.FileUtil:  Fail to remove destination dir [/data/local/dotsecure/trash/h22/20230609193006526/2023-06-09_19-29-34]
[09/06/23 19:30:06:588 UTC]  WARN util.FileUtil:  Fail to remove destination dir [/data/local/dotsecure/trash/h22/20230609193006587/2023-06-09_19-29-46]
[09/06/23 19:30:06:588 UTC]  WARN util.FileUtil:  Fail to remove destination dir [/data/local/dotsecure/trash/h22/20230609193006588/2023-06-09_19-29-34]
[09/06/23 19:30:07:522 UTC]  INFO concurrent.Debouncer: Debouncing : invalidateGraphSchema after 5000 MILLISECONDS
[09/06/23 19:30:08:522 UTC]  INFO business.WorkflowAPIImpl: Saving Schemas [ d61a59e1-a49c-46f2-a929-db2b4bfa88b2 ] for Content type 'ce930143870e11569f93f8a9fff5da19'
[09/06/23 19:30:08:523 UTC]  INFO util.SecurityLogger: class com.dotmarketing.portlets.workflows.business.WorkflowAPIImpl : Saving Schemas [ d61a59e1-a49c-46f2-a929-db2b4bfa88b2 ] for Content type 'ce930143870e11569f93f8a9fff5da19' -- ip:ukn,user:null
[09/06/23 19:30:11:571 UTC]  INFO config.DotInitializationService: Initializing Done:com.dotcms.contenttype.business.ContentTypeInitializer, duration:9 seconds
[09/06/23 19:30:11:571 UTC]  INFO config.DotInitializationService: Initializing :com.dotcms.variant.business.DefaultVariantInitializer
[09/06/23 19:30:14:590 UTC]  INFO config.DotInitializationService: Initializing Done:com.dotcms.variant.business.DefaultVariantInitializer, duration:3 seconds
[09/06/23 19:30:14:590 UTC]  INFO startup.StartupTasksExecutor: ---
[09/06/23 19:30:14:590 UTC]  INFO startup.StartupTasksExecutor: 
[09/06/23 19:30:14:590 UTC]  INFO startup.StartupTasksExecutor: Running Data Upgrade Tasks
[09/06/23 19:30:14:590 UTC]  INFO startup.StartupTasksExecutor: Database data version: 0
[09/06/23 19:30:14:592 UTC]  INFO startup.StartupTasksExecutor: Data upgraded to version: 230320
[09/06/23 19:30:14:592 UTC]  INFO startup.StartupTasksExecutor: Finishing data upgrade tasks.
[09/06/23 19:30:14:611 UTC]  INFO servlets.StartupLogger: InitServlet: Setting Default Timezone: Coordinated Universal Time
[09/06/23 19:30:14:611 UTC]  INFO servlets.StartupLogger: 
[09/06/23 19:30:14:611 UTC]  INFO servlets.StartupLogger:    Initializing dotCMS
[09/06/23 19:30:14:611 UTC]  INFO servlets.StartupLogger:    Using database: PostgreSQL
[09/06/23 19:30:14:611 UTC]  INFO servlets.StartupLogger:    Using dialect : com.dotcms.repackage.net.sf.hibernate.dialect.PostgreSQLDialect
[09/06/23 19:30:14:611 UTC]  INFO servlets.StartupLogger:    Company Name  : dotcms.org
[09/06/23 19:30:14:611 UTC]  INFO servlets.StartupLogger: 
[09/06/23 19:30:14:611 UTC]  INFO servlets.StartupLogger:    License       : PLATFORM EDITION
[09/06/23 19:30:14:611 UTC]  INFO servlets.StartupLogger:    Licensed to   : dotCMS Internal
[09/06/23 19:30:14:611 UTC]  INFO servlets.StartupLogger:    Server id     : 7a5b6680
[09/06/23 19:30:14:611 UTC]  INFO servlets.StartupLogger:    License id    : 1cfc7c95
[09/06/23 19:30:14:611 UTC]  INFO servlets.StartupLogger:    Expires       : Thu, 20 Aug 2099 04:00 AM
[09/06/23 19:30:14:611 UTC]  INFO servlets.StartupLogger: 
[09/06/23 19:30:14:611 UTC]  INFO servlets.InitServlet: 
[09/06/23 19:30:14:611 UTC]  INFO servlets.InitServlet: 
[09/06/23 19:30:14:641 UTC]  INFO business.VanityUrlAPIImpl: Populating 0 Vanity URLs for Site default
[09/06/23 19:30:14:643 UTC]  INFO business.VanityUrlAPIImpl: Populating 0 Vanity URLs for Site System Host
[09/06/23 19:30:14:644 UTC]  INFO business.VanityUrlAPIImpl: Populating 0 Vanity URLs for Site System Host
[09/06/23 19:30:14:714 UTC]  INFO impl.StdSchedulerFactory: Using default implementation for ThreadExecutor
[09/06/23 19:30:14:717 UTC]  INFO simpl.SimpleThreadPool: Job execution threads will use class loader of thread: main
[09/06/23 19:30:14:744 UTC]  INFO core.SchedulerSignalerImpl: Initialized Scheduler Signaller of type: class org.quartz.core.SchedulerSignalerImpl
[09/06/23 19:30:14:750 UTC]  INFO core.QuartzScheduler: Quartz Scheduler v.1.8.6 created.
[09/06/23 19:30:14:757 UTC]  INFO quartz.DotJobStore: Using db table-based data access locking (synchronization).
[09/06/23 19:30:14:762 UTC]  INFO quartz.DotJobStore: JobStoreCMT initialized.
[09/06/23 19:30:14:764 UTC]  INFO core.QuartzScheduler: Scheduler meta-data: Quartz Scheduler (v1.8.6) 'dotCMSQuartz' with instanceId 'NON_CLUSTERED'
  Scheduler class: 'org.quartz.core.QuartzScheduler' - running locally.
  NOT STARTED.
  Currently in standby mode.
  Number of jobs executed: 0
  Using thread pool 'org.quartz.simpl.SimpleThreadPool' - with 10 threads.
  Using job-store 'com.dotmarketing.quartz.DotJobStore' - which supports persistence. and is clustered.

[09/06/23 19:30:14:764 UTC]  INFO impl.StdSchedulerFactory: Quartz scheduler 'dotCMSQuartz' initialized from an externally provided properties instance.
[09/06/23 19:30:14:764 UTC]  INFO impl.StdSchedulerFactory: Quartz scheduler version: 1.8.6
[09/06/23 19:30:14:766 UTC]  INFO init.DotInitScheduler: Automatic Content Reindexation Cron Thread schedule disabled on this server
[09/06/23 19:30:14:766 UTC]  INFO init.DotInitScheduler: Deleting ContentReindexerJob Job
[09/06/23 19:30:14:819 UTC]  INFO init.DotInitScheduler: Users To Delete Cron Thread schedule disabled on this server
[09/06/23 19:30:14:819 UTC]  INFO init.DotInitScheduler: Deleting UsersToDeleteJob Job
[09/06/23 19:30:14:920 UTC]  INFO init.DotInitScheduler: LinkCheckerJob Cron Job schedule disabled on this server
[09/06/23 19:30:15:015 UTC]  INFO job.AccessTokenRenewJob$AccessTokensRenewJobScheduler: Stateful AnalyticsAccessTokenRenewJob (trigger31:group31) job was schedule to run at Fri Jun 09 19:31:00 UTC 2023
[09/06/23 19:30:15:044 UTC]  INFO core.QuartzScheduler: Scheduler dotCMSQuartz_$_NON_CLUSTERED started.
[09/06/23 19:30:15:123 UTC]  INFO runtime.ConcurrentParserPoolImpl: Initializing Velocity Parser Pool - min: 20 max:100 @ main
[09/06/23 19:30:15:248 UTC]  INFO servlets.InitServlet: Starting System OSGi Framework
[09/06/23 19:30:15:255 UTC]  INFO servlets.InitServlet: Starting Client OSGi Framework
[09/06/23 19:30:15:255 UTC]  INFO reindex.ReindexThread: --- Unpausing reindex thread 
[09/06/23 19:30:15:262 UTC]  INFO servlets.BinaryExporterServlet: Exporter "Content Image Fields Resizer" registered for path /resize-image
[09/06/23 19:30:15:264 UTC]  INFO servlets.BinaryExporterServlet: Exporter "Export Field Content" registered for path /raw-data
[09/06/23 19:30:15:269 UTC]  INFO dotpubsub.PostgresPubSubImpl: Starting PostgresPubSub. Have servers:1
[09/06/23 19:30:15:270 UTC]  INFO dotpubsub.PostgresPubSubImpl: PGNotificationListener already connected. Returning
[09/06/23 19:30:15:271 UTC]  INFO dotpubsub.PostgresPubSubImpl:  - LISTEN dotcache_topic
[09/06/23 19:30:15:272 UTC]  INFO servlets.BinaryExporterServlet: Exporter "Image Filter Exporter" registered for path /image
[09/06/23 19:30:15:273 UTC]  INFO dotpubsub.PostgresPubSubImpl:  - LISTEN osgi_restart_topic
[09/06/23 19:30:15:277 UTC]  INFO servlets.BinaryExporterServlet: Exporter "Image Thumbnail Field Exporter" registered for path /image-thumbnail
[09/06/23 19:30:15:278 UTC]  INFO framework.OSGIUtil: Felix base dir: /srv/dotserver/tomcat-9.0.60/webapps/ROOT/WEB-INF/felix
[09/06/23 19:30:15:280 UTC]  INFO framework.OSGIUtil: Found property  felix.auto.deploy.action=install,start
[09/06/23 19:30:15:280 UTC]  INFO framework.OSGIUtil: Found property  felix.fileinstall.log.level=3
[09/06/23 19:30:15:280 UTC]  INFO framework.OSGIUtil: Found property  felix.org.osgi.framework.startlevel.beginning=2
[09/06/23 19:30:15:280 UTC]  INFO framework.OSGIUtil: Found property  felix.org.osgi.framework.storage.clean=onFirstInit
[09/06/23 19:30:15:280 UTC]  INFO framework.OSGIUtil: Found property  felix.log.level=3
[09/06/23 19:30:15:280 UTC]  INFO framework.OSGIUtil: Found property  felix.cache.locking=false
[09/06/23 19:30:15:282 UTC]  INFO framework.OSGIUtil: Found property  felix.upload.dir=/data/shared/felix/upload
[09/06/23 19:30:15:282 UTC]  INFO framework.OSGIUtil: Found property  felix.fileinstall.dir=/data/shared/felix/load
[09/06/23 19:30:15:282 UTC]  INFO framework.OSGIUtil: Found property  felix.undeployed.dir=/data/shared/felix/undeployed
[09/06/23 19:30:15:284 UTC]  INFO framework.OSGIUtil: Building Directory:/srv/dotserver/tomcat-9.0.60/webapps/ROOT/WEB-INF/felix
[09/06/23 19:30:15:284 UTC]  INFO framework.OSGIUtil: Building Directory:/data/shared/felix/upload
[09/06/23 19:30:15:286 UTC]  INFO framework.OSGIUtil: Building Directory:/data/shared/felix/load
[09/06/23 19:30:15:286 UTC]  INFO framework.OSGIUtil: Building Directory:/data/shared/felix/undeployed
[09/06/23 19:30:15:286 UTC]  INFO framework.OSGIUtil: Building Directory:/srv/dotserver/tomcat-9.0.60/webapps/ROOT/WEB-INF/felix/bundle
[09/06/23 19:30:15:287 UTC]  INFO framework.OSGIUtil: Building Directory:/srv/dotserver/tomcat-9.0.60/webapps/ROOT/WEB-INF/felix/felix-cache
[09/06/23 19:30:15:300 UTC]  INFO framework.OSGIUtil: Starting the osgi reload on folder: /data/shared/felix/upload
[09/06/23 19:30:15:311 UTC]  INFO framework.OSGIUtil: Loading Factory org.apache.felix.framework.FrameworkFactory
[09/06/23 19:30:15:665 UTC]  INFO apps.SecretsKeyStoreHelper: KeyStore loaded successfully after `1` tries.
[09/06/23 19:30:15:696 UTC]  INFO framework.OSGIUtil: osgi felix framework started
[09/06/23 19:30:15:723 UTC]  INFO apps.SecretsKeyStoreHelper: KeyStore loaded successfully after `1` tries.
[09/06/23 19:30:15:746 UTC]  WARN struts.MultiMessageResources: Duplicate resource property definition (key=was ==> is now): contenttypes.content.copy=Copy ==> Copy
[09/06/23 19:30:15:748 UTC]  WARN struts.MultiMessageResources: Duplicate resource property definition (key=was ==> is now): message.category.import=Importing Categories.  This operation cannot be cancelled or undone. ==> IMPORT
[09/06/23 19:30:15:749 UTC]  WARN struts.MultiMessageResources: Duplicate resource property definition (key=was ==> is now): message.containers.create.content_type_code=Content Type Code ==> Content Type Code
[09/06/23 19:30:15:762 UTC]  WARN struts.MultiMessageResources: Duplicate resource property definition (key=was ==> is now): Save=Save ==> Save
[09/06/23 19:30:15:765 UTC]  WARN struts.MultiMessageResources: Duplicate resource property definition (key=was ==> is now): Move=Move ==> Move
[09/06/23 19:30:15:766 UTC]  WARN struts.MultiMessageResources: Duplicate resource property definition (key=was ==> is now): archived=archived ==> Archived
[09/06/23 19:30:15:836 UTC]  INFO saml.DotSamlProxyFactory: SAML Osgi Bundle has been started
[09/06/23 19:30:15:842 UTC]  WARN impl.SamlConfigurationServiceImpl: The /data/shared/assets/saml/dotcms-saml-default.properties does not exists or can not read
[09/06/23 19:30:15:990 UTC]  INFO apps.SecretsKeyStoreHelper: KeyStore loaded successfully after `1` tries.
[09/06/23 19:30:16:057 UTC]  INFO util.GeoIp2CityDbUtil: Connecting to GeoIP2 database:/srv/dotserver/tomcat-9.0.60/webapps/ROOT/WEB-INF/geoip2/GeoLite2-City.mmdb
[09/06/23 19:30:16:109 UTC]  WARN rules.RulesAPIImpl: Actionlet with name 'CountRulesActionlet' already registered.
[09/06/23 19:30:16:109 UTC]  WARN rules.RulesAPIImpl: Actionlet with name 'SetSessionAttributeActionlet' already registered.
[09/06/23 19:30:16:109 UTC]  WARN rules.RulesAPIImpl: Actionlet with name 'SetRequestAttributeActionlet' already registered.
[09/06/23 19:30:16:109 UTC]  WARN rules.RulesAPIImpl: Actionlet with name 'SetResponseHeaderActionlet' already registered.
[09/06/23 19:30:16:109 UTC]  WARN rules.RulesAPIImpl: Actionlet with name 'PersonaActionlet' already registered.
[09/06/23 19:30:16:109 UTC]  WARN rules.RulesAPIImpl: Actionlet with name 'VisitorTagsActionlet' already registered.
[09/06/23 19:30:16:111 UTC]  WARN rules.RulesAPIImpl: Actionlet with name 'SendRedirectActionlet' already registered.
[09/06/23 19:30:16:111 UTC]  WARN rules.RulesAPIImpl: Actionlet with name 'StopProcessingActionlet' already registered.
[09/06/23 19:30:16:371 UTC]  WARN rest.WebResource: InitDataObject Error: uri:/api/v1/publishqueue err:Invalid User
[09/06/23 19:30:16:371 UTC]  WARN rest.WebResource: Invalid User
[09/06/23 19:30:16:372 UTC]  WARN rest.WebResource: com.dotcms.rest.WebResource.authenticate(WebResource.java:522)
[09/06/23 19:30:20:201 UTC]  INFO util.SecurityLogger: class com.dotmarketing.cms.login.factories.LoginFactory : User (dotcms.org.1) password was re-hashed 600000 times -- ip:172.19.0.1,user:null
[09/06/23 19:30:23:603 UTC]  WARN auth.PrincipalThreadLocal: getName null
[09/06/23 19:30:23:618 UTC]  INFO util.SecurityLogger: class com.dotcms.cms.login.LoginServiceAPIFactory$LoginServiceImpl : User dotcms.org.1 has successfully login from IP: 172.19.0.1 -- ip:172.19.0.1,user:Admin User [ID: dotcms.org.1][email:admin@dotcms.com]
[09/06/23 19:30:28:748 UTC]  WARN auth.PrincipalThreadLocal: getName null
[09/06/23 19:30:28:750 UTC]  INFO util.SecurityLogger: class com.dotcms.cms.login.LoginServiceAPIFactory$LoginServiceImpl : User dotcms.org.1 has successfully login from IP: 172.19.0.1 -- ip:172.19.0.1,user:Admin User [ID: dotcms.org.1][email:admin@dotcms.com]
[09/06/23 19:30:28:753 UTC]  INFO util.Config: Setting property: USE_JWT_TOKEN_IN_PUSH_PUBLISH to false
[09/06/23 19:30:31:912 UTC]  INFO util.SecurityLogger: class com.dotmarketing.cms.login.factories.LoginFactory : User admin@dotcms.com has sucessfully logged in from IP: 172.19.0.1 -- ip:172.19.0.1,user:Admin User [ID: dotcms.org.1][email:admin@dotcms.com]
[09/06/23 19:30:31:937 UTC]  WARN business.PermissionCacheImpl:  !!! Putting an empty list of permissions in the cache for asset:37418630-5a8c-42f6-a67c-852143b05bf2. Every asset should have at least 1 permission (or inherited permission) associated with it
[09/06/23 19:30:38:049 UTC]  INFO util.SecurityLogger: class com.dotmarketing.cms.login.factories.LoginFactory : User admin@dotcms.com has sucessfully logged in from IP: 172.19.0.1 -- ip:172.19.0.1,user:Admin User [ID: dotcms.org.1][email:admin@dotcms.com]
[09/06/23 19:30:41:072 UTC]  INFO ajax.PublishingEndpointAjaxAction: receiver ; f8ee2c6f-7c44-4dce-9d5f-d474f30d5a56
[09/06/23 19:30:44:169 UTC]  INFO util.SecurityLogger: class com.dotmarketing.cms.login.factories.LoginFactory : User admin@dotcms.com has sucessfully logged in from IP: 172.19.0.1 -- ip:172.19.0.1,user:Admin User [ID: dotcms.org.1][email:admin@dotcms.com]
[09/06/23 19:30:47:186 UTC]  INFO ajax.PublishingEndpointAjaxAction: receiver ; 9e229938-801c-49cd-9595-44c7b6768334
[09/06/23 19:30:48:828 UTC]  INFO reindex.ReindexThread: --- ReindexThread Paused (every 3600000 millis)
[09/06/23 19:30:50:303 UTC]  INFO util.SecurityLogger: class com.dotmarketing.cms.login.factories.LoginFactory : User admin@dotcms.com has sucessfully logged in from IP: 172.19.0.1 -- ip:172.19.0.1,user:Admin User [ID: dotcms.org.1][email:admin@dotcms.com]
[09/06/23 19:30:50:400 UTC]  INFO util.PushPublishLogger: class com.dotcms.publisher.business.PublishAuditStatus : Status Update: Pending.
[09/06/23 19:30:50:581 UTC]  INFO rest.PushPublisherJob: Started bundle publish process
[09/06/23 19:30:50:582 UTC]  INFO util.PushPublishLogger: class com.dotcms.rest.PushPublisherJob : [BundleID: content_type_and_content_demo.tar.gz] Started bundle publish process
[09/06/23 19:30:50:884 UTC]  INFO timedcache.TimedCacheProvider: ***	 Building Cache : esquerycache, size:10000, seconds:3600,Concurrency:32 (every 60000 millis)
[09/06/23 19:30:51:020 UTC]  INFO util.ActivityLogger: class com.dotcms.content.elasticsearch.business.ESContentletAPIImpl: System Host : Saving Content , StartDate: N/D; EndDate: N/D; User:system; ContentIdentifier: 48190c8c-42c4-46af-8d1a-0cd5db894797
[09/06/23 19:30:51:031 UTC]  INFO business.IdentifierAPIImpl: Creating new identifier for versionable asset of type `content` and title `demo.dotcms.com` 
[09/06/23 19:30:51:099 UTC]  INFO business.ContentletIndexAPIImpl: Indexing: 48190c8c-42c4-46af-8d1a-0cd5db894797 : demo.dotcms.com, includeDependencies: true, policy: FORCE
[09/06/23 19:30:51:143 UTC]  INFO util.ActivityLogger: class com.dotcms.content.elasticsearch.business.ESContentletAPIImpl: System Host : Content Saved , StartDate: N/D; EndDate: N/D; User:system; ContentIdentifier: 48190c8c-42c4-46af-8d1a-0cd5db894797
[09/06/23 19:30:51:168 UTC]  INFO business.ContentletIndexAPIImpl: Indexing: 48190c8c-42c4-46af-8d1a-0cd5db894797 : demo.dotcms.com, includeDependencies: false, policy: FORCE
[09/06/23 19:30:51:170 UTC]  INFO util.PushPublishLogger: class com.dotcms.enterprise.publishing.remote.handler.ContentHandler : [BundleID: content_type_and_content_demo.tar.gz] Host publish success, ID: 48190c8c-42c4-46af-8d1a-0cd5db894797, Inode: 6e8aca39-937c-437e-91d8-d46b631bdcc8, Name: demo.dotcms.com
[09/06/23 19:30:51:205 UTC]  INFO util.ActivityLogger: class com.dotcms.content.elasticsearch.business.ESContentletAPIImpl: System Host : Locking Content , StartDate: N/D; EndDate: N/D; User:system; ContentIdentifier: 8a7d5e23-da1e-420a-b4f0-471e7da8ea2d
[09/06/23 19:30:51:217 UTC]  INFO business.ContentletIndexAPIImpl: Indexing: 8a7d5e23-da1e-420a-b4f0-471e7da8ea2d : default, includeDependencies: false, policy: FORCE
[09/06/23 19:30:51:217 UTC]  INFO util.ActivityLogger: class com.dotcms.content.elasticsearch.business.ESContentletAPIImpl: System Host : Content Locked , StartDate: N/D; EndDate: N/D; User:system; ContentIdentifier: 8a7d5e23-da1e-420a-b4f0-471e7da8ea2d
[09/06/23 19:30:51:221 UTC]  INFO util.ActivityLogger: class com.dotcms.content.elasticsearch.business.ESContentletAPIImpl: System Host : Saving Content , StartDate: N/D; EndDate: N/D; User:system; ContentIdentifier: 8a7d5e23-da1e-420a-b4f0-471e7da8ea2d
[09/06/23 19:30:51:300 UTC]  INFO business.ContentletIndexAPIImpl: Indexing: 8a7d5e23-da1e-420a-b4f0-471e7da8ea2d : default, includeDependencies: true, policy: FORCE
[09/06/23 19:30:51:352 UTC]  INFO util.ActivityLogger: class com.dotcms.content.elasticsearch.business.ESContentletAPIImpl: System Host : Content Saved , StartDate: N/D; EndDate: N/D; User:system; ContentIdentifier: 8a7d5e23-da1e-420a-b4f0-471e7da8ea2d
[09/06/23 19:30:51:357 UTC]  INFO util.ActivityLogger: class com.dotcms.content.elasticsearch.business.ESContentletAPIImpl: System Host : Publishing Content , StartDate: N/D; EndDate: N/D; User:system; ContentIdentifier: 8a7d5e23-da1e-420a-b4f0-471e7da8ea2d
[09/06/23 19:30:51:360 UTC]  INFO business.ContentletIndexAPIImpl: Indexing: 8a7d5e23-da1e-420a-b4f0-471e7da8ea2d : default, includeDependencies: true, policy: FORCE
[09/06/23 19:30:51:407 UTC]  INFO util.ActivityLogger: class com.dotcms.content.elasticsearch.business.ESContentletAPIImpl: System Host : Content Published , StartDate: N/D; EndDate: N/D; User:system; ContentIdentifier: 8a7d5e23-da1e-420a-b4f0-471e7da8ea2d
[09/06/23 19:30:51:414 UTC]  INFO util.ActivityLogger: class com.dotcms.content.elasticsearch.business.ESContentletAPIImpl: System Host : Publishing Content , StartDate: N/D; EndDate: N/D; User:system; ContentIdentifier: 48190c8c-42c4-46af-8d1a-0cd5db894797
[09/06/23 19:30:51:416 UTC]  INFO business.ContentletIndexAPIImpl: Indexing: 48190c8c-42c4-46af-8d1a-0cd5db894797 : demo.dotcms.com, includeDependencies: true, policy: FORCE
[09/06/23 19:30:51:441 UTC]  INFO util.ActivityLogger: class com.dotcms.content.elasticsearch.business.ESContentletAPIImpl: System Host : Content Published , StartDate: N/D; EndDate: N/D; User:system; ContentIdentifier: 48190c8c-42c4-46af-8d1a-0cd5db894797
[09/06/23 19:30:51:447 UTC]  INFO business.ContentletIndexAPIImpl: Indexing: 48190c8c-42c4-46af-8d1a-0cd5db894797 : demo.dotcms.com, includeDependencies: true, policy: FORCE
[09/06/23 19:30:51:517 UTC]  INFO util.SecurityLogger: class com.dotmarketing.portlets.workflows.business.WorkflowAPIImpl : Workflow Scheme 'System Workflow' [d61a59e1-a49c-46f2-a929-db2b4bfa88b2] has been saved by User ID 'system' -- ip:172.19.0.1,user:Admin User [ID: dotcms.org.1][email:admin@dotcms.com]
[09/06/23 19:30:51:529 UTC]  INFO util.SecurityLogger: class com.dotmarketing.portlets.workflows.business.WorkflowAPIImpl : Workflow Step 'New' [6cb7e3bd-1710-4eed-8838-d3db60f78f19] has been saved by User ID 'system' -- ip:172.19.0.1,user:Admin User [ID: dotcms.org.1][email:admin@dotcms.com]
[09/06/23 19:30:51:533 UTC]  INFO util.SecurityLogger: class com.dotmarketing.portlets.workflows.business.WorkflowAPIImpl : Workflow Step 'Draft' [ee24a4cb-2d15-4c98-b1bd-6327126451f3] has been saved by User ID 'system' -- ip:172.19.0.1,user:Admin User [ID: dotcms.org.1][email:admin@dotcms.com]
[09/06/23 19:30:51:540 UTC]  INFO util.SecurityLogger: class com.dotmarketing.portlets.workflows.business.WorkflowAPIImpl : Workflow Step 'Published' [dc3c9cd0-8467-404b-bf95-cb7df3fbc293] has been saved by User ID 'system' -- ip:172.19.0.1,user:Admin User [ID: dotcms.org.1][email:admin@dotcms.com]
[09/06/23 19:30:51:546 UTC]  INFO util.SecurityLogger: class com.dotmarketing.portlets.workflows.business.WorkflowAPIImpl : Workflow Step 'Archived' [d6b095b6-b65f-4bdb-bbfd-701d663dfee2] has been saved by User ID 'system' -- ip:172.19.0.1,user:Admin User [ID: dotcms.org.1][email:admin@dotcms.com]
[09/06/23 19:30:51:575 UTC]  INFO util.SecurityLogger: class com.dotmarketing.portlets.workflows.business.WorkflowAPIImpl : Action id: '4da13a42-5d59-480c-ad8f-94a3adf809fe' has been reordered by user: system -- ip:172.19.0.1,user:Admin User [ID: dotcms.org.1][email:admin@dotcms.com]
[09/06/23 19:30:51:578 UTC]  WARN business.PermissionCacheImpl:  !!! Putting an empty list of permissions in the cache for asset:4da13a42-5d59-480c-ad8f-94a3adf809fe. Every asset should have at least 1 permission (or inherited permission) associated with it
[09/06/23 19:30:51:587 UTC]  INFO util.SecurityLogger: class com.dotmarketing.portlets.workflows.business.WorkflowAPIImpl : Action id: '963f6a04-5320-42e7-ab74-6d876d199946' has been reordered by user: system -- ip:172.19.0.1,user:Admin User [ID: dotcms.org.1][email:admin@dotcms.com]
[09/06/23 19:30:51:590 UTC]  WARN business.PermissionCacheImpl:  !!! Putting an empty list of permissions in the cache for asset:963f6a04-5320-42e7-ab74-6d876d199946. Every asset should have at least 1 permission (or inherited permission) associated with it
[09/06/23 19:30:51:599 UTC]  INFO util.SecurityLogger: class com.dotmarketing.portlets.workflows.business.WorkflowAPIImpl : Action id: '777f1c6b-c877-4a37-ba4b-10627316c2cc' has been reordered by user: system -- ip:172.19.0.1,user:Admin User [ID: dotcms.org.1][email:admin@dotcms.com]
[09/06/23 19:30:51:602 UTC]  WARN business.PermissionCacheImpl:  !!! Putting an empty list of permissions in the cache for asset:777f1c6b-c877-4a37-ba4b-10627316c2cc. Every asset should have at least 1 permission (or inherited permission) associated with it
[09/06/23 19:30:51:612 UTC]  INFO util.SecurityLogger: class com.dotmarketing.portlets.workflows.business.WorkflowAPIImpl : Action id: '1e0f1c6b-b67f-4c99-983d-db2b4bfa88b2' has been reordered by user: system -- ip:172.19.0.1,user:Admin User [ID: dotcms.org.1][email:admin@dotcms.com]
[09/06/23 19:30:51:615 UTC]  WARN business.PermissionCacheImpl:  !!! Putting an empty list of permissions in the cache for asset:1e0f1c6b-b67f-4c99-983d-db2b4bfa88b2. Every asset should have at least 1 permission (or inherited permission) associated with it
[09/06/23 19:30:51:629 UTC]  INFO util.SecurityLogger: class com.dotmarketing.portlets.workflows.business.WorkflowAPIImpl : Action id: 'b9d89c80-3d88-4311-8365-187323c96436' has been reordered by user: system -- ip:172.19.0.1,user:Admin User [ID: dotcms.org.1][email:admin@dotcms.com]
[09/06/23 19:30:51:632 UTC]  WARN business.PermissionCacheImpl:  !!! Putting an empty list of permissions in the cache for asset:b9d89c80-3d88-4311-8365-187323c96436. Every asset should have at least 1 permission (or inherited permission) associated with it
[09/06/23 19:30:51:641 UTC]  INFO util.SecurityLogger: class com.dotmarketing.portlets.workflows.business.WorkflowAPIImpl : Action id: 'ceca71a0-deee-4999-bd47-b01baa1bcfc8' has been reordered by user: system -- ip:172.19.0.1,user:Admin User [ID: dotcms.org.1][email:admin@dotcms.com]
[09/06/23 19:30:51:646 UTC]  WARN business.PermissionCacheImpl:  !!! Putting an empty list of permissions in the cache for asset:ceca71a0-deee-4999-bd47-b01baa1bcfc8. Every asset should have at least 1 permission (or inherited permission) associated with it
[09/06/23 19:30:51:654 UTC]  INFO util.SecurityLogger: class com.dotmarketing.portlets.workflows.business.WorkflowAPIImpl : Action id: 'c92f9aa1-9503-4567-ac30-d3242b54d02d' has been reordered by user: system -- ip:172.19.0.1,user:Admin User [ID: dotcms.org.1][email:admin@dotcms.com]
[09/06/23 19:30:51:657 UTC]  WARN business.PermissionCacheImpl:  !!! Putting an empty list of permissions in the cache for asset:c92f9aa1-9503-4567-ac30-d3242b54d02d. Every asset should have at least 1 permission (or inherited permission) associated with it
[09/06/23 19:30:51:665 UTC]  INFO util.SecurityLogger: class com.dotmarketing.portlets.workflows.business.WorkflowAPIImpl : Action id: '38efc763-d78f-4e4b-b092-59cd8c579b93' has been reordered by user: system -- ip:172.19.0.1,user:Admin User [ID: dotcms.org.1][email:admin@dotcms.com]
[09/06/23 19:30:51:668 UTC]  WARN business.PermissionCacheImpl:  !!! Putting an empty list of permissions in the cache for asset:38efc763-d78f-4e4b-b092-59cd8c579b93. Every asset should have at least 1 permission (or inherited permission) associated with it
[09/06/23 19:30:51:678 UTC]  INFO util.SecurityLogger: class com.dotmarketing.portlets.workflows.business.WorkflowAPIImpl : The action id: 'ceca71a0-deee-4999-bd47-b01baa1bcfc8' has been saved by the user: system -- ip:172.19.0.1,user:Admin User [ID: dotcms.org.1][email:admin@dotcms.com]
[09/06/23 19:30:51:684 UTC]  INFO util.SecurityLogger: class com.dotmarketing.portlets.workflows.business.WorkflowAPIImpl : The action id: 'b9d89c80-3d88-4311-8365-187323c96436' has been saved by the user: system -- ip:172.19.0.1,user:Admin User [ID: dotcms.org.1][email:admin@dotcms.com]
[09/06/23 19:30:51:690 UTC]  INFO util.SecurityLogger: class com.dotmarketing.portlets.workflows.business.WorkflowAPIImpl : The action id: '777f1c6b-c877-4a37-ba4b-10627316c2cc' has been saved by the user: system -- ip:172.19.0.1,user:Admin User [ID: dotcms.org.1][email:admin@dotcms.com]
[09/06/23 19:30:51:697 UTC]  INFO util.SecurityLogger: class com.dotmarketing.portlets.workflows.business.WorkflowAPIImpl : The action id: 'ceca71a0-deee-4999-bd47-b01baa1bcfc8' has been saved by the user: system -- ip:172.19.0.1,user:Admin User [ID: dotcms.org.1][email:admin@dotcms.com]
[09/06/23 19:30:51:704 UTC]  INFO util.SecurityLogger: class com.dotmarketing.portlets.workflows.business.WorkflowAPIImpl : The action id: '38efc763-d78f-4e4b-b092-59cd8c579b93' has been saved by the user: system -- ip:172.19.0.1,user:Admin User [ID: dotcms.org.1][email:admin@dotcms.com]
[09/06/23 19:30:51:710 UTC]  INFO util.SecurityLogger: class com.dotmarketing.portlets.workflows.business.WorkflowAPIImpl : The action id: '963f6a04-5320-42e7-ab74-6d876d199946' has been saved by the user: system -- ip:172.19.0.1,user:Admin User [ID: dotcms.org.1][email:admin@dotcms.com]
[09/06/23 19:30:51:716 UTC]  INFO util.SecurityLogger: class com.dotmarketing.portlets.workflows.business.WorkflowAPIImpl : The action id: 'b9d89c80-3d88-4311-8365-187323c96436' has been saved by the user: system -- ip:172.19.0.1,user:Admin User [ID: dotcms.org.1][email:admin@dotcms.com]
[09/06/23 19:30:51:722 UTC]  INFO util.SecurityLogger: class com.dotmarketing.portlets.workflows.business.WorkflowAPIImpl : The action id: '4da13a42-5d59-480c-ad8f-94a3adf809fe' has been saved by the user: system -- ip:172.19.0.1,user:Admin User [ID: dotcms.org.1][email:admin@dotcms.com]
[09/06/23 19:30:51:729 UTC]  INFO util.SecurityLogger: class com.dotmarketing.portlets.workflows.business.WorkflowAPIImpl : The action id: '963f6a04-5320-42e7-ab74-6d876d199946' has been saved by the user: system -- ip:172.19.0.1,user:Admin User [ID: dotcms.org.1][email:admin@dotcms.com]
[09/06/23 19:30:51:735 UTC]  INFO util.SecurityLogger: class com.dotmarketing.portlets.workflows.business.WorkflowAPIImpl : The action id: 'ceca71a0-deee-4999-bd47-b01baa1bcfc8' has been saved by the user: system -- ip:172.19.0.1,user:Admin User [ID: dotcms.org.1][email:admin@dotcms.com]
[09/06/23 19:30:51:746 UTC]  INFO util.SecurityLogger: class com.dotmarketing.portlets.workflows.business.WorkflowAPIImpl : The action id: '38efc763-d78f-4e4b-b092-59cd8c579b93' has been saved by the user: system -- ip:172.19.0.1,user:Admin User [ID: dotcms.org.1][email:admin@dotcms.com]
[09/06/23 19:30:51:752 UTC]  INFO util.SecurityLogger: class com.dotmarketing.portlets.workflows.business.WorkflowAPIImpl : The action id: '4da13a42-5d59-480c-ad8f-94a3adf809fe' has been saved by the user: system -- ip:172.19.0.1,user:Admin User [ID: dotcms.org.1][email:admin@dotcms.com]
[09/06/23 19:30:51:758 UTC]  INFO util.SecurityLogger: class com.dotmarketing.portlets.workflows.business.WorkflowAPIImpl : The action id: 'b9d89c80-3d88-4311-8365-187323c96436' has been saved by the user: system -- ip:172.19.0.1,user:Admin User [ID: dotcms.org.1][email:admin@dotcms.com]
[09/06/23 19:30:51:765 UTC]  INFO util.SecurityLogger: class com.dotmarketing.portlets.workflows.business.WorkflowAPIImpl : The action id: 'c92f9aa1-9503-4567-ac30-d3242b54d02d' has been saved by the user: system -- ip:172.19.0.1,user:Admin User [ID: dotcms.org.1][email:admin@dotcms.com]
[09/06/23 19:30:51:770 UTC]  INFO util.SecurityLogger: class com.dotmarketing.portlets.workflows.business.WorkflowAPIImpl : The action id: '777f1c6b-c877-4a37-ba4b-10627316c2cc' has been saved by the user: system -- ip:172.19.0.1,user:Admin User [ID: dotcms.org.1][email:admin@dotcms.com]
[09/06/23 19:30:51:777 UTC]  INFO util.SecurityLogger: class com.dotmarketing.portlets.workflows.business.WorkflowAPIImpl : The action id: '1e0f1c6b-b67f-4c99-983d-db2b4bfa88b2' has been saved by the user: system -- ip:172.19.0.1,user:Admin User [ID: dotcms.org.1][email:admin@dotcms.com]
[09/06/23 19:30:51:875 UTC]  INFO util.SecurityLogger: class com.dotmarketing.portlets.workflows.business.WorkflowAPIImpl : Workflow Action Class with id: 'f970943f-3768-49b6-bc6b-f24f9affbfbf' has been deleted -- ip:172.19.0.1,user:Admin User [ID: dotcms.org.1][email:admin@dotcms.com]
[09/06/23 19:30:51:882 UTC]  INFO util.SecurityLogger: class com.dotmarketing.portlets.workflows.business.WorkflowAPIImpl : Workflow Action with id: dd4c4b7c-e9d3-4dc0-8fbf-36102f9c6324, name: Move has been deleted -- ip:172.19.0.1,user:Admin User [ID: dotcms.org.1][email:admin@dotcms.com]
[09/06/23 19:30:51:953 UTC]  INFO helper.SystemActionMappingsHandlerMerger: The mapping for systemAction: NEW, workflowAction: Optional[WorkflowAction [id=ceca71a0-deee-4999-bd47-b01baa1bcfc8, name=Save, stepId=null, nextStep=ee24a4cb-2d15-4c98-b1bd-6327126451f3]], and scheme: d61a59e1-a49c-46f2-a929-db2b4bfa88b2 has been saved
[09/06/23 19:30:51:956 UTC]  INFO helper.SystemActionMappingsHandlerMerger: The mapping for systemAction: EDIT, workflowAction: Optional[WorkflowAction [id=ceca71a0-deee-4999-bd47-b01baa1bcfc8, name=Save, stepId=null, nextStep=ee24a4cb-2d15-4c98-b1bd-6327126451f3]], and scheme: d61a59e1-a49c-46f2-a929-db2b4bfa88b2 has been saved
[09/06/23 19:30:51:960 UTC]  INFO helper.SystemActionMappingsHandlerMerger: The mapping for systemAction: UNPUBLISH, workflowAction: Optional[WorkflowAction [id=38efc763-d78f-4e4b-b092-59cd8c579b93, name=Unpublish, stepId=null, nextStep=ee24a4cb-2d15-4c98-b1bd-6327126451f3]], and scheme: d61a59e1-a49c-46f2-a929-db2b4bfa88b2 has been saved
[09/06/23 19:30:51:965 UTC]  INFO helper.SystemActionMappingsHandlerMerger: The mapping for systemAction: UNARCHIVE, workflowAction: Optional[WorkflowAction [id=c92f9aa1-9503-4567-ac30-d3242b54d02d, name=Unarchive, stepId=null, nextStep=ee24a4cb-2d15-4c98-b1bd-6327126451f3]], and scheme: d61a59e1-a49c-46f2-a929-db2b4bfa88b2 has been saved
[09/06/23 19:30:51:969 UTC]  INFO helper.SystemActionMappingsHandlerMerger: The mapping for systemAction: PUBLISH, workflowAction: Optional[WorkflowAction [id=b9d89c80-3d88-4311-8365-187323c96436, name=Publish, stepId=null, nextStep=dc3c9cd0-8467-404b-bf95-cb7df3fbc293]], and scheme: d61a59e1-a49c-46f2-a929-db2b4bfa88b2 has been saved
[09/06/23 19:30:51:973 UTC]  INFO helper.SystemActionMappingsHandlerMerger: The mapping for systemAction: ARCHIVE, workflowAction: Optional[WorkflowAction [id=4da13a42-5d59-480c-ad8f-94a3adf809fe, name=Archive, stepId=null, nextStep=d6b095b6-b65f-4bdb-bbfd-701d663dfee2]], and scheme: d61a59e1-a49c-46f2-a929-db2b4bfa88b2 has been saved
[09/06/23 19:30:51:980 UTC]  INFO helper.SystemActionMappingsHandlerMerger: The mapping for systemAction: DESTROY, workflowAction: Optional[WorkflowAction [id=1e0f1c6b-b67f-4c99-983d-db2b4bfa88b2, name=Destroy, stepId=null, nextStep=d6b095b6-b65f-4bdb-bbfd-701d663dfee2]], and scheme: d61a59e1-a49c-46f2-a929-db2b4bfa88b2 has been saved
[09/06/23 19:30:51:984 UTC]  INFO helper.SystemActionMappingsHandlerMerger: The mapping for systemAction: DELETE, workflowAction: Optional[WorkflowAction [id=777f1c6b-c877-4a37-ba4b-10627316c2cc, name=Delete, stepId=null, nextStep=d6b095b6-b65f-4bdb-bbfd-701d663dfee2]], and scheme: d61a59e1-a49c-46f2-a929-db2b4bfa88b2 has been saved
[09/06/23 19:30:51:984 UTC]  INFO util.PushPublishLogger: class com.dotcms.enterprise.publishing.remote.handler.WorkflowHandler : [BundleID: content_type_and_content_demo.tar.gz] Workflow publish success, ID: d61a59e1-a49c-46f2-a929-db2b4bfa88b2, Name: System Workflow
[09/06/23 19:30:52:082 UTC]  INFO util.ActivityLogger: class com.dotcms.contenttype.business.ContentTypeAPIImpl: system : Save ContentType Action , User system/system user system user added ContentType Host to host id:SYSTEM_HOST
[09/06/23 19:30:52:083 UTC]  INFO business.ContentTypeAPIImpl: UserId : system : ContentType : ContentType saved : Host
[09/06/23 19:30:52:083 UTC]  INFO util.AdminLogger: UserId : system : class com.dotcms.contenttype.business.ContentTypeAPIImpl : ContentType : ContentType saved : Host
[09/06/23 19:30:52:112 UTC]  INFO util.ActivityLogger: class com.dotmarketing.util.ActivityLogger: system : Update Field Action , User system/system user modified field fields-0 to Host Structure.
[09/06/23 19:30:52:140 UTC]  INFO util.ActivityLogger: class com.dotmarketing.util.ActivityLogger: system : Update Field Action , User system/system user modified field fields-1 to Host Structure.
[09/06/23 19:30:52:165 UTC]  INFO util.ActivityLogger: class com.dotmarketing.util.ActivityLogger: system : Update Field Action , User system/system user modified field Host Name to Host Structure.
[09/06/23 19:30:52:184 UTC]  INFO util.ActivityLogger: class com.dotmarketing.util.ActivityLogger: system : Update Field Action , User system/system user modified field Aliases to Host Structure.
[09/06/23 19:30:52:192 UTC]  INFO business.FieldAPIImpl: No changes made to field: isDefault, returning
[09/06/23 19:30:52:215 UTC]  INFO util.ActivityLogger: class com.dotmarketing.util.ActivityLogger: system : Update Field Action , User system/system user modified field Tag Storage to Host Structure.
[09/06/23 19:30:52:243 UTC]  INFO util.ActivityLogger: class com.dotmarketing.util.ActivityLogger: system : Update Field Action , User system/system user modified field Host Thumbnail to Host Structure.
[09/06/23 19:30:52:254 UTC]  INFO business.FieldAPIImpl: No changes made to field: isSystemHost, returning
[09/06/23 19:30:52:282 UTC]  INFO util.ActivityLogger: class com.dotmarketing.util.ActivityLogger: system : Update Field Action , User system/system user modified field Run Dashboard to Host Structure.
[09/06/23 19:30:52:307 UTC]  INFO util.ActivityLogger: class com.dotmarketing.util.ActivityLogger: system : Save Field Action , User system/system user added field Meta Data (Default) to Host Structure.
[09/06/23 19:30:52:350 UTC]  INFO util.ActivityLogger: class com.dotmarketing.util.ActivityLogger: system : Save Field Action , User system/system user added field Keywords to Host Structure.
[09/06/23 19:30:52:383 UTC]  INFO util.ActivityLogger: class com.dotmarketing.util.ActivityLogger: system : Save Field Action , User system/system user added field Description to Host Structure.
[09/06/23 19:30:52:416 UTC]  INFO util.ActivityLogger: class com.dotmarketing.util.ActivityLogger: system : Save Field Action , User system/system user added field Site Tags to Host Structure.
[09/06/23 19:30:52:444 UTC]  INFO util.ActivityLogger: class com.dotmarketing.util.ActivityLogger: system : Save Field Action , User system/system user added field Google Map to Host Structure.
[09/06/23 19:30:52:488 UTC]  INFO util.ActivityLogger: class com.dotmarketing.util.ActivityLogger: system : Save Field Action , User system/system user added field Google Analytics to Host Structure.
[09/06/23 19:30:52:529 UTC]  INFO util.ActivityLogger: class com.dotmarketing.util.ActivityLogger: system : Save Field Action , User system/system user added field Add This to Host Structure.
[09/06/23 19:30:52:559 UTC]  INFO util.ActivityLogger: class com.dotmarketing.util.ActivityLogger: system : Save Field Action , User system/system user added field Proxy Url for Edit Mode to Host Structure.
[09/06/23 19:30:52:611 UTC]  INFO util.ActivityLogger: class com.dotmarketing.util.ActivityLogger: system : Save Field Action , User system/system user added field Embedded Dashboard Url to Host Structure.
[09/06/23 19:30:52:626 UTC]  INFO util.PushPublishLogger: class com.dotcms.enterprise.publishing.remote.handler.ContentTypeHandler : [BundleID: content_type_and_content_demo.tar.gz] Content Type publish success, ID: 855a2d72-f2f3-4169-8b04-ac5157c4380c, Name: Host
[09/06/23 19:30:52:630 UTC]  INFO util.SecurityLogger: class com.dotmarketing.portlets.workflows.business.WorkflowAPIImpl : Saving schemes [ [WorkflowScheme [id=d61a59e1-a49c-46f2-a929-db2b4bfa88b2, name=System Workflow, archived=false, mandatory=false]] ] for Content Type [ com.dotmarketing.portlets.structure.model.Structure@513c9cfd[name=Host,description=System hosts information,defaultStructure=false,reviewInterval=<null>,reviewerRole=<null>,pagedetail=<null>,structureType=1,fixed=true,system=true,velocityVarName=Host,urlMapPattern=<null>,host=SYSTEM_HOST,folder=SYSTEM_FOLDER,publishDateVar=<null>,expireDateVar=<null>,modDate=Fri Jun 09 19:30:53 UTC 2023,icon=event_note,sortOrder=0,iDate=Mon Mar 28 15:10:14 UTC 2016,type=structure,owner=<null>,inode=855a2d72-f2f3-4169-8b04-ac5157c4380c,identifier=855a2d72-f2f3-4169-8b04-ac5157c4380c] ] -- ip:172.19.0.1,user:Admin User [ID: dotcms.org.1][email:admin@dotcms.com]
[09/06/23 19:30:52:645 UTC]  INFO business.ContentTypeAPIImpl: Content type not found with given id: ea533f67-4883-42bb-9701-83293e7313e5. Continuing...
[09/06/23 19:30:52:672 UTC]  INFO util.ActivityLogger: class com.dotmarketing.util.ActivityLogger: system : Save Field Action , User system/system user added field fields-0 to type_2 Structure.
[09/06/23 19:30:52:687 UTC]  INFO util.ActivityLogger: class com.dotmarketing.util.ActivityLogger: system : Save Field Action , User system/system user added field fields-1 to type_2 Structure.
[09/06/23 19:30:52:696 UTC]  INFO util.ActivityLogger: class com.dotmarketing.util.ActivityLogger: system : Save Field Action , User system/system user added field text_1 to type_2 Structure.
[09/06/23 19:30:52:701 UTC]  INFO util.ActivityLogger: class com.dotcms.contenttype.business.ContentTypeAPIImpl: system : Save ContentType Action , User system/system user system user added ContentType type_2 to host id:48190c8c-42c4-46af-8d1a-0cd5db894797
[09/06/23 19:30:52:702 UTC]  INFO business.ContentTypeAPIImpl: UserId : system : ContentType : ContentType saved : type_2
[09/06/23 19:30:52:702 UTC]  INFO util.AdminLogger: UserId : system : class com.dotcms.contenttype.business.ContentTypeAPIImpl : ContentType : ContentType saved : type_2
[09/06/23 19:30:52:702 UTC]  INFO util.PushPublishLogger: class com.dotcms.enterprise.publishing.remote.handler.ContentTypeHandler : [BundleID: content_type_and_content_demo.tar.gz] Content Type publish success, ID: ea533f67-4883-42bb-9701-83293e7313e5, Name: type_2
[09/06/23 19:30:52:704 UTC]  INFO util.SecurityLogger: class com.dotmarketing.portlets.workflows.business.WorkflowAPIImpl : Saving schemes [ [WorkflowScheme [id=d61a59e1-a49c-46f2-a929-db2b4bfa88b2, name=System Workflow, archived=false, mandatory=false]] ] for Content Type [ com.dotmarketing.portlets.structure.model.Structure@7ab1695d[name=type_2,description=<null>,defaultStructure=false,reviewInterval=<null>,reviewerRole=<null>,pagedetail=<null>,structureType=1,fixed=false,system=false,velocityVarName=Type2,urlMapPattern=<null>,host=48190c8c-42c4-46af-8d1a-0cd5db894797,folder=SYSTEM_FOLDER,publishDateVar=<null>,expireDateVar=<null>,modDate=Thu Oct 08 17:32:29 UTC 2020,icon=<null>,sortOrder=0,iDate=Thu Oct 08 17:32:19 UTC 2020,type=structure,owner=<null>,inode=ea533f67-4883-42bb-9701-83293e7313e5,identifier=ea533f67-4883-42bb-9701-83293e7313e5] ] -- ip:172.19.0.1,user:Admin User [ID: dotcms.org.1][email:admin@dotcms.com]
[09/06/23 19:30:52:728 UTC]  INFO util.PushPublishLogger: class com.dotcms.enterprise.publishing.remote.handler.LanguageVariablesHandler : [BundleID: content_type_and_content_demo.tar.gz] Language File publish success, Name: cms_language_en.properties
[09/06/23 19:30:52:729 UTC]  INFO util.PushPublishLogger: class com.dotcms.enterprise.publishing.remote.handler.LanguageVariablesHandler : [BundleID: content_type_and_content_demo.tar.gz] Language File publish success, Name: cms_language_en_US.properties
[09/06/23 19:30:52:730 UTC]  INFO util.PushPublishLogger: class com.dotcms.enterprise.publishing.remote.handler.LanguageVariablesHandler : [BundleID: content_type_and_content_demo.tar.gz] Language File publish success, Name: cms_language_es.properties
[09/06/23 19:30:52:730 UTC]  INFO util.PushPublishLogger: class com.dotcms.enterprise.publishing.remote.handler.LanguageVariablesHandler : [BundleID: content_type_and_content_demo.tar.gz] Language File publish success, Name: cms_language_es_ES.properties
[09/06/23 19:30:52:730 UTC]  INFO util.PushPublishLogger: class com.dotcms.enterprise.publishing.remote.handler.LanguageVariablesHandler : [BundleID: content_type_and_content_demo.tar.gz] Language File publish success, Name: cms_language_fr.properties
[09/06/23 19:30:52:731 UTC]  INFO util.PushPublishLogger: class com.dotcms.enterprise.publishing.remote.handler.LanguageVariablesHandler : [BundleID: content_type_and_content_demo.tar.gz] Language File publish success, Name: cms_language_fr_FR.properties
[09/06/23 19:30:52:731 UTC]  INFO util.PushPublishLogger: class com.dotcms.enterprise.publishing.remote.handler.LanguageVariablesHandler : [BundleID: content_type_and_content_demo.tar.gz] Language File publish success, Name: cms_language_zh.properties
[09/06/23 19:30:52:731 UTC]  INFO util.PushPublishLogger: class com.dotcms.enterprise.publishing.remote.handler.LanguageVariablesHandler : [BundleID: content_type_and_content_demo.tar.gz] Language File publish success, Name: cms_language_zh_CN.properties
[09/06/23 19:30:53:603 UTC]  INFO reindex.ReindexThread: --- Unpausing reindex thread 
[09/06/23 19:30:53:889 UTC]  INFO reindex.BulkProcessorListener: -----------
[09/06/23 19:30:53:889 UTC]  INFO reindex.BulkProcessorListener: Reindexing Server #  : 1 of 1
[09/06/23 19:30:53:889 UTC]  INFO reindex.BulkProcessorListener: Total Indexed        : 0
[09/06/23 19:30:53:889 UTC]  INFO reindex.BulkProcessorListener: ReindexEntries found : 3
[09/06/23 19:30:53:889 UTC]  INFO reindex.BulkProcessorListener: BulkRequests created : 6
[09/06/23 19:30:53:889 UTC]  INFO reindex.BulkProcessorListener: -----------
[09/06/23 19:30:55:024 UTC]  INFO delegate.SystemEventsJobDelegate: The event: 2f144eb5-5d02-4a23-8bc9-997cd301bbd8, has been skipped on the server: 7a5b6680-408d-4f9c-896c-9563aac89e9d
[09/06/23 19:30:55:024 UTC]  INFO delegate.SystemEventsJobDelegate: The event: 44084bd5-cabc-4e00-ac31-a3d851bda75f, has been skipped on the server: 7a5b6680-408d-4f9c-896c-9563aac89e9d
[09/06/23 19:30:58:606 UTC]  INFO concurrent.Debouncer: Debouncing : invalidateGraphSchema after 5000 MILLISECONDS
[09/06/23 19:30:59:703 UTC]  INFO util.PushPublishLogger: class com.dotcms.rest.PushPublisherJob : [BundleID: content_type_and_content_demo.tar.gz] Finished bundle publish process
[09/06/23 19:30:59:703 UTC]  INFO rest.PushPublisherJob: Finished bundle publish process
[09/06/23 19:30:59:832 UTC]  INFO apps.SecretsKeyStoreHelper: KeyStore loaded successfully after `1` tries.
[09/06/23 19:31:00:137 UTC]  INFO apps.SecretsKeyStoreHelper: KeyStore loaded successfully after `1` tries.
[09/06/23 19:31:00:215 UTC]  INFO apps.SecretsKeyStoreHelper: KeyStore loaded successfully after `1` tries.
[09/06/23 19:31:00:280 UTC]  INFO apps.SecretsKeyStoreHelper: KeyStore loaded successfully after `1` tries.
[09/06/23 19:31:02:845 UTC]  INFO util.SecurityLogger: class com.dotmarketing.cms.login.factories.LoginFactory : User admin@dotcms.com has sucessfully logged in from IP: 172.19.0.1 -- ip:172.19.0.1,user:Admin User [ID: dotcms.org.1][email:admin@dotcms.com]
[09/06/23 19:31:02:853 UTC]  INFO rest.BundleResource: Deleting all bundles by the user: dotcms.org.1
[09/06/23 19:31:02:856 UTC]  INFO business.BundleAPIImpl: Deleting all bundles with statuses: [BUNDLE_REQUESTED, BUNDLING, SENDING_TO_ENDPOINTS, FAILED_TO_SEND_TO_ALL_GROUPS, FAILED_TO_SEND_TO_SOME_GROUPS, FAILED_TO_BUNDLE, FAILED_TO_SENT, FAILED_TO_PUBLISH, SUCCESS, BUNDLE_SENT_SUCCESSFULLY, RECEIVED_BUNDLE, PUBLISHING_BUNDLE, WAITING_FOR_PUBLISHING, BUNDLE_SAVED_SUCCESSFULLY, INVALID_TOKEN, LICENSE_REQUIRED, SUCCESS_WITH_WARNINGS, FAILED_INTEGRITY_CHECK]by the user: dotcms.org.1
[09/06/23 19:31:02:868 UTC]  INFO business.BundleAPIImpl: Removing bundle: content_type_and_content_demo and dependencies by: dotcms.org.1
[09/06/23 19:31:02:868 UTC]  INFO business.BundleAPIImpl: Removing audit status for a bundle: content_type_and_content_demo
[09/06/23 19:31:02:868 UTC]  INFO business.PublishAuditAPIImpl: Deleting the bundle: content_type_and_content_demo
[09/06/23 19:31:02:871 UTC]  INFO business.BundleAPIImpl: Removing all assets from bundle: content_type_and_content_demo
[09/06/23 19:31:02:872 UTC]  INFO business.BundleAPIImpl: Removing environments from bundle: content_type_and_content_demo
[09/06/23 19:31:02:873 UTC]  INFO business.BundleAPIImpl: Removing bundle: content_type_and_content_demo
[09/06/23 19:31:02:900 UTC]  INFO business.BundleAPIImpl: Deleted 1 bundles, failed 0 bundles
[09/06/23 19:31:02:903 UTC]  WARN struts.MultiMessageResources: Duplicate resource property definition (key=was ==> is now): contenttypes.content.copy=Copy ==> Copy
[09/06/23 19:31:02:905 UTC]  WARN struts.MultiMessageResources: Duplicate resource property definition (key=was ==> is now): message.category.import=Importing Categories.  This operation cannot be cancelled or undone. ==> IMPORT
[09/06/23 19:31:02:905 UTC]  WARN struts.MultiMessageResources: Duplicate resource property definition (key=was ==> is now): message.containers.create.content_type_code=Content Type Code ==> Content Type Code
[09/06/23 19:31:02:908 UTC]  WARN struts.MultiMessageResources: Duplicate resource property definition (key=was ==> is now): Save=Save ==> Save
[09/06/23 19:31:02:909 UTC]  WARN struts.MultiMessageResources: Duplicate resource property definition (key=was ==> is now): Move=Move ==> Move
[09/06/23 19:31:02:910 UTC]  WARN struts.MultiMessageResources: Duplicate resource property definition (key=was ==> is now): archived=archived ==> Archived
[09/06/23 19:31:05:033 UTC]  INFO delegate.SystemEventsJobDelegate: The event: 4a9b5775-077a-4cd3-9414-2022e16be184, has been skipped on the server: 7a5b6680-408d-4f9c-896c-9563aac89e9d
[09/06/23 19:31:05:033 UTC]  INFO delegate.SystemEventsJobDelegate: The event: 776627ce-3c6f-4079-a032-84dd59b944a4, has been skipped on the server: 7a5b6680-408d-4f9c-896c-9563aac89e9d
[09/06/23 19:31:15:979 UTC]  INFO util.SecurityLogger: class com.dotmarketing.cms.login.factories.LoginFactory : User admin@dotcms.com has sucessfully logged in from IP: 172.19.0.1 -- ip:172.19.0.1,user:Admin User [ID: dotcms.org.1][email:admin@dotcms.com]
[09/06/23 19:31:16:046 UTC]  WARN ajax.RemotePublishAjaxAction: Unable to find asset id = [ea533f67-4883-42bb-9701-83293e7313e5]
[09/06/23 19:31:16:110 UTC]  INFO util.PushPublishLogger: class com.dotcms.publisher.business.PublisherAPIImpl : [BundleID: 01H2GT8FY9MM48FC39FXT8V4ZJ] Asset added to Push Publish Queue. Action: Added by Browsing, Asset Type: contenttype, Asset Id: ea533f67-4883-42bb-9701-83293e7313e5, User: dotcms.org.1
[09/06/23 19:31:19:214 UTC]  INFO util.SecurityLogger: class com.dotmarketing.cms.login.factories.LoginFactory : User admin@dotcms.com has sucessfully logged in from IP: 172.19.0.1 -- ip:172.19.0.1,user:Admin User [ID: dotcms.org.1][email:admin@dotcms.com]
[09/06/23 19:31:21:239 UTC]  INFO business.PublisherQueueJob: 
[09/06/23 19:31:21:240 UTC]  INFO business.PublisherQueueJob: Found 1 bundle(s) to process.
[09/06/23 19:31:21:240 UTC]  INFO business.PublisherQueueJob: 
[09/06/23 19:31:21:241 UTC]  INFO business.PublisherQueueJob: Processing bundle: ID: 01H2GT8FY9MM48FC39FXT8V4ZJ. Status: Starting. Publish Date: 2020-09-10 17:14:00.0
[09/06/23 19:31:21:241 UTC]  INFO util.PushPublishLogger: class com.dotcms.publisher.business.PublishAuditStatus : Status Update: Pending.
[09/06/23 19:31:21:246 UTC]  INFO util.PushPublishLogger: class com.dotcms.publisher.business.PublisherQueueJob : Pre-publish work started.
[09/06/23 19:31:21:270 UTC]  INFO util.PushPublishLogger: class com.dotcms.publisher.business.PublisherQueueJob : Pre-publish work complete.
[09/06/23 19:31:21:273 UTC]  INFO util.PushPublishLogger: class com.dotcms.publishing.PublisherAPIImpl : [BundleID: 01H2GT8FY9MM48FC39FXT8V4ZJ] Started Publishing Task
[09/06/23 19:31:21:286 UTC]  INFO publishing.PublisherAPIImpl: Start of Bundler: DependencyBundler
[09/06/23 19:31:30:430 UTC]  INFO dependencies.ConcurrentDependencyProcessor: DependencyProcessor Finished
[09/06/23 19:31:30:431 UTC]  INFO publishing.PublisherAPIImpl: End of Bundler: DependencyBundler
[09/06/23 19:31:30:431 UTC]  INFO publishing.PublisherAPIImpl: Start of Bundler: HostBundler
[09/06/23 19:31:30:434 UTC]  INFO util.PushPublishLogger: class com.dotcms.enterprise.publishing.remote.bundler.HostBundler : Status Update: Bundling.
[09/06/23 19:31:30:533 UTC]  INFO bundler.HostBundler: Searching for ContentletVersionInfo. Identifier: 48190c8c-42c4-46af-8d1a-0cd5db894797. Language:1
[09/06/23 19:31:30:582 UTC]  INFO util.PushPublishLogger: class com.dotcms.enterprise.publishing.remote.bundler.HostBundler : Status Update: Bundling.
[09/06/23 19:31:30:585 UTC]  INFO publishing.PublisherAPIImpl: End of Bundler: HostBundler
[09/06/23 19:31:30:587 UTC]  INFO publishing.PublisherAPIImpl: Start of Bundler: ContentBundler
[09/06/23 19:31:30:589 UTC]  INFO util.PushPublishLogger: class com.dotcms.enterprise.publishing.remote.bundler.ContentBundler : Status Update: Bundling.
[09/06/23 19:31:30:592 UTC]  INFO util.PushPublishLogger: class com.dotcms.enterprise.publishing.remote.bundler.ContentBundler : Status Update: Bundling.
[09/06/23 19:31:30:594 UTC]  INFO publishing.PublisherAPIImpl: End of Bundler: ContentBundler
[09/06/23 19:31:30:594 UTC]  INFO publishing.PublisherAPIImpl: Start of Bundler: FolderBundler
[09/06/23 19:31:30:595 UTC]  INFO publishing.PublisherAPIImpl: End of Bundler: FolderBundler
[09/06/23 19:31:30:595 UTC]  INFO publishing.PublisherAPIImpl: Start of Bundler: TemplateBundler
[09/06/23 19:31:30:596 UTC]  INFO publishing.PublisherAPIImpl: End of Bundler: TemplateBundler
[09/06/23 19:31:30:596 UTC]  INFO publishing.PublisherAPIImpl: Start of Bundler: ContainerBundler
[09/06/23 19:31:30:597 UTC]  INFO publishing.PublisherAPIImpl: End of Bundler: ContainerBundler
[09/06/23 19:31:30:597 UTC]  INFO publishing.PublisherAPIImpl: Start of Bundler: RuleBundler
[09/06/23 19:31:30:598 UTC]  INFO publishing.PublisherAPIImpl: End of Bundler: RuleBundler
[09/06/23 19:31:30:598 UTC]  INFO publishing.PublisherAPIImpl: Start of Bundler: LinkBundler
[09/06/23 19:31:30:599 UTC]  INFO publishing.PublisherAPIImpl: End of Bundler: LinkBundler
[09/06/23 19:31:30:599 UTC]  INFO publishing.PublisherAPIImpl: Start of Bundler: ContentTypeBundler
[09/06/23 19:31:30:636 UTC]  INFO publishing.PublisherAPIImpl: End of Bundler: ContentTypeBundler
[09/06/23 19:31:30:637 UTC]  INFO publishing.PublisherAPIImpl: Start of Bundler: RelationshipBundler
[09/06/23 19:31:30:637 UTC]  INFO publishing.PublisherAPIImpl: End of Bundler: RelationshipBundler
[09/06/23 19:31:30:637 UTC]  INFO publishing.PublisherAPIImpl: Start of Bundler: LanguageVariablesBundler
[09/06/23 19:31:30:648 UTC]  WARN util.FileUtil: /data/shared/assets/messages/cms_language_en_US.properties is empty
[09/06/23 19:31:30:649 UTC]  WARN util.FileUtil: /data/shared/assets/messages/cms_language_es_ES.properties is empty
[09/06/23 19:31:30:650 UTC]  WARN util.FileUtil: /data/shared/assets/messages/cms_language_fr_FR.properties is empty
[09/06/23 19:31:30:652 UTC]  WARN util.FileUtil: /data/shared/assets/messages/cms_language_zh_CN.properties is empty
[09/06/23 19:31:30:653 UTC]  INFO publishing.PublisherAPIImpl: End of Bundler: LanguageVariablesBundler
[09/06/23 19:31:30:654 UTC]  INFO publishing.PublisherAPIImpl: Start of Bundler: WorkflowBundler
[09/06/23 19:31:30:745 UTC]  INFO publishing.PublisherAPIImpl: End of Bundler: WorkflowBundler
[09/06/23 19:31:30:746 UTC]  INFO publishing.PublisherAPIImpl: Start of Bundler: LanguageBundler
[09/06/23 19:31:30:746 UTC]  INFO publishing.PublisherAPIImpl: End of Bundler: LanguageBundler
[09/06/23 19:31:30:747 UTC]  INFO publishing.PublisherAPIImpl: Start of Bundler: BundleXMLAsc
[09/06/23 19:31:30:747 UTC]  INFO publishing.PublisherAPIImpl: End of Bundler: BundleXMLAsc
[09/06/23 19:31:30:748 UTC]  INFO publishing.PublisherAPIImpl: Start of Bundler: CategoryBundler
[09/06/23 19:31:30:748 UTC]  INFO publishing.PublisherAPIImpl: End of Bundler: CategoryBundler
[09/06/23 19:31:30:787 UTC]  INFO util.PushPublishLogger: class com.dotcms.publisher.pusher.PushPublisher : Status Update: Sending to all environments
[09/06/23 19:31:30:790 UTC]  INFO util.PushPublishLogger: class com.dotcms.publisher.pusher.PushPublisher : Status Update: Sending Bundle
[09/06/23 19:31:30:862 UTC]  INFO pusher.AuthCredentialPushPublishUtil: Is JWT in Push publish avaible?: false
[09/06/23 19:31:30:863 UTC]  INFO pusher.AuthCredentialPushPublishUtil: PublishingEndPoint: receiver-1686339041145
[09/06/23 19:31:30:863 UTC]  INFO pusher.AuthCredentialPushPublishUtil: PublishingEndPoint key: Optional[pmWkWSBCL51Bfkhn79xPuKBKHz//H6B+mY6G9/eieuM=]
[09/06/23 19:31:30:863 UTC]  INFO pusher.AuthCredentialPushPublishUtil: Token from request: pmWkWSBCL51Bfkhn79xPuKBKHz//H6B+mY6G9/eieuM=
[09/06/23 19:31:30:871 UTC]  INFO util.PushPublishLogger: class com.dotcms.publisher.business.PublishAuditStatus : Status Update: Pending.
[09/06/23 19:31:30:929 UTC]  INFO quartz.DotStatefulJob: New Task for job `PushPublisherJob` scheduled for execution `30 31 19 9 6 ? 2023`.
[09/06/23 19:31:30:948 UTC]  INFO rest.PushPublisherJob: Started bundle publish process
[09/06/23 19:31:30:948 UTC]  INFO util.PushPublishLogger: class com.dotcms.rest.PushPublisherJob : [BundleID: 01H2GT8FY9MM48FC39FXT8V4ZJ.tar.gz] Started bundle publish process
[09/06/23 19:31:30:962 UTC]  INFO util.PushPublishLogger: class com.dotcms.publisher.pusher.PushPublisher : Status Update: Bundle sent
[09/06/23 19:31:30:962 UTC]  INFO util.PushPublishLogger: class com.dotcms.publisher.pusher.PushPublisher : Status Update: Bundle sent
[09/06/23 19:31:30:971 UTC]  INFO util.PushPublishLogger: class com.dotcms.publishing.PublisherAPIImpl : [BundleID: 01H2GT8FY9MM48FC39FXT8V4ZJ] Completed Publishing Task
[09/06/23 19:31:31:027 UTC]  INFO util.ActivityLogger: class com.dotcms.content.elasticsearch.business.ESContentletAPIImpl: System Host : Saving Content , StartDate: N/D; EndDate: N/D; User:system; ContentIdentifier: 48190c8c-42c4-46af-8d1a-0cd5db894797
[09/06/23 19:31:31:109 UTC]  INFO business.ContentletIndexAPIImpl: Indexing: 48190c8c-42c4-46af-8d1a-0cd5db894797 : demo.dotcms.com, includeDependencies: true, policy: FORCE
[09/06/23 19:31:31:289 UTC]  INFO util.ActivityLogger: class com.dotcms.content.elasticsearch.business.ESContentletAPIImpl: System Host : Content Saved , StartDate: N/D; EndDate: N/D; User:system; ContentIdentifier: 48190c8c-42c4-46af-8d1a-0cd5db894797
[09/06/23 19:31:31:296 UTC]  INFO business.ContentletIndexAPIImpl: Indexing: 48190c8c-42c4-46af-8d1a-0cd5db894797 : demo.dotcms.com, includeDependencies: false, policy: FORCE
[09/06/23 19:31:31:296 UTC]  INFO util.PushPublishLogger: class com.dotcms.enterprise.publishing.remote.handler.ContentHandler : [BundleID: 01H2GT8FY9MM48FC39FXT8V4ZJ.tar.gz] Host publish success, ID: 48190c8c-42c4-46af-8d1a-0cd5db894797, Inode: 6e8aca39-937c-437e-91d8-d46b631bdcc8, Name: demo.dotcms.com
[09/06/23 19:31:31:325 UTC]  INFO business.ContentletIndexAPIImpl: Indexing: 48190c8c-42c4-46af-8d1a-0cd5db894797 : demo.dotcms.com, includeDependencies: true, policy: FORCE
[09/06/23 19:31:31:358 UTC]  INFO util.SecurityLogger: class com.dotmarketing.portlets.workflows.business.WorkflowAPIImpl : Workflow Scheme 'System Workflow' [d61a59e1-a49c-46f2-a929-db2b4bfa88b2] has been saved by User ID 'system' -- ip:ukn,user:null
[09/06/23 19:31:31:371 UTC]  INFO util.SecurityLogger: class com.dotmarketing.portlets.workflows.business.WorkflowAPIImpl : Workflow Step 'New' [6cb7e3bd-1710-4eed-8838-d3db60f78f19] has been saved by User ID 'system' -- ip:ukn,user:null
[09/06/23 19:31:31:375 UTC]  INFO util.SecurityLogger: class com.dotmarketing.portlets.workflows.business.WorkflowAPIImpl : Workflow Step 'Draft' [ee24a4cb-2d15-4c98-b1bd-6327126451f3] has been saved by User ID 'system' -- ip:ukn,user:null
[09/06/23 19:31:31:378 UTC]  INFO util.SecurityLogger: class com.dotmarketing.portlets.workflows.business.WorkflowAPIImpl : Workflow Step 'Published' [dc3c9cd0-8467-404b-bf95-cb7df3fbc293] has been saved by User ID 'system' -- ip:ukn,user:null
[09/06/23 19:31:31:389 UTC]  INFO util.SecurityLogger: class com.dotmarketing.portlets.workflows.business.WorkflowAPIImpl : Workflow Step 'Archived' [d6b095b6-b65f-4bdb-bbfd-701d663dfee2] has been saved by User ID 'system' -- ip:ukn,user:null
[09/06/23 19:31:31:394 UTC]  INFO util.SecurityLogger: class com.dotmarketing.portlets.workflows.business.WorkflowAPIImpl : Action id: '4da13a42-5d59-480c-ad8f-94a3adf809fe' has been reordered by user: system -- ip:ukn,user:null
[09/06/23 19:31:31:398 UTC]  WARN business.PermissionCacheImpl:  !!! Putting an empty list of permissions in the cache for asset:4da13a42-5d59-480c-ad8f-94a3adf809fe. Every asset should have at least 1 permission (or inherited permission) associated with it
[09/06/23 19:31:31:405 UTC]  INFO util.SecurityLogger: class com.dotmarketing.portlets.workflows.business.WorkflowAPIImpl : Action id: '963f6a04-5320-42e7-ab74-6d876d199946' has been reordered by user: system -- ip:ukn,user:null
[09/06/23 19:31:31:407 UTC]  WARN business.PermissionCacheImpl:  !!! Putting an empty list of permissions in the cache for asset:963f6a04-5320-42e7-ab74-6d876d199946. Every asset should have at least 1 permission (or inherited permission) associated with it
[09/06/23 19:31:31:417 UTC]  INFO util.SecurityLogger: class com.dotmarketing.portlets.workflows.business.WorkflowAPIImpl : Action id: '777f1c6b-c877-4a37-ba4b-10627316c2cc' has been reordered by user: system -- ip:ukn,user:null
[09/06/23 19:31:31:420 UTC]  WARN business.PermissionCacheImpl:  !!! Putting an empty list of permissions in the cache for asset:777f1c6b-c877-4a37-ba4b-10627316c2cc. Every asset should have at least 1 permission (or inherited permission) associated with it
[09/06/23 19:31:31:430 UTC]  INFO util.SecurityLogger: class com.dotmarketing.portlets.workflows.business.WorkflowAPIImpl : Action id: '1e0f1c6b-b67f-4c99-983d-db2b4bfa88b2' has been reordered by user: system -- ip:ukn,user:null
[09/06/23 19:31:31:433 UTC]  WARN business.PermissionCacheImpl:  !!! Putting an empty list of permissions in the cache for asset:1e0f1c6b-b67f-4c99-983d-db2b4bfa88b2. Every asset should have at least 1 permission (or inherited permission) associated with it
[09/06/23 19:31:31:439 UTC]  INFO util.SecurityLogger: class com.dotmarketing.portlets.workflows.business.WorkflowAPIImpl : Action id: 'b9d89c80-3d88-4311-8365-187323c96436' has been reordered by user: system -- ip:ukn,user:null
[09/06/23 19:31:31:441 UTC]  WARN business.PermissionCacheImpl:  !!! Putting an empty list of permissions in the cache for asset:b9d89c80-3d88-4311-8365-187323c96436. Every asset should have at least 1 permission (or inherited permission) associated with it
[09/06/23 19:31:31:452 UTC]  INFO util.SecurityLogger: class com.dotmarketing.portlets.workflows.business.WorkflowAPIImpl : Action id: 'ceca71a0-deee-4999-bd47-b01baa1bcfc8' has been reordered by user: system -- ip:ukn,user:null
[09/06/23 19:31:31:454 UTC]  WARN business.PermissionCacheImpl:  !!! Putting an empty list of permissions in the cache for asset:ceca71a0-deee-4999-bd47-b01baa1bcfc8. Every asset should have at least 1 permission (or inherited permission) associated with it
[09/06/23 19:31:31:460 UTC]  INFO util.SecurityLogger: class com.dotmarketing.portlets.workflows.business.WorkflowAPIImpl : Action id: 'c92f9aa1-9503-4567-ac30-d3242b54d02d' has been reordered by user: system -- ip:ukn,user:null
[09/06/23 19:31:31:462 UTC]  WARN business.PermissionCacheImpl:  !!! Putting an empty list of permissions in the cache for asset:c92f9aa1-9503-4567-ac30-d3242b54d02d. Every asset should have at least 1 permission (or inherited permission) associated with it
[09/06/23 19:31:31:469 UTC]  INFO util.SecurityLogger: class com.dotmarketing.portlets.workflows.business.WorkflowAPIImpl : Action id: '38efc763-d78f-4e4b-b092-59cd8c579b93' has been reordered by user: system -- ip:ukn,user:null
[09/06/23 19:31:31:472 UTC]  WARN business.PermissionCacheImpl:  !!! Putting an empty list of permissions in the cache for asset:38efc763-d78f-4e4b-b092-59cd8c579b93. Every asset should have at least 1 permission (or inherited permission) associated with it
[09/06/23 19:31:31:478 UTC]  INFO util.SecurityLogger: class com.dotmarketing.portlets.workflows.business.WorkflowAPIImpl : The action id: 'ceca71a0-deee-4999-bd47-b01baa1bcfc8' has been saved by the user: system -- ip:ukn,user:null
[09/06/23 19:31:31:482 UTC]  INFO util.SecurityLogger: class com.dotmarketing.portlets.workflows.business.WorkflowAPIImpl : The action id: 'b9d89c80-3d88-4311-8365-187323c96436' has been saved by the user: system -- ip:ukn,user:null
[09/06/23 19:31:31:493 UTC]  INFO util.SecurityLogger: class com.dotmarketing.portlets.workflows.business.WorkflowAPIImpl : The action id: '777f1c6b-c877-4a37-ba4b-10627316c2cc' has been saved by the user: system -- ip:ukn,user:null
[09/06/23 19:31:31:497 UTC]  INFO util.SecurityLogger: class com.dotmarketing.portlets.workflows.business.WorkflowAPIImpl : The action id: 'ceca71a0-deee-4999-bd47-b01baa1bcfc8' has been saved by the user: system -- ip:ukn,user:null
[09/06/23 19:31:31:500 UTC]  INFO util.SecurityLogger: class com.dotmarketing.portlets.workflows.business.WorkflowAPIImpl : The action id: '38efc763-d78f-4e4b-b092-59cd8c579b93' has been saved by the user: system -- ip:ukn,user:null
[09/06/23 19:31:31:504 UTC]  INFO util.SecurityLogger: class com.dotmarketing.portlets.workflows.business.WorkflowAPIImpl : The action id: '963f6a04-5320-42e7-ab74-6d876d199946' has been saved by the user: system -- ip:ukn,user:null
[09/06/23 19:31:31:507 UTC]  INFO util.SecurityLogger: class com.dotmarketing.portlets.workflows.business.WorkflowAPIImpl : The action id: 'b9d89c80-3d88-4311-8365-187323c96436' has been saved by the user: system -- ip:ukn,user:null
[09/06/23 19:31:31:510 UTC]  INFO util.SecurityLogger: class com.dotmarketing.portlets.workflows.business.WorkflowAPIImpl : The action id: '4da13a42-5d59-480c-ad8f-94a3adf809fe' has been saved by the user: system -- ip:ukn,user:null
[09/06/23 19:31:31:514 UTC]  INFO util.SecurityLogger: class com.dotmarketing.portlets.workflows.business.WorkflowAPIImpl : The action id: '963f6a04-5320-42e7-ab74-6d876d199946' has been saved by the user: system -- ip:ukn,user:null
[09/06/23 19:31:31:518 UTC]  INFO util.SecurityLogger: class com.dotmarketing.portlets.workflows.business.WorkflowAPIImpl : The action id: 'ceca71a0-deee-4999-bd47-b01baa1bcfc8' has been saved by the user: system -- ip:ukn,user:null
[09/06/23 19:31:31:521 UTC]  INFO util.SecurityLogger: class com.dotmarketing.portlets.workflows.business.WorkflowAPIImpl : The action id: '38efc763-d78f-4e4b-b092-59cd8c579b93' has been saved by the user: system -- ip:ukn,user:null
[09/06/23 19:31:31:524 UTC]  INFO util.SecurityLogger: class com.dotmarketing.portlets.workflows.business.WorkflowAPIImpl : The action id: '4da13a42-5d59-480c-ad8f-94a3adf809fe' has been saved by the user: system -- ip:ukn,user:null
[09/06/23 19:31:31:527 UTC]  INFO util.SecurityLogger: class com.dotmarketing.portlets.workflows.business.WorkflowAPIImpl : The action id: 'b9d89c80-3d88-4311-8365-187323c96436' has been saved by the user: system -- ip:ukn,user:null
[09/06/23 19:31:31:531 UTC]  INFO util.SecurityLogger: class com.dotmarketing.portlets.workflows.business.WorkflowAPIImpl : The action id: 'c92f9aa1-9503-4567-ac30-d3242b54d02d' has been saved by the user: system -- ip:ukn,user:null
[09/06/23 19:31:31:534 UTC]  INFO util.SecurityLogger: class com.dotmarketing.portlets.workflows.business.WorkflowAPIImpl : The action id: '777f1c6b-c877-4a37-ba4b-10627316c2cc' has been saved by the user: system -- ip:ukn,user:null
[09/06/23 19:31:31:537 UTC]  INFO util.SecurityLogger: class com.dotmarketing.portlets.workflows.business.WorkflowAPIImpl : The action id: '1e0f1c6b-b67f-4c99-983d-db2b4bfa88b2' has been saved by the user: system -- ip:ukn,user:null
[09/06/23 19:31:31:609 UTC]  INFO helper.SystemActionMappingsHandlerMerger: The mapping for systemAction: NEW, workflowAction: Optional[WorkflowAction [id=ceca71a0-deee-4999-bd47-b01baa1bcfc8, name=Save, stepId=null, nextStep=ee24a4cb-2d15-4c98-b1bd-6327126451f3]], and scheme: d61a59e1-a49c-46f2-a929-db2b4bfa88b2 has been saved
[09/06/23 19:31:31:613 UTC]  INFO helper.SystemActionMappingsHandlerMerger: The mapping for systemAction: EDIT, workflowAction: Optional[WorkflowAction [id=ceca71a0-deee-4999-bd47-b01baa1bcfc8, name=Save, stepId=null, nextStep=ee24a4cb-2d15-4c98-b1bd-6327126451f3]], and scheme: d61a59e1-a49c-46f2-a929-db2b4bfa88b2 has been saved
[09/06/23 19:31:31:617 UTC]  INFO helper.SystemActionMappingsHandlerMerger: The mapping for systemAction: UNPUBLISH, workflowAction: Optional[WorkflowAction [id=38efc763-d78f-4e4b-b092-59cd8c579b93, name=Unpublish, stepId=null, nextStep=ee24a4cb-2d15-4c98-b1bd-6327126451f3]], and scheme: d61a59e1-a49c-46f2-a929-db2b4bfa88b2 has been saved
[09/06/23 19:31:31:620 UTC]  INFO helper.SystemActionMappingsHandlerMerger: The mapping for systemAction: UNARCHIVE, workflowAction: Optional[WorkflowAction [id=c92f9aa1-9503-4567-ac30-d3242b54d02d, name=Unarchive, stepId=null, nextStep=ee24a4cb-2d15-4c98-b1bd-6327126451f3]], and scheme: d61a59e1-a49c-46f2-a929-db2b4bfa88b2 has been saved
[09/06/23 19:31:31:622 UTC]  INFO helper.SystemActionMappingsHandlerMerger: The mapping for systemAction: PUBLISH, workflowAction: Optional[WorkflowAction [id=b9d89c80-3d88-4311-8365-187323c96436, name=Publish, stepId=null, nextStep=dc3c9cd0-8467-404b-bf95-cb7df3fbc293]], and scheme: d61a59e1-a49c-46f2-a929-db2b4bfa88b2 has been saved
[09/06/23 19:31:31:625 UTC]  INFO helper.SystemActionMappingsHandlerMerger: The mapping for systemAction: ARCHIVE, workflowAction: Optional[WorkflowAction [id=4da13a42-5d59-480c-ad8f-94a3adf809fe, name=Archive, stepId=null, nextStep=d6b095b6-b65f-4bdb-bbfd-701d663dfee2]], and scheme: d61a59e1-a49c-46f2-a929-db2b4bfa88b2 has been saved
[09/06/23 19:31:31:629 UTC]  INFO helper.SystemActionMappingsHandlerMerger: The mapping for systemAction: DESTROY, workflowAction: Optional[WorkflowAction [id=1e0f1c6b-b67f-4c99-983d-db2b4bfa88b2, name=Destroy, stepId=null, nextStep=d6b095b6-b65f-4bdb-bbfd-701d663dfee2]], and scheme: d61a59e1-a49c-46f2-a929-db2b4bfa88b2 has been saved
[09/06/23 19:31:31:631 UTC]  INFO helper.SystemActionMappingsHandlerMerger: The mapping for systemAction: DELETE, workflowAction: Optional[WorkflowAction [id=777f1c6b-c877-4a37-ba4b-10627316c2cc, name=Delete, stepId=null, nextStep=d6b095b6-b65f-4bdb-bbfd-701d663dfee2]], and scheme: d61a59e1-a49c-46f2-a929-db2b4bfa88b2 has been saved
[09/06/23 19:31:31:632 UTC]  INFO util.PushPublishLogger: class com.dotcms.enterprise.publishing.remote.handler.WorkflowHandler : [BundleID: 01H2GT8FY9MM48FC39FXT8V4ZJ.tar.gz] Workflow publish success, ID: d61a59e1-a49c-46f2-a929-db2b4bfa88b2, Name: System Workflow
[09/06/23 19:31:31:650 UTC]  INFO util.ActivityLogger: class com.dotcms.contenttype.business.ContentTypeAPIImpl: system : Save ContentType Action , User system/system user system user added ContentType type_2 to host id:48190c8c-42c4-46af-8d1a-0cd5db894797
[09/06/23 19:31:31:650 UTC]  INFO business.ContentTypeAPIImpl: UserId : system : ContentType : ContentType saved : type_2
[09/06/23 19:31:31:650 UTC]  INFO util.AdminLogger: UserId : system : class com.dotcms.contenttype.business.ContentTypeAPIImpl : ContentType : ContentType saved : type_2
[09/06/23 19:31:31:652 UTC]  INFO business.FieldAPIImpl: No changes made to field: fields0, returning
[09/06/23 19:31:31:653 UTC]  INFO business.FieldAPIImpl: No changes made to field: fields1, returning
[09/06/23 19:31:31:654 UTC]  INFO business.FieldAPIImpl: No changes made to field: text1, returning
[09/06/23 19:31:31:655 UTC]  INFO util.PushPublishLogger: class com.dotcms.enterprise.publishing.remote.handler.ContentTypeHandler : [BundleID: 01H2GT8FY9MM48FC39FXT8V4ZJ.tar.gz] Content Type publish success, ID: ea533f67-4883-42bb-9701-83293e7313e5, Name: type_2
[09/06/23 19:31:31:656 UTC]  INFO util.SecurityLogger: class com.dotmarketing.portlets.workflows.business.WorkflowAPIImpl : Saving schemes [ [WorkflowScheme [id=d61a59e1-a49c-46f2-a929-db2b4bfa88b2, name=System Workflow, archived=false, mandatory=false]] ] for Content Type [ com.dotmarketing.portlets.structure.model.Structure@126637c2[name=type_2,description=<null>,defaultStructure=false,reviewInterval=<null>,reviewerRole=<null>,pagedetail=<null>,structureType=1,fixed=false,system=false,velocityVarName=Type2,urlMapPattern=<null>,host=48190c8c-42c4-46af-8d1a-0cd5db894797,folder=SYSTEM_FOLDER,publishDateVar=<null>,expireDateVar=<null>,modDate=Fri Jun 09 19:31:32 UTC 2023,icon=event_note,sortOrder=0,iDate=Thu Oct 08 17:32:19 UTC 2020,type=structure,owner=<null>,inode=ea533f67-4883-42bb-9701-83293e7313e5,identifier=ea533f67-4883-42bb-9701-83293e7313e5] ] -- ip:ukn,user:null
[09/06/23 19:31:31:667 UTC]  INFO util.PushPublishLogger: class com.dotcms.enterprise.publishing.remote.handler.LanguageVariablesHandler : [BundleID: 01H2GT8FY9MM48FC39FXT8V4ZJ.tar.gz] Language File publish success, Name: cms_language_en.properties
[09/06/23 19:31:31:667 UTC]  INFO util.PushPublishLogger: class com.dotcms.enterprise.publishing.remote.handler.LanguageVariablesHandler : [BundleID: 01H2GT8FY9MM48FC39FXT8V4ZJ.tar.gz] Language File publish success, Name: cms_language_en_US.properties
[09/06/23 19:31:31:668 UTC]  INFO util.PushPublishLogger: class com.dotcms.enterprise.publishing.remote.handler.LanguageVariablesHandler : [BundleID: 01H2GT8FY9MM48FC39FXT8V4ZJ.tar.gz] Language File publish success, Name: cms_language_es.properties
[09/06/23 19:31:31:669 UTC]  INFO util.PushPublishLogger: class com.dotcms.enterprise.publishing.remote.handler.LanguageVariablesHandler : [BundleID: 01H2GT8FY9MM48FC39FXT8V4ZJ.tar.gz] Language File publish success, Name: cms_language_es_ES.properties
[09/06/23 19:31:31:670 UTC]  INFO util.PushPublishLogger: class com.dotcms.enterprise.publishing.remote.handler.LanguageVariablesHandler : [BundleID: 01H2GT8FY9MM48FC39FXT8V4ZJ.tar.gz] Language File publish success, Name: cms_language_fr.properties
[09/06/23 19:31:31:670 UTC]  INFO util.PushPublishLogger: class com.dotcms.enterprise.publishing.remote.handler.LanguageVariablesHandler : [BundleID: 01H2GT8FY9MM48FC39FXT8V4ZJ.tar.gz] Language File publish success, Name: cms_language_fr_FR.properties
[09/06/23 19:31:31:671 UTC]  INFO util.PushPublishLogger: class com.dotcms.enterprise.publishing.remote.handler.LanguageVariablesHandler : [BundleID: 01H2GT8FY9MM48FC39FXT8V4ZJ.tar.gz] Language File publish success, Name: cms_language_zh.properties
[09/06/23 19:31:31:672 UTC]  INFO util.PushPublishLogger: class com.dotcms.enterprise.publishing.remote.handler.LanguageVariablesHandler : [BundleID: 01H2GT8FY9MM48FC39FXT8V4ZJ.tar.gz] Language File publish success, Name: cms_language_zh_CN.properties
[09/06/23 19:31:32:082 UTC]  INFO reindex.ReindexThread: --- Unpausing reindex thread 
[09/06/23 19:31:37:083 UTC]  INFO concurrent.Debouncer: Debouncing : invalidateGraphSchema after 5000 MILLISECONDS
[09/06/23 19:31:37:315 UTC]  INFO util.SecurityLogger: class com.dotmarketing.cms.login.factories.LoginFactory : User admin@dotcms.com has sucessfully logged in from IP: 172.19.0.1 -- ip:172.19.0.1,user:Admin User [ID: dotcms.org.1][email:admin@dotcms.com]
[09/06/23 19:31:38:109 UTC]  INFO util.PushPublishLogger: class com.dotcms.rest.PushPublisherJob : [BundleID: 01H2GT8FY9MM48FC39FXT8V4ZJ.tar.gz] Finished bundle publish process
[09/06/23 19:31:38:109 UTC]  INFO rest.PushPublisherJob: Finished bundle publish process
[09/06/23 19:31:38:284 UTC]  WARN struts.MultiMessageResources: Duplicate resource property definition (key=was ==> is now): contenttypes.content.copy=Copy ==> Copy
[09/06/23 19:31:38:286 UTC]  WARN struts.MultiMessageResources: Duplicate resource property definition (key=was ==> is now): message.category.import=Importing Categories.  This operation cannot be cancelled or undone. ==> IMPORT
[09/06/23 19:31:38:286 UTC]  WARN struts.MultiMessageResources: Duplicate resource property definition (key=was ==> is now): message.containers.create.content_type_code=Content Type Code ==> Content Type Code
[09/06/23 19:31:38:289 UTC]  WARN struts.MultiMessageResources: Duplicate resource property definition (key=was ==> is now): Save=Save ==> Save
[09/06/23 19:31:38:291 UTC]  WARN struts.MultiMessageResources: Duplicate resource property definition (key=was ==> is now): Move=Move ==> Move
[09/06/23 19:31:38:292 UTC]  WARN struts.MultiMessageResources: Duplicate resource property definition (key=was ==> is now): archived=archived ==> Archived
[09/06/23 19:31:41:405 UTC]  INFO util.SecurityLogger: class com.dotmarketing.cms.login.factories.LoginFactory : User admin@dotcms.com has sucessfully logged in from IP: 172.19.0.1 -- ip:172.19.0.1,user:Admin User [ID: dotcms.org.1][email:admin@dotcms.com]
[09/06/23 19:31:41:411 UTC]  INFO rest.BundleResource: Deleting all bundles by the user: dotcms.org.1
[09/06/23 19:31:41:414 UTC]  INFO business.BundleAPIImpl: Deleting all bundles with statuses: [BUNDLE_REQUESTED, BUNDLING, SENDING_TO_ENDPOINTS, FAILED_TO_SEND_TO_ALL_GROUPS, FAILED_TO_SEND_TO_SOME_GROUPS, FAILED_TO_BUNDLE, FAILED_TO_SENT, FAILED_TO_PUBLISH, SUCCESS, BUNDLE_SENT_SUCCESSFULLY, RECEIVED_BUNDLE, PUBLISHING_BUNDLE, WAITING_FOR_PUBLISHING, BUNDLE_SAVED_SUCCESSFULLY, INVALID_TOKEN, LICENSE_REQUIRED, SUCCESS_WITH_WARNINGS, FAILED_INTEGRITY_CHECK]by the user: dotcms.org.1
[09/06/23 19:31:41:415 UTC]  INFO business.BundleAPIImpl: Removing bundle: 01H2GT8FY9MM48FC39FXT8V4ZJ and dependencies by: dotcms.org.1
[09/06/23 19:31:41:415 UTC]  INFO business.BundleAPIImpl: Removing audit status for a bundle: 01H2GT8FY9MM48FC39FXT8V4ZJ
[09/06/23 19:31:41:415 UTC]  INFO business.PublishAuditAPIImpl: Deleting the bundle: 01H2GT8FY9MM48FC39FXT8V4ZJ
[09/06/23 19:31:41:415 UTC]  INFO business.BundleAPIImpl: Removing all assets from bundle: 01H2GT8FY9MM48FC39FXT8V4ZJ
[09/06/23 19:31:41:415 UTC]  INFO business.BundleAPIImpl: Removing environments from bundle: 01H2GT8FY9MM48FC39FXT8V4ZJ
[09/06/23 19:31:41:416 UTC]  INFO business.BundleAPIImpl: Removing bundle: 01H2GT8FY9MM48FC39FXT8V4ZJ
[09/06/23 19:31:41:442 UTC]  INFO business.BundleAPIImpl: Deleted 1 bundles, failed 0 bundles
[09/06/23 19:31:44:488 UTC]  INFO util.SecurityLogger: class com.dotmarketing.cms.login.factories.LoginFactory : User admin@dotcms.com has sucessfully logged in from IP: 172.19.0.1 -- ip:172.19.0.1,user:Admin User [ID: dotcms.org.1][email:admin@dotcms.com]
[09/06/23 19:31:44:496 UTC]  WARN business.PermissionCacheImpl:  !!! Putting an empty list of permissions in the cache for asset:219287b3-653f-429d-a7a7-35ff3e894fa9. Every asset should have at least 1 permission (or inherited permission) associated with it
[09/06/23 19:31:45:043 UTC]  INFO delegate.SystemEventsJobDelegate: The event: e136a56f-1d60-4a99-b32c-74224302ee96, has been skipped on the server: 7a5b6680-408d-4f9c-896c-9563aac89e9d
[09/06/23 19:31:45:043 UTC]  INFO delegate.SystemEventsJobDelegate: The event: ccfa7995-517e-402b-a575-29a37947c2a6, has been skipped on the server: 7a5b6680-408d-4f9c-896c-9563aac89e9d
[09/06/23 19:31:50:576 UTC]  INFO util.SecurityLogger: class com.dotmarketing.cms.login.factories.LoginFactory : User admin@dotcms.com has sucessfully logged in from IP: 172.19.0.1 -- ip:172.19.0.1,user:Admin User [ID: dotcms.org.1][email:admin@dotcms.com]
[09/06/23 19:31:53:583 UTC]  INFO ajax.PublishingEndpointAjaxAction: receiver ; 8e0b495b-a9f0-487b-ae8f-25d39ecee76a
[09/06/23 19:31:56:650 UTC]  INFO util.SecurityLogger: class com.dotmarketing.cms.login.factories.LoginFactory : User admin@dotcms.com has sucessfully logged in from IP: 172.19.0.1 -- ip:172.19.0.1,user:Admin User [ID: dotcms.org.1][email:admin@dotcms.com]
[09/06/23 19:31:56:656 UTC]  INFO util.PushPublishLogger: class com.dotcms.publisher.business.PublishAuditStatus : Status Update: Pending.
[09/06/23 19:31:56:657 UTC]  INFO rest.PushPublisherJob: Started bundle publish process
[09/06/23 19:31:56:657 UTC]  INFO util.PushPublishLogger: class com.dotcms.rest.PushPublisherJob : [BundleID: content_type_and_content_demo.tar.gz] Started bundle publish process
[09/06/23 19:31:56:751 UTC]  INFO util.ActivityLogger: class com.dotcms.content.elasticsearch.business.ESContentletAPIImpl: System Host : Saving Content , StartDate: N/D; EndDate: N/D; User:system; ContentIdentifier: 48190c8c-42c4-46af-8d1a-0cd5db894797
[09/06/23 19:31:56:780 UTC]  INFO timedcache.TimedCacheProvider: ***	 Building Cache : esquerycache, size:10000, seconds:3600,Concurrency:32 (every 60000 millis)
[09/06/23 19:31:56:796 UTC]  INFO business.ContentletIndexAPIImpl: Indexing: 48190c8c-42c4-46af-8d1a-0cd5db894797 : demo.dotcms.com, includeDependencies: true, policy: FORCE
[09/06/23 19:31:56:859 UTC]  INFO util.ActivityLogger: class com.dotcms.content.elasticsearch.business.ESContentletAPIImpl: System Host : Content Saved , StartDate: N/D; EndDate: N/D; User:system; ContentIdentifier: 48190c8c-42c4-46af-8d1a-0cd5db894797
[09/06/23 19:31:56:865 UTC]  INFO business.ContentletIndexAPIImpl: Indexing: 48190c8c-42c4-46af-8d1a-0cd5db894797 : demo.dotcms.com, includeDependencies: false, policy: FORCE
[09/06/23 19:31:56:865 UTC]  INFO util.PushPublishLogger: class com.dotcms.enterprise.publishing.remote.handler.ContentHandler : [BundleID: content_type_and_content_demo.tar.gz] Host publish success, ID: 48190c8c-42c4-46af-8d1a-0cd5db894797, Inode: 6e8aca39-937c-437e-91d8-d46b631bdcc8, Name: demo.dotcms.com
[09/06/23 19:31:56:889 UTC]  INFO business.ContentletIndexAPIImpl: Indexing: 48190c8c-42c4-46af-8d1a-0cd5db894797 : demo.dotcms.com, includeDependencies: true, policy: FORCE
[09/06/23 19:31:56:916 UTC]  INFO util.SecurityLogger: class com.dotmarketing.portlets.workflows.business.WorkflowAPIImpl : Workflow Scheme 'System Workflow' [d61a59e1-a49c-46f2-a929-db2b4bfa88b2] has been saved by User ID 'system' -- ip:172.19.0.1,user:Admin User [ID: dotcms.org.1][email:admin@dotcms.com]
[09/06/23 19:31:56:919 UTC]  INFO util.SecurityLogger: class com.dotmarketing.portlets.workflows.business.WorkflowAPIImpl : Workflow Step 'New' [6cb7e3bd-1710-4eed-8838-d3db60f78f19] has been saved by User ID 'system' -- ip:172.19.0.1,user:Admin User [ID: dotcms.org.1][email:admin@dotcms.com]
[09/06/23 19:31:56:922 UTC]  INFO util.SecurityLogger: class com.dotmarketing.portlets.workflows.business.WorkflowAPIImpl : Workflow Step 'Draft' [ee24a4cb-2d15-4c98-b1bd-6327126451f3] has been saved by User ID 'system' -- ip:172.19.0.1,user:Admin User [ID: dotcms.org.1][email:admin@dotcms.com]
[09/06/23 19:31:56:925 UTC]  INFO util.SecurityLogger: class com.dotmarketing.portlets.workflows.business.WorkflowAPIImpl : Workflow Step 'Published' [dc3c9cd0-8467-404b-bf95-cb7df3fbc293] has been saved by User ID 'system' -- ip:172.19.0.1,user:Admin User [ID: dotcms.org.1][email:admin@dotcms.com]
[09/06/23 19:31:56:930 UTC]  INFO util.SecurityLogger: class com.dotmarketing.portlets.workflows.business.WorkflowAPIImpl : Workflow Step 'Archived' [d6b095b6-b65f-4bdb-bbfd-701d663dfee2] has been saved by User ID 'system' -- ip:172.19.0.1,user:Admin User [ID: dotcms.org.1][email:admin@dotcms.com]
[09/06/23 19:31:56:939 UTC]  INFO util.SecurityLogger: class com.dotmarketing.portlets.workflows.business.WorkflowAPIImpl : Action id: '4da13a42-5d59-480c-ad8f-94a3adf809fe' has been reordered by user: system -- ip:172.19.0.1,user:Admin User [ID: dotcms.org.1][email:admin@dotcms.com]
[09/06/23 19:31:56:941 UTC]  WARN business.PermissionCacheImpl:  !!! Putting an empty list of permissions in the cache for asset:4da13a42-5d59-480c-ad8f-94a3adf809fe. Every asset should have at least 1 permission (or inherited permission) associated with it
[09/06/23 19:31:56:948 UTC]  INFO util.SecurityLogger: class com.dotmarketing.portlets.workflows.business.WorkflowAPIImpl : Action id: '963f6a04-5320-42e7-ab74-6d876d199946' has been reordered by user: system -- ip:172.19.0.1,user:Admin User [ID: dotcms.org.1][email:admin@dotcms.com]
[09/06/23 19:31:56:949 UTC]  WARN business.PermissionCacheImpl:  !!! Putting an empty list of permissions in the cache for asset:963f6a04-5320-42e7-ab74-6d876d199946. Every asset should have at least 1 permission (or inherited permission) associated with it
[09/06/23 19:31:56:955 UTC]  INFO util.SecurityLogger: class com.dotmarketing.portlets.workflows.business.WorkflowAPIImpl : Action id: '777f1c6b-c877-4a37-ba4b-10627316c2cc' has been reordered by user: system -- ip:172.19.0.1,user:Admin User [ID: dotcms.org.1][email:admin@dotcms.com]
[09/06/23 19:31:56:957 UTC]  WARN business.PermissionCacheImpl:  !!! Putting an empty list of permissions in the cache for asset:777f1c6b-c877-4a37-ba4b-10627316c2cc. Every asset should have at least 1 permission (or inherited permission) associated with it
[09/06/23 19:31:56:962 UTC]  INFO util.SecurityLogger: class com.dotmarketing.portlets.workflows.business.WorkflowAPIImpl : Action id: '1e0f1c6b-b67f-4c99-983d-db2b4bfa88b2' has been reordered by user: system -- ip:172.19.0.1,user:Admin User [ID: dotcms.org.1][email:admin@dotcms.com]
[09/06/23 19:31:56:964 UTC]  WARN business.PermissionCacheImpl:  !!! Putting an empty list of permissions in the cache for asset:1e0f1c6b-b67f-4c99-983d-db2b4bfa88b2. Every asset should have at least 1 permission (or inherited permission) associated with it
[09/06/23 19:31:56:970 UTC]  INFO util.SecurityLogger: class com.dotmarketing.portlets.workflows.business.WorkflowAPIImpl : Action id: 'b9d89c80-3d88-4311-8365-187323c96436' has been reordered by user: system -- ip:172.19.0.1,user:Admin User [ID: dotcms.org.1][email:admin@dotcms.com]
[09/06/23 19:31:56:972 UTC]  WARN business.PermissionCacheImpl:  !!! Putting an empty list of permissions in the cache for asset:b9d89c80-3d88-4311-8365-187323c96436. Every asset should have at least 1 permission (or inherited permission) associated with it
[09/06/23 19:31:56:978 UTC]  INFO util.SecurityLogger: class com.dotmarketing.portlets.workflows.business.WorkflowAPIImpl : Action id: 'ceca71a0-deee-4999-bd47-b01baa1bcfc8' has been reordered by user: system -- ip:172.19.0.1,user:Admin User [ID: dotcms.org.1][email:admin@dotcms.com]
[09/06/23 19:31:56:980 UTC]  WARN business.PermissionCacheImpl:  !!! Putting an empty list of permissions in the cache for asset:ceca71a0-deee-4999-bd47-b01baa1bcfc8. Every asset should have at least 1 permission (or inherited permission) associated with it
[09/06/23 19:31:56:985 UTC]  INFO util.SecurityLogger: class com.dotmarketing.portlets.workflows.business.WorkflowAPIImpl : Action id: 'c92f9aa1-9503-4567-ac30-d3242b54d02d' has been reordered by user: system -- ip:172.19.0.1,user:Admin User [ID: dotcms.org.1][email:admin@dotcms.com]
[09/06/23 19:31:56:987 UTC]  WARN business.PermissionCacheImpl:  !!! Putting an empty list of permissions in the cache for asset:c92f9aa1-9503-4567-ac30-d3242b54d02d. Every asset should have at least 1 permission (or inherited permission) associated with it
[09/06/23 19:31:56:993 UTC]  INFO util.SecurityLogger: class com.dotmarketing.portlets.workflows.business.WorkflowAPIImpl : Action id: '38efc763-d78f-4e4b-b092-59cd8c579b93' has been reordered by user: system -- ip:172.19.0.1,user:Admin User [ID: dotcms.org.1][email:admin@dotcms.com]
[09/06/23 19:31:56:995 UTC]  WARN business.PermissionCacheImpl:  !!! Putting an empty list of permissions in the cache for asset:38efc763-d78f-4e4b-b092-59cd8c579b93. Every asset should have at least 1 permission (or inherited permission) associated with it
[09/06/23 19:31:57:005 UTC]  INFO util.SecurityLogger: class com.dotmarketing.portlets.workflows.business.WorkflowAPIImpl : The action id: 'ceca71a0-deee-4999-bd47-b01baa1bcfc8' has been saved by the user: system -- ip:172.19.0.1,user:Admin User [ID: dotcms.org.1][email:admin@dotcms.com]
[09/06/23 19:31:57:009 UTC]  INFO util.SecurityLogger: class com.dotmarketing.portlets.workflows.business.WorkflowAPIImpl : The action id: 'b9d89c80-3d88-4311-8365-187323c96436' has been saved by the user: system -- ip:172.19.0.1,user:Admin User [ID: dotcms.org.1][email:admin@dotcms.com]
[09/06/23 19:31:57:016 UTC]  INFO util.SecurityLogger: class com.dotmarketing.portlets.workflows.business.WorkflowAPIImpl : The action id: '777f1c6b-c877-4a37-ba4b-10627316c2cc' has been saved by the user: system -- ip:172.19.0.1,user:Admin User [ID: dotcms.org.1][email:admin@dotcms.com]
[09/06/23 19:31:57:022 UTC]  INFO util.SecurityLogger: class com.dotmarketing.portlets.workflows.business.WorkflowAPIImpl : The action id: 'ceca71a0-deee-4999-bd47-b01baa1bcfc8' has been saved by the user: system -- ip:172.19.0.1,user:Admin User [ID: dotcms.org.1][email:admin@dotcms.com]
[09/06/23 19:31:57:027 UTC]  INFO util.SecurityLogger: class com.dotmarketing.portlets.workflows.business.WorkflowAPIImpl : The action id: '38efc763-d78f-4e4b-b092-59cd8c579b93' has been saved by the user: system -- ip:172.19.0.1,user:Admin User [ID: dotcms.org.1][email:admin@dotcms.com]
[09/06/23 19:31:57:032 UTC]  INFO util.SecurityLogger: class com.dotmarketing.portlets.workflows.business.WorkflowAPIImpl : The action id: '963f6a04-5320-42e7-ab74-6d876d199946' has been saved by the user: system -- ip:172.19.0.1,user:Admin User [ID: dotcms.org.1][email:admin@dotcms.com]
[09/06/23 19:31:57:037 UTC]  INFO util.SecurityLogger: class com.dotmarketing.portlets.workflows.business.WorkflowAPIImpl : The action id: 'b9d89c80-3d88-4311-8365-187323c96436' has been saved by the user: system -- ip:172.19.0.1,user:Admin User [ID: dotcms.org.1][email:admin@dotcms.com]
[09/06/23 19:31:57:041 UTC]  INFO util.SecurityLogger: class com.dotmarketing.portlets.workflows.business.WorkflowAPIImpl : The action id: '4da13a42-5d59-480c-ad8f-94a3adf809fe' has been saved by the user: system -- ip:172.19.0.1,user:Admin User [ID: dotcms.org.1][email:admin@dotcms.com]
[09/06/23 19:31:57:047 UTC]  INFO util.SecurityLogger: class com.dotmarketing.portlets.workflows.business.WorkflowAPIImpl : The action id: '963f6a04-5320-42e7-ab74-6d876d199946' has been saved by the user: system -- ip:172.19.0.1,user:Admin User [ID: dotcms.org.1][email:admin@dotcms.com]
[09/06/23 19:31:57:052 UTC]  INFO util.SecurityLogger: class com.dotmarketing.portlets.workflows.business.WorkflowAPIImpl : The action id: 'ceca71a0-deee-4999-bd47-b01baa1bcfc8' has been saved by the user: system -- ip:172.19.0.1,user:Admin User [ID: dotcms.org.1][email:admin@dotcms.com]
[09/06/23 19:31:57:057 UTC]  INFO util.SecurityLogger: class com.dotmarketing.portlets.workflows.business.WorkflowAPIImpl : The action id: '38efc763-d78f-4e4b-b092-59cd8c579b93' has been saved by the user: system -- ip:172.19.0.1,user:Admin User [ID: dotcms.org.1][email:admin@dotcms.com]
[09/06/23 19:31:57:062 UTC]  INFO util.SecurityLogger: class com.dotmarketing.portlets.workflows.business.WorkflowAPIImpl : The action id: '4da13a42-5d59-480c-ad8f-94a3adf809fe' has been saved by the user: system -- ip:172.19.0.1,user:Admin User [ID: dotcms.org.1][email:admin@dotcms.com]
[09/06/23 19:31:57:067 UTC]  INFO util.SecurityLogger: class com.dotmarketing.portlets.workflows.business.WorkflowAPIImpl : The action id: 'b9d89c80-3d88-4311-8365-187323c96436' has been saved by the user: system -- ip:172.19.0.1,user:Admin User [ID: dotcms.org.1][email:admin@dotcms.com]
[09/06/23 19:31:57:073 UTC]  INFO util.SecurityLogger: class com.dotmarketing.portlets.workflows.business.WorkflowAPIImpl : The action id: 'c92f9aa1-9503-4567-ac30-d3242b54d02d' has been saved by the user: system -- ip:172.19.0.1,user:Admin User [ID: dotcms.org.1][email:admin@dotcms.com]
[09/06/23 19:31:57:078 UTC]  INFO util.SecurityLogger: class com.dotmarketing.portlets.workflows.business.WorkflowAPIImpl : The action id: '777f1c6b-c877-4a37-ba4b-10627316c2cc' has been saved by the user: system -- ip:172.19.0.1,user:Admin User [ID: dotcms.org.1][email:admin@dotcms.com]
[09/06/23 19:31:57:083 UTC]  INFO util.SecurityLogger: class com.dotmarketing.portlets.workflows.business.WorkflowAPIImpl : The action id: '1e0f1c6b-b67f-4c99-983d-db2b4bfa88b2' has been saved by the user: system -- ip:172.19.0.1,user:Admin User [ID: dotcms.org.1][email:admin@dotcms.com]
[09/06/23 19:31:57:192 UTC]  INFO helper.SystemActionMappingsHandlerMerger: The mapping for systemAction: NEW, workflowAction: Optional[WorkflowAction [id=ceca71a0-deee-4999-bd47-b01baa1bcfc8, name=Save, stepId=null, nextStep=ee24a4cb-2d15-4c98-b1bd-6327126451f3]], and scheme: d61a59e1-a49c-46f2-a929-db2b4bfa88b2 has been saved
[09/06/23 19:31:57:196 UTC]  INFO helper.SystemActionMappingsHandlerMerger: The mapping for systemAction: EDIT, workflowAction: Optional[WorkflowAction [id=ceca71a0-deee-4999-bd47-b01baa1bcfc8, name=Save, stepId=null, nextStep=ee24a4cb-2d15-4c98-b1bd-6327126451f3]], and scheme: d61a59e1-a49c-46f2-a929-db2b4bfa88b2 has been saved
[09/06/23 19:31:57:198 UTC]  INFO helper.SystemActionMappingsHandlerMerger: The mapping for systemAction: UNPUBLISH, workflowAction: Optional[WorkflowAction [id=38efc763-d78f-4e4b-b092-59cd8c579b93, name=Unpublish, stepId=null, nextStep=ee24a4cb-2d15-4c98-b1bd-6327126451f3]], and scheme: d61a59e1-a49c-46f2-a929-db2b4bfa88b2 has been saved
[09/06/23 19:31:57:202 UTC]  INFO helper.SystemActionMappingsHandlerMerger: The mapping for systemAction: UNARCHIVE, workflowAction: Optional[WorkflowAction [id=c92f9aa1-9503-4567-ac30-d3242b54d02d, name=Unarchive, stepId=null, nextStep=ee24a4cb-2d15-4c98-b1bd-6327126451f3]], and scheme: d61a59e1-a49c-46f2-a929-db2b4bfa88b2 has been saved
[09/06/23 19:31:57:204 UTC]  INFO helper.SystemActionMappingsHandlerMerger: The mapping for systemAction: PUBLISH, workflowAction: Optional[WorkflowAction [id=b9d89c80-3d88-4311-8365-187323c96436, name=Publish, stepId=null, nextStep=dc3c9cd0-8467-404b-bf95-cb7df3fbc293]], and scheme: d61a59e1-a49c-46f2-a929-db2b4bfa88b2 has been saved
[09/06/23 19:31:57:207 UTC]  INFO helper.SystemActionMappingsHandlerMerger: The mapping for systemAction: ARCHIVE, workflowAction: Optional[WorkflowAction [id=4da13a42-5d59-480c-ad8f-94a3adf809fe, name=Archive, stepId=null, nextStep=d6b095b6-b65f-4bdb-bbfd-701d663dfee2]], and scheme: d61a59e1-a49c-46f2-a929-db2b4bfa88b2 has been saved
[09/06/23 19:31:57:210 UTC]  INFO helper.SystemActionMappingsHandlerMerger: The mapping for systemAction: DESTROY, workflowAction: Optional[WorkflowAction [id=1e0f1c6b-b67f-4c99-983d-db2b4bfa88b2, name=Destroy, stepId=null, nextStep=d6b095b6-b65f-4bdb-bbfd-701d663dfee2]], and scheme: d61a59e1-a49c-46f2-a929-db2b4bfa88b2 has been saved
[09/06/23 19:31:57:213 UTC]  INFO helper.SystemActionMappingsHandlerMerger: The mapping for systemAction: DELETE, workflowAction: Optional[WorkflowAction [id=777f1c6b-c877-4a37-ba4b-10627316c2cc, name=Delete, stepId=null, nextStep=d6b095b6-b65f-4bdb-bbfd-701d663dfee2]], and scheme: d61a59e1-a49c-46f2-a929-db2b4bfa88b2 has been saved
[09/06/23 19:31:57:213 UTC]  INFO util.PushPublishLogger: class com.dotcms.enterprise.publishing.remote.handler.WorkflowHandler : [BundleID: content_type_and_content_demo.tar.gz] Workflow publish success, ID: d61a59e1-a49c-46f2-a929-db2b4bfa88b2, Name: System Workflow
[09/06/23 19:31:57:247 UTC]  INFO util.ActivityLogger: class com.dotcms.contenttype.business.ContentTypeAPIImpl: system : Save ContentType Action , User system/system user system user added ContentType Host to host id:SYSTEM_HOST
[09/06/23 19:31:57:247 UTC]  INFO business.ContentTypeAPIImpl: UserId : system : ContentType : ContentType saved : Host
[09/06/23 19:31:57:247 UTC]  INFO util.AdminLogger: UserId : system : class com.dotcms.contenttype.business.ContentTypeAPIImpl : ContentType : ContentType saved : Host
[09/06/23 19:31:57:249 UTC]  INFO business.FieldAPIImpl: No changes made to field: fields0, returning
[09/06/23 19:31:57:250 UTC]  INFO business.FieldAPIImpl: No changes made to field: fields1, returning
[09/06/23 19:31:57:251 UTC]  INFO business.FieldAPIImpl: No changes made to field: hostName, returning
[09/06/23 19:31:57:252 UTC]  INFO business.FieldAPIImpl: No changes made to field: aliases, returning
[09/06/23 19:31:57:253 UTC]  INFO business.FieldAPIImpl: No changes made to field: isDefault, returning
[09/06/23 19:31:57:254 UTC]  INFO business.FieldAPIImpl: No changes made to field: tagStorage, returning
[09/06/23 19:31:57:277 UTC]  INFO util.ActivityLogger: class com.dotmarketing.util.ActivityLogger: system : Update Field Action , User system/system user modified field Host Thumbnail to Host Structure.
[09/06/23 19:31:57:287 UTC]  INFO business.FieldAPIImpl: No changes made to field: isSystemHost, returning
[09/06/23 19:31:57:288 UTC]  INFO business.FieldAPIImpl: No changes made to field: runDashboard, returning
[09/06/23 19:31:57:289 UTC]  INFO business.FieldAPIImpl: No changes made to field: metaData, returning
[09/06/23 19:31:57:289 UTC]  INFO business.FieldAPIImpl: No changes made to field: keywords, returning
[09/06/23 19:31:57:290 UTC]  INFO business.FieldAPIImpl: No changes made to field: description, returning
[09/06/23 19:31:57:290 UTC]  INFO business.FieldAPIImpl: No changes made to field: siteKeys, returning
[09/06/23 19:31:57:292 UTC]  INFO business.FieldAPIImpl: No changes made to field: googleMap, returning
[09/06/23 19:31:57:293 UTC]  INFO business.FieldAPIImpl: No changes made to field: googleAnalytics, returning
[09/06/23 19:31:57:293 UTC]  INFO business.FieldAPIImpl: No changes made to field: addThis, returning
[09/06/23 19:31:57:294 UTC]  INFO business.FieldAPIImpl: No changes made to field: proxyEditModeUrl, returning
[09/06/23 19:31:57:295 UTC]  INFO business.FieldAPIImpl: No changes made to field: embeddedDashboard, returning
[09/06/23 19:31:57:295 UTC]  INFO util.PushPublishLogger: class com.dotcms.enterprise.publishing.remote.handler.ContentTypeHandler : [BundleID: content_type_and_content_demo.tar.gz] Content Type publish success, ID: 855a2d72-f2f3-4169-8b04-ac5157c4380c, Name: Host
[09/06/23 19:31:57:296 UTC]  INFO util.SecurityLogger: class com.dotmarketing.portlets.workflows.business.WorkflowAPIImpl : Saving schemes [ [WorkflowScheme [id=d61a59e1-a49c-46f2-a929-db2b4bfa88b2, name=System Workflow, archived=false, mandatory=false]] ] for Content Type [ com.dotmarketing.portlets.structure.model.Structure@1692c425[name=Host,description=System hosts information,defaultStructure=false,reviewInterval=<null>,reviewerRole=<null>,pagedetail=<null>,structureType=1,fixed=true,system=true,velocityVarName=Host,urlMapPattern=<null>,host=SYSTEM_HOST,folder=SYSTEM_FOLDER,publishDateVar=<null>,expireDateVar=<null>,modDate=Fri Jun 09 19:31:57 UTC 2023,icon=event_note,sortOrder=0,iDate=Mon Mar 28 15:10:14 UTC 2016,type=structure,owner=<null>,inode=855a2d72-f2f3-4169-8b04-ac5157c4380c,identifier=855a2d72-f2f3-4169-8b04-ac5157c4380c] ] -- ip:172.19.0.1,user:Admin User [ID: dotcms.org.1][email:admin@dotcms.com]
[09/06/23 19:31:57:315 UTC]  INFO util.ActivityLogger: class com.dotcms.contenttype.business.ContentTypeAPIImpl: system : Save ContentType Action , User system/system user system user added ContentType type_2 to host id:48190c8c-42c4-46af-8d1a-0cd5db894797
[09/06/23 19:31:57:315 UTC]  INFO business.ContentTypeAPIImpl: UserId : system : ContentType : ContentType saved : type_2
[09/06/23 19:31:57:315 UTC]  INFO util.AdminLogger: UserId : system : class com.dotcms.contenttype.business.ContentTypeAPIImpl : ContentType : ContentType saved : type_2
[09/06/23 19:31:57:317 UTC]  INFO business.FieldAPIImpl: No changes made to field: fields0, returning
[09/06/23 19:31:57:318 UTC]  INFO business.FieldAPIImpl: No changes made to field: fields1, returning
[09/06/23 19:31:57:319 UTC]  INFO business.FieldAPIImpl: No changes made to field: text1, returning
[09/06/23 19:31:57:319 UTC]  INFO util.PushPublishLogger: class com.dotcms.enterprise.publishing.remote.handler.ContentTypeHandler : [BundleID: content_type_and_content_demo.tar.gz] Content Type publish success, ID: ea533f67-4883-42bb-9701-83293e7313e5, Name: type_2
[09/06/23 19:31:57:320 UTC]  INFO util.SecurityLogger: class com.dotmarketing.portlets.workflows.business.WorkflowAPIImpl : Saving schemes [ [WorkflowScheme [id=d61a59e1-a49c-46f2-a929-db2b4bfa88b2, name=System Workflow, archived=false, mandatory=false]] ] for Content Type [ com.dotmarketing.portlets.structure.model.Structure@62950776[name=type_2,description=<null>,defaultStructure=false,reviewInterval=<null>,reviewerRole=<null>,pagedetail=<null>,structureType=1,fixed=false,system=false,velocityVarName=Type2,urlMapPattern=<null>,host=48190c8c-42c4-46af-8d1a-0cd5db894797,folder=SYSTEM_FOLDER,publishDateVar=<null>,expireDateVar=<null>,modDate=Fri Jun 09 19:31:57 UTC 2023,icon=event_note,sortOrder=0,iDate=Thu Oct 08 17:32:19 UTC 2020,type=structure,owner=<null>,inode=ea533f67-4883-42bb-9701-83293e7313e5,identifier=ea533f67-4883-42bb-9701-83293e7313e5] ] -- ip:172.19.0.1,user:Admin User [ID: dotcms.org.1][email:admin@dotcms.com]
[09/06/23 19:31:57:331 UTC]  INFO util.PushPublishLogger: class com.dotcms.enterprise.publishing.remote.handler.LanguageVariablesHandler : [BundleID: content_type_and_content_demo.tar.gz] Language File publish success, Name: cms_language_en.properties
[09/06/23 19:31:57:332 UTC]  INFO util.PushPublishLogger: class com.dotcms.enterprise.publishing.remote.handler.LanguageVariablesHandler : [BundleID: content_type_and_content_demo.tar.gz] Language File publish success, Name: cms_language_en_US.properties
[09/06/23 19:31:57:332 UTC]  INFO util.PushPublishLogger: class com.dotcms.enterprise.publishing.remote.handler.LanguageVariablesHandler : [BundleID: content_type_and_content_demo.tar.gz] Language File publish success, Name: cms_language_es.properties
[09/06/23 19:31:57:333 UTC]  INFO util.PushPublishLogger: class com.dotcms.enterprise.publishing.remote.handler.LanguageVariablesHandler : [BundleID: content_type_and_content_demo.tar.gz] Language File publish success, Name: cms_language_es_ES.properties
[09/06/23 19:31:57:333 UTC]  INFO util.PushPublishLogger: class com.dotcms.enterprise.publishing.remote.handler.LanguageVariablesHandler : [BundleID: content_type_and_content_demo.tar.gz] Language File publish success, Name: cms_language_fr.properties
[09/06/23 19:31:57:334 UTC]  INFO util.PushPublishLogger: class com.dotcms.enterprise.publishing.remote.handler.LanguageVariablesHandler : [BundleID: content_type_and_content_demo.tar.gz] Language File publish success, Name: cms_language_fr_FR.properties
[09/06/23 19:31:57:335 UTC]  INFO util.PushPublishLogger: class com.dotcms.enterprise.publishing.remote.handler.LanguageVariablesHandler : [BundleID: content_type_and_content_demo.tar.gz] Language File publish success, Name: cms_language_zh.properties
[09/06/23 19:31:57:335 UTC]  INFO util.PushPublishLogger: class com.dotcms.enterprise.publishing.remote.handler.LanguageVariablesHandler : [BundleID: content_type_and_content_demo.tar.gz] Language File publish success, Name: cms_language_zh_CN.properties
[09/06/23 19:31:57:598 UTC]  INFO reindex.ReindexThread: --- Unpausing reindex thread 
[09/06/23 19:31:57:779 UTC]  INFO reindex.BulkProcessorListener: -----------
[09/06/23 19:31:57:780 UTC]  INFO reindex.BulkProcessorListener: Reindexing Server #  : 1 of 1
[09/06/23 19:31:57:780 UTC]  INFO reindex.BulkProcessorListener: Total Indexed        : 0
[09/06/23 19:31:57:781 UTC]  INFO reindex.BulkProcessorListener: ReindexEntries found : 3
[09/06/23 19:31:57:781 UTC]  INFO reindex.BulkProcessorListener: BulkRequests created : 6
[09/06/23 19:31:57:782 UTC]  INFO reindex.BulkProcessorListener: -----------
[09/06/23 19:32:00:041 UTC] ERROR business.PublisherQueueJob: An error occurred when trying to publish bundles: null
java.lang.NullPointerException: null
	at com.dotcms.publisher.business.PublisherQueueJob.updateBundleStatus(PublisherQueueJob.java:328) ~[dotcms_null.jar:?]
	at com.dotcms.publisher.business.PublisherQueueJob.updateAuditStatus(PublisherQueueJob.java:241) ~[dotcms_null.jar:?]
	at com.dotcms.publisher.business.PublisherQueueJob.execute(PublisherQueueJob.java:125) ~[dotcms_null.jar:?]
	at org.quartz.core.JobRunShell.run(JobRunShell.java:223) ~[dot.quartz-all-1.8.6_2.jar:?]
	at org.quartz.simpl.SimpleThreadPool$WorkerThread.run(SimpleThreadPool.java:549) ~[dot.quartz-all-1.8.6_2.jar:?]
[09/06/23 19:32:02:599 UTC]  INFO concurrent.Debouncer: Debouncing : invalidateGraphSchema after 5000 MILLISECONDS
[09/06/23 19:32:03:619 UTC]  INFO util.PushPublishLogger: class com.dotcms.rest.PushPublisherJob : [BundleID: content_type_and_content_demo.tar.gz] Finished bundle publish process
[09/06/23 19:32:03:619 UTC]  INFO rest.PushPublisherJob: Finished bundle publish process
[09/06/23 19:32:06:720 UTC]  INFO util.SecurityLogger: class com.dotmarketing.cms.login.factories.LoginFactory : User admin@dotcms.com has sucessfully logged in from IP: 172.19.0.1 -- ip:172.19.0.1,user:Admin User [ID: dotcms.org.1][email:admin@dotcms.com]
[09/06/23 19:32:06:727 UTC]  INFO rest.BundleResource: Deleting all bundles by the user: dotcms.org.1
[09/06/23 19:32:06:729 UTC]  INFO business.BundleAPIImpl: Deleting all bundles with statuses: [BUNDLE_REQUESTED, BUNDLING, SENDING_TO_ENDPOINTS, FAILED_TO_SEND_TO_ALL_GROUPS, FAILED_TO_SEND_TO_SOME_GROUPS, FAILED_TO_BUNDLE, FAILED_TO_SENT, FAILED_TO_PUBLISH, SUCCESS, BUNDLE_SENT_SUCCESSFULLY, RECEIVED_BUNDLE, PUBLISHING_BUNDLE, WAITING_FOR_PUBLISHING, BUNDLE_SAVED_SUCCESSFULLY, INVALID_TOKEN, LICENSE_REQUIRED, SUCCESS_WITH_WARNINGS, FAILED_INTEGRITY_CHECK]by the user: dotcms.org.1
[09/06/23 19:32:06:730 UTC]  INFO business.BundleAPIImpl: Removing bundle: content_type_and_content_demo and dependencies by: dotcms.org.1
[09/06/23 19:32:06:730 UTC]  INFO business.BundleAPIImpl: Removing audit status for a bundle: content_type_and_content_demo
[09/06/23 19:32:06:730 UTC]  INFO business.PublishAuditAPIImpl: Deleting the bundle: content_type_and_content_demo
[09/06/23 19:32:06:730 UTC]  INFO business.BundleAPIImpl: Removing all assets from bundle: content_type_and_content_demo
[09/06/23 19:32:06:731 UTC]  INFO business.BundleAPIImpl: Removing environments from bundle: content_type_and_content_demo
[09/06/23 19:32:06:731 UTC]  INFO business.BundleAPIImpl: Removing bundle: content_type_and_content_demo
[09/06/23 19:32:06:757 UTC]  INFO business.BundleAPIImpl: Deleted 1 bundles, failed 0 bundles
[09/06/23 19:32:06:766 UTC]  WARN struts.MultiMessageResources: Duplicate resource property definition (key=was ==> is now): contenttypes.content.copy=Copy ==> Copy
[09/06/23 19:32:06:767 UTC]  WARN struts.MultiMessageResources: Duplicate resource property definition (key=was ==> is now): message.category.import=Importing Categories.  This operation cannot be cancelled or undone. ==> IMPORT
[09/06/23 19:32:06:767 UTC]  WARN struts.MultiMessageResources: Duplicate resource property definition (key=was ==> is now): message.containers.create.content_type_code=Content Type Code ==> Content Type Code
[09/06/23 19:32:06:769 UTC]  WARN struts.MultiMessageResources: Duplicate resource property definition (key=was ==> is now): Save=Save ==> Save
[09/06/23 19:32:06:770 UTC]  WARN struts.MultiMessageResources: Duplicate resource property definition (key=was ==> is now): Move=Move ==> Move
[09/06/23 19:32:06:770 UTC]  WARN struts.MultiMessageResources: Duplicate resource property definition (key=was ==> is now): archived=archived ==> Archived
[09/06/23 19:32:10:050 UTC]  INFO delegate.SystemEventsJobDelegate: The event: 0e6b77ff-67bc-4ee9-8f3d-b828e2ee6ab3, has been skipped on the server: 7a5b6680-408d-4f9c-896c-9563aac89e9d
[09/06/23 19:32:10:050 UTC]  INFO delegate.SystemEventsJobDelegate: The event: bec24904-fcc4-4883-a3bf-527065774638, has been skipped on the server: 7a5b6680-408d-4f9c-896c-9563aac89e9d
[09/06/23 19:32:19:808 UTC]  INFO util.SecurityLogger: class com.dotmarketing.cms.login.factories.LoginFactory : User admin@dotcms.com has sucessfully logged in from IP: 172.19.0.1 -- ip:172.19.0.1,user:Admin User [ID: dotcms.org.1][email:admin@dotcms.com]
[09/06/23 19:32:19:814 UTC]  WARN ajax.RemotePublishAjaxAction: Unable to find asset id = [ea533f67-4883-42bb-9701-83293e7313e5]
[09/06/23 19:32:19:819 UTC]  INFO util.PushPublishLogger: class com.dotcms.publisher.business.PublisherAPIImpl : [BundleID: 01H2GTAE75NP02HN1V6VRKXYMT] Asset added to Push Publish Queue. Action: Added by Browsing, Asset Type: contenttype, Asset Id: ea533f67-4883-42bb-9701-83293e7313e5, User: dotcms.org.1
[09/06/23 19:32:22:910 UTC]  INFO util.SecurityLogger: class com.dotmarketing.cms.login.factories.LoginFactory : User admin@dotcms.com has sucessfully logged in from IP: 172.19.0.1 -- ip:172.19.0.1,user:Admin User [ID: dotcms.org.1][email:admin@dotcms.com]
[09/06/23 19:32:24:961 UTC]  INFO business.PublisherQueueJob: 
[09/06/23 19:32:24:961 UTC]  INFO business.PublisherQueueJob: Found 1 bundle(s) to process.
[09/06/23 19:32:24:961 UTC]  INFO business.PublisherQueueJob: 
[09/06/23 19:32:24:961 UTC]  INFO business.PublisherQueueJob: Processing bundle: ID: 01H2GTAE75NP02HN1V6VRKXYMT. Status: Starting. Publish Date: 2020-09-10 17:14:00.0
[09/06/23 19:32:24:962 UTC]  INFO util.PushPublishLogger: class com.dotcms.publisher.business.PublishAuditStatus : Status Update: Pending.
[09/06/23 19:32:24:962 UTC]  INFO util.PushPublishLogger: class com.dotcms.publisher.business.PublisherQueueJob : Pre-publish work started.
[09/06/23 19:32:24:967 UTC]  INFO util.PushPublishLogger: class com.dotcms.publisher.business.PublisherQueueJob : Pre-publish work complete.
[09/06/23 19:32:24:967 UTC]  INFO util.PushPublishLogger: class com.dotcms.publishing.PublisherAPIImpl : [BundleID: 01H2GTAE75NP02HN1V6VRKXYMT] Started Publishing Task
[09/06/23 19:32:24:969 UTC]  INFO publishing.PublisherAPIImpl: Start of Bundler: DependencyBundler
[09/06/23 19:32:34:001 UTC]  INFO dependencies.ConcurrentDependencyProcessor: DependencyProcessor Finished
[09/06/23 19:32:34:001 UTC]  INFO publishing.PublisherAPIImpl: End of Bundler: DependencyBundler
[09/06/23 19:32:34:001 UTC]  INFO publishing.PublisherAPIImpl: Start of Bundler: HostBundler
[09/06/23 19:32:34:004 UTC]  INFO util.PushPublishLogger: class com.dotcms.enterprise.publishing.remote.bundler.HostBundler : Status Update: Bundling.
[09/06/23 19:32:34:028 UTC]  INFO bundler.HostBundler: Searching for ContentletVersionInfo. Identifier: 48190c8c-42c4-46af-8d1a-0cd5db894797. Language:1
[09/06/23 19:32:34:037 UTC]  INFO util.PushPublishLogger: class com.dotcms.enterprise.publishing.remote.bundler.HostBundler : Status Update: Bundling.
[09/06/23 19:32:34:038 UTC]  INFO publishing.PublisherAPIImpl: End of Bundler: HostBundler
[09/06/23 19:32:34:038 UTC]  INFO publishing.PublisherAPIImpl: Start of Bundler: ContentBundler
[09/06/23 19:32:34:040 UTC]  INFO util.PushPublishLogger: class com.dotcms.enterprise.publishing.remote.bundler.ContentBundler : Status Update: Bundling.
[09/06/23 19:32:34:041 UTC]  INFO util.PushPublishLogger: class com.dotcms.enterprise.publishing.remote.bundler.ContentBundler : Status Update: Bundling.
[09/06/23 19:32:34:042 UTC]  INFO publishing.PublisherAPIImpl: End of Bundler: ContentBundler
[09/06/23 19:32:34:042 UTC]  INFO publishing.PublisherAPIImpl: Start of Bundler: FolderBundler
[09/06/23 19:32:34:042 UTC]  INFO publishing.PublisherAPIImpl: End of Bundler: FolderBundler
[09/06/23 19:32:34:042 UTC]  INFO publishing.PublisherAPIImpl: Start of Bundler: TemplateBundler
[09/06/23 19:32:34:042 UTC]  INFO publishing.PublisherAPIImpl: End of Bundler: TemplateBundler
[09/06/23 19:32:34:043 UTC]  INFO publishing.PublisherAPIImpl: Start of Bundler: ContainerBundler
[09/06/23 19:32:34:043 UTC]  INFO publishing.PublisherAPIImpl: End of Bundler: ContainerBundler
[09/06/23 19:32:34:043 UTC]  INFO publishing.PublisherAPIImpl: Start of Bundler: RuleBundler
[09/06/23 19:32:34:043 UTC]  INFO publishing.PublisherAPIImpl: End of Bundler: RuleBundler
[09/06/23 19:32:34:043 UTC]  INFO publishing.PublisherAPIImpl: Start of Bundler: LinkBundler
[09/06/23 19:32:34:043 UTC]  INFO publishing.PublisherAPIImpl: End of Bundler: LinkBundler
[09/06/23 19:32:34:043 UTC]  INFO publishing.PublisherAPIImpl: Start of Bundler: ContentTypeBundler
[09/06/23 19:32:34:054 UTC]  INFO publishing.PublisherAPIImpl: End of Bundler: ContentTypeBundler
[09/06/23 19:32:34:054 UTC]  INFO publishing.PublisherAPIImpl: Start of Bundler: RelationshipBundler
[09/06/23 19:32:34:054 UTC]  INFO publishing.PublisherAPIImpl: End of Bundler: RelationshipBundler
[09/06/23 19:32:34:054 UTC]  INFO publishing.PublisherAPIImpl: Start of Bundler: LanguageVariablesBundler
[09/06/23 19:32:34:056 UTC]  WARN util.FileUtil: /data/shared/assets/messages/cms_language_en_US.properties is empty
[09/06/23 19:32:34:057 UTC]  WARN util.FileUtil: /data/shared/assets/messages/cms_language_es_ES.properties is empty
[09/06/23 19:32:34:058 UTC]  WARN util.FileUtil: /data/shared/assets/messages/cms_language_fr_FR.properties is empty
[09/06/23 19:32:34:059 UTC]  WARN util.FileUtil: /data/shared/assets/messages/cms_language_zh_CN.properties is empty
[09/06/23 19:32:34:060 UTC]  INFO publishing.PublisherAPIImpl: End of Bundler: LanguageVariablesBundler
[09/06/23 19:32:34:060 UTC]  INFO publishing.PublisherAPIImpl: Start of Bundler: WorkflowBundler
[09/06/23 19:32:34:123 UTC]  INFO publishing.PublisherAPIImpl: End of Bundler: WorkflowBundler
[09/06/23 19:32:34:124 UTC]  INFO publishing.PublisherAPIImpl: Start of Bundler: LanguageBundler
[09/06/23 19:32:34:125 UTC]  INFO publishing.PublisherAPIImpl: End of Bundler: LanguageBundler
[09/06/23 19:32:34:125 UTC]  INFO publishing.PublisherAPIImpl: Start of Bundler: BundleXMLAsc
[09/06/23 19:32:34:125 UTC]  INFO publishing.PublisherAPIImpl: End of Bundler: BundleXMLAsc
[09/06/23 19:32:34:126 UTC]  INFO publishing.PublisherAPIImpl: Start of Bundler: CategoryBundler
[09/06/23 19:32:34:126 UTC]  INFO publishing.PublisherAPIImpl: End of Bundler: CategoryBundler
[09/06/23 19:32:34:202 UTC]  INFO util.PushPublishLogger: class com.dotcms.publisher.pusher.PushPublisher : Status Update: Sending to all environments
[09/06/23 19:32:34:209 UTC]  INFO util.PushPublishLogger: class com.dotcms.publisher.pusher.PushPublisher : Status Update: Sending Bundle
[09/06/23 19:32:34:250 UTC]  INFO pusher.AuthCredentialPushPublishUtil: Is JWT in Push publish avaible?: false
[09/06/23 19:32:34:251 UTC]  INFO pusher.AuthCredentialPushPublishUtil: PublishingEndPoint: receiver-1686339041145
[09/06/23 19:32:34:252 UTC]  INFO pusher.AuthCredentialPushPublishUtil: PublishingEndPoint key: Optional[pmWkWSBCL51Bfkhn79xPuKBKHz//H6B+mY6G9/eieuM=]
[09/06/23 19:32:34:253 UTC]  INFO pusher.AuthCredentialPushPublishUtil: Token from request: 8SNNdReNiSoTOkEDVaWpkM910vM+uiXVdZQ9TfYy86Q=
[09/06/23 19:32:34:254 UTC] ERROR rest.IntegrityResource: Receiver at localhost:8080:> Authentication Token is invalid for ip: 127.0.0.1
[09/06/23 19:32:40:266 UTC]  INFO util.PushPublishLogger: class com.dotcms.publisher.pusher.PushPublisher : Invalid token
[09/06/23 19:32:41:038 UTC]  INFO util.SecurityLogger: class com.dotmarketing.cms.login.factories.LoginFactory : User admin@dotcms.com has sucessfully logged in from IP: 172.19.0.1 -- ip:172.19.0.1,user:Admin User [ID: dotcms.org.1][email:admin@dotcms.com]
[09/06/23 19:32:43:280 UTC]  INFO util.PushPublishLogger: class com.dotcms.publishing.PublisherAPIImpl : [BundleID: 01H2GTAE75NP02HN1V6VRKXYMT] Completed Publishing Task
[09/06/23 19:32:46:063 UTC]  WARN auth.PrincipalThreadLocal: getName null
[09/06/23 19:32:46:068 UTC]  INFO util.SecurityLogger: class com.dotcms.cms.login.LoginServiceAPIFactory$LoginServiceImpl : User dotcms.org.1 has successfully login from IP: 172.19.0.1 -- ip:172.19.0.1,user:Admin User [ID: dotcms.org.1][email:admin@dotcms.com]
[09/06/23 19:32:46:227 UTC]  INFO pusher.AuthCredentialPushPublishUtil: Is JWT in Push publish avaible?: false
[09/06/23 19:32:46:228 UTC]  INFO pusher.AuthCredentialPushPublishUtil: PublishingEndPoint: null
[09/06/23 19:32:46:228 UTC]  WARN pusher.PushPublisher: Endpoint or endpoint key is null:null
[09/06/23 19:32:46:228 UTC]  INFO pusher.AuthCredentialPushPublishUtil: PublishingEndPoint key: Optional.empty
[09/06/23 19:32:46:229 UTC] ERROR rest.IntegrityResource: Receiver at 6ffba9042858:8080:> Authentication Token is invalid for ip: 172.19.0.1
[09/06/23 19:32:50:257 UTC]  WARN auth.PrincipalThreadLocal: getName null
[09/06/23 19:32:50:258 UTC]  INFO util.SecurityLogger: class com.dotcms.cms.login.LoginServiceAPIFactory$LoginServiceImpl : User dotcms.org.1 has successfully login from IP: 172.19.0.1 -- ip:172.19.0.1,user:Admin User [ID: dotcms.org.1][email:admin@dotcms.com]
[09/06/23 19:32:52:347 UTC]  INFO pusher.AuthCredentialPushPublishUtil: Is JWT in Push publish avaible?: false
[09/06/23 19:32:52:347 UTC]  INFO pusher.AuthCredentialPushPublishUtil: PublishingEndPoint: null
[09/06/23 19:32:52:347 UTC]  WARN pusher.PushPublisher: Endpoint or endpoint key is null:null
[09/06/23 19:32:52:348 UTC]  INFO pusher.AuthCredentialPushPublishUtil: PublishingEndPoint key: Optional.empty
[09/06/23 19:32:52:348 UTC] ERROR rest.IntegrityResource: Receiver at 6ffba9042858:8080:> Authentication Token is invalid for ip: 172.19.0.1
[09/06/23 19:32:52:418 UTC]  INFO pusher.AuthCredentialPushPublishUtil: Is JWT in Push publish avaible?: false
[09/06/23 19:32:52:419 UTC]  INFO pusher.AuthCredentialPushPublishUtil: PublishingEndPoint: null
[09/06/23 19:32:52:419 UTC]  WARN pusher.PushPublisher: Endpoint or endpoint key is null:null
[09/06/23 19:32:52:419 UTC]  INFO pusher.AuthCredentialPushPublishUtil: PublishingEndPoint key: Optional.empty
[09/06/23 19:32:52:419 UTC] ERROR rest.IntegrityResource: Receiver at 6ffba9042858:8080:> Authentication Token is invalid for ip: 172.19.0.1
[09/06/23 19:32:52:464 UTC]  INFO pusher.AuthCredentialPushPublishUtil: Is JWT in Push publish avaible?: false
[09/06/23 19:32:52:464 UTC]  INFO pusher.AuthCredentialPushPublishUtil: PublishingEndPoint: null
[09/06/23 19:32:52:464 UTC]  WARN pusher.PushPublisher: Endpoint or endpoint key is null:null
[09/06/23 19:32:52:464 UTC]  INFO pusher.AuthCredentialPushPublishUtil: PublishingEndPoint key: Optional.empty
[09/06/23 19:32:52:464 UTC] ERROR rest.IntegrityResource: Receiver at 6ffba9042858:8080:> Authentication Token is invalid for ip: 172.19.0.1
[09/06/23 19:32:56:207 UTC]  WARN auth.PrincipalThreadLocal: getName dotcms.org.1
[09/06/23 19:32:56:209 UTC]  INFO util.SecurityLogger: class com.dotcms.cms.login.LoginServiceAPIFactory$LoginServiceImpl : User dotcms.org.1 has successfully login from IP: 172.19.0.1 -- ip:172.19.0.1,user:Admin User [ID: dotcms.org.1][email:admin@dotcms.com]
[09/06/23 19:32:56:296 UTC] ERROR rest.BundlePublisherResource: Push Publishing failed from 172.19.0.1 bundle expected
[09/06/23 19:32:56:342 UTC]  INFO pusher.AuthCredentialPushPublishUtil: Is JWT in Push publish avaible?: false
[09/06/23 19:32:56:342 UTC]  INFO pusher.AuthCredentialPushPublishUtil: PublishingEndPoint: null
[09/06/23 19:32:56:342 UTC]  WARN pusher.PushPublisher: Endpoint or endpoint key is null:null
[09/06/23 19:32:56:342 UTC]  INFO pusher.AuthCredentialPushPublishUtil: PublishingEndPoint key: Optional.empty
[09/06/23 19:32:56:344 UTC] ERROR rest.IntegrityResource: Receiver at 6ffba9042858:8080:> Authentication Token is invalid for ip: 172.19.0.1
[09/06/23 19:33:00:133 UTC]  INFO business.PublisherQueueJob: ===========================================================
[09/06/23 19:33:00:133 UTC]  INFO business.PublisherQueueJob: For bundle '01H2GTAE75NP02HN1V6VRKXYMT':
[09/06/23 19:33:00:133 UTC]  INFO business.PublisherQueueJob: -> Status             : WAITING_FOR_PUBLISHING [13]
[09/06/23 19:33:00:133 UTC]  INFO business.PublisherQueueJob: ===========================================================
[09/06/23 19:33:01:268 UTC]  WARN auth.PrincipalThreadLocal: getName dotcms.org.1
[09/06/23 19:33:01:271 UTC]  INFO util.SecurityLogger: class com.dotcms.cms.login.LoginServiceAPIFactory$LoginServiceImpl : User dotcms.org.1 has successfully login from IP: 172.19.0.1 -- ip:172.19.0.1,user:Admin User [ID: dotcms.org.1][email:admin@dotcms.com]
[09/06/23 19:33:04:338 UTC]  INFO util.SecurityLogger: class com.dotmarketing.cms.login.factories.LoginFactory : User admin@dotcms.com has sucessfully logged in from IP: 172.19.0.1 -- ip:172.19.0.1,user:Admin User [ID: dotcms.org.1][email:admin@dotcms.com]
[09/06/23 19:33:07:388 UTC]  INFO util.SecurityLogger: class com.dotmarketing.cms.login.factories.LoginFactory : User admin@dotcms.com has sucessfully logged in from IP: 172.19.0.1 -- ip:172.19.0.1,user:Admin User [ID: dotcms.org.1][email:admin@dotcms.com]
[09/06/23 19:33:07:655 UTC]  INFO publishing.PublisherAPIImpl: Push Publishing Filters Directory: Lazy(/data/shared/assets/server/publishing-filters)
[09/06/23 19:33:07:657 UTC]  INFO publishing.PublisherAPIImpl: Loading Push Publish Filter: ShallowPush.yml
[09/06/23 19:33:07:661 UTC]  INFO publishing.PublisherAPIImpl: FilterDescriptor{key=ShallowPush.yml, title=Only Selected Items, sort=5, default=false, roles=DOTCMS_BACK_END_USER, filters{{excludeQuery=, excludeClasses=[], dependencies=false, excludeDependencyQuery=, excludeDependencyClasses=[], forcePush=false, relationships=false}}}
[09/06/23 19:33:07:662 UTC]  INFO publishing.PublisherAPIImpl: Loading Push Publish Filter: NoWorkflow.yml
[09/06/23 19:33:07:673 UTC]  INFO publishing.PublisherAPIImpl: FilterDescriptor{key=NoWorkflow.yml, title=Push without Wofklows, sort=1000, default=false, roles=DOTCMS_BACK_END_USER, filters{{excludeQuery=, excludeClasses=[Host, Workflow, OSGI], dependencies=true, excludeDependencyQuery=, excludeDependencyClasses=[Host, Workflow], forcePush=false, relationships=false}}}
[09/06/23 19:33:07:674 UTC]  INFO publishing.PublisherAPIImpl: Loading Push Publish Filter: Intelligent.yml
[09/06/23 19:33:07:680 UTC]  INFO publishing.PublisherAPIImpl: FilterDescriptor{key=Intelligent.yml, title=Everything and Dependencies, sort=3, default=true, roles=DOTCMS_BACK_END_USER, filters{{excludeQuery=, excludeClasses=[], dependencies=true, excludeDependencyQuery=, excludeDependencyClasses=[], forcePush=false, relationships=true}}}
[09/06/23 19:33:07:681 UTC]  INFO publishing.PublisherAPIImpl: Loading Push Publish Filter: ForcePush.yml
[09/06/23 19:33:07:683 UTC]  INFO publishing.PublisherAPIImpl: FilterDescriptor{key=ForcePush.yml, title=Force Push Everything, sort=4, default=false, roles=DOTCMS_BACK_END_USER, filters{{excludeQuery=, excludeClasses=[], dependencies=true, excludeDependencyQuery=, excludeDependencyClasses=[], forcePush=true, relationships=true}}}
[09/06/23 19:33:07:684 UTC]  INFO publishing.PublisherAPIImpl: Loading Push Publish Filter: ContentOnly.yml
[09/06/23 19:33:07:686 UTC]  INFO publishing.PublisherAPIImpl: FilterDescriptor{key=ContentOnly.yml, title=Content and Relationships, sort=1, default=false, roles=DOTCMS_BACK_END_USER, filters{{excludeQuery=, excludeClasses=[ContentType, Template, Containers, Folder, Host, Links, Workflow, Language, Rule, User, OSGI], dependencies=true, excludeDependencyQuery=, excludeDependencyClasses=[ContentType, Template, Containers, Folder, Host, Links, Workflow, Language, Rule], forcePush=false, relationships=true}}}
[09/06/23 19:33:07:687 UTC]  INFO publishing.PublisherAPIImpl: Loading Push Publish Filter: WebContentOnly.yml
[09/06/23 19:33:07:689 UTC]  INFO publishing.PublisherAPIImpl: FilterDescriptor{key=WebContentOnly.yml, title=Content, Assets and Pages, sort=2, default=false, roles=DOTCMS_BACK_END_USER, filters{{excludeQuery=, excludeClasses=[Host, Workflow, ContentType, User, OSGI, Language], dependencies=true, excludeDependencyQuery=, excludeDependencyClasses=[Host, Workflow, ContentType, Language], forcePush=false, relationships=true}}}
[09/06/23 19:33:10:732 UTC]  INFO util.SecurityLogger: class com.dotmarketing.cms.login.factories.LoginFactory : User admin@dotcms.com has sucessfully logged in from IP: 172.19.0.1 -- ip:172.19.0.1,user:Admin User [ID: dotcms.org.1][email:admin@dotcms.com]
[09/06/23 19:33:10:746 UTC]  INFO publishing.PublisherAPIImpl: Push Publishing Filters Directory: Lazy(/data/shared/assets/server/publishing-filters)
[09/06/23 19:33:10:746 UTC]  INFO publishing.PublisherAPIImpl: Loading Push Publish Filter: ShallowPush.yml
[09/06/23 19:33:10:751 UTC]  INFO publishing.PublisherAPIImpl: FilterDescriptor{key=ShallowPush.yml, title=Only Selected Items, sort=5, default=false, roles=DOTCMS_BACK_END_USER, filters{{excludeQuery=, excludeClasses=[], dependencies=false, excludeDependencyQuery=, excludeDependencyClasses=[], forcePush=false, relationships=false}}}
[09/06/23 19:33:10:751 UTC]  INFO publishing.PublisherAPIImpl: Loading Push Publish Filter: NoWorkflow.yml
[09/06/23 19:33:10:752 UTC]  INFO publishing.PublisherAPIImpl: FilterDescriptor{key=NoWorkflow.yml, title=Push without Wofklows, sort=1000, default=false, roles=DOTCMS_BACK_END_USER, filters{{excludeQuery=, excludeClasses=[Host, Workflow, OSGI], dependencies=true, excludeDependencyQuery=, excludeDependencyClasses=[Host, Workflow], forcePush=false, relationships=false}}}
[09/06/23 19:33:10:753 UTC]  INFO publishing.PublisherAPIImpl: Loading Push Publish Filter: Intelligent.yml
[09/06/23 19:33:10:754 UTC]  INFO publishing.PublisherAPIImpl: FilterDescriptor{key=Intelligent.yml, title=Everything and Dependencies, sort=3, default=true, roles=DOTCMS_BACK_END_USER, filters{{excludeQuery=, excludeClasses=[], dependencies=true, excludeDependencyQuery=, excludeDependencyClasses=[], forcePush=false, relationships=true}}}
[09/06/23 19:33:10:754 UTC]  INFO publishing.PublisherAPIImpl: Loading Push Publish Filter: ForcePush.yml
[09/06/23 19:33:10:755 UTC]  INFO publishing.PublisherAPIImpl: FilterDescriptor{key=ForcePush.yml, title=Force Push Everything, sort=4, default=false, roles=DOTCMS_BACK_END_USER, filters{{excludeQuery=, excludeClasses=[], dependencies=true, excludeDependencyQuery=, excludeDependencyClasses=[], forcePush=true, relationships=true}}}
[09/06/23 19:33:10:755 UTC]  INFO publishing.PublisherAPIImpl: Loading Push Publish Filter: TestPPFilter.yml
[09/06/23 19:33:10:757 UTC]  INFO publishing.PublisherAPIImpl: FilterDescriptor{key=TestPPFilter.yml, title=Force Push Everything, sort=20, default=false, roles=DOTCMS_BACK_END_USER, filters{{excludeQuery=, excludeClasses=[], dependencies=true, excludeDependencyQuery=, excludeDependencyClasses=[], forcePush=true, relationships=true}}}
[09/06/23 19:33:10:762 UTC]  INFO publishing.PublisherAPIImpl: Loading Push Publish Filter: ContentOnly.yml
[09/06/23 19:33:10:766 UTC]  INFO publishing.PublisherAPIImpl: FilterDescriptor{key=ContentOnly.yml, title=Content and Relationships, sort=1, default=false, roles=DOTCMS_BACK_END_USER, filters{{excludeQuery=, excludeClasses=[ContentType, Template, Containers, Folder, Host, Links, Workflow, Language, Rule, User, OSGI], dependencies=true, excludeDependencyQuery=, excludeDependencyClasses=[ContentType, Template, Containers, Folder, Host, Links, Workflow, Language, Rule], forcePush=false, relationships=true}}}
[09/06/23 19:33:10:766 UTC]  INFO publishing.PublisherAPIImpl: Loading Push Publish Filter: WebContentOnly.yml
[09/06/23 19:33:10:767 UTC]  INFO publishing.PublisherAPIImpl: FilterDescriptor{key=WebContentOnly.yml, title=Content, Assets and Pages, sort=2, default=false, roles=DOTCMS_BACK_END_USER, filters{{excludeQuery=, excludeClasses=[Host, Workflow, ContentType, User, OSGI, Language], dependencies=true, excludeDependencyQuery=, excludeDependencyClasses=[Host, Workflow, ContentType, Language], forcePush=false, relationships=true}}}
[09/06/23 19:33:13:807 UTC]  INFO util.SecurityLogger: class com.dotmarketing.cms.login.factories.LoginFactory : User admin@dotcms.com has sucessfully logged in from IP: 172.19.0.1 -- ip:172.19.0.1,user:Admin User [ID: dotcms.org.1][email:admin@dotcms.com]
[09/06/23 19:33:13:814 UTC]  INFO publishing.PublisherAPIImpl: Push Publishing Filters Directory: Lazy(/data/shared/assets/server/publishing-filters)
[09/06/23 19:33:13:814 UTC]  INFO publishing.PublisherAPIImpl: Loading Push Publish Filter: ShallowPush.yml
[09/06/23 19:33:13:815 UTC]  INFO publishing.PublisherAPIImpl: FilterDescriptor{key=ShallowPush.yml, title=Only Selected Items, sort=5, default=false, roles=DOTCMS_BACK_END_USER, filters{{excludeQuery=, excludeClasses=[], dependencies=false, excludeDependencyQuery=, excludeDependencyClasses=[], forcePush=false, relationships=false}}}
[09/06/23 19:33:13:815 UTC]  INFO publishing.PublisherAPIImpl: Loading Push Publish Filter: NoWorkflow.yml
[09/06/23 19:33:13:817 UTC]  INFO publishing.PublisherAPIImpl: FilterDescriptor{key=NoWorkflow.yml, title=Push without Wofklows Updated., sort=0, default=false, roles=DOTCMS_BACK_END_USER, filters{{excludeQuery=, excludeClasses=[Host, Workflow, OSGI], dependencies=true, excludeDependencyQuery=, excludeDependencyClasses=[Host, Workflow], forcePush=false, relationships=false}}}
[09/06/23 19:33:13:817 UTC]  INFO publishing.PublisherAPIImpl: Loading Push Publish Filter: Intelligent.yml
[09/06/23 19:33:13:819 UTC]  INFO publishing.PublisherAPIImpl: FilterDescriptor{key=Intelligent.yml, title=Everything and Dependencies, sort=3, default=true, roles=DOTCMS_BACK_END_USER, filters{{excludeQuery=, excludeClasses=[], dependencies=true, excludeDependencyQuery=, excludeDependencyClasses=[], forcePush=false, relationships=true}}}
[09/06/23 19:33:13:819 UTC]  INFO publishing.PublisherAPIImpl: Loading Push Publish Filter: ForcePush.yml
[09/06/23 19:33:13:821 UTC]  INFO publishing.PublisherAPIImpl: FilterDescriptor{key=ForcePush.yml, title=Force Push Everything, sort=4, default=false, roles=DOTCMS_BACK_END_USER, filters{{excludeQuery=, excludeClasses=[], dependencies=true, excludeDependencyQuery=, excludeDependencyClasses=[], forcePush=true, relationships=true}}}
[09/06/23 19:33:13:821 UTC]  INFO publishing.PublisherAPIImpl: Loading Push Publish Filter: TestPPFilter.yml
[09/06/23 19:33:13:822 UTC]  INFO publishing.PublisherAPIImpl: FilterDescriptor{key=TestPPFilter.yml, title=Force Push Everything, sort=20, default=false, roles=DOTCMS_BACK_END_USER, filters{{excludeQuery=, excludeClasses=[], dependencies=true, excludeDependencyQuery=, excludeDependencyClasses=[], forcePush=true, relationships=true}}}
[09/06/23 19:33:13:823 UTC]  INFO publishing.PublisherAPIImpl: Loading Push Publish Filter: ContentOnly.yml
[09/06/23 19:33:13:824 UTC]  INFO publishing.PublisherAPIImpl: FilterDescriptor{key=ContentOnly.yml, title=Content and Relationships, sort=1, default=false, roles=DOTCMS_BACK_END_USER, filters{{excludeQuery=, excludeClasses=[ContentType, Template, Containers, Folder, Host, Links, Workflow, Language, Rule, User, OSGI], dependencies=true, excludeDependencyQuery=, excludeDependencyClasses=[ContentType, Template, Containers, Folder, Host, Links, Workflow, Language, Rule], forcePush=false, relationships=true}}}
[09/06/23 19:33:13:824 UTC]  INFO publishing.PublisherAPIImpl: Loading Push Publish Filter: WebContentOnly.yml
[09/06/23 19:33:13:827 UTC]  INFO publishing.PublisherAPIImpl: FilterDescriptor{key=WebContentOnly.yml, title=Content, Assets and Pages, sort=2, default=false, roles=DOTCMS_BACK_END_USER, filters{{excludeQuery=, excludeClasses=[Host, Workflow, ContentType, User, OSGI, Language], dependencies=true, excludeDependencyQuery=, excludeDependencyClasses=[Host, Workflow, ContentType, Language], forcePush=false, relationships=true}}}
[09/06/23 19:33:16:874 UTC]  INFO util.SecurityLogger: class com.dotmarketing.cms.login.factories.LoginFactory : User admin@dotcms.com has sucessfully logged in from IP: 172.19.0.1 -- ip:172.19.0.1,user:Admin User [ID: dotcms.org.1][email:admin@dotcms.com]
[09/06/23 19:33:16:881 UTC]  INFO publishing.PublisherAPIImpl: Push Publishing Filters Directory: Lazy(/data/shared/assets/server/publishing-filters)
[09/06/23 19:33:16:881 UTC]  INFO publishing.PublisherAPIImpl: Loading Push Publish Filter: ShallowPush.yml
[09/06/23 19:33:16:884 UTC]  INFO publishing.PublisherAPIImpl: FilterDescriptor{key=ShallowPush.yml, title=Only Selected Items, sort=5, default=false, roles=DOTCMS_BACK_END_USER, filters{{excludeQuery=, excludeClasses=[], dependencies=false, excludeDependencyQuery=, excludeDependencyClasses=[], forcePush=false, relationships=false}}}
[09/06/23 19:33:16:884 UTC]  INFO publishing.PublisherAPIImpl: Loading Push Publish Filter: NoWorkflow.yml
[09/06/23 19:33:16:888 UTC]  INFO publishing.PublisherAPIImpl: FilterDescriptor{key=NoWorkflow.yml, title=Push without Wofklows Updated., sort=0, default=false, roles=DOTCMS_BACK_END_USER, filters{{excludeQuery=, excludeClasses=[Host, Workflow, OSGI], dependencies=true, excludeDependencyQuery=, excludeDependencyClasses=[Host, Workflow], forcePush=false, relationships=false}}}
[09/06/23 19:33:16:888 UTC]  INFO publishing.PublisherAPIImpl: Loading Push Publish Filter: Intelligent.yml
[09/06/23 19:33:16:889 UTC]  INFO publishing.PublisherAPIImpl: FilterDescriptor{key=Intelligent.yml, title=Everything and Dependencies, sort=3, default=true, roles=DOTCMS_BACK_END_USER, filters{{excludeQuery=, excludeClasses=[], dependencies=true, excludeDependencyQuery=, excludeDependencyClasses=[], forcePush=false, relationships=true}}}
[09/06/23 19:33:16:889 UTC]  INFO publishing.PublisherAPIImpl: Loading Push Publish Filter: ForcePush.yml
[09/06/23 19:33:16:892 UTC]  INFO publishing.PublisherAPIImpl: FilterDescriptor{key=ForcePush.yml, title=Force Push Everything, sort=4, default=false, roles=DOTCMS_BACK_END_USER, filters{{excludeQuery=, excludeClasses=[], dependencies=true, excludeDependencyQuery=, excludeDependencyClasses=[], forcePush=true, relationships=true}}}
[09/06/23 19:33:16:892 UTC]  INFO publishing.PublisherAPIImpl: Loading Push Publish Filter: TestPPFilter.yml
[09/06/23 19:33:16:894 UTC]  INFO publishing.PublisherAPIImpl: FilterDescriptor{key=TestPPFilter.yml, title=Force Push Everything, sort=20, default=false, roles=DOTCMS_BACK_END_USER, filters{{excludeQuery=, excludeClasses=[], dependencies=true, excludeDependencyQuery=, excludeDependencyClasses=[], forcePush=true, relationships=true}}}
[09/06/23 19:33:16:894 UTC]  INFO publishing.PublisherAPIImpl: Loading Push Publish Filter: ContentOnly.yml
[09/06/23 19:33:16:896 UTC]  INFO publishing.PublisherAPIImpl: FilterDescriptor{key=ContentOnly.yml, title=Content and Relationships, sort=1, default=false, roles=DOTCMS_BACK_END_USER, filters{{excludeQuery=, excludeClasses=[ContentType, Template, Containers, Folder, Host, Links, Workflow, Language, Rule, User, OSGI], dependencies=true, excludeDependencyQuery=, excludeDependencyClasses=[ContentType, Template, Containers, Folder, Host, Links, Workflow, Language, Rule], forcePush=false, relationships=true}}}
[09/06/23 19:33:16:896 UTC]  INFO publishing.PublisherAPIImpl: Loading Push Publish Filter: WebContentOnly.yml
[09/06/23 19:33:16:897 UTC]  INFO publishing.PublisherAPIImpl: FilterDescriptor{key=WebContentOnly.yml, title=Content, Assets and Pages, sort=2, default=false, roles=DOTCMS_BACK_END_USER, filters{{excludeQuery=, excludeClasses=[Host, Workflow, ContentType, User, OSGI, Language], dependencies=true, excludeDependencyQuery=, excludeDependencyClasses=[Host, Workflow, ContentType, Language], forcePush=false, relationships=true}}}
[09/06/23 19:33:19:942 UTC]  INFO util.SecurityLogger: class com.dotmarketing.cms.login.factories.LoginFactory : User admin@dotcms.com has sucessfully logged in from IP: 172.19.0.1 -- ip:172.19.0.1,user:Admin User [ID: dotcms.org.1][email:admin@dotcms.com]
[09/06/23 19:33:22:991 UTC]  INFO util.SecurityLogger: class com.dotmarketing.cms.login.factories.LoginFactory : User admin@dotcms.com has sucessfully logged in from IP: 172.19.0.1 -- ip:172.19.0.1,user:Admin User [ID: dotcms.org.1][email:admin@dotcms.com]
[09/06/23 19:33:22:998 UTC]  INFO publishing.PublisherAPIImpl: Push Publishing Filters Directory: Lazy(/data/shared/assets/server/publishing-filters)
[09/06/23 19:33:23:000 UTC]  INFO publishing.PublisherAPIImpl: Loading Push Publish Filter: ShallowPush.yml
[09/06/23 19:33:23:000 UTC]  INFO publishing.PublisherAPIImpl: FilterDescriptor{key=ShallowPush.yml, title=Only Selected Items, sort=5, default=false, roles=DOTCMS_BACK_END_USER, filters{{excludeQuery=, excludeClasses=[], dependencies=false, excludeDependencyQuery=, excludeDependencyClasses=[], forcePush=false, relationships=false}}}
[09/06/23 19:33:23:000 UTC]  INFO publishing.PublisherAPIImpl: Loading Push Publish Filter: Intelligent.yml
[09/06/23 19:33:23:001 UTC]  INFO publishing.PublisherAPIImpl: FilterDescriptor{key=Intelligent.yml, title=Everything and Dependencies, sort=3, default=true, roles=DOTCMS_BACK_END_USER, filters{{excludeQuery=, excludeClasses=[], dependencies=true, excludeDependencyQuery=, excludeDependencyClasses=[], forcePush=false, relationships=true}}}
[09/06/23 19:33:23:001 UTC]  INFO publishing.PublisherAPIImpl: Loading Push Publish Filter: ForcePush.yml
[09/06/23 19:33:23:001 UTC]  INFO publishing.PublisherAPIImpl: FilterDescriptor{key=ForcePush.yml, title=Force Push Everything, sort=4, default=false, roles=DOTCMS_BACK_END_USER, filters{{excludeQuery=, excludeClasses=[], dependencies=true, excludeDependencyQuery=, excludeDependencyClasses=[], forcePush=true, relationships=true}}}
[09/06/23 19:33:23:001 UTC]  INFO publishing.PublisherAPIImpl: Loading Push Publish Filter: TestPPFilter.yml
[09/06/23 19:33:23:001 UTC]  INFO publishing.PublisherAPIImpl: FilterDescriptor{key=TestPPFilter.yml, title=Force Push Everything, sort=20, default=false, roles=DOTCMS_BACK_END_USER, filters{{excludeQuery=, excludeClasses=[], dependencies=true, excludeDependencyQuery=, excludeDependencyClasses=[], forcePush=true, relationships=true}}}
[09/06/23 19:33:23:001 UTC]  INFO publishing.PublisherAPIImpl: Loading Push Publish Filter: ContentOnly.yml
[09/06/23 19:33:23:002 UTC]  INFO publishing.PublisherAPIImpl: FilterDescriptor{key=ContentOnly.yml, title=Content and Relationships, sort=1, default=false, roles=DOTCMS_BACK_END_USER, filters{{excludeQuery=, excludeClasses=[ContentType, Template, Containers, Folder, Host, Links, Workflow, Language, Rule, User, OSGI], dependencies=true, excludeDependencyQuery=, excludeDependencyClasses=[ContentType, Template, Containers, Folder, Host, Links, Workflow, Language, Rule], forcePush=false, relationships=true}}}
[09/06/23 19:33:23:002 UTC]  INFO publishing.PublisherAPIImpl: Loading Push Publish Filter: WebContentOnly.yml
[09/06/23 19:33:23:002 UTC]  INFO publishing.PublisherAPIImpl: FilterDescriptor{key=WebContentOnly.yml, title=Content, Assets and Pages, sort=2, default=false, roles=DOTCMS_BACK_END_USER, filters{{excludeQuery=, excludeClasses=[Host, Workflow, ContentType, User, OSGI, Language], dependencies=true, excludeDependencyQuery=, excludeDependencyClasses=[Host, Workflow, ContentType, Language], forcePush=false, relationships=true}}}
[09/06/23 19:33:26:058 UTC]  INFO util.SecurityLogger: class com.dotmarketing.cms.login.factories.LoginFactory : User admin@dotcms.com has sucessfully logged in from IP: 172.19.0.1 -- ip:172.19.0.1,user:Admin User [ID: dotcms.org.1][email:admin@dotcms.com]
[09/06/23 19:33:26:065 UTC]  INFO publishing.PublisherAPIImpl: Push Publishing Filters Directory: Lazy(/data/shared/assets/server/publishing-filters)
[09/06/23 19:33:26:067 UTC]  INFO publishing.PublisherAPIImpl: Loading Push Publish Filter: ShallowPush.yml
[09/06/23 19:33:26:068 UTC]  INFO publishing.PublisherAPIImpl: FilterDescriptor{key=ShallowPush.yml, title=Only Selected Items, sort=5, default=false, roles=DOTCMS_BACK_END_USER, filters{{excludeQuery=, excludeClasses=[], dependencies=false, excludeDependencyQuery=, excludeDependencyClasses=[], forcePush=false, relationships=false}}}
[09/06/23 19:33:26:069 UTC]  INFO publishing.PublisherAPIImpl: Loading Push Publish Filter: Intelligent.yml
[09/06/23 19:33:26:070 UTC]  INFO publishing.PublisherAPIImpl: FilterDescriptor{key=Intelligent.yml, title=Everything and Dependencies, sort=3, default=true, roles=DOTCMS_BACK_END_USER, filters{{excludeQuery=, excludeClasses=[], dependencies=true, excludeDependencyQuery=, excludeDependencyClasses=[], forcePush=false, relationships=true}}}
[09/06/23 19:33:26:071 UTC]  INFO publishing.PublisherAPIImpl: Loading Push Publish Filter: ForcePush.yml
[09/06/23 19:33:26:072 UTC]  INFO publishing.PublisherAPIImpl: FilterDescriptor{key=ForcePush.yml, title=Force Push Everything, sort=4, default=false, roles=DOTCMS_BACK_END_USER, filters{{excludeQuery=, excludeClasses=[], dependencies=true, excludeDependencyQuery=, excludeDependencyClasses=[], forcePush=true, relationships=true}}}
[09/06/23 19:33:26:073 UTC]  INFO publishing.PublisherAPIImpl: Loading Push Publish Filter: ContentOnly.yml
[09/06/23 19:33:26:074 UTC]  INFO publishing.PublisherAPIImpl: FilterDescriptor{key=ContentOnly.yml, title=Content and Relationships, sort=1, default=false, roles=DOTCMS_BACK_END_USER, filters{{excludeQuery=, excludeClasses=[ContentType, Template, Containers, Folder, Host, Links, Workflow, Language, Rule, User, OSGI], dependencies=true, excludeDependencyQuery=, excludeDependencyClasses=[ContentType, Template, Containers, Folder, Host, Links, Workflow, Language, Rule], forcePush=false, relationships=true}}}
[09/06/23 19:33:26:075 UTC]  INFO publishing.PublisherAPIImpl: Loading Push Publish Filter: WebContentOnly.yml
[09/06/23 19:33:26:076 UTC]  INFO publishing.PublisherAPIImpl: FilterDescriptor{key=WebContentOnly.yml, title=Content, Assets and Pages, sort=2, default=false, roles=DOTCMS_BACK_END_USER, filters{{excludeQuery=, excludeClasses=[Host, Workflow, ContentType, User, OSGI, Language], dependencies=true, excludeDependencyQuery=, excludeDependencyClasses=[Host, Workflow, ContentType, Language], forcePush=false, relationships=true}}}
