[28/05/23 20:06:31:553 UTC]  INFO loggers.Log4jUtil: Async Logger enabled: true
[28/05/23 20:06:31:555 UTC]  INFO listeners.ContextLifecycleListener: Installing the web socket
[28/05/23 20:06:32:884 UTC]  INFO business.CacheLocator: loading cache administrator: ChainableCacheAdministratorImpl
[28/05/23 20:06:33:588 UTC]  INFO db.DataSourceStrategyProvider: Datasource loaded using custom class com.dotmarketing.db.SystemEnvDataSourceStrategy
[28/05/23 20:06:33:620 UTC]  INFO cfg.Environment: Hibernate 2.1.8
[28/05/23 20:06:33:622 UTC]  INFO cfg.Environment: hibernate.properties not found
[28/05/23 20:06:33:624 UTC]  INFO cfg.Environment: using CGLIB reflection optimizer
[28/05/23 20:06:33:626 UTC]  INFO cfg.Environment: using JDK 1.4 java.sql.Timestamp handling
[28/05/23 20:06:33:630 UTC]  INFO cfg.Configuration: configuring from resource: /hibernate.cfg.xml
[28/05/23 20:06:33:630 UTC]  INFO cfg.Configuration: Configuration resource: /hibernate.cfg.xml
[28/05/23 20:06:33:743 UTC]  INFO cfg.Configuration: Configured SessionFactory: null
[28/05/23 20:06:33:744 UTC]  INFO cfg.Configuration: Mapping resource: META-INF/portal-hbm.xml
[28/05/23 20:06:33:820 UTC]  INFO cfg.Binder: Mapping class: com.liferay.portal.ejb.AddressHBM -> Address
[28/05/23 20:06:33:937 UTC]  INFO cfg.Binder: Mapping class: com.liferay.portal.ejb.CompanyHBM -> Company
[28/05/23 20:06:33:940 UTC]  INFO cfg.Binder: Mapping class: com.liferay.portal.ejb.ImageHBM -> Image
[28/05/23 20:06:33:942 UTC]  INFO cfg.Binder: Mapping class: com.liferay.portal.ejb.PasswordTrackerHBM -> PasswordTracker
[28/05/23 20:06:33:947 UTC]  INFO cfg.Binder: Mapping class: com.liferay.portal.ejb.UserHBM -> User_
[28/05/23 20:06:33:954 UTC]  INFO cfg.Binder: Mapping class: com.liferay.portal.ejb.UserTrackerHBM -> UserTracker
[28/05/23 20:06:33:959 UTC]  INFO cfg.Binder: Mapping class: com.liferay.portal.ejb.UserTrackerPathHBM -> UserTrackerPath
[28/05/23 20:06:33:962 UTC]  INFO cfg.Binder: Mapping class: com.liferay.portlet.admin.ejb.AdminConfigHBM -> AdminConfig
[28/05/23 20:06:34:015 UTC]  INFO cfg.Configuration: Mapping resource: com/dotmarketing/beans/DotCMSSeq.hbm.xml
[28/05/23 20:06:34:065 UTC]  INFO cfg.Binder: Mapping class: com.dotmarketing.beans.Inode -> inode
[28/05/23 20:06:34:112 UTC]  INFO cfg.Binder: Mapping joined-subclass: com.dotmarketing.portlets.containers.model.Container -> dot_containers
[28/05/23 20:06:34:117 UTC]  INFO cfg.Binder: Mapping joined-subclass: com.dotmarketing.portlets.links.model.Link -> links
[28/05/23 20:06:34:124 UTC]  INFO cfg.Binder: Mapping joined-subclass: com.dotmarketing.portlets.structure.model.Field -> field
[28/05/23 20:06:34:126 UTC]  INFO cfg.Binder: Mapping class: com.dotmarketing.portlets.workflows.model.WorkflowTask -> workflow_task
[28/05/23 20:06:34:128 UTC]  INFO cfg.Binder: Mapping class: com.dotmarketing.portlets.workflows.model.WorkflowComment -> workflow_comment
[28/05/23 20:06:34:129 UTC]  INFO cfg.Binder: Mapping class: com.dotmarketing.portlets.workflows.model.WorkflowHistory -> workflow_history
[28/05/23 20:06:34:136 UTC]  INFO cfg.Binder: Mapping class: com.dotmarketing.portlets.workflows.model.WorkFlowTaskFiles -> workflowtask_files
[28/05/23 20:06:34:139 UTC]  INFO cfg.Binder: Mapping class: com.dotmarketing.beans.Permission -> permission
[28/05/23 20:06:34:141 UTC]  INFO cfg.Binder: Mapping class: com.dotmarketing.beans.PermissionReference -> permission_reference
[28/05/23 20:06:34:143 UTC]  INFO cfg.Binder: Mapping class: com.dotmarketing.beans.Tree -> tree
[28/05/23 20:06:34:329 UTC]  INFO cfg.Binder: Mapping class: com.dotmarketing.beans.MultiTree -> multi_tree
[28/05/23 20:06:34:359 UTC]  INFO util.ReflectHelper: reflection optimizer disabled for: com.dotmarketing.beans.MultiTree, BulkBeanException: Index 1 out of bounds for length 0 (property setParent1)
[28/05/23 20:06:34:359 UTC]  INFO cfg.Binder: Mapping class: com.dotmarketing.beans.Clickstream -> clickstream
[28/05/23 20:06:34:374 UTC]  INFO cfg.Binder: Mapping class: com.dotmarketing.beans.ClickstreamRequest -> clickstream_request
[28/05/23 20:06:34:376 UTC]  INFO cfg.Binder: Mapping class: com.dotmarketing.beans.Clickstream404 -> clickstream_404
[28/05/23 20:06:34:378 UTC]  INFO cfg.Binder: Mapping class: com.dotmarketing.tag.model.Tag -> tag
[28/05/23 20:06:34:380 UTC]  INFO cfg.Binder: Mapping class: com.dotmarketing.tag.model.TagInode -> tag_inode
[28/05/23 20:06:34:423 UTC]  INFO cfg.Binder: Mapping class: com.dotmarketing.beans.ChallengeQuestion -> challenge_question
[28/05/23 20:06:34:424 UTC]  INFO cfg.Binder: Mapping class: com.dotmarketing.beans.UsersToDelete -> users_to_delete
[28/05/23 20:06:34:425 UTC]  INFO cfg.Binder: Mapping class: com.dotmarketing.plugin.model.Plugin -> plugin
[28/05/23 20:06:34:435 UTC]  INFO cfg.Binder: Mapping class: com.dotmarketing.business.Role -> cms_role
[28/05/23 20:06:34:437 UTC]  INFO cfg.Binder: Mapping class: com.dotmarketing.business.UsersRoles -> users_cms_roles
[28/05/23 20:06:34:440 UTC]  INFO cfg.Binder: Mapping class: com.dotmarketing.business.LayoutsRoles -> layouts_cms_roles
[28/05/23 20:06:34:441 UTC]  INFO cfg.Binder: Mapping class: com.dotmarketing.business.Layout -> cms_layout
[28/05/23 20:06:34:444 UTC]  INFO cfg.Binder: Mapping class: com.dotmarketing.business.PortletsLayouts -> cms_layouts_portlets
[28/05/23 20:06:34:446 UTC]  INFO cfg.Binder: Mapping class: com.dotmarketing.portlets.hostvariable.model.HostVariable -> host_variable
[28/05/23 20:06:34:448 UTC]  INFO cfg.Binder: Mapping class: com.dotmarketing.beans.FixAudit -> fixes_audit
[28/05/23 20:06:34:449 UTC]  INFO cfg.Binder: Mapping class: com.dotmarketing.beans.ContainerStructure -> container_structures
[28/05/23 20:06:34:454 UTC]  INFO cfg.Binder: Mapping class: com.dotmarketing.portlets.templates.model.TemplateVersionInfo -> template_version_info
[28/05/23 20:06:34:455 UTC]  INFO cfg.Binder: Mapping class: com.dotmarketing.portlets.containers.model.ContainerVersionInfo -> container_version_info
[28/05/23 20:06:34:457 UTC]  INFO cfg.Binder: Mapping class: com.dotmarketing.portlets.links.model.LinkVersionInfo -> link_version_info
[28/05/23 20:06:34:457 UTC]  INFO cfg.Configuration: Mapping resource: com/dotmarketing/beans/DotCMSSeq_NOSQLGEN.hbm.xml
[28/05/23 20:06:34:477 UTC]  INFO cfg.Binder: Mapping class: com.dotmarketing.plugin.model.PluginProperty -> plugin_property
[28/05/23 20:06:34:521 UTC]  INFO cfg.Configuration: processing one-to-many association mappings
[28/05/23 20:06:34:521 UTC]  INFO cfg.Binder: Mapping collection: com.dotmarketing.beans.Clickstream.clickstreamRequests -> clickstream_request
[28/05/23 20:06:34:521 UTC]  INFO cfg.Configuration: processing one-to-one association property references
[28/05/23 20:06:34:522 UTC]  INFO cfg.Configuration: processing foreign key constraints
[28/05/23 20:06:34:542 UTC]  INFO dialect.Dialect: Using dialect: com.dotcms.repackage.net.sf.hibernate.dialect.PostgreSQLDialect
[28/05/23 20:06:34:546 UTC]  INFO cfg.SettingsFactory: Use outer join fetching: true
[28/05/23 20:06:34:550 UTC]  WARN connection.UserSuppliedConnectionProvider: No connection properties specified - the user must supply JDBC connections
[28/05/23 20:06:34:557 UTC]  INFO transaction.TransactionManagerLookupFactory: No TransactionManagerLookup configured (in JTA environment, use of process level read-write cache is not recommended)
[28/05/23 20:06:34:558 UTC]  INFO cfg.SettingsFactory: Use scrollable result sets: true
[28/05/23 20:06:34:560 UTC]  INFO cfg.SettingsFactory: Use JDBC3 getGeneratedKeys(): false
[28/05/23 20:06:34:560 UTC]  INFO cfg.SettingsFactory: Optimize cache for minimal puts: false
[28/05/23 20:06:34:560 UTC]  INFO cfg.SettingsFactory: Query language substitutions: {}
[28/05/23 20:06:34:560 UTC]  INFO cfg.SettingsFactory: cache provider: com.dotmarketing.db.NoCacheProvider
[28/05/23 20:06:34:563 UTC]  INFO cfg.Configuration: instantiating and configuring caches
[28/05/23 20:06:34:580 UTC]  INFO impl.SessionFactoryImpl: building session factory
[28/05/23 20:06:34:798 UTC]  INFO util.ReflectHelper: reflection optimizer disabled for: com.dotmarketing.beans.MultiTree, BulkBeanException: Index 1 out of bounds for length 0 (property setTreeOrder)
[28/05/23 20:06:35:228 UTC]  INFO impl.SessionFactoryObjectFactory: Not binding factory to JNDI, no JNDI name configured
[28/05/23 20:06:35:403 UTC]  WARN lang.System: No Valid License Found : /data/local/dotsecure/license/license.dat
[28/05/23 20:06:35:403 UTC]  INFO enterprise.LicenseUtil: Setting up default license
[28/05/23 20:06:36:096 UTC]  INFO servlet.VisitorFilter: VisitorLogger Filter Started
[28/05/23 20:06:36:505 UTC]  INFO util.SystemProperties: Loading file:/srv/dotserver/tomcat-9.0.60/webapps/ROOT/WEB-INF/classes/system.properties
[28/05/23 20:06:36:508 UTC]  INFO util.SystemProperties: Loading file:/srv/dotserver/tomcat-9.0.60/webapps/ROOT/WEB-INF/classes/system-ext.properties
[28/05/23 20:06:36:515 UTC]  INFO util.SystemProperties: Loading file:/srv/dotserver/tomcat-9.0.60/webapps/ROOT/WEB-INF/classes/system.properties
[28/05/23 20:06:36:516 UTC]  INFO util.SystemProperties: Loading file:/srv/dotserver/tomcat-9.0.60/webapps/ROOT/WEB-INF/classes/system-ext.properties
[28/05/23 20:06:37:058 UTC]  WARN impl.SessionImpl: finalizing unclosed session with closed connection
[28/05/23 20:06:37:444 UTC]  INFO util.PropsLoader: Loading file:/srv/dotserver/tomcat-9.0.60/webapps/ROOT/WEB-INF/classes/portal.properties
[28/05/23 20:06:37:447 UTC]  INFO util.PropsLoader: Loading file:/srv/dotserver/tomcat-9.0.60/webapps/ROOT/WEB-INF/classes/portal-ext.properties
[28/05/23 20:06:41:471 UTC]  INFO tiles.TilesPlugin: Tiles definition factory loaded for module ''.
[28/05/23 20:06:41:480 UTC]  INFO validator.ValidatorPlugIn: Loading validation rules file from '/WEB-INF/validator-rules.xml'
[28/05/23 20:06:41:482 UTC]  INFO validator.ValidatorPlugIn: Loading validation rules file from '/WEB-INF/validation.xml'
[28/05/23 20:06:41:766 UTC]  INFO util.RestHighLevelClientProvider: disabling String.intern() in Jackson
[28/05/23 20:06:41:770 UTC]  WARN util.DotRestHighLevelClientProvider: Elastic RestHighLevelClient will be initialized without certificates
[28/05/23 20:06:41:778 UTC]  INFO util.DotRestHighLevelClientProvider: Initializing Elastic RestHighLevelClient using Basic authentication
[28/05/23 20:06:41:801 UTC]  INFO util.DotRestHighLevelClientProvider: Initializing Elastic RestHighLevelClient using endpoints [
[28/05/23 20:06:41:803 UTC]  INFO util.DotRestHighLevelClientProvider:   - http://elasticsearch:9200
[28/05/23 20:06:41:805 UTC]  INFO util.DotRestHighLevelClientProvider: ]
[28/05/23 20:06:41:806 UTC]  WARN util.DotRestHighLevelClientProvider: Initializing Elastic RestHighLevelClient using an unsecured http connection
[28/05/23 20:06:42:388 UTC]  INFO util.DotRestHighLevelClientProvider: RestHighLevelClientProvider com.dotcms.content.elasticsearch.util.DotRestHighLevelClientProvider loaded successfully
[28/05/23 20:06:42:812 UTC]  INFO startup.StartupTasksExecutor: Running Startup Tasks
[28/05/23 20:06:43:004 UTC]  INFO runalways.Task00001LoadSchema: -------------------------------------------------------------------------------------
[28/05/23 20:06:43:006 UTC]  INFO runalways.Task00001LoadSchema: 
[28/05/23 20:06:43:008 UTC]  INFO runalways.Task00001LoadSchema: Empty dotCMS database found.  Loading initial dotCMS schema for PostgreSQL
[28/05/23 20:06:43:008 UTC]  INFO runalways.Task00001LoadSchema: 
[28/05/23 20:06:43:009 UTC]  INFO runalways.Task00001LoadSchema: -------------------------------------------------------------------------------------
[28/05/23 20:06:43:011 UTC]  INFO startup.StartupTasksExecutor: Running Startup Tasks : Task00001LoadSchema
[28/05/23 20:06:43:013 UTC]  INFO runalways.Task00001LoadSchema: Loading schema
[28/05/23 20:06:43:648 UTC]  INFO runalways.Task00001LoadSchema: Schema created (506 statements executed)
[28/05/23 20:06:43:658 UTC]  INFO timedcache.TimedCacheProvider: ===== Initializing [Timed Cache Provider].
[28/05/23 20:06:43:659 UTC]  INFO timedcache.TimedCacheProvider: ***	 Cache Config Memory : esquerycache: 10000
[28/05/23 20:06:43:660 UTC]  INFO timedcache.TimedCacheProvider: ***	 Cache Config Memory : esquerycountcache: 10000
[28/05/23 20:06:43:661 UTC]  INFO timedcache.TimedCacheProvider: ***	 Cache Config Memory : graphqlquerycache: 5000
[28/05/23 20:06:43:661 UTC]  INFO timedcache.TimedCacheProvider: ***	 Cache Config Memory : default: 1000
[28/05/23 20:06:43:661 UTC]  INFO timedcache.TimedCacheProvider: ***	 Cache Config Memory : adminconfigpool: 100
[28/05/23 20:06:43:662 UTC]  INFO timedcache.TimedCacheProvider: ***	 Cache Config Memory : companypool: 10
[28/05/23 20:06:43:662 UTC]  INFO timedcache.TimedCacheProvider: ***	 Cache Config Memory : contentletcache: 5000
[28/05/23 20:06:43:663 UTC]  INFO timedcache.TimedCacheProvider: ***	 Cache Config Memory : categoryparentscache: 30000
[28/05/23 20:06:43:664 UTC]  INFO timedcache.TimedCacheProvider: ***	 Cache Config Memory : taginodecache: 50000
[28/05/23 20:06:43:664 UTC]  INFO timedcache.TimedCacheProvider: ***	 Cache Config Memory : taginodesbyinodecache: 50000
[28/05/23 20:06:43:664 UTC]  INFO timedcache.TimedCacheProvider: ***	 Cache Config Memory : tagcache: 50000
[28/05/23 20:06:43:664 UTC]  INFO timedcache.TimedCacheProvider: ***	 Cache Config Memory : csscache: 2500
[28/05/23 20:06:43:667 UTC]  INFO timedcache.TimedCacheProvider: ***	 Cache Config Memory : assetmetadatacache: 10000
[28/05/23 20:06:43:668 UTC]  INFO timedcache.TimedCacheProvider: ***	 Cache Config Memory : identifiercache: 50000
[28/05/23 20:06:43:668 UTC]  INFO timedcache.TimedCacheProvider: ***	 Cache Config Memory : identifier404cache: 30000
[28/05/23 20:06:43:670 UTC]  INFO timedcache.TimedCacheProvider: ***	 Cache Config Memory : indiciescache: 8
[28/05/23 20:06:43:670 UTC]  INFO timedcache.TimedCacheProvider: ***	 Cache Config Memory : logmappercache: 10
[28/05/23 20:06:43:671 UTC]  INFO timedcache.TimedCacheProvider: ***	 Cache Config Memory : navcache: 1000
[28/05/23 20:06:43:673 UTC]  INFO timedcache.TimedCacheProvider: ***	 Cache Config Memory : parentpermissionablecache: 10000
[28/05/23 20:06:43:673 UTC]  INFO timedcache.TimedCacheProvider: ***	 Cache Config Memory : permissioncache: 50000
[28/05/23 20:06:43:675 UTC]  INFO timedcache.TimedCacheProvider: ***	 Cache Config Memory : portletpool: 100
[28/05/23 20:06:43:676 UTC]  INFO timedcache.TimedCacheProvider: ***	 Cache Config Memory : publishingendpointcache: 100
[28/05/23 20:06:43:676 UTC]  INFO timedcache.TimedCacheProvider: ***	 Cache Config Memory : pushedassetscache: 5000
[28/05/23 20:06:43:676 UTC]  INFO timedcache.TimedCacheProvider: ***	 Cache Config Memory : templatecache: 500
[28/05/23 20:06:43:676 UTC]  INFO timedcache.TimedCacheProvider: ***	 Cache Config Memory : translatedquerycache: 5000
[28/05/23 20:06:43:677 UTC]  INFO timedcache.TimedCacheProvider: ***	 Cache Config Memory : versioncache: 50000
[28/05/23 20:06:43:678 UTC]  INFO timedcache.TimedCacheProvider: ***	 Cache Config Memory : versioninfocache: 50000
[28/05/23 20:06:43:678 UTC]  INFO timedcache.TimedCacheProvider: ***	 Cache Config Memory : workflowactioncache: 10000
[28/05/23 20:06:43:680 UTC]  INFO timedcache.TimedCacheProvider: ***	 Cache Config Memory : workflowtaskcache: 10000
[28/05/23 20:06:43:680 UTC]  INFO timedcache.TimedCacheProvider: ***	 Cache Config Memory : shortyidcache: 25000
[28/05/23 20:06:43:680 UTC]  INFO timedcache.TimedCacheProvider: ***	 Cache Config Memory : velocitycache: 5000
[28/05/23 20:06:43:681 UTC]  INFO timedcache.TimedCacheProvider: ***	 Cache Config Memory : vanityurldirectcache: 25000
[28/05/23 20:06:43:681 UTC]  INFO timedcache.TimedCacheProvider: ***	 Cache Config Memory : vanityurlsitecache: 5000
[28/05/23 20:06:43:683 UTC]  INFO h22.H22Cache: Start Full Cache Flush in h22
[28/05/23 20:06:43:684 UTC]  INFO h22.H22Cache: Building new H22 Cache, db:0
[28/05/23 20:06:43:699 UTC]  INFO h22.H22HikariPool: H22 on disk cache:jdbc:h2:/data/local/dotsecure/h22cache/0/2023-05-28_20-06-43/cache;MVCC=TRUE;DB_CLOSE_ON_EXIT=FALSE
[28/05/23 20:06:43:944 UTC]  INFO h22.H22Cache: Building new H22 Cache, db:1
[28/05/23 20:06:43:946 UTC]  INFO h22.H22HikariPool: H22 on disk cache:jdbc:h2:/data/local/dotsecure/h22cache/1/2023-05-28_20-06-43/cache;MVCC=TRUE;DB_CLOSE_ON_EXIT=FALSE
[28/05/23 20:06:44:010 UTC]  INFO h22.H22Cache: End Full Cache Flush in h22 : 324ms
[28/05/23 20:06:47:044 UTC]  INFO timedcache.TimedCacheProvider: ===== Initializing [Timed Cache Provider].
[28/05/23 20:06:47:044 UTC]  INFO timedcache.TimedCacheProvider: ***	 Cache Config Memory : esquerycache: 10000
[28/05/23 20:06:47:045 UTC]  INFO timedcache.TimedCacheProvider: ***	 Cache Config Memory : esquerycountcache: 10000
[28/05/23 20:06:47:045 UTC]  INFO timedcache.TimedCacheProvider: ***	 Cache Config Memory : graphqlquerycache: 5000
[28/05/23 20:06:47:045 UTC]  INFO timedcache.TimedCacheProvider: ***	 Cache Config Memory : default: 1000
[28/05/23 20:06:47:045 UTC]  INFO timedcache.TimedCacheProvider: ***	 Cache Config Memory : adminconfigpool: 100
[28/05/23 20:06:47:045 UTC]  INFO timedcache.TimedCacheProvider: ***	 Cache Config Memory : companypool: 10
[28/05/23 20:06:47:045 UTC]  INFO timedcache.TimedCacheProvider: ***	 Cache Config Memory : contentletcache: 5000
[28/05/23 20:06:47:045 UTC]  INFO timedcache.TimedCacheProvider: ***	 Cache Config Memory : categoryparentscache: 30000
[28/05/23 20:06:47:045 UTC]  INFO timedcache.TimedCacheProvider: ***	 Cache Config Memory : taginodecache: 50000
[28/05/23 20:06:47:045 UTC]  INFO timedcache.TimedCacheProvider: ***	 Cache Config Memory : taginodesbyinodecache: 50000
[28/05/23 20:06:47:045 UTC]  INFO timedcache.TimedCacheProvider: ***	 Cache Config Memory : tagcache: 50000
[28/05/23 20:06:47:045 UTC]  INFO timedcache.TimedCacheProvider: ***	 Cache Config Memory : csscache: 2500
[28/05/23 20:06:47:046 UTC]  INFO timedcache.TimedCacheProvider: ***	 Cache Config Memory : assetmetadatacache: 10000
[28/05/23 20:06:47:046 UTC]  INFO timedcache.TimedCacheProvider: ***	 Cache Config Memory : identifiercache: 50000
[28/05/23 20:06:47:046 UTC]  INFO timedcache.TimedCacheProvider: ***	 Cache Config Memory : identifier404cache: 30000
[28/05/23 20:06:47:046 UTC]  INFO timedcache.TimedCacheProvider: ***	 Cache Config Memory : indiciescache: 8
[28/05/23 20:06:47:046 UTC]  INFO timedcache.TimedCacheProvider: ***	 Cache Config Memory : logmappercache: 10
[28/05/23 20:06:47:046 UTC]  INFO timedcache.TimedCacheProvider: ***	 Cache Config Memory : navcache: 1000
[28/05/23 20:06:47:046 UTC]  INFO timedcache.TimedCacheProvider: ***	 Cache Config Memory : parentpermissionablecache: 10000
[28/05/23 20:06:47:046 UTC]  INFO timedcache.TimedCacheProvider: ***	 Cache Config Memory : permissioncache: 50000
[28/05/23 20:06:47:046 UTC]  INFO timedcache.TimedCacheProvider: ***	 Cache Config Memory : portletpool: 100
[28/05/23 20:06:47:046 UTC]  INFO timedcache.TimedCacheProvider: ***	 Cache Config Memory : publishingendpointcache: 100
[28/05/23 20:06:47:046 UTC]  INFO timedcache.TimedCacheProvider: ***	 Cache Config Memory : pushedassetscache: 5000
[28/05/23 20:06:47:046 UTC]  INFO timedcache.TimedCacheProvider: ***	 Cache Config Memory : templatecache: 500
[28/05/23 20:06:47:046 UTC]  INFO timedcache.TimedCacheProvider: ***	 Cache Config Memory : translatedquerycache: 5000
[28/05/23 20:06:47:046 UTC]  INFO timedcache.TimedCacheProvider: ***	 Cache Config Memory : versioncache: 50000
[28/05/23 20:06:47:046 UTC]  INFO timedcache.TimedCacheProvider: ***	 Cache Config Memory : versioninfocache: 50000
[28/05/23 20:06:47:055 UTC]  INFO timedcache.TimedCacheProvider: ***	 Cache Config Memory : workflowactioncache: 10000
[28/05/23 20:06:47:056 UTC]  INFO timedcache.TimedCacheProvider: ***	 Cache Config Memory : workflowtaskcache: 10000
[28/05/23 20:06:47:056 UTC]  INFO timedcache.TimedCacheProvider: ***	 Cache Config Memory : shortyidcache: 25000
[28/05/23 20:06:47:056 UTC]  INFO timedcache.TimedCacheProvider: ***	 Cache Config Memory : velocitycache: 5000
[28/05/23 20:06:47:056 UTC]  INFO timedcache.TimedCacheProvider: ***	 Cache Config Memory : vanityurldirectcache: 25000
[28/05/23 20:06:47:056 UTC]  INFO timedcache.TimedCacheProvider: ***	 Cache Config Memory : vanityurlsitecache: 5000
[28/05/23 20:06:47:056 UTC]  INFO h22.H22Cache: Start Full Cache Flush in h22
[28/05/23 20:06:47:056 UTC]  INFO h22.H22Cache: Building new H22 Cache, db:0
[28/05/23 20:06:47:057 UTC]  INFO h22.H22HikariPool: H22 on disk cache:jdbc:h2:/data/local/dotsecure/h22cache/0/2023-05-28_20-06-47/cache;MVCC=TRUE;DB_CLOSE_ON_EXIT=FALSE
[28/05/23 20:06:47:144 UTC]  INFO h22.H22Cache: Building new H22 Cache, db:1
[28/05/23 20:06:47:144 UTC]  INFO h22.H22HikariPool: H22 on disk cache:jdbc:h2:/data/local/dotsecure/h22cache/1/2023-05-28_20-06-47/cache;MVCC=TRUE;DB_CLOSE_ON_EXIT=FALSE
[28/05/23 20:06:47:255 UTC]  INFO h22.H22Cache: End Full Cache Flush in h22 : 199ms
[28/05/23 20:06:47:257 UTC]  INFO startup.StartupTasksExecutor: Not Running Startup Tasks: Task00002LoadClusterLicenses
[28/05/23 20:06:47:258 UTC]  INFO startup.StartupTasksExecutor: Running Startup Tasks : Task00003CreateSystemRoles
[28/05/23 20:06:47:272 UTC]  INFO startup.StartupTasksExecutor: Running Startup Tasks : Task00004LoadStarter
[28/05/23 20:06:47:300 UTC]  INFO db.DotCMSInitDb: There are no inodes - initializing db with starter site
[28/05/23 20:06:47:354 UTC]  INFO starter.ImportStarterUtil: Found 21 files to import
[28/05/23 20:06:47:359 UTC]  WARN util.FileUtil: /data/local/dotsecure/backup/temp/assets/messages/cms_language_en_US.properties is empty
[28/05/23 20:06:47:360 UTC]  WARN util.FileUtil: /data/local/dotsecure/backup/temp/assets/messages/cms_language_es_ES.properties is empty
[28/05/23 20:06:47:361 UTC]  WARN util.FileUtil: /data/local/dotsecure/backup/temp/assets/messages/cms_language_fr_FR.properties is empty
[28/05/23 20:06:47:363 UTC]  WARN util.FileUtil: /data/local/dotsecure/backup/temp/assets/messages/cms_language_zh_CN.properties is empty
[28/05/23 20:06:47:365 UTC]  INFO starter.ImportStarterUtil: About to delete all records from link_version_info
[28/05/23 20:06:47:366 UTC]  INFO starter.ImportStarterUtil: Deleted all records from link_version_info
[28/05/23 20:06:47:366 UTC]  INFO starter.ImportStarterUtil: About to delete all records from container_structures
[28/05/23 20:06:47:368 UTC]  INFO starter.ImportStarterUtil: Deleted all records from container_structures
[28/05/23 20:06:47:368 UTC]  INFO starter.ImportStarterUtil: About to delete all records from dot_containers
[28/05/23 20:06:47:369 UTC]  INFO starter.ImportStarterUtil: Deleted all records from dot_containers
[28/05/23 20:06:47:369 UTC]  INFO starter.ImportStarterUtil: About to delete all records from tag
[28/05/23 20:06:47:371 UTC]  INFO starter.ImportStarterUtil: Deleted all records from tag
[28/05/23 20:06:47:371 UTC]  INFO starter.ImportStarterUtil: About to delete all records from clickstream_request
[28/05/23 20:06:47:373 UTC]  INFO starter.ImportStarterUtil: Deleted all records from clickstream_request
[28/05/23 20:06:47:373 UTC]  INFO starter.ImportStarterUtil: About to delete all records from workflow_comment
[28/05/23 20:06:47:374 UTC]  INFO starter.ImportStarterUtil: Deleted all records from workflow_comment
[28/05/23 20:06:47:374 UTC]  INFO starter.ImportStarterUtil: About to delete all records from challenge_question
[28/05/23 20:06:47:375 UTC]  INFO starter.ImportStarterUtil: Deleted all records from challenge_question
[28/05/23 20:06:47:376 UTC]  INFO starter.ImportStarterUtil: About to delete all records from fixes_audit
[28/05/23 20:06:47:377 UTC]  INFO starter.ImportStarterUtil: Deleted all records from fixes_audit
[28/05/23 20:06:47:377 UTC]  INFO starter.ImportStarterUtil: About to delete all records from clickstream_404
[28/05/23 20:06:47:380 UTC]  INFO starter.ImportStarterUtil: Deleted all records from clickstream_404
[28/05/23 20:06:47:380 UTC]  INFO starter.ImportStarterUtil: About to delete all records from links
[28/05/23 20:06:47:382 UTC]  INFO starter.ImportStarterUtil: Deleted all records from links
[28/05/23 20:06:47:382 UTC]  INFO starter.ImportStarterUtil: About to delete all records from UserTracker
[28/05/23 20:06:47:383 UTC]  INFO starter.ImportStarterUtil: Deleted all records from UserTracker
[28/05/23 20:06:47:383 UTC]  INFO starter.ImportStarterUtil: About to delete all records from permission
[28/05/23 20:06:47:385 UTC]  INFO starter.ImportStarterUtil: Deleted all records from permission
[28/05/23 20:06:47:385 UTC]  INFO starter.ImportStarterUtil: About to delete all records from workflowtask_files
[28/05/23 20:06:47:386 UTC]  INFO starter.ImportStarterUtil: Deleted all records from workflowtask_files
[28/05/23 20:06:47:386 UTC]  INFO starter.ImportStarterUtil: About to delete all records from workflow_history
[28/05/23 20:06:47:388 UTC]  INFO starter.ImportStarterUtil: Deleted all records from workflow_history
[28/05/23 20:06:47:388 UTC]  INFO starter.ImportStarterUtil: About to delete all records from multi_tree
[28/05/23 20:06:47:390 UTC]  INFO starter.ImportStarterUtil: Deleted all records from multi_tree
[28/05/23 20:06:47:390 UTC]  INFO starter.ImportStarterUtil: About to delete all records from AdminConfig
[28/05/23 20:06:47:392 UTC]  INFO starter.ImportStarterUtil: Deleted all records from AdminConfig
[28/05/23 20:06:47:392 UTC]  INFO starter.ImportStarterUtil: About to delete all records from field
[28/05/23 20:06:47:394 UTC]  INFO starter.ImportStarterUtil: Deleted all records from field
[28/05/23 20:06:47:394 UTC]  INFO starter.ImportStarterUtil: About to delete all records from tag_inode
[28/05/23 20:06:47:395 UTC]  INFO starter.ImportStarterUtil: Deleted all records from tag_inode
[28/05/23 20:06:47:395 UTC]  INFO starter.ImportStarterUtil: About to delete all records from host_variable
[28/05/23 20:06:47:396 UTC]  INFO starter.ImportStarterUtil: Deleted all records from host_variable
[28/05/23 20:06:47:397 UTC]  INFO starter.ImportStarterUtil: About to delete all records from template_version_info
[28/05/23 20:06:47:398 UTC]  INFO starter.ImportStarterUtil: Deleted all records from template_version_info
[28/05/23 20:06:47:398 UTC]  INFO starter.ImportStarterUtil: About to delete all records from clickstream
[28/05/23 20:06:47:400 UTC]  INFO starter.ImportStarterUtil: Deleted all records from clickstream
[28/05/23 20:06:47:400 UTC]  INFO starter.ImportStarterUtil: About to delete all records from tree
[28/05/23 20:06:47:402 UTC]  INFO starter.ImportStarterUtil: Deleted all records from tree
[28/05/23 20:06:47:402 UTC]  INFO starter.ImportStarterUtil: About to delete all records from UserTrackerPath
[28/05/23 20:06:47:404 UTC]  INFO starter.ImportStarterUtil: Deleted all records from UserTrackerPath
[28/05/23 20:06:47:404 UTC]  INFO starter.ImportStarterUtil: About to delete all records from workflow_task
[28/05/23 20:06:47:406 UTC]  INFO starter.ImportStarterUtil: Deleted all records from workflow_task
[28/05/23 20:06:47:406 UTC]  INFO starter.ImportStarterUtil: About to delete all records from users_to_delete
[28/05/23 20:06:47:406 UTC]  INFO starter.ImportStarterUtil: Deleted all records from users_to_delete
[28/05/23 20:06:47:406 UTC]  INFO starter.ImportStarterUtil: About to delete all records from container_version_info
[28/05/23 20:06:47:409 UTC]  INFO starter.ImportStarterUtil: Deleted all records from container_version_info
[28/05/23 20:06:47:409 UTC]  INFO starter.ImportStarterUtil: About to delete all records from PasswordTracker
[28/05/23 20:06:47:409 UTC]  INFO starter.ImportStarterUtil: Deleted all records from PasswordTracker
[28/05/23 20:06:47:409 UTC]  INFO starter.ImportStarterUtil: About to delete all records from permission_reference
[28/05/23 20:06:47:412 UTC]  INFO starter.ImportStarterUtil: Deleted all records from permission_reference
[28/05/23 20:06:47:412 UTC]  INFO starter.ImportStarterUtil: About to delete all records from cms_layouts_portlets
[28/05/23 20:06:47:412 UTC]  INFO starter.ImportStarterUtil: Deleted all records from cms_layouts_portlets
[28/05/23 20:06:47:412 UTC]  INFO starter.ImportStarterUtil: About to delete all records from layouts_cms_roles
[28/05/23 20:06:47:416 UTC]  INFO starter.ImportStarterUtil: Deleted all records from layouts_cms_roles
[28/05/23 20:06:47:416 UTC]  INFO starter.ImportStarterUtil: About to delete all records from users_cms_roles
[28/05/23 20:06:47:417 UTC]  INFO starter.ImportStarterUtil: Deleted all records from users_cms_roles
[28/05/23 20:06:47:417 UTC]  INFO starter.ImportStarterUtil: About to delete all records from cms_role
[28/05/23 20:06:47:422 UTC]  INFO starter.ImportStarterUtil: Deleted all records from cms_role
[28/05/23 20:06:47:422 UTC]  INFO starter.ImportStarterUtil: About to delete all records from cms_layout
[28/05/23 20:06:47:424 UTC]  INFO starter.ImportStarterUtil: Deleted all records from cms_layout
[28/05/23 20:06:47:424 UTC]  INFO starter.ImportStarterUtil: About to delete all records from structure
[28/05/23 20:06:47:426 UTC]  INFO starter.ImportStarterUtil: Deleted all records from structure
[28/05/23 20:06:47:426 UTC]  INFO starter.ImportStarterUtil: About to delete all records from folder
[28/05/23 20:06:47:427 UTC]  INFO starter.ImportStarterUtil: Deleted all records from folder
[28/05/23 20:06:47:427 UTC]  INFO starter.ImportStarterUtil: About to delete all records from identifier
[28/05/23 20:06:47:430 UTC]  INFO starter.ImportStarterUtil: Deleted all records from identifier
[28/05/23 20:06:47:430 UTC]  INFO starter.ImportStarterUtil: About to delete all records from inode
[28/05/23 20:06:47:430 UTC]  INFO starter.ImportStarterUtil: Deleted all records from inode
[28/05/23 20:06:47:432 UTC]  INFO starter.ImportStarterUtil: About to delete all records from user_
[28/05/23 20:06:47:438 UTC]  INFO starter.ImportStarterUtil: Deleted all records from user_
[28/05/23 20:06:47:438 UTC]  INFO starter.ImportStarterUtil: About to delete all records from company
[28/05/23 20:06:47:439 UTC]  INFO starter.ImportStarterUtil: Deleted all records from company
[28/05/23 20:06:47:439 UTC]  INFO starter.ImportStarterUtil: About to delete all records from counter
[28/05/23 20:06:47:441 UTC]  INFO starter.ImportStarterUtil: Deleted all records from counter
[28/05/23 20:06:47:441 UTC]  INFO starter.ImportStarterUtil: About to delete all records from image
[28/05/23 20:06:47:441 UTC]  INFO starter.ImportStarterUtil: Deleted all records from image
[28/05/23 20:06:47:441 UTC]  INFO starter.ImportStarterUtil: About to delete all records from portlet
[28/05/23 20:06:47:442 UTC]  INFO starter.ImportStarterUtil: Deleted all records from portlet
[28/05/23 20:06:47:442 UTC]  INFO starter.ImportStarterUtil: About to delete all records from portletpreferences
[28/05/23 20:06:47:442 UTC]  INFO starter.ImportStarterUtil: Deleted all records from portletpreferences
[28/05/23 20:06:47:442 UTC]  INFO starter.ImportStarterUtil: About to delete all records from address
[28/05/23 20:06:47:443 UTC]  INFO starter.ImportStarterUtil: Deleted all records from address
[28/05/23 20:06:47:443 UTC]  INFO starter.ImportStarterUtil: About to delete all records from plugin_property
[28/05/23 20:06:47:443 UTC]  INFO starter.ImportStarterUtil: Deleted all records from plugin_property
[28/05/23 20:06:47:443 UTC]  INFO starter.ImportStarterUtil: About to delete all records from plugin
[28/05/23 20:06:47:450 UTC]  INFO starter.ImportStarterUtil: Deleted all records from plugin
[28/05/23 20:06:47:479 UTC]  INFO starter.ImportStarterUtil: **** Importing the file: /data/local/dotsecure/backup/temp/com.liferay.portal.model.Company.json *****
[28/05/23 20:06:47:481 UTC]  INFO starter.ImportStarterUtil: Importing:	com.liferay.portal.model.Company
[28/05/23 20:06:47:575 UTC]  INFO starter.ImportStarterUtil: Found :	1 com.liferay.portal.model.Company(s)
[28/05/23 20:06:47:683 UTC]  INFO starter.ImportStarterUtil: **** Importing the file: /data/local/dotsecure/backup/temp/com.dotmarketing.business.Role_0000000000.json *****
[28/05/23 20:06:47:683 UTC]  INFO starter.ImportStarterUtil: Importing:	com.dotmarketing.business.Role
[28/05/23 20:06:47:704 UTC]  INFO starter.ImportStarterUtil: Found :	18 com.dotmarketing.business.Role(s)
[28/05/23 20:06:47:715 UTC]  INFO starter.ImportStarterUtil: roleKey:cms_users = 0
[28/05/23 20:06:47:717 UTC]  INFO starter.ImportStarterUtil: roleKey:System = 0
[28/05/23 20:06:47:720 UTC]  INFO starter.ImportStarterUtil: roleKey:DOTCMS_BACK_END_USER = 0
[28/05/23 20:06:47:724 UTC]  INFO starter.ImportStarterUtil: roleKey:cms_workflow_any_who_can_view = 0
[28/05/23 20:06:47:726 UTC]  INFO starter.ImportStarterUtil: roleKey:Form Editor = 0
[28/05/23 20:06:47:727 UTC]  INFO starter.ImportStarterUtil: roleKey:dotcms.org.default = 0
[28/05/23 20:06:47:729 UTC]  INFO starter.ImportStarterUtil: roleKey:cms_workflow_any_who_can_edit_permissions = 0
[28/05/23 20:06:47:732 UTC]  INFO starter.ImportStarterUtil: roleKey:cms_workflow_any_who_can_edit = 0
[28/05/23 20:06:47:733 UTC]  INFO starter.ImportStarterUtil: roleKey:CMS Anonymous = 0
[28/05/23 20:06:47:735 UTC]  INFO starter.ImportStarterUtil: roleKey:CMS Owner = 0
[28/05/23 20:06:47:737 UTC]  INFO starter.ImportStarterUtil: roleKey:Login As = 0
[28/05/23 20:06:47:740 UTC]  INFO starter.ImportStarterUtil: roleKey:LDAP User = 0
[28/05/23 20:06:47:742 UTC]  INFO starter.ImportStarterUtil: roleKey:CMS Administrator = 0
[28/05/23 20:06:47:743 UTC]  INFO starter.ImportStarterUtil: roleKey:DOTCMS_FRONT_END_USER = 0
[28/05/23 20:06:47:746 UTC]  INFO starter.ImportStarterUtil: roleKey:cms_workflow_any_who_can_publish = 0
[28/05/23 20:06:47:747 UTC]  INFO starter.ImportStarterUtil: roleKey:dotcms.org.1 = 0
[28/05/23 20:06:47:750 UTC]  INFO starter.ImportStarterUtil: roleKey:anonymous = 0
[28/05/23 20:06:47:751 UTC]  INFO starter.ImportStarterUtil: roleKey:Scripting Developer = 0
[28/05/23 20:06:47:753 UTC]  INFO starter.ImportStarterUtil: **** Importing the file: /data/local/dotsecure/backup/temp/com.liferay.portal.model.User.json *****
[28/05/23 20:06:47:755 UTC]  INFO starter.ImportStarterUtil: Importing:	com.liferay.portal.model.User
[28/05/23 20:06:47:797 UTC]  INFO starter.ImportStarterUtil: Found :	4 com.liferay.portal.model.User(s)
[28/05/23 20:06:47:854 UTC]  WARN util.LocaleUtil: null is not a valid language id
[28/05/23 20:06:47:869 UTC]  WARN business.UserHelper: Error loading user with id dotcms.org.1
[28/05/23 20:06:47:983 UTC]  INFO xml.Marshaller: Marshaller called using one of the *static*  marshal(Object, *) methods. This will ignore any  mapping files as specified. Please consider switching to  using Marshaller instances and calling one of the marshal(*) methods.
[28/05/23 20:06:49:292 UTC]  WARN business.UserHelper: Error loading user with id system
[28/05/23 20:06:50:230 UTC]  INFO util.SecurityLogger: class com.dotmarketing.business.RoleAPIImpl : Adding role:'Admin User' to user:dotcms.org.1 email:admin@dotcms.com -- ip:ukn,user:null
[28/05/23 20:06:50:238 UTC]  WARN business.UserHelper: Error loading user with id anonymous
[28/05/23 20:06:51:151 UTC]  INFO util.SecurityLogger: class com.dotmarketing.business.RoleAPIImpl : Adding role:'anonymous user anonymous' to user:anonymous email:anonymous@dotcms.anonymoususer -- ip:ukn,user:null
[28/05/23 20:06:51:157 UTC]  INFO starter.ImportStarterUtil: 
[28/05/23 20:06:51:157 UTC]  INFO starter.ImportStarterUtil: 
[28/05/23 20:06:51:158 UTC]  INFO starter.ImportStarterUtil: **** Importing the file: /data/local/dotsecure/backup/temp/com.dotmarketing.business.UsersRoles_0000000000.json *****
[28/05/23 20:06:51:158 UTC]  INFO starter.ImportStarterUtil: Importing:	com.dotmarketing.business.UsersRoles
[28/05/23 20:06:51:161 UTC]  INFO starter.ImportStarterUtil: Found :	14 com.dotmarketing.business.UsersRoles(s)
[28/05/23 20:06:51:173 UTC]  INFO starter.ImportStarterUtil: **** Importing the file: /data/local/dotsecure/backup/temp/com.dotmarketing.business.Layout_0000000000.json *****
[28/05/23 20:06:51:173 UTC]  INFO starter.ImportStarterUtil: Importing:	com.dotmarketing.business.Layout
[28/05/23 20:06:51:176 UTC]  INFO starter.ImportStarterUtil: Found :	11 com.dotmarketing.business.Layout(s)
[28/05/23 20:06:51:197 UTC]  INFO starter.ImportStarterUtil: **** Importing the file: /data/local/dotsecure/backup/temp/com.dotmarketing.business.PortletsLayouts_0000000000.json *****
[28/05/23 20:06:51:197 UTC]  INFO starter.ImportStarterUtil: Importing:	com.dotmarketing.business.PortletsLayouts
[28/05/23 20:06:51:206 UTC]  INFO starter.ImportStarterUtil: Found :	36 com.dotmarketing.business.PortletsLayouts(s)
[28/05/23 20:06:51:252 UTC]  INFO starter.ImportStarterUtil: **** Importing the file: /data/local/dotsecure/backup/temp/com.dotmarketing.business.LayoutsRoles_0000000000.json *****
[28/05/23 20:06:51:253 UTC]  INFO starter.ImportStarterUtil: Importing:	com.dotmarketing.business.LayoutsRoles
[28/05/23 20:06:51:255 UTC]  INFO starter.ImportStarterUtil: Found :	7 com.dotmarketing.business.LayoutsRoles(s)
[28/05/23 20:06:51:271 UTC]  INFO starter.ImportStarterUtil: **** Importing the file: /data/local/dotsecure/backup/temp/com.dotmarketing.portlets.languagesmanager.model.Language_0000000000.json *****
[28/05/23 20:06:51:271 UTC]  INFO starter.ImportStarterUtil: Importing:	com.dotmarketing.portlets.languagesmanager.model.Language
[28/05/23 20:06:51:276 UTC]  INFO starter.ImportStarterUtil: Found :	1 com.dotmarketing.portlets.languagesmanager.model.Language(s)
[28/05/23 20:06:51:303 UTC]  INFO starter.ImportStarterUtil: Importing folder path /System foldersystem folder
[28/05/23 20:06:51:372 UTC]  INFO starter.ImportStarterUtil: **** Importing the file: /data/local/dotsecure/backup/temp/com.dotmarketing.portlets.folders.model.Folder_0000000000.json *****
[28/05/23 20:06:51:376 UTC]  INFO starter.ImportStarterUtil: Importing:	com.dotmarketing.portlets.folders.model.Folder
[28/05/23 20:06:51:388 UTC]  INFO starter.ImportStarterUtil: Found :	1 com.dotmarketing.portlets.folders.model.Folder(s)
[28/05/23 20:06:51:893 UTC]  INFO business.ContentTypeAPIImpl: Content type not found with given id: c938b15f-bcb6-49ef-8651-14d455a97045. Continuing...
[28/05/23 20:06:52:042 UTC]  INFO util.ActivityLogger: class com.dotmarketing.util.ActivityLogger: system : Save Field Action , User system/system user added field Site/Folder to Persona Structure.
[28/05/23 20:06:52:104 UTC]  INFO util.ActivityLogger: class com.dotmarketing.util.ActivityLogger: system : Save Field Action , User system/system user added field Name to Persona Structure.
[28/05/23 20:06:52:158 UTC]  INFO util.ActivityLogger: class com.dotmarketing.util.ActivityLogger: system : Save Field Action , User system/system user added field Key Tag to Persona Structure.
[28/05/23 20:06:52:213 UTC]  INFO util.ActivityLogger: class com.dotmarketing.util.ActivityLogger: system : Save Field Action , User system/system user added field Photo to Persona Structure.
[28/05/23 20:06:52:267 UTC]  INFO util.ActivityLogger: class com.dotmarketing.util.ActivityLogger: system : Save Field Action , User system/system user added field Other Tags to Persona Structure.
[28/05/23 20:06:52:335 UTC]  INFO util.ActivityLogger: class com.dotmarketing.util.ActivityLogger: system : Save Field Action , User system/system user added field Description to Persona Structure.
[28/05/23 20:06:52:378 UTC]  INFO util.ActivityLogger: class com.dotcms.contenttype.business.ContentTypeAPIImpl: system : Save ContentType Action , User system/system user system user added ContentType Persona to host id:SYSTEM_HOST
[28/05/23 20:06:52:382 UTC]  INFO business.ContentTypeAPIImpl: UserId : system : ContentType : ContentType saved : Persona
[28/05/23 20:06:52:383 UTC]  INFO util.AdminLogger: UserId : system : class com.dotcms.contenttype.business.ContentTypeAPIImpl : ContentType : ContentType saved : Persona
[28/05/23 20:06:52:420 UTC]  INFO business.ContentTypeAPIImpl: Content type not found with given id: f4d7c1b8-2c88-4071-abf1-a5328977b07d. Continuing...
[28/05/23 20:06:52:439 UTC]  INFO util.ActivityLogger: class com.dotmarketing.util.ActivityLogger: system : Save Field Action , User system/system user added field Key to Language Variable Structure.
[28/05/23 20:06:52:459 UTC]  INFO util.ActivityLogger: class com.dotmarketing.util.ActivityLogger: system : Save Field Action , User system/system user added field Value to Language Variable Structure.
[28/05/23 20:06:52:466 UTC]  INFO util.ActivityLogger: class com.dotcms.contenttype.business.ContentTypeAPIImpl: system : Save ContentType Action , User system/system user system user added ContentType Language Variable to host id:SYSTEM_HOST
[28/05/23 20:06:52:467 UTC]  INFO business.ContentTypeAPIImpl: UserId : system : ContentType : ContentType saved : Language Variable
[28/05/23 20:06:52:468 UTC]  INFO util.AdminLogger: UserId : system : class com.dotcms.contenttype.business.ContentTypeAPIImpl : ContentType : ContentType saved : Language Variable
[28/05/23 20:06:52:496 UTC]  INFO business.ContentTypeAPIImpl: Content type not found with given id: 4d21b6d8-1711-4ae6-9419-89e2b1ae5a06. Continuing...
[28/05/23 20:06:52:515 UTC]  INFO util.ActivityLogger: class com.dotmarketing.util.ActivityLogger: system : Save Field Action , User system/system user added field Form ID to Forms Structure.
[28/05/23 20:06:52:531 UTC]  INFO util.ActivityLogger: class com.dotmarketing.util.ActivityLogger: system : Save Field Action , User system/system user added field Widget Title to Forms Structure.
[28/05/23 20:06:52:563 UTC]  INFO util.ActivityLogger: class com.dotmarketing.util.ActivityLogger: system : Save Field Action , User system/system user added field Widget Usage to Forms Structure.
[28/05/23 20:06:52:608 UTC]  INFO util.ActivityLogger: class com.dotmarketing.util.ActivityLogger: system : Save Field Action , User system/system user added field Widget Code to Forms Structure.
[28/05/23 20:06:52:654 UTC]  INFO util.ActivityLogger: class com.dotmarketing.util.ActivityLogger: system : Save Field Action , User system/system user added field Widget Pre-Execute to Forms Structure.
[28/05/23 20:06:52:664 UTC]  INFO util.ActivityLogger: class com.dotcms.contenttype.business.ContentTypeAPIImpl: system : Save ContentType Action , User system/system user system user added ContentType Forms to host id:SYSTEM_HOST
[28/05/23 20:06:52:664 UTC]  INFO business.ContentTypeAPIImpl: UserId : system : ContentType : ContentType saved : Forms
[28/05/23 20:06:52:664 UTC]  INFO util.AdminLogger: UserId : system : class com.dotcms.contenttype.business.ContentTypeAPIImpl : ContentType : ContentType saved : Forms
[28/05/23 20:06:52:690 UTC]  INFO business.ContentTypeAPIImpl: Content type not found with given id: f2d8a1c7-2b77-2081-bcf1-b5348988c08d. Continuing...
[28/05/23 20:06:52:717 UTC]  INFO util.ActivityLogger: class com.dotmarketing.util.ActivityLogger: system : Save Field Action , User system/system user added field Site or Folder to dotAsset Structure.
[28/05/23 20:06:52:752 UTC]  INFO util.ActivityLogger: class com.dotmarketing.util.ActivityLogger: system : Save Field Action , User system/system user added field Asset to dotAsset Structure.
[28/05/23 20:06:52:790 UTC]  INFO util.ActivityLogger: class com.dotmarketing.util.ActivityLogger: system : Save Field Action , User system/system user added field Tags to dotAsset Structure.
[28/05/23 20:06:52:806 UTC]  INFO util.ActivityLogger: class com.dotcms.contenttype.business.ContentTypeAPIImpl: system : Save ContentType Action , User system/system user system user added ContentType dotAsset to host id:SYSTEM_HOST
[28/05/23 20:06:52:806 UTC]  INFO business.ContentTypeAPIImpl: UserId : system : ContentType : ContentType saved : dotAsset
[28/05/23 20:06:52:806 UTC]  INFO util.AdminLogger: UserId : system : class com.dotcms.contenttype.business.ContentTypeAPIImpl : ContentType : ContentType saved : dotAsset
[28/05/23 20:06:52:907 UTC]  INFO business.ContentTypeAPIImpl: Content type not found with given id: 33888b6f-7a8e-4069-b1b6-5c1aa9d0a48d. Continuing...
[28/05/23 20:06:52:929 UTC]  INFO util.ActivityLogger: class com.dotmarketing.util.ActivityLogger: system : Save Field Action , User system/system user added field Host Or Folder to File Asset Structure.
[28/05/23 20:06:52:950 UTC]  INFO util.ActivityLogger: class com.dotmarketing.util.ActivityLogger: system : Save Field Action , User system/system user added field File Name to File Asset Structure.
[28/05/23 20:06:52:974 UTC]  INFO util.ActivityLogger: class com.dotmarketing.util.ActivityLogger: system : Save Field Action , User system/system user added field File Asset to File Asset Structure.
[28/05/23 20:06:53:003 UTC]  INFO util.ActivityLogger: class com.dotmarketing.util.ActivityLogger: system : Save Field Action , User system/system user added field Title to File Asset Structure.
[28/05/23 20:06:53:037 UTC]  INFO util.ActivityLogger: class com.dotmarketing.util.ActivityLogger: system : Save Field Action , User system/system user added field Metadata to File Asset Structure.
[28/05/23 20:06:53:077 UTC]  INFO util.ActivityLogger: class com.dotmarketing.util.ActivityLogger: system : Save Field Action , User system/system user added field Metadata to File Asset Structure.
[28/05/23 20:06:53:139 UTC]  INFO util.ActivityLogger: class com.dotmarketing.util.ActivityLogger: system : Save Field Action , User system/system user added field Show On Menu to File Asset Structure.
[28/05/23 20:06:53:180 UTC]  INFO util.ActivityLogger: class com.dotmarketing.util.ActivityLogger: system : Save Field Action , User system/system user added field Sort Order to File Asset Structure.
[28/05/23 20:06:53:222 UTC]  INFO util.ActivityLogger: class com.dotmarketing.util.ActivityLogger: system : Save Field Action , User system/system user added field Description to File Asset Structure.
[28/05/23 20:06:53:240 UTC]  INFO util.ActivityLogger: class com.dotcms.contenttype.business.ContentTypeAPIImpl: system : Save ContentType Action , User system/system user system user added ContentType File Asset to host id:SYSTEM_HOST
[28/05/23 20:06:53:247 UTC]  INFO business.ContentTypeAPIImpl: UserId : system : ContentType : ContentType saved : File Asset
[28/05/23 20:06:53:247 UTC]  INFO util.AdminLogger: UserId : system : class com.dotcms.contenttype.business.ContentTypeAPIImpl : ContentType : ContentType saved : File Asset
[28/05/23 20:06:53:298 UTC]  INFO business.ContentTypeAPIImpl: Content type not found with given id: 8e850645-bb92-4fda-a765-e67063a59be0. Continuing...
[28/05/23 20:06:53:318 UTC]  INFO util.ActivityLogger: class com.dotmarketing.util.ActivityLogger: system : Save Field Action , User system/system user added field Title to Vanity URL Structure.
[28/05/23 20:06:53:344 UTC]  INFO util.ActivityLogger: class com.dotmarketing.util.ActivityLogger: system : Save Field Action , User system/system user added field Site to Vanity URL Structure.
[28/05/23 20:06:53:391 UTC]  INFO util.ActivityLogger: class com.dotmarketing.util.ActivityLogger: system : Save Field Action , User system/system user added field Uri to Vanity URL Structure.
[28/05/23 20:06:53:419 UTC]  INFO util.ActivityLogger: class com.dotmarketing.util.ActivityLogger: system : Save Field Action , User system/system user added field Action to Vanity URL Structure.
[28/05/23 20:06:53:443 UTC]  INFO util.ActivityLogger: class com.dotmarketing.util.ActivityLogger: system : Save Field Action , User system/system user added field Forward To to Vanity URL Structure.
[28/05/23 20:06:53:480 UTC]  INFO util.ActivityLogger: class com.dotmarketing.util.ActivityLogger: system : Save Field Action , User system/system user added field Order to Vanity URL Structure.
[28/05/23 20:06:53:494 UTC]  INFO util.ActivityLogger: class com.dotcms.contenttype.business.ContentTypeAPIImpl: system : Save ContentType Action , User system/system user system user added ContentType Vanity URL to host id:SYSTEM_HOST
[28/05/23 20:06:53:494 UTC]  INFO business.ContentTypeAPIImpl: UserId : system : ContentType : ContentType saved : Vanity URL
[28/05/23 20:06:53:494 UTC]  INFO util.AdminLogger: UserId : system : class com.dotcms.contenttype.business.ContentTypeAPIImpl : ContentType : ContentType saved : Vanity URL
[28/05/23 20:06:53:514 UTC]  INFO business.ContentTypeAPIImpl: Content type not found with given id: c541abb1-69b3-4bc5-8430-5e09e5239cc8. Continuing...
[28/05/23 20:06:53:533 UTC]  INFO util.ActivityLogger: class com.dotmarketing.util.ActivityLogger: system : Save Field Action , User system/system user added field Title to Page Structure.
[28/05/23 20:06:53:552 UTC]  INFO util.ActivityLogger: class com.dotmarketing.util.ActivityLogger: system : Save Field Action , User system/system user added field Url to Page Structure.
[28/05/23 20:06:53:572 UTC]  INFO util.ActivityLogger: class com.dotmarketing.util.ActivityLogger: system : Save Field Action , User system/system user added field Host or Folder to Page Structure.
[28/05/23 20:06:53:594 UTC]  INFO util.ActivityLogger: class com.dotmarketing.util.ActivityLogger: system : Save Field Action , User system/system user added field Template to Page Structure.
[28/05/23 20:06:53:626 UTC]  INFO util.ActivityLogger: class com.dotmarketing.util.ActivityLogger: system : Save Field Action , User system/system user added field Friendly Name to Page Structure.
[28/05/23 20:06:53:684 UTC]  INFO util.ActivityLogger: class com.dotmarketing.util.ActivityLogger: system : Save Field Action , User system/system user added field Show on Menu to Page Structure.
[28/05/23 20:06:53:732 UTC]  INFO util.ActivityLogger: class com.dotmarketing.util.ActivityLogger: system : Save Field Action , User system/system user added field Sort Order to Page Structure.
[28/05/23 20:06:53:822 UTC]  INFO util.ActivityLogger: class com.dotmarketing.util.ActivityLogger: system : Save Field Action , User system/system user added field Cache TTL to Page Structure.
[28/05/23 20:06:53:900 UTC]  INFO util.ActivityLogger: class com.dotmarketing.util.ActivityLogger: system : Save Field Action , User system/system user added field Advanced Properties to Page Structure.
[28/05/23 20:06:53:990 UTC]  INFO util.ActivityLogger: class com.dotmarketing.util.ActivityLogger: system : Save Field Action , User system/system user added field Redirect Url to Page Structure.
[28/05/23 20:06:54:051 UTC]  INFO util.ActivityLogger: class com.dotmarketing.util.ActivityLogger: system : Save Field Action , User system/system user added field HTTPS Required to Page Structure.
[28/05/23 20:06:54:095 UTC]  INFO util.ActivityLogger: class com.dotmarketing.util.ActivityLogger: system : Save Field Action , User system/system user added field SEO Description to Page Structure.
[28/05/23 20:06:54:140 UTC]  INFO util.ActivityLogger: class com.dotmarketing.util.ActivityLogger: system : Save Field Action , User system/system user added field SEO Keywords to Page Structure.
[28/05/23 20:06:54:180 UTC]  INFO util.ActivityLogger: class com.dotmarketing.util.ActivityLogger: system : Save Field Action , User system/system user added field Page Metadata to Page Structure.
[28/05/23 20:06:54:223 UTC]  INFO util.ActivityLogger: class com.dotmarketing.util.ActivityLogger: system : Save Field Action , User system/system user added field Canonical URL to Page Structure.
[28/05/23 20:06:54:243 UTC]  INFO util.ActivityLogger: class com.dotcms.contenttype.business.ContentTypeAPIImpl: system : Save ContentType Action , User system/system user system user added ContentType Page to host id:SYSTEM_HOST
[28/05/23 20:06:54:244 UTC]  INFO business.ContentTypeAPIImpl: UserId : system : ContentType : ContentType saved : Page
[28/05/23 20:06:54:245 UTC]  INFO util.AdminLogger: UserId : system : class com.dotcms.contenttype.business.ContentTypeAPIImpl : ContentType : ContentType saved : Page
[28/05/23 20:06:54:312 UTC]  INFO business.ContentTypeAPIImpl: Content type not found with given id: 855a2d72-f2f3-4169-8b04-ac5157c4380c. Continuing...
[28/05/23 20:06:54:329 UTC]  INFO util.ActivityLogger: class com.dotmarketing.util.ActivityLogger: system : Save Field Action , User system/system user added field fields-2 to Host Structure.
[28/05/23 20:06:54:341 UTC]  INFO util.ActivityLogger: class com.dotmarketing.util.ActivityLogger: system : Save Field Action , User system/system user added field fields-3 to Host Structure.
[28/05/23 20:06:54:357 UTC]  INFO util.ActivityLogger: class com.dotmarketing.util.ActivityLogger: system : Save Field Action , User system/system user added field Site Key to Host Structure.
[28/05/23 20:06:54:376 UTC]  INFO util.ActivityLogger: class com.dotmarketing.util.ActivityLogger: system : Save Field Action , User system/system user added field Aliases to Host Structure.
[28/05/23 20:06:54:395 UTC]  INFO util.ActivityLogger: class com.dotmarketing.util.ActivityLogger: system : Save Field Action , User system/system user added field Tag Storage to Host Structure.
[28/05/23 20:06:54:428 UTC]  INFO util.ActivityLogger: class com.dotmarketing.util.ActivityLogger: system : Save Field Action , User system/system user added field Is Default to Host Structure.
[28/05/23 20:06:54:454 UTC]  INFO util.ActivityLogger: class com.dotmarketing.util.ActivityLogger: system : Save Field Action , User system/system user added field Is System Host to Host Structure.
[28/05/23 20:06:54:489 UTC]  INFO util.ActivityLogger: class com.dotmarketing.util.ActivityLogger: system : Save Field Action , User system/system user added field Host Thumbnail to Host Structure.
[28/05/23 20:06:54:517 UTC]  INFO util.ActivityLogger: class com.dotmarketing.util.ActivityLogger: system : Save Field Action , User system/system user added field Run Dashboard to Host Structure.
[28/05/23 20:06:54:529 UTC]  INFO util.ActivityLogger: class com.dotcms.contenttype.business.ContentTypeAPIImpl: system : Save ContentType Action , User system/system user system user added ContentType Host to host id:SYSTEM_HOST
[28/05/23 20:06:54:529 UTC]  INFO business.ContentTypeAPIImpl: UserId : system : ContentType : ContentType saved : Host
[28/05/23 20:06:54:529 UTC]  INFO util.AdminLogger: UserId : system : class com.dotcms.contenttype.business.ContentTypeAPIImpl : ContentType : ContentType saved : Host
[28/05/23 20:06:54:534 UTC]  INFO business.ContentTypeAPIImpl: Content type not found with given id: 2c46b6586c38852ac08a824a303ced80. Continuing...
[28/05/23 20:06:54:555 UTC]  INFO util.ActivityLogger: class com.dotmarketing.util.ActivityLogger: system : Save Field Action , User system/system user added field Site or Folder to Image Structure.
[28/05/23 20:06:54:576 UTC]  INFO util.ActivityLogger: class com.dotmarketing.util.ActivityLogger: system : Save Field Action , User system/system user added field Asset to Image Structure.
[28/05/23 20:06:54:603 UTC]  INFO util.ActivityLogger: class com.dotmarketing.util.ActivityLogger: system : Save Field Action , User system/system user added field Tags to Image Structure.
[28/05/23 20:06:54:611 UTC]  INFO util.ActivityLogger: class com.dotcms.contenttype.business.ContentTypeAPIImpl: system : Save ContentType Action , User system/system user system user added ContentType Image to host id:8a7d5e23-da1e-420a-b4f0-471e7da8ea2d
[28/05/23 20:06:54:611 UTC]  INFO business.ContentTypeAPIImpl: UserId : system : ContentType : ContentType saved : Image
[28/05/23 20:06:54:611 UTC]  INFO util.AdminLogger: UserId : system : class com.dotcms.contenttype.business.ContentTypeAPIImpl : ContentType : ContentType saved : Image
[28/05/23 20:06:54:620 UTC]  INFO business.ContentTypeAPIImpl: Content type not found with given id: c77450b834901a20c8193ef9d561ee5b. Continuing...
[28/05/23 20:06:54:640 UTC]  INFO util.ActivityLogger: class com.dotmarketing.util.ActivityLogger: system : Save Field Action , User system/system user added field Site or Folder to Video Structure.
[28/05/23 20:06:54:660 UTC]  INFO util.ActivityLogger: class com.dotmarketing.util.ActivityLogger: system : Save Field Action , User system/system user added field Asset to Video Structure.
[28/05/23 20:06:54:681 UTC]  INFO util.ActivityLogger: class com.dotmarketing.util.ActivityLogger: system : Save Field Action , User system/system user added field Tags to Video Structure.
[28/05/23 20:06:54:687 UTC]  INFO util.ActivityLogger: class com.dotcms.contenttype.business.ContentTypeAPIImpl: system : Save ContentType Action , User system/system user system user added ContentType Video to host id:8a7d5e23-da1e-420a-b4f0-471e7da8ea2d
[28/05/23 20:06:54:688 UTC]  INFO business.ContentTypeAPIImpl: UserId : system : ContentType : ContentType saved : Video
[28/05/23 20:06:54:688 UTC]  INFO util.AdminLogger: UserId : system : class com.dotcms.contenttype.business.ContentTypeAPIImpl : ContentType : ContentType saved : Video
[28/05/23 20:06:54:706 UTC]  INFO business.ContentTypeAPIImpl: Content type not found with given id: 2a3e91e4-fbbf-4876-8c5b-2233c1739b05. Continuing...
[28/05/23 20:06:54:718 UTC]  INFO util.ActivityLogger: class com.dotmarketing.util.ActivityLogger: system : Save Field Action , User system/system user added field Row Field to Content (Generic) Structure.
[28/05/23 20:06:54:730 UTC]  INFO util.ActivityLogger: class com.dotmarketing.util.ActivityLogger: system : Save Field Action , User system/system user added field Column Field to Content (Generic) Structure.
[28/05/23 20:06:54:743 UTC]  INFO util.ActivityLogger: class com.dotmarketing.util.ActivityLogger: system : Save Field Action , User system/system user added field Title to Content (Generic) Structure.
[28/05/23 20:06:54:764 UTC]  INFO util.ActivityLogger: class com.dotmarketing.util.ActivityLogger: system : Save Field Action , User system/system user added field Site to Content (Generic) Structure.
[28/05/23 20:06:54:783 UTC]  INFO util.ActivityLogger: class com.dotmarketing.util.ActivityLogger: system : Save Field Action , User system/system user added field Body to Content (Generic) Structure.
[28/05/23 20:06:54:794 UTC]  INFO util.ActivityLogger: class com.dotcms.contenttype.business.ContentTypeAPIImpl: system : Save ContentType Action , User system/system user system user added ContentType Content (Generic) to host id:SYSTEM_HOST
[28/05/23 20:06:54:794 UTC]  INFO business.ContentTypeAPIImpl: UserId : system : ContentType : ContentType saved : Content (Generic)
[28/05/23 20:06:54:794 UTC]  INFO util.AdminLogger: UserId : system : class com.dotcms.contenttype.business.ContentTypeAPIImpl : ContentType : ContentType saved : Content (Generic)
[28/05/23 20:06:54:798 UTC]  INFO business.ContentTypeAPIImpl: Content type not found with given id: ce930143870e11569f93f8a9fff5da19. Continuing...
[28/05/23 20:06:54:814 UTC]  INFO util.ActivityLogger: class com.dotmarketing.util.ActivityLogger: system : Save Field Action , User system/system user added field Screenshot to Dot Favorite Page Structure.
[28/05/23 20:06:54:824 UTC]  INFO util.ActivityLogger: class com.dotmarketing.util.ActivityLogger: system : Save Field Action , User system/system user added field title to Dot Favorite Page Structure.
[28/05/23 20:06:54:874 UTC]  INFO util.ActivityLogger: class com.dotmarketing.util.ActivityLogger: system : Save Field Action , User system/system user added field url to Dot Favorite Page Structure.
[28/05/23 20:06:54:905 UTC]  INFO util.ActivityLogger: class com.dotmarketing.util.ActivityLogger: system : Save Field Action , User system/system user added field order to Dot Favorite Page Structure.
[28/05/23 20:06:54:912 UTC]  INFO util.ActivityLogger: class com.dotcms.contenttype.business.ContentTypeAPIImpl: system : Save ContentType Action , User system/system user system user added ContentType Dot Favorite Page to host id:SYSTEM_HOST
[28/05/23 20:06:54:912 UTC]  INFO business.ContentTypeAPIImpl: UserId : system : ContentType : ContentType saved : Dot Favorite Page
[28/05/23 20:06:54:912 UTC]  INFO util.AdminLogger: UserId : system : class com.dotcms.contenttype.business.ContentTypeAPIImpl : ContentType : ContentType saved : Dot Favorite Page
[28/05/23 20:06:54:916 UTC]  INFO starter.ImportStarterUtil: **** Importing the file: /data/local/dotsecure/backup/temp/com.dotmarketing.portlets.contentlet.model.Contentlet_0000000000.json *****
[28/05/23 20:06:54:916 UTC]  INFO starter.ImportStarterUtil: Importing:	com.dotmarketing.portlets.contentlet.model.Contentlet
[28/05/23 20:06:55:163 UTC]  INFO starter.ImportStarterUtil: Found :	5 com.dotmarketing.portlets.contentlet.model.Contentlet(s)
[28/05/23 20:06:55:296 UTC]  INFO timedcache.TimedCacheProvider: ***	 Building Cache : esquerycache, size:10000, seconds:3600,Concurrency:32 (every 60000 millis)
[28/05/23 20:06:55:772 UTC]  INFO util.SecurityLogger: class com.dotmarketing.portlets.workflows.business.WorkflowAPIImpl : Workflow Scheme 'System Workflow' [d61a59e1-a49c-46f2-a929-db2b4bfa88b2] has been saved by User ID 'system' -- ip:ukn,user:null
[28/05/23 20:06:55:780 UTC]  INFO util.SecurityLogger: class com.dotmarketing.portlets.workflows.business.WorkflowAPIImpl : Workflow Step 'New' [6cb7e3bd-1710-4eed-8838-d3db60f78f19] has been saved by User ID 'system' -- ip:ukn,user:null
[28/05/23 20:06:55:782 UTC]  INFO util.SecurityLogger: class com.dotmarketing.portlets.workflows.business.WorkflowAPIImpl : Workflow Step 'Draft' [ee24a4cb-2d15-4c98-b1bd-6327126451f3] has been saved by User ID 'system' -- ip:ukn,user:null
[28/05/23 20:06:55:785 UTC]  INFO util.SecurityLogger: class com.dotmarketing.portlets.workflows.business.WorkflowAPIImpl : Workflow Step 'Published' [dc3c9cd0-8467-404b-bf95-cb7df3fbc293] has been saved by User ID 'system' -- ip:ukn,user:null
[28/05/23 20:06:55:788 UTC]  INFO util.SecurityLogger: class com.dotmarketing.portlets.workflows.business.WorkflowAPIImpl : Workflow Step 'Archived' [d6b095b6-b65f-4bdb-bbfd-701d663dfee2] has been saved by User ID 'system' -- ip:ukn,user:null
[28/05/23 20:06:55:794 UTC]  INFO util.SecurityLogger: class com.dotmarketing.portlets.workflows.business.WorkflowAPIImpl : Action id: '4da13a42-5d59-480c-ad8f-94a3adf809fe' has been reordered by user: system -- ip:ukn,user:null
[28/05/23 20:06:55:804 UTC]  INFO util.SecurityLogger: class com.dotmarketing.portlets.workflows.business.WorkflowAPIImpl : Action id: '963f6a04-5320-42e7-ab74-6d876d199946' has been reordered by user: system -- ip:ukn,user:null
[28/05/23 20:06:55:809 UTC]  INFO util.SecurityLogger: class com.dotmarketing.portlets.workflows.business.WorkflowAPIImpl : Action id: '777f1c6b-c877-4a37-ba4b-10627316c2cc' has been reordered by user: system -- ip:ukn,user:null
[28/05/23 20:06:55:813 UTC]  INFO util.SecurityLogger: class com.dotmarketing.portlets.workflows.business.WorkflowAPIImpl : Action id: '1e0f1c6b-b67f-4c99-983d-db2b4bfa88b2' has been reordered by user: system -- ip:ukn,user:null
[28/05/23 20:06:55:818 UTC]  INFO util.SecurityLogger: class com.dotmarketing.portlets.workflows.business.WorkflowAPIImpl : Action id: 'dd4c4b7c-e9d3-4dc0-8fbf-36102f9c6324' has been reordered by user: system -- ip:ukn,user:null
[28/05/23 20:06:55:823 UTC]  INFO util.SecurityLogger: class com.dotmarketing.portlets.workflows.business.WorkflowAPIImpl : Action id: 'b9d89c80-3d88-4311-8365-187323c96436' has been reordered by user: system -- ip:ukn,user:null
[28/05/23 20:06:55:827 UTC]  INFO util.SecurityLogger: class com.dotmarketing.portlets.workflows.business.WorkflowAPIImpl : Action id: 'ceca71a0-deee-4999-bd47-b01baa1bcfc8' has been reordered by user: system -- ip:ukn,user:null
[28/05/23 20:06:55:830 UTC]  INFO util.SecurityLogger: class com.dotmarketing.portlets.workflows.business.WorkflowAPIImpl : Action id: 'c92f9aa1-9503-4567-ac30-d3242b54d02d' has been reordered by user: system -- ip:ukn,user:null
[28/05/23 20:06:55:834 UTC]  INFO util.SecurityLogger: class com.dotmarketing.portlets.workflows.business.WorkflowAPIImpl : Action id: '38efc763-d78f-4e4b-b092-59cd8c579b93' has been reordered by user: system -- ip:ukn,user:null
[28/05/23 20:06:55:857 UTC]  INFO util.SecurityLogger: class com.dotmarketing.portlets.workflows.business.WorkflowAPIImpl : The action id: 'ceca71a0-deee-4999-bd47-b01baa1bcfc8' has been saved by the user: system -- ip:ukn,user:null
[28/05/23 20:06:55:863 UTC]  INFO util.SecurityLogger: class com.dotmarketing.portlets.workflows.business.WorkflowAPIImpl : The action id: 'b9d89c80-3d88-4311-8365-187323c96436' has been saved by the user: system -- ip:ukn,user:null
[28/05/23 20:06:55:875 UTC]  INFO util.SecurityLogger: class com.dotmarketing.portlets.workflows.business.WorkflowAPIImpl : The action id: '777f1c6b-c877-4a37-ba4b-10627316c2cc' has been saved by the user: system -- ip:ukn,user:null
[28/05/23 20:06:55:889 UTC]  INFO util.SecurityLogger: class com.dotmarketing.portlets.workflows.business.WorkflowAPIImpl : The action id: 'ceca71a0-deee-4999-bd47-b01baa1bcfc8' has been saved by the user: system -- ip:ukn,user:null
[28/05/23 20:06:55:900 UTC]  INFO util.SecurityLogger: class com.dotmarketing.portlets.workflows.business.WorkflowAPIImpl : The action id: 'dd4c4b7c-e9d3-4dc0-8fbf-36102f9c6324' has been saved by the user: system -- ip:ukn,user:null
[28/05/23 20:06:55:907 UTC]  INFO util.SecurityLogger: class com.dotmarketing.portlets.workflows.business.WorkflowAPIImpl : The action id: '38efc763-d78f-4e4b-b092-59cd8c579b93' has been saved by the user: system -- ip:ukn,user:null
[28/05/23 20:06:55:917 UTC]  INFO util.SecurityLogger: class com.dotmarketing.portlets.workflows.business.WorkflowAPIImpl : The action id: '963f6a04-5320-42e7-ab74-6d876d199946' has been saved by the user: system -- ip:ukn,user:null
[28/05/23 20:06:55:928 UTC]  INFO util.SecurityLogger: class com.dotmarketing.portlets.workflows.business.WorkflowAPIImpl : The action id: 'b9d89c80-3d88-4311-8365-187323c96436' has been saved by the user: system -- ip:ukn,user:null
[28/05/23 20:06:55:936 UTC]  INFO util.SecurityLogger: class com.dotmarketing.portlets.workflows.business.WorkflowAPIImpl : The action id: '4da13a42-5d59-480c-ad8f-94a3adf809fe' has been saved by the user: system -- ip:ukn,user:null
[28/05/23 20:06:55:943 UTC]  INFO util.SecurityLogger: class com.dotmarketing.portlets.workflows.business.WorkflowAPIImpl : The action id: '963f6a04-5320-42e7-ab74-6d876d199946' has been saved by the user: system -- ip:ukn,user:null
[28/05/23 20:06:55:948 UTC]  INFO util.SecurityLogger: class com.dotmarketing.portlets.workflows.business.WorkflowAPIImpl : The action id: '38efc763-d78f-4e4b-b092-59cd8c579b93' has been saved by the user: system -- ip:ukn,user:null
[28/05/23 20:06:55:954 UTC]  INFO util.SecurityLogger: class com.dotmarketing.portlets.workflows.business.WorkflowAPIImpl : The action id: 'ceca71a0-deee-4999-bd47-b01baa1bcfc8' has been saved by the user: system -- ip:ukn,user:null
[28/05/23 20:06:55:960 UTC]  INFO util.SecurityLogger: class com.dotmarketing.portlets.workflows.business.WorkflowAPIImpl : The action id: '4da13a42-5d59-480c-ad8f-94a3adf809fe' has been saved by the user: system -- ip:ukn,user:null
[28/05/23 20:06:55:966 UTC]  INFO util.SecurityLogger: class com.dotmarketing.portlets.workflows.business.WorkflowAPIImpl : The action id: 'b9d89c80-3d88-4311-8365-187323c96436' has been saved by the user: system -- ip:ukn,user:null
[28/05/23 20:06:55:971 UTC]  INFO util.SecurityLogger: class com.dotmarketing.portlets.workflows.business.WorkflowAPIImpl : The action id: 'dd4c4b7c-e9d3-4dc0-8fbf-36102f9c6324' has been saved by the user: system -- ip:ukn,user:null
[28/05/23 20:06:55:984 UTC]  INFO util.SecurityLogger: class com.dotmarketing.portlets.workflows.business.WorkflowAPIImpl : The action id: 'c92f9aa1-9503-4567-ac30-d3242b54d02d' has been saved by the user: system -- ip:ukn,user:null
[28/05/23 20:06:55:990 UTC]  INFO util.SecurityLogger: class com.dotmarketing.portlets.workflows.business.WorkflowAPIImpl : The action id: '777f1c6b-c877-4a37-ba4b-10627316c2cc' has been saved by the user: system -- ip:ukn,user:null
[28/05/23 20:06:55:995 UTC]  INFO util.SecurityLogger: class com.dotmarketing.portlets.workflows.business.WorkflowAPIImpl : The action id: '1e0f1c6b-b67f-4c99-983d-db2b4bfa88b2' has been saved by the user: system -- ip:ukn,user:null
[28/05/23 20:06:56:093 UTC]  INFO util.SecurityLogger: class com.dotmarketing.portlets.workflows.business.WorkflowAPIImpl : Saving class parameters by the user: system -- ip:ukn,user:null
[28/05/23 20:06:56:104 UTC]  INFO starter.ImportStarterUtil: **** Importing the file: /data/local/dotsecure/backup/temp/com.dotmarketing.beans.Permission_0000000000.json *****
[28/05/23 20:06:56:104 UTC]  INFO starter.ImportStarterUtil: Importing:	com.dotmarketing.beans.Permission
[28/05/23 20:06:56:110 UTC]  INFO starter.ImportStarterUtil: Found :	20 com.dotmarketing.beans.Permission(s)
[28/05/23 20:06:56:128 UTC]  INFO starter.ImportStarterUtil: **** Importing the file: /data/local/dotsecure/backup/temp/com.dotmarketing.portlets.contentlet.model.ContentletVersionInfo_0000000000.json *****
[28/05/23 20:06:56:129 UTC]  INFO starter.ImportStarterUtil: Importing:	com.dotmarketing.portlets.contentlet.model.ContentletVersionInfo
[28/05/23 20:06:56:131 UTC]  INFO starter.ImportStarterUtil: Found :	3 com.dotmarketing.portlets.contentlet.model.ContentletVersionInfo(s)
[28/05/23 20:06:56:194 UTC]  INFO starter.ImportStarterUtil: **** Importing the file: /data/local/dotsecure/backup/temp/com.dotmarketing.portlets.workflows.model.WorkflowTask_0000000000.json *****
[28/05/23 20:06:56:196 UTC]  INFO starter.ImportStarterUtil: Importing:	com.dotmarketing.portlets.workflows.model.WorkflowTask
[28/05/23 20:06:56:200 UTC]  INFO starter.ImportStarterUtil: Found :	1 com.dotmarketing.portlets.workflows.model.WorkflowTask(s)
[28/05/23 20:06:56:207 UTC]  INFO starter.ImportStarterUtil: **** Importing the file: /data/local/dotsecure/backup/temp/Image.json *****
[28/05/23 20:06:56:208 UTC]  INFO starter.ImportStarterUtil: Importing:	Image
[28/05/23 20:07:01:479 UTC]  INFO starter.ImportStarterUtil: Found :	1 Image(s)
[28/05/23 20:07:01:481 UTC]  INFO starter.ImportStarterUtil: **** Importing the file: /data/local/dotsecure/backup/temp/Portlet.json *****
[28/05/23 20:07:01:481 UTC]  INFO starter.ImportStarterUtil: Importing:	Portlet
[28/05/23 20:07:01:482 UTC]  INFO starter.ImportStarterUtil: Found :	3 Portlet(s)
[28/05/23 20:07:01:488 UTC]  INFO starter.ImportStarterUtil: Done Importing
[28/05/23 20:07:01:492 UTC]  INFO runonce.Task210321RemoveOldMetadataFiles:  executing metadata clean up under path /data/shared/assets
[28/05/23 20:07:01:500 UTC]  INFO db.DotCMSInitDb:  `1` old metadata entries removed and `0` old content files from the starter.
[28/05/23 20:07:01:508 UTC]  INFO timedcache.TimedCacheProvider: ===== Initializing [Timed Cache Provider].
[28/05/23 20:07:01:509 UTC]  INFO timedcache.TimedCacheProvider: ***	 Cache Config Memory : esquerycache: 10000
[28/05/23 20:07:01:509 UTC]  INFO timedcache.TimedCacheProvider: ***	 Cache Config Memory : esquerycountcache: 10000
[28/05/23 20:07:01:510 UTC]  INFO timedcache.TimedCacheProvider: ***	 Cache Config Memory : graphqlquerycache: 5000
[28/05/23 20:07:01:510 UTC]  INFO timedcache.TimedCacheProvider: ***	 Cache Config Memory : default: 1000
[28/05/23 20:07:01:511 UTC]  INFO timedcache.TimedCacheProvider: ***	 Cache Config Memory : adminconfigpool: 100
[28/05/23 20:07:01:511 UTC]  INFO timedcache.TimedCacheProvider: ***	 Cache Config Memory : companypool: 10
[28/05/23 20:07:01:511 UTC]  INFO timedcache.TimedCacheProvider: ***	 Cache Config Memory : contentletcache: 5000
[28/05/23 20:07:01:512 UTC]  INFO timedcache.TimedCacheProvider: ***	 Cache Config Memory : categoryparentscache: 30000
[28/05/23 20:07:01:512 UTC]  INFO timedcache.TimedCacheProvider: ***	 Cache Config Memory : taginodecache: 50000
[28/05/23 20:07:01:512 UTC]  INFO timedcache.TimedCacheProvider: ***	 Cache Config Memory : taginodesbyinodecache: 50000
[28/05/23 20:07:01:513 UTC]  INFO timedcache.TimedCacheProvider: ***	 Cache Config Memory : tagcache: 50000
[28/05/23 20:07:01:513 UTC]  INFO timedcache.TimedCacheProvider: ***	 Cache Config Memory : csscache: 2500
[28/05/23 20:07:01:514 UTC]  INFO timedcache.TimedCacheProvider: ***	 Cache Config Memory : assetmetadatacache: 10000
[28/05/23 20:07:01:514 UTC]  INFO timedcache.TimedCacheProvider: ***	 Cache Config Memory : identifiercache: 50000
[28/05/23 20:07:01:514 UTC]  INFO timedcache.TimedCacheProvider: ***	 Cache Config Memory : identifier404cache: 30000
[28/05/23 20:07:01:515 UTC]  INFO timedcache.TimedCacheProvider: ***	 Cache Config Memory : indiciescache: 8
[28/05/23 20:07:01:515 UTC]  INFO timedcache.TimedCacheProvider: ***	 Cache Config Memory : logmappercache: 10
[28/05/23 20:07:01:516 UTC]  INFO timedcache.TimedCacheProvider: ***	 Cache Config Memory : navcache: 1000
[28/05/23 20:07:01:517 UTC]  INFO timedcache.TimedCacheProvider: ***	 Cache Config Memory : parentpermissionablecache: 10000
[28/05/23 20:07:01:517 UTC]  INFO timedcache.TimedCacheProvider: ***	 Cache Config Memory : permissioncache: 50000
[28/05/23 20:07:01:517 UTC]  INFO timedcache.TimedCacheProvider: ***	 Cache Config Memory : portletpool: 100
[28/05/23 20:07:01:517 UTC]  INFO timedcache.TimedCacheProvider: ***	 Cache Config Memory : publishingendpointcache: 100
[28/05/23 20:07:01:518 UTC]  INFO timedcache.TimedCacheProvider: ***	 Cache Config Memory : pushedassetscache: 5000
[28/05/23 20:07:01:518 UTC]  INFO timedcache.TimedCacheProvider: ***	 Cache Config Memory : templatecache: 500
[28/05/23 20:07:01:518 UTC]  INFO timedcache.TimedCacheProvider: ***	 Cache Config Memory : translatedquerycache: 5000
[28/05/23 20:07:01:519 UTC]  INFO timedcache.TimedCacheProvider: ***	 Cache Config Memory : versioncache: 50000
[28/05/23 20:07:01:519 UTC]  INFO timedcache.TimedCacheProvider: ***	 Cache Config Memory : versioninfocache: 50000
[28/05/23 20:07:01:519 UTC]  INFO timedcache.TimedCacheProvider: ***	 Cache Config Memory : workflowactioncache: 10000
[28/05/23 20:07:01:519 UTC]  INFO timedcache.TimedCacheProvider: ***	 Cache Config Memory : workflowtaskcache: 10000
[28/05/23 20:07:01:520 UTC]  INFO timedcache.TimedCacheProvider: ***	 Cache Config Memory : shortyidcache: 25000
[28/05/23 20:07:01:520 UTC]  INFO timedcache.TimedCacheProvider: ***	 Cache Config Memory : velocitycache: 5000
[28/05/23 20:07:01:520 UTC]  INFO timedcache.TimedCacheProvider: ***	 Cache Config Memory : vanityurldirectcache: 25000
[28/05/23 20:07:01:520 UTC]  INFO timedcache.TimedCacheProvider: ***	 Cache Config Memory : vanityurlsitecache: 5000
[28/05/23 20:07:01:521 UTC]  INFO h22.H22Cache: Start Full Cache Flush in h22
[28/05/23 20:07:01:521 UTC]  INFO h22.H22Cache: Building new H22 Cache, db:0
[28/05/23 20:07:01:521 UTC]  INFO h22.H22HikariPool: H22 on disk cache:jdbc:h2:/data/local/dotsecure/h22cache/0/2023-05-28_20-07-01/cache;MVCC=TRUE;DB_CLOSE_ON_EXIT=FALSE
[28/05/23 20:07:01:614 UTC]  INFO h22.H22Cache: Building new H22 Cache, db:1
[28/05/23 20:07:01:615 UTC]  INFO h22.H22HikariPool: H22 on disk cache:jdbc:h2:/data/local/dotsecure/h22cache/1/2023-05-28_20-07-01/cache;MVCC=TRUE;DB_CLOSE_ON_EXIT=FALSE
[28/05/23 20:07:01:701 UTC]  INFO h22.H22Cache: End Full Cache Flush in h22 : 180ms
[28/05/23 20:07:01:735 UTC]  INFO reindex.ReindexThread: --- Recreating ReindexThread from stopped
[28/05/23 20:07:01:738 UTC]  INFO framework.OSGISystem: Starting: OSGi System Framework
[28/05/23 20:07:01:739 UTC]  INFO framework.OSGISystem: Felix System base dir: /srv/dotserver/tomcat-9.0.60/webapps/ROOT/WEB-INF/felix-system
[28/05/23 20:07:01:747 UTC]  INFO framework.OSGIUtil: Loading Factory org.apache.felix.framework.FrameworkFactory
[28/05/23 20:07:02:264 UTC]  INFO init.SamlInitializer: SAML Init STARTED...
[28/05/23 20:07:03:442 UTC]  INFO init.SamlInitializer: Doing instance of Java Crypto validator
[28/05/23 20:07:03:442 UTC]  INFO init.SamlInitializer: Getting the Security Providers
[28/05/23 20:07:03:442 UTC]  INFO init.SamlInitializer: - SUN (DSA key/parameter generation; DSA signing; SHA-1, MD5 digests; SecureRandom; X.509 certificates; PKCS12, JKS & DKS keystores; PKIX CertPathValidator; PKIX CertPathBuilder; LDAP, Collection CertStores, JavaPolicy Policy; JavaLoginConfig Configuration)
[28/05/23 20:07:03:442 UTC]  INFO init.SamlInitializer: - Sun RSA signature provider
[28/05/23 20:07:03:442 UTC]  INFO init.SamlInitializer: - Sun Elliptic Curve provider (EC, ECDSA, ECDH)
[28/05/23 20:07:03:442 UTC]  INFO init.SamlInitializer: - Sun JSSE provider(PKCS12, SunX509/PKIX key/trust factories, SSLv3/TLSv1/TLSv1.1/TLSv1.2/TLSv1.3/DTLSv1.0/DTLSv1.2)
[28/05/23 20:07:03:442 UTC]  INFO init.SamlInitializer: - SunJCE Provider (implements RSA, DES, Triple DES, AES, Blowfish, ARCFOUR, RC2, PBE, Diffie-Hellman, HMAC, ChaCha20)
[28/05/23 20:07:03:442 UTC]  INFO init.SamlInitializer: - Sun (Kerberos v5, SPNEGO)
[28/05/23 20:07:03:442 UTC]  INFO init.SamlInitializer: - Sun SASL provider(implements client mechanisms for: DIGEST-MD5, EXTERNAL, PLAIN, CRAM-MD5, NTLM; server mechanisms for: DIGEST-MD5, CRAM-MD5, NTLM)
[28/05/23 20:07:03:442 UTC]  INFO init.SamlInitializer: - JdkLDAP Provider (implements LDAP CertStore)
[28/05/23 20:07:03:442 UTC]  INFO init.SamlInitializer: Doing Init of SignatureValidationProvider
[28/05/23 20:07:03:449 UTC]  INFO init.SamlInitializer: SAML Init DONE
[28/05/23 20:07:03:449 UTC]  INFO init.SamlInitializer: Setting basic parser pool
[28/05/23 20:07:03:452 UTC]  INFO osgi.Activator: Adding the SAML Web Filter
[28/05/23 20:07:03:514 UTC]  INFO osgi.Activator: Adding the SAML Web Service: com.dotcms.auth.providers.saml.v1.DotSamlResource
[28/05/23 20:07:04:243 UTC]  INFO osgi.Activator: Subscribing to  AppSecretSavedEvent events
[28/05/23 20:07:04:696 UTC]  INFO framework.OSGISystem: Started : OSGi System Framework
[28/05/23 20:07:04:697 UTC]  INFO reindex.ReindexThread: --- ReindexThread Running (every 60000 millis)
[28/05/23 20:07:04:701 UTC]  INFO db.DotCMSInitDb: Building Initial Index
[28/05/23 20:07:04:708 UTC]  INFO reindex.ReindexThread: ---  ReindexThread is starting, background indexing will begin
[28/05/23 20:07:04:752 UTC]  INFO business.ESIndexAPI: createIndex : Trying to create index: cluster_205a80cee7.working_20230528200704 with shards: 0
[28/05/23 20:07:04:754 UTC]  INFO util.AdminLogger: class com.dotcms.content.elasticsearch.business.ESIndexAPI : createIndex : Trying to create index: cluster_205a80cee7.working_20230528200704 with shards: 0
[28/05/23 20:07:04:754 UTC]  WARN business.ESIndexAPI: Unable to parse shards from config
[28/05/23 20:07:04:755 UTC]  WARN business.ESIndexAPI: null
[28/05/23 20:07:04:756 UTC]  WARN business.ESIndexAPI: java.base/java.lang.Integer.parseInt(Integer.java:614)
[28/05/23 20:07:05:132 UTC]  INFO business.ESIndexAPI: createIndex : Index created: cluster_205a80cee7.working_20230528200704 with shards: 1
[28/05/23 20:07:05:132 UTC]  INFO util.AdminLogger: class com.dotcms.content.elasticsearch.business.ESIndexAPI : createIndex : Index created: cluster_205a80cee7.working_20230528200704 with shards: 1
[28/05/23 20:07:05:226 UTC]  INFO business.ESIndexAPI: createIndex : Trying to create index: cluster_205a80cee7.live_20230528200704 with shards: 0
[28/05/23 20:07:05:226 UTC]  INFO util.AdminLogger: class com.dotcms.content.elasticsearch.business.ESIndexAPI : createIndex : Trying to create index: cluster_205a80cee7.live_20230528200704 with shards: 0
[28/05/23 20:07:05:226 UTC]  WARN business.ESIndexAPI: Unable to parse shards from config
[28/05/23 20:07:05:226 UTC]  WARN business.ESIndexAPI: null
[28/05/23 20:07:05:228 UTC]  WARN business.ESIndexAPI: java.base/java.lang.Integer.parseInt(Integer.java:614)
[28/05/23 20:07:05:361 UTC]  INFO business.ESIndexAPI: createIndex : Index created: cluster_205a80cee7.live_20230528200704 with shards: 1
[28/05/23 20:07:05:362 UTC]  INFO util.AdminLogger: class com.dotcms.content.elasticsearch.business.ESIndexAPI : createIndex : Index created: cluster_205a80cee7.live_20230528200704 with shards: 1
[28/05/23 20:07:05:471 UTC]  INFO servlets.InitServlet: 
[28/05/23 20:07:05:471 UTC]  INFO servlets.InitServlet:  * Copyright (c) 2023 dotCMS Inc. 
[28/05/23 20:07:05:472 UTC]  INFO servlets.InitServlet:  * This software, code and any modifications to the code are licensed under the terms of the dotCMS Enterprise License 
[28/05/23 20:07:05:472 UTC]  INFO servlets.InitServlet:  * which can be found here : https://www.github.com/dotCMS/core/LICENSE 
[28/05/23 20:07:05:473 UTC]  INFO servlets.InitServlet: 
[28/05/23 20:07:07:174 UTC]  WARN util.FileUtil:  Fail to remove destination dir [/data/local/dotsecure/trash/h22/20230528200707173/2023-05-28_20-06-43]
[28/05/23 20:07:07:263 UTC]  WARN util.FileUtil:  Fail to remove destination dir [/data/local/dotsecure/trash/h22/20230528200707262/2023-05-28_20-06-43]
[28/05/23 20:07:09:954 UTC]  INFO reindex.ReindexThread: --- Unpausing reindex thread 
[28/05/23 20:07:10:807 UTC]  INFO reindex.BulkProcessorListener: -----------
[28/05/23 20:07:10:809 UTC]  INFO reindex.BulkProcessorListener: Reindexing Server #  : 1 of 1
[28/05/23 20:07:10:810 UTC]  INFO reindex.BulkProcessorListener: Total Indexed        : 0
[28/05/23 20:07:10:811 UTC]  INFO reindex.BulkProcessorListener: ReindexEntries found : 3
[28/05/23 20:07:10:812 UTC]  INFO reindex.BulkProcessorListener: BulkRequests created : 6
[28/05/23 20:07:10:813 UTC]  INFO reindex.BulkProcessorListener: -----------
[28/05/23 20:07:12:958 UTC]  INFO db.DotCMSInitDb: Records left to index : 0
[28/05/23 20:07:12:959 UTC]  INFO db.DotCMSInitDb: While in DevMode dotCMS will not set an initial password to the admin user.
[28/05/23 20:07:12:960 UTC]  INFO startup.StartupTasksExecutor: Not Running Startup Tasks: Task00005LoadFixassets
[28/05/23 20:07:13:009 UTC]  INFO startup.StartupTasksExecutor: Running Startup Tasks : Task00006CreateSystemLayout
[28/05/23 20:07:16:024 UTC]  INFO startup.StartupTasksExecutor: Not Running Startup Tasks: Task00007RemoveSitesearchQuartzJob
[28/05/23 20:07:16:026 UTC]  INFO startup.StartupTasksExecutor: Running Startup Tasks : Task00040CheckAnonymousUser
[28/05/23 20:07:16:221 UTC]  INFO apps.SecretsKeyStoreHelper: KeyStore loaded successfully after `1` tries.
[28/05/23 20:07:16:221 UTC]  INFO startup.StartupTasksExecutor: Not Running Startup Tasks: Task00050LoadAppsSecrets
[28/05/23 20:07:16:223 UTC]  INFO startup.StartupTasksExecutor: Finishing startup tasks.
[28/05/23 20:07:16:223 UTC]  INFO startup.StartupTasksExecutor: ---
[28/05/23 20:07:16:223 UTC]  INFO startup.StartupTasksExecutor: 
[28/05/23 20:07:16:223 UTC]  INFO startup.StartupTasksExecutor: Running Upgrade Tasks
[28/05/23 20:07:16:223 UTC]  INFO startup.StartupTasksExecutor: Database version: 0
[28/05/23 20:07:17:437 UTC]  INFO startup.StartupTasksExecutor: Database upgraded to version: 760
[28/05/23 20:07:17:438 UTC]  INFO startup.StartupTasksExecutor: Database upgraded to version: 765
[28/05/23 20:07:17:439 UTC]  INFO startup.StartupTasksExecutor: Database upgraded to version: 766
[28/05/23 20:07:17:440 UTC]  INFO startup.StartupTasksExecutor: Database upgraded to version: 767
[28/05/23 20:07:17:441 UTC]  INFO startup.StartupTasksExecutor: Database upgraded to version: 768
[28/05/23 20:07:17:442 UTC]  INFO startup.StartupTasksExecutor: Database upgraded to version: 769
[28/05/23 20:07:17:444 UTC]  INFO startup.StartupTasksExecutor: Database upgraded to version: 775
[28/05/23 20:07:17:445 UTC]  INFO startup.StartupTasksExecutor: Database upgraded to version: 780
[28/05/23 20:07:17:446 UTC]  INFO startup.StartupTasksExecutor: Database upgraded to version: 782
[28/05/23 20:07:17:447 UTC]  INFO startup.StartupTasksExecutor: Database upgraded to version: 785
[28/05/23 20:07:17:448 UTC]  INFO startup.StartupTasksExecutor: Database upgraded to version: 790
[28/05/23 20:07:17:450 UTC]  INFO startup.StartupTasksExecutor: Database upgraded to version: 795
[28/05/23 20:07:17:451 UTC]  INFO startup.StartupTasksExecutor: Database upgraded to version: 800
[28/05/23 20:07:17:452 UTC]  INFO startup.StartupTasksExecutor: Database upgraded to version: 805
[28/05/23 20:07:17:454 UTC]  INFO startup.StartupTasksExecutor: Database upgraded to version: 810
[28/05/23 20:07:17:455 UTC]  INFO startup.StartupTasksExecutor: Database upgraded to version: 815
[28/05/23 20:07:17:460 UTC]  INFO startup.StartupTasksExecutor: Database upgraded to version: 820
[28/05/23 20:07:17:460 UTC]  INFO startup.StartupTasksExecutor: Database upgraded to version: 825
[28/05/23 20:07:17:462 UTC]  INFO startup.StartupTasksExecutor: Database upgraded to version: 835
[28/05/23 20:07:17:463 UTC]  INFO startup.StartupTasksExecutor: Database upgraded to version: 840
[28/05/23 20:07:17:464 UTC]  INFO startup.StartupTasksExecutor: Database upgraded to version: 845
[28/05/23 20:07:17:471 UTC]  INFO startup.StartupTasksExecutor: Database upgraded to version: 850
[28/05/23 20:07:17:475 UTC]  INFO startup.StartupTasksExecutor: Database upgraded to version: 855
[28/05/23 20:07:17:477 UTC]  INFO startup.StartupTasksExecutor: Database upgraded to version: 860
[28/05/23 20:07:17:477 UTC]  INFO startup.StartupTasksExecutor: Database upgraded to version: 865
[28/05/23 20:07:17:479 UTC]  INFO startup.StartupTasksExecutor: Database upgraded to version: 900
[28/05/23 20:07:17:481 UTC]  INFO startup.StartupTasksExecutor: Database upgraded to version: 905
[28/05/23 20:07:17:482 UTC]  INFO startup.StartupTasksExecutor: Database upgraded to version: 910
[28/05/23 20:07:17:483 UTC]  INFO startup.StartupTasksExecutor: Database upgraded to version: 920
[28/05/23 20:07:17:485 UTC]  INFO startup.StartupTasksExecutor: Database upgraded to version: 922
[28/05/23 20:07:17:487 UTC]  INFO startup.StartupTasksExecutor: Database upgraded to version: 925
[28/05/23 20:07:17:488 UTC]  INFO startup.StartupTasksExecutor: Database upgraded to version: 930
[28/05/23 20:07:17:490 UTC]  INFO startup.StartupTasksExecutor: Database upgraded to version: 935
[28/05/23 20:07:17:492 UTC]  INFO startup.StartupTasksExecutor: Database upgraded to version: 940
[28/05/23 20:07:17:494 UTC]  INFO startup.StartupTasksExecutor: Database upgraded to version: 945
[28/05/23 20:07:17:495 UTC]  INFO startup.StartupTasksExecutor: Database upgraded to version: 950
[28/05/23 20:07:17:497 UTC]  INFO startup.StartupTasksExecutor: Database upgraded to version: 1000
[28/05/23 20:07:17:498 UTC]  INFO startup.StartupTasksExecutor: Database upgraded to version: 1005
[28/05/23 20:07:17:499 UTC]  INFO startup.StartupTasksExecutor: Database upgraded to version: 1015
[28/05/23 20:07:17:500 UTC]  INFO startup.StartupTasksExecutor: Database upgraded to version: 1016
[28/05/23 20:07:17:501 UTC]  INFO startup.StartupTasksExecutor: Database upgraded to version: 1020
[28/05/23 20:07:17:504 UTC]  INFO startup.StartupTasksExecutor: Database upgraded to version: 1030
[28/05/23 20:07:17:505 UTC]  INFO startup.StartupTasksExecutor: Database upgraded to version: 1035
[28/05/23 20:07:17:507 UTC]  INFO startup.StartupTasksExecutor: Database upgraded to version: 1045
[28/05/23 20:07:17:508 UTC]  INFO startup.StartupTasksExecutor: Database upgraded to version: 1050
[28/05/23 20:07:17:510 UTC]  INFO startup.StartupTasksExecutor: Database upgraded to version: 1055
[28/05/23 20:07:17:511 UTC]  INFO startup.StartupTasksExecutor: Database upgraded to version: 1060
[28/05/23 20:07:17:512 UTC]  INFO startup.StartupTasksExecutor: Database upgraded to version: 1065
[28/05/23 20:07:17:513 UTC]  INFO startup.StartupTasksExecutor: Database upgraded to version: 1070
[28/05/23 20:07:17:515 UTC]  INFO startup.StartupTasksExecutor: Database upgraded to version: 1080
[28/05/23 20:07:17:516 UTC]  INFO startup.StartupTasksExecutor: Database upgraded to version: 1085
[28/05/23 20:07:17:517 UTC]  INFO startup.StartupTasksExecutor: Database upgraded to version: 1090
[28/05/23 20:07:17:518 UTC]  INFO startup.StartupTasksExecutor: Database upgraded to version: 1095
[28/05/23 20:07:17:520 UTC]  INFO startup.StartupTasksExecutor: Database upgraded to version: 1096
[28/05/23 20:07:17:521 UTC]  INFO startup.StartupTasksExecutor: Database upgraded to version: 3000
[28/05/23 20:07:17:522 UTC]  INFO startup.StartupTasksExecutor: Database upgraded to version: 3005
[28/05/23 20:07:17:523 UTC]  INFO startup.StartupTasksExecutor: Database upgraded to version: 3010
[28/05/23 20:07:17:524 UTC]  INFO startup.StartupTasksExecutor: Database upgraded to version: 3015
[28/05/23 20:07:17:525 UTC]  INFO startup.StartupTasksExecutor: Database upgraded to version: 3020
[28/05/23 20:07:17:527 UTC]  INFO startup.StartupTasksExecutor: Database upgraded to version: 3025
[28/05/23 20:07:17:528 UTC]  INFO startup.StartupTasksExecutor: Database upgraded to version: 3030
[28/05/23 20:07:17:530 UTC]  INFO startup.StartupTasksExecutor: Database upgraded to version: 3035
[28/05/23 20:07:17:531 UTC]  INFO startup.StartupTasksExecutor: Database upgraded to version: 3040
[28/05/23 20:07:17:534 UTC]  INFO startup.StartupTasksExecutor: Database upgraded to version: 3042
[28/05/23 20:07:17:535 UTC]  INFO startup.StartupTasksExecutor: Database upgraded to version: 3045
[28/05/23 20:07:17:536 UTC]  INFO startup.StartupTasksExecutor: Database upgraded to version: 3050
[28/05/23 20:07:17:538 UTC]  INFO startup.StartupTasksExecutor: Database upgraded to version: 3055
[28/05/23 20:07:17:542 UTC]  INFO startup.StartupTasksExecutor: Database upgraded to version: 3060
[28/05/23 20:07:17:544 UTC]  INFO startup.StartupTasksExecutor: Database upgraded to version: 3065
[28/05/23 20:07:17:546 UTC]  INFO startup.StartupTasksExecutor: Database upgraded to version: 3100
[28/05/23 20:07:17:549 UTC]  INFO startup.StartupTasksExecutor: Database upgraded to version: 3105
[28/05/23 20:07:17:551 UTC]  INFO startup.StartupTasksExecutor: Database upgraded to version: 3120
[28/05/23 20:07:17:554 UTC]  INFO startup.StartupTasksExecutor: Database upgraded to version: 3130
[28/05/23 20:07:17:555 UTC]  INFO startup.StartupTasksExecutor: Database upgraded to version: 3135
[28/05/23 20:07:17:557 UTC]  INFO startup.StartupTasksExecutor: Database upgraded to version: 3140
[28/05/23 20:07:17:558 UTC]  INFO startup.StartupTasksExecutor: Database upgraded to version: 3150
[28/05/23 20:07:17:559 UTC]  INFO startup.StartupTasksExecutor: Database upgraded to version: 3160
[28/05/23 20:07:17:560 UTC]  INFO startup.StartupTasksExecutor: Database upgraded to version: 3165
[28/05/23 20:07:17:562 UTC]  INFO startup.StartupTasksExecutor: Database upgraded to version: 3500
[28/05/23 20:07:17:564 UTC]  INFO startup.StartupTasksExecutor: Database upgraded to version: 3505
[28/05/23 20:07:17:565 UTC]  INFO startup.StartupTasksExecutor: Database upgraded to version: 3510
[28/05/23 20:07:17:567 UTC]  INFO startup.StartupTasksExecutor: Database upgraded to version: 3515
[28/05/23 20:07:17:568 UTC]  INFO startup.StartupTasksExecutor: Database upgraded to version: 3520
[28/05/23 20:07:17:569 UTC]  INFO startup.StartupTasksExecutor: Database upgraded to version: 3525
[28/05/23 20:07:17:570 UTC]  INFO startup.StartupTasksExecutor: Database upgraded to version: 3530
[28/05/23 20:07:17:572 UTC]  INFO startup.StartupTasksExecutor: Database upgraded to version: 3535
[28/05/23 20:07:17:578 UTC]  INFO startup.StartupTasksExecutor: Database upgraded to version: 3540
[28/05/23 20:07:17:580 UTC]  INFO startup.StartupTasksExecutor: Database upgraded to version: 3545
[28/05/23 20:07:17:581 UTC]  INFO startup.StartupTasksExecutor: Database upgraded to version: 3550
[28/05/23 20:07:17:582 UTC]  INFO startup.StartupTasksExecutor: Database upgraded to version: 3555
[28/05/23 20:07:17:583 UTC]  INFO startup.StartupTasksExecutor: Database upgraded to version: 3560
[28/05/23 20:07:17:586 UTC]  INFO startup.StartupTasksExecutor: Database upgraded to version: 3565
[28/05/23 20:07:17:589 UTC]  INFO startup.StartupTasksExecutor: Database upgraded to version: 3600
[28/05/23 20:07:17:590 UTC]  INFO startup.StartupTasksExecutor: Database upgraded to version: 3605
[28/05/23 20:07:17:591 UTC]  INFO startup.StartupTasksExecutor: Database upgraded to version: 3700
[28/05/23 20:07:17:592 UTC]  INFO startup.StartupTasksExecutor: Database upgraded to version: 3705
[28/05/23 20:07:17:599 UTC]  INFO startup.StartupTasksExecutor: Database upgraded to version: 3710
[28/05/23 20:07:17:599 UTC]  INFO startup.StartupTasksExecutor: Database upgraded to version: 3715
[28/05/23 20:07:17:601 UTC]  INFO startup.StartupTasksExecutor: Database upgraded to version: 3720
[28/05/23 20:07:17:602 UTC]  INFO startup.StartupTasksExecutor: Database upgraded to version: 3725
[28/05/23 20:07:17:603 UTC]  INFO startup.StartupTasksExecutor: Database upgraded to version: 3735
[28/05/23 20:07:17:603 UTC]  INFO startup.StartupTasksExecutor: Database upgraded to version: 3740
[28/05/23 20:07:17:604 UTC]  INFO startup.StartupTasksExecutor: Database upgraded to version: 3745
[28/05/23 20:07:17:606 UTC]  INFO startup.StartupTasksExecutor: Database upgraded to version: 3800
[28/05/23 20:07:17:608 UTC]  INFO startup.StartupTasksExecutor: Database upgraded to version: 4100
[28/05/23 20:07:17:609 UTC]  INFO startup.StartupTasksExecutor: Database upgraded to version: 4105
[28/05/23 20:07:17:610 UTC]  INFO startup.StartupTasksExecutor: Database upgraded to version: 4110
[28/05/23 20:07:17:611 UTC]  INFO startup.StartupTasksExecutor: Database upgraded to version: 4115
[28/05/23 20:07:17:612 UTC]  INFO startup.StartupTasksExecutor: Database upgraded to version: 4120
[28/05/23 20:07:17:613 UTC]  INFO startup.StartupTasksExecutor: Database upgraded to version: 4200
[28/05/23 20:07:17:614 UTC]  INFO startup.StartupTasksExecutor: Database upgraded to version: 4205
[28/05/23 20:07:17:616 UTC]  INFO startup.StartupTasksExecutor: Database upgraded to version: 4210
[28/05/23 20:07:17:617 UTC]  INFO startup.StartupTasksExecutor: Database upgraded to version: 4215
[28/05/23 20:07:17:619 UTC]  INFO startup.StartupTasksExecutor: Database upgraded to version: 4220
[28/05/23 20:07:17:620 UTC]  INFO startup.StartupTasksExecutor: Database upgraded to version: 4230
[28/05/23 20:07:17:621 UTC]  INFO startup.StartupTasksExecutor: Database upgraded to version: 4235
[28/05/23 20:07:17:622 UTC]  INFO startup.StartupTasksExecutor: Database upgraded to version: 4300
[28/05/23 20:07:17:623 UTC]  INFO startup.StartupTasksExecutor: Database upgraded to version: 4305
[28/05/23 20:07:17:624 UTC]  INFO startup.StartupTasksExecutor: Database upgraded to version: 4310
[28/05/23 20:07:17:625 UTC]  INFO startup.StartupTasksExecutor: Database upgraded to version: 4315
[28/05/23 20:07:17:626 UTC]  INFO startup.StartupTasksExecutor: Database upgraded to version: 4320
[28/05/23 20:07:17:627 UTC]  INFO startup.StartupTasksExecutor: Database upgraded to version: 4330
[28/05/23 20:07:17:629 UTC]  INFO startup.StartupTasksExecutor: Database upgraded to version: 4335
[28/05/23 20:07:17:632 UTC]  INFO startup.StartupTasksExecutor: Database upgraded to version: 4340
[28/05/23 20:07:17:634 UTC]  INFO startup.StartupTasksExecutor: Database upgraded to version: 4345
[28/05/23 20:07:17:636 UTC]  INFO startup.StartupTasksExecutor: Database upgraded to version: 4350
[28/05/23 20:07:17:637 UTC]  INFO startup.StartupTasksExecutor: Database upgraded to version: 4355
[28/05/23 20:07:17:638 UTC]  INFO startup.StartupTasksExecutor: Database upgraded to version: 4360
[28/05/23 20:07:17:640 UTC]  INFO startup.StartupTasksExecutor: Database upgraded to version: 4365
[28/05/23 20:07:17:641 UTC]  INFO startup.StartupTasksExecutor: Database upgraded to version: 4370
[28/05/23 20:07:17:642 UTC]  INFO startup.StartupTasksExecutor: Database upgraded to version: 4375
[28/05/23 20:07:17:644 UTC]  INFO startup.StartupTasksExecutor: Database upgraded to version: 4380
[28/05/23 20:07:17:645 UTC]  INFO startup.StartupTasksExecutor: Database upgraded to version: 4385
[28/05/23 20:07:17:647 UTC]  INFO startup.StartupTasksExecutor: Database upgraded to version: 4390
[28/05/23 20:07:17:648 UTC]  INFO startup.StartupTasksExecutor: Database upgraded to version: 5030
[28/05/23 20:07:17:650 UTC]  INFO startup.StartupTasksExecutor: Database upgraded to version: 5035
[28/05/23 20:07:17:651 UTC]  INFO startup.StartupTasksExecutor: Database upgraded to version: 5040
[28/05/23 20:07:17:653 UTC]  INFO startup.StartupTasksExecutor: Database upgraded to version: 5050
[28/05/23 20:07:17:655 UTC]  INFO startup.StartupTasksExecutor: Database upgraded to version: 5060
[28/05/23 20:07:17:656 UTC]  INFO startup.StartupTasksExecutor: Database upgraded to version: 5070
[28/05/23 20:07:17:658 UTC]  INFO startup.StartupTasksExecutor: Database upgraded to version: 5080
[28/05/23 20:07:17:659 UTC]  INFO startup.StartupTasksExecutor: Database upgraded to version: 5150
[28/05/23 20:07:17:661 UTC]  INFO startup.StartupTasksExecutor: Database upgraded to version: 5160
[28/05/23 20:07:17:662 UTC]  INFO startup.StartupTasksExecutor: Database upgraded to version: 5165
[28/05/23 20:07:17:664 UTC]  INFO startup.StartupTasksExecutor: Database upgraded to version: 5170
[28/05/23 20:07:17:666 UTC]  INFO startup.StartupTasksExecutor: Database upgraded to version: 5175
[28/05/23 20:07:17:668 UTC]  INFO startup.StartupTasksExecutor: Database upgraded to version: 5180
[28/05/23 20:07:17:670 UTC]  INFO startup.StartupTasksExecutor: Database upgraded to version: 5190
[28/05/23 20:07:17:672 UTC]  INFO startup.StartupTasksExecutor: Database upgraded to version: 5195
[28/05/23 20:07:17:674 UTC]  INFO startup.StartupTasksExecutor: Database upgraded to version: 5200
[28/05/23 20:07:17:676 UTC]  INFO startup.StartupTasksExecutor: Database upgraded to version: 5210
[28/05/23 20:07:17:678 UTC]  INFO startup.StartupTasksExecutor: Database upgraded to version: 5215
[28/05/23 20:07:17:679 UTC]  INFO startup.StartupTasksExecutor: Database upgraded to version: 5220
[28/05/23 20:07:17:681 UTC]  INFO startup.StartupTasksExecutor: Database upgraded to version: 5225
[28/05/23 20:07:17:682 UTC]  INFO startup.StartupTasksExecutor: Database upgraded to version: 5300
[28/05/23 20:07:17:684 UTC]  INFO startup.StartupTasksExecutor: Database upgraded to version: 5305
[28/05/23 20:07:17:686 UTC]  INFO startup.StartupTasksExecutor: Database upgraded to version: 5350
[28/05/23 20:07:17:687 UTC]  INFO startup.StartupTasksExecutor: Database upgraded to version: 5370
[28/05/23 20:07:17:689 UTC]  INFO startup.StartupTasksExecutor: Database upgraded to version: 5380
[28/05/23 20:07:17:690 UTC]  INFO startup.StartupTasksExecutor: Database upgraded to version: 5390
[28/05/23 20:07:17:692 UTC]  INFO startup.StartupTasksExecutor: Database upgraded to version: 5395
[28/05/23 20:07:17:693 UTC]  INFO startup.StartupTasksExecutor: Database upgraded to version: 201013
[28/05/23 20:07:17:694 UTC]  INFO startup.StartupTasksExecutor: Database upgraded to version: 201014
[28/05/23 20:07:17:695 UTC]  INFO startup.StartupTasksExecutor: Database upgraded to version: 201102
[28/05/23 20:07:17:696 UTC]  INFO startup.StartupTasksExecutor: Database upgraded to version: 210218
[28/05/23 20:07:17:697 UTC]  INFO startup.StartupTasksExecutor: Database upgraded to version: 210316
[28/05/23 20:07:17:698 UTC]  INFO startup.StartupTasksExecutor: Database upgraded to version: 210319
[28/05/23 20:07:17:699 UTC]  INFO startup.StartupTasksExecutor: Database upgraded to version: 210321
[28/05/23 20:07:17:700 UTC]  INFO startup.StartupTasksExecutor: Database upgraded to version: 210506
[28/05/23 20:07:17:701 UTC]  INFO startup.StartupTasksExecutor: Database upgraded to version: 210510
[28/05/23 20:07:17:702 UTC]  INFO startup.StartupTasksExecutor: Database upgraded to version: 210520
[28/05/23 20:07:17:704 UTC]  INFO startup.StartupTasksExecutor: Database upgraded to version: 210527
[28/05/23 20:07:17:705 UTC]  INFO startup.StartupTasksExecutor: Database upgraded to version: 210719
[28/05/23 20:07:17:710 UTC]  INFO startup.StartupTasksExecutor: Database upgraded to version: 210802
[28/05/23 20:07:17:711 UTC]  INFO startup.StartupTasksExecutor: Database upgraded to version: 210805
[28/05/23 20:07:17:714 UTC]  INFO startup.StartupTasksExecutor: Database upgraded to version: 210816
[28/05/23 20:07:17:715 UTC]  INFO startup.StartupTasksExecutor: Database upgraded to version: 210901
[28/05/23 20:07:17:716 UTC]  INFO startup.StartupTasksExecutor: Database upgraded to version: 211007
[28/05/23 20:07:17:717 UTC]  INFO startup.StartupTasksExecutor: Database upgraded to version: 211012
[28/05/23 20:07:17:718 UTC]  INFO startup.StartupTasksExecutor: Database upgraded to version: 211020
[28/05/23 20:07:17:719 UTC]  INFO startup.StartupTasksExecutor: Database upgraded to version: 211101
[28/05/23 20:07:17:720 UTC]  INFO startup.StartupTasksExecutor: Database upgraded to version: 211103
[28/05/23 20:07:17:721 UTC]  INFO startup.StartupTasksExecutor: Database upgraded to version: 220202
[28/05/23 20:07:17:722 UTC]  INFO startup.StartupTasksExecutor: Database upgraded to version: 220203
[28/05/23 20:07:17:723 UTC]  INFO startup.StartupTasksExecutor: Database upgraded to version: 220214
[28/05/23 20:07:17:724 UTC]  INFO startup.StartupTasksExecutor: Database upgraded to version: 220215
[28/05/23 20:07:17:725 UTC]  INFO startup.StartupTasksExecutor: Database upgraded to version: 220330
[28/05/23 20:07:17:726 UTC]  INFO startup.StartupTasksExecutor: Database upgraded to version: 220401
[28/05/23 20:07:17:728 UTC]  INFO startup.StartupTasksExecutor: Database upgraded to version: 220402
[28/05/23 20:07:17:729 UTC]  INFO startup.StartupTasksExecutor: Database upgraded to version: 220413
[28/05/23 20:07:17:730 UTC]  INFO startup.StartupTasksExecutor: Database upgraded to version: 220512
[28/05/23 20:07:17:731 UTC]  INFO startup.StartupTasksExecutor: Database upgraded to version: 220606
[28/05/23 20:07:17:732 UTC]  INFO startup.StartupTasksExecutor: Database upgraded to version: 220822
[28/05/23 20:07:17:733 UTC]  INFO startup.StartupTasksExecutor: Database upgraded to version: 220824
[28/05/23 20:07:17:734 UTC]  INFO startup.StartupTasksExecutor: Database upgraded to version: 220825
[28/05/23 20:07:17:735 UTC]  INFO startup.StartupTasksExecutor: Database upgraded to version: 220829
[28/05/23 20:07:17:736 UTC]  INFO startup.StartupTasksExecutor: Database upgraded to version: 220912
[28/05/23 20:07:17:737 UTC]  INFO startup.StartupTasksExecutor: Database upgraded to version: 220928
[28/05/23 20:07:17:738 UTC]  INFO startup.StartupTasksExecutor: Database upgraded to version: 221007
[28/05/23 20:07:17:739 UTC]  INFO startup.StartupTasksExecutor: Database upgraded to version: 221018
[28/05/23 20:07:17:740 UTC]  INFO startup.StartupTasksExecutor: Database upgraded to version: 230110
[28/05/23 20:07:17:742 UTC]  INFO startup.StartupTasksExecutor: Database upgraded to version: 230119
[28/05/23 20:07:17:742 UTC]  INFO startup.StartupTasksExecutor: Database upgraded to version: 230328
[28/05/23 20:07:17:744 UTC]  INFO startup.StartupTasksExecutor: Database upgraded to version: 230426
[28/05/23 20:07:17:744 UTC]  INFO reindex.ReindexThread: --- Unpausing reindex thread 
[28/05/23 20:07:17:745 UTC]  INFO startup.StartupTasksExecutor: Finishing upgrade tasks.
[28/05/23 20:07:17:746 UTC]  INFO startup.StartupTasksExecutor: Running Backported Tasks
[28/05/23 20:07:17:753 UTC]  INFO startup.StartupTasksExecutor: Finishing Backported tasks.
[28/05/23 20:07:17:773 UTC]  INFO util.Config: Setting property: CACHE_BINDPORT to 5701
[28/05/23 20:07:17:784 UTC]  INFO cluster.ClusterFactory: Cluster topography has changed. This might force a rewire
[28/05/23 20:07:17:786 UTC]  INFO cluster.ClusterFactory: Expecting Servers:[]
[28/05/23 20:07:17:817 UTC]  INFO cluster.ClusterFactory: Found Servers:[server={serverId=fda7e257-e2ac-48f7-83fc-8ab4bcea3513, clusterId=205a80cee7, ipAddress=172.19.0.3, host=null, name=39e28550b608, esTransportTcpPort=null, esNetworkPort=null, esHttpPort=9200, cachePort=5701, lastHeartBeat=1685304437781, key=null, licenseSerial=1cfc7c95-9fe0-4dcb-abe7-c31b9f0517fd, startupTime=0}]
[28/05/23 20:07:17:817 UTC]  INFO cluster.ClusterFactory: Cluster Active. Rewiring
[28/05/23 20:07:17:820 UTC]  INFO business.ChainableCacheAdministratorImpl: ***	 Cluster Update
[28/05/23 20:07:17:820 UTC]  INFO transport.PubSubCacheTransport: initing PubSubCacheTransport
[28/05/23 20:07:17:823 UTC]  INFO dotpubsub.PostgresPubSubImpl: Starting PostgresPubSub. Have servers:1
[28/05/23 20:07:17:824 UTC]  INFO dotpubsub.PostgresPubSubImpl: PGNotificationListener connecting to pub/sub...
[28/05/23 20:07:18:903 UTC]  INFO dotpubsub.PostgresPubSubImpl:  - LISTEN dotcache_topic
[28/05/23 20:07:18:917 UTC]  INFO transport.PubSubCacheTransport: Sending PING to cluster 
[28/05/23 20:07:18:929 UTC]  INFO license.LicenseManager: Updating server fda7e257-e2ac-48f7-83fc-8ab4bcea3513 start time to 1685304384639
[28/05/23 20:07:18:934 UTC]  INFO servlet.MainServlet: SuppressPropertiesBeanIntrospector enabled for legacy Struts applications
[28/05/23 20:07:18:942 UTC]  INFO transport.CacheTransportTopic: Got PING from server:fda7e257e2. sending PONG
[28/05/23 20:07:18:947 UTC]  INFO transport.CacheTransportTopic: Got PONG from server:{"t":"PONG","top":"dotcache_topic","o":"fda7e257e2"}.
[28/05/23 20:07:19:236 UTC]  INFO config.DotInitializationService: Initializing DotCMS services
[28/05/23 20:07:19:237 UTC]  INFO config.DotInitializationService: Initializing :com.dotcms.api.system.event.SystemEventProcessorFactoryInitializer
[28/05/23 20:07:19:239 UTC]  INFO config.DotInitializationService: Initializing Done:com.dotcms.api.system.event.SystemEventProcessorFactoryInitializer, duration:0 seconds
[28/05/23 20:07:19:239 UTC]  INFO config.DotInitializationService: Initializing :com.dotcms.api.system.event.PayloadVerifierFactoryInitializer
[28/05/23 20:07:19:244 UTC]  INFO config.DotInitializationService: Initializing Done:com.dotcms.api.system.event.PayloadVerifierFactoryInitializer, duration:0 seconds
[28/05/23 20:07:19:244 UTC]  INFO config.DotInitializationService: Initializing :com.dotcms.system.event.local.business.LocalSystemEventSubscribersInitializer
[28/05/23 20:07:19:374 UTC]  INFO config.DotInitializationService: Initializing Done:com.dotcms.system.event.local.business.LocalSystemEventSubscribersInitializer, duration:0 seconds
[28/05/23 20:07:19:374 UTC]  INFO config.DotInitializationService: Initializing :com.dotmarketing.portlets.personas.business.PersonaAPIImpl
[28/05/23 20:07:19:378 UTC]  INFO config.DotInitializationService: Initializing Done:com.dotmarketing.portlets.personas.business.PersonaAPIImpl, duration:0 seconds
[28/05/23 20:07:19:379 UTC]  INFO config.DotInitializationService: Initializing :com.dotcms.rendering.velocity.events.ExceptionHandlersInitializer
[28/05/23 20:07:19:383 UTC]  INFO config.DotInitializationService: Initializing Done:com.dotcms.rendering.velocity.events.ExceptionHandlersInitializer, duration:0 seconds
[28/05/23 20:07:19:383 UTC]  INFO config.DotInitializationService: Initializing :com.dotcms.publishing.PublisherAPIImpl
[28/05/23 20:07:19:389 UTC]  INFO publishing.PublisherAPIImpl: Push Publishing Filters directory does not exist. Creating it under: /data/shared/assets/server/publishing-filters
[28/05/23 20:07:19:394 UTC]  INFO publishing.PublisherAPIImpl: dotcms filters files copied
[28/05/23 20:07:19:395 UTC]  INFO publishing.PublisherAPIImpl: Push Publishing Filters Directory: Lazy(/data/shared/assets/server/publishing-filters)
[28/05/23 20:07:19:397 UTC]  INFO publishing.PublisherAPIImpl: Loading Push Publish Filter: Intelligent.yml
[28/05/23 20:07:19:510 UTC]  INFO publishing.PublisherAPIImpl: FilterDescriptor{key=Intelligent.yml, title=Everything and Dependencies, sort=3, default=true, roles=DOTCMS_BACK_END_USER, filters{{excludeQuery=, excludeClasses=[], dependencies=true, excludeDependencyQuery=, excludeDependencyClasses=[], forcePush=false, relationships=true}}}
[28/05/23 20:07:19:514 UTC]  INFO publishing.PublisherAPIImpl: Loading Push Publish Filter: ShallowPush.yml
[28/05/23 20:07:19:518 UTC]  INFO publishing.PublisherAPIImpl: FilterDescriptor{key=ShallowPush.yml, title=Only Selected Items, sort=5, default=false, roles=DOTCMS_BACK_END_USER, filters{{excludeQuery=, excludeClasses=[], dependencies=false, excludeDependencyQuery=, excludeDependencyClasses=[], forcePush=false, relationships=false}}}
[28/05/23 20:07:19:518 UTC]  INFO publishing.PublisherAPIImpl: Loading Push Publish Filter: ContentOnly.yml
[28/05/23 20:07:19:524 UTC]  INFO publishing.PublisherAPIImpl: FilterDescriptor{key=ContentOnly.yml, title=Content and Relationships, sort=1, default=false, roles=DOTCMS_BACK_END_USER, filters{{excludeQuery=, excludeClasses=[ContentType, Template, Containers, Folder, Host, Links, Workflow, Language, Rule, User, OSGI], dependencies=true, excludeDependencyQuery=, excludeDependencyClasses=[ContentType, Template, Containers, Folder, Host, Links, Workflow, Language, Rule], forcePush=false, relationships=true}}}
[28/05/23 20:07:19:525 UTC]  INFO publishing.PublisherAPIImpl: Loading Push Publish Filter: WebContentOnly.yml
[28/05/23 20:07:19:529 UTC]  INFO publishing.PublisherAPIImpl: FilterDescriptor{key=WebContentOnly.yml, title=Content, Assets and Pages, sort=2, default=false, roles=DOTCMS_BACK_END_USER, filters{{excludeQuery=, excludeClasses=[Host, Workflow, ContentType, User, OSGI, Language], dependencies=true, excludeDependencyQuery=, excludeDependencyClasses=[Host, Workflow, ContentType, Language], forcePush=false, relationships=true}}}
[28/05/23 20:07:19:530 UTC]  INFO publishing.PublisherAPIImpl: Loading Push Publish Filter: ForcePush.yml
[28/05/23 20:07:19:533 UTC]  INFO publishing.PublisherAPIImpl: FilterDescriptor{key=ForcePush.yml, title=Force Push Everything, sort=4, default=false, roles=DOTCMS_BACK_END_USER, filters{{excludeQuery=, excludeClasses=[], dependencies=true, excludeDependencyQuery=, excludeDependencyClasses=[], forcePush=true, relationships=true}}}
[28/05/23 20:07:19:535 UTC]  INFO config.DotInitializationService: Initializing Done:com.dotcms.publishing.PublisherAPIImpl, duration:0 seconds
[28/05/23 20:07:19:536 UTC]  INFO config.DotInitializationService: Initializing :com.dotmarketing.portlets.containers.business.ContainerAPIImpl
[28/05/23 20:07:19:542 UTC]  INFO config.DotInitializationService: Initializing Done:com.dotmarketing.portlets.containers.business.ContainerAPIImpl, duration:0 seconds
[28/05/23 20:07:19:543 UTC]  INFO config.DotInitializationService: Initializing :com.dotmarketing.business.ThemeAPIImpl
[28/05/23 20:07:19:545 UTC]  INFO config.DotInitializationService: Initializing Done:com.dotmarketing.business.ThemeAPIImpl, duration:0 seconds
[28/05/23 20:07:19:546 UTC]  INFO config.DotInitializationService: Initializing :com.dotmarketing.portlets.templates.business.TemplateAPIImpl
[28/05/23 20:07:19:550 UTC]  INFO config.DotInitializationService: Initializing Done:com.dotmarketing.portlets.templates.business.TemplateAPIImpl, duration:0 seconds
[28/05/23 20:07:19:551 UTC]  INFO config.DotInitializationService: Initializing :com.dotcms.contenttype.business.ContentTypeInitializer
[28/05/23 20:07:19:560 UTC]  INFO config.DotInitializationService: Initializing Done:com.dotcms.contenttype.business.ContentTypeInitializer, duration:0 seconds
[28/05/23 20:07:19:561 UTC]  INFO config.DotInitializationService: Initializing :com.dotcms.variant.business.DefaultVariantInitializer
[28/05/23 20:07:21:621 UTC]  WARN util.FileUtil:  Fail to remove destination dir [/data/local/dotsecure/trash/h22/20230528200721621/2023-05-28_20-07-01]
[28/05/23 20:07:21:622 UTC]  WARN util.FileUtil:  Fail to remove destination dir [/data/local/dotsecure/trash/h22/20230528200721622/2023-05-28_20-06-47]
[28/05/23 20:07:21:709 UTC]  WARN util.FileUtil:  Fail to remove destination dir [/data/local/dotsecure/trash/h22/20230528200721709/2023-05-28_20-07-01]
[28/05/23 20:07:21:710 UTC]  WARN util.FileUtil:  Fail to remove destination dir [/data/local/dotsecure/trash/h22/20230528200721710/2023-05-28_20-06-47]
[28/05/23 20:07:22:578 UTC]  INFO config.DotInitializationService: Initializing Done:com.dotcms.variant.business.DefaultVariantInitializer, duration:3 seconds
[28/05/23 20:07:22:578 UTC]  INFO startup.StartupTasksExecutor: ---
[28/05/23 20:07:22:578 UTC]  INFO startup.StartupTasksExecutor: 
[28/05/23 20:07:22:578 UTC]  INFO startup.StartupTasksExecutor: Running Data Upgrade Tasks
[28/05/23 20:07:22:578 UTC]  INFO startup.StartupTasksExecutor: Database data version: 0
[28/05/23 20:07:22:583 UTC]  INFO startup.StartupTasksExecutor: Data upgraded to version: 230320
[28/05/23 20:07:22:583 UTC]  INFO startup.StartupTasksExecutor: Finishing data upgrade tasks.
[28/05/23 20:07:22:598 UTC]  INFO servlets.StartupLogger: InitServlet: Setting Default Timezone: Coordinated Universal Time
[28/05/23 20:07:22:598 UTC]  INFO servlets.StartupLogger: 
[28/05/23 20:07:22:598 UTC]  INFO servlets.StartupLogger:    Initializing dotCMS
[28/05/23 20:07:22:598 UTC]  INFO servlets.StartupLogger:    Using database: PostgreSQL
[28/05/23 20:07:22:598 UTC]  INFO servlets.StartupLogger:    Using dialect : com.dotcms.repackage.net.sf.hibernate.dialect.PostgreSQLDialect
[28/05/23 20:07:22:598 UTC]  INFO servlets.StartupLogger:    Company Name  : dotcms.org
[28/05/23 20:07:22:598 UTC]  INFO servlets.StartupLogger: 
[28/05/23 20:07:22:598 UTC]  INFO servlets.StartupLogger:    License       : PLATFORM EDITION
[28/05/23 20:07:22:599 UTC]  INFO servlets.StartupLogger:    Licensed to   : dotCMS Internal
[28/05/23 20:07:22:603 UTC]  INFO servlets.StartupLogger:    Server id     : fda7e257
[28/05/23 20:07:22:603 UTC]  INFO servlets.StartupLogger:    License id    : 1cfc7c95
[28/05/23 20:07:22:604 UTC]  INFO servlets.StartupLogger:    Expires       : Thu, 20 Aug 2099 04:00 AM
[28/05/23 20:07:22:604 UTC]  INFO servlets.StartupLogger: 
[28/05/23 20:07:22:608 UTC]  INFO servlets.InitServlet: 
[28/05/23 20:07:22:608 UTC]  INFO servlets.InitServlet: 
[28/05/23 20:07:22:657 UTC]  INFO business.VanityUrlAPIImpl: Populating 0 Vanity URLs for Site default
[28/05/23 20:07:22:660 UTC]  INFO business.VanityUrlAPIImpl: Populating 0 Vanity URLs for Site System Host
[28/05/23 20:07:22:661 UTC]  INFO business.VanityUrlAPIImpl: Populating 0 Vanity URLs for Site System Host
[28/05/23 20:07:22:735 UTC]  INFO impl.StdSchedulerFactory: Using default implementation for ThreadExecutor
[28/05/23 20:07:22:738 UTC]  INFO simpl.SimpleThreadPool: Job execution threads will use class loader of thread: main
[28/05/23 20:07:22:763 UTC]  INFO core.SchedulerSignalerImpl: Initialized Scheduler Signaller of type: class org.quartz.core.SchedulerSignalerImpl
[28/05/23 20:07:22:769 UTC]  INFO core.QuartzScheduler: Quartz Scheduler v.1.8.6 created.
[28/05/23 20:07:22:774 UTC]  INFO quartz.DotJobStore: Using db table-based data access locking (synchronization).
[28/05/23 20:07:22:777 UTC]  INFO quartz.DotJobStore: JobStoreCMT initialized.
[28/05/23 20:07:22:778 UTC]  INFO core.QuartzScheduler: Scheduler meta-data: Quartz Scheduler (v1.8.6) 'dotCMSQuartz' with instanceId 'NON_CLUSTERED'
  Scheduler class: 'org.quartz.core.QuartzScheduler' - running locally.
  NOT STARTED.
  Currently in standby mode.
  Number of jobs executed: 0
  Using thread pool 'org.quartz.simpl.SimpleThreadPool' - with 10 threads.
  Using job-store 'com.dotmarketing.quartz.DotJobStore' - which supports persistence. and is clustered.

[28/05/23 20:07:22:778 UTC]  INFO impl.StdSchedulerFactory: Quartz scheduler 'dotCMSQuartz' initialized from an externally provided properties instance.
[28/05/23 20:07:22:778 UTC]  INFO impl.StdSchedulerFactory: Quartz scheduler version: 1.8.6
[28/05/23 20:07:22:779 UTC]  INFO init.DotInitScheduler: Automatic Content Reindexation Cron Thread schedule disabled on this server
[28/05/23 20:07:22:779 UTC]  INFO init.DotInitScheduler: Deleting ContentReindexerJob Job
[28/05/23 20:07:22:786 UTC]  INFO init.DotInitScheduler: Users To Delete Cron Thread schedule disabled on this server
[28/05/23 20:07:22:786 UTC]  INFO init.DotInitScheduler: Deleting UsersToDeleteJob Job
[28/05/23 20:07:22:850 UTC]  INFO init.DotInitScheduler: LinkCheckerJob Cron Job schedule disabled on this server
[28/05/23 20:07:22:967 UTC]  INFO job.AccessTokenRenewJob$AccessTokensRenewJobScheduler: Stateful AnalyticsAccessTokenRenewJob (trigger31:group31) job was schedule to run at Sun May 28 20:08:00 UTC 2023
[28/05/23 20:07:23:040 UTC]  INFO core.QuartzScheduler: Scheduler dotCMSQuartz_$_NON_CLUSTERED started.
[28/05/23 20:07:23:214 UTC]  INFO runtime.ConcurrentParserPoolImpl: Initializing Velocity Parser Pool - min: 20 max:100 @ main
[28/05/23 20:07:23:398 UTC]  INFO servlets.InitServlet: Starting System OSGi Framework
[28/05/23 20:07:23:404 UTC]  INFO reindex.ReindexThread: --- Unpausing reindex thread 
[28/05/23 20:07:23:407 UTC]  INFO servlets.InitServlet: Starting Client OSGi Framework
[28/05/23 20:07:23:413 UTC]  INFO servlets.BinaryExporterServlet: Exporter "Content Image Fields Resizer" registered for path /resize-image
[28/05/23 20:07:23:414 UTC]  INFO servlets.BinaryExporterServlet: Exporter "Export Field Content" registered for path /raw-data
[28/05/23 20:07:23:415 UTC]  INFO servlets.BinaryExporterServlet: Exporter "Image Filter Exporter" registered for path /image
[28/05/23 20:07:23:416 UTC]  INFO servlets.BinaryExporterServlet: Exporter "Image Thumbnail Field Exporter" registered for path /image-thumbnail
[28/05/23 20:07:23:426 UTC]  INFO dotpubsub.PostgresPubSubImpl: Starting PostgresPubSub. Have servers:1
[28/05/23 20:07:23:427 UTC]  INFO dotpubsub.PostgresPubSubImpl: PGNotificationListener already connected. Returning
[28/05/23 20:07:23:429 UTC]  INFO dotpubsub.PostgresPubSubImpl:  - LISTEN dotcache_topic
[28/05/23 20:07:23:436 UTC]  INFO dotpubsub.PostgresPubSubImpl:  - LISTEN osgi_restart_topic
[28/05/23 20:07:23:439 UTC]  INFO framework.OSGIUtil: Felix base dir: /srv/dotserver/tomcat-9.0.60/webapps/ROOT/WEB-INF/felix
[28/05/23 20:07:23:441 UTC]  INFO framework.OSGIUtil: Found property  felix.auto.deploy.action=install,start
[28/05/23 20:07:23:442 UTC]  INFO framework.OSGIUtil: Found property  felix.fileinstall.log.level=3
[28/05/23 20:07:23:443 UTC]  INFO framework.OSGIUtil: Found property  felix.org.osgi.framework.startlevel.beginning=2
[28/05/23 20:07:23:444 UTC]  INFO framework.OSGIUtil: Found property  felix.org.osgi.framework.storage.clean=onFirstInit
[28/05/23 20:07:23:445 UTC]  INFO framework.OSGIUtil: Found property  felix.log.level=3
[28/05/23 20:07:23:446 UTC]  INFO framework.OSGIUtil: Found property  felix.cache.locking=false
[28/05/23 20:07:23:447 UTC]  INFO framework.OSGIUtil: Found property  felix.upload.dir=/data/shared/felix/upload
[28/05/23 20:07:23:448 UTC]  INFO framework.OSGIUtil: Found property  felix.fileinstall.dir=/data/shared/felix/load
[28/05/23 20:07:23:448 UTC]  INFO framework.OSGIUtil: Found property  felix.undeployed.dir=/data/shared/felix/undeployed
[28/05/23 20:07:23:449 UTC]  INFO framework.OSGIUtil: Building Directory:/srv/dotserver/tomcat-9.0.60/webapps/ROOT/WEB-INF/felix
[28/05/23 20:07:23:450 UTC]  INFO framework.OSGIUtil: Building Directory:/data/shared/felix/upload
[28/05/23 20:07:23:450 UTC]  INFO framework.OSGIUtil: Building Directory:/data/shared/felix/load
[28/05/23 20:07:23:452 UTC]  INFO framework.OSGIUtil: Building Directory:/data/shared/felix/undeployed
[28/05/23 20:07:23:453 UTC]  INFO framework.OSGIUtil: Building Directory:/srv/dotserver/tomcat-9.0.60/webapps/ROOT/WEB-INF/felix/bundle
[28/05/23 20:07:23:454 UTC]  INFO framework.OSGIUtil: Building Directory:/srv/dotserver/tomcat-9.0.60/webapps/ROOT/WEB-INF/felix/felix-cache
[28/05/23 20:07:23:467 UTC]  INFO framework.OSGIUtil: Starting the osgi reload on folder: /data/shared/felix/upload
[28/05/23 20:07:23:581 UTC]  INFO framework.OSGIUtil: Loading Factory org.apache.felix.framework.FrameworkFactory
[28/05/23 20:07:23:788 UTC]  INFO apps.SecretsKeyStoreHelper: KeyStore loaded successfully after `1` tries.
[28/05/23 20:07:23:866 UTC]  INFO apps.SecretsKeyStoreHelper: KeyStore loaded successfully after `1` tries.
[28/05/23 20:07:23:917 UTC]  WARN struts.MultiMessageResources: Duplicate resource property definition (key=was ==> is now): contenttypes.content.copy=Copy ==> Copy
[28/05/23 20:07:23:923 UTC]  WARN struts.MultiMessageResources: Duplicate resource property definition (key=was ==> is now): message.category.import=Importing Categories.  This operation cannot be cancelled or undone. ==> IMPORT
[28/05/23 20:07:23:923 UTC]  WARN struts.MultiMessageResources: Duplicate resource property definition (key=was ==> is now): message.containers.create.content_type_code=Content Type Code ==> Content Type Code
[28/05/23 20:07:23:929 UTC]  WARN struts.MultiMessageResources: Duplicate resource property definition (key=was ==> is now): Save=Save ==> Save
[28/05/23 20:07:23:934 UTC]  WARN struts.MultiMessageResources: Duplicate resource property definition (key=was ==> is now): Move=Move ==> Move
[28/05/23 20:07:23:936 UTC]  WARN struts.MultiMessageResources: Duplicate resource property definition (key=was ==> is now): archived=archived ==> Archived
[28/05/23 20:07:24:023 UTC]  INFO framework.OSGIUtil: osgi felix framework started
[28/05/23 20:07:24:034 UTC]  INFO saml.DotSamlProxyFactory: SAML Osgi Bundle has been started
[28/05/23 20:07:24:040 UTC]  WARN impl.SamlConfigurationServiceImpl: The /data/shared/assets/saml/dotcms-saml-default.properties does not exists or can not read
[28/05/23 20:07:24:134 UTC]  INFO apps.SecretsKeyStoreHelper: KeyStore loaded successfully after `1` tries.
[28/05/23 20:07:24:206 UTC]  INFO util.GeoIp2CityDbUtil: Connecting to GeoIP2 database:/srv/dotserver/tomcat-9.0.60/webapps/ROOT/WEB-INF/geoip2/GeoLite2-City.mmdb
[28/05/23 20:07:24:282 UTC]  WARN rules.RulesAPIImpl: Actionlet with name 'CountRulesActionlet' already registered.
[28/05/23 20:07:24:282 UTC]  WARN rules.RulesAPIImpl: Actionlet with name 'SetSessionAttributeActionlet' already registered.
[28/05/23 20:07:24:282 UTC]  WARN rules.RulesAPIImpl: Actionlet with name 'SetRequestAttributeActionlet' already registered.
[28/05/23 20:07:24:282 UTC]  WARN rules.RulesAPIImpl: Actionlet with name 'SetResponseHeaderActionlet' already registered.
[28/05/23 20:07:24:286 UTC]  WARN rules.RulesAPIImpl: Actionlet with name 'PersonaActionlet' already registered.
[28/05/23 20:07:24:286 UTC]  WARN rules.RulesAPIImpl: Actionlet with name 'VisitorTagsActionlet' already registered.
[28/05/23 20:07:24:286 UTC]  WARN rules.RulesAPIImpl: Actionlet with name 'SendRedirectActionlet' already registered.
[28/05/23 20:07:24:286 UTC]  WARN rules.RulesAPIImpl: Actionlet with name 'StopProcessingActionlet' already registered.
[28/05/23 20:07:24:585 UTC]  WARN rest.WebResource: InitDataObject Error: uri:/api/v1/publishqueue err:Invalid User
[28/05/23 20:07:24:585 UTC]  WARN rest.WebResource: Invalid User
[28/05/23 20:07:24:587 UTC]  WARN rest.WebResource: com.dotcms.rest.WebResource.authenticate(WebResource.java:522)
[28/05/23 20:07:29:039 UTC]  WARN auth.PrincipalThreadLocal: getName null
[28/05/23 20:07:29:044 UTC]  INFO util.SecurityLogger: class com.dotcms.cms.login.LoginServiceAPIFactory$LoginServiceImpl : User dotcms.org.1 has successfully login from IP: 172.18.0.1 -- ip:172.18.0.1,user:Admin User [ID: dotcms.org.1][email:admin@dotcms.com]
[28/05/23 20:07:34:840 UTC]  WARN auth.PrincipalThreadLocal: getName null
[28/05/23 20:07:34:843 UTC]  INFO util.SecurityLogger: class com.dotcms.cms.login.LoginServiceAPIFactory$LoginServiceImpl : User dotcms.org.1 has successfully login from IP: 172.18.0.1 -- ip:172.18.0.1,user:Admin User [ID: dotcms.org.1][email:admin@dotcms.com]
[28/05/23 20:07:34:847 UTC]  INFO util.Config: Setting property: USE_JWT_TOKEN_IN_PUSH_PUBLISH to false
[28/05/23 20:07:38:023 UTC]  INFO util.SecurityLogger: class com.dotmarketing.cms.login.factories.LoginFactory : User admin@dotcms.com has sucessfully logged in from IP: 172.18.0.1 -- ip:172.18.0.1,user:Admin User [ID: dotcms.org.1][email:admin@dotcms.com]
[28/05/23 20:07:38:045 UTC]  WARN business.PermissionCacheImpl:  !!! Putting an empty list of permissions in the cache for asset:d2622b12-49f6-4c5c-b784-693d975799dc. Every asset should have at least 1 permission (or inherited permission) associated with it
[28/05/23 20:07:44:162 UTC]  INFO util.SecurityLogger: class com.dotmarketing.cms.login.factories.LoginFactory : User admin@dotcms.com has sucessfully logged in from IP: 172.18.0.1 -- ip:172.18.0.1,user:Admin User [ID: dotcms.org.1][email:admin@dotcms.com]
[28/05/23 20:07:47:201 UTC]  INFO ajax.PublishingEndpointAjaxAction: receiver ; 516a8720-86aa-4844-a214-06fd7d1fe357
[28/05/23 20:07:50:299 UTC]  INFO util.SecurityLogger: class com.dotmarketing.cms.login.factories.LoginFactory : User admin@dotcms.com has sucessfully logged in from IP: 172.18.0.1 -- ip:172.18.0.1,user:Admin User [ID: dotcms.org.1][email:admin@dotcms.com]
[28/05/23 20:07:53:311 UTC]  INFO ajax.PublishingEndpointAjaxAction: receiver ; a58b786a-c948-40e0-98f6-ee6002f14e3d
[28/05/23 20:07:56:440 UTC]  INFO util.SecurityLogger: class com.dotmarketing.cms.login.factories.LoginFactory : User admin@dotcms.com has sucessfully logged in from IP: 172.18.0.1 -- ip:172.18.0.1,user:Admin User [ID: dotcms.org.1][email:admin@dotcms.com]
[28/05/23 20:07:56:552 UTC]  INFO util.PushPublishLogger: class com.dotcms.publisher.business.PublishAuditStatus : Status Update: Pending.
[28/05/23 20:07:56:733 UTC]  INFO rest.PushPublisherJob: Started bundle publish process
[28/05/23 20:07:56:734 UTC]  INFO util.PushPublishLogger: class com.dotcms.rest.PushPublisherJob : [BundleID: content_type_and_content_demo.tar.gz] Started bundle publish process
[28/05/23 20:07:57:095 UTC]  INFO timedcache.TimedCacheProvider: ***	 Building Cache : esquerycache, size:10000, seconds:3600,Concurrency:32 (every 60000 millis)
[28/05/23 20:07:57:295 UTC]  WARN business.ESContentFactoryImpl: ----------------------------------------------
[28/05/23 20:07:57:295 UTC]  WARN business.ESContentFactoryImpl: Elasticsearch SEARCH error in index 'cluster_205a80cee7.working_20230528200704'
[28/05/23 20:07:57:295 UTC]  WARN business.ESContentFactoryImpl: Thread: url:POST//default/api/bundle/sync | lang:1 | ip:172.18.0.1 | Admin:false | start:05-28-2023 08:07:34 UTC
[28/05/23 20:07:57:296 UTC]  WARN business.ESContentFactoryImpl: ES Query: {"size":10000,"timeout":"15000ms","query":{"query_string":{"query":"+structurename:host +languageid:1 +(host.hostname_sha256:f1760a2a82516fd053099f51ee91f3fb8d530b4bd35b6d52b21fe8d0a6e05044 )","fields":[],"type":"best_fields","default_operator":"or","max_determinized_states":10000,"enable_position_increments":true,"fuzziness":"AUTO","fuzzy_prefix_length":0,"fuzzy_max_expansions":50,"phrase_slop":0,"escape":false,"auto_generate_synonyms_phrase_query":true,"fuzzy_transpositions":true,"boost":1.0}},"_source":{"includes":["inode","identifier"],"excludes":[]},"sort":[{"_score":{"order":"desc"}},{"moddate":{"order":"desc"}}],"track_total_hits":10000000}
[28/05/23 20:07:57:296 UTC]  WARN business.ESContentFactoryImpl: Class org.elasticsearch.ElasticsearchStatusException: Elasticsearch exception [type=illegal_argument_exception, reason=Text fields are not optimised for operations that require per-document field data like aggregations and sorting, so these operations are disabled by default. Please use a keyword field instead. Alternatively, set fielddata=true on [moddate] in order to load field data by uninverting the inverted index. Note that this can use significant memory.]
[28/05/23 20:07:57:296 UTC]  WARN business.ESContentFactoryImpl: ----------------------------------------------
[28/05/23 20:07:57:311 UTC]  INFO util.ActivityLogger: class com.dotcms.content.elasticsearch.business.ESContentletAPIImpl: System Host : Saving Content , StartDate: N/D; EndDate: N/D; User:system; ContentIdentifier: 48190c8c-42c4-46af-8d1a-0cd5db894797
[28/05/23 20:07:57:318 UTC]  INFO business.IdentifierAPIImpl: Creating new identifier for versionable asset of type `content` and title `demo.dotcms.com` 
[28/05/23 20:07:57:437 UTC]  INFO business.ContentletIndexAPIImpl: Indexing: 48190c8c-42c4-46af-8d1a-0cd5db894797 : demo.dotcms.com, includeDependencies: true, policy: FORCE
[28/05/23 20:07:57:508 UTC]  INFO util.ActivityLogger: class com.dotcms.content.elasticsearch.business.ESContentletAPIImpl: System Host : Content Saved , StartDate: N/D; EndDate: N/D; User:system; ContentIdentifier: 48190c8c-42c4-46af-8d1a-0cd5db894797
[28/05/23 20:07:57:554 UTC]  INFO business.ContentletIndexAPIImpl: Indexing: 48190c8c-42c4-46af-8d1a-0cd5db894797 : demo.dotcms.com, includeDependencies: false, policy: FORCE
[28/05/23 20:07:57:557 UTC]  INFO util.PushPublishLogger: class com.dotcms.enterprise.publishing.remote.handler.ContentHandler : [BundleID: content_type_and_content_demo.tar.gz] Host publish success, ID: 48190c8c-42c4-46af-8d1a-0cd5db894797, Inode: 6e8aca39-937c-437e-91d8-d46b631bdcc8, Name: demo.dotcms.com
[28/05/23 20:07:57:624 UTC]  INFO util.ActivityLogger: class com.dotcms.content.elasticsearch.business.ESContentletAPIImpl: System Host : Locking Content , StartDate: N/D; EndDate: N/D; User:system; ContentIdentifier: 8a7d5e23-da1e-420a-b4f0-471e7da8ea2d
[28/05/23 20:07:57:640 UTC]  INFO business.ContentletIndexAPIImpl: Indexing: 8a7d5e23-da1e-420a-b4f0-471e7da8ea2d : default, includeDependencies: false, policy: FORCE
[28/05/23 20:07:57:640 UTC]  INFO util.ActivityLogger: class com.dotcms.content.elasticsearch.business.ESContentletAPIImpl: System Host : Content Locked , StartDate: N/D; EndDate: N/D; User:system; ContentIdentifier: 8a7d5e23-da1e-420a-b4f0-471e7da8ea2d
[28/05/23 20:07:57:647 UTC]  INFO util.ActivityLogger: class com.dotcms.content.elasticsearch.business.ESContentletAPIImpl: System Host : Saving Content , StartDate: N/D; EndDate: N/D; User:system; ContentIdentifier: 8a7d5e23-da1e-420a-b4f0-471e7da8ea2d
[28/05/23 20:07:57:769 UTC]  INFO business.ContentletIndexAPIImpl: Indexing: 8a7d5e23-da1e-420a-b4f0-471e7da8ea2d : default, includeDependencies: true, policy: FORCE
[28/05/23 20:07:57:815 UTC]  INFO util.ActivityLogger: class com.dotcms.content.elasticsearch.business.ESContentletAPIImpl: System Host : Content Saved , StartDate: N/D; EndDate: N/D; User:system; ContentIdentifier: 8a7d5e23-da1e-420a-b4f0-471e7da8ea2d
[28/05/23 20:07:57:819 UTC]  INFO util.ActivityLogger: class com.dotcms.content.elasticsearch.business.ESContentletAPIImpl: System Host : Publishing Content , StartDate: N/D; EndDate: N/D; User:system; ContentIdentifier: 8a7d5e23-da1e-420a-b4f0-471e7da8ea2d
[28/05/23 20:07:57:824 UTC]  INFO business.ContentletIndexAPIImpl: Indexing: 8a7d5e23-da1e-420a-b4f0-471e7da8ea2d : default, includeDependencies: true, policy: FORCE
[28/05/23 20:07:57:877 UTC]  INFO util.ActivityLogger: class com.dotcms.content.elasticsearch.business.ESContentletAPIImpl: System Host : Content Published , StartDate: N/D; EndDate: N/D; User:system; ContentIdentifier: 8a7d5e23-da1e-420a-b4f0-471e7da8ea2d
[28/05/23 20:07:57:886 UTC]  INFO util.ActivityLogger: class com.dotcms.content.elasticsearch.business.ESContentletAPIImpl: System Host : Publishing Content , StartDate: N/D; EndDate: N/D; User:system; ContentIdentifier: 48190c8c-42c4-46af-8d1a-0cd5db894797
[28/05/23 20:07:57:890 UTC]  INFO business.ContentletIndexAPIImpl: Indexing: 48190c8c-42c4-46af-8d1a-0cd5db894797 : demo.dotcms.com, includeDependencies: true, policy: FORCE
[28/05/23 20:07:57:928 UTC]  INFO util.ActivityLogger: class com.dotcms.content.elasticsearch.business.ESContentletAPIImpl: System Host : Content Published , StartDate: N/D; EndDate: N/D; User:system; ContentIdentifier: 48190c8c-42c4-46af-8d1a-0cd5db894797
[28/05/23 20:07:57:933 UTC]  INFO business.ContentletIndexAPIImpl: Indexing: 48190c8c-42c4-46af-8d1a-0cd5db894797 : demo.dotcms.com, includeDependencies: true, policy: FORCE
[28/05/23 20:07:57:997 UTC]  INFO util.SecurityLogger: class com.dotmarketing.portlets.workflows.business.WorkflowAPIImpl : Workflow Scheme 'System Workflow' [d61a59e1-a49c-46f2-a929-db2b4bfa88b2] has been saved by User ID 'system' -- ip:172.18.0.1,user:Admin User [ID: dotcms.org.1][email:admin@dotcms.com]
[28/05/23 20:07:58:012 UTC]  INFO util.SecurityLogger: class com.dotmarketing.portlets.workflows.business.WorkflowAPIImpl : Workflow Step 'New' [6cb7e3bd-1710-4eed-8838-d3db60f78f19] has been saved by User ID 'system' -- ip:172.18.0.1,user:Admin User [ID: dotcms.org.1][email:admin@dotcms.com]
[28/05/23 20:07:58:023 UTC]  INFO util.SecurityLogger: class com.dotmarketing.portlets.workflows.business.WorkflowAPIImpl : Workflow Step 'Draft' [ee24a4cb-2d15-4c98-b1bd-6327126451f3] has been saved by User ID 'system' -- ip:172.18.0.1,user:Admin User [ID: dotcms.org.1][email:admin@dotcms.com]
[28/05/23 20:07:58:029 UTC]  INFO util.SecurityLogger: class com.dotmarketing.portlets.workflows.business.WorkflowAPIImpl : Workflow Step 'Published' [dc3c9cd0-8467-404b-bf95-cb7df3fbc293] has been saved by User ID 'system' -- ip:172.18.0.1,user:Admin User [ID: dotcms.org.1][email:admin@dotcms.com]
[28/05/23 20:07:58:040 UTC]  INFO util.SecurityLogger: class com.dotmarketing.portlets.workflows.business.WorkflowAPIImpl : Workflow Step 'Archived' [d6b095b6-b65f-4bdb-bbfd-701d663dfee2] has been saved by User ID 'system' -- ip:172.18.0.1,user:Admin User [ID: dotcms.org.1][email:admin@dotcms.com]
[28/05/23 20:07:58:069 UTC]  INFO util.SecurityLogger: class com.dotmarketing.portlets.workflows.business.WorkflowAPIImpl : Action id: '4da13a42-5d59-480c-ad8f-94a3adf809fe' has been reordered by user: system -- ip:172.18.0.1,user:Admin User [ID: dotcms.org.1][email:admin@dotcms.com]
[28/05/23 20:07:58:073 UTC]  WARN business.PermissionCacheImpl:  !!! Putting an empty list of permissions in the cache for asset:4da13a42-5d59-480c-ad8f-94a3adf809fe. Every asset should have at least 1 permission (or inherited permission) associated with it
[28/05/23 20:07:58:086 UTC]  INFO util.SecurityLogger: class com.dotmarketing.portlets.workflows.business.WorkflowAPIImpl : Action id: '963f6a04-5320-42e7-ab74-6d876d199946' has been reordered by user: system -- ip:172.18.0.1,user:Admin User [ID: dotcms.org.1][email:admin@dotcms.com]
[28/05/23 20:07:58:090 UTC]  WARN business.PermissionCacheImpl:  !!! Putting an empty list of permissions in the cache for asset:963f6a04-5320-42e7-ab74-6d876d199946. Every asset should have at least 1 permission (or inherited permission) associated with it
[28/05/23 20:07:58:109 UTC]  INFO util.SecurityLogger: class com.dotmarketing.portlets.workflows.business.WorkflowAPIImpl : Action id: '777f1c6b-c877-4a37-ba4b-10627316c2cc' has been reordered by user: system -- ip:172.18.0.1,user:Admin User [ID: dotcms.org.1][email:admin@dotcms.com]
[28/05/23 20:07:58:113 UTC]  WARN business.PermissionCacheImpl:  !!! Putting an empty list of permissions in the cache for asset:777f1c6b-c877-4a37-ba4b-10627316c2cc. Every asset should have at least 1 permission (or inherited permission) associated with it
[28/05/23 20:07:58:128 UTC]  INFO util.SecurityLogger: class com.dotmarketing.portlets.workflows.business.WorkflowAPIImpl : Action id: '1e0f1c6b-b67f-4c99-983d-db2b4bfa88b2' has been reordered by user: system -- ip:172.18.0.1,user:Admin User [ID: dotcms.org.1][email:admin@dotcms.com]
[28/05/23 20:07:58:132 UTC]  WARN business.PermissionCacheImpl:  !!! Putting an empty list of permissions in the cache for asset:1e0f1c6b-b67f-4c99-983d-db2b4bfa88b2. Every asset should have at least 1 permission (or inherited permission) associated with it
[28/05/23 20:07:58:148 UTC]  INFO util.SecurityLogger: class com.dotmarketing.portlets.workflows.business.WorkflowAPIImpl : Action id: 'b9d89c80-3d88-4311-8365-187323c96436' has been reordered by user: system -- ip:172.18.0.1,user:Admin User [ID: dotcms.org.1][email:admin@dotcms.com]
[28/05/23 20:07:58:154 UTC]  WARN business.PermissionCacheImpl:  !!! Putting an empty list of permissions in the cache for asset:b9d89c80-3d88-4311-8365-187323c96436. Every asset should have at least 1 permission (or inherited permission) associated with it
[28/05/23 20:07:58:167 UTC]  INFO util.SecurityLogger: class com.dotmarketing.portlets.workflows.business.WorkflowAPIImpl : Action id: 'ceca71a0-deee-4999-bd47-b01baa1bcfc8' has been reordered by user: system -- ip:172.18.0.1,user:Admin User [ID: dotcms.org.1][email:admin@dotcms.com]
[28/05/23 20:07:58:171 UTC]  WARN business.PermissionCacheImpl:  !!! Putting an empty list of permissions in the cache for asset:ceca71a0-deee-4999-bd47-b01baa1bcfc8. Every asset should have at least 1 permission (or inherited permission) associated with it
[28/05/23 20:07:58:182 UTC]  INFO util.SecurityLogger: class com.dotmarketing.portlets.workflows.business.WorkflowAPIImpl : Action id: 'c92f9aa1-9503-4567-ac30-d3242b54d02d' has been reordered by user: system -- ip:172.18.0.1,user:Admin User [ID: dotcms.org.1][email:admin@dotcms.com]
[28/05/23 20:07:58:185 UTC]  WARN business.PermissionCacheImpl:  !!! Putting an empty list of permissions in the cache for asset:c92f9aa1-9503-4567-ac30-d3242b54d02d. Every asset should have at least 1 permission (or inherited permission) associated with it
[28/05/23 20:07:58:196 UTC]  INFO util.SecurityLogger: class com.dotmarketing.portlets.workflows.business.WorkflowAPIImpl : Action id: '38efc763-d78f-4e4b-b092-59cd8c579b93' has been reordered by user: system -- ip:172.18.0.1,user:Admin User [ID: dotcms.org.1][email:admin@dotcms.com]
[28/05/23 20:07:58:200 UTC]  WARN business.PermissionCacheImpl:  !!! Putting an empty list of permissions in the cache for asset:38efc763-d78f-4e4b-b092-59cd8c579b93. Every asset should have at least 1 permission (or inherited permission) associated with it
[28/05/23 20:07:58:216 UTC]  INFO util.SecurityLogger: class com.dotmarketing.portlets.workflows.business.WorkflowAPIImpl : The action id: 'ceca71a0-deee-4999-bd47-b01baa1bcfc8' has been saved by the user: system -- ip:172.18.0.1,user:Admin User [ID: dotcms.org.1][email:admin@dotcms.com]
[28/05/23 20:07:58:226 UTC]  INFO util.SecurityLogger: class com.dotmarketing.portlets.workflows.business.WorkflowAPIImpl : The action id: 'b9d89c80-3d88-4311-8365-187323c96436' has been saved by the user: system -- ip:172.18.0.1,user:Admin User [ID: dotcms.org.1][email:admin@dotcms.com]
[28/05/23 20:07:58:236 UTC]  INFO util.SecurityLogger: class com.dotmarketing.portlets.workflows.business.WorkflowAPIImpl : The action id: '777f1c6b-c877-4a37-ba4b-10627316c2cc' has been saved by the user: system -- ip:172.18.0.1,user:Admin User [ID: dotcms.org.1][email:admin@dotcms.com]
[28/05/23 20:07:58:247 UTC]  INFO util.SecurityLogger: class com.dotmarketing.portlets.workflows.business.WorkflowAPIImpl : The action id: 'ceca71a0-deee-4999-bd47-b01baa1bcfc8' has been saved by the user: system -- ip:172.18.0.1,user:Admin User [ID: dotcms.org.1][email:admin@dotcms.com]
[28/05/23 20:07:58:257 UTC]  INFO util.SecurityLogger: class com.dotmarketing.portlets.workflows.business.WorkflowAPIImpl : The action id: '38efc763-d78f-4e4b-b092-59cd8c579b93' has been saved by the user: system -- ip:172.18.0.1,user:Admin User [ID: dotcms.org.1][email:admin@dotcms.com]
[28/05/23 20:07:58:267 UTC]  INFO util.SecurityLogger: class com.dotmarketing.portlets.workflows.business.WorkflowAPIImpl : The action id: '963f6a04-5320-42e7-ab74-6d876d199946' has been saved by the user: system -- ip:172.18.0.1,user:Admin User [ID: dotcms.org.1][email:admin@dotcms.com]
[28/05/23 20:07:58:276 UTC]  INFO util.SecurityLogger: class com.dotmarketing.portlets.workflows.business.WorkflowAPIImpl : The action id: 'b9d89c80-3d88-4311-8365-187323c96436' has been saved by the user: system -- ip:172.18.0.1,user:Admin User [ID: dotcms.org.1][email:admin@dotcms.com]
[28/05/23 20:07:58:288 UTC]  INFO util.SecurityLogger: class com.dotmarketing.portlets.workflows.business.WorkflowAPIImpl : The action id: '4da13a42-5d59-480c-ad8f-94a3adf809fe' has been saved by the user: system -- ip:172.18.0.1,user:Admin User [ID: dotcms.org.1][email:admin@dotcms.com]
[28/05/23 20:07:58:304 UTC]  INFO util.SecurityLogger: class com.dotmarketing.portlets.workflows.business.WorkflowAPIImpl : The action id: '963f6a04-5320-42e7-ab74-6d876d199946' has been saved by the user: system -- ip:172.18.0.1,user:Admin User [ID: dotcms.org.1][email:admin@dotcms.com]
[28/05/23 20:07:58:319 UTC]  INFO util.SecurityLogger: class com.dotmarketing.portlets.workflows.business.WorkflowAPIImpl : The action id: 'ceca71a0-deee-4999-bd47-b01baa1bcfc8' has been saved by the user: system -- ip:172.18.0.1,user:Admin User [ID: dotcms.org.1][email:admin@dotcms.com]
[28/05/23 20:07:58:335 UTC]  INFO util.SecurityLogger: class com.dotmarketing.portlets.workflows.business.WorkflowAPIImpl : The action id: '38efc763-d78f-4e4b-b092-59cd8c579b93' has been saved by the user: system -- ip:172.18.0.1,user:Admin User [ID: dotcms.org.1][email:admin@dotcms.com]
[28/05/23 20:07:58:344 UTC]  INFO util.SecurityLogger: class com.dotmarketing.portlets.workflows.business.WorkflowAPIImpl : The action id: '4da13a42-5d59-480c-ad8f-94a3adf809fe' has been saved by the user: system -- ip:172.18.0.1,user:Admin User [ID: dotcms.org.1][email:admin@dotcms.com]
[28/05/23 20:07:58:356 UTC]  INFO util.SecurityLogger: class com.dotmarketing.portlets.workflows.business.WorkflowAPIImpl : The action id: 'b9d89c80-3d88-4311-8365-187323c96436' has been saved by the user: system -- ip:172.18.0.1,user:Admin User [ID: dotcms.org.1][email:admin@dotcms.com]
[28/05/23 20:07:58:374 UTC]  INFO util.SecurityLogger: class com.dotmarketing.portlets.workflows.business.WorkflowAPIImpl : The action id: 'c92f9aa1-9503-4567-ac30-d3242b54d02d' has been saved by the user: system -- ip:172.18.0.1,user:Admin User [ID: dotcms.org.1][email:admin@dotcms.com]
[28/05/23 20:07:58:384 UTC]  INFO util.SecurityLogger: class com.dotmarketing.portlets.workflows.business.WorkflowAPIImpl : The action id: '777f1c6b-c877-4a37-ba4b-10627316c2cc' has been saved by the user: system -- ip:172.18.0.1,user:Admin User [ID: dotcms.org.1][email:admin@dotcms.com]
[28/05/23 20:07:58:394 UTC]  INFO util.SecurityLogger: class com.dotmarketing.portlets.workflows.business.WorkflowAPIImpl : The action id: '1e0f1c6b-b67f-4c99-983d-db2b4bfa88b2' has been saved by the user: system -- ip:172.18.0.1,user:Admin User [ID: dotcms.org.1][email:admin@dotcms.com]
[28/05/23 20:07:58:544 UTC]  INFO util.SecurityLogger: class com.dotmarketing.portlets.workflows.business.WorkflowAPIImpl : Workflow Action Class with id: 'f970943f-3768-49b6-bc6b-f24f9affbfbf' has been deleted -- ip:172.18.0.1,user:Admin User [ID: dotcms.org.1][email:admin@dotcms.com]
[28/05/23 20:07:58:550 UTC]  INFO util.SecurityLogger: class com.dotmarketing.portlets.workflows.business.WorkflowAPIImpl : Workflow Action with id: dd4c4b7c-e9d3-4dc0-8fbf-36102f9c6324, name: Move has been deleted -- ip:172.18.0.1,user:Admin User [ID: dotcms.org.1][email:admin@dotcms.com]
[28/05/23 20:07:58:632 UTC]  INFO helper.SystemActionMappingsHandlerMerger: The mapping for systemAction: NEW, workflowAction: Optional[WorkflowAction [id=ceca71a0-deee-4999-bd47-b01baa1bcfc8, name=Save, stepId=null, nextStep=ee24a4cb-2d15-4c98-b1bd-6327126451f3]], and scheme: d61a59e1-a49c-46f2-a929-db2b4bfa88b2 has been saved
[28/05/23 20:07:58:637 UTC]  INFO helper.SystemActionMappingsHandlerMerger: The mapping for systemAction: EDIT, workflowAction: Optional[WorkflowAction [id=ceca71a0-deee-4999-bd47-b01baa1bcfc8, name=Save, stepId=null, nextStep=ee24a4cb-2d15-4c98-b1bd-6327126451f3]], and scheme: d61a59e1-a49c-46f2-a929-db2b4bfa88b2 has been saved
[28/05/23 20:07:58:642 UTC]  INFO helper.SystemActionMappingsHandlerMerger: The mapping for systemAction: UNPUBLISH, workflowAction: Optional[WorkflowAction [id=38efc763-d78f-4e4b-b092-59cd8c579b93, name=Unpublish, stepId=null, nextStep=ee24a4cb-2d15-4c98-b1bd-6327126451f3]], and scheme: d61a59e1-a49c-46f2-a929-db2b4bfa88b2 has been saved
[28/05/23 20:07:58:647 UTC]  INFO helper.SystemActionMappingsHandlerMerger: The mapping for systemAction: UNARCHIVE, workflowAction: Optional[WorkflowAction [id=c92f9aa1-9503-4567-ac30-d3242b54d02d, name=Unarchive, stepId=null, nextStep=ee24a4cb-2d15-4c98-b1bd-6327126451f3]], and scheme: d61a59e1-a49c-46f2-a929-db2b4bfa88b2 has been saved
[28/05/23 20:07:58:652 UTC]  INFO helper.SystemActionMappingsHandlerMerger: The mapping for systemAction: PUBLISH, workflowAction: Optional[WorkflowAction [id=b9d89c80-3d88-4311-8365-187323c96436, name=Publish, stepId=null, nextStep=dc3c9cd0-8467-404b-bf95-cb7df3fbc293]], and scheme: d61a59e1-a49c-46f2-a929-db2b4bfa88b2 has been saved
[28/05/23 20:07:58:657 UTC]  INFO helper.SystemActionMappingsHandlerMerger: The mapping for systemAction: ARCHIVE, workflowAction: Optional[WorkflowAction [id=4da13a42-5d59-480c-ad8f-94a3adf809fe, name=Archive, stepId=null, nextStep=d6b095b6-b65f-4bdb-bbfd-701d663dfee2]], and scheme: d61a59e1-a49c-46f2-a929-db2b4bfa88b2 has been saved
[28/05/23 20:07:58:661 UTC]  INFO helper.SystemActionMappingsHandlerMerger: The mapping for systemAction: DESTROY, workflowAction: Optional[WorkflowAction [id=1e0f1c6b-b67f-4c99-983d-db2b4bfa88b2, name=Destroy, stepId=null, nextStep=d6b095b6-b65f-4bdb-bbfd-701d663dfee2]], and scheme: d61a59e1-a49c-46f2-a929-db2b4bfa88b2 has been saved
[28/05/23 20:07:58:666 UTC]  INFO helper.SystemActionMappingsHandlerMerger: The mapping for systemAction: DELETE, workflowAction: Optional[WorkflowAction [id=777f1c6b-c877-4a37-ba4b-10627316c2cc, name=Delete, stepId=null, nextStep=d6b095b6-b65f-4bdb-bbfd-701d663dfee2]], and scheme: d61a59e1-a49c-46f2-a929-db2b4bfa88b2 has been saved
[28/05/23 20:07:58:667 UTC]  INFO util.PushPublishLogger: class com.dotcms.enterprise.publishing.remote.handler.WorkflowHandler : [BundleID: content_type_and_content_demo.tar.gz] Workflow publish success, ID: d61a59e1-a49c-46f2-a929-db2b4bfa88b2, Name: System Workflow
[28/05/23 20:07:58:810 UTC]  INFO util.ActivityLogger: class com.dotcms.contenttype.business.ContentTypeAPIImpl: system : Save ContentType Action , User system/system user system user added ContentType Host to host id:SYSTEM_HOST
[28/05/23 20:07:58:811 UTC]  INFO business.ContentTypeAPIImpl: UserId : system : ContentType : ContentType saved : Host
[28/05/23 20:07:58:812 UTC]  INFO util.AdminLogger: UserId : system : class com.dotcms.contenttype.business.ContentTypeAPIImpl : ContentType : ContentType saved : Host
[28/05/23 20:07:58:835 UTC]  INFO util.ActivityLogger: class com.dotmarketing.util.ActivityLogger: system : Update Field Action , User system/system user modified field fields-0 to Host Structure.
[28/05/23 20:07:58:861 UTC]  INFO util.ActivityLogger: class com.dotmarketing.util.ActivityLogger: system : Update Field Action , User system/system user modified field fields-1 to Host Structure.
[28/05/23 20:07:58:889 UTC]  INFO util.ActivityLogger: class com.dotmarketing.util.ActivityLogger: system : Update Field Action , User system/system user modified field Host Name to Host Structure.
[28/05/23 20:07:58:914 UTC]  INFO util.ActivityLogger: class com.dotmarketing.util.ActivityLogger: system : Update Field Action , User system/system user modified field Aliases to Host Structure.
[28/05/23 20:07:58:922 UTC]  INFO business.FieldAPIImpl: No changes made to field: isDefault, returning
[28/05/23 20:07:58:941 UTC]  INFO util.ActivityLogger: class com.dotmarketing.util.ActivityLogger: system : Update Field Action , User system/system user modified field Tag Storage to Host Structure.
[28/05/23 20:07:58:967 UTC]  INFO util.ActivityLogger: class com.dotmarketing.util.ActivityLogger: system : Update Field Action , User system/system user modified field Host Thumbnail to Host Structure.
[28/05/23 20:07:58:975 UTC]  INFO business.FieldAPIImpl: No changes made to field: isSystemHost, returning
[28/05/23 20:07:58:996 UTC]  INFO util.ActivityLogger: class com.dotmarketing.util.ActivityLogger: system : Update Field Action , User system/system user modified field Run Dashboard to Host Structure.
[28/05/23 20:07:59:027 UTC]  INFO util.ActivityLogger: class com.dotmarketing.util.ActivityLogger: system : Save Field Action , User system/system user added field Meta Data (Default) to Host Structure.
[28/05/23 20:07:59:065 UTC]  INFO util.ActivityLogger: class com.dotmarketing.util.ActivityLogger: system : Save Field Action , User system/system user added field Keywords to Host Structure.
[28/05/23 20:07:59:103 UTC]  INFO util.ActivityLogger: class com.dotmarketing.util.ActivityLogger: system : Save Field Action , User system/system user added field Description to Host Structure.
[28/05/23 20:07:59:141 UTC]  INFO util.ActivityLogger: class com.dotmarketing.util.ActivityLogger: system : Save Field Action , User system/system user added field Site Tags to Host Structure.
[28/05/23 20:07:59:179 UTC]  INFO util.ActivityLogger: class com.dotmarketing.util.ActivityLogger: system : Save Field Action , User system/system user added field Google Map to Host Structure.
[28/05/23 20:07:59:218 UTC]  INFO util.ActivityLogger: class com.dotmarketing.util.ActivityLogger: system : Save Field Action , User system/system user added field Google Analytics to Host Structure.
[28/05/23 20:07:59:265 UTC]  INFO util.ActivityLogger: class com.dotmarketing.util.ActivityLogger: system : Save Field Action , User system/system user added field Add This to Host Structure.
[28/05/23 20:07:59:315 UTC]  INFO util.ActivityLogger: class com.dotmarketing.util.ActivityLogger: system : Save Field Action , User system/system user added field Proxy Url for Edit Mode to Host Structure.
[28/05/23 20:07:59:363 UTC]  INFO util.ActivityLogger: class com.dotmarketing.util.ActivityLogger: system : Save Field Action , User system/system user added field Embedded Dashboard Url to Host Structure.
[28/05/23 20:07:59:375 UTC]  INFO util.PushPublishLogger: class com.dotcms.enterprise.publishing.remote.handler.ContentTypeHandler : [BundleID: content_type_and_content_demo.tar.gz] Content Type publish success, ID: 855a2d72-f2f3-4169-8b04-ac5157c4380c, Name: Host
[28/05/23 20:07:59:379 UTC]  INFO util.SecurityLogger: class com.dotmarketing.portlets.workflows.business.WorkflowAPIImpl : Saving schemes [ [WorkflowScheme [id=d61a59e1-a49c-46f2-a929-db2b4bfa88b2, name=System Workflow, archived=false, mandatory=false]] ] for Content Type [ com.dotmarketing.portlets.structure.model.Structure@61fafcdd[name=Host,description=System hosts information,defaultStructure=false,reviewInterval=<null>,reviewerRole=<null>,pagedetail=<null>,structureType=1,fixed=true,system=true,velocityVarName=Host,urlMapPattern=<null>,host=SYSTEM_HOST,folder=SYSTEM_FOLDER,publishDateVar=<null>,expireDateVar=<null>,modDate=Sun May 28 20:07:59 UTC 2023,icon=event_note,sortOrder=0,iDate=Mon Mar 28 15:10:14 UTC 2016,type=structure,owner=<null>,inode=855a2d72-f2f3-4169-8b04-ac5157c4380c,identifier=855a2d72-f2f3-4169-8b04-ac5157c4380c] ] -- ip:172.18.0.1,user:Admin User [ID: dotcms.org.1][email:admin@dotcms.com]
[28/05/23 20:07:59:395 UTC]  INFO business.ContentTypeAPIImpl: Content type not found with given id: ea533f67-4883-42bb-9701-83293e7313e5. Continuing...
[28/05/23 20:07:59:408 UTC]  INFO util.ActivityLogger: class com.dotmarketing.util.ActivityLogger: system : Save Field Action , User system/system user added field fields-0 to type_2 Structure.
[28/05/23 20:07:59:421 UTC]  INFO util.ActivityLogger: class com.dotmarketing.util.ActivityLogger: system : Save Field Action , User system/system user added field fields-1 to type_2 Structure.
[28/05/23 20:07:59:436 UTC]  INFO util.ActivityLogger: class com.dotmarketing.util.ActivityLogger: system : Save Field Action , User system/system user added field text_1 to type_2 Structure.
[28/05/23 20:07:59:442 UTC]  INFO util.ActivityLogger: class com.dotcms.contenttype.business.ContentTypeAPIImpl: system : Save ContentType Action , User system/system user system user added ContentType type_2 to host id:48190c8c-42c4-46af-8d1a-0cd5db894797
[28/05/23 20:07:59:443 UTC]  INFO business.ContentTypeAPIImpl: UserId : system : ContentType : ContentType saved : type_2
[28/05/23 20:07:59:444 UTC]  INFO util.AdminLogger: UserId : system : class com.dotcms.contenttype.business.ContentTypeAPIImpl : ContentType : ContentType saved : type_2
[28/05/23 20:07:59:445 UTC]  INFO util.PushPublishLogger: class com.dotcms.enterprise.publishing.remote.handler.ContentTypeHandler : [BundleID: content_type_and_content_demo.tar.gz] Content Type publish success, ID: ea533f67-4883-42bb-9701-83293e7313e5, Name: type_2
[28/05/23 20:07:59:446 UTC]  INFO util.SecurityLogger: class com.dotmarketing.portlets.workflows.business.WorkflowAPIImpl : Saving schemes [ [WorkflowScheme [id=d61a59e1-a49c-46f2-a929-db2b4bfa88b2, name=System Workflow, archived=false, mandatory=false]] ] for Content Type [ com.dotmarketing.portlets.structure.model.Structure@2d16b555[name=type_2,description=<null>,defaultStructure=false,reviewInterval=<null>,reviewerRole=<null>,pagedetail=<null>,structureType=1,fixed=false,system=false,velocityVarName=Type2,urlMapPattern=<null>,host=48190c8c-42c4-46af-8d1a-0cd5db894797,folder=SYSTEM_FOLDER,publishDateVar=<null>,expireDateVar=<null>,modDate=Thu Oct 08 17:32:29 UTC 2020,icon=<null>,sortOrder=0,iDate=Thu Oct 08 17:32:19 UTC 2020,type=structure,owner=<null>,inode=ea533f67-4883-42bb-9701-83293e7313e5,identifier=ea533f67-4883-42bb-9701-83293e7313e5] ] -- ip:172.18.0.1,user:Admin User [ID: dotcms.org.1][email:admin@dotcms.com]
[28/05/23 20:07:59:473 UTC]  INFO util.PushPublishLogger: class com.dotcms.enterprise.publishing.remote.handler.LanguageVariablesHandler : [BundleID: content_type_and_content_demo.tar.gz] Language File publish success, Name: cms_language_en.properties
[28/05/23 20:07:59:474 UTC]  INFO util.PushPublishLogger: class com.dotcms.enterprise.publishing.remote.handler.LanguageVariablesHandler : [BundleID: content_type_and_content_demo.tar.gz] Language File publish success, Name: cms_language_en_US.properties
[28/05/23 20:07:59:475 UTC]  INFO util.PushPublishLogger: class com.dotcms.enterprise.publishing.remote.handler.LanguageVariablesHandler : [BundleID: content_type_and_content_demo.tar.gz] Language File publish success, Name: cms_language_es.properties
[28/05/23 20:07:59:475 UTC]  INFO util.PushPublishLogger: class com.dotcms.enterprise.publishing.remote.handler.LanguageVariablesHandler : [BundleID: content_type_and_content_demo.tar.gz] Language File publish success, Name: cms_language_es_ES.properties
[28/05/23 20:07:59:476 UTC]  INFO util.PushPublishLogger: class com.dotcms.enterprise.publishing.remote.handler.LanguageVariablesHandler : [BundleID: content_type_and_content_demo.tar.gz] Language File publish success, Name: cms_language_fr.properties
[28/05/23 20:07:59:477 UTC]  INFO util.PushPublishLogger: class com.dotcms.enterprise.publishing.remote.handler.LanguageVariablesHandler : [BundleID: content_type_and_content_demo.tar.gz] Language File publish success, Name: cms_language_fr_FR.properties
[28/05/23 20:07:59:478 UTC]  INFO util.PushPublishLogger: class com.dotcms.enterprise.publishing.remote.handler.LanguageVariablesHandler : [BundleID: content_type_and_content_demo.tar.gz] Language File publish success, Name: cms_language_zh.properties
[28/05/23 20:07:59:479 UTC]  INFO util.PushPublishLogger: class com.dotcms.enterprise.publishing.remote.handler.LanguageVariablesHandler : [BundleID: content_type_and_content_demo.tar.gz] Language File publish success, Name: cms_language_zh_CN.properties
[28/05/23 20:08:00:214 UTC]  INFO apps.SecretsKeyStoreHelper: KeyStore loaded successfully after `1` tries.
[28/05/23 20:08:00:221 UTC]  WARN business.ESContentFactoryImpl: ----------------------------------------------
[28/05/23 20:08:00:221 UTC]  WARN business.ESContentFactoryImpl: Elasticsearch SEARCH error in index 'cluster_205a80cee7.live_20230528200704'
[28/05/23 20:08:00:221 UTC]  WARN business.ESContentFactoryImpl: Thread: dotCMSQuartz_Worker-5
[28/05/23 20:08:00:225 UTC]  WARN business.ESContentFactoryImpl: ES Query: {"size":10000,"timeout":"15000ms","query":{"query_string":{"query":"+live:true +deleted:false +expdate:[1969-12-31t18:00:00-0000 TO 2023-05-28t20:08:00+0000]","fields":[],"type":"best_fields","default_operator":"or","max_determinized_states":10000,"enable_position_increments":true,"fuzziness":"AUTO","fuzzy_prefix_length":0,"fuzzy_max_expansions":50,"phrase_slop":0,"escape":false,"auto_generate_synonyms_phrase_query":true,"fuzzy_transpositions":true,"boost":1.0}},"_source":{"includes":["inode","identifier"],"excludes":[]},"sort":[{"moddate":{"order":"desc"}}],"track_total_hits":10000000}
[28/05/23 20:08:00:225 UTC]  WARN business.ESContentFactoryImpl: Class org.elasticsearch.ElasticsearchStatusException: Elasticsearch exception [type=illegal_argument_exception, reason=Text fields are not optimised for operations that require per-document field data like aggregations and sorting, so these operations are disabled by default. Please use a keyword field instead. Alternatively, set fielddata=true on [moddate] in order to load field data by uninverting the inverted index. Note that this can use significant memory.]
[28/05/23 20:08:00:225 UTC]  WARN business.ESContentFactoryImpl: ----------------------------------------------
[28/05/23 20:08:00:306 UTC] ERROR business.PublisherQueueJob: An error occurred when trying to publish bundles: null
java.lang.NullPointerException: null
	at com.dotcms.publisher.business.PublisherQueueJob.updateBundleStatus(PublisherQueueJob.java:328) ~[dotcms_null.jar:?]
	at com.dotcms.publisher.business.PublisherQueueJob.updateAuditStatus(PublisherQueueJob.java:241) ~[dotcms_null.jar:?]
	at com.dotcms.publisher.business.PublisherQueueJob.execute(PublisherQueueJob.java:125) ~[dotcms_null.jar:?]
	at org.quartz.core.JobRunShell.run(JobRunShell.java:223) ~[dot.quartz-all-1.8.6_2.jar:?]
	at org.quartz.simpl.SimpleThreadPool$WorkerThread.run(SimpleThreadPool.java:549) ~[dot.quartz-all-1.8.6_2.jar:?]
[28/05/23 20:08:00:396 UTC]  INFO apps.SecretsKeyStoreHelper: KeyStore loaded successfully after `1` tries.
[28/05/23 20:08:00:493 UTC]  INFO apps.SecretsKeyStoreHelper: KeyStore loaded successfully after `1` tries.
[28/05/23 20:08:00:708 UTC]  INFO reindex.ReindexThread: --- Unpausing reindex thread 
[28/05/23 20:08:00:865 UTC]  INFO reindex.BulkProcessorListener: -----------
[28/05/23 20:08:00:866 UTC]  INFO reindex.BulkProcessorListener: Reindexing Server #  : 1 of 1
[28/05/23 20:08:00:867 UTC]  INFO reindex.BulkProcessorListener: Total Indexed        : 0
[28/05/23 20:08:00:868 UTC]  INFO reindex.BulkProcessorListener: ReindexEntries found : 3
[28/05/23 20:08:00:869 UTC]  INFO reindex.BulkProcessorListener: BulkRequests created : 6
[28/05/23 20:08:00:870 UTC]  INFO reindex.BulkProcessorListener: -----------
[28/05/23 20:08:02:949 UTC]  INFO delegate.SystemEventsJobDelegate: The event: 1aff7cee-e977-49f0-a258-680dfbd3b9d9, has been skipped on the server: fda7e257-e2ac-48f7-83fc-8ab4bcea3513
[28/05/23 20:08:02:949 UTC]  INFO delegate.SystemEventsJobDelegate: The event: 3ae16b53-27f8-45ca-ab10-54a448658fad, has been skipped on the server: fda7e257-e2ac-48f7-83fc-8ab4bcea3513
[28/05/23 20:08:04:939 UTC]  INFO reindex.ReindexThread: --- ReindexThread Paused (every 3600000 millis)
[28/05/23 20:08:05:930 UTC]  INFO concurrent.Debouncer: Debouncing : invalidateGraphSchema after 5000 MILLISECONDS
[28/05/23 20:08:07:025 UTC]  INFO util.PushPublishLogger: class com.dotcms.rest.PushPublisherJob : [BundleID: content_type_and_content_demo.tar.gz] Finished bundle publish process
[28/05/23 20:08:07:025 UTC]  INFO rest.PushPublisherJob: Finished bundle publish process
[28/05/23 20:08:07:185 UTC]  INFO apps.SecretsKeyStoreHelper: KeyStore loaded successfully after `1` tries.
[28/05/23 20:08:10:201 UTC]  INFO util.SecurityLogger: class com.dotmarketing.cms.login.factories.LoginFactory : User admin@dotcms.com has sucessfully logged in from IP: 172.18.0.1 -- ip:172.18.0.1,user:Admin User [ID: dotcms.org.1][email:admin@dotcms.com]
[28/05/23 20:08:10:210 UTC]  INFO rest.BundleResource: Deleting all bundles by the user: dotcms.org.1
[28/05/23 20:08:10:230 UTC]  INFO business.BundleAPIImpl: Deleting all bundles with statuses: [BUNDLE_REQUESTED, BUNDLING, SENDING_TO_ENDPOINTS, FAILED_TO_SEND_TO_ALL_GROUPS, FAILED_TO_SEND_TO_SOME_GROUPS, FAILED_TO_BUNDLE, FAILED_TO_SENT, FAILED_TO_PUBLISH, SUCCESS, BUNDLE_SENT_SUCCESSFULLY, RECEIVED_BUNDLE, PUBLISHING_BUNDLE, WAITING_FOR_PUBLISHING, BUNDLE_SAVED_SUCCESSFULLY, INVALID_TOKEN, LICENSE_REQUIRED, SUCCESS_WITH_WARNINGS, FAILED_INTEGRITY_CHECK]by the user: dotcms.org.1
[28/05/23 20:08:10:241 UTC]  INFO business.BundleAPIImpl: Removing bundle: content_type_and_content_demo and dependencies by: dotcms.org.1
[28/05/23 20:08:10:241 UTC]  INFO business.BundleAPIImpl: Removing audit status for a bundle: content_type_and_content_demo
[28/05/23 20:08:10:241 UTC]  INFO business.PublishAuditAPIImpl: Deleting the bundle: content_type_and_content_demo
[28/05/23 20:08:10:242 UTC]  INFO business.BundleAPIImpl: Removing all assets from bundle: content_type_and_content_demo
[28/05/23 20:08:10:243 UTC]  INFO business.BundleAPIImpl: Removing environments from bundle: content_type_and_content_demo
[28/05/23 20:08:10:244 UTC]  INFO business.BundleAPIImpl: Removing bundle: content_type_and_content_demo
[28/05/23 20:08:10:271 UTC]  INFO business.BundleAPIImpl: Deleted 1 bundles, failed 0 bundles
[28/05/23 20:08:10:276 UTC]  WARN struts.MultiMessageResources: Duplicate resource property definition (key=was ==> is now): contenttypes.content.copy=Copy ==> Copy
[28/05/23 20:08:10:281 UTC]  WARN struts.MultiMessageResources: Duplicate resource property definition (key=was ==> is now): message.category.import=Importing Categories.  This operation cannot be cancelled or undone. ==> IMPORT
[28/05/23 20:08:10:281 UTC]  WARN struts.MultiMessageResources: Duplicate resource property definition (key=was ==> is now): message.containers.create.content_type_code=Content Type Code ==> Content Type Code
[28/05/23 20:08:10:284 UTC]  WARN struts.MultiMessageResources: Duplicate resource property definition (key=was ==> is now): Save=Save ==> Save
[28/05/23 20:08:10:285 UTC]  WARN struts.MultiMessageResources: Duplicate resource property definition (key=was ==> is now): Move=Move ==> Move
[28/05/23 20:08:10:290 UTC]  WARN struts.MultiMessageResources: Duplicate resource property definition (key=was ==> is now): archived=archived ==> Archived
[28/05/23 20:08:12:957 UTC]  INFO delegate.SystemEventsJobDelegate: The event: bc92b6e5-04e8-49ee-a092-c78e9b44a6a4, has been skipped on the server: fda7e257-e2ac-48f7-83fc-8ab4bcea3513
[28/05/23 20:08:12:957 UTC]  INFO delegate.SystemEventsJobDelegate: The event: 338d6597-7798-42d0-a887-eed95b3d2d21, has been skipped on the server: fda7e257-e2ac-48f7-83fc-8ab4bcea3513
[28/05/23 20:08:23:376 UTC]  INFO util.SecurityLogger: class com.dotmarketing.cms.login.factories.LoginFactory : User admin@dotcms.com has sucessfully logged in from IP: 172.18.0.1 -- ip:172.18.0.1,user:Admin User [ID: dotcms.org.1][email:admin@dotcms.com]
[28/05/23 20:08:23:399 UTC]  WARN ajax.RemotePublishAjaxAction: Unable to find asset id = [ea533f67-4883-42bb-9701-83293e7313e5]
[28/05/23 20:08:23:507 UTC]  INFO util.PushPublishLogger: class com.dotcms.publisher.business.PublisherAPIImpl : [BundleID: 01H1HZKV32PZ5V0M0CCYG4Y58N] Asset added to Push Publish Queue. Action: Added by Browsing, Asset Type: contenttype, Asset Id: ea533f67-4883-42bb-9701-83293e7313e5, User: dotcms.org.1
[28/05/23 20:08:25:536 UTC]  WARN business.ESContentFactoryImpl: ----------------------------------------------
[28/05/23 20:08:25:536 UTC]  WARN business.ESContentFactoryImpl: Elasticsearch SEARCH error in index 'cluster_205a80cee7.live_20230528200704'
[28/05/23 20:08:25:536 UTC]  WARN business.ESContentFactoryImpl: Thread: dotCMSQuartz_Worker-6
[28/05/23 20:08:25:538 UTC]  WARN business.ESContentFactoryImpl: ES Query: {"size":10000,"timeout":"15000ms","query":{"query_string":{"query":"+live:true +deleted:false +expdate:[1969-12-31t18:00:00-0000 TO 2023-05-28t20:08:25+0000]","fields":[],"type":"best_fields","default_operator":"or","max_determinized_states":10000,"enable_position_increments":true,"fuzziness":"AUTO","fuzzy_prefix_length":0,"fuzzy_max_expansions":50,"phrase_slop":0,"escape":false,"auto_generate_synonyms_phrase_query":true,"fuzzy_transpositions":true,"boost":1.0}},"_source":{"includes":["inode","identifier"],"excludes":[]},"sort":[{"moddate":{"order":"desc"}}],"track_total_hits":10000000}
[28/05/23 20:08:25:538 UTC]  WARN business.ESContentFactoryImpl: Class org.elasticsearch.ElasticsearchStatusException: Elasticsearch exception [type=illegal_argument_exception, reason=Text fields are not optimised for operations that require per-document field data like aggregations and sorting, so these operations are disabled by default. Please use a keyword field instead. Alternatively, set fielddata=true on [moddate] in order to load field data by uninverting the inverted index. Note that this can use significant memory.]
[28/05/23 20:08:25:538 UTC]  WARN business.ESContentFactoryImpl: ----------------------------------------------
[28/05/23 20:08:26:665 UTC]  INFO util.SecurityLogger: class com.dotmarketing.cms.login.factories.LoginFactory : User admin@dotcms.com has sucessfully logged in from IP: 172.18.0.1 -- ip:172.18.0.1,user:Admin User [ID: dotcms.org.1][email:admin@dotcms.com]
[28/05/23 20:08:28:696 UTC]  WARN business.ESContentFactoryImpl: ----------------------------------------------
[28/05/23 20:08:28:696 UTC]  WARN business.ESContentFactoryImpl: Elasticsearch SEARCH error in index 'cluster_205a80cee7.live_20230528200704'
[28/05/23 20:08:28:696 UTC]  WARN business.ESContentFactoryImpl: Thread: dotCMSQuartz_Worker-7
[28/05/23 20:08:28:696 UTC]  WARN business.ESContentFactoryImpl: ES Query: {"size":10000,"timeout":"15000ms","query":{"query_string":{"query":"+live:true +deleted:false +expdate:[1969-12-31t18:00:00-0000 TO 2023-05-28t20:08:28+0000]","fields":[],"type":"best_fields","default_operator":"or","max_determinized_states":10000,"enable_position_increments":true,"fuzziness":"AUTO","fuzzy_prefix_length":0,"fuzzy_max_expansions":50,"phrase_slop":0,"escape":false,"auto_generate_synonyms_phrase_query":true,"fuzzy_transpositions":true,"boost":1.0}},"_source":{"includes":["inode","identifier"],"excludes":[]},"sort":[{"moddate":{"order":"desc"}}],"track_total_hits":10000000}
[28/05/23 20:08:28:696 UTC]  WARN business.ESContentFactoryImpl: Class org.elasticsearch.ElasticsearchStatusException: Elasticsearch exception [type=illegal_argument_exception, reason=Text fields are not optimised for operations that require per-document field data like aggregations and sorting, so these operations are disabled by default. Please use a keyword field instead. Alternatively, set fielddata=true on [moddate] in order to load field data by uninverting the inverted index. Note that this can use significant memory.]
[28/05/23 20:08:28:696 UTC]  WARN business.ESContentFactoryImpl: ----------------------------------------------
[28/05/23 20:08:28:702 UTC]  INFO business.PublisherQueueJob: 
[28/05/23 20:08:28:702 UTC]  INFO business.PublisherQueueJob: Found 1 bundle(s) to process.
[28/05/23 20:08:28:702 UTC]  INFO business.PublisherQueueJob: 
[28/05/23 20:08:28:704 UTC]  INFO business.PublisherQueueJob: Processing bundle: ID: 01H1HZKV32PZ5V0M0CCYG4Y58N. Status: Starting. Publish Date: 2020-09-10 17:14:00.0
[28/05/23 20:08:28:704 UTC]  INFO util.PushPublishLogger: class com.dotcms.publisher.business.PublishAuditStatus : Status Update: Pending.
[28/05/23 20:08:28:742 UTC]  INFO util.PushPublishLogger: class com.dotcms.publisher.business.PublisherQueueJob : Pre-publish work started.
[28/05/23 20:08:28:754 UTC]  INFO util.PushPublishLogger: class com.dotcms.publisher.business.PublisherQueueJob : Pre-publish work complete.
[28/05/23 20:08:28:757 UTC]  INFO util.PushPublishLogger: class com.dotcms.publishing.PublisherAPIImpl : [BundleID: 01H1HZKV32PZ5V0M0CCYG4Y58N] Started Publishing Task
[28/05/23 20:08:28:770 UTC]  INFO publishing.PublisherAPIImpl: Start of Bundler: DependencyBundler
[28/05/23 20:08:28:881 UTC]  WARN business.ESContentFactoryImpl: ----------------------------------------------
[28/05/23 20:08:28:881 UTC]  WARN business.ESContentFactoryImpl: Elasticsearch SEARCH error in index 'cluster_205a80cee7.working_20230528200704'
[28/05/23 20:08:28:881 UTC]  WARN business.ESContentFactoryImpl: Thread: dotCMSQuartz_Worker-7
[28/05/23 20:08:28:881 UTC]  WARN business.ESContentFactoryImpl: ES Query: {"size":10000,"timeout":"15000ms","query":{"match_all":{"boost":1.0}},"post_filter":{"query_string":{"query":"+contenttype:languagevariable","fields":[],"type":"best_fields","default_operator":"or","max_determinized_states":10000,"enable_position_increments":true,"fuzziness":"AUTO","fuzzy_prefix_length":0,"fuzzy_max_expansions":50,"phrase_slop":0,"escape":false,"auto_generate_synonyms_phrase_query":true,"fuzzy_transpositions":true,"boost":1.0}},"_source":{"includes":["inode","identifier"],"excludes":[]},"sort":[{"moddate":{"order":"desc"}}],"track_total_hits":10000000}
[28/05/23 20:08:28:881 UTC]  WARN business.ESContentFactoryImpl: Class org.elasticsearch.ElasticsearchStatusException: Elasticsearch exception [type=illegal_argument_exception, reason=Text fields are not optimised for operations that require per-document field data like aggregations and sorting, so these operations are disabled by default. Please use a keyword field instead. Alternatively, set fielddata=true on [moddate] in order to load field data by uninverting the inverted index. Note that this can use significant memory.]
[28/05/23 20:08:28:881 UTC]  WARN business.ESContentFactoryImpl: ----------------------------------------------
[28/05/23 20:08:37:959 UTC]  INFO dependencies.ConcurrentDependencyProcessor: DependencyProcessor Finished
[28/05/23 20:08:37:960 UTC]  INFO publishing.PublisherAPIImpl: End of Bundler: DependencyBundler
[28/05/23 20:08:37:960 UTC]  INFO publishing.PublisherAPIImpl: Start of Bundler: HostBundler
[28/05/23 20:08:37:962 UTC]  INFO util.PushPublishLogger: class com.dotcms.enterprise.publishing.remote.bundler.HostBundler : Status Update: Bundling.
[28/05/23 20:08:37:985 UTC]  WARN business.ESContentFactoryImpl: ----------------------------------------------
[28/05/23 20:08:37:987 UTC]  WARN business.ESContentFactoryImpl: Elasticsearch SEARCH error in index 'cluster_205a80cee7.working_20230528200704'
[28/05/23 20:08:37:987 UTC]  WARN business.ESContentFactoryImpl: Thread: dotCMSQuartz_Worker-7
[28/05/23 20:08:37:988 UTC]  WARN business.ESContentFactoryImpl: ES Query: {"size":1,"timeout":"15000ms","query":{"query_string":{"query":"+identifier:48190c8c-42c4-46af-8d1a-0cd5db894797 +working:true","fields":[],"type":"best_fields","default_operator":"or","max_determinized_states":10000,"enable_position_increments":true,"fuzziness":"AUTO","fuzzy_prefix_length":0,"fuzzy_max_expansions":50,"phrase_slop":0,"escape":false,"auto_generate_synonyms_phrase_query":true,"fuzzy_transpositions":true,"boost":1.0}},"_source":{"includes":["inode","identifier"],"excludes":[]},"sort":[{"moddate":{"order":"desc"}}],"track_total_hits":10000000}
[28/05/23 20:08:37:988 UTC]  WARN business.ESContentFactoryImpl: Class org.elasticsearch.ElasticsearchStatusException: Elasticsearch exception [type=illegal_argument_exception, reason=Text fields are not optimised for operations that require per-document field data like aggregations and sorting, so these operations are disabled by default. Please use a keyword field instead. Alternatively, set fielddata=true on [moddate] in order to load field data by uninverting the inverted index. Note that this can use significant memory.]
[28/05/23 20:08:37:988 UTC]  WARN business.ESContentFactoryImpl: ----------------------------------------------
[28/05/23 20:08:38:001 UTC]  WARN business.ESContentFactoryImpl: ----------------------------------------------
[28/05/23 20:08:38:001 UTC]  WARN business.ESContentFactoryImpl: Elasticsearch SEARCH error in index 'cluster_205a80cee7.live_20230528200704'
[28/05/23 20:08:38:001 UTC]  WARN business.ESContentFactoryImpl: Thread: dotCMSQuartz_Worker-7
[28/05/23 20:08:38:001 UTC]  WARN business.ESContentFactoryImpl: ES Query: {"size":1,"timeout":"15000ms","query":{"query_string":{"query":"+identifier:48190c8c-42c4-46af-8d1a-0cd5db894797 +live:true","fields":[],"type":"best_fields","default_operator":"or","max_determinized_states":10000,"enable_position_increments":true,"fuzziness":"AUTO","fuzzy_prefix_length":0,"fuzzy_max_expansions":50,"phrase_slop":0,"escape":false,"auto_generate_synonyms_phrase_query":true,"fuzzy_transpositions":true,"boost":1.0}},"_source":{"includes":["inode","identifier"],"excludes":[]},"sort":[{"moddate":{"order":"desc"}}],"track_total_hits":10000000}
[28/05/23 20:08:38:001 UTC]  WARN business.ESContentFactoryImpl: Class org.elasticsearch.ElasticsearchStatusException: Elasticsearch exception [type=illegal_argument_exception, reason=Text fields are not optimised for operations that require per-document field data like aggregations and sorting, so these operations are disabled by default. Please use a keyword field instead. Alternatively, set fielddata=true on [moddate] in order to load field data by uninverting the inverted index. Note that this can use significant memory.]
[28/05/23 20:08:38:001 UTC]  WARN business.ESContentFactoryImpl: ----------------------------------------------
[28/05/23 20:08:38:012 UTC]  INFO bundler.HostBundler: Searching for ContentletVersionInfo. Identifier: 48190c8c-42c4-46af-8d1a-0cd5db894797. Language:1
[28/05/23 20:08:38:084 UTC]  INFO util.PushPublishLogger: class com.dotcms.enterprise.publishing.remote.bundler.HostBundler : Status Update: Bundling.
[28/05/23 20:08:38:086 UTC]  INFO publishing.PublisherAPIImpl: End of Bundler: HostBundler
[28/05/23 20:08:38:087 UTC]  INFO publishing.PublisherAPIImpl: Start of Bundler: ContentBundler
[28/05/23 20:08:38:090 UTC]  INFO util.PushPublishLogger: class com.dotcms.enterprise.publishing.remote.bundler.ContentBundler : Status Update: Bundling.
[28/05/23 20:08:38:096 UTC]  INFO util.PushPublishLogger: class com.dotcms.enterprise.publishing.remote.bundler.ContentBundler : Status Update: Bundling.
[28/05/23 20:08:38:098 UTC]  INFO publishing.PublisherAPIImpl: End of Bundler: ContentBundler
[28/05/23 20:08:38:098 UTC]  INFO publishing.PublisherAPIImpl: Start of Bundler: FolderBundler
[28/05/23 20:08:38:099 UTC]  INFO publishing.PublisherAPIImpl: End of Bundler: FolderBundler
[28/05/23 20:08:38:099 UTC]  INFO publishing.PublisherAPIImpl: Start of Bundler: TemplateBundler
[28/05/23 20:08:38:100 UTC]  INFO publishing.PublisherAPIImpl: End of Bundler: TemplateBundler
[28/05/23 20:08:38:100 UTC]  INFO publishing.PublisherAPIImpl: Start of Bundler: ContainerBundler
[28/05/23 20:08:38:100 UTC]  INFO publishing.PublisherAPIImpl: End of Bundler: ContainerBundler
[28/05/23 20:08:38:101 UTC]  INFO publishing.PublisherAPIImpl: Start of Bundler: RuleBundler
[28/05/23 20:08:38:101 UTC]  INFO publishing.PublisherAPIImpl: End of Bundler: RuleBundler
[28/05/23 20:08:38:101 UTC]  INFO publishing.PublisherAPIImpl: Start of Bundler: LinkBundler
[28/05/23 20:08:38:102 UTC]  INFO publishing.PublisherAPIImpl: End of Bundler: LinkBundler
[28/05/23 20:08:38:102 UTC]  INFO publishing.PublisherAPIImpl: Start of Bundler: ContentTypeBundler
[28/05/23 20:08:38:151 UTC]  INFO publishing.PublisherAPIImpl: End of Bundler: ContentTypeBundler
[28/05/23 20:08:38:151 UTC]  INFO publishing.PublisherAPIImpl: Start of Bundler: RelationshipBundler
[28/05/23 20:08:38:153 UTC]  INFO publishing.PublisherAPIImpl: End of Bundler: RelationshipBundler
[28/05/23 20:08:38:153 UTC]  INFO publishing.PublisherAPIImpl: Start of Bundler: LanguageVariablesBundler
[28/05/23 20:08:38:167 UTC]  WARN util.FileUtil: /data/shared/assets/messages/cms_language_en_US.properties is empty
[28/05/23 20:08:38:169 UTC]  WARN util.FileUtil: /data/shared/assets/messages/cms_language_es_ES.properties is empty
[28/05/23 20:08:38:170 UTC]  WARN util.FileUtil: /data/shared/assets/messages/cms_language_fr_FR.properties is empty
[28/05/23 20:08:38:172 UTC]  WARN util.FileUtil: /data/shared/assets/messages/cms_language_zh_CN.properties is empty
[28/05/23 20:08:38:172 UTC]  INFO publishing.PublisherAPIImpl: End of Bundler: LanguageVariablesBundler
[28/05/23 20:08:38:174 UTC]  INFO publishing.PublisherAPIImpl: Start of Bundler: WorkflowBundler
[28/05/23 20:08:38:310 UTC]  INFO publishing.PublisherAPIImpl: End of Bundler: WorkflowBundler
[28/05/23 20:08:38:310 UTC]  INFO publishing.PublisherAPIImpl: Start of Bundler: LanguageBundler
[28/05/23 20:08:38:311 UTC]  INFO publishing.PublisherAPIImpl: End of Bundler: LanguageBundler
[28/05/23 20:08:38:311 UTC]  INFO publishing.PublisherAPIImpl: Start of Bundler: BundleXMLAsc
[28/05/23 20:08:38:314 UTC]  INFO publishing.PublisherAPIImpl: End of Bundler: BundleXMLAsc
[28/05/23 20:08:38:314 UTC]  INFO publishing.PublisherAPIImpl: Start of Bundler: CategoryBundler
[28/05/23 20:08:38:316 UTC]  INFO publishing.PublisherAPIImpl: End of Bundler: CategoryBundler
[28/05/23 20:08:38:367 UTC]  INFO util.PushPublishLogger: class com.dotcms.publisher.pusher.PushPublisher : Status Update: Sending to all environments
[28/05/23 20:08:38:371 UTC]  INFO util.PushPublishLogger: class com.dotcms.publisher.pusher.PushPublisher : Status Update: Sending Bundle
[28/05/23 20:08:38:465 UTC]  INFO pusher.AuthCredentialPushPublishUtil: Is JWT in Push publish avaible?: false
[28/05/23 20:08:38:466 UTC]  INFO pusher.AuthCredentialPushPublishUtil: PublishingEndPoint: receiver-1685304467263
[28/05/23 20:08:38:466 UTC]  INFO pusher.AuthCredentialPushPublishUtil: PublishingEndPoint key: Optional[pmWkWSBCL51Bfkhn79xPuKBKHz//H6B+mY6G9/eieuM=]
[28/05/23 20:08:38:467 UTC]  INFO pusher.AuthCredentialPushPublishUtil: Token from request: pmWkWSBCL51Bfkhn79xPuKBKHz//H6B+mY6G9/eieuM=
[28/05/23 20:08:38:477 UTC]  INFO util.PushPublishLogger: class com.dotcms.publisher.business.PublishAuditStatus : Status Update: Pending.
[28/05/23 20:08:38:529 UTC]  INFO rest.PushPublisherJob: Started bundle publish process
[28/05/23 20:08:38:529 UTC]  INFO util.PushPublishLogger: class com.dotcms.rest.PushPublisherJob : [BundleID: 01H1HZKV32PZ5V0M0CCYG4Y58N.tar.gz] Started bundle publish process
[28/05/23 20:08:38:534 UTC]  INFO quartz.DotStatefulJob: New Task for job `PushPublisherJob` scheduled for execution `38 08 20 28 5 ? 2023`.
[28/05/23 20:08:38:576 UTC]  INFO util.PushPublishLogger: class com.dotcms.publisher.pusher.PushPublisher : Status Update: Bundle sent
[28/05/23 20:08:38:578 UTC]  INFO util.PushPublishLogger: class com.dotcms.publisher.pusher.PushPublisher : Status Update: Bundle sent
[28/05/23 20:08:38:590 UTC]  INFO util.PushPublishLogger: class com.dotcms.publishing.PublisherAPIImpl : [BundleID: 01H1HZKV32PZ5V0M0CCYG4Y58N] Completed Publishing Task
[28/05/23 20:08:38:631 UTC]  INFO util.ActivityLogger: class com.dotcms.content.elasticsearch.business.ESContentletAPIImpl: System Host : Saving Content , StartDate: N/D; EndDate: N/D; User:system; ContentIdentifier: 48190c8c-42c4-46af-8d1a-0cd5db894797
[28/05/23 20:08:38:682 UTC]  INFO business.ContentletIndexAPIImpl: Indexing: 48190c8c-42c4-46af-8d1a-0cd5db894797 : demo.dotcms.com, includeDependencies: true, policy: FORCE
[28/05/23 20:08:38:826 UTC]  INFO util.ActivityLogger: class com.dotcms.content.elasticsearch.business.ESContentletAPIImpl: System Host : Content Saved , StartDate: N/D; EndDate: N/D; User:system; ContentIdentifier: 48190c8c-42c4-46af-8d1a-0cd5db894797
[28/05/23 20:08:38:836 UTC]  INFO business.ContentletIndexAPIImpl: Indexing: 48190c8c-42c4-46af-8d1a-0cd5db894797 : demo.dotcms.com, includeDependencies: false, policy: FORCE
[28/05/23 20:08:38:838 UTC]  INFO util.PushPublishLogger: class com.dotcms.enterprise.publishing.remote.handler.ContentHandler : [BundleID: 01H1HZKV32PZ5V0M0CCYG4Y58N.tar.gz] Host publish success, ID: 48190c8c-42c4-46af-8d1a-0cd5db894797, Inode: 6e8aca39-937c-437e-91d8-d46b631bdcc8, Name: demo.dotcms.com
[28/05/23 20:08:38:864 UTC]  INFO business.ContentletIndexAPIImpl: Indexing: 48190c8c-42c4-46af-8d1a-0cd5db894797 : demo.dotcms.com, includeDependencies: true, policy: FORCE
[28/05/23 20:08:38:885 UTC]  INFO util.SecurityLogger: class com.dotmarketing.portlets.workflows.business.WorkflowAPIImpl : Workflow Scheme 'System Workflow' [d61a59e1-a49c-46f2-a929-db2b4bfa88b2] has been saved by User ID 'system' -- ip:ukn,user:null
[28/05/23 20:08:38:889 UTC]  INFO util.SecurityLogger: class com.dotmarketing.portlets.workflows.business.WorkflowAPIImpl : Workflow Step 'New' [6cb7e3bd-1710-4eed-8838-d3db60f78f19] has been saved by User ID 'system' -- ip:ukn,user:null
[28/05/23 20:08:38:893 UTC]  INFO util.SecurityLogger: class com.dotmarketing.portlets.workflows.business.WorkflowAPIImpl : Workflow Step 'Draft' [ee24a4cb-2d15-4c98-b1bd-6327126451f3] has been saved by User ID 'system' -- ip:ukn,user:null
[28/05/23 20:08:38:896 UTC]  INFO util.SecurityLogger: class com.dotmarketing.portlets.workflows.business.WorkflowAPIImpl : Workflow Step 'Published' [dc3c9cd0-8467-404b-bf95-cb7df3fbc293] has been saved by User ID 'system' -- ip:ukn,user:null
[28/05/23 20:08:38:900 UTC]  INFO util.SecurityLogger: class com.dotmarketing.portlets.workflows.business.WorkflowAPIImpl : Workflow Step 'Archived' [d6b095b6-b65f-4bdb-bbfd-701d663dfee2] has been saved by User ID 'system' -- ip:ukn,user:null
[28/05/23 20:08:38:908 UTC]  INFO util.SecurityLogger: class com.dotmarketing.portlets.workflows.business.WorkflowAPIImpl : Action id: '4da13a42-5d59-480c-ad8f-94a3adf809fe' has been reordered by user: system -- ip:ukn,user:null
[28/05/23 20:08:38:912 UTC]  WARN business.PermissionCacheImpl:  !!! Putting an empty list of permissions in the cache for asset:4da13a42-5d59-480c-ad8f-94a3adf809fe. Every asset should have at least 1 permission (or inherited permission) associated with it
[28/05/23 20:08:38:921 UTC]  INFO util.SecurityLogger: class com.dotmarketing.portlets.workflows.business.WorkflowAPIImpl : Action id: '963f6a04-5320-42e7-ab74-6d876d199946' has been reordered by user: system -- ip:ukn,user:null
[28/05/23 20:08:38:924 UTC]  WARN business.PermissionCacheImpl:  !!! Putting an empty list of permissions in the cache for asset:963f6a04-5320-42e7-ab74-6d876d199946. Every asset should have at least 1 permission (or inherited permission) associated with it
[28/05/23 20:08:38:933 UTC]  INFO util.SecurityLogger: class com.dotmarketing.portlets.workflows.business.WorkflowAPIImpl : Action id: '777f1c6b-c877-4a37-ba4b-10627316c2cc' has been reordered by user: system -- ip:ukn,user:null
[28/05/23 20:08:38:936 UTC]  WARN business.PermissionCacheImpl:  !!! Putting an empty list of permissions in the cache for asset:777f1c6b-c877-4a37-ba4b-10627316c2cc. Every asset should have at least 1 permission (or inherited permission) associated with it
[28/05/23 20:08:38:943 UTC]  INFO util.SecurityLogger: class com.dotmarketing.portlets.workflows.business.WorkflowAPIImpl : Action id: '1e0f1c6b-b67f-4c99-983d-db2b4bfa88b2' has been reordered by user: system -- ip:ukn,user:null
[28/05/23 20:08:38:946 UTC]  WARN business.PermissionCacheImpl:  !!! Putting an empty list of permissions in the cache for asset:1e0f1c6b-b67f-4c99-983d-db2b4bfa88b2. Every asset should have at least 1 permission (or inherited permission) associated with it
[28/05/23 20:08:38:954 UTC]  INFO util.SecurityLogger: class com.dotmarketing.portlets.workflows.business.WorkflowAPIImpl : Action id: 'b9d89c80-3d88-4311-8365-187323c96436' has been reordered by user: system -- ip:ukn,user:null
[28/05/23 20:08:38:957 UTC]  WARN business.PermissionCacheImpl:  !!! Putting an empty list of permissions in the cache for asset:b9d89c80-3d88-4311-8365-187323c96436. Every asset should have at least 1 permission (or inherited permission) associated with it
[28/05/23 20:08:38:966 UTC]  INFO util.SecurityLogger: class com.dotmarketing.portlets.workflows.business.WorkflowAPIImpl : Action id: 'ceca71a0-deee-4999-bd47-b01baa1bcfc8' has been reordered by user: system -- ip:ukn,user:null
[28/05/23 20:08:38:968 UTC]  WARN business.PermissionCacheImpl:  !!! Putting an empty list of permissions in the cache for asset:ceca71a0-deee-4999-bd47-b01baa1bcfc8. Every asset should have at least 1 permission (or inherited permission) associated with it
[28/05/23 20:08:38:976 UTC]  INFO util.SecurityLogger: class com.dotmarketing.portlets.workflows.business.WorkflowAPIImpl : Action id: 'c92f9aa1-9503-4567-ac30-d3242b54d02d' has been reordered by user: system -- ip:ukn,user:null
[28/05/23 20:08:38:979 UTC]  WARN business.PermissionCacheImpl:  !!! Putting an empty list of permissions in the cache for asset:c92f9aa1-9503-4567-ac30-d3242b54d02d. Every asset should have at least 1 permission (or inherited permission) associated with it
[28/05/23 20:08:38:987 UTC]  INFO util.SecurityLogger: class com.dotmarketing.portlets.workflows.business.WorkflowAPIImpl : Action id: '38efc763-d78f-4e4b-b092-59cd8c579b93' has been reordered by user: system -- ip:ukn,user:null
[28/05/23 20:08:38:990 UTC]  WARN business.PermissionCacheImpl:  !!! Putting an empty list of permissions in the cache for asset:38efc763-d78f-4e4b-b092-59cd8c579b93. Every asset should have at least 1 permission (or inherited permission) associated with it
[28/05/23 20:08:39:001 UTC]  INFO util.SecurityLogger: class com.dotmarketing.portlets.workflows.business.WorkflowAPIImpl : The action id: 'ceca71a0-deee-4999-bd47-b01baa1bcfc8' has been saved by the user: system -- ip:ukn,user:null
[28/05/23 20:08:39:008 UTC]  INFO util.SecurityLogger: class com.dotmarketing.portlets.workflows.business.WorkflowAPIImpl : The action id: 'b9d89c80-3d88-4311-8365-187323c96436' has been saved by the user: system -- ip:ukn,user:null
[28/05/23 20:08:39:015 UTC]  INFO util.SecurityLogger: class com.dotmarketing.portlets.workflows.business.WorkflowAPIImpl : The action id: '777f1c6b-c877-4a37-ba4b-10627316c2cc' has been saved by the user: system -- ip:ukn,user:null
[28/05/23 20:08:39:023 UTC]  INFO util.SecurityLogger: class com.dotmarketing.portlets.workflows.business.WorkflowAPIImpl : The action id: 'ceca71a0-deee-4999-bd47-b01baa1bcfc8' has been saved by the user: system -- ip:ukn,user:null
[28/05/23 20:08:39:029 UTC]  INFO util.SecurityLogger: class com.dotmarketing.portlets.workflows.business.WorkflowAPIImpl : The action id: '38efc763-d78f-4e4b-b092-59cd8c579b93' has been saved by the user: system -- ip:ukn,user:null
[28/05/23 20:08:39:035 UTC]  INFO util.SecurityLogger: class com.dotmarketing.portlets.workflows.business.WorkflowAPIImpl : The action id: '963f6a04-5320-42e7-ab74-6d876d199946' has been saved by the user: system -- ip:ukn,user:null
[28/05/23 20:08:39:042 UTC]  INFO util.SecurityLogger: class com.dotmarketing.portlets.workflows.business.WorkflowAPIImpl : The action id: 'b9d89c80-3d88-4311-8365-187323c96436' has been saved by the user: system -- ip:ukn,user:null
[28/05/23 20:08:39:048 UTC]  INFO util.SecurityLogger: class com.dotmarketing.portlets.workflows.business.WorkflowAPIImpl : The action id: '4da13a42-5d59-480c-ad8f-94a3adf809fe' has been saved by the user: system -- ip:ukn,user:null
[28/05/23 20:08:39:055 UTC]  INFO util.SecurityLogger: class com.dotmarketing.portlets.workflows.business.WorkflowAPIImpl : The action id: '963f6a04-5320-42e7-ab74-6d876d199946' has been saved by the user: system -- ip:ukn,user:null
[28/05/23 20:08:39:064 UTC]  INFO util.SecurityLogger: class com.dotmarketing.portlets.workflows.business.WorkflowAPIImpl : The action id: 'ceca71a0-deee-4999-bd47-b01baa1bcfc8' has been saved by the user: system -- ip:ukn,user:null
[28/05/23 20:08:39:071 UTC]  INFO util.SecurityLogger: class com.dotmarketing.portlets.workflows.business.WorkflowAPIImpl : The action id: '38efc763-d78f-4e4b-b092-59cd8c579b93' has been saved by the user: system -- ip:ukn,user:null
[28/05/23 20:08:39:077 UTC]  INFO util.SecurityLogger: class com.dotmarketing.portlets.workflows.business.WorkflowAPIImpl : The action id: '4da13a42-5d59-480c-ad8f-94a3adf809fe' has been saved by the user: system -- ip:ukn,user:null
[28/05/23 20:08:39:084 UTC]  INFO util.SecurityLogger: class com.dotmarketing.portlets.workflows.business.WorkflowAPIImpl : The action id: 'b9d89c80-3d88-4311-8365-187323c96436' has been saved by the user: system -- ip:ukn,user:null
[28/05/23 20:08:39:092 UTC]  INFO util.SecurityLogger: class com.dotmarketing.portlets.workflows.business.WorkflowAPIImpl : The action id: 'c92f9aa1-9503-4567-ac30-d3242b54d02d' has been saved by the user: system -- ip:ukn,user:null
[28/05/23 20:08:39:099 UTC]  INFO util.SecurityLogger: class com.dotmarketing.portlets.workflows.business.WorkflowAPIImpl : The action id: '777f1c6b-c877-4a37-ba4b-10627316c2cc' has been saved by the user: system -- ip:ukn,user:null
[28/05/23 20:08:39:105 UTC]  INFO util.SecurityLogger: class com.dotmarketing.portlets.workflows.business.WorkflowAPIImpl : The action id: '1e0f1c6b-b67f-4c99-983d-db2b4bfa88b2' has been saved by the user: system -- ip:ukn,user:null
[28/05/23 20:08:39:248 UTC]  INFO helper.SystemActionMappingsHandlerMerger: The mapping for systemAction: NEW, workflowAction: Optional[WorkflowAction [id=ceca71a0-deee-4999-bd47-b01baa1bcfc8, name=Save, stepId=null, nextStep=ee24a4cb-2d15-4c98-b1bd-6327126451f3]], and scheme: d61a59e1-a49c-46f2-a929-db2b4bfa88b2 has been saved
[28/05/23 20:08:39:253 UTC]  INFO helper.SystemActionMappingsHandlerMerger: The mapping for systemAction: EDIT, workflowAction: Optional[WorkflowAction [id=ceca71a0-deee-4999-bd47-b01baa1bcfc8, name=Save, stepId=null, nextStep=ee24a4cb-2d15-4c98-b1bd-6327126451f3]], and scheme: d61a59e1-a49c-46f2-a929-db2b4bfa88b2 has been saved
[28/05/23 20:08:39:257 UTC]  INFO helper.SystemActionMappingsHandlerMerger: The mapping for systemAction: UNPUBLISH, workflowAction: Optional[WorkflowAction [id=38efc763-d78f-4e4b-b092-59cd8c579b93, name=Unpublish, stepId=null, nextStep=ee24a4cb-2d15-4c98-b1bd-6327126451f3]], and scheme: d61a59e1-a49c-46f2-a929-db2b4bfa88b2 has been saved
[28/05/23 20:08:39:261 UTC]  INFO helper.SystemActionMappingsHandlerMerger: The mapping for systemAction: UNARCHIVE, workflowAction: Optional[WorkflowAction [id=c92f9aa1-9503-4567-ac30-d3242b54d02d, name=Unarchive, stepId=null, nextStep=ee24a4cb-2d15-4c98-b1bd-6327126451f3]], and scheme: d61a59e1-a49c-46f2-a929-db2b4bfa88b2 has been saved
[28/05/23 20:08:39:267 UTC]  INFO helper.SystemActionMappingsHandlerMerger: The mapping for systemAction: PUBLISH, workflowAction: Optional[WorkflowAction [id=b9d89c80-3d88-4311-8365-187323c96436, name=Publish, stepId=null, nextStep=dc3c9cd0-8467-404b-bf95-cb7df3fbc293]], and scheme: d61a59e1-a49c-46f2-a929-db2b4bfa88b2 has been saved
[28/05/23 20:08:39:271 UTC]  INFO helper.SystemActionMappingsHandlerMerger: The mapping for systemAction: ARCHIVE, workflowAction: Optional[WorkflowAction [id=4da13a42-5d59-480c-ad8f-94a3adf809fe, name=Archive, stepId=null, nextStep=d6b095b6-b65f-4bdb-bbfd-701d663dfee2]], and scheme: d61a59e1-a49c-46f2-a929-db2b4bfa88b2 has been saved
[28/05/23 20:08:39:275 UTC]  INFO helper.SystemActionMappingsHandlerMerger: The mapping for systemAction: DESTROY, workflowAction: Optional[WorkflowAction [id=1e0f1c6b-b67f-4c99-983d-db2b4bfa88b2, name=Destroy, stepId=null, nextStep=d6b095b6-b65f-4bdb-bbfd-701d663dfee2]], and scheme: d61a59e1-a49c-46f2-a929-db2b4bfa88b2 has been saved
[28/05/23 20:08:39:279 UTC]  INFO helper.SystemActionMappingsHandlerMerger: The mapping for systemAction: DELETE, workflowAction: Optional[WorkflowAction [id=777f1c6b-c877-4a37-ba4b-10627316c2cc, name=Delete, stepId=null, nextStep=d6b095b6-b65f-4bdb-bbfd-701d663dfee2]], and scheme: d61a59e1-a49c-46f2-a929-db2b4bfa88b2 has been saved
[28/05/23 20:08:39:280 UTC]  INFO util.PushPublishLogger: class com.dotcms.enterprise.publishing.remote.handler.WorkflowHandler : [BundleID: 01H1HZKV32PZ5V0M0CCYG4Y58N.tar.gz] Workflow publish success, ID: d61a59e1-a49c-46f2-a929-db2b4bfa88b2, Name: System Workflow
[28/05/23 20:08:39:299 UTC]  INFO util.ActivityLogger: class com.dotcms.contenttype.business.ContentTypeAPIImpl: system : Save ContentType Action , User system/system user system user added ContentType type_2 to host id:48190c8c-42c4-46af-8d1a-0cd5db894797
[28/05/23 20:08:39:300 UTC]  INFO business.ContentTypeAPIImpl: UserId : system : ContentType : ContentType saved : type_2
[28/05/23 20:08:39:301 UTC]  INFO util.AdminLogger: UserId : system : class com.dotcms.contenttype.business.ContentTypeAPIImpl : ContentType : ContentType saved : type_2
[28/05/23 20:08:39:303 UTC]  INFO business.FieldAPIImpl: No changes made to field: fields0, returning
[28/05/23 20:08:39:305 UTC]  INFO business.FieldAPIImpl: No changes made to field: fields1, returning
[28/05/23 20:08:39:306 UTC]  INFO business.FieldAPIImpl: No changes made to field: text1, returning
[28/05/23 20:08:39:307 UTC]  INFO util.PushPublishLogger: class com.dotcms.enterprise.publishing.remote.handler.ContentTypeHandler : [BundleID: 01H1HZKV32PZ5V0M0CCYG4Y58N.tar.gz] Content Type publish success, ID: ea533f67-4883-42bb-9701-83293e7313e5, Name: type_2
[28/05/23 20:08:39:309 UTC]  INFO util.SecurityLogger: class com.dotmarketing.portlets.workflows.business.WorkflowAPIImpl : Saving schemes [ [WorkflowScheme [id=d61a59e1-a49c-46f2-a929-db2b4bfa88b2, name=System Workflow, archived=false, mandatory=false]] ] for Content Type [ com.dotmarketing.portlets.structure.model.Structure@2ad6802a[name=type_2,description=<null>,defaultStructure=false,reviewInterval=<null>,reviewerRole=<null>,pagedetail=<null>,structureType=1,fixed=false,system=false,velocityVarName=Type2,urlMapPattern=<null>,host=48190c8c-42c4-46af-8d1a-0cd5db894797,folder=SYSTEM_FOLDER,publishDateVar=<null>,expireDateVar=<null>,modDate=Sun May 28 20:08:39 UTC 2023,icon=event_note,sortOrder=0,iDate=Thu Oct 08 17:32:19 UTC 2020,type=structure,owner=<null>,inode=ea533f67-4883-42bb-9701-83293e7313e5,identifier=ea533f67-4883-42bb-9701-83293e7313e5] ] -- ip:ukn,user:null
[28/05/23 20:08:39:324 UTC]  INFO util.PushPublishLogger: class com.dotcms.enterprise.publishing.remote.handler.LanguageVariablesHandler : [BundleID: 01H1HZKV32PZ5V0M0CCYG4Y58N.tar.gz] Language File publish success, Name: cms_language_en.properties
[28/05/23 20:08:39:325 UTC]  INFO util.PushPublishLogger: class com.dotcms.enterprise.publishing.remote.handler.LanguageVariablesHandler : [BundleID: 01H1HZKV32PZ5V0M0CCYG4Y58N.tar.gz] Language File publish success, Name: cms_language_en_US.properties
[28/05/23 20:08:39:326 UTC]  INFO util.PushPublishLogger: class com.dotcms.enterprise.publishing.remote.handler.LanguageVariablesHandler : [BundleID: 01H1HZKV32PZ5V0M0CCYG4Y58N.tar.gz] Language File publish success, Name: cms_language_es.properties
[28/05/23 20:08:39:327 UTC]  INFO util.PushPublishLogger: class com.dotcms.enterprise.publishing.remote.handler.LanguageVariablesHandler : [BundleID: 01H1HZKV32PZ5V0M0CCYG4Y58N.tar.gz] Language File publish success, Name: cms_language_es_ES.properties
[28/05/23 20:08:39:329 UTC]  INFO util.PushPublishLogger: class com.dotcms.enterprise.publishing.remote.handler.LanguageVariablesHandler : [BundleID: 01H1HZKV32PZ5V0M0CCYG4Y58N.tar.gz] Language File publish success, Name: cms_language_fr.properties
[28/05/23 20:08:39:330 UTC]  INFO util.PushPublishLogger: class com.dotcms.enterprise.publishing.remote.handler.LanguageVariablesHandler : [BundleID: 01H1HZKV32PZ5V0M0CCYG4Y58N.tar.gz] Language File publish success, Name: cms_language_fr_FR.properties
[28/05/23 20:08:39:331 UTC]  INFO util.PushPublishLogger: class com.dotcms.enterprise.publishing.remote.handler.LanguageVariablesHandler : [BundleID: 01H1HZKV32PZ5V0M0CCYG4Y58N.tar.gz] Language File publish success, Name: cms_language_zh.properties
[28/05/23 20:08:39:332 UTC]  INFO util.PushPublishLogger: class com.dotcms.enterprise.publishing.remote.handler.LanguageVariablesHandler : [BundleID: 01H1HZKV32PZ5V0M0CCYG4Y58N.tar.gz] Language File publish success, Name: cms_language_zh_CN.properties
[28/05/23 20:08:39:858 UTC]  INFO reindex.ReindexThread: --- Unpausing reindex thread 
[28/05/23 20:08:44:788 UTC]  INFO util.SecurityLogger: class com.dotmarketing.cms.login.factories.LoginFactory : User admin@dotcms.com has sucessfully logged in from IP: 172.18.0.1 -- ip:172.18.0.1,user:Admin User [ID: dotcms.org.1][email:admin@dotcms.com]
[28/05/23 20:08:44:860 UTC]  INFO concurrent.Debouncer: Debouncing : invalidateGraphSchema after 5000 MILLISECONDS
[28/05/23 20:08:45:900 UTC]  INFO util.PushPublishLogger: class com.dotcms.rest.PushPublisherJob : [BundleID: 01H1HZKV32PZ5V0M0CCYG4Y58N.tar.gz] Finished bundle publish process
[28/05/23 20:08:45:900 UTC]  INFO rest.PushPublisherJob: Finished bundle publish process
[28/05/23 20:08:46:129 UTC]  WARN struts.MultiMessageResources: Duplicate resource property definition (key=was ==> is now): contenttypes.content.copy=Copy ==> Copy
[28/05/23 20:08:46:136 UTC]  WARN struts.MultiMessageResources: Duplicate resource property definition (key=was ==> is now): message.category.import=Importing Categories.  This operation cannot be cancelled or undone. ==> IMPORT
[28/05/23 20:08:46:137 UTC]  WARN struts.MultiMessageResources: Duplicate resource property definition (key=was ==> is now): message.containers.create.content_type_code=Content Type Code ==> Content Type Code
[28/05/23 20:08:46:139 UTC]  WARN struts.MultiMessageResources: Duplicate resource property definition (key=was ==> is now): Save=Save ==> Save
[28/05/23 20:08:46:140 UTC]  WARN struts.MultiMessageResources: Duplicate resource property definition (key=was ==> is now): Move=Move ==> Move
[28/05/23 20:08:46:142 UTC]  WARN struts.MultiMessageResources: Duplicate resource property definition (key=was ==> is now): archived=archived ==> Archived
[28/05/23 20:08:49:286 UTC]  INFO util.SecurityLogger: class com.dotmarketing.cms.login.factories.LoginFactory : User admin@dotcms.com has sucessfully logged in from IP: 172.18.0.1 -- ip:172.18.0.1,user:Admin User [ID: dotcms.org.1][email:admin@dotcms.com]
[28/05/23 20:08:49:300 UTC]  INFO rest.BundleResource: Deleting all bundles by the user: dotcms.org.1
[28/05/23 20:08:49:308 UTC]  INFO business.BundleAPIImpl: Deleting all bundles with statuses: [BUNDLE_REQUESTED, BUNDLING, SENDING_TO_ENDPOINTS, FAILED_TO_SEND_TO_ALL_GROUPS, FAILED_TO_SEND_TO_SOME_GROUPS, FAILED_TO_BUNDLE, FAILED_TO_SENT, FAILED_TO_PUBLISH, SUCCESS, BUNDLE_SENT_SUCCESSFULLY, RECEIVED_BUNDLE, PUBLISHING_BUNDLE, WAITING_FOR_PUBLISHING, BUNDLE_SAVED_SUCCESSFULLY, INVALID_TOKEN, LICENSE_REQUIRED, SUCCESS_WITH_WARNINGS, FAILED_INTEGRITY_CHECK]by the user: dotcms.org.1
[28/05/23 20:08:49:313 UTC]  INFO business.BundleAPIImpl: Removing bundle: 01H1HZKV32PZ5V0M0CCYG4Y58N and dependencies by: dotcms.org.1
[28/05/23 20:08:49:314 UTC]  INFO business.BundleAPIImpl: Removing audit status for a bundle: 01H1HZKV32PZ5V0M0CCYG4Y58N
[28/05/23 20:08:49:314 UTC]  INFO business.PublishAuditAPIImpl: Deleting the bundle: 01H1HZKV32PZ5V0M0CCYG4Y58N
[28/05/23 20:08:49:315 UTC]  INFO business.BundleAPIImpl: Removing all assets from bundle: 01H1HZKV32PZ5V0M0CCYG4Y58N
[28/05/23 20:08:49:320 UTC]  INFO business.BundleAPIImpl: Removing environments from bundle: 01H1HZKV32PZ5V0M0CCYG4Y58N
[28/05/23 20:08:49:320 UTC]  INFO business.BundleAPIImpl: Removing bundle: 01H1HZKV32PZ5V0M0CCYG4Y58N
[28/05/23 20:08:49:346 UTC]  INFO business.BundleAPIImpl: Deleted 1 bundles, failed 0 bundles
[28/05/23 20:08:52:397 UTC]  INFO util.SecurityLogger: class com.dotmarketing.cms.login.factories.LoginFactory : User admin@dotcms.com has sucessfully logged in from IP: 172.18.0.1 -- ip:172.18.0.1,user:Admin User [ID: dotcms.org.1][email:admin@dotcms.com]
[28/05/23 20:08:52:408 UTC]  WARN business.PermissionCacheImpl:  !!! Putting an empty list of permissions in the cache for asset:6d60901a-e629-4e1d-b4ba-dabd795e7841. Every asset should have at least 1 permission (or inherited permission) associated with it
[28/05/23 20:08:52:974 UTC]  INFO delegate.SystemEventsJobDelegate: The event: 2d600f61-ad41-44c2-9910-44f2535d1953, has been skipped on the server: fda7e257-e2ac-48f7-83fc-8ab4bcea3513
[28/05/23 20:08:52:974 UTC]  INFO delegate.SystemEventsJobDelegate: The event: d9e2f6e1-1076-4d5f-9ef7-e6e041edb373, has been skipped on the server: fda7e257-e2ac-48f7-83fc-8ab4bcea3513
[28/05/23 20:08:58:498 UTC]  INFO util.SecurityLogger: class com.dotmarketing.cms.login.factories.LoginFactory : User admin@dotcms.com has sucessfully logged in from IP: 172.18.0.1 -- ip:172.18.0.1,user:Admin User [ID: dotcms.org.1][email:admin@dotcms.com]
[28/05/23 20:09:00:012 UTC]  INFO timedcache.TimedCacheProvider: ***	 Building Cache : esquerycache, size:10000, seconds:3600,Concurrency:32 (every 60000 millis)
[28/05/23 20:09:00:023 UTC]  WARN business.ESContentFactoryImpl: ----------------------------------------------
[28/05/23 20:09:00:023 UTC]  WARN business.ESContentFactoryImpl: Elasticsearch SEARCH error in index 'cluster_205a80cee7.live_20230528200704'
[28/05/23 20:09:00:023 UTC]  WARN business.ESContentFactoryImpl: Thread: dotCMSQuartz_Worker-10
[28/05/23 20:09:00:023 UTC]  WARN business.ESContentFactoryImpl: ES Query: {"size":10000,"timeout":"15000ms","query":{"query_string":{"query":"+live:true +deleted:false +expdate:[1969-12-31t18:00:00-0000 TO 2023-05-28t20:09:00+0000]","fields":[],"type":"best_fields","default_operator":"or","max_determinized_states":10000,"enable_position_increments":true,"fuzziness":"AUTO","fuzzy_prefix_length":0,"fuzzy_max_expansions":50,"phrase_slop":0,"escape":false,"auto_generate_synonyms_phrase_query":true,"fuzzy_transpositions":true,"boost":1.0}},"_source":{"includes":["inode","identifier"],"excludes":[]},"sort":[{"moddate":{"order":"desc"}}],"track_total_hits":10000000}
[28/05/23 20:09:00:023 UTC]  WARN business.ESContentFactoryImpl: Class org.elasticsearch.ElasticsearchStatusException: Elasticsearch exception [type=illegal_argument_exception, reason=Text fields are not optimised for operations that require per-document field data like aggregations and sorting, so these operations are disabled by default. Please use a keyword field instead. Alternatively, set fielddata=true on [moddate] in order to load field data by uninverting the inverted index. Note that this can use significant memory.]
[28/05/23 20:09:00:023 UTC]  WARN business.ESContentFactoryImpl: ----------------------------------------------
[28/05/23 20:09:01:509 UTC]  INFO ajax.PublishingEndpointAjaxAction: receiver ; 007ea166-5b6d-4c93-9b35-2d4dbdce7435
[28/05/23 20:09:04:603 UTC]  INFO util.SecurityLogger: class com.dotmarketing.cms.login.factories.LoginFactory : User admin@dotcms.com has sucessfully logged in from IP: 172.18.0.1 -- ip:172.18.0.1,user:Admin User [ID: dotcms.org.1][email:admin@dotcms.com]
[28/05/23 20:09:04:612 UTC]  INFO util.PushPublishLogger: class com.dotcms.publisher.business.PublishAuditStatus : Status Update: Pending.
[28/05/23 20:09:04:623 UTC]  INFO rest.PushPublisherJob: Started bundle publish process
[28/05/23 20:09:04:623 UTC]  INFO util.PushPublishLogger: class com.dotcms.rest.PushPublisherJob : [BundleID: content_type_and_content_demo.tar.gz] Started bundle publish process
[28/05/23 20:09:04:750 UTC]  INFO util.ActivityLogger: class com.dotcms.content.elasticsearch.business.ESContentletAPIImpl: System Host : Saving Content , StartDate: N/D; EndDate: N/D; User:system; ContentIdentifier: 48190c8c-42c4-46af-8d1a-0cd5db894797
[28/05/23 20:09:04:801 UTC]  INFO business.ContentletIndexAPIImpl: Indexing: 48190c8c-42c4-46af-8d1a-0cd5db894797 : demo.dotcms.com, includeDependencies: true, policy: FORCE
[28/05/23 20:09:04:919 UTC]  INFO util.ActivityLogger: class com.dotcms.content.elasticsearch.business.ESContentletAPIImpl: System Host : Content Saved , StartDate: N/D; EndDate: N/D; User:system; ContentIdentifier: 48190c8c-42c4-46af-8d1a-0cd5db894797
[28/05/23 20:09:04:926 UTC]  INFO business.ContentletIndexAPIImpl: Indexing: 48190c8c-42c4-46af-8d1a-0cd5db894797 : demo.dotcms.com, includeDependencies: false, policy: FORCE
[28/05/23 20:09:04:927 UTC]  INFO util.PushPublishLogger: class com.dotcms.enterprise.publishing.remote.handler.ContentHandler : [BundleID: content_type_and_content_demo.tar.gz] Host publish success, ID: 48190c8c-42c4-46af-8d1a-0cd5db894797, Inode: 6e8aca39-937c-437e-91d8-d46b631bdcc8, Name: demo.dotcms.com
[28/05/23 20:09:04:957 UTC]  INFO business.ContentletIndexAPIImpl: Indexing: 48190c8c-42c4-46af-8d1a-0cd5db894797 : demo.dotcms.com, includeDependencies: true, policy: FORCE
[28/05/23 20:09:05:000 UTC]  INFO util.SecurityLogger: class com.dotmarketing.portlets.workflows.business.WorkflowAPIImpl : Workflow Scheme 'System Workflow' [d61a59e1-a49c-46f2-a929-db2b4bfa88b2] has been saved by User ID 'system' -- ip:172.18.0.1,user:Admin User [ID: dotcms.org.1][email:admin@dotcms.com]
[28/05/23 20:09:05:005 UTC]  INFO util.SecurityLogger: class com.dotmarketing.portlets.workflows.business.WorkflowAPIImpl : Workflow Step 'New' [6cb7e3bd-1710-4eed-8838-d3db60f78f19] has been saved by User ID 'system' -- ip:172.18.0.1,user:Admin User [ID: dotcms.org.1][email:admin@dotcms.com]
[28/05/23 20:09:05:009 UTC]  INFO util.SecurityLogger: class com.dotmarketing.portlets.workflows.business.WorkflowAPIImpl : Workflow Step 'Draft' [ee24a4cb-2d15-4c98-b1bd-6327126451f3] has been saved by User ID 'system' -- ip:172.18.0.1,user:Admin User [ID: dotcms.org.1][email:admin@dotcms.com]
[28/05/23 20:09:05:014 UTC]  INFO util.SecurityLogger: class com.dotmarketing.portlets.workflows.business.WorkflowAPIImpl : Workflow Step 'Published' [dc3c9cd0-8467-404b-bf95-cb7df3fbc293] has been saved by User ID 'system' -- ip:172.18.0.1,user:Admin User [ID: dotcms.org.1][email:admin@dotcms.com]
[28/05/23 20:09:05:018 UTC]  INFO util.SecurityLogger: class com.dotmarketing.portlets.workflows.business.WorkflowAPIImpl : Workflow Step 'Archived' [d6b095b6-b65f-4bdb-bbfd-701d663dfee2] has been saved by User ID 'system' -- ip:172.18.0.1,user:Admin User [ID: dotcms.org.1][email:admin@dotcms.com]
[28/05/23 20:09:05:026 UTC]  INFO util.SecurityLogger: class com.dotmarketing.portlets.workflows.business.WorkflowAPIImpl : Action id: '4da13a42-5d59-480c-ad8f-94a3adf809fe' has been reordered by user: system -- ip:172.18.0.1,user:Admin User [ID: dotcms.org.1][email:admin@dotcms.com]
[28/05/23 20:09:05:029 UTC]  WARN business.PermissionCacheImpl:  !!! Putting an empty list of permissions in the cache for asset:4da13a42-5d59-480c-ad8f-94a3adf809fe. Every asset should have at least 1 permission (or inherited permission) associated with it
[28/05/23 20:09:05:041 UTC]  INFO util.SecurityLogger: class com.dotmarketing.portlets.workflows.business.WorkflowAPIImpl : Action id: '963f6a04-5320-42e7-ab74-6d876d199946' has been reordered by user: system -- ip:172.18.0.1,user:Admin User [ID: dotcms.org.1][email:admin@dotcms.com]
[28/05/23 20:09:05:043 UTC]  WARN business.PermissionCacheImpl:  !!! Putting an empty list of permissions in the cache for asset:963f6a04-5320-42e7-ab74-6d876d199946. Every asset should have at least 1 permission (or inherited permission) associated with it
[28/05/23 20:09:05:054 UTC]  INFO util.SecurityLogger: class com.dotmarketing.portlets.workflows.business.WorkflowAPIImpl : Action id: '777f1c6b-c877-4a37-ba4b-10627316c2cc' has been reordered by user: system -- ip:172.18.0.1,user:Admin User [ID: dotcms.org.1][email:admin@dotcms.com]
[28/05/23 20:09:05:057 UTC]  WARN business.PermissionCacheImpl:  !!! Putting an empty list of permissions in the cache for asset:777f1c6b-c877-4a37-ba4b-10627316c2cc. Every asset should have at least 1 permission (or inherited permission) associated with it
[28/05/23 20:09:05:071 UTC]  INFO util.SecurityLogger: class com.dotmarketing.portlets.workflows.business.WorkflowAPIImpl : Action id: '1e0f1c6b-b67f-4c99-983d-db2b4bfa88b2' has been reordered by user: system -- ip:172.18.0.1,user:Admin User [ID: dotcms.org.1][email:admin@dotcms.com]
[28/05/23 20:09:05:074 UTC]  WARN business.PermissionCacheImpl:  !!! Putting an empty list of permissions in the cache for asset:1e0f1c6b-b67f-4c99-983d-db2b4bfa88b2. Every asset should have at least 1 permission (or inherited permission) associated with it
[28/05/23 20:09:05:090 UTC]  INFO util.SecurityLogger: class com.dotmarketing.portlets.workflows.business.WorkflowAPIImpl : Action id: 'b9d89c80-3d88-4311-8365-187323c96436' has been reordered by user: system -- ip:172.18.0.1,user:Admin User [ID: dotcms.org.1][email:admin@dotcms.com]
[28/05/23 20:09:05:097 UTC]  WARN business.PermissionCacheImpl:  !!! Putting an empty list of permissions in the cache for asset:b9d89c80-3d88-4311-8365-187323c96436. Every asset should have at least 1 permission (or inherited permission) associated with it
[28/05/23 20:09:05:110 UTC]  INFO util.SecurityLogger: class com.dotmarketing.portlets.workflows.business.WorkflowAPIImpl : Action id: 'ceca71a0-deee-4999-bd47-b01baa1bcfc8' has been reordered by user: system -- ip:172.18.0.1,user:Admin User [ID: dotcms.org.1][email:admin@dotcms.com]
[28/05/23 20:09:05:114 UTC]  WARN business.PermissionCacheImpl:  !!! Putting an empty list of permissions in the cache for asset:ceca71a0-deee-4999-bd47-b01baa1bcfc8. Every asset should have at least 1 permission (or inherited permission) associated with it
[28/05/23 20:09:05:126 UTC]  INFO util.SecurityLogger: class com.dotmarketing.portlets.workflows.business.WorkflowAPIImpl : Action id: 'c92f9aa1-9503-4567-ac30-d3242b54d02d' has been reordered by user: system -- ip:172.18.0.1,user:Admin User [ID: dotcms.org.1][email:admin@dotcms.com]
[28/05/23 20:09:05:129 UTC]  WARN business.PermissionCacheImpl:  !!! Putting an empty list of permissions in the cache for asset:c92f9aa1-9503-4567-ac30-d3242b54d02d. Every asset should have at least 1 permission (or inherited permission) associated with it
[28/05/23 20:09:05:141 UTC]  INFO util.SecurityLogger: class com.dotmarketing.portlets.workflows.business.WorkflowAPIImpl : Action id: '38efc763-d78f-4e4b-b092-59cd8c579b93' has been reordered by user: system -- ip:172.18.0.1,user:Admin User [ID: dotcms.org.1][email:admin@dotcms.com]
[28/05/23 20:09:05:145 UTC]  WARN business.PermissionCacheImpl:  !!! Putting an empty list of permissions in the cache for asset:38efc763-d78f-4e4b-b092-59cd8c579b93. Every asset should have at least 1 permission (or inherited permission) associated with it
[28/05/23 20:09:05:158 UTC]  INFO util.SecurityLogger: class com.dotmarketing.portlets.workflows.business.WorkflowAPIImpl : The action id: 'ceca71a0-deee-4999-bd47-b01baa1bcfc8' has been saved by the user: system -- ip:172.18.0.1,user:Admin User [ID: dotcms.org.1][email:admin@dotcms.com]
[28/05/23 20:09:05:167 UTC]  INFO util.SecurityLogger: class com.dotmarketing.portlets.workflows.business.WorkflowAPIImpl : The action id: 'b9d89c80-3d88-4311-8365-187323c96436' has been saved by the user: system -- ip:172.18.0.1,user:Admin User [ID: dotcms.org.1][email:admin@dotcms.com]
[28/05/23 20:09:05:175 UTC]  INFO util.SecurityLogger: class com.dotmarketing.portlets.workflows.business.WorkflowAPIImpl : The action id: '777f1c6b-c877-4a37-ba4b-10627316c2cc' has been saved by the user: system -- ip:172.18.0.1,user:Admin User [ID: dotcms.org.1][email:admin@dotcms.com]
[28/05/23 20:09:05:185 UTC]  INFO util.SecurityLogger: class com.dotmarketing.portlets.workflows.business.WorkflowAPIImpl : The action id: 'ceca71a0-deee-4999-bd47-b01baa1bcfc8' has been saved by the user: system -- ip:172.18.0.1,user:Admin User [ID: dotcms.org.1][email:admin@dotcms.com]
[28/05/23 20:09:05:194 UTC]  INFO util.SecurityLogger: class com.dotmarketing.portlets.workflows.business.WorkflowAPIImpl : The action id: '38efc763-d78f-4e4b-b092-59cd8c579b93' has been saved by the user: system -- ip:172.18.0.1,user:Admin User [ID: dotcms.org.1][email:admin@dotcms.com]
[28/05/23 20:09:05:202 UTC]  INFO util.SecurityLogger: class com.dotmarketing.portlets.workflows.business.WorkflowAPIImpl : The action id: '963f6a04-5320-42e7-ab74-6d876d199946' has been saved by the user: system -- ip:172.18.0.1,user:Admin User [ID: dotcms.org.1][email:admin@dotcms.com]
[28/05/23 20:09:05:210 UTC]  INFO util.SecurityLogger: class com.dotmarketing.portlets.workflows.business.WorkflowAPIImpl : The action id: 'b9d89c80-3d88-4311-8365-187323c96436' has been saved by the user: system -- ip:172.18.0.1,user:Admin User [ID: dotcms.org.1][email:admin@dotcms.com]
[28/05/23 20:09:05:219 UTC]  INFO util.SecurityLogger: class com.dotmarketing.portlets.workflows.business.WorkflowAPIImpl : The action id: '4da13a42-5d59-480c-ad8f-94a3adf809fe' has been saved by the user: system -- ip:172.18.0.1,user:Admin User [ID: dotcms.org.1][email:admin@dotcms.com]
[28/05/23 20:09:05:229 UTC]  INFO util.SecurityLogger: class com.dotmarketing.portlets.workflows.business.WorkflowAPIImpl : The action id: '963f6a04-5320-42e7-ab74-6d876d199946' has been saved by the user: system -- ip:172.18.0.1,user:Admin User [ID: dotcms.org.1][email:admin@dotcms.com]
[28/05/23 20:09:05:238 UTC]  INFO util.SecurityLogger: class com.dotmarketing.portlets.workflows.business.WorkflowAPIImpl : The action id: 'ceca71a0-deee-4999-bd47-b01baa1bcfc8' has been saved by the user: system -- ip:172.18.0.1,user:Admin User [ID: dotcms.org.1][email:admin@dotcms.com]
[28/05/23 20:09:05:246 UTC]  INFO util.SecurityLogger: class com.dotmarketing.portlets.workflows.business.WorkflowAPIImpl : The action id: '38efc763-d78f-4e4b-b092-59cd8c579b93' has been saved by the user: system -- ip:172.18.0.1,user:Admin User [ID: dotcms.org.1][email:admin@dotcms.com]
[28/05/23 20:09:05:254 UTC]  INFO util.SecurityLogger: class com.dotmarketing.portlets.workflows.business.WorkflowAPIImpl : The action id: '4da13a42-5d59-480c-ad8f-94a3adf809fe' has been saved by the user: system -- ip:172.18.0.1,user:Admin User [ID: dotcms.org.1][email:admin@dotcms.com]
[28/05/23 20:09:05:261 UTC]  INFO util.SecurityLogger: class com.dotmarketing.portlets.workflows.business.WorkflowAPIImpl : The action id: 'b9d89c80-3d88-4311-8365-187323c96436' has been saved by the user: system -- ip:172.18.0.1,user:Admin User [ID: dotcms.org.1][email:admin@dotcms.com]
[28/05/23 20:09:05:273 UTC]  INFO util.SecurityLogger: class com.dotmarketing.portlets.workflows.business.WorkflowAPIImpl : The action id: 'c92f9aa1-9503-4567-ac30-d3242b54d02d' has been saved by the user: system -- ip:172.18.0.1,user:Admin User [ID: dotcms.org.1][email:admin@dotcms.com]
[28/05/23 20:09:05:281 UTC]  INFO util.SecurityLogger: class com.dotmarketing.portlets.workflows.business.WorkflowAPIImpl : The action id: '777f1c6b-c877-4a37-ba4b-10627316c2cc' has been saved by the user: system -- ip:172.18.0.1,user:Admin User [ID: dotcms.org.1][email:admin@dotcms.com]
[28/05/23 20:09:05:293 UTC]  INFO util.SecurityLogger: class com.dotmarketing.portlets.workflows.business.WorkflowAPIImpl : The action id: '1e0f1c6b-b67f-4c99-983d-db2b4bfa88b2' has been saved by the user: system -- ip:172.18.0.1,user:Admin User [ID: dotcms.org.1][email:admin@dotcms.com]
[28/05/23 20:09:05:473 UTC]  INFO helper.SystemActionMappingsHandlerMerger: The mapping for systemAction: NEW, workflowAction: Optional[WorkflowAction [id=ceca71a0-deee-4999-bd47-b01baa1bcfc8, name=Save, stepId=null, nextStep=ee24a4cb-2d15-4c98-b1bd-6327126451f3]], and scheme: d61a59e1-a49c-46f2-a929-db2b4bfa88b2 has been saved
[28/05/23 20:09:05:478 UTC]  INFO helper.SystemActionMappingsHandlerMerger: The mapping for systemAction: EDIT, workflowAction: Optional[WorkflowAction [id=ceca71a0-deee-4999-bd47-b01baa1bcfc8, name=Save, stepId=null, nextStep=ee24a4cb-2d15-4c98-b1bd-6327126451f3]], and scheme: d61a59e1-a49c-46f2-a929-db2b4bfa88b2 has been saved
[28/05/23 20:09:05:483 UTC]  INFO helper.SystemActionMappingsHandlerMerger: The mapping for systemAction: UNPUBLISH, workflowAction: Optional[WorkflowAction [id=38efc763-d78f-4e4b-b092-59cd8c579b93, name=Unpublish, stepId=null, nextStep=ee24a4cb-2d15-4c98-b1bd-6327126451f3]], and scheme: d61a59e1-a49c-46f2-a929-db2b4bfa88b2 has been saved
[28/05/23 20:09:05:487 UTC]  INFO helper.SystemActionMappingsHandlerMerger: The mapping for systemAction: UNARCHIVE, workflowAction: Optional[WorkflowAction [id=c92f9aa1-9503-4567-ac30-d3242b54d02d, name=Unarchive, stepId=null, nextStep=ee24a4cb-2d15-4c98-b1bd-6327126451f3]], and scheme: d61a59e1-a49c-46f2-a929-db2b4bfa88b2 has been saved
[28/05/23 20:09:05:492 UTC]  INFO helper.SystemActionMappingsHandlerMerger: The mapping for systemAction: PUBLISH, workflowAction: Optional[WorkflowAction [id=b9d89c80-3d88-4311-8365-187323c96436, name=Publish, stepId=null, nextStep=dc3c9cd0-8467-404b-bf95-cb7df3fbc293]], and scheme: d61a59e1-a49c-46f2-a929-db2b4bfa88b2 has been saved
[28/05/23 20:09:05:497 UTC]  INFO helper.SystemActionMappingsHandlerMerger: The mapping for systemAction: ARCHIVE, workflowAction: Optional[WorkflowAction [id=4da13a42-5d59-480c-ad8f-94a3adf809fe, name=Archive, stepId=null, nextStep=d6b095b6-b65f-4bdb-bbfd-701d663dfee2]], and scheme: d61a59e1-a49c-46f2-a929-db2b4bfa88b2 has been saved
[28/05/23 20:09:05:501 UTC]  INFO helper.SystemActionMappingsHandlerMerger: The mapping for systemAction: DESTROY, workflowAction: Optional[WorkflowAction [id=1e0f1c6b-b67f-4c99-983d-db2b4bfa88b2, name=Destroy, stepId=null, nextStep=d6b095b6-b65f-4bdb-bbfd-701d663dfee2]], and scheme: d61a59e1-a49c-46f2-a929-db2b4bfa88b2 has been saved
[28/05/23 20:09:05:506 UTC]  INFO helper.SystemActionMappingsHandlerMerger: The mapping for systemAction: DELETE, workflowAction: Optional[WorkflowAction [id=777f1c6b-c877-4a37-ba4b-10627316c2cc, name=Delete, stepId=null, nextStep=d6b095b6-b65f-4bdb-bbfd-701d663dfee2]], and scheme: d61a59e1-a49c-46f2-a929-db2b4bfa88b2 has been saved
[28/05/23 20:09:05:507 UTC]  INFO util.PushPublishLogger: class com.dotcms.enterprise.publishing.remote.handler.WorkflowHandler : [BundleID: content_type_and_content_demo.tar.gz] Workflow publish success, ID: d61a59e1-a49c-46f2-a929-db2b4bfa88b2, Name: System Workflow
[28/05/23 20:09:05:555 UTC]  INFO util.ActivityLogger: class com.dotcms.contenttype.business.ContentTypeAPIImpl: system : Save ContentType Action , User system/system user system user added ContentType Host to host id:SYSTEM_HOST
[28/05/23 20:09:05:557 UTC]  INFO business.ContentTypeAPIImpl: UserId : system : ContentType : ContentType saved : Host
[28/05/23 20:09:05:557 UTC]  INFO util.AdminLogger: UserId : system : class com.dotcms.contenttype.business.ContentTypeAPIImpl : ContentType : ContentType saved : Host
[28/05/23 20:09:05:559 UTC]  INFO business.FieldAPIImpl: No changes made to field: fields0, returning
[28/05/23 20:09:05:561 UTC]  INFO business.FieldAPIImpl: No changes made to field: fields1, returning
[28/05/23 20:09:05:563 UTC]  INFO business.FieldAPIImpl: No changes made to field: hostName, returning
[28/05/23 20:09:05:564 UTC]  INFO business.FieldAPIImpl: No changes made to field: aliases, returning
[28/05/23 20:09:05:566 UTC]  INFO business.FieldAPIImpl: No changes made to field: isDefault, returning
[28/05/23 20:09:05:567 UTC]  INFO business.FieldAPIImpl: No changes made to field: tagStorage, returning
[28/05/23 20:09:05:599 UTC]  INFO util.ActivityLogger: class com.dotmarketing.util.ActivityLogger: system : Update Field Action , User system/system user modified field Host Thumbnail to Host Structure.
[28/05/23 20:09:05:611 UTC]  INFO business.FieldAPIImpl: No changes made to field: isSystemHost, returning
[28/05/23 20:09:05:613 UTC]  INFO business.FieldAPIImpl: No changes made to field: runDashboard, returning
[28/05/23 20:09:05:614 UTC]  INFO business.FieldAPIImpl: No changes made to field: metaData, returning
[28/05/23 20:09:05:615 UTC]  INFO business.FieldAPIImpl: No changes made to field: keywords, returning
[28/05/23 20:09:05:617 UTC]  INFO business.FieldAPIImpl: No changes made to field: description, returning
[28/05/23 20:09:05:618 UTC]  INFO business.FieldAPIImpl: No changes made to field: siteKeys, returning
[28/05/23 20:09:05:620 UTC]  INFO business.FieldAPIImpl: No changes made to field: googleMap, returning
[28/05/23 20:09:05:621 UTC]  INFO business.FieldAPIImpl: No changes made to field: googleAnalytics, returning
[28/05/23 20:09:05:623 UTC]  INFO business.FieldAPIImpl: No changes made to field: addThis, returning
[28/05/23 20:09:05:626 UTC]  INFO business.FieldAPIImpl: No changes made to field: proxyEditModeUrl, returning
[28/05/23 20:09:05:627 UTC]  INFO business.FieldAPIImpl: No changes made to field: embeddedDashboard, returning
[28/05/23 20:09:05:628 UTC]  INFO util.PushPublishLogger: class com.dotcms.enterprise.publishing.remote.handler.ContentTypeHandler : [BundleID: content_type_and_content_demo.tar.gz] Content Type publish success, ID: 855a2d72-f2f3-4169-8b04-ac5157c4380c, Name: Host
[28/05/23 20:09:05:630 UTC]  INFO util.SecurityLogger: class com.dotmarketing.portlets.workflows.business.WorkflowAPIImpl : Saving schemes [ [WorkflowScheme [id=d61a59e1-a49c-46f2-a929-db2b4bfa88b2, name=System Workflow, archived=false, mandatory=false]] ] for Content Type [ com.dotmarketing.portlets.structure.model.Structure@46c2c89a[name=Host,description=System hosts information,defaultStructure=false,reviewInterval=<null>,reviewerRole=<null>,pagedetail=<null>,structureType=1,fixed=true,system=true,velocityVarName=Host,urlMapPattern=<null>,host=SYSTEM_HOST,folder=SYSTEM_FOLDER,publishDateVar=<null>,expireDateVar=<null>,modDate=Sun May 28 20:09:06 UTC 2023,icon=event_note,sortOrder=0,iDate=Mon Mar 28 15:10:14 UTC 2016,type=structure,owner=<null>,inode=855a2d72-f2f3-4169-8b04-ac5157c4380c,identifier=855a2d72-f2f3-4169-8b04-ac5157c4380c] ] -- ip:172.18.0.1,user:Admin User [ID: dotcms.org.1][email:admin@dotcms.com]
[28/05/23 20:09:05:668 UTC]  INFO util.ActivityLogger: class com.dotcms.contenttype.business.ContentTypeAPIImpl: system : Save ContentType Action , User system/system user system user added ContentType type_2 to host id:48190c8c-42c4-46af-8d1a-0cd5db894797
[28/05/23 20:09:05:669 UTC]  INFO business.ContentTypeAPIImpl: UserId : system : ContentType : ContentType saved : type_2
[28/05/23 20:09:05:670 UTC]  INFO util.AdminLogger: UserId : system : class com.dotcms.contenttype.business.ContentTypeAPIImpl : ContentType : ContentType saved : type_2
[28/05/23 20:09:05:672 UTC]  INFO business.FieldAPIImpl: No changes made to field: fields0, returning
[28/05/23 20:09:05:673 UTC]  INFO business.FieldAPIImpl: No changes made to field: fields1, returning
[28/05/23 20:09:05:675 UTC]  INFO business.FieldAPIImpl: No changes made to field: text1, returning
[28/05/23 20:09:05:675 UTC]  INFO util.PushPublishLogger: class com.dotcms.enterprise.publishing.remote.handler.ContentTypeHandler : [BundleID: content_type_and_content_demo.tar.gz] Content Type publish success, ID: ea533f67-4883-42bb-9701-83293e7313e5, Name: type_2
[28/05/23 20:09:05:677 UTC]  INFO util.SecurityLogger: class com.dotmarketing.portlets.workflows.business.WorkflowAPIImpl : Saving schemes [ [WorkflowScheme [id=d61a59e1-a49c-46f2-a929-db2b4bfa88b2, name=System Workflow, archived=false, mandatory=false]] ] for Content Type [ com.dotmarketing.portlets.structure.model.Structure@21cff8cf[name=type_2,description=<null>,defaultStructure=false,reviewInterval=<null>,reviewerRole=<null>,pagedetail=<null>,structureType=1,fixed=false,system=false,velocityVarName=Type2,urlMapPattern=<null>,host=48190c8c-42c4-46af-8d1a-0cd5db894797,folder=SYSTEM_FOLDER,publishDateVar=<null>,expireDateVar=<null>,modDate=Sun May 28 20:09:06 UTC 2023,icon=event_note,sortOrder=0,iDate=Thu Oct 08 17:32:19 UTC 2020,type=structure,owner=<null>,inode=ea533f67-4883-42bb-9701-83293e7313e5,identifier=ea533f67-4883-42bb-9701-83293e7313e5] ] -- ip:172.18.0.1,user:Admin User [ID: dotcms.org.1][email:admin@dotcms.com]
[28/05/23 20:09:05:696 UTC]  INFO util.PushPublishLogger: class com.dotcms.enterprise.publishing.remote.handler.LanguageVariablesHandler : [BundleID: content_type_and_content_demo.tar.gz] Language File publish success, Name: cms_language_en.properties
[28/05/23 20:09:05:699 UTC]  INFO util.PushPublishLogger: class com.dotcms.enterprise.publishing.remote.handler.LanguageVariablesHandler : [BundleID: content_type_and_content_demo.tar.gz] Language File publish success, Name: cms_language_en_US.properties
[28/05/23 20:09:05:700 UTC]  INFO util.PushPublishLogger: class com.dotcms.enterprise.publishing.remote.handler.LanguageVariablesHandler : [BundleID: content_type_and_content_demo.tar.gz] Language File publish success, Name: cms_language_es.properties
[28/05/23 20:09:05:701 UTC]  INFO util.PushPublishLogger: class com.dotcms.enterprise.publishing.remote.handler.LanguageVariablesHandler : [BundleID: content_type_and_content_demo.tar.gz] Language File publish success, Name: cms_language_es_ES.properties
[28/05/23 20:09:05:702 UTC]  INFO util.PushPublishLogger: class com.dotcms.enterprise.publishing.remote.handler.LanguageVariablesHandler : [BundleID: content_type_and_content_demo.tar.gz] Language File publish success, Name: cms_language_fr.properties
[28/05/23 20:09:05:703 UTC]  INFO util.PushPublishLogger: class com.dotcms.enterprise.publishing.remote.handler.LanguageVariablesHandler : [BundleID: content_type_and_content_demo.tar.gz] Language File publish success, Name: cms_language_fr_FR.properties
[28/05/23 20:09:05:704 UTC]  INFO util.PushPublishLogger: class com.dotcms.enterprise.publishing.remote.handler.LanguageVariablesHandler : [BundleID: content_type_and_content_demo.tar.gz] Language File publish success, Name: cms_language_zh.properties
[28/05/23 20:09:05:706 UTC]  INFO util.PushPublishLogger: class com.dotcms.enterprise.publishing.remote.handler.LanguageVariablesHandler : [BundleID: content_type_and_content_demo.tar.gz] Language File publish success, Name: cms_language_zh_CN.properties
[28/05/23 20:09:06:180 UTC]  INFO reindex.ReindexThread: --- Unpausing reindex thread 
[28/05/23 20:09:06:291 UTC]  INFO reindex.BulkProcessorListener: -----------
[28/05/23 20:09:06:292 UTC]  INFO reindex.BulkProcessorListener: Reindexing Server #  : 1 of 1
[28/05/23 20:09:06:293 UTC]  INFO reindex.BulkProcessorListener: Total Indexed        : 0
[28/05/23 20:09:06:293 UTC]  INFO reindex.BulkProcessorListener: ReindexEntries found : 3
[28/05/23 20:09:06:294 UTC]  INFO reindex.BulkProcessorListener: BulkRequests created : 6
[28/05/23 20:09:06:295 UTC]  INFO reindex.BulkProcessorListener: -----------
[28/05/23 20:09:11:183 UTC]  INFO concurrent.Debouncer: Debouncing : invalidateGraphSchema after 5000 MILLISECONDS
[28/05/23 20:09:12:213 UTC]  INFO util.PushPublishLogger: class com.dotcms.rest.PushPublisherJob : [BundleID: content_type_and_content_demo.tar.gz] Finished bundle publish process
[28/05/23 20:09:12:213 UTC]  INFO rest.PushPublisherJob: Finished bundle publish process
[28/05/23 20:09:15:336 UTC]  INFO util.SecurityLogger: class com.dotmarketing.cms.login.factories.LoginFactory : User admin@dotcms.com has sucessfully logged in from IP: 172.18.0.1 -- ip:172.18.0.1,user:Admin User [ID: dotcms.org.1][email:admin@dotcms.com]
[28/05/23 20:09:15:343 UTC]  INFO rest.BundleResource: Deleting all bundles by the user: dotcms.org.1
[28/05/23 20:09:15:358 UTC]  INFO business.BundleAPIImpl: Deleting all bundles with statuses: [BUNDLE_REQUESTED, BUNDLING, SENDING_TO_ENDPOINTS, FAILED_TO_SEND_TO_ALL_GROUPS, FAILED_TO_SEND_TO_SOME_GROUPS, FAILED_TO_BUNDLE, FAILED_TO_SENT, FAILED_TO_PUBLISH, SUCCESS, BUNDLE_SENT_SUCCESSFULLY, RECEIVED_BUNDLE, PUBLISHING_BUNDLE, WAITING_FOR_PUBLISHING, BUNDLE_SAVED_SUCCESSFULLY, INVALID_TOKEN, LICENSE_REQUIRED, SUCCESS_WITH_WARNINGS, FAILED_INTEGRITY_CHECK]by the user: dotcms.org.1
[28/05/23 20:09:15:361 UTC]  INFO business.BundleAPIImpl: Removing bundle: content_type_and_content_demo and dependencies by: dotcms.org.1
[28/05/23 20:09:15:362 UTC]  INFO business.BundleAPIImpl: Removing audit status for a bundle: content_type_and_content_demo
[28/05/23 20:09:15:362 UTC]  INFO business.PublishAuditAPIImpl: Deleting the bundle: content_type_and_content_demo
[28/05/23 20:09:15:363 UTC]  INFO business.BundleAPIImpl: Removing all assets from bundle: content_type_and_content_demo
[28/05/23 20:09:15:363 UTC]  INFO business.BundleAPIImpl: Removing environments from bundle: content_type_and_content_demo
[28/05/23 20:09:15:364 UTC]  INFO business.BundleAPIImpl: Removing bundle: content_type_and_content_demo
[28/05/23 20:09:15:391 UTC]  INFO business.BundleAPIImpl: Deleted 1 bundles, failed 0 bundles
[28/05/23 20:09:15:397 UTC]  WARN struts.MultiMessageResources: Duplicate resource property definition (key=was ==> is now): contenttypes.content.copy=Copy ==> Copy
[28/05/23 20:09:15:399 UTC]  WARN struts.MultiMessageResources: Duplicate resource property definition (key=was ==> is now): message.category.import=Importing Categories.  This operation cannot be cancelled or undone. ==> IMPORT
[28/05/23 20:09:15:399 UTC]  WARN struts.MultiMessageResources: Duplicate resource property definition (key=was ==> is now): message.containers.create.content_type_code=Content Type Code ==> Content Type Code
[28/05/23 20:09:15:403 UTC]  WARN struts.MultiMessageResources: Duplicate resource property definition (key=was ==> is now): Save=Save ==> Save
[28/05/23 20:09:15:410 UTC]  WARN struts.MultiMessageResources: Duplicate resource property definition (key=was ==> is now): Move=Move ==> Move
[28/05/23 20:09:15:420 UTC]  WARN struts.MultiMessageResources: Duplicate resource property definition (key=was ==> is now): archived=archived ==> Archived
[28/05/23 20:09:17:981 UTC]  INFO delegate.SystemEventsJobDelegate: The event: f27f03c2-c559-4a9e-a18e-97757b59e20b, has been skipped on the server: fda7e257-e2ac-48f7-83fc-8ab4bcea3513
[28/05/23 20:09:17:981 UTC]  INFO delegate.SystemEventsJobDelegate: The event: 687e8d46-d2c1-4ea9-806e-aeb891717f04, has been skipped on the server: fda7e257-e2ac-48f7-83fc-8ab4bcea3513
[28/05/23 20:09:28:478 UTC]  INFO util.SecurityLogger: class com.dotmarketing.cms.login.factories.LoginFactory : User admin@dotcms.com has sucessfully logged in from IP: 172.18.0.1 -- ip:172.18.0.1,user:Admin User [ID: dotcms.org.1][email:admin@dotcms.com]
[28/05/23 20:09:28:486 UTC]  WARN ajax.RemotePublishAjaxAction: Unable to find asset id = [ea533f67-4883-42bb-9701-83293e7313e5]
[28/05/23 20:09:28:492 UTC]  INFO util.PushPublishLogger: class com.dotcms.publisher.business.PublisherAPIImpl : [BundleID: 01H1HZNTN3E1Q0N52BBG724WN0] Asset added to Push Publish Queue. Action: Added by Browsing, Asset Type: contenttype, Asset Id: ea533f67-4883-42bb-9701-83293e7313e5, User: dotcms.org.1
[28/05/23 20:09:30:515 UTC]  WARN business.ESContentFactoryImpl: ----------------------------------------------
[28/05/23 20:09:30:515 UTC]  WARN business.ESContentFactoryImpl: Elasticsearch SEARCH error in index 'cluster_205a80cee7.live_20230528200704'
[28/05/23 20:09:30:515 UTC]  WARN business.ESContentFactoryImpl: Thread: dotCMSQuartz_Worker-3
[28/05/23 20:09:30:515 UTC]  WARN business.ESContentFactoryImpl: ES Query: {"size":10000,"timeout":"15000ms","query":{"query_string":{"query":"+live:true +deleted:false +expdate:[1969-12-31t18:00:00-0000 TO 2023-05-28t20:09:30+0000]","fields":[],"type":"best_fields","default_operator":"or","max_determinized_states":10000,"enable_position_increments":true,"fuzziness":"AUTO","fuzzy_prefix_length":0,"fuzzy_max_expansions":50,"phrase_slop":0,"escape":false,"auto_generate_synonyms_phrase_query":true,"fuzzy_transpositions":true,"boost":1.0}},"_source":{"includes":["inode","identifier"],"excludes":[]},"sort":[{"moddate":{"order":"desc"}}],"track_total_hits":10000000}
[28/05/23 20:09:30:515 UTC]  WARN business.ESContentFactoryImpl: Class org.elasticsearch.ElasticsearchStatusException: Elasticsearch exception [type=illegal_argument_exception, reason=Text fields are not optimised for operations that require per-document field data like aggregations and sorting, so these operations are disabled by default. Please use a keyword field instead. Alternatively, set fielddata=true on [moddate] in order to load field data by uninverting the inverted index. Note that this can use significant memory.]
[28/05/23 20:09:30:515 UTC]  WARN business.ESContentFactoryImpl: ----------------------------------------------
[28/05/23 20:09:31:582 UTC]  INFO util.SecurityLogger: class com.dotmarketing.cms.login.factories.LoginFactory : User admin@dotcms.com has sucessfully logged in from IP: 172.18.0.1 -- ip:172.18.0.1,user:Admin User [ID: dotcms.org.1][email:admin@dotcms.com]
[28/05/23 20:09:33:623 UTC]  WARN business.ESContentFactoryImpl: ----------------------------------------------
[28/05/23 20:09:33:624 UTC]  WARN business.ESContentFactoryImpl: Elasticsearch SEARCH error in index 'cluster_205a80cee7.live_20230528200704'
[28/05/23 20:09:33:624 UTC]  WARN business.ESContentFactoryImpl: Thread: dotCMSQuartz_Worker-6
[28/05/23 20:09:33:626 UTC]  WARN business.ESContentFactoryImpl: ES Query: {"size":10000,"timeout":"15000ms","query":{"query_string":{"query":"+live:true +deleted:false +expdate:[1969-12-31t18:00:00-0000 TO 2023-05-28t20:09:33+0000]","fields":[],"type":"best_fields","default_operator":"or","max_determinized_states":10000,"enable_position_increments":true,"fuzziness":"AUTO","fuzzy_prefix_length":0,"fuzzy_max_expansions":50,"phrase_slop":0,"escape":false,"auto_generate_synonyms_phrase_query":true,"fuzzy_transpositions":true,"boost":1.0}},"_source":{"includes":["inode","identifier"],"excludes":[]},"sort":[{"moddate":{"order":"desc"}}],"track_total_hits":10000000}
[28/05/23 20:09:33:626 UTC]  WARN business.ESContentFactoryImpl: Class org.elasticsearch.ElasticsearchStatusException: Elasticsearch exception [type=illegal_argument_exception, reason=Text fields are not optimised for operations that require per-document field data like aggregations and sorting, so these operations are disabled by default. Please use a keyword field instead. Alternatively, set fielddata=true on [moddate] in order to load field data by uninverting the inverted index. Note that this can use significant memory.]
[28/05/23 20:09:33:626 UTC]  WARN business.ESContentFactoryImpl: ----------------------------------------------
[28/05/23 20:09:33:632 UTC]  INFO business.PublisherQueueJob: 
[28/05/23 20:09:33:632 UTC]  INFO business.PublisherQueueJob: Found 1 bundle(s) to process.
[28/05/23 20:09:33:632 UTC]  INFO business.PublisherQueueJob: 
[28/05/23 20:09:33:632 UTC]  INFO business.PublisherQueueJob: Processing bundle: ID: 01H1HZNTN3E1Q0N52BBG724WN0. Status: Starting. Publish Date: 2020-09-10 17:14:00.0
[28/05/23 20:09:33:632 UTC]  INFO util.PushPublishLogger: class com.dotcms.publisher.business.PublishAuditStatus : Status Update: Pending.
[28/05/23 20:09:33:632 UTC]  INFO util.PushPublishLogger: class com.dotcms.publisher.business.PublisherQueueJob : Pre-publish work started.
[28/05/23 20:09:33:639 UTC]  INFO util.PushPublishLogger: class com.dotcms.publisher.business.PublisherQueueJob : Pre-publish work complete.
[28/05/23 20:09:33:640 UTC]  INFO util.PushPublishLogger: class com.dotcms.publishing.PublisherAPIImpl : [BundleID: 01H1HZNTN3E1Q0N52BBG724WN0] Started Publishing Task
[28/05/23 20:09:33:642 UTC]  INFO publishing.PublisherAPIImpl: Start of Bundler: DependencyBundler
[28/05/23 20:09:33:669 UTC]  WARN business.ESContentFactoryImpl: ----------------------------------------------
[28/05/23 20:09:33:669 UTC]  WARN business.ESContentFactoryImpl: Elasticsearch SEARCH error in index 'cluster_205a80cee7.working_20230528200704'
[28/05/23 20:09:33:669 UTC]  WARN business.ESContentFactoryImpl: Thread: dotCMSQuartz_Worker-6
[28/05/23 20:09:33:671 UTC]  WARN business.ESContentFactoryImpl: ES Query: {"size":10000,"timeout":"15000ms","query":{"match_all":{"boost":1.0}},"post_filter":{"query_string":{"query":"+contenttype:languagevariable","fields":[],"type":"best_fields","default_operator":"or","max_determinized_states":10000,"enable_position_increments":true,"fuzziness":"AUTO","fuzzy_prefix_length":0,"fuzzy_max_expansions":50,"phrase_slop":0,"escape":false,"auto_generate_synonyms_phrase_query":true,"fuzzy_transpositions":true,"boost":1.0}},"_source":{"includes":["inode","identifier"],"excludes":[]},"sort":[{"moddate":{"order":"desc"}}],"track_total_hits":10000000}
[28/05/23 20:09:33:671 UTC]  WARN business.ESContentFactoryImpl: Class org.elasticsearch.ElasticsearchStatusException: Elasticsearch exception [type=illegal_argument_exception, reason=Text fields are not optimised for operations that require per-document field data like aggregations and sorting, so these operations are disabled by default. Please use a keyword field instead. Alternatively, set fielddata=true on [moddate] in order to load field data by uninverting the inverted index. Note that this can use significant memory.]
[28/05/23 20:09:33:671 UTC]  WARN business.ESContentFactoryImpl: ----------------------------------------------
[28/05/23 20:09:42:693 UTC]  INFO dependencies.ConcurrentDependencyProcessor: DependencyProcessor Finished
[28/05/23 20:09:42:694 UTC]  INFO publishing.PublisherAPIImpl: End of Bundler: DependencyBundler
[28/05/23 20:09:42:694 UTC]  INFO publishing.PublisherAPIImpl: Start of Bundler: HostBundler
[28/05/23 20:09:42:697 UTC]  INFO util.PushPublishLogger: class com.dotcms.enterprise.publishing.remote.bundler.HostBundler : Status Update: Bundling.
[28/05/23 20:09:42:707 UTC]  WARN business.ESContentFactoryImpl: ----------------------------------------------
[28/05/23 20:09:42:707 UTC]  WARN business.ESContentFactoryImpl: Elasticsearch SEARCH error in index 'cluster_205a80cee7.working_20230528200704'
[28/05/23 20:09:42:707 UTC]  WARN business.ESContentFactoryImpl: Thread: dotCMSQuartz_Worker-6
[28/05/23 20:09:42:707 UTC]  WARN business.ESContentFactoryImpl: ES Query: {"size":1,"timeout":"15000ms","query":{"query_string":{"query":"+identifier:48190c8c-42c4-46af-8d1a-0cd5db894797 +working:true","fields":[],"type":"best_fields","default_operator":"or","max_determinized_states":10000,"enable_position_increments":true,"fuzziness":"AUTO","fuzzy_prefix_length":0,"fuzzy_max_expansions":50,"phrase_slop":0,"escape":false,"auto_generate_synonyms_phrase_query":true,"fuzzy_transpositions":true,"boost":1.0}},"_source":{"includes":["inode","identifier"],"excludes":[]},"sort":[{"moddate":{"order":"desc"}}],"track_total_hits":10000000}
[28/05/23 20:09:42:707 UTC]  WARN business.ESContentFactoryImpl: Class org.elasticsearch.ElasticsearchStatusException: Elasticsearch exception [type=illegal_argument_exception, reason=Text fields are not optimised for operations that require per-document field data like aggregations and sorting, so these operations are disabled by default. Please use a keyword field instead. Alternatively, set fielddata=true on [moddate] in order to load field data by uninverting the inverted index. Note that this can use significant memory.]
[28/05/23 20:09:42:707 UTC]  WARN business.ESContentFactoryImpl: ----------------------------------------------
[28/05/23 20:09:42:724 UTC]  WARN business.ESContentFactoryImpl: ----------------------------------------------
[28/05/23 20:09:42:725 UTC]  WARN business.ESContentFactoryImpl: Elasticsearch SEARCH error in index 'cluster_205a80cee7.live_20230528200704'
[28/05/23 20:09:42:725 UTC]  WARN business.ESContentFactoryImpl: Thread: dotCMSQuartz_Worker-6
[28/05/23 20:09:42:725 UTC]  WARN business.ESContentFactoryImpl: ES Query: {"size":1,"timeout":"15000ms","query":{"query_string":{"query":"+identifier:48190c8c-42c4-46af-8d1a-0cd5db894797 +live:true","fields":[],"type":"best_fields","default_operator":"or","max_determinized_states":10000,"enable_position_increments":true,"fuzziness":"AUTO","fuzzy_prefix_length":0,"fuzzy_max_expansions":50,"phrase_slop":0,"escape":false,"auto_generate_synonyms_phrase_query":true,"fuzzy_transpositions":true,"boost":1.0}},"_source":{"includes":["inode","identifier"],"excludes":[]},"sort":[{"moddate":{"order":"desc"}}],"track_total_hits":10000000}
[28/05/23 20:09:42:726 UTC]  WARN business.ESContentFactoryImpl: Class org.elasticsearch.ElasticsearchStatusException: Elasticsearch exception [type=illegal_argument_exception, reason=Text fields are not optimised for operations that require per-document field data like aggregations and sorting, so these operations are disabled by default. Please use a keyword field instead. Alternatively, set fielddata=true on [moddate] in order to load field data by uninverting the inverted index. Note that this can use significant memory.]
[28/05/23 20:09:42:726 UTC]  WARN business.ESContentFactoryImpl: ----------------------------------------------
[28/05/23 20:09:42:734 UTC]  INFO bundler.HostBundler: Searching for ContentletVersionInfo. Identifier: 48190c8c-42c4-46af-8d1a-0cd5db894797. Language:1
[28/05/23 20:09:42:748 UTC]  INFO util.PushPublishLogger: class com.dotcms.enterprise.publishing.remote.bundler.HostBundler : Status Update: Bundling.
[28/05/23 20:09:42:750 UTC]  INFO publishing.PublisherAPIImpl: End of Bundler: HostBundler
[28/05/23 20:09:42:751 UTC]  INFO publishing.PublisherAPIImpl: Start of Bundler: ContentBundler
[28/05/23 20:09:42:753 UTC]  INFO util.PushPublishLogger: class com.dotcms.enterprise.publishing.remote.bundler.ContentBundler : Status Update: Bundling.
[28/05/23 20:09:42:755 UTC]  INFO util.PushPublishLogger: class com.dotcms.enterprise.publishing.remote.bundler.ContentBundler : Status Update: Bundling.
[28/05/23 20:09:42:757 UTC]  INFO publishing.PublisherAPIImpl: End of Bundler: ContentBundler
[28/05/23 20:09:42:758 UTC]  INFO publishing.PublisherAPIImpl: Start of Bundler: FolderBundler
[28/05/23 20:09:42:758 UTC]  INFO publishing.PublisherAPIImpl: End of Bundler: FolderBundler
[28/05/23 20:09:42:759 UTC]  INFO publishing.PublisherAPIImpl: Start of Bundler: TemplateBundler
[28/05/23 20:09:42:759 UTC]  INFO publishing.PublisherAPIImpl: End of Bundler: TemplateBundler
[28/05/23 20:09:42:760 UTC]  INFO publishing.PublisherAPIImpl: Start of Bundler: ContainerBundler
[28/05/23 20:09:42:760 UTC]  INFO publishing.PublisherAPIImpl: End of Bundler: ContainerBundler
[28/05/23 20:09:42:761 UTC]  INFO publishing.PublisherAPIImpl: Start of Bundler: RuleBundler
[28/05/23 20:09:42:761 UTC]  INFO publishing.PublisherAPIImpl: End of Bundler: RuleBundler
[28/05/23 20:09:42:762 UTC]  INFO publishing.PublisherAPIImpl: Start of Bundler: LinkBundler
[28/05/23 20:09:42:762 UTC]  INFO publishing.PublisherAPIImpl: End of Bundler: LinkBundler
[28/05/23 20:09:42:763 UTC]  INFO publishing.PublisherAPIImpl: Start of Bundler: ContentTypeBundler
[28/05/23 20:09:42:772 UTC]  INFO publishing.PublisherAPIImpl: End of Bundler: ContentTypeBundler
[28/05/23 20:09:42:772 UTC]  INFO publishing.PublisherAPIImpl: Start of Bundler: RelationshipBundler
[28/05/23 20:09:42:773 UTC]  INFO publishing.PublisherAPIImpl: End of Bundler: RelationshipBundler
[28/05/23 20:09:42:773 UTC]  INFO publishing.PublisherAPIImpl: Start of Bundler: LanguageVariablesBundler
[28/05/23 20:09:42:776 UTC]  WARN util.FileUtil: /data/shared/assets/messages/cms_language_en_US.properties is empty
[28/05/23 20:09:42:776 UTC]  WARN util.FileUtil: /data/shared/assets/messages/cms_language_es_ES.properties is empty
[28/05/23 20:09:42:777 UTC]  WARN util.FileUtil: /data/shared/assets/messages/cms_language_fr_FR.properties is empty
[28/05/23 20:09:42:779 UTC]  WARN util.FileUtil: /data/shared/assets/messages/cms_language_zh_CN.properties is empty
[28/05/23 20:09:42:780 UTC]  INFO publishing.PublisherAPIImpl: End of Bundler: LanguageVariablesBundler
[28/05/23 20:09:42:780 UTC]  INFO publishing.PublisherAPIImpl: Start of Bundler: WorkflowBundler
[28/05/23 20:09:42:875 UTC]  INFO publishing.PublisherAPIImpl: End of Bundler: WorkflowBundler
[28/05/23 20:09:42:876 UTC]  INFO publishing.PublisherAPIImpl: Start of Bundler: LanguageBundler
[28/05/23 20:09:42:876 UTC]  INFO publishing.PublisherAPIImpl: End of Bundler: LanguageBundler
[28/05/23 20:09:42:877 UTC]  INFO publishing.PublisherAPIImpl: Start of Bundler: BundleXMLAsc
[28/05/23 20:09:42:877 UTC]  INFO publishing.PublisherAPIImpl: End of Bundler: BundleXMLAsc
[28/05/23 20:09:42:878 UTC]  INFO publishing.PublisherAPIImpl: Start of Bundler: CategoryBundler
[28/05/23 20:09:42:879 UTC]  INFO publishing.PublisherAPIImpl: End of Bundler: CategoryBundler
[28/05/23 20:09:42:960 UTC]  INFO util.PushPublishLogger: class com.dotcms.publisher.pusher.PushPublisher : Status Update: Sending to all environments
[28/05/23 20:09:42:962 UTC]  INFO util.PushPublishLogger: class com.dotcms.publisher.pusher.PushPublisher : Status Update: Sending Bundle
[28/05/23 20:09:42:996 UTC]  INFO pusher.AuthCredentialPushPublishUtil: Is JWT in Push publish avaible?: false
[28/05/23 20:09:42:996 UTC]  INFO pusher.AuthCredentialPushPublishUtil: PublishingEndPoint: receiver-1685304467263
[28/05/23 20:09:42:998 UTC]  INFO pusher.AuthCredentialPushPublishUtil: PublishingEndPoint key: Optional[pmWkWSBCL51Bfkhn79xPuKBKHz//H6B+mY6G9/eieuM=]
[28/05/23 20:09:42:998 UTC]  INFO pusher.AuthCredentialPushPublishUtil: Token from request: 8SNNdReNiSoTOkEDVaWpkM910vM+uiXVdZQ9TfYy86Q=
[28/05/23 20:09:43:000 UTC] ERROR rest.IntegrityResource: Receiver at localhost:8080:> Authentication Token is invalid for ip: 127.0.0.1
[28/05/23 20:09:49:012 UTC]  INFO util.PushPublishLogger: class com.dotcms.publisher.pusher.PushPublisher : Invalid token
[28/05/23 20:09:49:750 UTC]  INFO util.SecurityLogger: class com.dotmarketing.cms.login.factories.LoginFactory : User admin@dotcms.com has sucessfully logged in from IP: 172.18.0.1 -- ip:172.18.0.1,user:Admin User [ID: dotcms.org.1][email:admin@dotcms.com]
[28/05/23 20:09:52:030 UTC]  INFO util.PushPublishLogger: class com.dotcms.publishing.PublisherAPIImpl : [BundleID: 01H1HZNTN3E1Q0N52BBG724WN0] Completed Publishing Task
[28/05/23 20:09:55:547 UTC]  WARN auth.PrincipalThreadLocal: getName dotcms.org.1
[28/05/23 20:09:55:552 UTC]  INFO util.SecurityLogger: class com.dotcms.cms.login.LoginServiceAPIFactory$LoginServiceImpl : User dotcms.org.1 has successfully login from IP: 172.18.0.1 -- ip:172.18.0.1,user:Admin User [ID: dotcms.org.1][email:admin@dotcms.com]
[28/05/23 20:09:55:781 UTC]  INFO pusher.AuthCredentialPushPublishUtil: Is JWT in Push publish avaible?: false
[28/05/23 20:09:55:783 UTC]  INFO pusher.AuthCredentialPushPublishUtil: PublishingEndPoint: null
[28/05/23 20:09:55:785 UTC]  WARN pusher.PushPublisher: Endpoint or endpoint key is null:null
[28/05/23 20:09:55:785 UTC]  INFO pusher.AuthCredentialPushPublishUtil: PublishingEndPoint key: Optional.empty
[28/05/23 20:09:55:786 UTC] ERROR rest.IntegrityResource: Receiver at 39e28550b608:8080:> Authentication Token is invalid for ip: 172.18.0.1
[28/05/23 20:10:00:032 UTC]  WARN auth.PrincipalThreadLocal: getName null
[28/05/23 20:10:00:034 UTC]  INFO util.SecurityLogger: class com.dotcms.cms.login.LoginServiceAPIFactory$LoginServiceImpl : User dotcms.org.1 has successfully login from IP: 172.18.0.1 -- ip:172.18.0.1,user:Admin User [ID: dotcms.org.1][email:admin@dotcms.com]
[28/05/23 20:10:00:136 UTC]  WARN business.ESContentFactoryImpl: ----------------------------------------------
[28/05/23 20:10:00:137 UTC]  WARN business.ESContentFactoryImpl: Elasticsearch SEARCH error in index 'cluster_205a80cee7.live_20230528200704'
[28/05/23 20:10:00:137 UTC]  WARN business.ESContentFactoryImpl: Thread: dotCMSQuartz_Worker-10
[28/05/23 20:10:00:139 UTC]  WARN business.ESContentFactoryImpl: ES Query: {"size":10000,"timeout":"15000ms","query":{"query_string":{"query":"+live:true +deleted:false +expdate:[1969-12-31t18:00:00-0000 TO 2023-05-28t20:10:00+0000]","fields":[],"type":"best_fields","default_operator":"or","max_determinized_states":10000,"enable_position_increments":true,"fuzziness":"AUTO","fuzzy_prefix_length":0,"fuzzy_max_expansions":50,"phrase_slop":0,"escape":false,"auto_generate_synonyms_phrase_query":true,"fuzzy_transpositions":true,"boost":1.0}},"_source":{"includes":["inode","identifier"],"excludes":[]},"sort":[{"moddate":{"order":"desc"}}],"track_total_hits":10000000}
[28/05/23 20:10:00:140 UTC]  WARN business.ESContentFactoryImpl: Class org.elasticsearch.ElasticsearchStatusException: Elasticsearch exception [type=illegal_argument_exception, reason=Text fields are not optimised for operations that require per-document field data like aggregations and sorting, so these operations are disabled by default. Please use a keyword field instead. Alternatively, set fielddata=true on [moddate] in order to load field data by uninverting the inverted index. Note that this can use significant memory.]
[28/05/23 20:10:00:140 UTC]  WARN business.ESContentFactoryImpl: ----------------------------------------------
[28/05/23 20:10:00:415 UTC]  INFO business.PublisherQueueJob: ===========================================================
[28/05/23 20:10:00:416 UTC]  INFO business.PublisherQueueJob: For bundle '01H1HZNTN3E1Q0N52BBG724WN0':
[28/05/23 20:10:00:418 UTC]  INFO business.PublisherQueueJob: -> Status             : WAITING_FOR_PUBLISHING [13]
[28/05/23 20:10:00:418 UTC]  INFO business.PublisherQueueJob: ===========================================================
[28/05/23 20:10:02:148 UTC]  INFO pusher.AuthCredentialPushPublishUtil: Is JWT in Push publish avaible?: false
[28/05/23 20:10:02:148 UTC]  INFO pusher.AuthCredentialPushPublishUtil: PublishingEndPoint: null
[28/05/23 20:10:02:148 UTC]  WARN pusher.PushPublisher: Endpoint or endpoint key is null:null
[28/05/23 20:10:02:149 UTC]  INFO pusher.AuthCredentialPushPublishUtil: PublishingEndPoint key: Optional.empty
[28/05/23 20:10:02:149 UTC] ERROR rest.IntegrityResource: Receiver at 39e28550b608:8080:> Authentication Token is invalid for ip: 172.18.0.1
[28/05/23 20:10:02:224 UTC]  INFO pusher.AuthCredentialPushPublishUtil: Is JWT in Push publish avaible?: false
[28/05/23 20:10:02:224 UTC]  INFO pusher.AuthCredentialPushPublishUtil: PublishingEndPoint: null
[28/05/23 20:10:02:225 UTC]  WARN pusher.PushPublisher: Endpoint or endpoint key is null:null
[28/05/23 20:10:02:225 UTC]  INFO pusher.AuthCredentialPushPublishUtil: PublishingEndPoint key: Optional.empty
[28/05/23 20:10:02:225 UTC] ERROR rest.IntegrityResource: Receiver at 39e28550b608:8080:> Authentication Token is invalid for ip: 172.18.0.1
[28/05/23 20:10:02:274 UTC]  INFO pusher.AuthCredentialPushPublishUtil: Is JWT in Push publish avaible?: false
[28/05/23 20:10:02:275 UTC]  INFO pusher.AuthCredentialPushPublishUtil: PublishingEndPoint: null
[28/05/23 20:10:02:275 UTC]  WARN pusher.PushPublisher: Endpoint or endpoint key is null:null
[28/05/23 20:10:02:275 UTC]  INFO pusher.AuthCredentialPushPublishUtil: PublishingEndPoint key: Optional.empty
[28/05/23 20:10:02:275 UTC] ERROR rest.IntegrityResource: Receiver at 39e28550b608:8080:> Authentication Token is invalid for ip: 172.18.0.1
[28/05/23 20:10:06:196 UTC]  WARN auth.PrincipalThreadLocal: getName dotcms.org.1
[28/05/23 20:10:06:198 UTC]  INFO util.SecurityLogger: class com.dotcms.cms.login.LoginServiceAPIFactory$LoginServiceImpl : User dotcms.org.1 has successfully login from IP: 172.18.0.1 -- ip:172.18.0.1,user:Admin User [ID: dotcms.org.1][email:admin@dotcms.com]
[28/05/23 20:10:06:303 UTC] ERROR rest.BundlePublisherResource: Push Publishing failed from 172.18.0.1 bundle expected
[28/05/23 20:10:06:358 UTC]  INFO pusher.AuthCredentialPushPublishUtil: Is JWT in Push publish avaible?: false
[28/05/23 20:10:06:358 UTC]  INFO pusher.AuthCredentialPushPublishUtil: PublishingEndPoint: null
[28/05/23 20:10:06:358 UTC]  WARN pusher.PushPublisher: Endpoint or endpoint key is null:null
[28/05/23 20:10:06:358 UTC]  INFO pusher.AuthCredentialPushPublishUtil: PublishingEndPoint key: Optional.empty
[28/05/23 20:10:06:359 UTC] ERROR rest.IntegrityResource: Receiver at 39e28550b608:8080:> Authentication Token is invalid for ip: 172.18.0.1
[28/05/23 20:10:11:949 UTC]  WARN auth.PrincipalThreadLocal: getName dotcms.org.1
[28/05/23 20:10:11:950 UTC]  INFO util.SecurityLogger: class com.dotcms.cms.login.LoginServiceAPIFactory$LoginServiceImpl : User dotcms.org.1 has successfully login from IP: 172.18.0.1 -- ip:172.18.0.1,user:Admin User [ID: dotcms.org.1][email:admin@dotcms.com]
[28/05/23 20:10:15:047 UTC]  INFO util.SecurityLogger: class com.dotmarketing.cms.login.factories.LoginFactory : User admin@dotcms.com has sucessfully logged in from IP: 172.18.0.1 -- ip:172.18.0.1,user:Admin User [ID: dotcms.org.1][email:admin@dotcms.com]
[28/05/23 20:10:18:100 UTC]  INFO util.SecurityLogger: class com.dotmarketing.cms.login.factories.LoginFactory : User admin@dotcms.com has sucessfully logged in from IP: 172.18.0.1 -- ip:172.18.0.1,user:Admin User [ID: dotcms.org.1][email:admin@dotcms.com]
[28/05/23 20:10:18:426 UTC]  INFO publishing.PublisherAPIImpl: Push Publishing Filters Directory: Lazy(/data/shared/assets/server/publishing-filters)
[28/05/23 20:10:18:429 UTC]  INFO publishing.PublisherAPIImpl: Loading Push Publish Filter: Intelligent.yml
[28/05/23 20:10:18:433 UTC]  INFO publishing.PublisherAPIImpl: FilterDescriptor{key=Intelligent.yml, title=Everything and Dependencies, sort=3, default=true, roles=DOTCMS_BACK_END_USER, filters{{excludeQuery=, excludeClasses=[], dependencies=true, excludeDependencyQuery=, excludeDependencyClasses=[], forcePush=false, relationships=true}}}
[28/05/23 20:10:18:433 UTC]  INFO publishing.PublisherAPIImpl: Loading Push Publish Filter: ShallowPush.yml
[28/05/23 20:10:18:435 UTC]  INFO publishing.PublisherAPIImpl: FilterDescriptor{key=ShallowPush.yml, title=Only Selected Items, sort=5, default=false, roles=DOTCMS_BACK_END_USER, filters{{excludeQuery=, excludeClasses=[], dependencies=false, excludeDependencyQuery=, excludeDependencyClasses=[], forcePush=false, relationships=false}}}
[28/05/23 20:10:18:435 UTC]  INFO publishing.PublisherAPIImpl: Loading Push Publish Filter: NoWorkflow.yml
[28/05/23 20:10:18:444 UTC]  INFO publishing.PublisherAPIImpl: FilterDescriptor{key=NoWorkflow.yml, title=Push without Wofklows, sort=1000, default=false, roles=DOTCMS_BACK_END_USER, filters{{excludeQuery=, excludeClasses=[Host, Workflow, OSGI], dependencies=true, excludeDependencyQuery=, excludeDependencyClasses=[Host, Workflow], forcePush=false, relationships=false}}}
[28/05/23 20:10:18:448 UTC]  INFO publishing.PublisherAPIImpl: Loading Push Publish Filter: ContentOnly.yml
[28/05/23 20:10:18:450 UTC]  INFO publishing.PublisherAPIImpl: FilterDescriptor{key=ContentOnly.yml, title=Content and Relationships, sort=1, default=false, roles=DOTCMS_BACK_END_USER, filters{{excludeQuery=, excludeClasses=[ContentType, Template, Containers, Folder, Host, Links, Workflow, Language, Rule, User, OSGI], dependencies=true, excludeDependencyQuery=, excludeDependencyClasses=[ContentType, Template, Containers, Folder, Host, Links, Workflow, Language, Rule], forcePush=false, relationships=true}}}
[28/05/23 20:10:18:450 UTC]  INFO publishing.PublisherAPIImpl: Loading Push Publish Filter: WebContentOnly.yml
[28/05/23 20:10:18:452 UTC]  INFO publishing.PublisherAPIImpl: FilterDescriptor{key=WebContentOnly.yml, title=Content, Assets and Pages, sort=2, default=false, roles=DOTCMS_BACK_END_USER, filters{{excludeQuery=, excludeClasses=[Host, Workflow, ContentType, User, OSGI, Language], dependencies=true, excludeDependencyQuery=, excludeDependencyClasses=[Host, Workflow, ContentType, Language], forcePush=false, relationships=true}}}
[28/05/23 20:10:18:453 UTC]  INFO publishing.PublisherAPIImpl: Loading Push Publish Filter: ForcePush.yml
[28/05/23 20:10:18:454 UTC]  INFO publishing.PublisherAPIImpl: FilterDescriptor{key=ForcePush.yml, title=Force Push Everything, sort=4, default=false, roles=DOTCMS_BACK_END_USER, filters{{excludeQuery=, excludeClasses=[], dependencies=true, excludeDependencyQuery=, excludeDependencyClasses=[], forcePush=true, relationships=true}}}
[28/05/23 20:10:21:518 UTC]  INFO util.SecurityLogger: class com.dotmarketing.cms.login.factories.LoginFactory : User admin@dotcms.com has sucessfully logged in from IP: 172.18.0.1 -- ip:172.18.0.1,user:Admin User [ID: dotcms.org.1][email:admin@dotcms.com]
[28/05/23 20:10:21:530 UTC]  INFO publishing.PublisherAPIImpl: Push Publishing Filters Directory: Lazy(/data/shared/assets/server/publishing-filters)
[28/05/23 20:10:21:530 UTC]  INFO publishing.PublisherAPIImpl: Loading Push Publish Filter: Intelligent.yml
[28/05/23 20:10:21:532 UTC]  INFO publishing.PublisherAPIImpl: FilterDescriptor{key=Intelligent.yml, title=Everything and Dependencies, sort=3, default=true, roles=DOTCMS_BACK_END_USER, filters{{excludeQuery=, excludeClasses=[], dependencies=true, excludeDependencyQuery=, excludeDependencyClasses=[], forcePush=false, relationships=true}}}
[28/05/23 20:10:21:532 UTC]  INFO publishing.PublisherAPIImpl: Loading Push Publish Filter: TestPPFilter.yml
[28/05/23 20:10:21:534 UTC]  INFO publishing.PublisherAPIImpl: FilterDescriptor{key=TestPPFilter.yml, title=Force Push Everything, sort=20, default=false, roles=DOTCMS_BACK_END_USER, filters{{excludeQuery=, excludeClasses=[], dependencies=true, excludeDependencyQuery=, excludeDependencyClasses=[], forcePush=true, relationships=true}}}
[28/05/23 20:10:21:534 UTC]  INFO publishing.PublisherAPIImpl: Loading Push Publish Filter: ShallowPush.yml
[28/05/23 20:10:21:536 UTC]  INFO publishing.PublisherAPIImpl: FilterDescriptor{key=ShallowPush.yml, title=Only Selected Items, sort=5, default=false, roles=DOTCMS_BACK_END_USER, filters{{excludeQuery=, excludeClasses=[], dependencies=false, excludeDependencyQuery=, excludeDependencyClasses=[], forcePush=false, relationships=false}}}
[28/05/23 20:10:21:536 UTC]  INFO publishing.PublisherAPIImpl: Loading Push Publish Filter: NoWorkflow.yml
[28/05/23 20:10:21:538 UTC]  INFO publishing.PublisherAPIImpl: FilterDescriptor{key=NoWorkflow.yml, title=Push without Wofklows, sort=1000, default=false, roles=DOTCMS_BACK_END_USER, filters{{excludeQuery=, excludeClasses=[Host, Workflow, OSGI], dependencies=true, excludeDependencyQuery=, excludeDependencyClasses=[Host, Workflow], forcePush=false, relationships=false}}}
[28/05/23 20:10:21:538 UTC]  INFO publishing.PublisherAPIImpl: Loading Push Publish Filter: ContentOnly.yml
[28/05/23 20:10:21:540 UTC]  INFO publishing.PublisherAPIImpl: FilterDescriptor{key=ContentOnly.yml, title=Content and Relationships, sort=1, default=false, roles=DOTCMS_BACK_END_USER, filters{{excludeQuery=, excludeClasses=[ContentType, Template, Containers, Folder, Host, Links, Workflow, Language, Rule, User, OSGI], dependencies=true, excludeDependencyQuery=, excludeDependencyClasses=[ContentType, Template, Containers, Folder, Host, Links, Workflow, Language, Rule], forcePush=false, relationships=true}}}
[28/05/23 20:10:21:541 UTC]  INFO publishing.PublisherAPIImpl: Loading Push Publish Filter: WebContentOnly.yml
[28/05/23 20:10:21:542 UTC]  INFO publishing.PublisherAPIImpl: FilterDescriptor{key=WebContentOnly.yml, title=Content, Assets and Pages, sort=2, default=false, roles=DOTCMS_BACK_END_USER, filters{{excludeQuery=, excludeClasses=[Host, Workflow, ContentType, User, OSGI, Language], dependencies=true, excludeDependencyQuery=, excludeDependencyClasses=[Host, Workflow, ContentType, Language], forcePush=false, relationships=true}}}
[28/05/23 20:10:21:542 UTC]  INFO publishing.PublisherAPIImpl: Loading Push Publish Filter: ForcePush.yml
[28/05/23 20:10:21:544 UTC]  INFO publishing.PublisherAPIImpl: FilterDescriptor{key=ForcePush.yml, title=Force Push Everything, sort=4, default=false, roles=DOTCMS_BACK_END_USER, filters{{excludeQuery=, excludeClasses=[], dependencies=true, excludeDependencyQuery=, excludeDependencyClasses=[], forcePush=true, relationships=true}}}
[28/05/23 20:10:24:591 UTC]  INFO util.SecurityLogger: class com.dotmarketing.cms.login.factories.LoginFactory : User admin@dotcms.com has sucessfully logged in from IP: 172.18.0.1 -- ip:172.18.0.1,user:Admin User [ID: dotcms.org.1][email:admin@dotcms.com]
[28/05/23 20:10:24:597 UTC]  INFO publishing.PublisherAPIImpl: Push Publishing Filters Directory: Lazy(/data/shared/assets/server/publishing-filters)
[28/05/23 20:10:24:597 UTC]  INFO publishing.PublisherAPIImpl: Loading Push Publish Filter: Intelligent.yml
[28/05/23 20:10:24:598 UTC]  INFO publishing.PublisherAPIImpl: FilterDescriptor{key=Intelligent.yml, title=Everything and Dependencies, sort=3, default=true, roles=DOTCMS_BACK_END_USER, filters{{excludeQuery=, excludeClasses=[], dependencies=true, excludeDependencyQuery=, excludeDependencyClasses=[], forcePush=false, relationships=true}}}
[28/05/23 20:10:24:598 UTC]  INFO publishing.PublisherAPIImpl: Loading Push Publish Filter: TestPPFilter.yml
[28/05/23 20:10:24:599 UTC]  INFO publishing.PublisherAPIImpl: FilterDescriptor{key=TestPPFilter.yml, title=Force Push Everything, sort=20, default=false, roles=DOTCMS_BACK_END_USER, filters{{excludeQuery=, excludeClasses=[], dependencies=true, excludeDependencyQuery=, excludeDependencyClasses=[], forcePush=true, relationships=true}}}
[28/05/23 20:10:24:599 UTC]  INFO publishing.PublisherAPIImpl: Loading Push Publish Filter: ShallowPush.yml
[28/05/23 20:10:24:599 UTC]  INFO publishing.PublisherAPIImpl: FilterDescriptor{key=ShallowPush.yml, title=Only Selected Items, sort=5, default=false, roles=DOTCMS_BACK_END_USER, filters{{excludeQuery=, excludeClasses=[], dependencies=false, excludeDependencyQuery=, excludeDependencyClasses=[], forcePush=false, relationships=false}}}
[28/05/23 20:10:24:600 UTC]  INFO publishing.PublisherAPIImpl: Loading Push Publish Filter: NoWorkflow.yml
[28/05/23 20:10:24:600 UTC]  INFO publishing.PublisherAPIImpl: FilterDescriptor{key=NoWorkflow.yml, title=Push without Wofklows Updated., sort=0, default=false, roles=DOTCMS_BACK_END_USER, filters{{excludeQuery=, excludeClasses=[Host, Workflow, OSGI], dependencies=true, excludeDependencyQuery=, excludeDependencyClasses=[Host, Workflow], forcePush=false, relationships=false}}}
[28/05/23 20:10:24:600 UTC]  INFO publishing.PublisherAPIImpl: Loading Push Publish Filter: ContentOnly.yml
[28/05/23 20:10:24:601 UTC]  INFO publishing.PublisherAPIImpl: FilterDescriptor{key=ContentOnly.yml, title=Content and Relationships, sort=1, default=false, roles=DOTCMS_BACK_END_USER, filters{{excludeQuery=, excludeClasses=[ContentType, Template, Containers, Folder, Host, Links, Workflow, Language, Rule, User, OSGI], dependencies=true, excludeDependencyQuery=, excludeDependencyClasses=[ContentType, Template, Containers, Folder, Host, Links, Workflow, Language, Rule], forcePush=false, relationships=true}}}
[28/05/23 20:10:24:601 UTC]  INFO publishing.PublisherAPIImpl: Loading Push Publish Filter: WebContentOnly.yml
[28/05/23 20:10:24:602 UTC]  INFO publishing.PublisherAPIImpl: FilterDescriptor{key=WebContentOnly.yml, title=Content, Assets and Pages, sort=2, default=false, roles=DOTCMS_BACK_END_USER, filters{{excludeQuery=, excludeClasses=[Host, Workflow, ContentType, User, OSGI, Language], dependencies=true, excludeDependencyQuery=, excludeDependencyClasses=[Host, Workflow, ContentType, Language], forcePush=false, relationships=true}}}
[28/05/23 20:10:24:602 UTC]  INFO publishing.PublisherAPIImpl: Loading Push Publish Filter: ForcePush.yml
[28/05/23 20:10:24:603 UTC]  INFO publishing.PublisherAPIImpl: FilterDescriptor{key=ForcePush.yml, title=Force Push Everything, sort=4, default=false, roles=DOTCMS_BACK_END_USER, filters{{excludeQuery=, excludeClasses=[], dependencies=true, excludeDependencyQuery=, excludeDependencyClasses=[], forcePush=true, relationships=true}}}
[28/05/23 20:10:27:659 UTC]  INFO util.SecurityLogger: class com.dotmarketing.cms.login.factories.LoginFactory : User admin@dotcms.com has sucessfully logged in from IP: 172.18.0.1 -- ip:172.18.0.1,user:Admin User [ID: dotcms.org.1][email:admin@dotcms.com]
[28/05/23 20:10:27:668 UTC]  INFO publishing.PublisherAPIImpl: Push Publishing Filters Directory: Lazy(/data/shared/assets/server/publishing-filters)
[28/05/23 20:10:27:668 UTC]  INFO publishing.PublisherAPIImpl: Loading Push Publish Filter: Intelligent.yml
[28/05/23 20:10:27:670 UTC]  INFO publishing.PublisherAPIImpl: FilterDescriptor{key=Intelligent.yml, title=Everything and Dependencies, sort=3, default=true, roles=DOTCMS_BACK_END_USER, filters{{excludeQuery=, excludeClasses=[], dependencies=true, excludeDependencyQuery=, excludeDependencyClasses=[], forcePush=false, relationships=true}}}
[28/05/23 20:10:27:670 UTC]  INFO publishing.PublisherAPIImpl: Loading Push Publish Filter: TestPPFilter.yml
[28/05/23 20:10:27:673 UTC]  INFO publishing.PublisherAPIImpl: FilterDescriptor{key=TestPPFilter.yml, title=Force Push Everything, sort=20, default=false, roles=DOTCMS_BACK_END_USER, filters{{excludeQuery=, excludeClasses=[], dependencies=true, excludeDependencyQuery=, excludeDependencyClasses=[], forcePush=true, relationships=true}}}
[28/05/23 20:10:27:673 UTC]  INFO publishing.PublisherAPIImpl: Loading Push Publish Filter: ShallowPush.yml
[28/05/23 20:10:27:674 UTC]  INFO publishing.PublisherAPIImpl: FilterDescriptor{key=ShallowPush.yml, title=Only Selected Items, sort=5, default=false, roles=DOTCMS_BACK_END_USER, filters{{excludeQuery=, excludeClasses=[], dependencies=false, excludeDependencyQuery=, excludeDependencyClasses=[], forcePush=false, relationships=false}}}
[28/05/23 20:10:27:675 UTC]  INFO publishing.PublisherAPIImpl: Loading Push Publish Filter: NoWorkflow.yml
[28/05/23 20:10:27:675 UTC]  INFO publishing.PublisherAPIImpl: FilterDescriptor{key=NoWorkflow.yml, title=Push without Wofklows Updated., sort=0, default=false, roles=DOTCMS_BACK_END_USER, filters{{excludeQuery=, excludeClasses=[Host, Workflow, OSGI], dependencies=true, excludeDependencyQuery=, excludeDependencyClasses=[Host, Workflow], forcePush=false, relationships=false}}}
[28/05/23 20:10:27:676 UTC]  INFO publishing.PublisherAPIImpl: Loading Push Publish Filter: ContentOnly.yml
[28/05/23 20:10:27:676 UTC]  INFO publishing.PublisherAPIImpl: FilterDescriptor{key=ContentOnly.yml, title=Content and Relationships, sort=1, default=false, roles=DOTCMS_BACK_END_USER, filters{{excludeQuery=, excludeClasses=[ContentType, Template, Containers, Folder, Host, Links, Workflow, Language, Rule, User, OSGI], dependencies=true, excludeDependencyQuery=, excludeDependencyClasses=[ContentType, Template, Containers, Folder, Host, Links, Workflow, Language, Rule], forcePush=false, relationships=true}}}
[28/05/23 20:10:27:677 UTC]  INFO publishing.PublisherAPIImpl: Loading Push Publish Filter: WebContentOnly.yml
[28/05/23 20:10:27:678 UTC]  INFO publishing.PublisherAPIImpl: FilterDescriptor{key=WebContentOnly.yml, title=Content, Assets and Pages, sort=2, default=false, roles=DOTCMS_BACK_END_USER, filters{{excludeQuery=, excludeClasses=[Host, Workflow, ContentType, User, OSGI, Language], dependencies=true, excludeDependencyQuery=, excludeDependencyClasses=[Host, Workflow, ContentType, Language], forcePush=false, relationships=true}}}
[28/05/23 20:10:27:678 UTC]  INFO publishing.PublisherAPIImpl: Loading Push Publish Filter: ForcePush.yml
[28/05/23 20:10:27:679 UTC]  INFO publishing.PublisherAPIImpl: FilterDescriptor{key=ForcePush.yml, title=Force Push Everything, sort=4, default=false, roles=DOTCMS_BACK_END_USER, filters{{excludeQuery=, excludeClasses=[], dependencies=true, excludeDependencyQuery=, excludeDependencyClasses=[], forcePush=true, relationships=true}}}
[28/05/23 20:10:30:731 UTC]  INFO util.SecurityLogger: class com.dotmarketing.cms.login.factories.LoginFactory : User admin@dotcms.com has sucessfully logged in from IP: 172.18.0.1 -- ip:172.18.0.1,user:Admin User [ID: dotcms.org.1][email:admin@dotcms.com]
[28/05/23 20:10:33:786 UTC]  INFO util.SecurityLogger: class com.dotmarketing.cms.login.factories.LoginFactory : User admin@dotcms.com has sucessfully logged in from IP: 172.18.0.1 -- ip:172.18.0.1,user:Admin User [ID: dotcms.org.1][email:admin@dotcms.com]
[28/05/23 20:10:33:801 UTC]  INFO publishing.PublisherAPIImpl: Push Publishing Filters Directory: Lazy(/data/shared/assets/server/publishing-filters)
[28/05/23 20:10:33:802 UTC]  INFO publishing.PublisherAPIImpl: Loading Push Publish Filter: Intelligent.yml
[28/05/23 20:10:33:806 UTC]  INFO publishing.PublisherAPIImpl: FilterDescriptor{key=Intelligent.yml, title=Everything and Dependencies, sort=3, default=true, roles=DOTCMS_BACK_END_USER, filters{{excludeQuery=, excludeClasses=[], dependencies=true, excludeDependencyQuery=, excludeDependencyClasses=[], forcePush=false, relationships=true}}}
[28/05/23 20:10:33:806 UTC]  INFO publishing.PublisherAPIImpl: Loading Push Publish Filter: TestPPFilter.yml
[28/05/23 20:10:33:806 UTC]  INFO publishing.PublisherAPIImpl: FilterDescriptor{key=TestPPFilter.yml, title=Force Push Everything, sort=20, default=false, roles=DOTCMS_BACK_END_USER, filters{{excludeQuery=, excludeClasses=[], dependencies=true, excludeDependencyQuery=, excludeDependencyClasses=[], forcePush=true, relationships=true}}}
[28/05/23 20:10:33:807 UTC]  INFO publishing.PublisherAPIImpl: Loading Push Publish Filter: ShallowPush.yml
[28/05/23 20:10:33:807 UTC]  INFO publishing.PublisherAPIImpl: FilterDescriptor{key=ShallowPush.yml, title=Only Selected Items, sort=5, default=false, roles=DOTCMS_BACK_END_USER, filters{{excludeQuery=, excludeClasses=[], dependencies=false, excludeDependencyQuery=, excludeDependencyClasses=[], forcePush=false, relationships=false}}}
[28/05/23 20:10:33:807 UTC]  INFO publishing.PublisherAPIImpl: Loading Push Publish Filter: ContentOnly.yml
[28/05/23 20:10:33:810 UTC]  INFO publishing.PublisherAPIImpl: FilterDescriptor{key=ContentOnly.yml, title=Content and Relationships, sort=1, default=false, roles=DOTCMS_BACK_END_USER, filters{{excludeQuery=, excludeClasses=[ContentType, Template, Containers, Folder, Host, Links, Workflow, Language, Rule, User, OSGI], dependencies=true, excludeDependencyQuery=, excludeDependencyClasses=[ContentType, Template, Containers, Folder, Host, Links, Workflow, Language, Rule], forcePush=false, relationships=true}}}
[28/05/23 20:10:33:810 UTC]  INFO publishing.PublisherAPIImpl: Loading Push Publish Filter: WebContentOnly.yml
[28/05/23 20:10:33:811 UTC]  INFO publishing.PublisherAPIImpl: FilterDescriptor{key=WebContentOnly.yml, title=Content, Assets and Pages, sort=2, default=false, roles=DOTCMS_BACK_END_USER, filters{{excludeQuery=, excludeClasses=[Host, Workflow, ContentType, User, OSGI, Language], dependencies=true, excludeDependencyQuery=, excludeDependencyClasses=[Host, Workflow, ContentType, Language], forcePush=false, relationships=true}}}
[28/05/23 20:10:33:811 UTC]  INFO publishing.PublisherAPIImpl: Loading Push Publish Filter: ForcePush.yml
[28/05/23 20:10:33:811 UTC]  INFO publishing.PublisherAPIImpl: FilterDescriptor{key=ForcePush.yml, title=Force Push Everything, sort=4, default=false, roles=DOTCMS_BACK_END_USER, filters{{excludeQuery=, excludeClasses=[], dependencies=true, excludeDependencyQuery=, excludeDependencyClasses=[], forcePush=true, relationships=true}}}
[28/05/23 20:10:36:864 UTC]  INFO util.SecurityLogger: class com.dotmarketing.cms.login.factories.LoginFactory : User admin@dotcms.com has sucessfully logged in from IP: 172.18.0.1 -- ip:172.18.0.1,user:Admin User [ID: dotcms.org.1][email:admin@dotcms.com]
[28/05/23 20:10:36:878 UTC]  INFO publishing.PublisherAPIImpl: Push Publishing Filters Directory: Lazy(/data/shared/assets/server/publishing-filters)
[28/05/23 20:10:36:878 UTC]  INFO publishing.PublisherAPIImpl: Loading Push Publish Filter: Intelligent.yml
[28/05/23 20:10:36:879 UTC]  INFO publishing.PublisherAPIImpl: FilterDescriptor{key=Intelligent.yml, title=Everything and Dependencies, sort=3, default=true, roles=DOTCMS_BACK_END_USER, filters{{excludeQuery=, excludeClasses=[], dependencies=true, excludeDependencyQuery=, excludeDependencyClasses=[], forcePush=false, relationships=true}}}
[28/05/23 20:10:36:879 UTC]  INFO publishing.PublisherAPIImpl: Loading Push Publish Filter: ShallowPush.yml
[28/05/23 20:10:36:879 UTC]  INFO publishing.PublisherAPIImpl: FilterDescriptor{key=ShallowPush.yml, title=Only Selected Items, sort=5, default=false, roles=DOTCMS_BACK_END_USER, filters{{excludeQuery=, excludeClasses=[], dependencies=false, excludeDependencyQuery=, excludeDependencyClasses=[], forcePush=false, relationships=false}}}
[28/05/23 20:10:36:879 UTC]  INFO publishing.PublisherAPIImpl: Loading Push Publish Filter: ContentOnly.yml
[28/05/23 20:10:36:880 UTC]  INFO publishing.PublisherAPIImpl: FilterDescriptor{key=ContentOnly.yml, title=Content and Relationships, sort=1, default=false, roles=DOTCMS_BACK_END_USER, filters{{excludeQuery=, excludeClasses=[ContentType, Template, Containers, Folder, Host, Links, Workflow, Language, Rule, User, OSGI], dependencies=true, excludeDependencyQuery=, excludeDependencyClasses=[ContentType, Template, Containers, Folder, Host, Links, Workflow, Language, Rule], forcePush=false, relationships=true}}}
[28/05/23 20:10:36:880 UTC]  INFO publishing.PublisherAPIImpl: Loading Push Publish Filter: WebContentOnly.yml
[28/05/23 20:10:36:880 UTC]  INFO publishing.PublisherAPIImpl: FilterDescriptor{key=WebContentOnly.yml, title=Content, Assets and Pages, sort=2, default=false, roles=DOTCMS_BACK_END_USER, filters{{excludeQuery=, excludeClasses=[Host, Workflow, ContentType, User, OSGI, Language], dependencies=true, excludeDependencyQuery=, excludeDependencyClasses=[Host, Workflow, ContentType, Language], forcePush=false, relationships=true}}}
[28/05/23 20:10:36:881 UTC]  INFO publishing.PublisherAPIImpl: Loading Push Publish Filter: ForcePush.yml
[28/05/23 20:10:36:881 UTC]  INFO publishing.PublisherAPIImpl: FilterDescriptor{key=ForcePush.yml, title=Force Push Everything, sort=4, default=false, roles=DOTCMS_BACK_END_USER, filters{{excludeQuery=, excludeClasses=[], dependencies=true, excludeDependencyQuery=, excludeDependencyClasses=[], forcePush=true, relationships=true}}}
