[09/06/23 15:47:31:466 UTC]  INFO loggers.Log4jUtil: Async Logger enabled: true
[09/06/23 15:47:31:472 UTC]  INFO listeners.ContextLifecycleListener: Installing the web socket
[09/06/23 15:47:32:459 UTC]  INFO business.CacheLocator: loading cache administrator: ChainableCacheAdministratorImpl
[09/06/23 15:47:32:955 UTC]  INFO db.DataSourceStrategyProvider: Datasource loaded using custom class com.dotmarketing.db.SystemEnvDataSourceStrategy
[09/06/23 15:47:32:970 UTC]  INFO cfg.Environment: Hibernate 2.1.8
[09/06/23 15:47:32:973 UTC]  INFO cfg.Environment: hibernate.properties not found
[09/06/23 15:47:32:975 UTC]  INFO cfg.Environment: using CGLIB reflection optimizer
[09/06/23 15:47:32:977 UTC]  INFO cfg.Environment: using JDK 1.4 java.sql.Timestamp handling
[09/06/23 15:47:32:980 UTC]  INFO cfg.Configuration: configuring from resource: /hibernate.cfg.xml
[09/06/23 15:47:32:981 UTC]  INFO cfg.Configuration: Configuration resource: /hibernate.cfg.xml
[09/06/23 15:47:33:048 UTC]  INFO cfg.Configuration: Configured SessionFactory: null
[09/06/23 15:47:33:049 UTC]  INFO cfg.Configuration: Mapping resource: META-INF/portal-hbm.xml
[09/06/23 15:47:33:133 UTC]  INFO cfg.Binder: Mapping class: com.liferay.portal.ejb.AddressHBM -> Address
[09/06/23 15:47:33:248 UTC]  INFO cfg.Binder: Mapping class: com.liferay.portal.ejb.CompanyHBM -> Company
[09/06/23 15:47:33:257 UTC]  INFO cfg.Binder: Mapping class: com.liferay.portal.ejb.ImageHBM -> Image
[09/06/23 15:47:33:259 UTC]  INFO cfg.Binder: Mapping class: com.liferay.portal.ejb.PasswordTrackerHBM -> PasswordTracker
[09/06/23 15:47:33:261 UTC]  INFO cfg.Binder: Mapping class: com.liferay.portal.ejb.UserHBM -> User_
[09/06/23 15:47:33:271 UTC]  INFO cfg.Binder: Mapping class: com.liferay.portal.ejb.UserTrackerHBM -> UserTracker
[09/06/23 15:47:33:274 UTC]  INFO cfg.Binder: Mapping class: com.liferay.portal.ejb.UserTrackerPathHBM -> UserTrackerPath
[09/06/23 15:47:33:276 UTC]  INFO cfg.Binder: Mapping class: com.liferay.portlet.admin.ejb.AdminConfigHBM -> AdminConfig
[09/06/23 15:47:33:277 UTC]  INFO cfg.Configuration: Mapping resource: com/dotmarketing/beans/DotCMSSeq.hbm.xml
[09/06/23 15:47:33:344 UTC]  INFO cfg.Binder: Mapping class: com.dotmarketing.beans.Inode -> inode
[09/06/23 15:47:33:382 UTC]  INFO cfg.Binder: Mapping joined-subclass: com.dotmarketing.portlets.containers.model.Container -> dot_containers
[09/06/23 15:47:33:387 UTC]  INFO cfg.Binder: Mapping joined-subclass: com.dotmarketing.portlets.links.model.Link -> links
[09/06/23 15:47:33:391 UTC]  INFO cfg.Binder: Mapping joined-subclass: com.dotmarketing.portlets.structure.model.Field -> field
[09/06/23 15:47:33:395 UTC]  INFO cfg.Binder: Mapping class: com.dotmarketing.portlets.workflows.model.WorkflowTask -> workflow_task
[09/06/23 15:47:33:400 UTC]  INFO cfg.Binder: Mapping class: com.dotmarketing.portlets.workflows.model.WorkflowComment -> workflow_comment
[09/06/23 15:47:33:401 UTC]  INFO cfg.Binder: Mapping class: com.dotmarketing.portlets.workflows.model.WorkflowHistory -> workflow_history
[09/06/23 15:47:33:402 UTC]  INFO cfg.Binder: Mapping class: com.dotmarketing.portlets.workflows.model.WorkFlowTaskFiles -> workflowtask_files
[09/06/23 15:47:33:404 UTC]  INFO cfg.Binder: Mapping class: com.dotmarketing.beans.Permission -> permission
[09/06/23 15:47:33:405 UTC]  INFO cfg.Binder: Mapping class: com.dotmarketing.beans.PermissionReference -> permission_reference
[09/06/23 15:47:33:407 UTC]  INFO cfg.Binder: Mapping class: com.dotmarketing.beans.Tree -> tree
[09/06/23 15:47:33:531 UTC]  INFO cfg.Binder: Mapping class: com.dotmarketing.beans.MultiTree -> multi_tree
[09/06/23 15:47:33:554 UTC]  INFO util.ReflectHelper: reflection optimizer disabled for: com.dotmarketing.beans.MultiTree, BulkBeanException: Index 1 out of bounds for length 0 (property setParent1)
[09/06/23 15:47:33:555 UTC]  INFO cfg.Binder: Mapping class: com.dotmarketing.beans.Clickstream -> clickstream
[09/06/23 15:47:33:569 UTC]  INFO cfg.Binder: Mapping class: com.dotmarketing.beans.ClickstreamRequest -> clickstream_request
[09/06/23 15:47:33:570 UTC]  INFO cfg.Binder: Mapping class: com.dotmarketing.beans.Clickstream404 -> clickstream_404
[09/06/23 15:47:33:572 UTC]  INFO cfg.Binder: Mapping class: com.dotmarketing.tag.model.Tag -> tag
[09/06/23 15:47:33:577 UTC]  INFO cfg.Binder: Mapping class: com.dotmarketing.tag.model.TagInode -> tag_inode
[09/06/23 15:47:33:614 UTC]  INFO cfg.Binder: Mapping class: com.dotmarketing.beans.ChallengeQuestion -> challenge_question
[09/06/23 15:47:33:615 UTC]  INFO cfg.Binder: Mapping class: com.dotmarketing.beans.UsersToDelete -> users_to_delete
[09/06/23 15:47:33:616 UTC]  INFO cfg.Binder: Mapping class: com.dotmarketing.plugin.model.Plugin -> plugin
[09/06/23 15:47:33:624 UTC]  INFO cfg.Binder: Mapping class: com.dotmarketing.business.Role -> cms_role
[09/06/23 15:47:33:625 UTC]  INFO cfg.Binder: Mapping class: com.dotmarketing.business.UsersRoles -> users_cms_roles
[09/06/23 15:47:33:627 UTC]  INFO cfg.Binder: Mapping class: com.dotmarketing.business.LayoutsRoles -> layouts_cms_roles
[09/06/23 15:47:33:627 UTC]  INFO cfg.Binder: Mapping class: com.dotmarketing.business.Layout -> cms_layout
[09/06/23 15:47:33:629 UTC]  INFO cfg.Binder: Mapping class: com.dotmarketing.business.PortletsLayouts -> cms_layouts_portlets
[09/06/23 15:47:33:631 UTC]  INFO cfg.Binder: Mapping class: com.dotmarketing.portlets.hostvariable.model.HostVariable -> host_variable
[09/06/23 15:47:33:632 UTC]  INFO cfg.Binder: Mapping class: com.dotmarketing.beans.FixAudit -> fixes_audit
[09/06/23 15:47:33:633 UTC]  INFO cfg.Binder: Mapping class: com.dotmarketing.beans.ContainerStructure -> container_structures
[09/06/23 15:47:33:636 UTC]  INFO cfg.Binder: Mapping class: com.dotmarketing.portlets.templates.model.TemplateVersionInfo -> template_version_info
[09/06/23 15:47:33:638 UTC]  INFO cfg.Binder: Mapping class: com.dotmarketing.portlets.containers.model.ContainerVersionInfo -> container_version_info
[09/06/23 15:47:33:639 UTC]  INFO cfg.Binder: Mapping class: com.dotmarketing.portlets.links.model.LinkVersionInfo -> link_version_info
[09/06/23 15:47:33:639 UTC]  INFO cfg.Configuration: Mapping resource: com/dotmarketing/beans/DotCMSSeq_NOSQLGEN.hbm.xml
[09/06/23 15:47:33:658 UTC]  INFO cfg.Binder: Mapping class: com.dotmarketing.plugin.model.PluginProperty -> plugin_property
[09/06/23 15:47:33:691 UTC]  INFO cfg.Configuration: processing one-to-many association mappings
[09/06/23 15:47:33:691 UTC]  INFO cfg.Binder: Mapping collection: com.dotmarketing.beans.Clickstream.clickstreamRequests -> clickstream_request
[09/06/23 15:47:33:691 UTC]  INFO cfg.Configuration: processing one-to-one association property references
[09/06/23 15:47:33:691 UTC]  INFO cfg.Configuration: processing foreign key constraints
[09/06/23 15:47:33:704 UTC]  INFO dialect.Dialect: Using dialect: com.dotcms.repackage.net.sf.hibernate.dialect.PostgreSQLDialect
[09/06/23 15:47:33:708 UTC]  INFO cfg.SettingsFactory: Use outer join fetching: true
[09/06/23 15:47:33:711 UTC]  WARN connection.UserSuppliedConnectionProvider: No connection properties specified - the user must supply JDBC connections
[09/06/23 15:47:33:717 UTC]  INFO transaction.TransactionManagerLookupFactory: No TransactionManagerLookup configured (in JTA environment, use of process level read-write cache is not recommended)
[09/06/23 15:47:33:717 UTC]  INFO cfg.SettingsFactory: Use scrollable result sets: true
[09/06/23 15:47:33:717 UTC]  INFO cfg.SettingsFactory: Use JDBC3 getGeneratedKeys(): false
[09/06/23 15:47:33:717 UTC]  INFO cfg.SettingsFactory: Optimize cache for minimal puts: false
[09/06/23 15:47:33:717 UTC]  INFO cfg.SettingsFactory: Query language substitutions: {}
[09/06/23 15:47:33:717 UTC]  INFO cfg.SettingsFactory: cache provider: com.dotmarketing.db.NoCacheProvider
[09/06/23 15:47:33:718 UTC]  INFO cfg.Configuration: instantiating and configuring caches
[09/06/23 15:47:33:731 UTC]  INFO impl.SessionFactoryImpl: building session factory
[09/06/23 15:47:33:885 UTC]  INFO util.ReflectHelper: reflection optimizer disabled for: com.dotmarketing.beans.MultiTree, BulkBeanException: Index 1 out of bounds for length 0 (property setTreeOrder)
[09/06/23 15:47:34:252 UTC]  INFO impl.SessionFactoryObjectFactory: Not binding factory to JNDI, no JNDI name configured
[09/06/23 15:47:34:449 UTC]  WARN lang.System: No Valid License Found : /data/local/dotsecure/license/license.dat
[09/06/23 15:47:34:450 UTC]  INFO enterprise.LicenseUtil: Setting up default license
[09/06/23 15:47:35:048 UTC]  INFO servlet.VisitorFilter: VisitorLogger Filter Started
[09/06/23 15:47:35:422 UTC]  INFO util.SystemProperties: Loading file:/srv/dotserver/tomcat-9.0.60/webapps/ROOT/WEB-INF/classes/system.properties
[09/06/23 15:47:35:424 UTC]  INFO util.SystemProperties: Loading file:/srv/dotserver/tomcat-9.0.60/webapps/ROOT/WEB-INF/classes/system-ext.properties
[09/06/23 15:47:35:434 UTC]  INFO util.SystemProperties: Loading file:/srv/dotserver/tomcat-9.0.60/webapps/ROOT/WEB-INF/classes/system.properties
[09/06/23 15:47:35:435 UTC]  INFO util.SystemProperties: Loading file:/srv/dotserver/tomcat-9.0.60/webapps/ROOT/WEB-INF/classes/system-ext.properties
[09/06/23 15:47:36:085 UTC]  INFO util.PropsLoader: Loading file:/srv/dotserver/tomcat-9.0.60/webapps/ROOT/WEB-INF/classes/portal.properties
[09/06/23 15:47:36:087 UTC]  INFO util.PropsLoader: Loading file:/srv/dotserver/tomcat-9.0.60/webapps/ROOT/WEB-INF/classes/portal-ext.properties
[09/06/23 15:47:36:900 UTC]  WARN impl.SessionImpl: finalizing unclosed session with closed connection
[09/06/23 15:47:39:376 UTC]  INFO tiles.TilesPlugin: Tiles definition factory loaded for module ''.
[09/06/23 15:47:39:385 UTC]  INFO validator.ValidatorPlugIn: Loading validation rules file from '/WEB-INF/validator-rules.xml'
[09/06/23 15:47:39:386 UTC]  INFO validator.ValidatorPlugIn: Loading validation rules file from '/WEB-INF/validation.xml'
[09/06/23 15:47:39:629 UTC]  INFO util.RestHighLevelClientProvider: disabling String.intern() in Jackson
[09/06/23 15:47:39:631 UTC]  WARN util.DotRestHighLevelClientProvider: Elastic RestHighLevelClient will be initialized without certificates
[09/06/23 15:47:39:636 UTC]  INFO util.DotRestHighLevelClientProvider: Initializing Elastic RestHighLevelClient using Basic authentication
[09/06/23 15:47:39:654 UTC]  INFO util.DotRestHighLevelClientProvider: Initializing Elastic RestHighLevelClient using endpoints [
[09/06/23 15:47:39:658 UTC]  INFO util.DotRestHighLevelClientProvider:   - http://elasticsearch:9200
[09/06/23 15:47:39:659 UTC]  INFO util.DotRestHighLevelClientProvider: ]
[09/06/23 15:47:39:659 UTC]  WARN util.DotRestHighLevelClientProvider: Initializing Elastic RestHighLevelClient using an unsecured http connection
[09/06/23 15:47:40:160 UTC]  INFO util.DotRestHighLevelClientProvider: RestHighLevelClientProvider com.dotcms.content.elasticsearch.util.DotRestHighLevelClientProvider loaded successfully
[09/06/23 15:47:40:486 UTC]  INFO startup.StartupTasksExecutor: Running Startup Tasks
[09/06/23 15:47:40:580 UTC]  INFO runalways.Task00001LoadSchema: -------------------------------------------------------------------------------------
[09/06/23 15:47:40:581 UTC]  INFO runalways.Task00001LoadSchema: 
[09/06/23 15:47:40:582 UTC]  INFO runalways.Task00001LoadSchema: Empty dotCMS database found.  Loading initial dotCMS schema for PostgreSQL
[09/06/23 15:47:40:583 UTC]  INFO runalways.Task00001LoadSchema: 
[09/06/23 15:47:40:583 UTC]  INFO runalways.Task00001LoadSchema: -------------------------------------------------------------------------------------
[09/06/23 15:47:40:585 UTC]  INFO startup.StartupTasksExecutor: Running Startup Tasks : Task00001LoadSchema
[09/06/23 15:47:40:586 UTC]  INFO runalways.Task00001LoadSchema: Loading schema
[09/06/23 15:47:40:996 UTC]  INFO runalways.Task00001LoadSchema: Schema created (507 statements executed)
[09/06/23 15:47:41:004 UTC]  INFO timedcache.TimedCacheProvider: ===== Initializing [Timed Cache Provider].
[09/06/23 15:47:41:005 UTC]  INFO timedcache.TimedCacheProvider: ***	 Cache Config Memory : esquerycache: 10000
[09/06/23 15:47:41:006 UTC]  INFO timedcache.TimedCacheProvider: ***	 Cache Config Memory : esquerycountcache: 10000
[09/06/23 15:47:41:006 UTC]  INFO timedcache.TimedCacheProvider: ***	 Cache Config Memory : graphqlquerycache: 5000
[09/06/23 15:47:41:007 UTC]  INFO timedcache.TimedCacheProvider: ***	 Cache Config Memory : default: 1000
[09/06/23 15:47:41:007 UTC]  INFO timedcache.TimedCacheProvider: ***	 Cache Config Memory : adminconfigpool: 100
[09/06/23 15:47:41:008 UTC]  INFO timedcache.TimedCacheProvider: ***	 Cache Config Memory : companypool: 10
[09/06/23 15:47:41:008 UTC]  INFO timedcache.TimedCacheProvider: ***	 Cache Config Memory : contentletcache: 5000
[09/06/23 15:47:41:009 UTC]  INFO timedcache.TimedCacheProvider: ***	 Cache Config Memory : categoryparentscache: 30000
[09/06/23 15:47:41:009 UTC]  INFO timedcache.TimedCacheProvider: ***	 Cache Config Memory : taginodecache: 50000
[09/06/23 15:47:41:010 UTC]  INFO timedcache.TimedCacheProvider: ***	 Cache Config Memory : taginodesbyinodecache: 50000
[09/06/23 15:47:41:010 UTC]  INFO timedcache.TimedCacheProvider: ***	 Cache Config Memory : tagcache: 50000
[09/06/23 15:47:41:011 UTC]  INFO timedcache.TimedCacheProvider: ***	 Cache Config Memory : csscache: 2500
[09/06/23 15:47:41:011 UTC]  INFO timedcache.TimedCacheProvider: ***	 Cache Config Memory : assetmetadatacache: 10000
[09/06/23 15:47:41:012 UTC]  INFO timedcache.TimedCacheProvider: ***	 Cache Config Memory : identifiercache: 50000
[09/06/23 15:47:41:012 UTC]  INFO timedcache.TimedCacheProvider: ***	 Cache Config Memory : identifier404cache: 30000
[09/06/23 15:47:41:012 UTC]  INFO timedcache.TimedCacheProvider: ***	 Cache Config Memory : indiciescache: 8
[09/06/23 15:47:41:013 UTC]  INFO timedcache.TimedCacheProvider: ***	 Cache Config Memory : logmappercache: 10
[09/06/23 15:47:41:013 UTC]  INFO timedcache.TimedCacheProvider: ***	 Cache Config Memory : navcache: 1000
[09/06/23 15:47:41:014 UTC]  INFO timedcache.TimedCacheProvider: ***	 Cache Config Memory : parentpermissionablecache: 10000
[09/06/23 15:47:41:014 UTC]  INFO timedcache.TimedCacheProvider: ***	 Cache Config Memory : permissioncache: 50000
[09/06/23 15:47:41:015 UTC]  INFO timedcache.TimedCacheProvider: ***	 Cache Config Memory : portletpool: 100
[09/06/23 15:47:41:015 UTC]  INFO timedcache.TimedCacheProvider: ***	 Cache Config Memory : publishingendpointcache: 100
[09/06/23 15:47:41:016 UTC]  INFO timedcache.TimedCacheProvider: ***	 Cache Config Memory : pushedassetscache: 5000
[09/06/23 15:47:41:016 UTC]  INFO timedcache.TimedCacheProvider: ***	 Cache Config Memory : templatecache: 500
[09/06/23 15:47:41:017 UTC]  INFO timedcache.TimedCacheProvider: ***	 Cache Config Memory : translatedquerycache: 5000
[09/06/23 15:47:41:017 UTC]  INFO timedcache.TimedCacheProvider: ***	 Cache Config Memory : versioncache: 50000
[09/06/23 15:47:41:018 UTC]  INFO timedcache.TimedCacheProvider: ***	 Cache Config Memory : versioninfocache: 50000
[09/06/23 15:47:41:018 UTC]  INFO timedcache.TimedCacheProvider: ***	 Cache Config Memory : workflowactioncache: 10000
[09/06/23 15:47:41:019 UTC]  INFO timedcache.TimedCacheProvider: ***	 Cache Config Memory : workflowtaskcache: 10000
[09/06/23 15:47:41:019 UTC]  INFO timedcache.TimedCacheProvider: ***	 Cache Config Memory : shortyidcache: 25000
[09/06/23 15:47:41:020 UTC]  INFO timedcache.TimedCacheProvider: ***	 Cache Config Memory : velocitycache: 5000
[09/06/23 15:47:41:020 UTC]  INFO timedcache.TimedCacheProvider: ***	 Cache Config Memory : vanityurldirectcache: 25000
[09/06/23 15:47:41:021 UTC]  INFO timedcache.TimedCacheProvider: ***	 Cache Config Memory : vanityurlsitecache: 5000
[09/06/23 15:47:41:021 UTC]  INFO h22.H22Cache: Start Full Cache Flush in h22
[09/06/23 15:47:41:022 UTC]  INFO h22.H22Cache: Building new H22 Cache, db:0
[09/06/23 15:47:41:032 UTC]  INFO h22.H22HikariPool: H22 on disk cache:jdbc:h2:/data/local/dotsecure/h22cache/0/2023-06-09_15-47-41/cache;MVCC=TRUE;DB_CLOSE_ON_EXIT=FALSE
[09/06/23 15:47:41:217 UTC]  INFO h22.H22Cache: Building new H22 Cache, db:1
[09/06/23 15:47:41:218 UTC]  INFO h22.H22HikariPool: H22 on disk cache:jdbc:h2:/data/local/dotsecure/h22cache/1/2023-06-09_15-47-41/cache;MVCC=TRUE;DB_CLOSE_ON_EXIT=FALSE
[09/06/23 15:47:41:270 UTC]  INFO h22.H22Cache: End Full Cache Flush in h22 : 247ms
[09/06/23 15:47:44:295 UTC]  INFO timedcache.TimedCacheProvider: ===== Initializing [Timed Cache Provider].
[09/06/23 15:47:44:295 UTC]  INFO timedcache.TimedCacheProvider: ***	 Cache Config Memory : esquerycache: 10000
[09/06/23 15:47:44:295 UTC]  INFO timedcache.TimedCacheProvider: ***	 Cache Config Memory : esquerycountcache: 10000
[09/06/23 15:47:44:295 UTC]  INFO timedcache.TimedCacheProvider: ***	 Cache Config Memory : graphqlquerycache: 5000
[09/06/23 15:47:44:295 UTC]  INFO timedcache.TimedCacheProvider: ***	 Cache Config Memory : default: 1000
[09/06/23 15:47:44:295 UTC]  INFO timedcache.TimedCacheProvider: ***	 Cache Config Memory : adminconfigpool: 100
[09/06/23 15:47:44:295 UTC]  INFO timedcache.TimedCacheProvider: ***	 Cache Config Memory : companypool: 10
[09/06/23 15:47:44:295 UTC]  INFO timedcache.TimedCacheProvider: ***	 Cache Config Memory : contentletcache: 5000
[09/06/23 15:47:44:295 UTC]  INFO timedcache.TimedCacheProvider: ***	 Cache Config Memory : categoryparentscache: 30000
[09/06/23 15:47:44:295 UTC]  INFO timedcache.TimedCacheProvider: ***	 Cache Config Memory : taginodecache: 50000
[09/06/23 15:47:44:296 UTC]  INFO timedcache.TimedCacheProvider: ***	 Cache Config Memory : taginodesbyinodecache: 50000
[09/06/23 15:47:44:296 UTC]  INFO timedcache.TimedCacheProvider: ***	 Cache Config Memory : tagcache: 50000
[09/06/23 15:47:44:296 UTC]  INFO timedcache.TimedCacheProvider: ***	 Cache Config Memory : csscache: 2500
[09/06/23 15:47:44:296 UTC]  INFO timedcache.TimedCacheProvider: ***	 Cache Config Memory : assetmetadatacache: 10000
[09/06/23 15:47:44:296 UTC]  INFO timedcache.TimedCacheProvider: ***	 Cache Config Memory : identifiercache: 50000
[09/06/23 15:47:44:296 UTC]  INFO timedcache.TimedCacheProvider: ***	 Cache Config Memory : identifier404cache: 30000
[09/06/23 15:47:44:296 UTC]  INFO timedcache.TimedCacheProvider: ***	 Cache Config Memory : indiciescache: 8
[09/06/23 15:47:44:296 UTC]  INFO timedcache.TimedCacheProvider: ***	 Cache Config Memory : logmappercache: 10
[09/06/23 15:47:44:296 UTC]  INFO timedcache.TimedCacheProvider: ***	 Cache Config Memory : navcache: 1000
[09/06/23 15:47:44:296 UTC]  INFO timedcache.TimedCacheProvider: ***	 Cache Config Memory : parentpermissionablecache: 10000
[09/06/23 15:47:44:296 UTC]  INFO timedcache.TimedCacheProvider: ***	 Cache Config Memory : permissioncache: 50000
[09/06/23 15:47:44:296 UTC]  INFO timedcache.TimedCacheProvider: ***	 Cache Config Memory : portletpool: 100
[09/06/23 15:47:44:296 UTC]  INFO timedcache.TimedCacheProvider: ***	 Cache Config Memory : publishingendpointcache: 100
[09/06/23 15:47:44:296 UTC]  INFO timedcache.TimedCacheProvider: ***	 Cache Config Memory : pushedassetscache: 5000
[09/06/23 15:47:44:296 UTC]  INFO timedcache.TimedCacheProvider: ***	 Cache Config Memory : templatecache: 500
[09/06/23 15:47:44:296 UTC]  INFO timedcache.TimedCacheProvider: ***	 Cache Config Memory : translatedquerycache: 5000
[09/06/23 15:47:44:296 UTC]  INFO timedcache.TimedCacheProvider: ***	 Cache Config Memory : versioncache: 50000
[09/06/23 15:47:44:296 UTC]  INFO timedcache.TimedCacheProvider: ***	 Cache Config Memory : versioninfocache: 50000
[09/06/23 15:47:44:296 UTC]  INFO timedcache.TimedCacheProvider: ***	 Cache Config Memory : workflowactioncache: 10000
[09/06/23 15:47:44:296 UTC]  INFO timedcache.TimedCacheProvider: ***	 Cache Config Memory : workflowtaskcache: 10000
[09/06/23 15:47:44:296 UTC]  INFO timedcache.TimedCacheProvider: ***	 Cache Config Memory : shortyidcache: 25000
[09/06/23 15:47:44:296 UTC]  INFO timedcache.TimedCacheProvider: ***	 Cache Config Memory : velocitycache: 5000
[09/06/23 15:47:44:296 UTC]  INFO timedcache.TimedCacheProvider: ***	 Cache Config Memory : vanityurldirectcache: 25000
[09/06/23 15:47:44:296 UTC]  INFO timedcache.TimedCacheProvider: ***	 Cache Config Memory : vanityurlsitecache: 5000
[09/06/23 15:47:44:296 UTC]  INFO h22.H22Cache: Start Full Cache Flush in h22
[09/06/23 15:47:44:296 UTC]  INFO h22.H22Cache: Building new H22 Cache, db:0
[09/06/23 15:47:44:297 UTC]  INFO h22.H22HikariPool: H22 on disk cache:jdbc:h2:/data/local/dotsecure/h22cache/0/2023-06-09_15-47-44/cache;MVCC=TRUE;DB_CLOSE_ON_EXIT=FALSE
[09/06/23 15:47:44:377 UTC]  INFO h22.H22Cache: Building new H22 Cache, db:1
[09/06/23 15:47:44:378 UTC]  INFO h22.H22HikariPool: H22 on disk cache:jdbc:h2:/data/local/dotsecure/h22cache/1/2023-06-09_15-47-44/cache;MVCC=TRUE;DB_CLOSE_ON_EXIT=FALSE
[09/06/23 15:47:44:454 UTC]  INFO h22.H22Cache: End Full Cache Flush in h22 : 157ms
[09/06/23 15:47:44:455 UTC]  INFO startup.StartupTasksExecutor: Not Running Startup Tasks: Task00002LoadClusterLicenses
[09/06/23 15:47:44:455 UTC]  INFO startup.StartupTasksExecutor: Running Startup Tasks : Task00003CreateSystemRoles
[09/06/23 15:47:44:467 UTC]  INFO startup.StartupTasksExecutor: Running Startup Tasks : Task00004LoadStarter
[09/06/23 15:47:44:479 UTC]  INFO db.DotCMSInitDb: There are no inodes - initializing db with starter site
[09/06/23 15:47:44:510 UTC]  INFO starter.ImportStarterUtil: Found 21 files to import
[09/06/23 15:47:44:514 UTC]  WARN util.FileUtil: /data/local/dotsecure/backup/temp/assets/messages/cms_language_en_US.properties is empty
[09/06/23 15:47:44:517 UTC]  WARN util.FileUtil: /data/local/dotsecure/backup/temp/assets/messages/cms_language_es_ES.properties is empty
[09/06/23 15:47:44:518 UTC]  WARN util.FileUtil: /data/local/dotsecure/backup/temp/assets/messages/cms_language_fr_FR.properties is empty
[09/06/23 15:47:44:520 UTC]  WARN util.FileUtil: /data/local/dotsecure/backup/temp/assets/messages/cms_language_zh_CN.properties is empty
[09/06/23 15:47:44:523 UTC]  INFO starter.ImportStarterUtil: About to delete all records from users_to_delete
[09/06/23 15:47:44:526 UTC]  INFO starter.ImportStarterUtil: Deleted all records from users_to_delete
[09/06/23 15:47:44:527 UTC]  INFO starter.ImportStarterUtil: About to delete all records from permission_reference
[09/06/23 15:47:44:528 UTC]  INFO starter.ImportStarterUtil: Deleted all records from permission_reference
[09/06/23 15:47:44:528 UTC]  INFO starter.ImportStarterUtil: About to delete all records from clickstream_404
[09/06/23 15:47:44:530 UTC]  INFO starter.ImportStarterUtil: Deleted all records from clickstream_404
[09/06/23 15:47:44:530 UTC]  INFO starter.ImportStarterUtil: About to delete all records from clickstream_request
[09/06/23 15:47:44:532 UTC]  INFO starter.ImportStarterUtil: Deleted all records from clickstream_request
[09/06/23 15:47:44:533 UTC]  INFO starter.ImportStarterUtil: About to delete all records from workflow_task
[09/06/23 15:47:44:534 UTC]  INFO starter.ImportStarterUtil: Deleted all records from workflow_task
[09/06/23 15:47:44:534 UTC]  INFO starter.ImportStarterUtil: About to delete all records from tag_inode
[09/06/23 15:47:44:536 UTC]  INFO starter.ImportStarterUtil: Deleted all records from tag_inode
[09/06/23 15:47:44:536 UTC]  INFO starter.ImportStarterUtil: About to delete all records from tree
[09/06/23 15:47:44:537 UTC]  INFO starter.ImportStarterUtil: Deleted all records from tree
[09/06/23 15:47:44:538 UTC]  INFO starter.ImportStarterUtil: About to delete all records from field
[09/06/23 15:47:44:539 UTC]  INFO starter.ImportStarterUtil: Deleted all records from field
[09/06/23 15:47:44:539 UTC]  INFO starter.ImportStarterUtil: About to delete all records from workflow_history
[09/06/23 15:47:44:540 UTC]  INFO starter.ImportStarterUtil: Deleted all records from workflow_history
[09/06/23 15:47:44:541 UTC]  INFO starter.ImportStarterUtil: About to delete all records from workflow_comment
[09/06/23 15:47:44:542 UTC]  INFO starter.ImportStarterUtil: Deleted all records from workflow_comment
[09/06/23 15:47:44:542 UTC]  INFO starter.ImportStarterUtil: About to delete all records from links
[09/06/23 15:47:44:544 UTC]  INFO starter.ImportStarterUtil: Deleted all records from links
[09/06/23 15:47:44:544 UTC]  INFO starter.ImportStarterUtil: About to delete all records from clickstream
[09/06/23 15:47:44:545 UTC]  INFO starter.ImportStarterUtil: Deleted all records from clickstream
[09/06/23 15:47:44:546 UTC]  INFO starter.ImportStarterUtil: About to delete all records from multi_tree
[09/06/23 15:47:44:547 UTC]  INFO starter.ImportStarterUtil: Deleted all records from multi_tree
[09/06/23 15:47:44:548 UTC]  INFO starter.ImportStarterUtil: About to delete all records from workflowtask_files
[09/06/23 15:47:44:548 UTC]  INFO starter.ImportStarterUtil: Deleted all records from workflowtask_files
[09/06/23 15:47:44:549 UTC]  INFO starter.ImportStarterUtil: About to delete all records from challenge_question
[09/06/23 15:47:44:550 UTC]  INFO starter.ImportStarterUtil: Deleted all records from challenge_question
[09/06/23 15:47:44:550 UTC]  INFO starter.ImportStarterUtil: About to delete all records from PasswordTracker
[09/06/23 15:47:44:551 UTC]  INFO starter.ImportStarterUtil: Deleted all records from PasswordTracker
[09/06/23 15:47:44:552 UTC]  INFO starter.ImportStarterUtil: About to delete all records from container_version_info
[09/06/23 15:47:44:553 UTC]  INFO starter.ImportStarterUtil: Deleted all records from container_version_info
[09/06/23 15:47:44:554 UTC]  INFO starter.ImportStarterUtil: About to delete all records from permission
[09/06/23 15:47:44:555 UTC]  INFO starter.ImportStarterUtil: Deleted all records from permission
[09/06/23 15:47:44:555 UTC]  INFO starter.ImportStarterUtil: About to delete all records from fixes_audit
[09/06/23 15:47:44:556 UTC]  INFO starter.ImportStarterUtil: Deleted all records from fixes_audit
[09/06/23 15:47:44:557 UTC]  INFO starter.ImportStarterUtil: About to delete all records from template_version_info
[09/06/23 15:47:44:558 UTC]  INFO starter.ImportStarterUtil: Deleted all records from template_version_info
[09/06/23 15:47:44:558 UTC]  INFO starter.ImportStarterUtil: About to delete all records from link_version_info
[09/06/23 15:47:44:559 UTC]  INFO starter.ImportStarterUtil: Deleted all records from link_version_info
[09/06/23 15:47:44:560 UTC]  INFO starter.ImportStarterUtil: About to delete all records from host_variable
[09/06/23 15:47:44:561 UTC]  INFO starter.ImportStarterUtil: Deleted all records from host_variable
[09/06/23 15:47:44:561 UTC]  INFO starter.ImportStarterUtil: About to delete all records from UserTrackerPath
[09/06/23 15:47:44:562 UTC]  INFO starter.ImportStarterUtil: Deleted all records from UserTrackerPath
[09/06/23 15:47:44:563 UTC]  INFO starter.ImportStarterUtil: About to delete all records from tag
[09/06/23 15:47:44:564 UTC]  INFO starter.ImportStarterUtil: Deleted all records from tag
[09/06/23 15:47:44:565 UTC]  INFO starter.ImportStarterUtil: About to delete all records from UserTracker
[09/06/23 15:47:44:566 UTC]  INFO starter.ImportStarterUtil: Deleted all records from UserTracker
[09/06/23 15:47:44:566 UTC]  INFO starter.ImportStarterUtil: About to delete all records from AdminConfig
[09/06/23 15:47:44:568 UTC]  INFO starter.ImportStarterUtil: Deleted all records from AdminConfig
[09/06/23 15:47:44:569 UTC]  INFO starter.ImportStarterUtil: About to delete all records from dot_containers
[09/06/23 15:47:44:570 UTC]  INFO starter.ImportStarterUtil: Deleted all records from dot_containers
[09/06/23 15:47:44:571 UTC]  INFO starter.ImportStarterUtil: About to delete all records from container_structures
[09/06/23 15:47:44:571 UTC]  INFO starter.ImportStarterUtil: Deleted all records from container_structures
[09/06/23 15:47:44:572 UTC]  INFO starter.ImportStarterUtil: About to delete all records from cms_layouts_portlets
[09/06/23 15:47:44:573 UTC]  INFO starter.ImportStarterUtil: Deleted all records from cms_layouts_portlets
[09/06/23 15:47:44:574 UTC]  INFO starter.ImportStarterUtil: About to delete all records from layouts_cms_roles
[09/06/23 15:47:44:575 UTC]  INFO starter.ImportStarterUtil: Deleted all records from layouts_cms_roles
[09/06/23 15:47:44:575 UTC]  INFO starter.ImportStarterUtil: About to delete all records from users_cms_roles
[09/06/23 15:47:44:576 UTC]  INFO starter.ImportStarterUtil: Deleted all records from users_cms_roles
[09/06/23 15:47:44:577 UTC]  INFO starter.ImportStarterUtil: About to delete all records from cms_role
[09/06/23 15:47:44:580 UTC]  INFO starter.ImportStarterUtil: Deleted all records from cms_role
[09/06/23 15:47:44:580 UTC]  INFO starter.ImportStarterUtil: About to delete all records from cms_layout
[09/06/23 15:47:44:581 UTC]  INFO starter.ImportStarterUtil: Deleted all records from cms_layout
[09/06/23 15:47:44:581 UTC]  INFO starter.ImportStarterUtil: About to delete all records from structure
[09/06/23 15:47:44:582 UTC]  INFO starter.ImportStarterUtil: Deleted all records from structure
[09/06/23 15:47:44:583 UTC]  INFO starter.ImportStarterUtil: About to delete all records from folder
[09/06/23 15:47:44:584 UTC]  INFO starter.ImportStarterUtil: Deleted all records from folder
[09/06/23 15:47:44:584 UTC]  INFO starter.ImportStarterUtil: About to delete all records from identifier
[09/06/23 15:47:44:585 UTC]  INFO starter.ImportStarterUtil: Deleted all records from identifier
[09/06/23 15:47:44:585 UTC]  INFO starter.ImportStarterUtil: About to delete all records from inode
[09/06/23 15:47:44:586 UTC]  INFO starter.ImportStarterUtil: Deleted all records from inode
[09/06/23 15:47:44:586 UTC]  INFO starter.ImportStarterUtil: About to delete all records from user_
[09/06/23 15:47:44:591 UTC]  INFO starter.ImportStarterUtil: Deleted all records from user_
[09/06/23 15:47:44:591 UTC]  INFO starter.ImportStarterUtil: About to delete all records from company
[09/06/23 15:47:44:592 UTC]  INFO starter.ImportStarterUtil: Deleted all records from company
[09/06/23 15:47:44:592 UTC]  INFO starter.ImportStarterUtil: About to delete all records from counter
[09/06/23 15:47:44:593 UTC]  INFO starter.ImportStarterUtil: Deleted all records from counter
[09/06/23 15:47:44:593 UTC]  INFO starter.ImportStarterUtil: About to delete all records from image
[09/06/23 15:47:44:594 UTC]  INFO starter.ImportStarterUtil: Deleted all records from image
[09/06/23 15:47:44:594 UTC]  INFO starter.ImportStarterUtil: About to delete all records from portlet
[09/06/23 15:47:44:595 UTC]  INFO starter.ImportStarterUtil: Deleted all records from portlet
[09/06/23 15:47:44:595 UTC]  INFO starter.ImportStarterUtil: About to delete all records from portletpreferences
[09/06/23 15:47:44:596 UTC]  INFO starter.ImportStarterUtil: Deleted all records from portletpreferences
[09/06/23 15:47:44:596 UTC]  INFO starter.ImportStarterUtil: About to delete all records from address
[09/06/23 15:47:44:597 UTC]  INFO starter.ImportStarterUtil: Deleted all records from address
[09/06/23 15:47:44:597 UTC]  INFO starter.ImportStarterUtil: About to delete all records from plugin_property
[09/06/23 15:47:44:598 UTC]  INFO starter.ImportStarterUtil: Deleted all records from plugin_property
[09/06/23 15:47:44:598 UTC]  INFO starter.ImportStarterUtil: About to delete all records from plugin
[09/06/23 15:47:44:598 UTC]  INFO starter.ImportStarterUtil: Deleted all records from plugin
[09/06/23 15:47:44:624 UTC]  INFO starter.ImportStarterUtil: **** Importing the file: /data/local/dotsecure/backup/temp/com.liferay.portal.model.Company.json *****
[09/06/23 15:47:44:625 UTC]  INFO starter.ImportStarterUtil: Importing:	com.liferay.portal.model.Company
[09/06/23 15:47:44:711 UTC]  INFO starter.ImportStarterUtil: Found :	1 com.liferay.portal.model.Company(s)
[09/06/23 15:47:44:774 UTC]  INFO starter.ImportStarterUtil: **** Importing the file: /data/local/dotsecure/backup/temp/com.dotmarketing.business.Role_0000000000.json *****
[09/06/23 15:47:44:775 UTC]  INFO starter.ImportStarterUtil: Importing:	com.dotmarketing.business.Role
[09/06/23 15:47:44:783 UTC]  INFO starter.ImportStarterUtil: Found :	18 com.dotmarketing.business.Role(s)
[09/06/23 15:47:44:786 UTC]  INFO starter.ImportStarterUtil: roleKey:cms_users = 0
[09/06/23 15:47:44:788 UTC]  INFO starter.ImportStarterUtil: roleKey:System = 0
[09/06/23 15:47:44:789 UTC]  INFO starter.ImportStarterUtil: roleKey:DOTCMS_BACK_END_USER = 0
[09/06/23 15:47:44:791 UTC]  INFO starter.ImportStarterUtil: roleKey:cms_workflow_any_who_can_view = 0
[09/06/23 15:47:44:794 UTC]  INFO starter.ImportStarterUtil: roleKey:Form Editor = 0
[09/06/23 15:47:44:796 UTC]  INFO starter.ImportStarterUtil: roleKey:dotcms.org.default = 0
[09/06/23 15:47:44:798 UTC]  INFO starter.ImportStarterUtil: roleKey:cms_workflow_any_who_can_edit_permissions = 0
[09/06/23 15:47:44:800 UTC]  INFO starter.ImportStarterUtil: roleKey:cms_workflow_any_who_can_edit = 0
[09/06/23 15:47:44:801 UTC]  INFO starter.ImportStarterUtil: roleKey:CMS Anonymous = 0
[09/06/23 15:47:44:803 UTC]  INFO starter.ImportStarterUtil: roleKey:CMS Owner = 0
[09/06/23 15:47:44:805 UTC]  INFO starter.ImportStarterUtil: roleKey:Login As = 0
[09/06/23 15:47:44:808 UTC]  INFO starter.ImportStarterUtil: roleKey:LDAP User = 0
[09/06/23 15:47:44:809 UTC]  INFO starter.ImportStarterUtil: roleKey:CMS Administrator = 0
[09/06/23 15:47:44:811 UTC]  INFO starter.ImportStarterUtil: roleKey:DOTCMS_FRONT_END_USER = 0
[09/06/23 15:47:44:812 UTC]  INFO starter.ImportStarterUtil: roleKey:cms_workflow_any_who_can_publish = 0
[09/06/23 15:47:44:814 UTC]  INFO starter.ImportStarterUtil: roleKey:dotcms.org.1 = 0
[09/06/23 15:47:44:816 UTC]  INFO starter.ImportStarterUtil: roleKey:anonymous = 0
[09/06/23 15:47:44:819 UTC]  INFO starter.ImportStarterUtil: roleKey:Scripting Developer = 0
[09/06/23 15:47:44:821 UTC]  INFO starter.ImportStarterUtil: **** Importing the file: /data/local/dotsecure/backup/temp/com.liferay.portal.model.User.json *****
[09/06/23 15:47:44:822 UTC]  INFO starter.ImportStarterUtil: Importing:	com.liferay.portal.model.User
[09/06/23 15:47:44:855 UTC]  INFO starter.ImportStarterUtil: Found :	4 com.liferay.portal.model.User(s)
[09/06/23 15:47:44:883 UTC]  WARN util.LocaleUtil: null is not a valid language id
[09/06/23 15:47:44:893 UTC]  WARN business.UserHelper: Error loading user with id dotcms.org.1
[09/06/23 15:47:45:053 UTC]  INFO xml.Marshaller: Marshaller called using one of the *static*  marshal(Object, *) methods. This will ignore any  mapping files as specified. Please consider switching to  using Marshaller instances and calling one of the marshal(*) methods.
[09/06/23 15:47:46:464 UTC]  WARN business.UserHelper: Error loading user with id system
[09/06/23 15:47:47:300 UTC]  INFO util.SecurityLogger: class com.dotmarketing.business.RoleAPIImpl : Adding role:'Admin User' to user:dotcms.org.1 email:admin@dotcms.com -- ip:ukn,user:null
[09/06/23 15:47:47:304 UTC]  WARN business.UserHelper: Error loading user with id anonymous
[09/06/23 15:47:48:103 UTC]  INFO util.SecurityLogger: class com.dotmarketing.business.RoleAPIImpl : Adding role:'anonymous user anonymous' to user:anonymous email:anonymous@dotcms.anonymoususer -- ip:ukn,user:null
[09/06/23 15:47:48:106 UTC]  INFO starter.ImportStarterUtil: 
[09/06/23 15:47:48:106 UTC]  INFO starter.ImportStarterUtil: 
[09/06/23 15:47:48:106 UTC]  INFO starter.ImportStarterUtil: **** Importing the file: /data/local/dotsecure/backup/temp/com.dotmarketing.business.UsersRoles_0000000000.json *****
[09/06/23 15:47:48:106 UTC]  INFO starter.ImportStarterUtil: Importing:	com.dotmarketing.business.UsersRoles
[09/06/23 15:47:48:108 UTC]  INFO starter.ImportStarterUtil: Found :	14 com.dotmarketing.business.UsersRoles(s)
[09/06/23 15:47:48:115 UTC]  INFO starter.ImportStarterUtil: **** Importing the file: /data/local/dotsecure/backup/temp/com.dotmarketing.business.Layout_0000000000.json *****
[09/06/23 15:47:48:115 UTC]  INFO starter.ImportStarterUtil: Importing:	com.dotmarketing.business.Layout
[09/06/23 15:47:48:117 UTC]  INFO starter.ImportStarterUtil: Found :	11 com.dotmarketing.business.Layout(s)
[09/06/23 15:47:48:126 UTC]  INFO starter.ImportStarterUtil: **** Importing the file: /data/local/dotsecure/backup/temp/com.dotmarketing.business.PortletsLayouts_0000000000.json *****
[09/06/23 15:47:48:126 UTC]  INFO starter.ImportStarterUtil: Importing:	com.dotmarketing.business.PortletsLayouts
[09/06/23 15:47:48:129 UTC]  INFO starter.ImportStarterUtil: Found :	36 com.dotmarketing.business.PortletsLayouts(s)
[09/06/23 15:47:48:153 UTC]  INFO starter.ImportStarterUtil: **** Importing the file: /data/local/dotsecure/backup/temp/com.dotmarketing.business.LayoutsRoles_0000000000.json *****
[09/06/23 15:47:48:153 UTC]  INFO starter.ImportStarterUtil: Importing:	com.dotmarketing.business.LayoutsRoles
[09/06/23 15:47:48:154 UTC]  INFO starter.ImportStarterUtil: Found :	7 com.dotmarketing.business.LayoutsRoles(s)
[09/06/23 15:47:48:162 UTC]  INFO starter.ImportStarterUtil: **** Importing the file: /data/local/dotsecure/backup/temp/com.dotmarketing.portlets.languagesmanager.model.Language_0000000000.json *****
[09/06/23 15:47:48:162 UTC]  INFO starter.ImportStarterUtil: Importing:	com.dotmarketing.portlets.languagesmanager.model.Language
[09/06/23 15:47:48:165 UTC]  INFO starter.ImportStarterUtil: Found :	1 com.dotmarketing.portlets.languagesmanager.model.Language(s)
[09/06/23 15:47:48:175 UTC]  INFO starter.ImportStarterUtil: Importing folder path /System foldersystem folder
[09/06/23 15:47:48:199 UTC]  INFO starter.ImportStarterUtil: **** Importing the file: /data/local/dotsecure/backup/temp/com.dotmarketing.portlets.folders.model.Folder_0000000000.json *****
[09/06/23 15:47:48:199 UTC]  INFO starter.ImportStarterUtil: Importing:	com.dotmarketing.portlets.folders.model.Folder
[09/06/23 15:47:48:203 UTC]  INFO starter.ImportStarterUtil: Found :	1 com.dotmarketing.portlets.folders.model.Folder(s)
[09/06/23 15:47:48:554 UTC]  INFO business.ContentTypeAPIImpl: Content type not found with given id: c938b15f-bcb6-49ef-8651-14d455a97045. Continuing...
[09/06/23 15:47:48:659 UTC]  INFO util.ActivityLogger: class com.dotmarketing.util.ActivityLogger: system : Save Field Action , User system/system user added field Site/Folder to Persona Structure.
[09/06/23 15:47:48:686 UTC]  INFO util.ActivityLogger: class com.dotmarketing.util.ActivityLogger: system : Save Field Action , User system/system user added field Name to Persona Structure.
[09/06/23 15:47:48:720 UTC]  INFO util.ActivityLogger: class com.dotmarketing.util.ActivityLogger: system : Save Field Action , User system/system user added field Key Tag to Persona Structure.
[09/06/23 15:47:48:762 UTC]  INFO util.ActivityLogger: class com.dotmarketing.util.ActivityLogger: system : Save Field Action , User system/system user added field Photo to Persona Structure.
[09/06/23 15:47:48:800 UTC]  INFO util.ActivityLogger: class com.dotmarketing.util.ActivityLogger: system : Save Field Action , User system/system user added field Other Tags to Persona Structure.
[09/06/23 15:47:48:849 UTC]  INFO util.ActivityLogger: class com.dotmarketing.util.ActivityLogger: system : Save Field Action , User system/system user added field Description to Persona Structure.
[09/06/23 15:47:48:876 UTC]  INFO util.ActivityLogger: class com.dotcms.contenttype.business.ContentTypeAPIImpl: system : Save ContentType Action , User system/system user system user added ContentType Persona to host id:SYSTEM_HOST
[09/06/23 15:47:48:878 UTC]  INFO business.ContentTypeAPIImpl: UserId : system : ContentType : ContentType saved : Persona
[09/06/23 15:47:48:880 UTC]  INFO util.AdminLogger: UserId : system : class com.dotcms.contenttype.business.ContentTypeAPIImpl : ContentType : ContentType saved : Persona
[09/06/23 15:47:48:907 UTC]  INFO business.ContentTypeAPIImpl: Content type not found with given id: f4d7c1b8-2c88-4071-abf1-a5328977b07d. Continuing...
[09/06/23 15:47:48:927 UTC]  INFO util.ActivityLogger: class com.dotmarketing.util.ActivityLogger: system : Save Field Action , User system/system user added field Key to Language Variable Structure.
[09/06/23 15:47:48:950 UTC]  INFO util.ActivityLogger: class com.dotmarketing.util.ActivityLogger: system : Save Field Action , User system/system user added field Value to Language Variable Structure.
[09/06/23 15:47:48:960 UTC]  INFO util.ActivityLogger: class com.dotcms.contenttype.business.ContentTypeAPIImpl: system : Save ContentType Action , User system/system user system user added ContentType Language Variable to host id:SYSTEM_HOST
[09/06/23 15:47:48:960 UTC]  INFO business.ContentTypeAPIImpl: UserId : system : ContentType : ContentType saved : Language Variable
[09/06/23 15:47:48:960 UTC]  INFO util.AdminLogger: UserId : system : class com.dotcms.contenttype.business.ContentTypeAPIImpl : ContentType : ContentType saved : Language Variable
[09/06/23 15:47:49:004 UTC]  INFO business.ContentTypeAPIImpl: Content type not found with given id: 4d21b6d8-1711-4ae6-9419-89e2b1ae5a06. Continuing...
[09/06/23 15:47:49:026 UTC]  INFO util.ActivityLogger: class com.dotmarketing.util.ActivityLogger: system : Save Field Action , User system/system user added field Form ID to Forms Structure.
[09/06/23 15:47:49:047 UTC]  INFO util.ActivityLogger: class com.dotmarketing.util.ActivityLogger: system : Save Field Action , User system/system user added field Widget Title to Forms Structure.
[09/06/23 15:47:49:074 UTC]  INFO util.ActivityLogger: class com.dotmarketing.util.ActivityLogger: system : Save Field Action , User system/system user added field Widget Usage to Forms Structure.
[09/06/23 15:47:49:105 UTC]  INFO util.ActivityLogger: class com.dotmarketing.util.ActivityLogger: system : Save Field Action , User system/system user added field Widget Code to Forms Structure.
[09/06/23 15:47:49:139 UTC]  INFO util.ActivityLogger: class com.dotmarketing.util.ActivityLogger: system : Save Field Action , User system/system user added field Widget Pre-Execute to Forms Structure.
[09/06/23 15:47:49:151 UTC]  INFO util.ActivityLogger: class com.dotcms.contenttype.business.ContentTypeAPIImpl: system : Save ContentType Action , User system/system user system user added ContentType Forms to host id:SYSTEM_HOST
[09/06/23 15:47:49:151 UTC]  INFO business.ContentTypeAPIImpl: UserId : system : ContentType : ContentType saved : Forms
[09/06/23 15:47:49:151 UTC]  INFO util.AdminLogger: UserId : system : class com.dotcms.contenttype.business.ContentTypeAPIImpl : ContentType : ContentType saved : Forms
[09/06/23 15:47:49:176 UTC]  INFO business.ContentTypeAPIImpl: Content type not found with given id: f2d8a1c7-2b77-2081-bcf1-b5348988c08d. Continuing...
[09/06/23 15:47:49:196 UTC]  INFO util.ActivityLogger: class com.dotmarketing.util.ActivityLogger: system : Save Field Action , User system/system user added field Site or Folder to dotAsset Structure.
[09/06/23 15:47:49:216 UTC]  INFO util.ActivityLogger: class com.dotmarketing.util.ActivityLogger: system : Save Field Action , User system/system user added field Asset to dotAsset Structure.
[09/06/23 15:47:49:238 UTC]  INFO util.ActivityLogger: class com.dotmarketing.util.ActivityLogger: system : Save Field Action , User system/system user added field Tags to dotAsset Structure.
[09/06/23 15:47:49:245 UTC]  INFO util.ActivityLogger: class com.dotcms.contenttype.business.ContentTypeAPIImpl: system : Save ContentType Action , User system/system user system user added ContentType dotAsset to host id:SYSTEM_HOST
[09/06/23 15:47:49:246 UTC]  INFO business.ContentTypeAPIImpl: UserId : system : ContentType : ContentType saved : dotAsset
[09/06/23 15:47:49:246 UTC]  INFO util.AdminLogger: UserId : system : class com.dotcms.contenttype.business.ContentTypeAPIImpl : ContentType : ContentType saved : dotAsset
[09/06/23 15:47:49:317 UTC]  INFO business.ContentTypeAPIImpl: Content type not found with given id: 33888b6f-7a8e-4069-b1b6-5c1aa9d0a48d. Continuing...
[09/06/23 15:47:49:339 UTC]  INFO util.ActivityLogger: class com.dotmarketing.util.ActivityLogger: system : Save Field Action , User system/system user added field Host Or Folder to File Asset Structure.
[09/06/23 15:47:49:360 UTC]  INFO util.ActivityLogger: class com.dotmarketing.util.ActivityLogger: system : Save Field Action , User system/system user added field File Name to File Asset Structure.
[09/06/23 15:47:49:383 UTC]  INFO util.ActivityLogger: class com.dotmarketing.util.ActivityLogger: system : Save Field Action , User system/system user added field File Asset to File Asset Structure.
[09/06/23 15:47:49:400 UTC]  INFO util.ActivityLogger: class com.dotmarketing.util.ActivityLogger: system : Save Field Action , User system/system user added field Title to File Asset Structure.
[09/06/23 15:47:49:416 UTC]  INFO util.ActivityLogger: class com.dotmarketing.util.ActivityLogger: system : Save Field Action , User system/system user added field Metadata to File Asset Structure.
[09/06/23 15:47:49:432 UTC]  INFO util.ActivityLogger: class com.dotmarketing.util.ActivityLogger: system : Save Field Action , User system/system user added field Metadata to File Asset Structure.
[09/06/23 15:47:49:461 UTC]  INFO util.ActivityLogger: class com.dotmarketing.util.ActivityLogger: system : Save Field Action , User system/system user added field Show On Menu to File Asset Structure.
[09/06/23 15:47:49:482 UTC]  INFO util.ActivityLogger: class com.dotmarketing.util.ActivityLogger: system : Save Field Action , User system/system user added field Sort Order to File Asset Structure.
[09/06/23 15:47:49:501 UTC]  INFO util.ActivityLogger: class com.dotmarketing.util.ActivityLogger: system : Save Field Action , User system/system user added field Description to File Asset Structure.
[09/06/23 15:47:49:510 UTC]  INFO util.ActivityLogger: class com.dotcms.contenttype.business.ContentTypeAPIImpl: system : Save ContentType Action , User system/system user system user added ContentType File Asset to host id:SYSTEM_HOST
[09/06/23 15:47:49:510 UTC]  INFO business.ContentTypeAPIImpl: UserId : system : ContentType : ContentType saved : File Asset
[09/06/23 15:47:49:510 UTC]  INFO util.AdminLogger: UserId : system : class com.dotcms.contenttype.business.ContentTypeAPIImpl : ContentType : ContentType saved : File Asset
[09/06/23 15:47:49:530 UTC]  INFO business.ContentTypeAPIImpl: Content type not found with given id: 8e850645-bb92-4fda-a765-e67063a59be0. Continuing...
[09/06/23 15:47:49:541 UTC]  INFO util.ActivityLogger: class com.dotmarketing.util.ActivityLogger: system : Save Field Action , User system/system user added field Title to Vanity URL Structure.
[09/06/23 15:47:49:551 UTC]  INFO util.ActivityLogger: class com.dotmarketing.util.ActivityLogger: system : Save Field Action , User system/system user added field Site to Vanity URL Structure.
[09/06/23 15:47:49:562 UTC]  INFO util.ActivityLogger: class com.dotmarketing.util.ActivityLogger: system : Save Field Action , User system/system user added field Uri to Vanity URL Structure.
[09/06/23 15:47:49:575 UTC]  INFO util.ActivityLogger: class com.dotmarketing.util.ActivityLogger: system : Save Field Action , User system/system user added field Action to Vanity URL Structure.
[09/06/23 15:47:49:588 UTC]  INFO util.ActivityLogger: class com.dotmarketing.util.ActivityLogger: system : Save Field Action , User system/system user added field Forward To to Vanity URL Structure.
[09/06/23 15:47:49:603 UTC]  INFO util.ActivityLogger: class com.dotmarketing.util.ActivityLogger: system : Save Field Action , User system/system user added field Order to Vanity URL Structure.
[09/06/23 15:47:49:613 UTC]  INFO util.ActivityLogger: class com.dotcms.contenttype.business.ContentTypeAPIImpl: system : Save ContentType Action , User system/system user system user added ContentType Vanity URL to host id:SYSTEM_HOST
[09/06/23 15:47:49:613 UTC]  INFO business.ContentTypeAPIImpl: UserId : system : ContentType : ContentType saved : Vanity URL
[09/06/23 15:47:49:613 UTC]  INFO util.AdminLogger: UserId : system : class com.dotcms.contenttype.business.ContentTypeAPIImpl : ContentType : ContentType saved : Vanity URL
[09/06/23 15:47:49:624 UTC]  INFO business.ContentTypeAPIImpl: Content type not found with given id: c541abb1-69b3-4bc5-8430-5e09e5239cc8. Continuing...
[09/06/23 15:47:49:635 UTC]  INFO util.ActivityLogger: class com.dotmarketing.util.ActivityLogger: system : Save Field Action , User system/system user added field Title to Page Structure.
[09/06/23 15:47:49:644 UTC]  INFO util.ActivityLogger: class com.dotmarketing.util.ActivityLogger: system : Save Field Action , User system/system user added field Url to Page Structure.
[09/06/23 15:47:49:655 UTC]  INFO util.ActivityLogger: class com.dotmarketing.util.ActivityLogger: system : Save Field Action , User system/system user added field Host or Folder to Page Structure.
[09/06/23 15:47:49:668 UTC]  INFO util.ActivityLogger: class com.dotmarketing.util.ActivityLogger: system : Save Field Action , User system/system user added field Template to Page Structure.
[09/06/23 15:47:49:681 UTC]  INFO util.ActivityLogger: class com.dotmarketing.util.ActivityLogger: system : Save Field Action , User system/system user added field Friendly Name to Page Structure.
[09/06/23 15:47:49:696 UTC]  INFO util.ActivityLogger: class com.dotmarketing.util.ActivityLogger: system : Save Field Action , User system/system user added field Show on Menu to Page Structure.
[09/06/23 15:47:49:712 UTC]  INFO util.ActivityLogger: class com.dotmarketing.util.ActivityLogger: system : Save Field Action , User system/system user added field Sort Order to Page Structure.
[09/06/23 15:47:49:735 UTC]  INFO util.ActivityLogger: class com.dotmarketing.util.ActivityLogger: system : Save Field Action , User system/system user added field Cache TTL to Page Structure.
[09/06/23 15:47:49:753 UTC]  INFO util.ActivityLogger: class com.dotmarketing.util.ActivityLogger: system : Save Field Action , User system/system user added field Advanced Properties to Page Structure.
[09/06/23 15:47:49:772 UTC]  INFO util.ActivityLogger: class com.dotmarketing.util.ActivityLogger: system : Save Field Action , User system/system user added field Redirect Url to Page Structure.
[09/06/23 15:47:49:792 UTC]  INFO util.ActivityLogger: class com.dotmarketing.util.ActivityLogger: system : Save Field Action , User system/system user added field HTTPS Required to Page Structure.
[09/06/23 15:47:49:813 UTC]  INFO util.ActivityLogger: class com.dotmarketing.util.ActivityLogger: system : Save Field Action , User system/system user added field SEO Description to Page Structure.
[09/06/23 15:47:49:836 UTC]  INFO util.ActivityLogger: class com.dotmarketing.util.ActivityLogger: system : Save Field Action , User system/system user added field SEO Keywords to Page Structure.
[09/06/23 15:47:49:861 UTC]  INFO util.ActivityLogger: class com.dotmarketing.util.ActivityLogger: system : Save Field Action , User system/system user added field Page Metadata to Page Structure.
[09/06/23 15:47:49:887 UTC]  INFO util.ActivityLogger: class com.dotmarketing.util.ActivityLogger: system : Save Field Action , User system/system user added field Canonical URL to Page Structure.
[09/06/23 15:47:49:900 UTC]  INFO util.ActivityLogger: class com.dotcms.contenttype.business.ContentTypeAPIImpl: system : Save ContentType Action , User system/system user system user added ContentType Page to host id:SYSTEM_HOST
[09/06/23 15:47:49:900 UTC]  INFO business.ContentTypeAPIImpl: UserId : system : ContentType : ContentType saved : Page
[09/06/23 15:47:49:900 UTC]  INFO util.AdminLogger: UserId : system : class com.dotcms.contenttype.business.ContentTypeAPIImpl : ContentType : ContentType saved : Page
[09/06/23 15:47:49:956 UTC]  INFO business.ContentTypeAPIImpl: Content type not found with given id: 855a2d72-f2f3-4169-8b04-ac5157c4380c. Continuing...
[09/06/23 15:47:49:965 UTC]  INFO util.ActivityLogger: class com.dotmarketing.util.ActivityLogger: system : Save Field Action , User system/system user added field fields-2 to Host Structure.
[09/06/23 15:47:49:973 UTC]  INFO util.ActivityLogger: class com.dotmarketing.util.ActivityLogger: system : Save Field Action , User system/system user added field fields-3 to Host Structure.
[09/06/23 15:47:49:982 UTC]  INFO util.ActivityLogger: class com.dotmarketing.util.ActivityLogger: system : Save Field Action , User system/system user added field Site Key to Host Structure.
[09/06/23 15:47:49:993 UTC]  INFO util.ActivityLogger: class com.dotmarketing.util.ActivityLogger: system : Save Field Action , User system/system user added field Aliases to Host Structure.
[09/06/23 15:47:50:004 UTC]  INFO util.ActivityLogger: class com.dotmarketing.util.ActivityLogger: system : Save Field Action , User system/system user added field Tag Storage to Host Structure.
[09/06/23 15:47:50:017 UTC]  INFO util.ActivityLogger: class com.dotmarketing.util.ActivityLogger: system : Save Field Action , User system/system user added field Is Default to Host Structure.
[09/06/23 15:47:50:037 UTC]  INFO util.ActivityLogger: class com.dotmarketing.util.ActivityLogger: system : Save Field Action , User system/system user added field Is System Host to Host Structure.
[09/06/23 15:47:50:053 UTC]  INFO util.ActivityLogger: class com.dotmarketing.util.ActivityLogger: system : Save Field Action , User system/system user added field Host Thumbnail to Host Structure.
[09/06/23 15:47:50:070 UTC]  INFO util.ActivityLogger: class com.dotmarketing.util.ActivityLogger: system : Save Field Action , User system/system user added field Run Dashboard to Host Structure.
[09/06/23 15:47:50:077 UTC]  INFO util.ActivityLogger: class com.dotcms.contenttype.business.ContentTypeAPIImpl: system : Save ContentType Action , User system/system user system user added ContentType Host to host id:SYSTEM_HOST
[09/06/23 15:47:50:077 UTC]  INFO business.ContentTypeAPIImpl: UserId : system : ContentType : ContentType saved : Host
[09/06/23 15:47:50:077 UTC]  INFO util.AdminLogger: UserId : system : class com.dotcms.contenttype.business.ContentTypeAPIImpl : ContentType : ContentType saved : Host
[09/06/23 15:47:50:081 UTC]  INFO business.ContentTypeAPIImpl: Content type not found with given id: 2c46b6586c38852ac08a824a303ced80. Continuing...
[09/06/23 15:47:50:095 UTC]  INFO util.ActivityLogger: class com.dotmarketing.util.ActivityLogger: system : Save Field Action , User system/system user added field Site or Folder to Image Structure.
[09/06/23 15:47:50:109 UTC]  INFO util.ActivityLogger: class com.dotmarketing.util.ActivityLogger: system : Save Field Action , User system/system user added field Asset to Image Structure.
[09/06/23 15:47:50:124 UTC]  INFO util.ActivityLogger: class com.dotmarketing.util.ActivityLogger: system : Save Field Action , User system/system user added field Tags to Image Structure.
[09/06/23 15:47:50:128 UTC]  INFO util.ActivityLogger: class com.dotcms.contenttype.business.ContentTypeAPIImpl: system : Save ContentType Action , User system/system user system user added ContentType Image to host id:8a7d5e23-da1e-420a-b4f0-471e7da8ea2d
[09/06/23 15:47:50:128 UTC]  INFO business.ContentTypeAPIImpl: UserId : system : ContentType : ContentType saved : Image
[09/06/23 15:47:50:128 UTC]  INFO util.AdminLogger: UserId : system : class com.dotcms.contenttype.business.ContentTypeAPIImpl : ContentType : ContentType saved : Image
[09/06/23 15:47:50:134 UTC]  INFO business.ContentTypeAPIImpl: Content type not found with given id: c77450b834901a20c8193ef9d561ee5b. Continuing...
[09/06/23 15:47:50:147 UTC]  INFO util.ActivityLogger: class com.dotmarketing.util.ActivityLogger: system : Save Field Action , User system/system user added field Site or Folder to Video Structure.
[09/06/23 15:47:50:160 UTC]  INFO util.ActivityLogger: class com.dotmarketing.util.ActivityLogger: system : Save Field Action , User system/system user added field Asset to Video Structure.
[09/06/23 15:47:50:174 UTC]  INFO util.ActivityLogger: class com.dotmarketing.util.ActivityLogger: system : Save Field Action , User system/system user added field Tags to Video Structure.
[09/06/23 15:47:50:178 UTC]  INFO util.ActivityLogger: class com.dotcms.contenttype.business.ContentTypeAPIImpl: system : Save ContentType Action , User system/system user system user added ContentType Video to host id:8a7d5e23-da1e-420a-b4f0-471e7da8ea2d
[09/06/23 15:47:50:179 UTC]  INFO business.ContentTypeAPIImpl: UserId : system : ContentType : ContentType saved : Video
[09/06/23 15:47:50:179 UTC]  INFO util.AdminLogger: UserId : system : class com.dotcms.contenttype.business.ContentTypeAPIImpl : ContentType : ContentType saved : Video
[09/06/23 15:47:50:193 UTC]  INFO business.ContentTypeAPIImpl: Content type not found with given id: 2a3e91e4-fbbf-4876-8c5b-2233c1739b05. Continuing...
[09/06/23 15:47:50:200 UTC]  INFO util.ActivityLogger: class com.dotmarketing.util.ActivityLogger: system : Save Field Action , User system/system user added field Row Field to Content (Generic) Structure.
[09/06/23 15:47:50:209 UTC]  INFO util.ActivityLogger: class com.dotmarketing.util.ActivityLogger: system : Save Field Action , User system/system user added field Column Field to Content (Generic) Structure.
[09/06/23 15:47:50:217 UTC]  INFO util.ActivityLogger: class com.dotmarketing.util.ActivityLogger: system : Save Field Action , User system/system user added field Title to Content (Generic) Structure.
[09/06/23 15:47:50:226 UTC]  INFO util.ActivityLogger: class com.dotmarketing.util.ActivityLogger: system : Save Field Action , User system/system user added field Site to Content (Generic) Structure.
[09/06/23 15:47:50:237 UTC]  INFO util.ActivityLogger: class com.dotmarketing.util.ActivityLogger: system : Save Field Action , User system/system user added field Body to Content (Generic) Structure.
[09/06/23 15:47:50:242 UTC]  INFO util.ActivityLogger: class com.dotcms.contenttype.business.ContentTypeAPIImpl: system : Save ContentType Action , User system/system user system user added ContentType Content (Generic) to host id:SYSTEM_HOST
[09/06/23 15:47:50:242 UTC]  INFO business.ContentTypeAPIImpl: UserId : system : ContentType : ContentType saved : Content (Generic)
[09/06/23 15:47:50:242 UTC]  INFO util.AdminLogger: UserId : system : class com.dotcms.contenttype.business.ContentTypeAPIImpl : ContentType : ContentType saved : Content (Generic)
[09/06/23 15:47:50:245 UTC]  INFO business.ContentTypeAPIImpl: Content type not found with given id: ce930143870e11569f93f8a9fff5da19. Continuing...
[09/06/23 15:47:50:252 UTC]  INFO util.ActivityLogger: class com.dotmarketing.util.ActivityLogger: system : Save Field Action , User system/system user added field Screenshot to Dot Favorite Page Structure.
[09/06/23 15:47:50:258 UTC]  INFO util.ActivityLogger: class com.dotmarketing.util.ActivityLogger: system : Save Field Action , User system/system user added field title to Dot Favorite Page Structure.
[09/06/23 15:47:50:266 UTC]  INFO util.ActivityLogger: class com.dotmarketing.util.ActivityLogger: system : Save Field Action , User system/system user added field url to Dot Favorite Page Structure.
[09/06/23 15:47:50:276 UTC]  INFO util.ActivityLogger: class com.dotmarketing.util.ActivityLogger: system : Save Field Action , User system/system user added field order to Dot Favorite Page Structure.
[09/06/23 15:47:50:280 UTC]  INFO util.ActivityLogger: class com.dotcms.contenttype.business.ContentTypeAPIImpl: system : Save ContentType Action , User system/system user system user added ContentType Dot Favorite Page to host id:SYSTEM_HOST
[09/06/23 15:47:50:280 UTC]  INFO business.ContentTypeAPIImpl: UserId : system : ContentType : ContentType saved : Dot Favorite Page
[09/06/23 15:47:50:280 UTC]  INFO util.AdminLogger: UserId : system : class com.dotcms.contenttype.business.ContentTypeAPIImpl : ContentType : ContentType saved : Dot Favorite Page
[09/06/23 15:47:50:282 UTC]  INFO starter.ImportStarterUtil: **** Importing the file: /data/local/dotsecure/backup/temp/com.dotmarketing.portlets.contentlet.model.Contentlet_0000000000.json *****
[09/06/23 15:47:50:282 UTC]  INFO starter.ImportStarterUtil: Importing:	com.dotmarketing.portlets.contentlet.model.Contentlet
[09/06/23 15:47:50:433 UTC]  INFO starter.ImportStarterUtil: Found :	5 com.dotmarketing.portlets.contentlet.model.Contentlet(s)
[09/06/23 15:47:50:561 UTC]  INFO timedcache.TimedCacheProvider: ***	 Building Cache : esquerycache, size:10000, seconds:3600,Concurrency:32 (every 60000 millis)
[09/06/23 15:47:50:990 UTC]  INFO util.SecurityLogger: class com.dotmarketing.portlets.workflows.business.WorkflowAPIImpl : Workflow Scheme 'System Workflow' [d61a59e1-a49c-46f2-a929-db2b4bfa88b2] has been saved by User ID 'system' -- ip:ukn,user:null
[09/06/23 15:47:50:996 UTC]  INFO util.SecurityLogger: class com.dotmarketing.portlets.workflows.business.WorkflowAPIImpl : Workflow Step 'New' [6cb7e3bd-1710-4eed-8838-d3db60f78f19] has been saved by User ID 'system' -- ip:ukn,user:null
[09/06/23 15:47:50:999 UTC]  INFO util.SecurityLogger: class com.dotmarketing.portlets.workflows.business.WorkflowAPIImpl : Workflow Step 'Draft' [ee24a4cb-2d15-4c98-b1bd-6327126451f3] has been saved by User ID 'system' -- ip:ukn,user:null
[09/06/23 15:47:51:003 UTC]  INFO util.SecurityLogger: class com.dotmarketing.portlets.workflows.business.WorkflowAPIImpl : Workflow Step 'Published' [dc3c9cd0-8467-404b-bf95-cb7df3fbc293] has been saved by User ID 'system' -- ip:ukn,user:null
[09/06/23 15:47:51:005 UTC]  INFO util.SecurityLogger: class com.dotmarketing.portlets.workflows.business.WorkflowAPIImpl : Workflow Step 'Archived' [d6b095b6-b65f-4bdb-bbfd-701d663dfee2] has been saved by User ID 'system' -- ip:ukn,user:null
[09/06/23 15:47:51:011 UTC]  INFO util.SecurityLogger: class com.dotmarketing.portlets.workflows.business.WorkflowAPIImpl : Action id: '4da13a42-5d59-480c-ad8f-94a3adf809fe' has been reordered by user: system -- ip:ukn,user:null
[09/06/23 15:47:51:019 UTC]  INFO util.SecurityLogger: class com.dotmarketing.portlets.workflows.business.WorkflowAPIImpl : Action id: '963f6a04-5320-42e7-ab74-6d876d199946' has been reordered by user: system -- ip:ukn,user:null
[09/06/23 15:47:51:023 UTC]  INFO util.SecurityLogger: class com.dotmarketing.portlets.workflows.business.WorkflowAPIImpl : Action id: '777f1c6b-c877-4a37-ba4b-10627316c2cc' has been reordered by user: system -- ip:ukn,user:null
[09/06/23 15:47:51:026 UTC]  INFO util.SecurityLogger: class com.dotmarketing.portlets.workflows.business.WorkflowAPIImpl : Action id: '1e0f1c6b-b67f-4c99-983d-db2b4bfa88b2' has been reordered by user: system -- ip:ukn,user:null
[09/06/23 15:47:51:032 UTC]  INFO util.SecurityLogger: class com.dotmarketing.portlets.workflows.business.WorkflowAPIImpl : Action id: 'dd4c4b7c-e9d3-4dc0-8fbf-36102f9c6324' has been reordered by user: system -- ip:ukn,user:null
[09/06/23 15:47:51:036 UTC]  INFO util.SecurityLogger: class com.dotmarketing.portlets.workflows.business.WorkflowAPIImpl : Action id: 'b9d89c80-3d88-4311-8365-187323c96436' has been reordered by user: system -- ip:ukn,user:null
[09/06/23 15:47:51:039 UTC]  INFO util.SecurityLogger: class com.dotmarketing.portlets.workflows.business.WorkflowAPIImpl : Action id: 'ceca71a0-deee-4999-bd47-b01baa1bcfc8' has been reordered by user: system -- ip:ukn,user:null
[09/06/23 15:47:51:042 UTC]  INFO util.SecurityLogger: class com.dotmarketing.portlets.workflows.business.WorkflowAPIImpl : Action id: 'c92f9aa1-9503-4567-ac30-d3242b54d02d' has been reordered by user: system -- ip:ukn,user:null
[09/06/23 15:47:51:045 UTC]  INFO util.SecurityLogger: class com.dotmarketing.portlets.workflows.business.WorkflowAPIImpl : Action id: '38efc763-d78f-4e4b-b092-59cd8c579b93' has been reordered by user: system -- ip:ukn,user:null
[09/06/23 15:47:51:067 UTC]  INFO util.SecurityLogger: class com.dotmarketing.portlets.workflows.business.WorkflowAPIImpl : The action id: 'ceca71a0-deee-4999-bd47-b01baa1bcfc8' has been saved by the user: system -- ip:ukn,user:null
[09/06/23 15:47:51:073 UTC]  INFO util.SecurityLogger: class com.dotmarketing.portlets.workflows.business.WorkflowAPIImpl : The action id: 'b9d89c80-3d88-4311-8365-187323c96436' has been saved by the user: system -- ip:ukn,user:null
[09/06/23 15:47:51:081 UTC]  INFO util.SecurityLogger: class com.dotmarketing.portlets.workflows.business.WorkflowAPIImpl : The action id: '777f1c6b-c877-4a37-ba4b-10627316c2cc' has been saved by the user: system -- ip:ukn,user:null
[09/06/23 15:47:51:087 UTC]  INFO util.SecurityLogger: class com.dotmarketing.portlets.workflows.business.WorkflowAPIImpl : The action id: 'ceca71a0-deee-4999-bd47-b01baa1bcfc8' has been saved by the user: system -- ip:ukn,user:null
[09/06/23 15:47:51:091 UTC]  INFO util.SecurityLogger: class com.dotmarketing.portlets.workflows.business.WorkflowAPIImpl : The action id: 'dd4c4b7c-e9d3-4dc0-8fbf-36102f9c6324' has been saved by the user: system -- ip:ukn,user:null
[09/06/23 15:47:51:096 UTC]  INFO util.SecurityLogger: class com.dotmarketing.portlets.workflows.business.WorkflowAPIImpl : The action id: '38efc763-d78f-4e4b-b092-59cd8c579b93' has been saved by the user: system -- ip:ukn,user:null
[09/06/23 15:47:51:103 UTC]  INFO util.SecurityLogger: class com.dotmarketing.portlets.workflows.business.WorkflowAPIImpl : The action id: '963f6a04-5320-42e7-ab74-6d876d199946' has been saved by the user: system -- ip:ukn,user:null
[09/06/23 15:47:51:108 UTC]  INFO util.SecurityLogger: class com.dotmarketing.portlets.workflows.business.WorkflowAPIImpl : The action id: 'b9d89c80-3d88-4311-8365-187323c96436' has been saved by the user: system -- ip:ukn,user:null
[09/06/23 15:47:51:112 UTC]  INFO util.SecurityLogger: class com.dotmarketing.portlets.workflows.business.WorkflowAPIImpl : The action id: '4da13a42-5d59-480c-ad8f-94a3adf809fe' has been saved by the user: system -- ip:ukn,user:null
[09/06/23 15:47:51:116 UTC]  INFO util.SecurityLogger: class com.dotmarketing.portlets.workflows.business.WorkflowAPIImpl : The action id: '963f6a04-5320-42e7-ab74-6d876d199946' has been saved by the user: system -- ip:ukn,user:null
[09/06/23 15:47:51:119 UTC]  INFO util.SecurityLogger: class com.dotmarketing.portlets.workflows.business.WorkflowAPIImpl : The action id: '38efc763-d78f-4e4b-b092-59cd8c579b93' has been saved by the user: system -- ip:ukn,user:null
[09/06/23 15:47:51:122 UTC]  INFO util.SecurityLogger: class com.dotmarketing.portlets.workflows.business.WorkflowAPIImpl : The action id: 'ceca71a0-deee-4999-bd47-b01baa1bcfc8' has been saved by the user: system -- ip:ukn,user:null
[09/06/23 15:47:51:131 UTC]  INFO util.SecurityLogger: class com.dotmarketing.portlets.workflows.business.WorkflowAPIImpl : The action id: '4da13a42-5d59-480c-ad8f-94a3adf809fe' has been saved by the user: system -- ip:ukn,user:null
[09/06/23 15:47:51:136 UTC]  INFO util.SecurityLogger: class com.dotmarketing.portlets.workflows.business.WorkflowAPIImpl : The action id: 'b9d89c80-3d88-4311-8365-187323c96436' has been saved by the user: system -- ip:ukn,user:null
[09/06/23 15:47:51:139 UTC]  INFO util.SecurityLogger: class com.dotmarketing.portlets.workflows.business.WorkflowAPIImpl : The action id: 'dd4c4b7c-e9d3-4dc0-8fbf-36102f9c6324' has been saved by the user: system -- ip:ukn,user:null
[09/06/23 15:47:51:155 UTC]  INFO util.SecurityLogger: class com.dotmarketing.portlets.workflows.business.WorkflowAPIImpl : The action id: 'c92f9aa1-9503-4567-ac30-d3242b54d02d' has been saved by the user: system -- ip:ukn,user:null
[09/06/23 15:47:51:164 UTC]  INFO util.SecurityLogger: class com.dotmarketing.portlets.workflows.business.WorkflowAPIImpl : The action id: '777f1c6b-c877-4a37-ba4b-10627316c2cc' has been saved by the user: system -- ip:ukn,user:null
[09/06/23 15:47:51:171 UTC]  INFO util.SecurityLogger: class com.dotmarketing.portlets.workflows.business.WorkflowAPIImpl : The action id: '1e0f1c6b-b67f-4c99-983d-db2b4bfa88b2' has been saved by the user: system -- ip:ukn,user:null
[09/06/23 15:47:51:243 UTC]  INFO util.SecurityLogger: class com.dotmarketing.portlets.workflows.business.WorkflowAPIImpl : Saving class parameters by the user: system -- ip:ukn,user:null
[09/06/23 15:47:51:249 UTC]  INFO starter.ImportStarterUtil: **** Importing the file: /data/local/dotsecure/backup/temp/com.dotmarketing.beans.Permission_0000000000.json *****
[09/06/23 15:47:51:250 UTC]  INFO starter.ImportStarterUtil: Importing:	com.dotmarketing.beans.Permission
[09/06/23 15:47:51:253 UTC]  INFO starter.ImportStarterUtil: Found :	20 com.dotmarketing.beans.Permission(s)
[09/06/23 15:47:51:277 UTC]  INFO starter.ImportStarterUtil: **** Importing the file: /data/local/dotsecure/backup/temp/com.dotmarketing.portlets.contentlet.model.ContentletVersionInfo_0000000000.json *****
[09/06/23 15:47:51:278 UTC]  INFO starter.ImportStarterUtil: Importing:	com.dotmarketing.portlets.contentlet.model.ContentletVersionInfo
[09/06/23 15:47:51:280 UTC]  INFO starter.ImportStarterUtil: Found :	3 com.dotmarketing.portlets.contentlet.model.ContentletVersionInfo(s)
[09/06/23 15:47:51:340 UTC]  INFO starter.ImportStarterUtil: **** Importing the file: /data/local/dotsecure/backup/temp/com.dotmarketing.portlets.workflows.model.WorkflowTask_0000000000.json *****
[09/06/23 15:47:51:340 UTC]  INFO starter.ImportStarterUtil: Importing:	com.dotmarketing.portlets.workflows.model.WorkflowTask
[09/06/23 15:47:51:343 UTC]  INFO starter.ImportStarterUtil: Found :	1 com.dotmarketing.portlets.workflows.model.WorkflowTask(s)
[09/06/23 15:47:51:349 UTC]  INFO starter.ImportStarterUtil: **** Importing the file: /data/local/dotsecure/backup/temp/Image.json *****
[09/06/23 15:47:51:350 UTC]  INFO starter.ImportStarterUtil: Importing:	Image
[09/06/23 15:47:56:273 UTC]  INFO starter.ImportStarterUtil: Found :	1 Image(s)
[09/06/23 15:47:56:276 UTC]  INFO starter.ImportStarterUtil: **** Importing the file: /data/local/dotsecure/backup/temp/Portlet.json *****
[09/06/23 15:47:56:276 UTC]  INFO starter.ImportStarterUtil: Importing:	Portlet
[09/06/23 15:47:56:278 UTC]  INFO starter.ImportStarterUtil: Found :	3 Portlet(s)
[09/06/23 15:47:56:285 UTC]  INFO starter.ImportStarterUtil: Done Importing
[09/06/23 15:47:56:289 UTC]  INFO runonce.Task210321RemoveOldMetadataFiles:  executing metadata clean up under path /data/shared/assets
[09/06/23 15:47:56:297 UTC]  INFO db.DotCMSInitDb:  `1` old metadata entries removed and `0` old content files from the starter.
[09/06/23 15:47:56:299 UTC]  INFO timedcache.TimedCacheProvider: ===== Initializing [Timed Cache Provider].
[09/06/23 15:47:56:299 UTC]  INFO timedcache.TimedCacheProvider: ***	 Cache Config Memory : esquerycache: 10000
[09/06/23 15:47:56:299 UTC]  INFO timedcache.TimedCacheProvider: ***	 Cache Config Memory : esquerycountcache: 10000
[09/06/23 15:47:56:299 UTC]  INFO timedcache.TimedCacheProvider: ***	 Cache Config Memory : graphqlquerycache: 5000
[09/06/23 15:47:56:303 UTC]  INFO timedcache.TimedCacheProvider: ***	 Cache Config Memory : default: 1000
[09/06/23 15:47:56:303 UTC]  INFO timedcache.TimedCacheProvider: ***	 Cache Config Memory : adminconfigpool: 100
[09/06/23 15:47:56:303 UTC]  INFO timedcache.TimedCacheProvider: ***	 Cache Config Memory : companypool: 10
[09/06/23 15:47:56:303 UTC]  INFO timedcache.TimedCacheProvider: ***	 Cache Config Memory : contentletcache: 5000
[09/06/23 15:47:56:303 UTC]  INFO timedcache.TimedCacheProvider: ***	 Cache Config Memory : categoryparentscache: 30000
[09/06/23 15:47:56:303 UTC]  INFO timedcache.TimedCacheProvider: ***	 Cache Config Memory : taginodecache: 50000
[09/06/23 15:47:56:303 UTC]  INFO timedcache.TimedCacheProvider: ***	 Cache Config Memory : taginodesbyinodecache: 50000
[09/06/23 15:47:56:303 UTC]  INFO timedcache.TimedCacheProvider: ***	 Cache Config Memory : tagcache: 50000
[09/06/23 15:47:56:303 UTC]  INFO timedcache.TimedCacheProvider: ***	 Cache Config Memory : csscache: 2500
[09/06/23 15:47:56:303 UTC]  INFO timedcache.TimedCacheProvider: ***	 Cache Config Memory : assetmetadatacache: 10000
[09/06/23 15:47:56:311 UTC]  INFO timedcache.TimedCacheProvider: ***	 Cache Config Memory : identifiercache: 50000
[09/06/23 15:47:56:311 UTC]  INFO timedcache.TimedCacheProvider: ***	 Cache Config Memory : identifier404cache: 30000
[09/06/23 15:47:56:311 UTC]  INFO timedcache.TimedCacheProvider: ***	 Cache Config Memory : indiciescache: 8
[09/06/23 15:47:56:311 UTC]  INFO timedcache.TimedCacheProvider: ***	 Cache Config Memory : logmappercache: 10
[09/06/23 15:47:56:311 UTC]  INFO timedcache.TimedCacheProvider: ***	 Cache Config Memory : navcache: 1000
[09/06/23 15:47:56:311 UTC]  INFO timedcache.TimedCacheProvider: ***	 Cache Config Memory : parentpermissionablecache: 10000
[09/06/23 15:47:56:311 UTC]  INFO timedcache.TimedCacheProvider: ***	 Cache Config Memory : permissioncache: 50000
[09/06/23 15:47:56:312 UTC]  INFO timedcache.TimedCacheProvider: ***	 Cache Config Memory : portletpool: 100
[09/06/23 15:47:56:312 UTC]  INFO timedcache.TimedCacheProvider: ***	 Cache Config Memory : publishingendpointcache: 100
[09/06/23 15:47:56:312 UTC]  INFO timedcache.TimedCacheProvider: ***	 Cache Config Memory : pushedassetscache: 5000
[09/06/23 15:47:56:312 UTC]  INFO timedcache.TimedCacheProvider: ***	 Cache Config Memory : templatecache: 500
[09/06/23 15:47:56:312 UTC]  INFO timedcache.TimedCacheProvider: ***	 Cache Config Memory : translatedquerycache: 5000
[09/06/23 15:47:56:312 UTC]  INFO timedcache.TimedCacheProvider: ***	 Cache Config Memory : versioncache: 50000
[09/06/23 15:47:56:317 UTC]  INFO timedcache.TimedCacheProvider: ***	 Cache Config Memory : versioninfocache: 50000
[09/06/23 15:47:56:317 UTC]  INFO timedcache.TimedCacheProvider: ***	 Cache Config Memory : workflowactioncache: 10000
[09/06/23 15:47:56:317 UTC]  INFO timedcache.TimedCacheProvider: ***	 Cache Config Memory : workflowtaskcache: 10000
[09/06/23 15:47:56:317 UTC]  INFO timedcache.TimedCacheProvider: ***	 Cache Config Memory : shortyidcache: 25000
[09/06/23 15:47:56:317 UTC]  INFO timedcache.TimedCacheProvider: ***	 Cache Config Memory : velocitycache: 5000
[09/06/23 15:47:56:317 UTC]  INFO timedcache.TimedCacheProvider: ***	 Cache Config Memory : vanityurldirectcache: 25000
[09/06/23 15:47:56:317 UTC]  INFO timedcache.TimedCacheProvider: ***	 Cache Config Memory : vanityurlsitecache: 5000
[09/06/23 15:47:56:317 UTC]  INFO h22.H22Cache: Start Full Cache Flush in h22
[09/06/23 15:47:56:318 UTC]  INFO h22.H22Cache: Building new H22 Cache, db:0
[09/06/23 15:47:56:319 UTC]  INFO h22.H22HikariPool: H22 on disk cache:jdbc:h2:/data/local/dotsecure/h22cache/0/2023-06-09_15-47-56/cache;MVCC=TRUE;DB_CLOSE_ON_EXIT=FALSE
[09/06/23 15:47:56:377 UTC]  INFO h22.H22Cache: Building new H22 Cache, db:1
[09/06/23 15:47:56:379 UTC]  INFO h22.H22HikariPool: H22 on disk cache:jdbc:h2:/data/local/dotsecure/h22cache/1/2023-06-09_15-47-56/cache;MVCC=TRUE;DB_CLOSE_ON_EXIT=FALSE
[09/06/23 15:47:56:440 UTC]  INFO h22.H22Cache: End Full Cache Flush in h22 : 122ms
[09/06/23 15:47:56:462 UTC]  INFO reindex.ReindexThread: --- Recreating ReindexThread from stopped
[09/06/23 15:47:56:470 UTC]  INFO framework.OSGISystem: Starting: OSGi System Framework
[09/06/23 15:47:56:472 UTC]  INFO framework.OSGISystem: Felix System base dir: /srv/dotserver/tomcat-9.0.60/webapps/ROOT/WEB-INF/felix-system
[09/06/23 15:47:56:479 UTC]  INFO framework.OSGIUtil: Loading Factory org.apache.felix.framework.FrameworkFactory
[09/06/23 15:47:56:939 UTC]  INFO init.SamlInitializer: SAML Init STARTED...
[09/06/23 15:47:57:631 UTC]  INFO init.SamlInitializer: Doing instance of Java Crypto validator
[09/06/23 15:47:57:631 UTC]  INFO init.SamlInitializer: Getting the Security Providers
[09/06/23 15:47:57:631 UTC]  INFO init.SamlInitializer: - SUN (DSA key/parameter generation; DSA signing; SHA-1, MD5 digests; SecureRandom; X.509 certificates; PKCS12, JKS & DKS keystores; PKIX CertPathValidator; PKIX CertPathBuilder; LDAP, Collection CertStores, JavaPolicy Policy; JavaLoginConfig Configuration)
[09/06/23 15:47:57:631 UTC]  INFO init.SamlInitializer: - Sun RSA signature provider
[09/06/23 15:47:57:632 UTC]  INFO init.SamlInitializer: - Sun Elliptic Curve provider (EC, ECDSA, ECDH)
[09/06/23 15:47:57:632 UTC]  INFO init.SamlInitializer: - Sun JSSE provider(PKCS12, SunX509/PKIX key/trust factories, SSLv3/TLSv1/TLSv1.1/TLSv1.2/TLSv1.3/DTLSv1.0/DTLSv1.2)
[09/06/23 15:47:57:632 UTC]  INFO init.SamlInitializer: - SunJCE Provider (implements RSA, DES, Triple DES, AES, Blowfish, ARCFOUR, RC2, PBE, Diffie-Hellman, HMAC, ChaCha20)
[09/06/23 15:47:57:632 UTC]  INFO init.SamlInitializer: - Sun (Kerberos v5, SPNEGO)
[09/06/23 15:47:57:632 UTC]  INFO init.SamlInitializer: - Sun SASL provider(implements client mechanisms for: DIGEST-MD5, EXTERNAL, PLAIN, CRAM-MD5, NTLM; server mechanisms for: DIGEST-MD5, CRAM-MD5, NTLM)
[09/06/23 15:47:57:632 UTC]  INFO init.SamlInitializer: - JdkLDAP Provider (implements LDAP CertStore)
[09/06/23 15:47:57:632 UTC]  INFO init.SamlInitializer: Doing Init of SignatureValidationProvider
[09/06/23 15:47:57:636 UTC]  INFO init.SamlInitializer: SAML Init DONE
[09/06/23 15:47:57:637 UTC]  INFO init.SamlInitializer: Setting basic parser pool
[09/06/23 15:47:57:639 UTC]  INFO osgi.Activator: Adding the SAML Web Filter
[09/06/23 15:47:57:698 UTC]  INFO osgi.Activator: Adding the SAML Web Service: com.dotcms.auth.providers.saml.v1.DotSamlResource
[09/06/23 15:47:58:098 UTC]  INFO osgi.Activator: Subscribing to  AppSecretSavedEvent events
[09/06/23 15:47:58:489 UTC]  INFO framework.OSGISystem: Started : OSGi System Framework
[09/06/23 15:47:58:490 UTC]  INFO reindex.ReindexThread: --- ReindexThread Running (every 60000 millis)
[09/06/23 15:47:58:492 UTC]  INFO db.DotCMSInitDb: Building Initial Index
[09/06/23 15:47:58:499 UTC]  INFO reindex.ReindexThread: ---  ReindexThread is starting, background indexing will begin
[09/06/23 15:47:58:541 UTC]  INFO business.ESIndexAPI: createIndex : Trying to create index: cluster_4a3227824d.working_20230609154758 with shards: 0
[09/06/23 15:47:58:542 UTC]  INFO util.AdminLogger: class com.dotcms.content.elasticsearch.business.ESIndexAPI : createIndex : Trying to create index: cluster_4a3227824d.working_20230609154758 with shards: 0
[09/06/23 15:47:58:548 UTC]  WARN business.ESIndexAPI: Unable to parse shards from config
[09/06/23 15:47:58:549 UTC]  WARN business.ESIndexAPI: null
[09/06/23 15:47:58:550 UTC]  WARN business.ESIndexAPI: java.base/java.lang.Integer.parseInt(Integer.java:614)
[09/06/23 15:47:59:057 UTC]  INFO business.ESIndexAPI: createIndex : Index created: cluster_4a3227824d.working_20230609154758 with shards: 1
[09/06/23 15:47:59:057 UTC]  INFO util.AdminLogger: class com.dotcms.content.elasticsearch.business.ESIndexAPI : createIndex : Index created: cluster_4a3227824d.working_20230609154758 with shards: 1
[09/06/23 15:47:59:122 UTC]  INFO business.ESIndexAPI: createIndex : Trying to create index: cluster_4a3227824d.live_20230609154758 with shards: 0
[09/06/23 15:47:59:122 UTC]  INFO util.AdminLogger: class com.dotcms.content.elasticsearch.business.ESIndexAPI : createIndex : Trying to create index: cluster_4a3227824d.live_20230609154758 with shards: 0
[09/06/23 15:47:59:122 UTC]  WARN business.ESIndexAPI: Unable to parse shards from config
[09/06/23 15:47:59:122 UTC]  WARN business.ESIndexAPI: null
[09/06/23 15:47:59:122 UTC]  WARN business.ESIndexAPI: java.base/java.lang.Integer.parseInt(Integer.java:614)
[09/06/23 15:47:59:201 UTC]  INFO business.ESIndexAPI: createIndex : Index created: cluster_4a3227824d.live_20230609154758 with shards: 1
[09/06/23 15:47:59:201 UTC]  INFO util.AdminLogger: class com.dotcms.content.elasticsearch.business.ESIndexAPI : createIndex : Index created: cluster_4a3227824d.live_20230609154758 with shards: 1
[09/06/23 15:47:59:297 UTC]  INFO servlets.InitServlet: 
[09/06/23 15:47:59:298 UTC]  INFO servlets.InitServlet:  * Copyright (c) 2023 dotCMS Inc. 
[09/06/23 15:47:59:299 UTC]  INFO servlets.InitServlet:  * This software, code and any modifications to the code are licensed under the terms of the dotCMS Enterprise License 
[09/06/23 15:47:59:300 UTC]  INFO servlets.InitServlet:  * which can be found here : https://www.github.com/dotCMS/core/LICENSE 
[09/06/23 15:47:59:301 UTC]  INFO servlets.InitServlet: 
[09/06/23 15:48:03:534 UTC]  INFO reindex.ReindexThread: --- Unpausing reindex thread 
[09/06/23 15:48:04:398 UTC]  WARN util.FileUtil:  Fail to remove destination dir [/data/local/dotsecure/trash/h22/20230609154804396/2023-06-09_15-47-41]
[09/06/23 15:48:04:458 UTC]  WARN util.FileUtil:  Fail to remove destination dir [/data/local/dotsecure/trash/h22/20230609154804458/2023-06-09_15-47-41]
[09/06/23 15:48:04:638 UTC]  INFO reindex.BulkProcessorListener: -----------
[09/06/23 15:48:04:638 UTC]  INFO reindex.BulkProcessorListener: Reindexing Server #  : 1 of 1
[09/06/23 15:48:04:639 UTC]  INFO reindex.BulkProcessorListener: Total Indexed        : 0
[09/06/23 15:48:04:640 UTC]  INFO reindex.BulkProcessorListener: ReindexEntries found : 3
[09/06/23 15:48:04:641 UTC]  INFO reindex.BulkProcessorListener: BulkRequests created : 6
[09/06/23 15:48:04:642 UTC]  INFO reindex.BulkProcessorListener: -----------
[09/06/23 15:48:06:537 UTC]  INFO db.DotCMSInitDb: Records left to index : 0
[09/06/23 15:48:06:539 UTC]  INFO db.DotCMSInitDb: While in DevMode dotCMS will not set an initial password to the admin user.
[09/06/23 15:48:06:539 UTC]  INFO startup.StartupTasksExecutor: Not Running Startup Tasks: Task00005LoadFixassets
[09/06/23 15:48:06:618 UTC]  INFO startup.StartupTasksExecutor: Running Startup Tasks : Task00006CreateSystemLayout
[09/06/23 15:48:09:645 UTC]  INFO startup.StartupTasksExecutor: Not Running Startup Tasks: Task00007RemoveSitesearchQuartzJob
[09/06/23 15:48:09:646 UTC]  INFO startup.StartupTasksExecutor: Running Startup Tasks : Task00040CheckAnonymousUser
[09/06/23 15:48:09:809 UTC]  INFO apps.SecretsKeyStoreHelper: KeyStore loaded successfully after `1` tries.
[09/06/23 15:48:09:809 UTC]  INFO startup.StartupTasksExecutor: Not Running Startup Tasks: Task00050LoadAppsSecrets
[09/06/23 15:48:09:812 UTC]  INFO startup.StartupTasksExecutor: Finishing startup tasks.
[09/06/23 15:48:09:813 UTC]  INFO startup.StartupTasksExecutor: ---
[09/06/23 15:48:09:813 UTC]  INFO startup.StartupTasksExecutor: 
[09/06/23 15:48:09:813 UTC]  INFO startup.StartupTasksExecutor: Running Upgrade Tasks
[09/06/23 15:48:09:813 UTC]  INFO startup.StartupTasksExecutor: Database version: 0
[09/06/23 15:48:10:365 UTC]  INFO startup.StartupTasksExecutor: Database upgraded to version: 760
[09/06/23 15:48:10:367 UTC]  INFO startup.StartupTasksExecutor: Database upgraded to version: 765
[09/06/23 15:48:10:368 UTC]  INFO startup.StartupTasksExecutor: Database upgraded to version: 766
[09/06/23 15:48:10:369 UTC]  INFO startup.StartupTasksExecutor: Database upgraded to version: 767
[09/06/23 15:48:10:370 UTC]  INFO startup.StartupTasksExecutor: Database upgraded to version: 768
[09/06/23 15:48:10:371 UTC]  INFO startup.StartupTasksExecutor: Database upgraded to version: 769
[09/06/23 15:48:10:372 UTC]  INFO startup.StartupTasksExecutor: Database upgraded to version: 775
[09/06/23 15:48:10:374 UTC]  INFO startup.StartupTasksExecutor: Database upgraded to version: 780
[09/06/23 15:48:10:375 UTC]  INFO startup.StartupTasksExecutor: Database upgraded to version: 782
[09/06/23 15:48:10:376 UTC]  INFO startup.StartupTasksExecutor: Database upgraded to version: 785
[09/06/23 15:48:10:377 UTC]  INFO startup.StartupTasksExecutor: Database upgraded to version: 790
[09/06/23 15:48:10:378 UTC]  INFO startup.StartupTasksExecutor: Database upgraded to version: 795
[09/06/23 15:48:10:379 UTC]  INFO startup.StartupTasksExecutor: Database upgraded to version: 800
[09/06/23 15:48:10:380 UTC]  INFO startup.StartupTasksExecutor: Database upgraded to version: 805
[09/06/23 15:48:10:381 UTC]  INFO startup.StartupTasksExecutor: Database upgraded to version: 810
[09/06/23 15:48:10:382 UTC]  INFO startup.StartupTasksExecutor: Database upgraded to version: 815
[09/06/23 15:48:10:383 UTC]  INFO startup.StartupTasksExecutor: Database upgraded to version: 820
[09/06/23 15:48:10:384 UTC]  INFO startup.StartupTasksExecutor: Database upgraded to version: 825
[09/06/23 15:48:10:385 UTC]  INFO startup.StartupTasksExecutor: Database upgraded to version: 835
[09/06/23 15:48:10:386 UTC]  INFO startup.StartupTasksExecutor: Database upgraded to version: 840
[09/06/23 15:48:10:387 UTC]  INFO startup.StartupTasksExecutor: Database upgraded to version: 845
[09/06/23 15:48:10:389 UTC]  INFO startup.StartupTasksExecutor: Database upgraded to version: 850
[09/06/23 15:48:10:390 UTC]  INFO startup.StartupTasksExecutor: Database upgraded to version: 855
[09/06/23 15:48:10:391 UTC]  INFO startup.StartupTasksExecutor: Database upgraded to version: 860
[09/06/23 15:48:10:392 UTC]  INFO startup.StartupTasksExecutor: Database upgraded to version: 865
[09/06/23 15:48:10:393 UTC]  INFO startup.StartupTasksExecutor: Database upgraded to version: 900
[09/06/23 15:48:10:400 UTC]  INFO startup.StartupTasksExecutor: Database upgraded to version: 905
[09/06/23 15:48:10:401 UTC]  INFO startup.StartupTasksExecutor: Database upgraded to version: 910
[09/06/23 15:48:10:402 UTC]  INFO startup.StartupTasksExecutor: Database upgraded to version: 920
[09/06/23 15:48:10:403 UTC]  INFO startup.StartupTasksExecutor: Database upgraded to version: 922
[09/06/23 15:48:10:405 UTC]  INFO startup.StartupTasksExecutor: Database upgraded to version: 925
[09/06/23 15:48:10:406 UTC]  INFO startup.StartupTasksExecutor: Database upgraded to version: 930
[09/06/23 15:48:10:407 UTC]  INFO startup.StartupTasksExecutor: Database upgraded to version: 935
[09/06/23 15:48:10:408 UTC]  INFO startup.StartupTasksExecutor: Database upgraded to version: 940
[09/06/23 15:48:10:409 UTC]  INFO startup.StartupTasksExecutor: Database upgraded to version: 945
[09/06/23 15:48:10:410 UTC]  INFO startup.StartupTasksExecutor: Database upgraded to version: 950
[09/06/23 15:48:10:411 UTC]  INFO startup.StartupTasksExecutor: Database upgraded to version: 1000
[09/06/23 15:48:10:413 UTC]  INFO startup.StartupTasksExecutor: Database upgraded to version: 1005
[09/06/23 15:48:10:414 UTC]  INFO startup.StartupTasksExecutor: Database upgraded to version: 1015
[09/06/23 15:48:10:415 UTC]  INFO startup.StartupTasksExecutor: Database upgraded to version: 1016
[09/06/23 15:48:10:416 UTC]  INFO startup.StartupTasksExecutor: Database upgraded to version: 1020
[09/06/23 15:48:10:417 UTC]  INFO startup.StartupTasksExecutor: Database upgraded to version: 1030
[09/06/23 15:48:10:418 UTC]  INFO startup.StartupTasksExecutor: Database upgraded to version: 1035
[09/06/23 15:48:10:419 UTC]  INFO startup.StartupTasksExecutor: Database upgraded to version: 1045
[09/06/23 15:48:10:420 UTC]  INFO startup.StartupTasksExecutor: Database upgraded to version: 1050
[09/06/23 15:48:10:421 UTC]  INFO startup.StartupTasksExecutor: Database upgraded to version: 1055
[09/06/23 15:48:10:422 UTC]  INFO startup.StartupTasksExecutor: Database upgraded to version: 1060
[09/06/23 15:48:10:423 UTC]  INFO startup.StartupTasksExecutor: Database upgraded to version: 1065
[09/06/23 15:48:10:424 UTC]  INFO startup.StartupTasksExecutor: Database upgraded to version: 1070
[09/06/23 15:48:10:425 UTC]  INFO startup.StartupTasksExecutor: Database upgraded to version: 1080
[09/06/23 15:48:10:426 UTC]  INFO startup.StartupTasksExecutor: Database upgraded to version: 1085
[09/06/23 15:48:10:427 UTC]  INFO startup.StartupTasksExecutor: Database upgraded to version: 1090
[09/06/23 15:48:10:428 UTC]  INFO startup.StartupTasksExecutor: Database upgraded to version: 1095
[09/06/23 15:48:10:429 UTC]  INFO startup.StartupTasksExecutor: Database upgraded to version: 1096
[09/06/23 15:48:10:430 UTC]  INFO startup.StartupTasksExecutor: Database upgraded to version: 3000
[09/06/23 15:48:10:432 UTC]  INFO startup.StartupTasksExecutor: Database upgraded to version: 3005
[09/06/23 15:48:10:433 UTC]  INFO startup.StartupTasksExecutor: Database upgraded to version: 3010
[09/06/23 15:48:10:434 UTC]  INFO startup.StartupTasksExecutor: Database upgraded to version: 3015
[09/06/23 15:48:10:435 UTC]  INFO startup.StartupTasksExecutor: Database upgraded to version: 3020
[09/06/23 15:48:10:437 UTC]  INFO startup.StartupTasksExecutor: Database upgraded to version: 3025
[09/06/23 15:48:10:438 UTC]  INFO startup.StartupTasksExecutor: Database upgraded to version: 3030
[09/06/23 15:48:10:440 UTC]  INFO startup.StartupTasksExecutor: Database upgraded to version: 3035
[09/06/23 15:48:10:441 UTC]  INFO startup.StartupTasksExecutor: Database upgraded to version: 3040
[09/06/23 15:48:10:442 UTC]  INFO startup.StartupTasksExecutor: Database upgraded to version: 3042
[09/06/23 15:48:10:443 UTC]  INFO startup.StartupTasksExecutor: Database upgraded to version: 3045
[09/06/23 15:48:10:444 UTC]  INFO startup.StartupTasksExecutor: Database upgraded to version: 3050
[09/06/23 15:48:10:446 UTC]  INFO startup.StartupTasksExecutor: Database upgraded to version: 3055
[09/06/23 15:48:10:452 UTC]  INFO startup.StartupTasksExecutor: Database upgraded to version: 3060
[09/06/23 15:48:10:454 UTC]  INFO startup.StartupTasksExecutor: Database upgraded to version: 3065
[09/06/23 15:48:10:455 UTC]  INFO startup.StartupTasksExecutor: Database upgraded to version: 3100
[09/06/23 15:48:10:456 UTC]  INFO startup.StartupTasksExecutor: Database upgraded to version: 3105
[09/06/23 15:48:10:456 UTC]  INFO startup.StartupTasksExecutor: Database upgraded to version: 3120
[09/06/23 15:48:10:457 UTC]  INFO startup.StartupTasksExecutor: Database upgraded to version: 3130
[09/06/23 15:48:10:458 UTC]  INFO startup.StartupTasksExecutor: Database upgraded to version: 3135
[09/06/23 15:48:10:458 UTC]  INFO startup.StartupTasksExecutor: Database upgraded to version: 3140
[09/06/23 15:48:10:459 UTC]  INFO startup.StartupTasksExecutor: Database upgraded to version: 3150
[09/06/23 15:48:10:459 UTC]  INFO startup.StartupTasksExecutor: Database upgraded to version: 3160
[09/06/23 15:48:10:460 UTC]  INFO startup.StartupTasksExecutor: Database upgraded to version: 3165
[09/06/23 15:48:10:461 UTC]  INFO startup.StartupTasksExecutor: Database upgraded to version: 3500
[09/06/23 15:48:10:462 UTC]  INFO startup.StartupTasksExecutor: Database upgraded to version: 3505
[09/06/23 15:48:10:462 UTC]  INFO startup.StartupTasksExecutor: Database upgraded to version: 3510
[09/06/23 15:48:10:463 UTC]  INFO startup.StartupTasksExecutor: Database upgraded to version: 3515
[09/06/23 15:48:10:463 UTC]  INFO startup.StartupTasksExecutor: Database upgraded to version: 3520
[09/06/23 15:48:10:464 UTC]  INFO startup.StartupTasksExecutor: Database upgraded to version: 3525
[09/06/23 15:48:10:465 UTC]  INFO startup.StartupTasksExecutor: Database upgraded to version: 3530
[09/06/23 15:48:10:465 UTC]  INFO startup.StartupTasksExecutor: Database upgraded to version: 3535
[09/06/23 15:48:10:474 UTC]  INFO startup.StartupTasksExecutor: Database upgraded to version: 3540
[09/06/23 15:48:10:475 UTC]  INFO startup.StartupTasksExecutor: Database upgraded to version: 3545
[09/06/23 15:48:10:475 UTC]  INFO startup.StartupTasksExecutor: Database upgraded to version: 3550
[09/06/23 15:48:10:475 UTC]  INFO startup.StartupTasksExecutor: Database upgraded to version: 3555
[09/06/23 15:48:10:475 UTC]  INFO startup.StartupTasksExecutor: Database upgraded to version: 3560
[09/06/23 15:48:10:476 UTC]  INFO startup.StartupTasksExecutor: Database upgraded to version: 3565
[09/06/23 15:48:10:476 UTC]  INFO startup.StartupTasksExecutor: Database upgraded to version: 3600
[09/06/23 15:48:10:476 UTC]  INFO startup.StartupTasksExecutor: Database upgraded to version: 3605
[09/06/23 15:48:10:477 UTC]  INFO startup.StartupTasksExecutor: Database upgraded to version: 3700
[09/06/23 15:48:10:477 UTC]  INFO startup.StartupTasksExecutor: Database upgraded to version: 3705
[09/06/23 15:48:10:477 UTC]  INFO startup.StartupTasksExecutor: Database upgraded to version: 3710
[09/06/23 15:48:10:478 UTC]  INFO startup.StartupTasksExecutor: Database upgraded to version: 3715
[09/06/23 15:48:10:478 UTC]  INFO startup.StartupTasksExecutor: Database upgraded to version: 3720
[09/06/23 15:48:10:478 UTC]  INFO startup.StartupTasksExecutor: Database upgraded to version: 3725
[09/06/23 15:48:10:479 UTC]  INFO startup.StartupTasksExecutor: Database upgraded to version: 3735
[09/06/23 15:48:10:479 UTC]  INFO startup.StartupTasksExecutor: Database upgraded to version: 3740
[09/06/23 15:48:10:479 UTC]  INFO startup.StartupTasksExecutor: Database upgraded to version: 3745
[09/06/23 15:48:10:479 UTC]  INFO startup.StartupTasksExecutor: Database upgraded to version: 3800
[09/06/23 15:48:10:480 UTC]  INFO startup.StartupTasksExecutor: Database upgraded to version: 4100
[09/06/23 15:48:10:480 UTC]  INFO startup.StartupTasksExecutor: Database upgraded to version: 4105
[09/06/23 15:48:10:481 UTC]  INFO startup.StartupTasksExecutor: Database upgraded to version: 4110
[09/06/23 15:48:10:482 UTC]  INFO startup.StartupTasksExecutor: Database upgraded to version: 4115
[09/06/23 15:48:10:482 UTC]  INFO startup.StartupTasksExecutor: Database upgraded to version: 4120
[09/06/23 15:48:10:483 UTC]  INFO startup.StartupTasksExecutor: Database upgraded to version: 4200
[09/06/23 15:48:10:484 UTC]  INFO startup.StartupTasksExecutor: Database upgraded to version: 4205
[09/06/23 15:48:10:484 UTC]  INFO startup.StartupTasksExecutor: Database upgraded to version: 4210
[09/06/23 15:48:10:485 UTC]  INFO startup.StartupTasksExecutor: Database upgraded to version: 4215
[09/06/23 15:48:10:485 UTC]  INFO startup.StartupTasksExecutor: Database upgraded to version: 4220
[09/06/23 15:48:10:485 UTC]  INFO startup.StartupTasksExecutor: Database upgraded to version: 4230
[09/06/23 15:48:10:486 UTC]  INFO startup.StartupTasksExecutor: Database upgraded to version: 4235
[09/06/23 15:48:10:486 UTC]  INFO startup.StartupTasksExecutor: Database upgraded to version: 4300
[09/06/23 15:48:10:487 UTC]  INFO startup.StartupTasksExecutor: Database upgraded to version: 4305
[09/06/23 15:48:10:489 UTC]  INFO startup.StartupTasksExecutor: Database upgraded to version: 4310
[09/06/23 15:48:10:489 UTC]  INFO startup.StartupTasksExecutor: Database upgraded to version: 4315
[09/06/23 15:48:10:490 UTC]  INFO startup.StartupTasksExecutor: Database upgraded to version: 4320
[09/06/23 15:48:10:490 UTC]  INFO startup.StartupTasksExecutor: Database upgraded to version: 4330
[09/06/23 15:48:10:491 UTC]  INFO startup.StartupTasksExecutor: Database upgraded to version: 4335
[09/06/23 15:48:10:498 UTC]  INFO startup.StartupTasksExecutor: Database upgraded to version: 4340
[09/06/23 15:48:10:498 UTC]  INFO startup.StartupTasksExecutor: Database upgraded to version: 4345
[09/06/23 15:48:10:499 UTC]  INFO startup.StartupTasksExecutor: Database upgraded to version: 4350
[09/06/23 15:48:10:499 UTC]  INFO startup.StartupTasksExecutor: Database upgraded to version: 4355
[09/06/23 15:48:10:499 UTC]  INFO startup.StartupTasksExecutor: Database upgraded to version: 4360
[09/06/23 15:48:10:500 UTC]  INFO startup.StartupTasksExecutor: Database upgraded to version: 4365
[09/06/23 15:48:10:500 UTC]  INFO startup.StartupTasksExecutor: Database upgraded to version: 4370
[09/06/23 15:48:10:500 UTC]  INFO startup.StartupTasksExecutor: Database upgraded to version: 4375
[09/06/23 15:48:10:501 UTC]  INFO startup.StartupTasksExecutor: Database upgraded to version: 4380
[09/06/23 15:48:10:501 UTC]  INFO startup.StartupTasksExecutor: Database upgraded to version: 4385
[09/06/23 15:48:10:501 UTC]  INFO startup.StartupTasksExecutor: Database upgraded to version: 4390
[09/06/23 15:48:10:502 UTC]  INFO startup.StartupTasksExecutor: Database upgraded to version: 5030
[09/06/23 15:48:10:502 UTC]  INFO startup.StartupTasksExecutor: Database upgraded to version: 5035
[09/06/23 15:48:10:502 UTC]  INFO startup.StartupTasksExecutor: Database upgraded to version: 5040
[09/06/23 15:48:10:503 UTC]  INFO startup.StartupTasksExecutor: Database upgraded to version: 5050
[09/06/23 15:48:10:504 UTC]  INFO startup.StartupTasksExecutor: Database upgraded to version: 5060
[09/06/23 15:48:10:504 UTC]  INFO startup.StartupTasksExecutor: Database upgraded to version: 5070
[09/06/23 15:48:10:504 UTC]  INFO startup.StartupTasksExecutor: Database upgraded to version: 5080
[09/06/23 15:48:10:504 UTC]  INFO startup.StartupTasksExecutor: Database upgraded to version: 5150
[09/06/23 15:48:10:505 UTC]  INFO startup.StartupTasksExecutor: Database upgraded to version: 5160
[09/06/23 15:48:10:505 UTC]  INFO startup.StartupTasksExecutor: Database upgraded to version: 5165
[09/06/23 15:48:10:505 UTC]  INFO startup.StartupTasksExecutor: Database upgraded to version: 5170
[09/06/23 15:48:10:506 UTC]  INFO startup.StartupTasksExecutor: Database upgraded to version: 5175
[09/06/23 15:48:10:506 UTC]  INFO startup.StartupTasksExecutor: Database upgraded to version: 5180
[09/06/23 15:48:10:508 UTC]  INFO startup.StartupTasksExecutor: Database upgraded to version: 5190
[09/06/23 15:48:10:508 UTC]  INFO startup.StartupTasksExecutor: Database upgraded to version: 5195
[09/06/23 15:48:10:508 UTC]  INFO startup.StartupTasksExecutor: Database upgraded to version: 5200
[09/06/23 15:48:10:509 UTC]  INFO startup.StartupTasksExecutor: Database upgraded to version: 5210
[09/06/23 15:48:10:509 UTC]  INFO startup.StartupTasksExecutor: Database upgraded to version: 5215
[09/06/23 15:48:10:510 UTC]  INFO startup.StartupTasksExecutor: Database upgraded to version: 5220
[09/06/23 15:48:10:510 UTC]  INFO startup.StartupTasksExecutor: Database upgraded to version: 5225
[09/06/23 15:48:10:511 UTC]  INFO startup.StartupTasksExecutor: Database upgraded to version: 5300
[09/06/23 15:48:10:511 UTC]  INFO startup.StartupTasksExecutor: Database upgraded to version: 5305
[09/06/23 15:48:10:511 UTC]  INFO startup.StartupTasksExecutor: Database upgraded to version: 5350
[09/06/23 15:48:10:511 UTC]  INFO startup.StartupTasksExecutor: Database upgraded to version: 5370
[09/06/23 15:48:10:512 UTC]  INFO startup.StartupTasksExecutor: Database upgraded to version: 5380
[09/06/23 15:48:10:513 UTC]  INFO startup.StartupTasksExecutor: Database upgraded to version: 5390
[09/06/23 15:48:10:513 UTC]  INFO startup.StartupTasksExecutor: Database upgraded to version: 5395
[09/06/23 15:48:10:513 UTC]  INFO startup.StartupTasksExecutor: Database upgraded to version: 201013
[09/06/23 15:48:10:513 UTC]  INFO startup.StartupTasksExecutor: Database upgraded to version: 201014
[09/06/23 15:48:10:514 UTC]  INFO startup.StartupTasksExecutor: Database upgraded to version: 201102
[09/06/23 15:48:10:518 UTC]  INFO startup.StartupTasksExecutor: Database upgraded to version: 210218
[09/06/23 15:48:10:518 UTC]  INFO startup.StartupTasksExecutor: Database upgraded to version: 210316
[09/06/23 15:48:10:518 UTC]  INFO startup.StartupTasksExecutor: Database upgraded to version: 210319
[09/06/23 15:48:10:519 UTC]  INFO startup.StartupTasksExecutor: Database upgraded to version: 210321
[09/06/23 15:48:10:520 UTC]  INFO startup.StartupTasksExecutor: Database upgraded to version: 210506
[09/06/23 15:48:10:521 UTC]  INFO startup.StartupTasksExecutor: Database upgraded to version: 210510
[09/06/23 15:48:10:522 UTC]  INFO startup.StartupTasksExecutor: Database upgraded to version: 210520
[09/06/23 15:48:10:522 UTC]  INFO startup.StartupTasksExecutor: Database upgraded to version: 210527
[09/06/23 15:48:10:523 UTC]  INFO startup.StartupTasksExecutor: Database upgraded to version: 210719
[09/06/23 15:48:10:525 UTC]  INFO startup.StartupTasksExecutor: Database upgraded to version: 210802
[09/06/23 15:48:10:525 UTC]  INFO startup.StartupTasksExecutor: Database upgraded to version: 210805
[09/06/23 15:48:10:530 UTC]  INFO startup.StartupTasksExecutor: Database upgraded to version: 210816
[09/06/23 15:48:10:531 UTC]  INFO startup.StartupTasksExecutor: Database upgraded to version: 210901
[09/06/23 15:48:10:532 UTC]  INFO startup.StartupTasksExecutor: Database upgraded to version: 211007
[09/06/23 15:48:10:533 UTC]  INFO startup.StartupTasksExecutor: Database upgraded to version: 211012
[09/06/23 15:48:10:534 UTC]  INFO startup.StartupTasksExecutor: Database upgraded to version: 211020
[09/06/23 15:48:10:535 UTC]  INFO startup.StartupTasksExecutor: Database upgraded to version: 211101
[09/06/23 15:48:10:536 UTC]  INFO startup.StartupTasksExecutor: Database upgraded to version: 211103
[09/06/23 15:48:10:537 UTC]  INFO startup.StartupTasksExecutor: Database upgraded to version: 220202
[09/06/23 15:48:10:538 UTC]  INFO startup.StartupTasksExecutor: Database upgraded to version: 220203
[09/06/23 15:48:10:539 UTC]  INFO startup.StartupTasksExecutor: Database upgraded to version: 220214
[09/06/23 15:48:10:540 UTC]  INFO startup.StartupTasksExecutor: Database upgraded to version: 220215
[09/06/23 15:48:10:540 UTC]  INFO startup.StartupTasksExecutor: Database upgraded to version: 220330
[09/06/23 15:48:10:541 UTC]  INFO startup.StartupTasksExecutor: Database upgraded to version: 220401
[09/06/23 15:48:10:544 UTC]  INFO startup.StartupTasksExecutor: Database upgraded to version: 220402
[09/06/23 15:48:10:545 UTC]  INFO startup.StartupTasksExecutor: Database upgraded to version: 220413
[09/06/23 15:48:10:546 UTC]  INFO startup.StartupTasksExecutor: Database upgraded to version: 220512
[09/06/23 15:48:10:547 UTC]  INFO startup.StartupTasksExecutor: Database upgraded to version: 220606
[09/06/23 15:48:10:548 UTC]  INFO startup.StartupTasksExecutor: Database upgraded to version: 220822
[09/06/23 15:48:10:549 UTC]  INFO startup.StartupTasksExecutor: Database upgraded to version: 220824
[09/06/23 15:48:10:550 UTC]  INFO startup.StartupTasksExecutor: Database upgraded to version: 220825
[09/06/23 15:48:10:551 UTC]  INFO startup.StartupTasksExecutor: Database upgraded to version: 220829
[09/06/23 15:48:10:552 UTC]  INFO startup.StartupTasksExecutor: Database upgraded to version: 220912
[09/06/23 15:48:10:553 UTC]  INFO startup.StartupTasksExecutor: Database upgraded to version: 220928
[09/06/23 15:48:10:554 UTC]  INFO startup.StartupTasksExecutor: Database upgraded to version: 221007
[09/06/23 15:48:10:555 UTC]  INFO startup.StartupTasksExecutor: Database upgraded to version: 221018
[09/06/23 15:48:10:556 UTC]  INFO startup.StartupTasksExecutor: Database upgraded to version: 230110
[09/06/23 15:48:10:557 UTC]  INFO startup.StartupTasksExecutor: Database upgraded to version: 230119
[09/06/23 15:48:10:558 UTC]  INFO startup.StartupTasksExecutor: Database upgraded to version: 230328
[09/06/23 15:48:10:559 UTC]  INFO startup.StartupTasksExecutor: Database upgraded to version: 230426
[09/06/23 15:48:10:560 UTC]  INFO startup.StartupTasksExecutor: Database upgraded to version: 230523
[09/06/23 15:48:10:560 UTC]  INFO reindex.ReindexThread: --- Unpausing reindex thread 
[09/06/23 15:48:10:561 UTC]  INFO startup.StartupTasksExecutor: Finishing upgrade tasks.
[09/06/23 15:48:10:562 UTC]  INFO startup.StartupTasksExecutor: Running Backported Tasks
[09/06/23 15:48:10:562 UTC]  INFO startup.StartupTasksExecutor: Finishing Backported tasks.
[09/06/23 15:48:10:574 UTC]  INFO util.Config: Setting property: CACHE_BINDPORT to 5701
[09/06/23 15:48:10:582 UTC]  INFO cluster.ClusterFactory: Cluster topography has changed. This might force a rewire
[09/06/23 15:48:10:583 UTC]  INFO cluster.ClusterFactory: Expecting Servers:[]
[09/06/23 15:48:10:596 UTC]  INFO cluster.ClusterFactory: Found Servers:[server={serverId=f76936c4-74c6-42c1-9170-4c4cd52f3d73, clusterId=4a3227824d, ipAddress=172.18.0.3, host=null, name=dd209845a796, esTransportTcpPort=null, esNetworkPort=null, esHttpPort=9200, cachePort=5701, lastHeartBeat=1686325690581, key=null, licenseSerial=1cfc7c95-9fe0-4dcb-abe7-c31b9f0517fd, startupTime=0}]
[09/06/23 15:48:10:597 UTC]  INFO cluster.ClusterFactory: Cluster Active. Rewiring
[09/06/23 15:48:10:599 UTC]  INFO business.ChainableCacheAdministratorImpl: ***	 Cluster Update
[09/06/23 15:48:10:599 UTC]  INFO transport.PubSubCacheTransport: initing PubSubCacheTransport
[09/06/23 15:48:10:602 UTC]  INFO dotpubsub.PostgresPubSubImpl: Starting PostgresPubSub. Have servers:1
[09/06/23 15:48:10:602 UTC]  INFO dotpubsub.PostgresPubSubImpl: PGNotificationListener connecting to pub/sub...
[09/06/23 15:48:11:355 UTC]  INFO dotpubsub.PostgresPubSubImpl:  - LISTEN dotcache_topic
[09/06/23 15:48:11:371 UTC]  INFO transport.PubSubCacheTransport: Sending PING to cluster 
[09/06/23 15:48:11:383 UTC]  INFO license.LicenseManager: Updating server f76936c4-74c6-42c1-9170-4c4cd52f3d73 start time to 1686325645984
[09/06/23 15:48:11:386 UTC]  INFO servlet.MainServlet: SuppressPropertiesBeanIntrospector enabled for legacy Struts applications
[09/06/23 15:48:11:404 UTC]  INFO transport.CacheTransportTopic: Got PING from server:f76936c474. sending PONG
[09/06/23 15:48:11:405 UTC]  INFO transport.CacheTransportTopic: Got PONG from server:{"t":"PONG","top":"dotcache_topic","o":"f76936c474"}.
[09/06/23 15:48:11:592 UTC]  INFO config.DotInitializationService: Initializing DotCMS services
[09/06/23 15:48:11:594 UTC]  INFO config.DotInitializationService: Initializing :com.dotcms.api.system.event.SystemEventProcessorFactoryInitializer
[09/06/23 15:48:11:597 UTC]  INFO config.DotInitializationService: Initializing Done:com.dotcms.api.system.event.SystemEventProcessorFactoryInitializer, duration:0 seconds
[09/06/23 15:48:11:598 UTC]  INFO config.DotInitializationService: Initializing :com.dotcms.api.system.event.PayloadVerifierFactoryInitializer
[09/06/23 15:48:11:602 UTC]  INFO config.DotInitializationService: Initializing Done:com.dotcms.api.system.event.PayloadVerifierFactoryInitializer, duration:0 seconds
[09/06/23 15:48:11:603 UTC]  INFO config.DotInitializationService: Initializing :com.dotcms.system.event.local.business.LocalSystemEventSubscribersInitializer
[09/06/23 15:48:11:671 UTC]  INFO config.DotInitializationService: Initializing Done:com.dotcms.system.event.local.business.LocalSystemEventSubscribersInitializer, duration:0 seconds
[09/06/23 15:48:11:671 UTC]  INFO config.DotInitializationService: Initializing :com.dotmarketing.portlets.personas.business.PersonaAPIImpl
[09/06/23 15:48:11:673 UTC]  INFO config.DotInitializationService: Initializing Done:com.dotmarketing.portlets.personas.business.PersonaAPIImpl, duration:0 seconds
[09/06/23 15:48:11:673 UTC]  INFO config.DotInitializationService: Initializing :com.dotcms.rendering.velocity.events.ExceptionHandlersInitializer
[09/06/23 15:48:11:676 UTC]  INFO config.DotInitializationService: Initializing Done:com.dotcms.rendering.velocity.events.ExceptionHandlersInitializer, duration:0 seconds
[09/06/23 15:48:11:676 UTC]  INFO config.DotInitializationService: Initializing :com.dotcms.publishing.PublisherAPIImpl
[09/06/23 15:48:11:677 UTC]  INFO publishing.PublisherAPIImpl: Push Publishing Filters directory does not exist. Creating it under: /data/shared/assets/server/publishing-filters
[09/06/23 15:48:11:680 UTC]  INFO publishing.PublisherAPIImpl: dotcms filters files copied
[09/06/23 15:48:11:681 UTC]  INFO publishing.PublisherAPIImpl: Push Publishing Filters Directory: Lazy(/data/shared/assets/server/publishing-filters)
[09/06/23 15:48:11:681 UTC]  INFO publishing.PublisherAPIImpl: Loading Push Publish Filter: ShallowPush.yml
[09/06/23 15:48:11:787 UTC]  INFO publishing.PublisherAPIImpl: FilterDescriptor{key=ShallowPush.yml, title=Only Selected Items, sort=5, default=false, roles=DOTCMS_BACK_END_USER, filters{{excludeQuery=, excludeClasses=[], dependencies=false, excludeDependencyQuery=, excludeDependencyClasses=[], forcePush=false, relationships=false}}}
[09/06/23 15:48:11:790 UTC]  INFO publishing.PublisherAPIImpl: Loading Push Publish Filter: Intelligent.yml
[09/06/23 15:48:11:792 UTC]  INFO publishing.PublisherAPIImpl: FilterDescriptor{key=Intelligent.yml, title=Everything and Dependencies, sort=3, default=true, roles=DOTCMS_BACK_END_USER, filters{{excludeQuery=, excludeClasses=[], dependencies=true, excludeDependencyQuery=, excludeDependencyClasses=[], forcePush=false, relationships=true}}}
[09/06/23 15:48:11:793 UTC]  INFO publishing.PublisherAPIImpl: Loading Push Publish Filter: ForcePush.yml
[09/06/23 15:48:11:795 UTC]  INFO publishing.PublisherAPIImpl: FilterDescriptor{key=ForcePush.yml, title=Force Push Everything, sort=4, default=false, roles=DOTCMS_BACK_END_USER, filters{{excludeQuery=, excludeClasses=[], dependencies=true, excludeDependencyQuery=, excludeDependencyClasses=[], forcePush=true, relationships=true}}}
[09/06/23 15:48:11:796 UTC]  INFO publishing.PublisherAPIImpl: Loading Push Publish Filter: ContentOnly.yml
[09/06/23 15:48:11:799 UTC]  INFO publishing.PublisherAPIImpl: FilterDescriptor{key=ContentOnly.yml, title=Content and Relationships, sort=1, default=false, roles=DOTCMS_BACK_END_USER, filters{{excludeQuery=, excludeClasses=[ContentType, Template, Containers, Folder, Host, Links, Workflow, Language, Rule, User, OSGI], dependencies=true, excludeDependencyQuery=, excludeDependencyClasses=[ContentType, Template, Containers, Folder, Host, Links, Workflow, Language, Rule], forcePush=false, relationships=true}}}
[09/06/23 15:48:11:800 UTC]  INFO publishing.PublisherAPIImpl: Loading Push Publish Filter: WebContentOnly.yml
[09/06/23 15:48:11:802 UTC]  INFO publishing.PublisherAPIImpl: FilterDescriptor{key=WebContentOnly.yml, title=Content, Assets and Pages, sort=2, default=false, roles=DOTCMS_BACK_END_USER, filters{{excludeQuery=, excludeClasses=[Host, Workflow, ContentType, User, OSGI, Language], dependencies=true, excludeDependencyQuery=, excludeDependencyClasses=[Host, Workflow, ContentType, Language], forcePush=false, relationships=true}}}
[09/06/23 15:48:11:803 UTC]  INFO config.DotInitializationService: Initializing Done:com.dotcms.publishing.PublisherAPIImpl, duration:0 seconds
[09/06/23 15:48:11:803 UTC]  INFO config.DotInitializationService: Initializing :com.dotmarketing.portlets.containers.business.ContainerAPIImpl
[09/06/23 15:48:11:806 UTC]  INFO config.DotInitializationService: Initializing Done:com.dotmarketing.portlets.containers.business.ContainerAPIImpl, duration:0 seconds
[09/06/23 15:48:11:807 UTC]  INFO config.DotInitializationService: Initializing :com.dotmarketing.business.ThemeAPIImpl
[09/06/23 15:48:11:809 UTC]  INFO config.DotInitializationService: Initializing Done:com.dotmarketing.business.ThemeAPIImpl, duration:0 seconds
[09/06/23 15:48:11:809 UTC]  INFO config.DotInitializationService: Initializing :com.dotmarketing.portlets.templates.business.TemplateAPIImpl
[09/06/23 15:48:11:812 UTC]  INFO config.DotInitializationService: Initializing Done:com.dotmarketing.portlets.templates.business.TemplateAPIImpl, duration:0 seconds
[09/06/23 15:48:11:813 UTC]  INFO config.DotInitializationService: Initializing :com.dotcms.contenttype.business.ContentTypeInitializer
[09/06/23 15:48:11:842 UTC]  INFO util.ActivityLogger: class com.dotcms.contenttype.business.ContentTypeAPIImpl: system : Save ContentType Action , User system/system user system user added ContentType Dot Favorite Page to host id:SYSTEM_HOST
[09/06/23 15:48:11:842 UTC]  INFO business.ContentTypeAPIImpl: UserId : system : ContentType : ContentType saved : Dot Favorite Page
[09/06/23 15:48:11:842 UTC]  INFO util.AdminLogger: UserId : system : class com.dotcms.contenttype.business.ContentTypeAPIImpl : ContentType : ContentType saved : Dot Favorite Page
[09/06/23 15:48:11:844 UTC]  INFO reindex.ReindexThread: --- Unpausing reindex thread 
[09/06/23 15:48:16:381 UTC]  WARN util.FileUtil:  Fail to remove destination dir [/data/local/dotsecure/trash/h22/20230609154816380/2023-06-09_15-47-56]
[09/06/23 15:48:16:381 UTC]  WARN util.FileUtil:  Fail to remove destination dir [/data/local/dotsecure/trash/h22/20230609154816381/2023-06-09_15-47-44]
[09/06/23 15:48:16:443 UTC]  WARN util.FileUtil:  Fail to remove destination dir [/data/local/dotsecure/trash/h22/20230609154816443/2023-06-09_15-47-56]
[09/06/23 15:48:16:444 UTC]  WARN util.FileUtil:  Fail to remove destination dir [/data/local/dotsecure/trash/h22/20230609154816443/2023-06-09_15-47-44]
[09/06/23 15:48:16:954 UTC]  INFO concurrent.Debouncer: Debouncing : invalidateGraphSchema after 5000 MILLISECONDS
[09/06/23 15:48:17:954 UTC]  INFO business.WorkflowAPIImpl: Saving Schemas [ d61a59e1-a49c-46f2-a929-db2b4bfa88b2 ] for Content type 'ce930143870e11569f93f8a9fff5da19'
[09/06/23 15:48:17:954 UTC]  INFO util.SecurityLogger: class com.dotmarketing.portlets.workflows.business.WorkflowAPIImpl : Saving Schemas [ d61a59e1-a49c-46f2-a929-db2b4bfa88b2 ] for Content type 'ce930143870e11569f93f8a9fff5da19' -- ip:ukn,user:null
[09/06/23 15:48:20:973 UTC]  INFO config.DotInitializationService: Initializing Done:com.dotcms.contenttype.business.ContentTypeInitializer, duration:9 seconds
[09/06/23 15:48:20:973 UTC]  INFO config.DotInitializationService: Initializing :com.dotcms.variant.business.DefaultVariantInitializer
[09/06/23 15:48:23:988 UTC]  INFO config.DotInitializationService: Initializing Done:com.dotcms.variant.business.DefaultVariantInitializer, duration:3 seconds
[09/06/23 15:48:23:988 UTC]  INFO startup.StartupTasksExecutor: ---
[09/06/23 15:48:23:988 UTC]  INFO startup.StartupTasksExecutor: 
[09/06/23 15:48:23:988 UTC]  INFO startup.StartupTasksExecutor: Running Data Upgrade Tasks
[09/06/23 15:48:23:988 UTC]  INFO startup.StartupTasksExecutor: Database data version: 0
[09/06/23 15:48:23:991 UTC]  INFO startup.StartupTasksExecutor: Data upgraded to version: 230320
[09/06/23 15:48:23:992 UTC]  INFO startup.StartupTasksExecutor: Finishing data upgrade tasks.
[09/06/23 15:48:24:008 UTC]  INFO servlets.StartupLogger: InitServlet: Setting Default Timezone: Coordinated Universal Time
[09/06/23 15:48:24:011 UTC]  INFO servlets.StartupLogger: 
[09/06/23 15:48:24:011 UTC]  INFO servlets.StartupLogger:    Initializing dotCMS
[09/06/23 15:48:24:012 UTC]  INFO servlets.StartupLogger:    Using database: PostgreSQL
[09/06/23 15:48:24:012 UTC]  INFO servlets.StartupLogger:    Using dialect : com.dotcms.repackage.net.sf.hibernate.dialect.PostgreSQLDialect
[09/06/23 15:48:24:012 UTC]  INFO servlets.StartupLogger:    Company Name  : dotcms.org
[09/06/23 15:48:24:012 UTC]  INFO servlets.StartupLogger: 
[09/06/23 15:48:24:013 UTC]  INFO servlets.StartupLogger:    License       : PLATFORM EDITION
[09/06/23 15:48:24:013 UTC]  INFO servlets.StartupLogger:    Licensed to   : dotCMS Internal
[09/06/23 15:48:24:013 UTC]  INFO servlets.StartupLogger:    Server id     : f76936c4
[09/06/23 15:48:24:013 UTC]  INFO servlets.StartupLogger:    License id    : 1cfc7c95
[09/06/23 15:48:24:013 UTC]  INFO servlets.StartupLogger:    Expires       : Thu, 20 Aug 2099 04:00 AM
[09/06/23 15:48:24:015 UTC]  INFO servlets.StartupLogger: 
[09/06/23 15:48:24:015 UTC]  INFO servlets.InitServlet: 
[09/06/23 15:48:24:015 UTC]  INFO servlets.InitServlet: 
[09/06/23 15:48:24:061 UTC]  INFO business.VanityUrlAPIImpl: Populating 0 Vanity URLs for Site default
[09/06/23 15:48:24:063 UTC]  INFO business.VanityUrlAPIImpl: Populating 0 Vanity URLs for Site System Host
[09/06/23 15:48:24:064 UTC]  INFO business.VanityUrlAPIImpl: Populating 0 Vanity URLs for Site System Host
[09/06/23 15:48:24:122 UTC]  INFO impl.StdSchedulerFactory: Using default implementation for ThreadExecutor
[09/06/23 15:48:24:125 UTC]  INFO simpl.SimpleThreadPool: Job execution threads will use class loader of thread: main
[09/06/23 15:48:24:144 UTC]  INFO core.SchedulerSignalerImpl: Initialized Scheduler Signaller of type: class org.quartz.core.SchedulerSignalerImpl
[09/06/23 15:48:24:149 UTC]  INFO core.QuartzScheduler: Quartz Scheduler v.1.8.6 created.
[09/06/23 15:48:24:154 UTC]  INFO quartz.DotJobStore: Using db table-based data access locking (synchronization).
[09/06/23 15:48:24:159 UTC]  INFO quartz.DotJobStore: JobStoreCMT initialized.
[09/06/23 15:48:24:161 UTC]  INFO core.QuartzScheduler: Scheduler meta-data: Quartz Scheduler (v1.8.6) 'dotCMSQuartz' with instanceId 'NON_CLUSTERED'
  Scheduler class: 'org.quartz.core.QuartzScheduler' - running locally.
  NOT STARTED.
  Currently in standby mode.
  Number of jobs executed: 0
  Using thread pool 'org.quartz.simpl.SimpleThreadPool' - with 10 threads.
  Using job-store 'com.dotmarketing.quartz.DotJobStore' - which supports persistence. and is clustered.

[09/06/23 15:48:24:161 UTC]  INFO impl.StdSchedulerFactory: Quartz scheduler 'dotCMSQuartz' initialized from an externally provided properties instance.
[09/06/23 15:48:24:161 UTC]  INFO impl.StdSchedulerFactory: Quartz scheduler version: 1.8.6
[09/06/23 15:48:24:163 UTC]  INFO init.DotInitScheduler: Automatic Content Reindexation Cron Thread schedule disabled on this server
[09/06/23 15:48:24:163 UTC]  INFO init.DotInitScheduler: Deleting ContentReindexerJob Job
[09/06/23 15:48:24:174 UTC]  INFO init.DotInitScheduler: Users To Delete Cron Thread schedule disabled on this server
[09/06/23 15:48:24:174 UTC]  INFO init.DotInitScheduler: Deleting UsersToDeleteJob Job
[09/06/23 15:48:24:244 UTC]  INFO init.DotInitScheduler: LinkCheckerJob Cron Job schedule disabled on this server
[09/06/23 15:48:24:317 UTC]  INFO job.AccessTokenRenewJob$AccessTokensRenewJobScheduler: Stateful AnalyticsAccessTokenRenewJob (trigger31:group31) job was schedule to run at Fri Jun 09 15:49:00 UTC 2023
[09/06/23 15:48:24:344 UTC]  INFO core.QuartzScheduler: Scheduler dotCMSQuartz_$_NON_CLUSTERED started.
[09/06/23 15:48:24:413 UTC]  INFO runtime.ConcurrentParserPoolImpl: Initializing Velocity Parser Pool - min: 20 max:100 @ main
[09/06/23 15:48:24:538 UTC]  INFO servlets.InitServlet: Starting System OSGi Framework
[09/06/23 15:48:24:545 UTC]  INFO reindex.ReindexThread: --- Unpausing reindex thread 
[09/06/23 15:48:24:546 UTC]  INFO servlets.InitServlet: Starting Client OSGi Framework
[09/06/23 15:48:24:552 UTC]  INFO servlets.BinaryExporterServlet: Exporter "Content Image Fields Resizer" registered for path /resize-image
[09/06/23 15:48:24:554 UTC]  INFO servlets.BinaryExporterServlet: Exporter "Export Field Content" registered for path /raw-data
[09/06/23 15:48:24:555 UTC]  INFO servlets.BinaryExporterServlet: Exporter "Image Filter Exporter" registered for path /image
[09/06/23 15:48:24:557 UTC]  INFO dotpubsub.PostgresPubSubImpl: Starting PostgresPubSub. Have servers:1
[09/06/23 15:48:24:557 UTC]  INFO dotpubsub.PostgresPubSubImpl: PGNotificationListener already connected. Returning
[09/06/23 15:48:24:558 UTC]  INFO dotpubsub.PostgresPubSubImpl:  - LISTEN dotcache_topic
[09/06/23 15:48:24:558 UTC]  INFO servlets.BinaryExporterServlet: Exporter "Image Thumbnail Field Exporter" registered for path /image-thumbnail
[09/06/23 15:48:24:564 UTC]  INFO dotpubsub.PostgresPubSubImpl:  - LISTEN osgi_restart_topic
[09/06/23 15:48:24:566 UTC]  INFO framework.OSGIUtil: Felix base dir: /srv/dotserver/tomcat-9.0.60/webapps/ROOT/WEB-INF/felix
[09/06/23 15:48:24:567 UTC]  INFO framework.OSGIUtil: Found property  felix.auto.deploy.action=install,start
[09/06/23 15:48:24:567 UTC]  INFO framework.OSGIUtil: Found property  felix.fileinstall.log.level=3
[09/06/23 15:48:24:567 UTC]  INFO framework.OSGIUtil: Found property  felix.org.osgi.framework.startlevel.beginning=2
[09/06/23 15:48:24:567 UTC]  INFO framework.OSGIUtil: Found property  felix.org.osgi.framework.storage.clean=onFirstInit
[09/06/23 15:48:24:567 UTC]  INFO framework.OSGIUtil: Found property  felix.log.level=3
[09/06/23 15:48:24:567 UTC]  INFO framework.OSGIUtil: Found property  felix.cache.locking=false
[09/06/23 15:48:24:567 UTC]  INFO framework.OSGIUtil: Found property  felix.upload.dir=/data/shared/felix/upload
[09/06/23 15:48:24:567 UTC]  INFO framework.OSGIUtil: Found property  felix.fileinstall.dir=/data/shared/felix/load
[09/06/23 15:48:24:567 UTC]  INFO framework.OSGIUtil: Found property  felix.undeployed.dir=/data/shared/felix/undeployed
[09/06/23 15:48:24:568 UTC]  INFO framework.OSGIUtil: Building Directory:/srv/dotserver/tomcat-9.0.60/webapps/ROOT/WEB-INF/felix
[09/06/23 15:48:24:568 UTC]  INFO framework.OSGIUtil: Building Directory:/data/shared/felix/upload
[09/06/23 15:48:24:568 UTC]  INFO framework.OSGIUtil: Building Directory:/data/shared/felix/load
[09/06/23 15:48:24:568 UTC]  INFO framework.OSGIUtil: Building Directory:/data/shared/felix/undeployed
[09/06/23 15:48:24:572 UTC]  INFO framework.OSGIUtil: Building Directory:/srv/dotserver/tomcat-9.0.60/webapps/ROOT/WEB-INF/felix/bundle
[09/06/23 15:48:24:572 UTC]  INFO framework.OSGIUtil: Building Directory:/srv/dotserver/tomcat-9.0.60/webapps/ROOT/WEB-INF/felix/felix-cache
[09/06/23 15:48:24:576 UTC]  INFO framework.OSGIUtil: Starting the osgi reload on folder: /data/shared/felix/upload
[09/06/23 15:48:24:592 UTC]  INFO framework.OSGIUtil: Loading Factory org.apache.felix.framework.FrameworkFactory
[09/06/23 15:48:24:959 UTC]  INFO apps.SecretsKeyStoreHelper: KeyStore loaded successfully after `1` tries.
[09/06/23 15:48:24:995 UTC]  INFO framework.OSGIUtil: osgi felix framework started
[09/06/23 15:48:25:012 UTC]  INFO apps.SecretsKeyStoreHelper: KeyStore loaded successfully after `1` tries.
[09/06/23 15:48:25:032 UTC]  WARN struts.MultiMessageResources: Duplicate resource property definition (key=was ==> is now): contenttypes.content.copy=Copy ==> Copy
[09/06/23 15:48:25:037 UTC]  WARN struts.MultiMessageResources: Duplicate resource property definition (key=was ==> is now): message.category.import=Importing Categories.  This operation cannot be cancelled or undone. ==> IMPORT
[09/06/23 15:48:25:038 UTC]  WARN struts.MultiMessageResources: Duplicate resource property definition (key=was ==> is now): message.containers.create.content_type_code=Content Type Code ==> Content Type Code
[09/06/23 15:48:25:044 UTC]  WARN struts.MultiMessageResources: Duplicate resource property definition (key=was ==> is now): Save=Save ==> Save
[09/06/23 15:48:25:046 UTC]  WARN struts.MultiMessageResources: Duplicate resource property definition (key=was ==> is now): Move=Move ==> Move
[09/06/23 15:48:25:048 UTC]  WARN struts.MultiMessageResources: Duplicate resource property definition (key=was ==> is now): archived=archived ==> Archived
[09/06/23 15:48:25:103 UTC]  INFO saml.DotSamlProxyFactory: SAML Osgi Bundle has been started
[09/06/23 15:48:25:108 UTC]  WARN impl.SamlConfigurationServiceImpl: The /data/shared/assets/saml/dotcms-saml-default.properties does not exists or can not read
[09/06/23 15:48:25:233 UTC]  INFO apps.SecretsKeyStoreHelper: KeyStore loaded successfully after `1` tries.
[09/06/23 15:48:25:303 UTC]  INFO util.GeoIp2CityDbUtil: Connecting to GeoIP2 database:/srv/dotserver/tomcat-9.0.60/webapps/ROOT/WEB-INF/geoip2/GeoLite2-City.mmdb
[09/06/23 15:48:25:357 UTC]  WARN rules.RulesAPIImpl: Actionlet with name 'CountRulesActionlet' already registered.
[09/06/23 15:48:25:358 UTC]  WARN rules.RulesAPIImpl: Actionlet with name 'SetSessionAttributeActionlet' already registered.
[09/06/23 15:48:25:358 UTC]  WARN rules.RulesAPIImpl: Actionlet with name 'SetRequestAttributeActionlet' already registered.
[09/06/23 15:48:25:359 UTC]  WARN rules.RulesAPIImpl: Actionlet with name 'SetResponseHeaderActionlet' already registered.
[09/06/23 15:48:25:359 UTC]  WARN rules.RulesAPIImpl: Actionlet with name 'PersonaActionlet' already registered.
[09/06/23 15:48:25:359 UTC]  WARN rules.RulesAPIImpl: Actionlet with name 'VisitorTagsActionlet' already registered.
[09/06/23 15:48:25:360 UTC]  WARN rules.RulesAPIImpl: Actionlet with name 'SendRedirectActionlet' already registered.
[09/06/23 15:48:25:360 UTC]  WARN rules.RulesAPIImpl: Actionlet with name 'StopProcessingActionlet' already registered.
[09/06/23 15:48:25:585 UTC]  WARN rest.WebResource: InitDataObject Error: uri:/api/v1/publishqueue err:Invalid User
[09/06/23 15:48:25:585 UTC]  WARN rest.WebResource: Invalid User
[09/06/23 15:48:25:585 UTC]  WARN rest.WebResource: com.dotcms.rest.WebResource.authenticate(WebResource.java:522)
[09/06/23 15:48:29:498 UTC]  INFO util.SecurityLogger: class com.dotmarketing.cms.login.factories.LoginFactory : User (dotcms.org.1) password was re-hashed 600000 times -- ip:172.18.0.1,user:null
[09/06/23 15:48:32:839 UTC]  WARN auth.PrincipalThreadLocal: getName null
[09/06/23 15:48:32:844 UTC]  INFO util.SecurityLogger: class com.dotcms.cms.login.LoginServiceAPIFactory$LoginServiceImpl : User dotcms.org.1 has successfully login from IP: 172.18.0.1 -- ip:172.18.0.1,user:Admin User [ID: dotcms.org.1][email:admin@dotcms.com]
[09/06/23 15:48:37:949 UTC]  WARN auth.PrincipalThreadLocal: getName dotcms.org.1
[09/06/23 15:48:37:955 UTC]  INFO util.SecurityLogger: class com.dotcms.cms.login.LoginServiceAPIFactory$LoginServiceImpl : User dotcms.org.1 has successfully login from IP: 172.18.0.1 -- ip:172.18.0.1,user:Admin User [ID: dotcms.org.1][email:admin@dotcms.com]
[09/06/23 15:48:37:957 UTC]  INFO util.Config: Setting property: USE_JWT_TOKEN_IN_PUSH_PUBLISH to false
[09/06/23 15:48:41:111 UTC]  INFO util.SecurityLogger: class com.dotmarketing.cms.login.factories.LoginFactory : User admin@dotcms.com has sucessfully logged in from IP: 172.18.0.1 -- ip:172.18.0.1,user:Admin User [ID: dotcms.org.1][email:admin@dotcms.com]
[09/06/23 15:48:41:144 UTC]  WARN business.PermissionCacheImpl:  !!! Putting an empty list of permissions in the cache for asset:42406d0e-9ee9-4763-b144-315982c679e2. Every asset should have at least 1 permission (or inherited permission) associated with it
[09/06/23 15:48:47:232 UTC]  INFO util.SecurityLogger: class com.dotmarketing.cms.login.factories.LoginFactory : User admin@dotcms.com has sucessfully logged in from IP: 172.18.0.1 -- ip:172.18.0.1,user:Admin User [ID: dotcms.org.1][email:admin@dotcms.com]
[09/06/23 15:48:50:256 UTC]  INFO ajax.PublishingEndpointAjaxAction: receiver ; 6bf07657-b6af-456f-8fe1-5277ae131f44
[09/06/23 15:48:53:376 UTC]  INFO util.SecurityLogger: class com.dotmarketing.cms.login.factories.LoginFactory : User admin@dotcms.com has sucessfully logged in from IP: 172.18.0.1 -- ip:172.18.0.1,user:Admin User [ID: dotcms.org.1][email:admin@dotcms.com]
[09/06/23 15:48:56:388 UTC]  INFO ajax.PublishingEndpointAjaxAction: receiver ; 660fef7b-b72b-445d-add5-e2d65601ca2d
[09/06/23 15:48:58:528 UTC]  INFO reindex.ReindexThread: --- ReindexThread Paused (every 3600000 millis)
[09/06/23 15:48:59:495 UTC]  INFO util.SecurityLogger: class com.dotmarketing.cms.login.factories.LoginFactory : User admin@dotcms.com has sucessfully logged in from IP: 172.18.0.1 -- ip:172.18.0.1,user:Admin User [ID: dotcms.org.1][email:admin@dotcms.com]
[09/06/23 15:48:59:571 UTC]  INFO util.PushPublishLogger: class com.dotcms.publisher.business.PublishAuditStatus : Status Update: Pending.
[09/06/23 15:48:59:735 UTC]  INFO rest.PushPublisherJob: Started bundle publish process
[09/06/23 15:48:59:736 UTC]  INFO util.PushPublishLogger: class com.dotcms.rest.PushPublisherJob : [BundleID: content_type_and_content_demo.tar.gz] Started bundle publish process
[09/06/23 15:49:00:040 UTC]  INFO timedcache.TimedCacheProvider: ***	 Building Cache : esquerycache, size:10000, seconds:3600,Concurrency:32 (every 60000 millis)
[09/06/23 15:49:00:181 UTC]  INFO apps.SecretsKeyStoreHelper: KeyStore loaded successfully after `1` tries.
[09/06/23 15:49:00:291 UTC]  INFO apps.SecretsKeyStoreHelper: KeyStore loaded successfully after `1` tries.
[09/06/23 15:49:00:301 UTC]  INFO util.ActivityLogger: class com.dotcms.content.elasticsearch.business.ESContentletAPIImpl: System Host : Saving Content , StartDate: N/D; EndDate: N/D; User:system; ContentIdentifier: 48190c8c-42c4-46af-8d1a-0cd5db894797
[09/06/23 15:49:00:320 UTC]  INFO business.IdentifierAPIImpl: Creating new identifier for versionable asset of type `content` and title `demo.dotcms.com` 
[09/06/23 15:49:00:352 UTC] ERROR business.PublisherQueueJob: An error occurred when trying to publish bundles: null
java.lang.NullPointerException: null
	at com.dotcms.publisher.business.PublisherQueueJob.updateBundleStatus(PublisherQueueJob.java:328) ~[dotcms_null.jar:?]
	at com.dotcms.publisher.business.PublisherQueueJob.updateAuditStatus(PublisherQueueJob.java:241) ~[dotcms_null.jar:?]
	at com.dotcms.publisher.business.PublisherQueueJob.execute(PublisherQueueJob.java:125) ~[dotcms_null.jar:?]
	at org.quartz.core.JobRunShell.run(JobRunShell.java:223) ~[dot.quartz-all-1.8.6_2.jar:?]
	at org.quartz.simpl.SimpleThreadPool$WorkerThread.run(SimpleThreadPool.java:549) ~[dot.quartz-all-1.8.6_2.jar:?]
[09/06/23 15:49:00:507 UTC]  INFO business.ContentletIndexAPIImpl: Indexing: 48190c8c-42c4-46af-8d1a-0cd5db894797 : demo.dotcms.com, includeDependencies: true, policy: FORCE
[09/06/23 15:49:00:607 UTC]  INFO util.ActivityLogger: class com.dotcms.content.elasticsearch.business.ESContentletAPIImpl: System Host : Content Saved , StartDate: N/D; EndDate: N/D; User:system; ContentIdentifier: 48190c8c-42c4-46af-8d1a-0cd5db894797
[09/06/23 15:49:00:654 UTC]  INFO business.ContentletIndexAPIImpl: Indexing: 48190c8c-42c4-46af-8d1a-0cd5db894797 : demo.dotcms.com, includeDependencies: false, policy: FORCE
[09/06/23 15:49:00:656 UTC]  INFO util.PushPublishLogger: class com.dotcms.enterprise.publishing.remote.handler.ContentHandler : [BundleID: content_type_and_content_demo.tar.gz] Host publish success, ID: 48190c8c-42c4-46af-8d1a-0cd5db894797, Inode: 6e8aca39-937c-437e-91d8-d46b631bdcc8, Name: demo.dotcms.com
[09/06/23 15:49:00:724 UTC]  INFO util.ActivityLogger: class com.dotcms.content.elasticsearch.business.ESContentletAPIImpl: System Host : Locking Content , StartDate: N/D; EndDate: N/D; User:system; ContentIdentifier: 8a7d5e23-da1e-420a-b4f0-471e7da8ea2d
[09/06/23 15:49:00:738 UTC]  INFO business.ContentletIndexAPIImpl: Indexing: 8a7d5e23-da1e-420a-b4f0-471e7da8ea2d : default, includeDependencies: false, policy: FORCE
[09/06/23 15:49:00:743 UTC]  INFO util.ActivityLogger: class com.dotcms.content.elasticsearch.business.ESContentletAPIImpl: System Host : Content Locked , StartDate: N/D; EndDate: N/D; User:system; ContentIdentifier: 8a7d5e23-da1e-420a-b4f0-471e7da8ea2d
[09/06/23 15:49:00:759 UTC]  INFO util.ActivityLogger: class com.dotcms.content.elasticsearch.business.ESContentletAPIImpl: System Host : Saving Content , StartDate: N/D; EndDate: N/D; User:system; ContentIdentifier: 8a7d5e23-da1e-420a-b4f0-471e7da8ea2d
[09/06/23 15:49:00:919 UTC]  INFO business.ContentletIndexAPIImpl: Indexing: 8a7d5e23-da1e-420a-b4f0-471e7da8ea2d : default, includeDependencies: true, policy: FORCE
[09/06/23 15:49:00:973 UTC]  INFO util.ActivityLogger: class com.dotcms.content.elasticsearch.business.ESContentletAPIImpl: System Host : Content Saved , StartDate: N/D; EndDate: N/D; User:system; ContentIdentifier: 8a7d5e23-da1e-420a-b4f0-471e7da8ea2d
[09/06/23 15:49:00:979 UTC]  INFO util.ActivityLogger: class com.dotcms.content.elasticsearch.business.ESContentletAPIImpl: System Host : Publishing Content , StartDate: N/D; EndDate: N/D; User:system; ContentIdentifier: 8a7d5e23-da1e-420a-b4f0-471e7da8ea2d
[09/06/23 15:49:00:982 UTC]  INFO business.ContentletIndexAPIImpl: Indexing: 8a7d5e23-da1e-420a-b4f0-471e7da8ea2d : default, includeDependencies: true, policy: FORCE
[09/06/23 15:49:01:023 UTC]  INFO util.ActivityLogger: class com.dotcms.content.elasticsearch.business.ESContentletAPIImpl: System Host : Content Published , StartDate: N/D; EndDate: N/D; User:system; ContentIdentifier: 8a7d5e23-da1e-420a-b4f0-471e7da8ea2d
[09/06/23 15:49:01:031 UTC]  INFO util.ActivityLogger: class com.dotcms.content.elasticsearch.business.ESContentletAPIImpl: System Host : Publishing Content , StartDate: N/D; EndDate: N/D; User:system; ContentIdentifier: 48190c8c-42c4-46af-8d1a-0cd5db894797
[09/06/23 15:49:01:033 UTC]  INFO business.ContentletIndexAPIImpl: Indexing: 48190c8c-42c4-46af-8d1a-0cd5db894797 : demo.dotcms.com, includeDependencies: true, policy: FORCE
[09/06/23 15:49:01:069 UTC]  INFO util.ActivityLogger: class com.dotcms.content.elasticsearch.business.ESContentletAPIImpl: System Host : Content Published , StartDate: N/D; EndDate: N/D; User:system; ContentIdentifier: 48190c8c-42c4-46af-8d1a-0cd5db894797
[09/06/23 15:49:01:072 UTC]  INFO business.ContentletIndexAPIImpl: Indexing: 48190c8c-42c4-46af-8d1a-0cd5db894797 : demo.dotcms.com, includeDependencies: true, policy: FORCE
[09/06/23 15:49:01:113 UTC]  INFO util.SecurityLogger: class com.dotmarketing.portlets.workflows.business.WorkflowAPIImpl : Workflow Scheme 'System Workflow' [d61a59e1-a49c-46f2-a929-db2b4bfa88b2] has been saved by User ID 'system' -- ip:172.18.0.1,user:Admin User [ID: dotcms.org.1][email:admin@dotcms.com]
[09/06/23 15:49:01:119 UTC]  INFO util.SecurityLogger: class com.dotmarketing.portlets.workflows.business.WorkflowAPIImpl : Workflow Step 'New' [6cb7e3bd-1710-4eed-8838-d3db60f78f19] has been saved by User ID 'system' -- ip:172.18.0.1,user:Admin User [ID: dotcms.org.1][email:admin@dotcms.com]
[09/06/23 15:49:01:122 UTC]  INFO util.SecurityLogger: class com.dotmarketing.portlets.workflows.business.WorkflowAPIImpl : Workflow Step 'Draft' [ee24a4cb-2d15-4c98-b1bd-6327126451f3] has been saved by User ID 'system' -- ip:172.18.0.1,user:Admin User [ID: dotcms.org.1][email:admin@dotcms.com]
[09/06/23 15:49:01:127 UTC]  INFO util.SecurityLogger: class com.dotmarketing.portlets.workflows.business.WorkflowAPIImpl : Workflow Step 'Published' [dc3c9cd0-8467-404b-bf95-cb7df3fbc293] has been saved by User ID 'system' -- ip:172.18.0.1,user:Admin User [ID: dotcms.org.1][email:admin@dotcms.com]
[09/06/23 15:49:01:131 UTC]  INFO util.SecurityLogger: class com.dotmarketing.portlets.workflows.business.WorkflowAPIImpl : Workflow Step 'Archived' [d6b095b6-b65f-4bdb-bbfd-701d663dfee2] has been saved by User ID 'system' -- ip:172.18.0.1,user:Admin User [ID: dotcms.org.1][email:admin@dotcms.com]
[09/06/23 15:49:01:144 UTC]  INFO util.SecurityLogger: class com.dotmarketing.portlets.workflows.business.WorkflowAPIImpl : Action id: '4da13a42-5d59-480c-ad8f-94a3adf809fe' has been reordered by user: system -- ip:172.18.0.1,user:Admin User [ID: dotcms.org.1][email:admin@dotcms.com]
[09/06/23 15:49:01:147 UTC]  WARN business.PermissionCacheImpl:  !!! Putting an empty list of permissions in the cache for asset:4da13a42-5d59-480c-ad8f-94a3adf809fe. Every asset should have at least 1 permission (or inherited permission) associated with it
[09/06/23 15:49:01:159 UTC]  INFO util.SecurityLogger: class com.dotmarketing.portlets.workflows.business.WorkflowAPIImpl : Action id: '963f6a04-5320-42e7-ab74-6d876d199946' has been reordered by user: system -- ip:172.18.0.1,user:Admin User [ID: dotcms.org.1][email:admin@dotcms.com]
[09/06/23 15:49:01:161 UTC]  WARN business.PermissionCacheImpl:  !!! Putting an empty list of permissions in the cache for asset:963f6a04-5320-42e7-ab74-6d876d199946. Every asset should have at least 1 permission (or inherited permission) associated with it
[09/06/23 15:49:01:171 UTC]  INFO util.SecurityLogger: class com.dotmarketing.portlets.workflows.business.WorkflowAPIImpl : Action id: '777f1c6b-c877-4a37-ba4b-10627316c2cc' has been reordered by user: system -- ip:172.18.0.1,user:Admin User [ID: dotcms.org.1][email:admin@dotcms.com]
[09/06/23 15:49:01:175 UTC]  WARN business.PermissionCacheImpl:  !!! Putting an empty list of permissions in the cache for asset:777f1c6b-c877-4a37-ba4b-10627316c2cc. Every asset should have at least 1 permission (or inherited permission) associated with it
[09/06/23 15:49:01:185 UTC]  INFO util.SecurityLogger: class com.dotmarketing.portlets.workflows.business.WorkflowAPIImpl : Action id: '1e0f1c6b-b67f-4c99-983d-db2b4bfa88b2' has been reordered by user: system -- ip:172.18.0.1,user:Admin User [ID: dotcms.org.1][email:admin@dotcms.com]
[09/06/23 15:49:01:188 UTC]  WARN business.PermissionCacheImpl:  !!! Putting an empty list of permissions in the cache for asset:1e0f1c6b-b67f-4c99-983d-db2b4bfa88b2. Every asset should have at least 1 permission (or inherited permission) associated with it
[09/06/23 15:49:01:201 UTC]  INFO util.SecurityLogger: class com.dotmarketing.portlets.workflows.business.WorkflowAPIImpl : Action id: 'b9d89c80-3d88-4311-8365-187323c96436' has been reordered by user: system -- ip:172.18.0.1,user:Admin User [ID: dotcms.org.1][email:admin@dotcms.com]
[09/06/23 15:49:01:205 UTC]  WARN business.PermissionCacheImpl:  !!! Putting an empty list of permissions in the cache for asset:b9d89c80-3d88-4311-8365-187323c96436. Every asset should have at least 1 permission (or inherited permission) associated with it
[09/06/23 15:49:01:213 UTC]  INFO util.SecurityLogger: class com.dotmarketing.portlets.workflows.business.WorkflowAPIImpl : Action id: 'ceca71a0-deee-4999-bd47-b01baa1bcfc8' has been reordered by user: system -- ip:172.18.0.1,user:Admin User [ID: dotcms.org.1][email:admin@dotcms.com]
[09/06/23 15:49:01:219 UTC]  WARN business.PermissionCacheImpl:  !!! Putting an empty list of permissions in the cache for asset:ceca71a0-deee-4999-bd47-b01baa1bcfc8. Every asset should have at least 1 permission (or inherited permission) associated with it
[09/06/23 15:49:01:232 UTC]  INFO util.SecurityLogger: class com.dotmarketing.portlets.workflows.business.WorkflowAPIImpl : Action id: 'c92f9aa1-9503-4567-ac30-d3242b54d02d' has been reordered by user: system -- ip:172.18.0.1,user:Admin User [ID: dotcms.org.1][email:admin@dotcms.com]
[09/06/23 15:49:01:236 UTC]  WARN business.PermissionCacheImpl:  !!! Putting an empty list of permissions in the cache for asset:c92f9aa1-9503-4567-ac30-d3242b54d02d. Every asset should have at least 1 permission (or inherited permission) associated with it
[09/06/23 15:49:01:246 UTC]  INFO util.SecurityLogger: class com.dotmarketing.portlets.workflows.business.WorkflowAPIImpl : Action id: '38efc763-d78f-4e4b-b092-59cd8c579b93' has been reordered by user: system -- ip:172.18.0.1,user:Admin User [ID: dotcms.org.1][email:admin@dotcms.com]
[09/06/23 15:49:01:249 UTC]  WARN business.PermissionCacheImpl:  !!! Putting an empty list of permissions in the cache for asset:38efc763-d78f-4e4b-b092-59cd8c579b93. Every asset should have at least 1 permission (or inherited permission) associated with it
[09/06/23 15:49:01:263 UTC]  INFO util.SecurityLogger: class com.dotmarketing.portlets.workflows.business.WorkflowAPIImpl : The action id: 'ceca71a0-deee-4999-bd47-b01baa1bcfc8' has been saved by the user: system -- ip:172.18.0.1,user:Admin User [ID: dotcms.org.1][email:admin@dotcms.com]
[09/06/23 15:49:01:272 UTC]  INFO util.SecurityLogger: class com.dotmarketing.portlets.workflows.business.WorkflowAPIImpl : The action id: 'b9d89c80-3d88-4311-8365-187323c96436' has been saved by the user: system -- ip:172.18.0.1,user:Admin User [ID: dotcms.org.1][email:admin@dotcms.com]
[09/06/23 15:49:01:279 UTC]  INFO util.SecurityLogger: class com.dotmarketing.portlets.workflows.business.WorkflowAPIImpl : The action id: '777f1c6b-c877-4a37-ba4b-10627316c2cc' has been saved by the user: system -- ip:172.18.0.1,user:Admin User [ID: dotcms.org.1][email:admin@dotcms.com]
[09/06/23 15:49:01:287 UTC]  INFO util.SecurityLogger: class com.dotmarketing.portlets.workflows.business.WorkflowAPIImpl : The action id: 'ceca71a0-deee-4999-bd47-b01baa1bcfc8' has been saved by the user: system -- ip:172.18.0.1,user:Admin User [ID: dotcms.org.1][email:admin@dotcms.com]
[09/06/23 15:49:01:293 UTC]  INFO util.SecurityLogger: class com.dotmarketing.portlets.workflows.business.WorkflowAPIImpl : The action id: '38efc763-d78f-4e4b-b092-59cd8c579b93' has been saved by the user: system -- ip:172.18.0.1,user:Admin User [ID: dotcms.org.1][email:admin@dotcms.com]
[09/06/23 15:49:01:299 UTC]  INFO util.SecurityLogger: class com.dotmarketing.portlets.workflows.business.WorkflowAPIImpl : The action id: '963f6a04-5320-42e7-ab74-6d876d199946' has been saved by the user: system -- ip:172.18.0.1,user:Admin User [ID: dotcms.org.1][email:admin@dotcms.com]
[09/06/23 15:49:01:303 UTC]  INFO util.SecurityLogger: class com.dotmarketing.portlets.workflows.business.WorkflowAPIImpl : The action id: 'b9d89c80-3d88-4311-8365-187323c96436' has been saved by the user: system -- ip:172.18.0.1,user:Admin User [ID: dotcms.org.1][email:admin@dotcms.com]
[09/06/23 15:49:01:307 UTC]  INFO util.SecurityLogger: class com.dotmarketing.portlets.workflows.business.WorkflowAPIImpl : The action id: '4da13a42-5d59-480c-ad8f-94a3adf809fe' has been saved by the user: system -- ip:172.18.0.1,user:Admin User [ID: dotcms.org.1][email:admin@dotcms.com]
[09/06/23 15:49:01:312 UTC]  INFO util.SecurityLogger: class com.dotmarketing.portlets.workflows.business.WorkflowAPIImpl : The action id: '963f6a04-5320-42e7-ab74-6d876d199946' has been saved by the user: system -- ip:172.18.0.1,user:Admin User [ID: dotcms.org.1][email:admin@dotcms.com]
[09/06/23 15:49:01:317 UTC]  INFO util.SecurityLogger: class com.dotmarketing.portlets.workflows.business.WorkflowAPIImpl : The action id: 'ceca71a0-deee-4999-bd47-b01baa1bcfc8' has been saved by the user: system -- ip:172.18.0.1,user:Admin User [ID: dotcms.org.1][email:admin@dotcms.com]
[09/06/23 15:49:01:329 UTC]  INFO util.SecurityLogger: class com.dotmarketing.portlets.workflows.business.WorkflowAPIImpl : The action id: '38efc763-d78f-4e4b-b092-59cd8c579b93' has been saved by the user: system -- ip:172.18.0.1,user:Admin User [ID: dotcms.org.1][email:admin@dotcms.com]
[09/06/23 15:49:01:334 UTC]  INFO util.SecurityLogger: class com.dotmarketing.portlets.workflows.business.WorkflowAPIImpl : The action id: '4da13a42-5d59-480c-ad8f-94a3adf809fe' has been saved by the user: system -- ip:172.18.0.1,user:Admin User [ID: dotcms.org.1][email:admin@dotcms.com]
[09/06/23 15:49:01:339 UTC]  INFO util.SecurityLogger: class com.dotmarketing.portlets.workflows.business.WorkflowAPIImpl : The action id: 'b9d89c80-3d88-4311-8365-187323c96436' has been saved by the user: system -- ip:172.18.0.1,user:Admin User [ID: dotcms.org.1][email:admin@dotcms.com]
[09/06/23 15:49:01:344 UTC]  INFO util.SecurityLogger: class com.dotmarketing.portlets.workflows.business.WorkflowAPIImpl : The action id: 'c92f9aa1-9503-4567-ac30-d3242b54d02d' has been saved by the user: system -- ip:172.18.0.1,user:Admin User [ID: dotcms.org.1][email:admin@dotcms.com]
[09/06/23 15:49:01:349 UTC]  INFO util.SecurityLogger: class com.dotmarketing.portlets.workflows.business.WorkflowAPIImpl : The action id: '777f1c6b-c877-4a37-ba4b-10627316c2cc' has been saved by the user: system -- ip:172.18.0.1,user:Admin User [ID: dotcms.org.1][email:admin@dotcms.com]
[09/06/23 15:49:01:353 UTC]  INFO util.SecurityLogger: class com.dotmarketing.portlets.workflows.business.WorkflowAPIImpl : The action id: '1e0f1c6b-b67f-4c99-983d-db2b4bfa88b2' has been saved by the user: system -- ip:172.18.0.1,user:Admin User [ID: dotcms.org.1][email:admin@dotcms.com]
[09/06/23 15:49:01:432 UTC]  INFO util.SecurityLogger: class com.dotmarketing.portlets.workflows.business.WorkflowAPIImpl : Workflow Action Class with id: 'f970943f-3768-49b6-bc6b-f24f9affbfbf' has been deleted -- ip:172.18.0.1,user:Admin User [ID: dotcms.org.1][email:admin@dotcms.com]
[09/06/23 15:49:01:437 UTC]  INFO util.SecurityLogger: class com.dotmarketing.portlets.workflows.business.WorkflowAPIImpl : Workflow Action with id: dd4c4b7c-e9d3-4dc0-8fbf-36102f9c6324, name: Move has been deleted -- ip:172.18.0.1,user:Admin User [ID: dotcms.org.1][email:admin@dotcms.com]
[09/06/23 15:49:01:474 UTC]  INFO helper.SystemActionMappingsHandlerMerger: The mapping for systemAction: NEW, workflowAction: Optional[WorkflowAction [id=ceca71a0-deee-4999-bd47-b01baa1bcfc8, name=Save, stepId=null, nextStep=ee24a4cb-2d15-4c98-b1bd-6327126451f3]], and scheme: d61a59e1-a49c-46f2-a929-db2b4bfa88b2 has been saved
[09/06/23 15:49:01:480 UTC]  INFO helper.SystemActionMappingsHandlerMerger: The mapping for systemAction: EDIT, workflowAction: Optional[WorkflowAction [id=ceca71a0-deee-4999-bd47-b01baa1bcfc8, name=Save, stepId=null, nextStep=ee24a4cb-2d15-4c98-b1bd-6327126451f3]], and scheme: d61a59e1-a49c-46f2-a929-db2b4bfa88b2 has been saved
[09/06/23 15:49:01:483 UTC]  INFO helper.SystemActionMappingsHandlerMerger: The mapping for systemAction: UNPUBLISH, workflowAction: Optional[WorkflowAction [id=38efc763-d78f-4e4b-b092-59cd8c579b93, name=Unpublish, stepId=null, nextStep=ee24a4cb-2d15-4c98-b1bd-6327126451f3]], and scheme: d61a59e1-a49c-46f2-a929-db2b4bfa88b2 has been saved
[09/06/23 15:49:01:486 UTC]  INFO helper.SystemActionMappingsHandlerMerger: The mapping for systemAction: UNARCHIVE, workflowAction: Optional[WorkflowAction [id=c92f9aa1-9503-4567-ac30-d3242b54d02d, name=Unarchive, stepId=null, nextStep=ee24a4cb-2d15-4c98-b1bd-6327126451f3]], and scheme: d61a59e1-a49c-46f2-a929-db2b4bfa88b2 has been saved
[09/06/23 15:49:01:489 UTC]  INFO helper.SystemActionMappingsHandlerMerger: The mapping for systemAction: PUBLISH, workflowAction: Optional[WorkflowAction [id=b9d89c80-3d88-4311-8365-187323c96436, name=Publish, stepId=null, nextStep=dc3c9cd0-8467-404b-bf95-cb7df3fbc293]], and scheme: d61a59e1-a49c-46f2-a929-db2b4bfa88b2 has been saved
[09/06/23 15:49:01:492 UTC]  INFO helper.SystemActionMappingsHandlerMerger: The mapping for systemAction: ARCHIVE, workflowAction: Optional[WorkflowAction [id=4da13a42-5d59-480c-ad8f-94a3adf809fe, name=Archive, stepId=null, nextStep=d6b095b6-b65f-4bdb-bbfd-701d663dfee2]], and scheme: d61a59e1-a49c-46f2-a929-db2b4bfa88b2 has been saved
[09/06/23 15:49:01:495 UTC]  INFO helper.SystemActionMappingsHandlerMerger: The mapping for systemAction: DESTROY, workflowAction: Optional[WorkflowAction [id=1e0f1c6b-b67f-4c99-983d-db2b4bfa88b2, name=Destroy, stepId=null, nextStep=d6b095b6-b65f-4bdb-bbfd-701d663dfee2]], and scheme: d61a59e1-a49c-46f2-a929-db2b4bfa88b2 has been saved
[09/06/23 15:49:01:499 UTC]  INFO helper.SystemActionMappingsHandlerMerger: The mapping for systemAction: DELETE, workflowAction: Optional[WorkflowAction [id=777f1c6b-c877-4a37-ba4b-10627316c2cc, name=Delete, stepId=null, nextStep=d6b095b6-b65f-4bdb-bbfd-701d663dfee2]], and scheme: d61a59e1-a49c-46f2-a929-db2b4bfa88b2 has been saved
[09/06/23 15:49:01:501 UTC]  INFO util.PushPublishLogger: class com.dotcms.enterprise.publishing.remote.handler.WorkflowHandler : [BundleID: content_type_and_content_demo.tar.gz] Workflow publish success, ID: d61a59e1-a49c-46f2-a929-db2b4bfa88b2, Name: System Workflow
[09/06/23 15:49:01:567 UTC]  INFO util.ActivityLogger: class com.dotcms.contenttype.business.ContentTypeAPIImpl: system : Save ContentType Action , User system/system user system user added ContentType Host to host id:SYSTEM_HOST
[09/06/23 15:49:01:567 UTC]  INFO business.ContentTypeAPIImpl: UserId : system : ContentType : ContentType saved : Host
[09/06/23 15:49:01:567 UTC]  INFO util.AdminLogger: UserId : system : class com.dotcms.contenttype.business.ContentTypeAPIImpl : ContentType : ContentType saved : Host
[09/06/23 15:49:01:581 UTC]  INFO util.ActivityLogger: class com.dotmarketing.util.ActivityLogger: system : Update Field Action , User system/system user modified field fields-0 to Host Structure.
[09/06/23 15:49:01:596 UTC]  INFO util.ActivityLogger: class com.dotmarketing.util.ActivityLogger: system : Update Field Action , User system/system user modified field fields-1 to Host Structure.
[09/06/23 15:49:01:611 UTC]  INFO util.ActivityLogger: class com.dotmarketing.util.ActivityLogger: system : Update Field Action , User system/system user modified field Host Name to Host Structure.
[09/06/23 15:49:01:625 UTC]  INFO util.ActivityLogger: class com.dotmarketing.util.ActivityLogger: system : Update Field Action , User system/system user modified field Aliases to Host Structure.
[09/06/23 15:49:01:630 UTC]  INFO business.FieldAPIImpl: No changes made to field: isDefault, returning
[09/06/23 15:49:01:641 UTC]  INFO util.ActivityLogger: class com.dotmarketing.util.ActivityLogger: system : Update Field Action , User system/system user modified field Tag Storage to Host Structure.
[09/06/23 15:49:01:654 UTC]  INFO util.ActivityLogger: class com.dotmarketing.util.ActivityLogger: system : Update Field Action , User system/system user modified field Host Thumbnail to Host Structure.
[09/06/23 15:49:01:658 UTC]  INFO business.FieldAPIImpl: No changes made to field: isSystemHost, returning
[09/06/23 15:49:01:669 UTC]  INFO util.ActivityLogger: class com.dotmarketing.util.ActivityLogger: system : Update Field Action , User system/system user modified field Run Dashboard to Host Structure.
[09/06/23 15:49:01:686 UTC]  INFO util.ActivityLogger: class com.dotmarketing.util.ActivityLogger: system : Save Field Action , User system/system user added field Meta Data (Default) to Host Structure.
[09/06/23 15:49:01:703 UTC]  INFO util.ActivityLogger: class com.dotmarketing.util.ActivityLogger: system : Save Field Action , User system/system user added field Keywords to Host Structure.
[09/06/23 15:49:01:722 UTC]  INFO util.ActivityLogger: class com.dotmarketing.util.ActivityLogger: system : Save Field Action , User system/system user added field Description to Host Structure.
[09/06/23 15:49:01:741 UTC]  INFO util.ActivityLogger: class com.dotmarketing.util.ActivityLogger: system : Save Field Action , User system/system user added field Site Tags to Host Structure.
[09/06/23 15:49:01:761 UTC]  INFO util.ActivityLogger: class com.dotmarketing.util.ActivityLogger: system : Save Field Action , User system/system user added field Google Map to Host Structure.
[09/06/23 15:49:01:782 UTC]  INFO util.ActivityLogger: class com.dotmarketing.util.ActivityLogger: system : Save Field Action , User system/system user added field Google Analytics to Host Structure.
[09/06/23 15:49:01:803 UTC]  INFO util.ActivityLogger: class com.dotmarketing.util.ActivityLogger: system : Save Field Action , User system/system user added field Add This to Host Structure.
[09/06/23 15:49:01:826 UTC]  INFO util.ActivityLogger: class com.dotmarketing.util.ActivityLogger: system : Save Field Action , User system/system user added field Proxy Url for Edit Mode to Host Structure.
[09/06/23 15:49:01:850 UTC]  INFO util.ActivityLogger: class com.dotmarketing.util.ActivityLogger: system : Save Field Action , User system/system user added field Embedded Dashboard Url to Host Structure.
[09/06/23 15:49:01:856 UTC]  INFO util.PushPublishLogger: class com.dotcms.enterprise.publishing.remote.handler.ContentTypeHandler : [BundleID: content_type_and_content_demo.tar.gz] Content Type publish success, ID: 855a2d72-f2f3-4169-8b04-ac5157c4380c, Name: Host
[09/06/23 15:49:01:860 UTC]  INFO util.SecurityLogger: class com.dotmarketing.portlets.workflows.business.WorkflowAPIImpl : Saving schemes [ [WorkflowScheme [id=d61a59e1-a49c-46f2-a929-db2b4bfa88b2, name=System Workflow, archived=false, mandatory=false]] ] for Content Type [ com.dotmarketing.portlets.structure.model.Structure@7d1b7085[name=Host,description=System hosts information,defaultStructure=false,reviewInterval=<null>,reviewerRole=<null>,pagedetail=<null>,structureType=1,fixed=true,system=true,velocityVarName=Host,urlMapPattern=<null>,host=SYSTEM_HOST,folder=SYSTEM_FOLDER,publishDateVar=<null>,expireDateVar=<null>,modDate=Fri Jun 09 15:49:02 UTC 2023,icon=event_note,sortOrder=0,iDate=Mon Mar 28 15:10:14 UTC 2016,type=structure,owner=<null>,inode=855a2d72-f2f3-4169-8b04-ac5157c4380c,identifier=855a2d72-f2f3-4169-8b04-ac5157c4380c] ] -- ip:172.18.0.1,user:Admin User [ID: dotcms.org.1][email:admin@dotcms.com]
[09/06/23 15:49:01:869 UTC]  INFO business.ContentTypeAPIImpl: Content type not found with given id: ea533f67-4883-42bb-9701-83293e7313e5. Continuing...
[09/06/23 15:49:01:876 UTC]  INFO util.ActivityLogger: class com.dotmarketing.util.ActivityLogger: system : Save Field Action , User system/system user added field fields-0 to type_2 Structure.
[09/06/23 15:49:01:883 UTC]  INFO util.ActivityLogger: class com.dotmarketing.util.ActivityLogger: system : Save Field Action , User system/system user added field fields-1 to type_2 Structure.
[09/06/23 15:49:01:890 UTC]  INFO util.ActivityLogger: class com.dotmarketing.util.ActivityLogger: system : Save Field Action , User system/system user added field text_1 to type_2 Structure.
[09/06/23 15:49:01:893 UTC]  INFO util.ActivityLogger: class com.dotcms.contenttype.business.ContentTypeAPIImpl: system : Save ContentType Action , User system/system user system user added ContentType type_2 to host id:48190c8c-42c4-46af-8d1a-0cd5db894797
[09/06/23 15:49:01:893 UTC]  INFO business.ContentTypeAPIImpl: UserId : system : ContentType : ContentType saved : type_2
[09/06/23 15:49:01:893 UTC]  INFO util.AdminLogger: UserId : system : class com.dotcms.contenttype.business.ContentTypeAPIImpl : ContentType : ContentType saved : type_2
[09/06/23 15:49:01:894 UTC]  INFO util.PushPublishLogger: class com.dotcms.enterprise.publishing.remote.handler.ContentTypeHandler : [BundleID: content_type_and_content_demo.tar.gz] Content Type publish success, ID: ea533f67-4883-42bb-9701-83293e7313e5, Name: type_2
[09/06/23 15:49:01:895 UTC]  INFO util.SecurityLogger: class com.dotmarketing.portlets.workflows.business.WorkflowAPIImpl : Saving schemes [ [WorkflowScheme [id=d61a59e1-a49c-46f2-a929-db2b4bfa88b2, name=System Workflow, archived=false, mandatory=false]] ] for Content Type [ com.dotmarketing.portlets.structure.model.Structure@7a3e346d[name=type_2,description=<null>,defaultStructure=false,reviewInterval=<null>,reviewerRole=<null>,pagedetail=<null>,structureType=1,fixed=false,system=false,velocityVarName=Type2,urlMapPattern=<null>,host=48190c8c-42c4-46af-8d1a-0cd5db894797,folder=SYSTEM_FOLDER,publishDateVar=<null>,expireDateVar=<null>,modDate=Thu Oct 08 17:32:29 UTC 2020,icon=<null>,sortOrder=0,iDate=Thu Oct 08 17:32:19 UTC 2020,type=structure,owner=<null>,inode=ea533f67-4883-42bb-9701-83293e7313e5,identifier=ea533f67-4883-42bb-9701-83293e7313e5] ] -- ip:172.18.0.1,user:Admin User [ID: dotcms.org.1][email:admin@dotcms.com]
[09/06/23 15:49:01:913 UTC]  INFO util.PushPublishLogger: class com.dotcms.enterprise.publishing.remote.handler.LanguageVariablesHandler : [BundleID: content_type_and_content_demo.tar.gz] Language File publish success, Name: cms_language_en.properties
[09/06/23 15:49:01:913 UTC]  INFO util.PushPublishLogger: class com.dotcms.enterprise.publishing.remote.handler.LanguageVariablesHandler : [BundleID: content_type_and_content_demo.tar.gz] Language File publish success, Name: cms_language_en_US.properties
[09/06/23 15:49:01:913 UTC]  INFO util.PushPublishLogger: class com.dotcms.enterprise.publishing.remote.handler.LanguageVariablesHandler : [BundleID: content_type_and_content_demo.tar.gz] Language File publish success, Name: cms_language_es.properties
[09/06/23 15:49:01:914 UTC]  INFO util.PushPublishLogger: class com.dotcms.enterprise.publishing.remote.handler.LanguageVariablesHandler : [BundleID: content_type_and_content_demo.tar.gz] Language File publish success, Name: cms_language_es_ES.properties
[09/06/23 15:49:01:915 UTC]  INFO util.PushPublishLogger: class com.dotcms.enterprise.publishing.remote.handler.LanguageVariablesHandler : [BundleID: content_type_and_content_demo.tar.gz] Language File publish success, Name: cms_language_fr.properties
[09/06/23 15:49:01:916 UTC]  INFO util.PushPublishLogger: class com.dotcms.enterprise.publishing.remote.handler.LanguageVariablesHandler : [BundleID: content_type_and_content_demo.tar.gz] Language File publish success, Name: cms_language_fr_FR.properties
[09/06/23 15:49:01:916 UTC]  INFO util.PushPublishLogger: class com.dotcms.enterprise.publishing.remote.handler.LanguageVariablesHandler : [BundleID: content_type_and_content_demo.tar.gz] Language File publish success, Name: cms_language_zh.properties
[09/06/23 15:49:01:917 UTC]  INFO util.PushPublishLogger: class com.dotcms.enterprise.publishing.remote.handler.LanguageVariablesHandler : [BundleID: content_type_and_content_demo.tar.gz] Language File publish success, Name: cms_language_zh_CN.properties
[09/06/23 15:49:02:679 UTC]  INFO reindex.ReindexThread: --- Unpausing reindex thread 
[09/06/23 15:49:02:830 UTC]  INFO reindex.BulkProcessorListener: -----------
[09/06/23 15:49:02:830 UTC]  INFO reindex.BulkProcessorListener: Reindexing Server #  : 1 of 1
[09/06/23 15:49:02:830 UTC]  INFO reindex.BulkProcessorListener: Total Indexed        : 0
[09/06/23 15:49:02:830 UTC]  INFO reindex.BulkProcessorListener: ReindexEntries found : 3
[09/06/23 15:49:02:830 UTC]  INFO reindex.BulkProcessorListener: BulkRequests created : 6
[09/06/23 15:49:02:830 UTC]  INFO reindex.BulkProcessorListener: -----------
[09/06/23 15:49:04:337 UTC]  INFO delegate.SystemEventsJobDelegate: The event: 5b8b086b-1d4a-4eb6-9c01-d098ce6fc3e9, has been skipped on the server: f76936c4-74c6-42c1-9170-4c4cd52f3d73
[09/06/23 15:49:04:337 UTC]  INFO delegate.SystemEventsJobDelegate: The event: 132b7926-6cb1-473a-9913-dc0683e4ba18, has been skipped on the server: f76936c4-74c6-42c1-9170-4c4cd52f3d73
[09/06/23 15:49:07:684 UTC]  INFO concurrent.Debouncer: Debouncing : invalidateGraphSchema after 5000 MILLISECONDS
[09/06/23 15:49:08:768 UTC]  INFO util.PushPublishLogger: class com.dotcms.rest.PushPublisherJob : [BundleID: content_type_and_content_demo.tar.gz] Finished bundle publish process
[09/06/23 15:49:08:768 UTC]  INFO rest.PushPublisherJob: Finished bundle publish process
[09/06/23 15:49:08:906 UTC]  INFO apps.SecretsKeyStoreHelper: KeyStore loaded successfully after `1` tries.
[09/06/23 15:49:11:915 UTC]  INFO util.SecurityLogger: class com.dotmarketing.cms.login.factories.LoginFactory : User admin@dotcms.com has sucessfully logged in from IP: 172.18.0.1 -- ip:172.18.0.1,user:Admin User [ID: dotcms.org.1][email:admin@dotcms.com]
[09/06/23 15:49:11:925 UTC]  INFO rest.BundleResource: Deleting all bundles by the user: dotcms.org.1
[09/06/23 15:49:11:930 UTC]  INFO business.BundleAPIImpl: Deleting all bundles with statuses: [BUNDLE_REQUESTED, BUNDLING, SENDING_TO_ENDPOINTS, FAILED_TO_SEND_TO_ALL_GROUPS, FAILED_TO_SEND_TO_SOME_GROUPS, FAILED_TO_BUNDLE, FAILED_TO_SENT, FAILED_TO_PUBLISH, SUCCESS, BUNDLE_SENT_SUCCESSFULLY, RECEIVED_BUNDLE, PUBLISHING_BUNDLE, WAITING_FOR_PUBLISHING, BUNDLE_SAVED_SUCCESSFULLY, INVALID_TOKEN, LICENSE_REQUIRED, SUCCESS_WITH_WARNINGS, FAILED_INTEGRITY_CHECK]by the user: dotcms.org.1
[09/06/23 15:49:11:937 UTC]  INFO business.BundleAPIImpl: Removing bundle: content_type_and_content_demo and dependencies by: dotcms.org.1
[09/06/23 15:49:11:938 UTC]  INFO business.BundleAPIImpl: Removing audit status for a bundle: content_type_and_content_demo
[09/06/23 15:49:11:939 UTC]  INFO business.PublishAuditAPIImpl: Deleting the bundle: content_type_and_content_demo
[09/06/23 15:49:11:939 UTC]  INFO business.BundleAPIImpl: Removing all assets from bundle: content_type_and_content_demo
[09/06/23 15:49:11:940 UTC]  INFO business.BundleAPIImpl: Removing environments from bundle: content_type_and_content_demo
[09/06/23 15:49:11:940 UTC]  INFO business.BundleAPIImpl: Removing bundle: content_type_and_content_demo
[09/06/23 15:49:11:967 UTC]  INFO business.BundleAPIImpl: Deleted 1 bundles, failed 0 bundles
[09/06/23 15:49:11:969 UTC]  WARN struts.MultiMessageResources: Duplicate resource property definition (key=was ==> is now): contenttypes.content.copy=Copy ==> Copy
[09/06/23 15:49:11:972 UTC]  WARN struts.MultiMessageResources: Duplicate resource property definition (key=was ==> is now): message.category.import=Importing Categories.  This operation cannot be cancelled or undone. ==> IMPORT
[09/06/23 15:49:11:972 UTC]  WARN struts.MultiMessageResources: Duplicate resource property definition (key=was ==> is now): message.containers.create.content_type_code=Content Type Code ==> Content Type Code
[09/06/23 15:49:11:974 UTC]  WARN struts.MultiMessageResources: Duplicate resource property definition (key=was ==> is now): Save=Save ==> Save
[09/06/23 15:49:11:976 UTC]  WARN struts.MultiMessageResources: Duplicate resource property definition (key=was ==> is now): Move=Move ==> Move
[09/06/23 15:49:11:977 UTC]  WARN struts.MultiMessageResources: Duplicate resource property definition (key=was ==> is now): archived=archived ==> Archived
[09/06/23 15:49:14:346 UTC]  INFO delegate.SystemEventsJobDelegate: The event: a4537627-468b-45ed-b40e-abf43b8a3124, has been skipped on the server: f76936c4-74c6-42c1-9170-4c4cd52f3d73
[09/06/23 15:49:14:346 UTC]  INFO delegate.SystemEventsJobDelegate: The event: 75f76adb-7b73-4b98-94da-64fe74ffe838, has been skipped on the server: f76936c4-74c6-42c1-9170-4c4cd52f3d73
[09/06/23 15:49:25:048 UTC]  INFO util.SecurityLogger: class com.dotmarketing.cms.login.factories.LoginFactory : User admin@dotcms.com has sucessfully logged in from IP: 172.18.0.1 -- ip:172.18.0.1,user:Admin User [ID: dotcms.org.1][email:admin@dotcms.com]
[09/06/23 15:49:25:112 UTC]  WARN ajax.RemotePublishAjaxAction: Unable to find asset id = [ea533f67-4883-42bb-9701-83293e7313e5]
[09/06/23 15:49:25:169 UTC]  INFO util.PushPublishLogger: class com.dotcms.publisher.business.PublisherAPIImpl : [BundleID: 01H2GDJ8ZG2AFD89Z6B446KV6N] Asset added to Push Publish Queue. Action: Added by Browsing, Asset Type: contenttype, Asset Id: ea533f67-4883-42bb-9701-83293e7313e5, User: dotcms.org.1
[09/06/23 15:49:28:290 UTC]  INFO util.SecurityLogger: class com.dotmarketing.cms.login.factories.LoginFactory : User admin@dotcms.com has sucessfully logged in from IP: 172.18.0.1 -- ip:172.18.0.1,user:Admin User [ID: dotcms.org.1][email:admin@dotcms.com]
[09/06/23 15:49:30:317 UTC]  INFO business.PublisherQueueJob: 
[09/06/23 15:49:30:318 UTC]  INFO business.PublisherQueueJob: Found 1 bundle(s) to process.
[09/06/23 15:49:30:319 UTC]  INFO business.PublisherQueueJob: 
[09/06/23 15:49:30:319 UTC]  INFO business.PublisherQueueJob: Processing bundle: ID: 01H2GDJ8ZG2AFD89Z6B446KV6N. Status: Starting. Publish Date: 2020-09-10 17:14:00.0
[09/06/23 15:49:30:320 UTC]  INFO util.PushPublishLogger: class com.dotcms.publisher.business.PublishAuditStatus : Status Update: Pending.
[09/06/23 15:49:30:325 UTC]  INFO util.PushPublishLogger: class com.dotcms.publisher.business.PublisherQueueJob : Pre-publish work started.
[09/06/23 15:49:30:340 UTC]  INFO util.PushPublishLogger: class com.dotcms.publisher.business.PublisherQueueJob : Pre-publish work complete.
[09/06/23 15:49:30:342 UTC]  INFO util.PushPublishLogger: class com.dotcms.publishing.PublisherAPIImpl : [BundleID: 01H2GDJ8ZG2AFD89Z6B446KV6N] Started Publishing Task
[09/06/23 15:49:30:354 UTC]  INFO publishing.PublisherAPIImpl: Start of Bundler: DependencyBundler
[09/06/23 15:49:39:450 UTC]  INFO dependencies.ConcurrentDependencyProcessor: DependencyProcessor Finished
[09/06/23 15:49:39:450 UTC]  INFO publishing.PublisherAPIImpl: End of Bundler: DependencyBundler
[09/06/23 15:49:39:450 UTC]  INFO publishing.PublisherAPIImpl: Start of Bundler: HostBundler
[09/06/23 15:49:39:453 UTC]  INFO util.PushPublishLogger: class com.dotcms.enterprise.publishing.remote.bundler.HostBundler : Status Update: Bundling.
[09/06/23 15:49:39:531 UTC]  INFO bundler.HostBundler: Searching for ContentletVersionInfo. Identifier: 48190c8c-42c4-46af-8d1a-0cd5db894797. Language:1
[09/06/23 15:49:39:569 UTC]  INFO util.PushPublishLogger: class com.dotcms.enterprise.publishing.remote.bundler.HostBundler : Status Update: Bundling.
[09/06/23 15:49:39:570 UTC]  INFO publishing.PublisherAPIImpl: End of Bundler: HostBundler
[09/06/23 15:49:39:571 UTC]  INFO publishing.PublisherAPIImpl: Start of Bundler: ContentBundler
[09/06/23 15:49:39:573 UTC]  INFO util.PushPublishLogger: class com.dotcms.enterprise.publishing.remote.bundler.ContentBundler : Status Update: Bundling.
[09/06/23 15:49:39:576 UTC]  INFO util.PushPublishLogger: class com.dotcms.enterprise.publishing.remote.bundler.ContentBundler : Status Update: Bundling.
[09/06/23 15:49:39:577 UTC]  INFO publishing.PublisherAPIImpl: End of Bundler: ContentBundler
[09/06/23 15:49:39:578 UTC]  INFO publishing.PublisherAPIImpl: Start of Bundler: FolderBundler
[09/06/23 15:49:39:579 UTC]  INFO publishing.PublisherAPIImpl: End of Bundler: FolderBundler
[09/06/23 15:49:39:580 UTC]  INFO publishing.PublisherAPIImpl: Start of Bundler: TemplateBundler
[09/06/23 15:49:39:581 UTC]  INFO publishing.PublisherAPIImpl: End of Bundler: TemplateBundler
[09/06/23 15:49:39:581 UTC]  INFO publishing.PublisherAPIImpl: Start of Bundler: ContainerBundler
[09/06/23 15:49:39:582 UTC]  INFO publishing.PublisherAPIImpl: End of Bundler: ContainerBundler
[09/06/23 15:49:39:583 UTC]  INFO publishing.PublisherAPIImpl: Start of Bundler: RuleBundler
[09/06/23 15:49:39:584 UTC]  INFO publishing.PublisherAPIImpl: End of Bundler: RuleBundler
[09/06/23 15:49:39:585 UTC]  INFO publishing.PublisherAPIImpl: Start of Bundler: LinkBundler
[09/06/23 15:49:39:586 UTC]  INFO publishing.PublisherAPIImpl: End of Bundler: LinkBundler
[09/06/23 15:49:39:587 UTC]  INFO publishing.PublisherAPIImpl: Start of Bundler: ContentTypeBundler
[09/06/23 15:49:39:629 UTC]  INFO publishing.PublisherAPIImpl: End of Bundler: ContentTypeBundler
[09/06/23 15:49:39:631 UTC]  INFO publishing.PublisherAPIImpl: Start of Bundler: RelationshipBundler
[09/06/23 15:49:39:632 UTC]  INFO publishing.PublisherAPIImpl: End of Bundler: RelationshipBundler
[09/06/23 15:49:39:632 UTC]  INFO publishing.PublisherAPIImpl: Start of Bundler: LanguageVariablesBundler
[09/06/23 15:49:39:643 UTC]  WARN util.FileUtil: /data/shared/assets/messages/cms_language_en_US.properties is empty
[09/06/23 15:49:39:644 UTC]  WARN util.FileUtil: /data/shared/assets/messages/cms_language_es_ES.properties is empty
[09/06/23 15:49:39:646 UTC]  WARN util.FileUtil: /data/shared/assets/messages/cms_language_fr_FR.properties is empty
[09/06/23 15:49:39:648 UTC]  WARN util.FileUtil: /data/shared/assets/messages/cms_language_zh_CN.properties is empty
[09/06/23 15:49:39:649 UTC]  INFO publishing.PublisherAPIImpl: End of Bundler: LanguageVariablesBundler
[09/06/23 15:49:39:650 UTC]  INFO publishing.PublisherAPIImpl: Start of Bundler: WorkflowBundler
[09/06/23 15:49:39:742 UTC]  INFO publishing.PublisherAPIImpl: End of Bundler: WorkflowBundler
[09/06/23 15:49:39:742 UTC]  INFO publishing.PublisherAPIImpl: Start of Bundler: LanguageBundler
[09/06/23 15:49:39:742 UTC]  INFO publishing.PublisherAPIImpl: End of Bundler: LanguageBundler
[09/06/23 15:49:39:742 UTC]  INFO publishing.PublisherAPIImpl: Start of Bundler: BundleXMLAsc
[09/06/23 15:49:39:743 UTC]  INFO publishing.PublisherAPIImpl: End of Bundler: BundleXMLAsc
[09/06/23 15:49:39:743 UTC]  INFO publishing.PublisherAPIImpl: Start of Bundler: CategoryBundler
[09/06/23 15:49:39:743 UTC]  INFO publishing.PublisherAPIImpl: End of Bundler: CategoryBundler
[09/06/23 15:49:39:758 UTC]  INFO util.PushPublishLogger: class com.dotcms.publisher.pusher.PushPublisher : Status Update: Sending to all environments
[09/06/23 15:49:39:760 UTC]  INFO util.PushPublishLogger: class com.dotcms.publisher.pusher.PushPublisher : Status Update: Sending Bundle
[09/06/23 15:49:39:845 UTC]  INFO pusher.AuthCredentialPushPublishUtil: Is JWT in Push publish avaible?: false
[09/06/23 15:49:39:848 UTC]  INFO pusher.AuthCredentialPushPublishUtil: PublishingEndPoint: receiver-1686325730340
[09/06/23 15:49:39:849 UTC]  INFO pusher.AuthCredentialPushPublishUtil: PublishingEndPoint key: Optional[pmWkWSBCL51Bfkhn79xPuKBKHz//H6B+mY6G9/eieuM=]
[09/06/23 15:49:39:850 UTC]  INFO pusher.AuthCredentialPushPublishUtil: Token from request: pmWkWSBCL51Bfkhn79xPuKBKHz//H6B+mY6G9/eieuM=
[09/06/23 15:49:39:857 UTC]  INFO util.PushPublishLogger: class com.dotcms.publisher.business.PublishAuditStatus : Status Update: Pending.
[09/06/23 15:49:39:885 UTC]  INFO quartz.DotStatefulJob: New Task for job `PushPublisherJob` scheduled for execution `39 49 15 9 6 ? 2023`.
[09/06/23 15:49:39:902 UTC]  INFO rest.PushPublisherJob: Started bundle publish process
[09/06/23 15:49:39:902 UTC]  INFO util.PushPublishLogger: class com.dotcms.rest.PushPublisherJob : [BundleID: 01H2GDJ8ZG2AFD89Z6B446KV6N.tar.gz] Started bundle publish process
[09/06/23 15:49:39:919 UTC]  INFO util.PushPublishLogger: class com.dotcms.publisher.pusher.PushPublisher : Status Update: Bundle sent
[09/06/23 15:49:39:919 UTC]  INFO util.PushPublishLogger: class com.dotcms.publisher.pusher.PushPublisher : Status Update: Bundle sent
[09/06/23 15:49:39:933 UTC]  INFO util.PushPublishLogger: class com.dotcms.publishing.PublisherAPIImpl : [BundleID: 01H2GDJ8ZG2AFD89Z6B446KV6N] Completed Publishing Task
[09/06/23 15:49:39:954 UTC]  INFO util.ActivityLogger: class com.dotcms.content.elasticsearch.business.ESContentletAPIImpl: System Host : Saving Content , StartDate: N/D; EndDate: N/D; User:system; ContentIdentifier: 48190c8c-42c4-46af-8d1a-0cd5db894797
[09/06/23 15:49:40:018 UTC]  INFO business.ContentletIndexAPIImpl: Indexing: 48190c8c-42c4-46af-8d1a-0cd5db894797 : demo.dotcms.com, includeDependencies: true, policy: FORCE
[09/06/23 15:49:40:097 UTC]  INFO util.ActivityLogger: class com.dotcms.content.elasticsearch.business.ESContentletAPIImpl: System Host : Content Saved , StartDate: N/D; EndDate: N/D; User:system; ContentIdentifier: 48190c8c-42c4-46af-8d1a-0cd5db894797
[09/06/23 15:49:40:103 UTC]  INFO business.ContentletIndexAPIImpl: Indexing: 48190c8c-42c4-46af-8d1a-0cd5db894797 : demo.dotcms.com, includeDependencies: false, policy: FORCE
[09/06/23 15:49:40:104 UTC]  INFO util.PushPublishLogger: class com.dotcms.enterprise.publishing.remote.handler.ContentHandler : [BundleID: 01H2GDJ8ZG2AFD89Z6B446KV6N.tar.gz] Host publish success, ID: 48190c8c-42c4-46af-8d1a-0cd5db894797, Inode: 6e8aca39-937c-437e-91d8-d46b631bdcc8, Name: demo.dotcms.com
[09/06/23 15:49:40:122 UTC]  INFO business.ContentletIndexAPIImpl: Indexing: 48190c8c-42c4-46af-8d1a-0cd5db894797 : demo.dotcms.com, includeDependencies: true, policy: FORCE
[09/06/23 15:49:40:137 UTC]  INFO util.SecurityLogger: class com.dotmarketing.portlets.workflows.business.WorkflowAPIImpl : Workflow Scheme 'System Workflow' [d61a59e1-a49c-46f2-a929-db2b4bfa88b2] has been saved by User ID 'system' -- ip:ukn,user:null
[09/06/23 15:49:40:142 UTC]  INFO util.SecurityLogger: class com.dotmarketing.portlets.workflows.business.WorkflowAPIImpl : Workflow Step 'New' [6cb7e3bd-1710-4eed-8838-d3db60f78f19] has been saved by User ID 'system' -- ip:ukn,user:null
[09/06/23 15:49:40:145 UTC]  INFO util.SecurityLogger: class com.dotmarketing.portlets.workflows.business.WorkflowAPIImpl : Workflow Step 'Draft' [ee24a4cb-2d15-4c98-b1bd-6327126451f3] has been saved by User ID 'system' -- ip:ukn,user:null
[09/06/23 15:49:40:148 UTC]  INFO util.SecurityLogger: class com.dotmarketing.portlets.workflows.business.WorkflowAPIImpl : Workflow Step 'Published' [dc3c9cd0-8467-404b-bf95-cb7df3fbc293] has been saved by User ID 'system' -- ip:ukn,user:null
[09/06/23 15:49:40:151 UTC]  INFO util.SecurityLogger: class com.dotmarketing.portlets.workflows.business.WorkflowAPIImpl : Workflow Step 'Archived' [d6b095b6-b65f-4bdb-bbfd-701d663dfee2] has been saved by User ID 'system' -- ip:ukn,user:null
[09/06/23 15:49:40:157 UTC]  INFO util.SecurityLogger: class com.dotmarketing.portlets.workflows.business.WorkflowAPIImpl : Action id: '4da13a42-5d59-480c-ad8f-94a3adf809fe' has been reordered by user: system -- ip:ukn,user:null
[09/06/23 15:49:40:161 UTC]  WARN business.PermissionCacheImpl:  !!! Putting an empty list of permissions in the cache for asset:4da13a42-5d59-480c-ad8f-94a3adf809fe. Every asset should have at least 1 permission (or inherited permission) associated with it
[09/06/23 15:49:40:168 UTC]  INFO util.SecurityLogger: class com.dotmarketing.portlets.workflows.business.WorkflowAPIImpl : Action id: '963f6a04-5320-42e7-ab74-6d876d199946' has been reordered by user: system -- ip:ukn,user:null
[09/06/23 15:49:40:170 UTC]  WARN business.PermissionCacheImpl:  !!! Putting an empty list of permissions in the cache for asset:963f6a04-5320-42e7-ab74-6d876d199946. Every asset should have at least 1 permission (or inherited permission) associated with it
[09/06/23 15:49:40:176 UTC]  INFO util.SecurityLogger: class com.dotmarketing.portlets.workflows.business.WorkflowAPIImpl : Action id: '777f1c6b-c877-4a37-ba4b-10627316c2cc' has been reordered by user: system -- ip:ukn,user:null
[09/06/23 15:49:40:179 UTC]  WARN business.PermissionCacheImpl:  !!! Putting an empty list of permissions in the cache for asset:777f1c6b-c877-4a37-ba4b-10627316c2cc. Every asset should have at least 1 permission (or inherited permission) associated with it
[09/06/23 15:49:40:184 UTC]  INFO util.SecurityLogger: class com.dotmarketing.portlets.workflows.business.WorkflowAPIImpl : Action id: '1e0f1c6b-b67f-4c99-983d-db2b4bfa88b2' has been reordered by user: system -- ip:ukn,user:null
[09/06/23 15:49:40:186 UTC]  WARN business.PermissionCacheImpl:  !!! Putting an empty list of permissions in the cache for asset:1e0f1c6b-b67f-4c99-983d-db2b4bfa88b2. Every asset should have at least 1 permission (or inherited permission) associated with it
[09/06/23 15:49:40:191 UTC]  INFO util.SecurityLogger: class com.dotmarketing.portlets.workflows.business.WorkflowAPIImpl : Action id: 'b9d89c80-3d88-4311-8365-187323c96436' has been reordered by user: system -- ip:ukn,user:null
[09/06/23 15:49:40:193 UTC]  WARN business.PermissionCacheImpl:  !!! Putting an empty list of permissions in the cache for asset:b9d89c80-3d88-4311-8365-187323c96436. Every asset should have at least 1 permission (or inherited permission) associated with it
[09/06/23 15:49:40:199 UTC]  INFO util.SecurityLogger: class com.dotmarketing.portlets.workflows.business.WorkflowAPIImpl : Action id: 'ceca71a0-deee-4999-bd47-b01baa1bcfc8' has been reordered by user: system -- ip:ukn,user:null
[09/06/23 15:49:40:201 UTC]  WARN business.PermissionCacheImpl:  !!! Putting an empty list of permissions in the cache for asset:ceca71a0-deee-4999-bd47-b01baa1bcfc8. Every asset should have at least 1 permission (or inherited permission) associated with it
[09/06/23 15:49:40:205 UTC]  INFO util.SecurityLogger: class com.dotmarketing.portlets.workflows.business.WorkflowAPIImpl : Action id: 'c92f9aa1-9503-4567-ac30-d3242b54d02d' has been reordered by user: system -- ip:ukn,user:null
[09/06/23 15:49:40:207 UTC]  WARN business.PermissionCacheImpl:  !!! Putting an empty list of permissions in the cache for asset:c92f9aa1-9503-4567-ac30-d3242b54d02d. Every asset should have at least 1 permission (or inherited permission) associated with it
[09/06/23 15:49:40:212 UTC]  INFO util.SecurityLogger: class com.dotmarketing.portlets.workflows.business.WorkflowAPIImpl : Action id: '38efc763-d78f-4e4b-b092-59cd8c579b93' has been reordered by user: system -- ip:ukn,user:null
[09/06/23 15:49:40:214 UTC]  WARN business.PermissionCacheImpl:  !!! Putting an empty list of permissions in the cache for asset:38efc763-d78f-4e4b-b092-59cd8c579b93. Every asset should have at least 1 permission (or inherited permission) associated with it
[09/06/23 15:49:40:221 UTC]  INFO util.SecurityLogger: class com.dotmarketing.portlets.workflows.business.WorkflowAPIImpl : The action id: 'ceca71a0-deee-4999-bd47-b01baa1bcfc8' has been saved by the user: system -- ip:ukn,user:null
[09/06/23 15:49:40:225 UTC]  INFO util.SecurityLogger: class com.dotmarketing.portlets.workflows.business.WorkflowAPIImpl : The action id: 'b9d89c80-3d88-4311-8365-187323c96436' has been saved by the user: system -- ip:ukn,user:null
[09/06/23 15:49:40:229 UTC]  INFO util.SecurityLogger: class com.dotmarketing.portlets.workflows.business.WorkflowAPIImpl : The action id: '777f1c6b-c877-4a37-ba4b-10627316c2cc' has been saved by the user: system -- ip:ukn,user:null
[09/06/23 15:49:40:234 UTC]  INFO util.SecurityLogger: class com.dotmarketing.portlets.workflows.business.WorkflowAPIImpl : The action id: 'ceca71a0-deee-4999-bd47-b01baa1bcfc8' has been saved by the user: system -- ip:ukn,user:null
[09/06/23 15:49:40:238 UTC]  INFO util.SecurityLogger: class com.dotmarketing.portlets.workflows.business.WorkflowAPIImpl : The action id: '38efc763-d78f-4e4b-b092-59cd8c579b93' has been saved by the user: system -- ip:ukn,user:null
[09/06/23 15:49:40:241 UTC]  INFO util.SecurityLogger: class com.dotmarketing.portlets.workflows.business.WorkflowAPIImpl : The action id: '963f6a04-5320-42e7-ab74-6d876d199946' has been saved by the user: system -- ip:ukn,user:null
[09/06/23 15:49:40:245 UTC]  INFO util.SecurityLogger: class com.dotmarketing.portlets.workflows.business.WorkflowAPIImpl : The action id: 'b9d89c80-3d88-4311-8365-187323c96436' has been saved by the user: system -- ip:ukn,user:null
[09/06/23 15:49:40:249 UTC]  INFO util.SecurityLogger: class com.dotmarketing.portlets.workflows.business.WorkflowAPIImpl : The action id: '4da13a42-5d59-480c-ad8f-94a3adf809fe' has been saved by the user: system -- ip:ukn,user:null
[09/06/23 15:49:40:254 UTC]  INFO util.SecurityLogger: class com.dotmarketing.portlets.workflows.business.WorkflowAPIImpl : The action id: '963f6a04-5320-42e7-ab74-6d876d199946' has been saved by the user: system -- ip:ukn,user:null
[09/06/23 15:49:40:257 UTC]  INFO util.SecurityLogger: class com.dotmarketing.portlets.workflows.business.WorkflowAPIImpl : The action id: 'ceca71a0-deee-4999-bd47-b01baa1bcfc8' has been saved by the user: system -- ip:ukn,user:null
[09/06/23 15:49:40:261 UTC]  INFO util.SecurityLogger: class com.dotmarketing.portlets.workflows.business.WorkflowAPIImpl : The action id: '38efc763-d78f-4e4b-b092-59cd8c579b93' has been saved by the user: system -- ip:ukn,user:null
[09/06/23 15:49:40:264 UTC]  INFO util.SecurityLogger: class com.dotmarketing.portlets.workflows.business.WorkflowAPIImpl : The action id: '4da13a42-5d59-480c-ad8f-94a3adf809fe' has been saved by the user: system -- ip:ukn,user:null
[09/06/23 15:49:40:268 UTC]  INFO util.SecurityLogger: class com.dotmarketing.portlets.workflows.business.WorkflowAPIImpl : The action id: 'b9d89c80-3d88-4311-8365-187323c96436' has been saved by the user: system -- ip:ukn,user:null
[09/06/23 15:49:40:272 UTC]  INFO util.SecurityLogger: class com.dotmarketing.portlets.workflows.business.WorkflowAPIImpl : The action id: 'c92f9aa1-9503-4567-ac30-d3242b54d02d' has been saved by the user: system -- ip:ukn,user:null
[09/06/23 15:49:40:276 UTC]  INFO util.SecurityLogger: class com.dotmarketing.portlets.workflows.business.WorkflowAPIImpl : The action id: '777f1c6b-c877-4a37-ba4b-10627316c2cc' has been saved by the user: system -- ip:ukn,user:null
[09/06/23 15:49:40:279 UTC]  INFO util.SecurityLogger: class com.dotmarketing.portlets.workflows.business.WorkflowAPIImpl : The action id: '1e0f1c6b-b67f-4c99-983d-db2b4bfa88b2' has been saved by the user: system -- ip:ukn,user:null
[09/06/23 15:49:40:355 UTC]  INFO helper.SystemActionMappingsHandlerMerger: The mapping for systemAction: NEW, workflowAction: Optional[WorkflowAction [id=ceca71a0-deee-4999-bd47-b01baa1bcfc8, name=Save, stepId=null, nextStep=ee24a4cb-2d15-4c98-b1bd-6327126451f3]], and scheme: d61a59e1-a49c-46f2-a929-db2b4bfa88b2 has been saved
[09/06/23 15:49:40:357 UTC]  INFO helper.SystemActionMappingsHandlerMerger: The mapping for systemAction: EDIT, workflowAction: Optional[WorkflowAction [id=ceca71a0-deee-4999-bd47-b01baa1bcfc8, name=Save, stepId=null, nextStep=ee24a4cb-2d15-4c98-b1bd-6327126451f3]], and scheme: d61a59e1-a49c-46f2-a929-db2b4bfa88b2 has been saved
[09/06/23 15:49:40:359 UTC]  INFO helper.SystemActionMappingsHandlerMerger: The mapping for systemAction: UNPUBLISH, workflowAction: Optional[WorkflowAction [id=38efc763-d78f-4e4b-b092-59cd8c579b93, name=Unpublish, stepId=null, nextStep=ee24a4cb-2d15-4c98-b1bd-6327126451f3]], and scheme: d61a59e1-a49c-46f2-a929-db2b4bfa88b2 has been saved
[09/06/23 15:49:40:362 UTC]  INFO helper.SystemActionMappingsHandlerMerger: The mapping for systemAction: UNARCHIVE, workflowAction: Optional[WorkflowAction [id=c92f9aa1-9503-4567-ac30-d3242b54d02d, name=Unarchive, stepId=null, nextStep=ee24a4cb-2d15-4c98-b1bd-6327126451f3]], and scheme: d61a59e1-a49c-46f2-a929-db2b4bfa88b2 has been saved
[09/06/23 15:49:40:364 UTC]  INFO helper.SystemActionMappingsHandlerMerger: The mapping for systemAction: PUBLISH, workflowAction: Optional[WorkflowAction [id=b9d89c80-3d88-4311-8365-187323c96436, name=Publish, stepId=null, nextStep=dc3c9cd0-8467-404b-bf95-cb7df3fbc293]], and scheme: d61a59e1-a49c-46f2-a929-db2b4bfa88b2 has been saved
[09/06/23 15:49:40:366 UTC]  INFO helper.SystemActionMappingsHandlerMerger: The mapping for systemAction: ARCHIVE, workflowAction: Optional[WorkflowAction [id=4da13a42-5d59-480c-ad8f-94a3adf809fe, name=Archive, stepId=null, nextStep=d6b095b6-b65f-4bdb-bbfd-701d663dfee2]], and scheme: d61a59e1-a49c-46f2-a929-db2b4bfa88b2 has been saved
[09/06/23 15:49:40:369 UTC]  INFO helper.SystemActionMappingsHandlerMerger: The mapping for systemAction: DESTROY, workflowAction: Optional[WorkflowAction [id=1e0f1c6b-b67f-4c99-983d-db2b4bfa88b2, name=Destroy, stepId=null, nextStep=d6b095b6-b65f-4bdb-bbfd-701d663dfee2]], and scheme: d61a59e1-a49c-46f2-a929-db2b4bfa88b2 has been saved
[09/06/23 15:49:40:372 UTC]  INFO helper.SystemActionMappingsHandlerMerger: The mapping for systemAction: DELETE, workflowAction: Optional[WorkflowAction [id=777f1c6b-c877-4a37-ba4b-10627316c2cc, name=Delete, stepId=null, nextStep=d6b095b6-b65f-4bdb-bbfd-701d663dfee2]], and scheme: d61a59e1-a49c-46f2-a929-db2b4bfa88b2 has been saved
[09/06/23 15:49:40:373 UTC]  INFO util.PushPublishLogger: class com.dotcms.enterprise.publishing.remote.handler.WorkflowHandler : [BundleID: 01H2GDJ8ZG2AFD89Z6B446KV6N.tar.gz] Workflow publish success, ID: d61a59e1-a49c-46f2-a929-db2b4bfa88b2, Name: System Workflow
[09/06/23 15:49:40:396 UTC]  INFO util.ActivityLogger: class com.dotcms.contenttype.business.ContentTypeAPIImpl: system : Save ContentType Action , User system/system user system user added ContentType type_2 to host id:48190c8c-42c4-46af-8d1a-0cd5db894797
[09/06/23 15:49:40:396 UTC]  INFO business.ContentTypeAPIImpl: UserId : system : ContentType : ContentType saved : type_2
[09/06/23 15:49:40:396 UTC]  INFO util.AdminLogger: UserId : system : class com.dotcms.contenttype.business.ContentTypeAPIImpl : ContentType : ContentType saved : type_2
[09/06/23 15:49:40:399 UTC]  INFO business.FieldAPIImpl: No changes made to field: fields0, returning
[09/06/23 15:49:40:402 UTC]  INFO business.FieldAPIImpl: No changes made to field: fields1, returning
[09/06/23 15:49:40:404 UTC]  INFO business.FieldAPIImpl: No changes made to field: text1, returning
[09/06/23 15:49:40:404 UTC]  INFO util.PushPublishLogger: class com.dotcms.enterprise.publishing.remote.handler.ContentTypeHandler : [BundleID: 01H2GDJ8ZG2AFD89Z6B446KV6N.tar.gz] Content Type publish success, ID: ea533f67-4883-42bb-9701-83293e7313e5, Name: type_2
[09/06/23 15:49:40:405 UTC]  INFO util.SecurityLogger: class com.dotmarketing.portlets.workflows.business.WorkflowAPIImpl : Saving schemes [ [WorkflowScheme [id=d61a59e1-a49c-46f2-a929-db2b4bfa88b2, name=System Workflow, archived=false, mandatory=false]] ] for Content Type [ com.dotmarketing.portlets.structure.model.Structure@539ab19f[name=type_2,description=<null>,defaultStructure=false,reviewInterval=<null>,reviewerRole=<null>,pagedetail=<null>,structureType=1,fixed=false,system=false,velocityVarName=Type2,urlMapPattern=<null>,host=48190c8c-42c4-46af-8d1a-0cd5db894797,folder=SYSTEM_FOLDER,publishDateVar=<null>,expireDateVar=<null>,modDate=Fri Jun 09 15:49:40 UTC 2023,icon=event_note,sortOrder=0,iDate=Thu Oct 08 17:32:19 UTC 2020,type=structure,owner=<null>,inode=ea533f67-4883-42bb-9701-83293e7313e5,identifier=ea533f67-4883-42bb-9701-83293e7313e5] ] -- ip:ukn,user:null
[09/06/23 15:49:40:422 UTC]  INFO util.PushPublishLogger: class com.dotcms.enterprise.publishing.remote.handler.LanguageVariablesHandler : [BundleID: 01H2GDJ8ZG2AFD89Z6B446KV6N.tar.gz] Language File publish success, Name: cms_language_en.properties
[09/06/23 15:49:40:423 UTC]  INFO util.PushPublishLogger: class com.dotcms.enterprise.publishing.remote.handler.LanguageVariablesHandler : [BundleID: 01H2GDJ8ZG2AFD89Z6B446KV6N.tar.gz] Language File publish success, Name: cms_language_en_US.properties
[09/06/23 15:49:40:424 UTC]  INFO util.PushPublishLogger: class com.dotcms.enterprise.publishing.remote.handler.LanguageVariablesHandler : [BundleID: 01H2GDJ8ZG2AFD89Z6B446KV6N.tar.gz] Language File publish success, Name: cms_language_es.properties
[09/06/23 15:49:40:424 UTC]  INFO util.PushPublishLogger: class com.dotcms.enterprise.publishing.remote.handler.LanguageVariablesHandler : [BundleID: 01H2GDJ8ZG2AFD89Z6B446KV6N.tar.gz] Language File publish success, Name: cms_language_es_ES.properties
[09/06/23 15:49:40:425 UTC]  INFO util.PushPublishLogger: class com.dotcms.enterprise.publishing.remote.handler.LanguageVariablesHandler : [BundleID: 01H2GDJ8ZG2AFD89Z6B446KV6N.tar.gz] Language File publish success, Name: cms_language_fr.properties
[09/06/23 15:49:40:426 UTC]  INFO util.PushPublishLogger: class com.dotcms.enterprise.publishing.remote.handler.LanguageVariablesHandler : [BundleID: 01H2GDJ8ZG2AFD89Z6B446KV6N.tar.gz] Language File publish success, Name: cms_language_fr_FR.properties
[09/06/23 15:49:40:427 UTC]  INFO util.PushPublishLogger: class com.dotcms.enterprise.publishing.remote.handler.LanguageVariablesHandler : [BundleID: 01H2GDJ8ZG2AFD89Z6B446KV6N.tar.gz] Language File publish success, Name: cms_language_zh.properties
[09/06/23 15:49:40:428 UTC]  INFO util.PushPublishLogger: class com.dotcms.enterprise.publishing.remote.handler.LanguageVariablesHandler : [BundleID: 01H2GDJ8ZG2AFD89Z6B446KV6N.tar.gz] Language File publish success, Name: cms_language_zh_CN.properties
[09/06/23 15:49:40:767 UTC]  INFO reindex.ReindexThread: --- Unpausing reindex thread 
[09/06/23 15:49:45:768 UTC]  INFO concurrent.Debouncer: Debouncing : invalidateGraphSchema after 5000 MILLISECONDS
[09/06/23 15:49:46:422 UTC]  INFO util.SecurityLogger: class com.dotmarketing.cms.login.factories.LoginFactory : User admin@dotcms.com has sucessfully logged in from IP: 172.18.0.1 -- ip:172.18.0.1,user:Admin User [ID: dotcms.org.1][email:admin@dotcms.com]
[09/06/23 15:49:46:793 UTC]  INFO util.PushPublishLogger: class com.dotcms.rest.PushPublisherJob : [BundleID: 01H2GDJ8ZG2AFD89Z6B446KV6N.tar.gz] Finished bundle publish process
[09/06/23 15:49:46:794 UTC]  INFO rest.PushPublisherJob: Finished bundle publish process
[09/06/23 15:49:47:382 UTC]  WARN struts.MultiMessageResources: Duplicate resource property definition (key=was ==> is now): contenttypes.content.copy=Copy ==> Copy
[09/06/23 15:49:47:384 UTC]  WARN struts.MultiMessageResources: Duplicate resource property definition (key=was ==> is now): message.category.import=Importing Categories.  This operation cannot be cancelled or undone. ==> IMPORT
[09/06/23 15:49:47:384 UTC]  WARN struts.MultiMessageResources: Duplicate resource property definition (key=was ==> is now): message.containers.create.content_type_code=Content Type Code ==> Content Type Code
[09/06/23 15:49:47:386 UTC]  WARN struts.MultiMessageResources: Duplicate resource property definition (key=was ==> is now): Save=Save ==> Save
[09/06/23 15:49:47:388 UTC]  WARN struts.MultiMessageResources: Duplicate resource property definition (key=was ==> is now): Move=Move ==> Move
[09/06/23 15:49:47:389 UTC]  WARN struts.MultiMessageResources: Duplicate resource property definition (key=was ==> is now): archived=archived ==> Archived
[09/06/23 15:49:50:497 UTC]  INFO util.SecurityLogger: class com.dotmarketing.cms.login.factories.LoginFactory : User admin@dotcms.com has sucessfully logged in from IP: 172.18.0.1 -- ip:172.18.0.1,user:Admin User [ID: dotcms.org.1][email:admin@dotcms.com]
[09/06/23 15:49:50:503 UTC]  INFO rest.BundleResource: Deleting all bundles by the user: dotcms.org.1
[09/06/23 15:49:50:507 UTC]  INFO business.BundleAPIImpl: Deleting all bundles with statuses: [BUNDLE_REQUESTED, BUNDLING, SENDING_TO_ENDPOINTS, FAILED_TO_SEND_TO_ALL_GROUPS, FAILED_TO_SEND_TO_SOME_GROUPS, FAILED_TO_BUNDLE, FAILED_TO_SENT, FAILED_TO_PUBLISH, SUCCESS, BUNDLE_SENT_SUCCESSFULLY, RECEIVED_BUNDLE, PUBLISHING_BUNDLE, WAITING_FOR_PUBLISHING, BUNDLE_SAVED_SUCCESSFULLY, INVALID_TOKEN, LICENSE_REQUIRED, SUCCESS_WITH_WARNINGS, FAILED_INTEGRITY_CHECK]by the user: dotcms.org.1
[09/06/23 15:49:50:508 UTC]  INFO business.BundleAPIImpl: Removing bundle: 01H2GDJ8ZG2AFD89Z6B446KV6N and dependencies by: dotcms.org.1
[09/06/23 15:49:50:508 UTC]  INFO business.BundleAPIImpl: Removing audit status for a bundle: 01H2GDJ8ZG2AFD89Z6B446KV6N
[09/06/23 15:49:50:508 UTC]  INFO business.PublishAuditAPIImpl: Deleting the bundle: 01H2GDJ8ZG2AFD89Z6B446KV6N
[09/06/23 15:49:50:509 UTC]  INFO business.BundleAPIImpl: Removing all assets from bundle: 01H2GDJ8ZG2AFD89Z6B446KV6N
[09/06/23 15:49:50:509 UTC]  INFO business.BundleAPIImpl: Removing environments from bundle: 01H2GDJ8ZG2AFD89Z6B446KV6N
[09/06/23 15:49:50:510 UTC]  INFO business.BundleAPIImpl: Removing bundle: 01H2GDJ8ZG2AFD89Z6B446KV6N
[09/06/23 15:49:50:535 UTC]  INFO business.BundleAPIImpl: Deleted 1 bundles, failed 0 bundles
[09/06/23 15:49:53:568 UTC]  INFO util.SecurityLogger: class com.dotmarketing.cms.login.factories.LoginFactory : User admin@dotcms.com has sucessfully logged in from IP: 172.18.0.1 -- ip:172.18.0.1,user:Admin User [ID: dotcms.org.1][email:admin@dotcms.com]
[09/06/23 15:49:53:574 UTC]  WARN business.PermissionCacheImpl:  !!! Putting an empty list of permissions in the cache for asset:e739e592-77ad-4fef-a694-43ba727db58d. Every asset should have at least 1 permission (or inherited permission) associated with it
[09/06/23 15:49:54:358 UTC]  INFO delegate.SystemEventsJobDelegate: The event: baa4de39-8739-4447-9281-bac90b39b96f, has been skipped on the server: f76936c4-74c6-42c1-9170-4c4cd52f3d73
[09/06/23 15:49:54:358 UTC]  INFO delegate.SystemEventsJobDelegate: The event: e7b3a8ec-67d1-4827-a0c3-a96f3da90c37, has been skipped on the server: f76936c4-74c6-42c1-9170-4c4cd52f3d73
[09/06/23 15:49:59:640 UTC]  INFO util.SecurityLogger: class com.dotmarketing.cms.login.factories.LoginFactory : User admin@dotcms.com has sucessfully logged in from IP: 172.18.0.1 -- ip:172.18.0.1,user:Admin User [ID: dotcms.org.1][email:admin@dotcms.com]
[09/06/23 15:50:00:130 UTC]  INFO apps.SecretsKeyStoreHelper: KeyStore loaded successfully after `1` tries.
[09/06/23 15:50:02:646 UTC]  INFO ajax.PublishingEndpointAjaxAction: receiver ; 6d34d969-f77d-41a8-8eb0-8381e1eb2780
[09/06/23 15:50:05:737 UTC]  INFO util.SecurityLogger: class com.dotmarketing.cms.login.factories.LoginFactory : User admin@dotcms.com has sucessfully logged in from IP: 172.18.0.1 -- ip:172.18.0.1,user:Admin User [ID: dotcms.org.1][email:admin@dotcms.com]
[09/06/23 15:50:05:742 UTC]  INFO util.PushPublishLogger: class com.dotcms.publisher.business.PublishAuditStatus : Status Update: Pending.
[09/06/23 15:50:05:748 UTC]  INFO rest.PushPublisherJob: Started bundle publish process
[09/06/23 15:50:05:749 UTC]  INFO util.PushPublishLogger: class com.dotcms.rest.PushPublisherJob : [BundleID: content_type_and_content_demo.tar.gz] Started bundle publish process
[09/06/23 15:50:05:836 UTC]  INFO util.ActivityLogger: class com.dotcms.content.elasticsearch.business.ESContentletAPIImpl: System Host : Saving Content , StartDate: N/D; EndDate: N/D; User:system; ContentIdentifier: 48190c8c-42c4-46af-8d1a-0cd5db894797
[09/06/23 15:50:05:856 UTC]  INFO timedcache.TimedCacheProvider: ***	 Building Cache : esquerycountcache, size:10000, seconds:3600,Concurrency:32 (every 60000 millis)
[09/06/23 15:50:05:870 UTC]  INFO business.ContentletIndexAPIImpl: Indexing: 48190c8c-42c4-46af-8d1a-0cd5db894797 : demo.dotcms.com, includeDependencies: true, policy: FORCE
[09/06/23 15:50:05:945 UTC]  INFO util.ActivityLogger: class com.dotcms.content.elasticsearch.business.ESContentletAPIImpl: System Host : Content Saved , StartDate: N/D; EndDate: N/D; User:system; ContentIdentifier: 48190c8c-42c4-46af-8d1a-0cd5db894797
[09/06/23 15:50:05:952 UTC]  INFO business.ContentletIndexAPIImpl: Indexing: 48190c8c-42c4-46af-8d1a-0cd5db894797 : demo.dotcms.com, includeDependencies: false, policy: FORCE
[09/06/23 15:50:05:952 UTC]  INFO util.PushPublishLogger: class com.dotcms.enterprise.publishing.remote.handler.ContentHandler : [BundleID: content_type_and_content_demo.tar.gz] Host publish success, ID: 48190c8c-42c4-46af-8d1a-0cd5db894797, Inode: 6e8aca39-937c-437e-91d8-d46b631bdcc8, Name: demo.dotcms.com
[09/06/23 15:50:05:981 UTC]  INFO business.ContentletIndexAPIImpl: Indexing: 48190c8c-42c4-46af-8d1a-0cd5db894797 : demo.dotcms.com, includeDependencies: true, policy: FORCE
[09/06/23 15:50:06:022 UTC]  INFO util.SecurityLogger: class com.dotmarketing.portlets.workflows.business.WorkflowAPIImpl : Workflow Scheme 'System Workflow' [d61a59e1-a49c-46f2-a929-db2b4bfa88b2] has been saved by User ID 'system' -- ip:172.18.0.1,user:Admin User [ID: dotcms.org.1][email:admin@dotcms.com]
[09/06/23 15:50:06:026 UTC]  INFO util.SecurityLogger: class com.dotmarketing.portlets.workflows.business.WorkflowAPIImpl : Workflow Step 'New' [6cb7e3bd-1710-4eed-8838-d3db60f78f19] has been saved by User ID 'system' -- ip:172.18.0.1,user:Admin User [ID: dotcms.org.1][email:admin@dotcms.com]
[09/06/23 15:50:06:029 UTC]  INFO util.SecurityLogger: class com.dotmarketing.portlets.workflows.business.WorkflowAPIImpl : Workflow Step 'Draft' [ee24a4cb-2d15-4c98-b1bd-6327126451f3] has been saved by User ID 'system' -- ip:172.18.0.1,user:Admin User [ID: dotcms.org.1][email:admin@dotcms.com]
[09/06/23 15:50:06:032 UTC]  INFO util.SecurityLogger: class com.dotmarketing.portlets.workflows.business.WorkflowAPIImpl : Workflow Step 'Published' [dc3c9cd0-8467-404b-bf95-cb7df3fbc293] has been saved by User ID 'system' -- ip:172.18.0.1,user:Admin User [ID: dotcms.org.1][email:admin@dotcms.com]
[09/06/23 15:50:06:036 UTC]  INFO util.SecurityLogger: class com.dotmarketing.portlets.workflows.business.WorkflowAPIImpl : Workflow Step 'Archived' [d6b095b6-b65f-4bdb-bbfd-701d663dfee2] has been saved by User ID 'system' -- ip:172.18.0.1,user:Admin User [ID: dotcms.org.1][email:admin@dotcms.com]
[09/06/23 15:50:06:042 UTC]  INFO util.SecurityLogger: class com.dotmarketing.portlets.workflows.business.WorkflowAPIImpl : Action id: '4da13a42-5d59-480c-ad8f-94a3adf809fe' has been reordered by user: system -- ip:172.18.0.1,user:Admin User [ID: dotcms.org.1][email:admin@dotcms.com]
[09/06/23 15:50:06:045 UTC]  WARN business.PermissionCacheImpl:  !!! Putting an empty list of permissions in the cache for asset:4da13a42-5d59-480c-ad8f-94a3adf809fe. Every asset should have at least 1 permission (or inherited permission) associated with it
[09/06/23 15:50:06:053 UTC]  INFO util.SecurityLogger: class com.dotmarketing.portlets.workflows.business.WorkflowAPIImpl : Action id: '963f6a04-5320-42e7-ab74-6d876d199946' has been reordered by user: system -- ip:172.18.0.1,user:Admin User [ID: dotcms.org.1][email:admin@dotcms.com]
[09/06/23 15:50:06:056 UTC]  WARN business.PermissionCacheImpl:  !!! Putting an empty list of permissions in the cache for asset:963f6a04-5320-42e7-ab74-6d876d199946. Every asset should have at least 1 permission (or inherited permission) associated with it
[09/06/23 15:50:06:065 UTC]  INFO util.SecurityLogger: class com.dotmarketing.portlets.workflows.business.WorkflowAPIImpl : Action id: '777f1c6b-c877-4a37-ba4b-10627316c2cc' has been reordered by user: system -- ip:172.18.0.1,user:Admin User [ID: dotcms.org.1][email:admin@dotcms.com]
[09/06/23 15:50:06:069 UTC]  WARN business.PermissionCacheImpl:  !!! Putting an empty list of permissions in the cache for asset:777f1c6b-c877-4a37-ba4b-10627316c2cc. Every asset should have at least 1 permission (or inherited permission) associated with it
[09/06/23 15:50:06:078 UTC]  INFO util.SecurityLogger: class com.dotmarketing.portlets.workflows.business.WorkflowAPIImpl : Action id: '1e0f1c6b-b67f-4c99-983d-db2b4bfa88b2' has been reordered by user: system -- ip:172.18.0.1,user:Admin User [ID: dotcms.org.1][email:admin@dotcms.com]
[09/06/23 15:50:06:081 UTC]  WARN business.PermissionCacheImpl:  !!! Putting an empty list of permissions in the cache for asset:1e0f1c6b-b67f-4c99-983d-db2b4bfa88b2. Every asset should have at least 1 permission (or inherited permission) associated with it
[09/06/23 15:50:06:089 UTC]  INFO util.SecurityLogger: class com.dotmarketing.portlets.workflows.business.WorkflowAPIImpl : Action id: 'b9d89c80-3d88-4311-8365-187323c96436' has been reordered by user: system -- ip:172.18.0.1,user:Admin User [ID: dotcms.org.1][email:admin@dotcms.com]
[09/06/23 15:50:06:094 UTC]  WARN business.PermissionCacheImpl:  !!! Putting an empty list of permissions in the cache for asset:b9d89c80-3d88-4311-8365-187323c96436. Every asset should have at least 1 permission (or inherited permission) associated with it
[09/06/23 15:50:06:102 UTC]  INFO util.SecurityLogger: class com.dotmarketing.portlets.workflows.business.WorkflowAPIImpl : Action id: 'ceca71a0-deee-4999-bd47-b01baa1bcfc8' has been reordered by user: system -- ip:172.18.0.1,user:Admin User [ID: dotcms.org.1][email:admin@dotcms.com]
[09/06/23 15:50:06:104 UTC]  WARN business.PermissionCacheImpl:  !!! Putting an empty list of permissions in the cache for asset:ceca71a0-deee-4999-bd47-b01baa1bcfc8. Every asset should have at least 1 permission (or inherited permission) associated with it
[09/06/23 15:50:06:112 UTC]  INFO util.SecurityLogger: class com.dotmarketing.portlets.workflows.business.WorkflowAPIImpl : Action id: 'c92f9aa1-9503-4567-ac30-d3242b54d02d' has been reordered by user: system -- ip:172.18.0.1,user:Admin User [ID: dotcms.org.1][email:admin@dotcms.com]
[09/06/23 15:50:06:114 UTC]  WARN business.PermissionCacheImpl:  !!! Putting an empty list of permissions in the cache for asset:c92f9aa1-9503-4567-ac30-d3242b54d02d. Every asset should have at least 1 permission (or inherited permission) associated with it
[09/06/23 15:50:06:121 UTC]  INFO util.SecurityLogger: class com.dotmarketing.portlets.workflows.business.WorkflowAPIImpl : Action id: '38efc763-d78f-4e4b-b092-59cd8c579b93' has been reordered by user: system -- ip:172.18.0.1,user:Admin User [ID: dotcms.org.1][email:admin@dotcms.com]
[09/06/23 15:50:06:123 UTC]  WARN business.PermissionCacheImpl:  !!! Putting an empty list of permissions in the cache for asset:38efc763-d78f-4e4b-b092-59cd8c579b93. Every asset should have at least 1 permission (or inherited permission) associated with it
[09/06/23 15:50:06:131 UTC]  INFO util.SecurityLogger: class com.dotmarketing.portlets.workflows.business.WorkflowAPIImpl : The action id: 'ceca71a0-deee-4999-bd47-b01baa1bcfc8' has been saved by the user: system -- ip:172.18.0.1,user:Admin User [ID: dotcms.org.1][email:admin@dotcms.com]
[09/06/23 15:50:06:136 UTC]  INFO util.SecurityLogger: class com.dotmarketing.portlets.workflows.business.WorkflowAPIImpl : The action id: 'b9d89c80-3d88-4311-8365-187323c96436' has been saved by the user: system -- ip:172.18.0.1,user:Admin User [ID: dotcms.org.1][email:admin@dotcms.com]
[09/06/23 15:50:06:143 UTC]  INFO util.SecurityLogger: class com.dotmarketing.portlets.workflows.business.WorkflowAPIImpl : The action id: '777f1c6b-c877-4a37-ba4b-10627316c2cc' has been saved by the user: system -- ip:172.18.0.1,user:Admin User [ID: dotcms.org.1][email:admin@dotcms.com]
[09/06/23 15:50:06:148 UTC]  INFO util.SecurityLogger: class com.dotmarketing.portlets.workflows.business.WorkflowAPIImpl : The action id: 'ceca71a0-deee-4999-bd47-b01baa1bcfc8' has been saved by the user: system -- ip:172.18.0.1,user:Admin User [ID: dotcms.org.1][email:admin@dotcms.com]
[09/06/23 15:50:06:153 UTC]  INFO util.SecurityLogger: class com.dotmarketing.portlets.workflows.business.WorkflowAPIImpl : The action id: '38efc763-d78f-4e4b-b092-59cd8c579b93' has been saved by the user: system -- ip:172.18.0.1,user:Admin User [ID: dotcms.org.1][email:admin@dotcms.com]
[09/06/23 15:50:06:157 UTC]  INFO util.SecurityLogger: class com.dotmarketing.portlets.workflows.business.WorkflowAPIImpl : The action id: '963f6a04-5320-42e7-ab74-6d876d199946' has been saved by the user: system -- ip:172.18.0.1,user:Admin User [ID: dotcms.org.1][email:admin@dotcms.com]
[09/06/23 15:50:06:162 UTC]  INFO util.SecurityLogger: class com.dotmarketing.portlets.workflows.business.WorkflowAPIImpl : The action id: 'b9d89c80-3d88-4311-8365-187323c96436' has been saved by the user: system -- ip:172.18.0.1,user:Admin User [ID: dotcms.org.1][email:admin@dotcms.com]
[09/06/23 15:50:06:166 UTC]  INFO util.SecurityLogger: class com.dotmarketing.portlets.workflows.business.WorkflowAPIImpl : The action id: '4da13a42-5d59-480c-ad8f-94a3adf809fe' has been saved by the user: system -- ip:172.18.0.1,user:Admin User [ID: dotcms.org.1][email:admin@dotcms.com]
[09/06/23 15:50:06:172 UTC]  INFO util.SecurityLogger: class com.dotmarketing.portlets.workflows.business.WorkflowAPIImpl : The action id: '963f6a04-5320-42e7-ab74-6d876d199946' has been saved by the user: system -- ip:172.18.0.1,user:Admin User [ID: dotcms.org.1][email:admin@dotcms.com]
[09/06/23 15:50:06:176 UTC]  INFO util.SecurityLogger: class com.dotmarketing.portlets.workflows.business.WorkflowAPIImpl : The action id: 'ceca71a0-deee-4999-bd47-b01baa1bcfc8' has been saved by the user: system -- ip:172.18.0.1,user:Admin User [ID: dotcms.org.1][email:admin@dotcms.com]
[09/06/23 15:50:06:181 UTC]  INFO util.SecurityLogger: class com.dotmarketing.portlets.workflows.business.WorkflowAPIImpl : The action id: '38efc763-d78f-4e4b-b092-59cd8c579b93' has been saved by the user: system -- ip:172.18.0.1,user:Admin User [ID: dotcms.org.1][email:admin@dotcms.com]
[09/06/23 15:50:06:186 UTC]  INFO util.SecurityLogger: class com.dotmarketing.portlets.workflows.business.WorkflowAPIImpl : The action id: '4da13a42-5d59-480c-ad8f-94a3adf809fe' has been saved by the user: system -- ip:172.18.0.1,user:Admin User [ID: dotcms.org.1][email:admin@dotcms.com]
[09/06/23 15:50:06:191 UTC]  INFO util.SecurityLogger: class com.dotmarketing.portlets.workflows.business.WorkflowAPIImpl : The action id: 'b9d89c80-3d88-4311-8365-187323c96436' has been saved by the user: system -- ip:172.18.0.1,user:Admin User [ID: dotcms.org.1][email:admin@dotcms.com]
[09/06/23 15:50:06:197 UTC]  INFO util.SecurityLogger: class com.dotmarketing.portlets.workflows.business.WorkflowAPIImpl : The action id: 'c92f9aa1-9503-4567-ac30-d3242b54d02d' has been saved by the user: system -- ip:172.18.0.1,user:Admin User [ID: dotcms.org.1][email:admin@dotcms.com]
[09/06/23 15:50:06:201 UTC]  INFO util.SecurityLogger: class com.dotmarketing.portlets.workflows.business.WorkflowAPIImpl : The action id: '777f1c6b-c877-4a37-ba4b-10627316c2cc' has been saved by the user: system -- ip:172.18.0.1,user:Admin User [ID: dotcms.org.1][email:admin@dotcms.com]
[09/06/23 15:50:06:206 UTC]  INFO util.SecurityLogger: class com.dotmarketing.portlets.workflows.business.WorkflowAPIImpl : The action id: '1e0f1c6b-b67f-4c99-983d-db2b4bfa88b2' has been saved by the user: system -- ip:172.18.0.1,user:Admin User [ID: dotcms.org.1][email:admin@dotcms.com]
[09/06/23 15:50:06:304 UTC]  INFO helper.SystemActionMappingsHandlerMerger: The mapping for systemAction: NEW, workflowAction: Optional[WorkflowAction [id=ceca71a0-deee-4999-bd47-b01baa1bcfc8, name=Save, stepId=null, nextStep=ee24a4cb-2d15-4c98-b1bd-6327126451f3]], and scheme: d61a59e1-a49c-46f2-a929-db2b4bfa88b2 has been saved
[09/06/23 15:50:06:308 UTC]  INFO helper.SystemActionMappingsHandlerMerger: The mapping for systemAction: EDIT, workflowAction: Optional[WorkflowAction [id=ceca71a0-deee-4999-bd47-b01baa1bcfc8, name=Save, stepId=null, nextStep=ee24a4cb-2d15-4c98-b1bd-6327126451f3]], and scheme: d61a59e1-a49c-46f2-a929-db2b4bfa88b2 has been saved
[09/06/23 15:50:06:311 UTC]  INFO helper.SystemActionMappingsHandlerMerger: The mapping for systemAction: UNPUBLISH, workflowAction: Optional[WorkflowAction [id=38efc763-d78f-4e4b-b092-59cd8c579b93, name=Unpublish, stepId=null, nextStep=ee24a4cb-2d15-4c98-b1bd-6327126451f3]], and scheme: d61a59e1-a49c-46f2-a929-db2b4bfa88b2 has been saved
[09/06/23 15:50:06:314 UTC]  INFO helper.SystemActionMappingsHandlerMerger: The mapping for systemAction: UNARCHIVE, workflowAction: Optional[WorkflowAction [id=c92f9aa1-9503-4567-ac30-d3242b54d02d, name=Unarchive, stepId=null, nextStep=ee24a4cb-2d15-4c98-b1bd-6327126451f3]], and scheme: d61a59e1-a49c-46f2-a929-db2b4bfa88b2 has been saved
[09/06/23 15:50:06:317 UTC]  INFO helper.SystemActionMappingsHandlerMerger: The mapping for systemAction: PUBLISH, workflowAction: Optional[WorkflowAction [id=b9d89c80-3d88-4311-8365-187323c96436, name=Publish, stepId=null, nextStep=dc3c9cd0-8467-404b-bf95-cb7df3fbc293]], and scheme: d61a59e1-a49c-46f2-a929-db2b4bfa88b2 has been saved
[09/06/23 15:50:06:320 UTC]  INFO helper.SystemActionMappingsHandlerMerger: The mapping for systemAction: ARCHIVE, workflowAction: Optional[WorkflowAction [id=4da13a42-5d59-480c-ad8f-94a3adf809fe, name=Archive, stepId=null, nextStep=d6b095b6-b65f-4bdb-bbfd-701d663dfee2]], and scheme: d61a59e1-a49c-46f2-a929-db2b4bfa88b2 has been saved
[09/06/23 15:50:06:322 UTC]  INFO helper.SystemActionMappingsHandlerMerger: The mapping for systemAction: DESTROY, workflowAction: Optional[WorkflowAction [id=1e0f1c6b-b67f-4c99-983d-db2b4bfa88b2, name=Destroy, stepId=null, nextStep=d6b095b6-b65f-4bdb-bbfd-701d663dfee2]], and scheme: d61a59e1-a49c-46f2-a929-db2b4bfa88b2 has been saved
[09/06/23 15:50:06:325 UTC]  INFO helper.SystemActionMappingsHandlerMerger: The mapping for systemAction: DELETE, workflowAction: Optional[WorkflowAction [id=777f1c6b-c877-4a37-ba4b-10627316c2cc, name=Delete, stepId=null, nextStep=d6b095b6-b65f-4bdb-bbfd-701d663dfee2]], and scheme: d61a59e1-a49c-46f2-a929-db2b4bfa88b2 has been saved
[09/06/23 15:50:06:326 UTC]  INFO util.PushPublishLogger: class com.dotcms.enterprise.publishing.remote.handler.WorkflowHandler : [BundleID: content_type_and_content_demo.tar.gz] Workflow publish success, ID: d61a59e1-a49c-46f2-a929-db2b4bfa88b2, Name: System Workflow
[09/06/23 15:50:06:356 UTC]  INFO util.ActivityLogger: class com.dotcms.contenttype.business.ContentTypeAPIImpl: system : Save ContentType Action , User system/system user system user added ContentType Host to host id:SYSTEM_HOST
[09/06/23 15:50:06:356 UTC]  INFO business.ContentTypeAPIImpl: UserId : system : ContentType : ContentType saved : Host
[09/06/23 15:50:06:357 UTC]  INFO util.AdminLogger: UserId : system : class com.dotcms.contenttype.business.ContentTypeAPIImpl : ContentType : ContentType saved : Host
[09/06/23 15:50:06:358 UTC]  INFO business.FieldAPIImpl: No changes made to field: fields0, returning
[09/06/23 15:50:06:359 UTC]  INFO business.FieldAPIImpl: No changes made to field: fields1, returning
[09/06/23 15:50:06:360 UTC]  INFO business.FieldAPIImpl: No changes made to field: hostName, returning
[09/06/23 15:50:06:361 UTC]  INFO business.FieldAPIImpl: No changes made to field: aliases, returning
[09/06/23 15:50:06:362 UTC]  INFO business.FieldAPIImpl: No changes made to field: isDefault, returning
[09/06/23 15:50:06:363 UTC]  INFO business.FieldAPIImpl: No changes made to field: tagStorage, returning
[09/06/23 15:50:06:383 UTC]  INFO util.ActivityLogger: class com.dotmarketing.util.ActivityLogger: system : Update Field Action , User system/system user modified field Host Thumbnail to Host Structure.
[09/06/23 15:50:06:390 UTC]  INFO business.FieldAPIImpl: No changes made to field: isSystemHost, returning
[09/06/23 15:50:06:391 UTC]  INFO business.FieldAPIImpl: No changes made to field: runDashboard, returning
[09/06/23 15:50:06:392 UTC]  INFO business.FieldAPIImpl: No changes made to field: metaData, returning
[09/06/23 15:50:06:393 UTC]  INFO business.FieldAPIImpl: No changes made to field: keywords, returning
[09/06/23 15:50:06:393 UTC]  INFO business.FieldAPIImpl: No changes made to field: description, returning
[09/06/23 15:50:06:394 UTC]  INFO business.FieldAPIImpl: No changes made to field: siteKeys, returning
[09/06/23 15:50:06:395 UTC]  INFO business.FieldAPIImpl: No changes made to field: googleMap, returning
[09/06/23 15:50:06:395 UTC]  INFO business.FieldAPIImpl: No changes made to field: googleAnalytics, returning
[09/06/23 15:50:06:396 UTC]  INFO business.FieldAPIImpl: No changes made to field: addThis, returning
[09/06/23 15:50:06:397 UTC]  INFO business.FieldAPIImpl: No changes made to field: proxyEditModeUrl, returning
[09/06/23 15:50:06:398 UTC]  INFO business.FieldAPIImpl: No changes made to field: embeddedDashboard, returning
[09/06/23 15:50:06:398 UTC]  INFO util.PushPublishLogger: class com.dotcms.enterprise.publishing.remote.handler.ContentTypeHandler : [BundleID: content_type_and_content_demo.tar.gz] Content Type publish success, ID: 855a2d72-f2f3-4169-8b04-ac5157c4380c, Name: Host
[09/06/23 15:50:06:399 UTC]  INFO util.SecurityLogger: class com.dotmarketing.portlets.workflows.business.WorkflowAPIImpl : Saving schemes [ [WorkflowScheme [id=d61a59e1-a49c-46f2-a929-db2b4bfa88b2, name=System Workflow, archived=false, mandatory=false]] ] for Content Type [ com.dotmarketing.portlets.structure.model.Structure@73fc4cec[name=Host,description=System hosts information,defaultStructure=false,reviewInterval=<null>,reviewerRole=<null>,pagedetail=<null>,structureType=1,fixed=true,system=true,velocityVarName=Host,urlMapPattern=<null>,host=SYSTEM_HOST,folder=SYSTEM_FOLDER,publishDateVar=<null>,expireDateVar=<null>,modDate=Fri Jun 09 15:50:06 UTC 2023,icon=event_note,sortOrder=0,iDate=Mon Mar 28 15:10:14 UTC 2016,type=structure,owner=<null>,inode=855a2d72-f2f3-4169-8b04-ac5157c4380c,identifier=855a2d72-f2f3-4169-8b04-ac5157c4380c] ] -- ip:172.18.0.1,user:Admin User [ID: dotcms.org.1][email:admin@dotcms.com]
[09/06/23 15:50:06:416 UTC]  INFO util.ActivityLogger: class com.dotcms.contenttype.business.ContentTypeAPIImpl: system : Save ContentType Action , User system/system user system user added ContentType type_2 to host id:48190c8c-42c4-46af-8d1a-0cd5db894797
[09/06/23 15:50:06:416 UTC]  INFO business.ContentTypeAPIImpl: UserId : system : ContentType : ContentType saved : type_2
[09/06/23 15:50:06:416 UTC]  INFO util.AdminLogger: UserId : system : class com.dotcms.contenttype.business.ContentTypeAPIImpl : ContentType : ContentType saved : type_2
[09/06/23 15:50:06:417 UTC]  INFO business.FieldAPIImpl: No changes made to field: fields0, returning
[09/06/23 15:50:06:418 UTC]  INFO business.FieldAPIImpl: No changes made to field: fields1, returning
[09/06/23 15:50:06:419 UTC]  INFO business.FieldAPIImpl: No changes made to field: text1, returning
[09/06/23 15:50:06:419 UTC]  INFO util.PushPublishLogger: class com.dotcms.enterprise.publishing.remote.handler.ContentTypeHandler : [BundleID: content_type_and_content_demo.tar.gz] Content Type publish success, ID: ea533f67-4883-42bb-9701-83293e7313e5, Name: type_2
[09/06/23 15:50:06:420 UTC]  INFO util.SecurityLogger: class com.dotmarketing.portlets.workflows.business.WorkflowAPIImpl : Saving schemes [ [WorkflowScheme [id=d61a59e1-a49c-46f2-a929-db2b4bfa88b2, name=System Workflow, archived=false, mandatory=false]] ] for Content Type [ com.dotmarketing.portlets.structure.model.Structure@7ed636a8[name=type_2,description=<null>,defaultStructure=false,reviewInterval=<null>,reviewerRole=<null>,pagedetail=<null>,structureType=1,fixed=false,system=false,velocityVarName=Type2,urlMapPattern=<null>,host=48190c8c-42c4-46af-8d1a-0cd5db894797,folder=SYSTEM_FOLDER,publishDateVar=<null>,expireDateVar=<null>,modDate=Fri Jun 09 15:50:06 UTC 2023,icon=event_note,sortOrder=0,iDate=Thu Oct 08 17:32:19 UTC 2020,type=structure,owner=<null>,inode=ea533f67-4883-42bb-9701-83293e7313e5,identifier=ea533f67-4883-42bb-9701-83293e7313e5] ] -- ip:172.18.0.1,user:Admin User [ID: dotcms.org.1][email:admin@dotcms.com]
[09/06/23 15:50:06:430 UTC]  INFO util.PushPublishLogger: class com.dotcms.enterprise.publishing.remote.handler.LanguageVariablesHandler : [BundleID: content_type_and_content_demo.tar.gz] Language File publish success, Name: cms_language_en.properties
[09/06/23 15:50:06:430 UTC]  INFO util.PushPublishLogger: class com.dotcms.enterprise.publishing.remote.handler.LanguageVariablesHandler : [BundleID: content_type_and_content_demo.tar.gz] Language File publish success, Name: cms_language_en_US.properties
[09/06/23 15:50:06:431 UTC]  INFO util.PushPublishLogger: class com.dotcms.enterprise.publishing.remote.handler.LanguageVariablesHandler : [BundleID: content_type_and_content_demo.tar.gz] Language File publish success, Name: cms_language_es.properties
[09/06/23 15:50:06:431 UTC]  INFO util.PushPublishLogger: class com.dotcms.enterprise.publishing.remote.handler.LanguageVariablesHandler : [BundleID: content_type_and_content_demo.tar.gz] Language File publish success, Name: cms_language_es_ES.properties
[09/06/23 15:50:06:432 UTC]  INFO util.PushPublishLogger: class com.dotcms.enterprise.publishing.remote.handler.LanguageVariablesHandler : [BundleID: content_type_and_content_demo.tar.gz] Language File publish success, Name: cms_language_fr.properties
[09/06/23 15:50:06:432 UTC]  INFO util.PushPublishLogger: class com.dotcms.enterprise.publishing.remote.handler.LanguageVariablesHandler : [BundleID: content_type_and_content_demo.tar.gz] Language File publish success, Name: cms_language_fr_FR.properties
[09/06/23 15:50:06:433 UTC]  INFO util.PushPublishLogger: class com.dotcms.enterprise.publishing.remote.handler.LanguageVariablesHandler : [BundleID: content_type_and_content_demo.tar.gz] Language File publish success, Name: cms_language_zh.properties
[09/06/23 15:50:06:433 UTC]  INFO util.PushPublishLogger: class com.dotcms.enterprise.publishing.remote.handler.LanguageVariablesHandler : [BundleID: content_type_and_content_demo.tar.gz] Language File publish success, Name: cms_language_zh_CN.properties
[09/06/23 15:50:06:721 UTC]  INFO reindex.ReindexThread: --- Unpausing reindex thread 
[09/06/23 15:50:06:935 UTC]  INFO reindex.BulkProcessorListener: -----------
[09/06/23 15:50:06:935 UTC]  INFO reindex.BulkProcessorListener: Reindexing Server #  : 1 of 1
[09/06/23 15:50:06:935 UTC]  INFO reindex.BulkProcessorListener: Total Indexed        : 0
[09/06/23 15:50:06:935 UTC]  INFO reindex.BulkProcessorListener: ReindexEntries found : 3
[09/06/23 15:50:06:935 UTC]  INFO reindex.BulkProcessorListener: BulkRequests created : 6
[09/06/23 15:50:06:935 UTC]  INFO reindex.BulkProcessorListener: -----------
[09/06/23 15:50:11:721 UTC]  INFO concurrent.Debouncer: Debouncing : invalidateGraphSchema after 5000 MILLISECONDS
[09/06/23 15:50:12:740 UTC]  INFO util.PushPublishLogger: class com.dotcms.rest.PushPublisherJob : [BundleID: content_type_and_content_demo.tar.gz] Finished bundle publish process
[09/06/23 15:50:12:740 UTC]  INFO rest.PushPublisherJob: Finished bundle publish process
[09/06/23 15:50:15:858 UTC]  INFO util.SecurityLogger: class com.dotmarketing.cms.login.factories.LoginFactory : User admin@dotcms.com has sucessfully logged in from IP: 172.18.0.1 -- ip:172.18.0.1,user:Admin User [ID: dotcms.org.1][email:admin@dotcms.com]
[09/06/23 15:50:15:863 UTC]  INFO rest.BundleResource: Deleting all bundles by the user: dotcms.org.1
[09/06/23 15:50:15:866 UTC]  INFO business.BundleAPIImpl: Deleting all bundles with statuses: [BUNDLE_REQUESTED, BUNDLING, SENDING_TO_ENDPOINTS, FAILED_TO_SEND_TO_ALL_GROUPS, FAILED_TO_SEND_TO_SOME_GROUPS, FAILED_TO_BUNDLE, FAILED_TO_SENT, FAILED_TO_PUBLISH, SUCCESS, BUNDLE_SENT_SUCCESSFULLY, RECEIVED_BUNDLE, PUBLISHING_BUNDLE, WAITING_FOR_PUBLISHING, BUNDLE_SAVED_SUCCESSFULLY, INVALID_TOKEN, LICENSE_REQUIRED, SUCCESS_WITH_WARNINGS, FAILED_INTEGRITY_CHECK]by the user: dotcms.org.1
[09/06/23 15:50:15:866 UTC]  INFO business.BundleAPIImpl: Removing bundle: content_type_and_content_demo and dependencies by: dotcms.org.1
[09/06/23 15:50:15:866 UTC]  INFO business.BundleAPIImpl: Removing audit status for a bundle: content_type_and_content_demo
[09/06/23 15:50:15:866 UTC]  INFO business.PublishAuditAPIImpl: Deleting the bundle: content_type_and_content_demo
[09/06/23 15:50:15:867 UTC]  INFO business.BundleAPIImpl: Removing all assets from bundle: content_type_and_content_demo
[09/06/23 15:50:15:867 UTC]  INFO business.BundleAPIImpl: Removing environments from bundle: content_type_and_content_demo
[09/06/23 15:50:15:867 UTC]  INFO business.BundleAPIImpl: Removing bundle: content_type_and_content_demo
[09/06/23 15:50:15:893 UTC]  INFO business.BundleAPIImpl: Deleted 1 bundles, failed 0 bundles
[09/06/23 15:50:15:896 UTC]  WARN struts.MultiMessageResources: Duplicate resource property definition (key=was ==> is now): contenttypes.content.copy=Copy ==> Copy
[09/06/23 15:50:15:902 UTC]  WARN struts.MultiMessageResources: Duplicate resource property definition (key=was ==> is now): message.category.import=Importing Categories.  This operation cannot be cancelled or undone. ==> IMPORT
[09/06/23 15:50:15:902 UTC]  WARN struts.MultiMessageResources: Duplicate resource property definition (key=was ==> is now): message.containers.create.content_type_code=Content Type Code ==> Content Type Code
[09/06/23 15:50:15:907 UTC]  WARN struts.MultiMessageResources: Duplicate resource property definition (key=was ==> is now): Save=Save ==> Save
[09/06/23 15:50:15:909 UTC]  WARN struts.MultiMessageResources: Duplicate resource property definition (key=was ==> is now): Move=Move ==> Move
[09/06/23 15:50:15:909 UTC]  WARN struts.MultiMessageResources: Duplicate resource property definition (key=was ==> is now): archived=archived ==> Archived
[09/06/23 15:50:19:362 UTC]  INFO delegate.SystemEventsJobDelegate: The event: 593ee688-5a58-4f18-9056-85b53fc9fa0f, has been skipped on the server: f76936c4-74c6-42c1-9170-4c4cd52f3d73
[09/06/23 15:50:19:362 UTC]  INFO delegate.SystemEventsJobDelegate: The event: 479cad8c-cd13-484f-a039-4e47d70d9d76, has been skipped on the server: f76936c4-74c6-42c1-9170-4c4cd52f3d73
[09/06/23 15:50:28:945 UTC]  INFO util.SecurityLogger: class com.dotmarketing.cms.login.factories.LoginFactory : User admin@dotcms.com has sucessfully logged in from IP: 172.18.0.1 -- ip:172.18.0.1,user:Admin User [ID: dotcms.org.1][email:admin@dotcms.com]
[09/06/23 15:50:28:952 UTC]  WARN ajax.RemotePublishAjaxAction: Unable to find asset id = [ea533f67-4883-42bb-9701-83293e7313e5]
[09/06/23 15:50:28:957 UTC]  INFO util.PushPublishLogger: class com.dotcms.publisher.business.PublisherAPIImpl : [BundleID: 01H2GDM7AP3X0K14FRP46Y5PYF] Asset added to Push Publish Queue. Action: Added by Browsing, Asset Type: contenttype, Asset Id: ea533f67-4883-42bb-9701-83293e7313e5, User: dotcms.org.1
[09/06/23 15:50:32:040 UTC]  INFO util.SecurityLogger: class com.dotmarketing.cms.login.factories.LoginFactory : User admin@dotcms.com has sucessfully logged in from IP: 172.18.0.1 -- ip:172.18.0.1,user:Admin User [ID: dotcms.org.1][email:admin@dotcms.com]
[09/06/23 15:50:34:080 UTC]  INFO business.PublisherQueueJob: 
[09/06/23 15:50:34:081 UTC]  INFO business.PublisherQueueJob: Found 1 bundle(s) to process.
[09/06/23 15:50:34:081 UTC]  INFO business.PublisherQueueJob: 
[09/06/23 15:50:34:081 UTC]  INFO business.PublisherQueueJob: Processing bundle: ID: 01H2GDM7AP3X0K14FRP46Y5PYF. Status: Starting. Publish Date: 2020-09-10 17:14:00.0
[09/06/23 15:50:34:081 UTC]  INFO util.PushPublishLogger: class com.dotcms.publisher.business.PublishAuditStatus : Status Update: Pending.
[09/06/23 15:50:34:081 UTC]  INFO util.PushPublishLogger: class com.dotcms.publisher.business.PublisherQueueJob : Pre-publish work started.
[09/06/23 15:50:34:085 UTC]  INFO util.PushPublishLogger: class com.dotcms.publisher.business.PublisherQueueJob : Pre-publish work complete.
[09/06/23 15:50:34:086 UTC]  INFO util.PushPublishLogger: class com.dotcms.publishing.PublisherAPIImpl : [BundleID: 01H2GDM7AP3X0K14FRP46Y5PYF] Started Publishing Task
[09/06/23 15:50:34:087 UTC]  INFO publishing.PublisherAPIImpl: Start of Bundler: DependencyBundler
[09/06/23 15:50:43:131 UTC]  INFO dependencies.ConcurrentDependencyProcessor: DependencyProcessor Finished
[09/06/23 15:50:43:131 UTC]  INFO publishing.PublisherAPIImpl: End of Bundler: DependencyBundler
[09/06/23 15:50:43:131 UTC]  INFO publishing.PublisherAPIImpl: Start of Bundler: HostBundler
[09/06/23 15:50:43:132 UTC]  INFO util.PushPublishLogger: class com.dotcms.enterprise.publishing.remote.bundler.HostBundler : Status Update: Bundling.
[09/06/23 15:50:43:172 UTC]  INFO bundler.HostBundler: Searching for ContentletVersionInfo. Identifier: 48190c8c-42c4-46af-8d1a-0cd5db894797. Language:1
[09/06/23 15:50:43:182 UTC]  INFO util.PushPublishLogger: class com.dotcms.enterprise.publishing.remote.bundler.HostBundler : Status Update: Bundling.
[09/06/23 15:50:43:184 UTC]  INFO publishing.PublisherAPIImpl: End of Bundler: HostBundler
[09/06/23 15:50:43:184 UTC]  INFO publishing.PublisherAPIImpl: Start of Bundler: ContentBundler
[09/06/23 15:50:43:185 UTC]  INFO util.PushPublishLogger: class com.dotcms.enterprise.publishing.remote.bundler.ContentBundler : Status Update: Bundling.
[09/06/23 15:50:43:189 UTC]  INFO util.PushPublishLogger: class com.dotcms.enterprise.publishing.remote.bundler.ContentBundler : Status Update: Bundling.
[09/06/23 15:50:43:190 UTC]  INFO publishing.PublisherAPIImpl: End of Bundler: ContentBundler
[09/06/23 15:50:43:191 UTC]  INFO publishing.PublisherAPIImpl: Start of Bundler: FolderBundler
[09/06/23 15:50:43:191 UTC]  INFO publishing.PublisherAPIImpl: End of Bundler: FolderBundler
[09/06/23 15:50:43:191 UTC]  INFO publishing.PublisherAPIImpl: Start of Bundler: TemplateBundler
[09/06/23 15:50:43:191 UTC]  INFO publishing.PublisherAPIImpl: End of Bundler: TemplateBundler
[09/06/23 15:50:43:191 UTC]  INFO publishing.PublisherAPIImpl: Start of Bundler: ContainerBundler
[09/06/23 15:50:43:191 UTC]  INFO publishing.PublisherAPIImpl: End of Bundler: ContainerBundler
[09/06/23 15:50:43:191 UTC]  INFO publishing.PublisherAPIImpl: Start of Bundler: RuleBundler
[09/06/23 15:50:43:191 UTC]  INFO publishing.PublisherAPIImpl: End of Bundler: RuleBundler
[09/06/23 15:50:43:191 UTC]  INFO publishing.PublisherAPIImpl: Start of Bundler: LinkBundler
[09/06/23 15:50:43:191 UTC]  INFO publishing.PublisherAPIImpl: End of Bundler: LinkBundler
[09/06/23 15:50:43:191 UTC]  INFO publishing.PublisherAPIImpl: Start of Bundler: ContentTypeBundler
[09/06/23 15:50:43:201 UTC]  INFO publishing.PublisherAPIImpl: End of Bundler: ContentTypeBundler
[09/06/23 15:50:43:201 UTC]  INFO publishing.PublisherAPIImpl: Start of Bundler: RelationshipBundler
[09/06/23 15:50:43:201 UTC]  INFO publishing.PublisherAPIImpl: End of Bundler: RelationshipBundler
[09/06/23 15:50:43:201 UTC]  INFO publishing.PublisherAPIImpl: Start of Bundler: LanguageVariablesBundler
[09/06/23 15:50:43:203 UTC]  WARN util.FileUtil: /data/shared/assets/messages/cms_language_en_US.properties is empty
[09/06/23 15:50:43:204 UTC]  WARN util.FileUtil: /data/shared/assets/messages/cms_language_es_ES.properties is empty
[09/06/23 15:50:43:205 UTC]  WARN util.FileUtil: /data/shared/assets/messages/cms_language_fr_FR.properties is empty
[09/06/23 15:50:43:205 UTC]  WARN util.FileUtil: /data/shared/assets/messages/cms_language_zh_CN.properties is empty
[09/06/23 15:50:43:206 UTC]  INFO publishing.PublisherAPIImpl: End of Bundler: LanguageVariablesBundler
[09/06/23 15:50:43:206 UTC]  INFO publishing.PublisherAPIImpl: Start of Bundler: WorkflowBundler
[09/06/23 15:50:43:275 UTC]  INFO publishing.PublisherAPIImpl: End of Bundler: WorkflowBundler
[09/06/23 15:50:43:276 UTC]  INFO publishing.PublisherAPIImpl: Start of Bundler: LanguageBundler
[09/06/23 15:50:43:276 UTC]  INFO publishing.PublisherAPIImpl: End of Bundler: LanguageBundler
[09/06/23 15:50:43:276 UTC]  INFO publishing.PublisherAPIImpl: Start of Bundler: BundleXMLAsc
[09/06/23 15:50:43:276 UTC]  INFO publishing.PublisherAPIImpl: End of Bundler: BundleXMLAsc
[09/06/23 15:50:43:276 UTC]  INFO publishing.PublisherAPIImpl: Start of Bundler: CategoryBundler
[09/06/23 15:50:43:276 UTC]  INFO publishing.PublisherAPIImpl: End of Bundler: CategoryBundler
[09/06/23 15:50:43:344 UTC]  INFO util.PushPublishLogger: class com.dotcms.publisher.pusher.PushPublisher : Status Update: Sending to all environments
[09/06/23 15:50:43:346 UTC]  INFO util.PushPublishLogger: class com.dotcms.publisher.pusher.PushPublisher : Status Update: Sending Bundle
[09/06/23 15:50:43:384 UTC]  INFO pusher.AuthCredentialPushPublishUtil: Is JWT in Push publish avaible?: false
[09/06/23 15:50:43:384 UTC]  INFO pusher.AuthCredentialPushPublishUtil: PublishingEndPoint: receiver-1686325730340
[09/06/23 15:50:43:385 UTC]  INFO pusher.AuthCredentialPushPublishUtil: PublishingEndPoint key: Optional[pmWkWSBCL51Bfkhn79xPuKBKHz//H6B+mY6G9/eieuM=]
[09/06/23 15:50:43:385 UTC]  INFO pusher.AuthCredentialPushPublishUtil: Token from request: 8SNNdReNiSoTOkEDVaWpkM910vM+uiXVdZQ9TfYy86Q=
[09/06/23 15:50:43:385 UTC] ERROR rest.IntegrityResource: Receiver at localhost:8080:> Authentication Token is invalid for ip: 127.0.0.1
[09/06/23 15:50:49:400 UTC]  INFO util.PushPublishLogger: class com.dotcms.publisher.pusher.PushPublisher : Invalid token
[09/06/23 15:50:50:136 UTC]  INFO util.SecurityLogger: class com.dotmarketing.cms.login.factories.LoginFactory : User admin@dotcms.com has sucessfully logged in from IP: 172.18.0.1 -- ip:172.18.0.1,user:Admin User [ID: dotcms.org.1][email:admin@dotcms.com]
[09/06/23 15:50:52:414 UTC]  INFO util.PushPublishLogger: class com.dotcms.publishing.PublisherAPIImpl : [BundleID: 01H2GDM7AP3X0K14FRP46Y5PYF] Completed Publishing Task
[09/06/23 15:50:55:205 UTC]  WARN auth.PrincipalThreadLocal: getName null
[09/06/23 15:50:55:206 UTC]  INFO util.SecurityLogger: class com.dotcms.cms.login.LoginServiceAPIFactory$LoginServiceImpl : User dotcms.org.1 has successfully login from IP: 172.18.0.1 -- ip:172.18.0.1,user:Admin User [ID: dotcms.org.1][email:admin@dotcms.com]
[09/06/23 15:50:55:357 UTC]  INFO pusher.AuthCredentialPushPublishUtil: Is JWT in Push publish avaible?: false
[09/06/23 15:50:55:358 UTC]  INFO pusher.AuthCredentialPushPublishUtil: PublishingEndPoint: null
[09/06/23 15:50:55:358 UTC]  WARN pusher.PushPublisher: Endpoint or endpoint key is null:null
[09/06/23 15:50:55:358 UTC]  INFO pusher.AuthCredentialPushPublishUtil: PublishingEndPoint key: Optional.empty
[09/06/23 15:50:55:359 UTC] ERROR rest.IntegrityResource: Receiver at dd209845a796:8080:> Authentication Token is invalid for ip: 172.18.0.1
[09/06/23 15:50:59:508 UTC]  WARN auth.PrincipalThreadLocal: getName dotcms.org.1
[09/06/23 15:50:59:510 UTC]  INFO util.SecurityLogger: class com.dotcms.cms.login.LoginServiceAPIFactory$LoginServiceImpl : User dotcms.org.1 has successfully login from IP: 172.18.0.1 -- ip:172.18.0.1,user:Admin User [ID: dotcms.org.1][email:admin@dotcms.com]
[09/06/23 15:51:00:144 UTC]  INFO business.PublisherQueueJob: ===========================================================
[09/06/23 15:51:00:145 UTC]  INFO business.PublisherQueueJob: For bundle '01H2GDM7AP3X0K14FRP46Y5PYF':
[09/06/23 15:51:00:145 UTC]  INFO business.PublisherQueueJob: -> Status             : WAITING_FOR_PUBLISHING [13]
[09/06/23 15:51:00:145 UTC]  INFO business.PublisherQueueJob: ===========================================================
[09/06/23 15:51:01:587 UTC]  INFO pusher.AuthCredentialPushPublishUtil: Is JWT in Push publish avaible?: false
[09/06/23 15:51:01:587 UTC]  INFO pusher.AuthCredentialPushPublishUtil: PublishingEndPoint: null
[09/06/23 15:51:01:587 UTC]  WARN pusher.PushPublisher: Endpoint or endpoint key is null:null
[09/06/23 15:51:01:587 UTC]  INFO pusher.AuthCredentialPushPublishUtil: PublishingEndPoint key: Optional.empty
[09/06/23 15:51:01:587 UTC] ERROR rest.IntegrityResource: Receiver at dd209845a796:8080:> Authentication Token is invalid for ip: 172.18.0.1
[09/06/23 15:51:01:631 UTC]  INFO pusher.AuthCredentialPushPublishUtil: Is JWT in Push publish avaible?: false
[09/06/23 15:51:01:631 UTC]  INFO pusher.AuthCredentialPushPublishUtil: PublishingEndPoint: null
[09/06/23 15:51:01:631 UTC]  WARN pusher.PushPublisher: Endpoint or endpoint key is null:null
[09/06/23 15:51:01:631 UTC]  INFO pusher.AuthCredentialPushPublishUtil: PublishingEndPoint key: Optional.empty
[09/06/23 15:51:01:631 UTC] ERROR rest.IntegrityResource: Receiver at dd209845a796:8080:> Authentication Token is invalid for ip: 172.18.0.1
[09/06/23 15:51:01:668 UTC]  INFO pusher.AuthCredentialPushPublishUtil: Is JWT in Push publish avaible?: false
[09/06/23 15:51:01:668 UTC]  INFO pusher.AuthCredentialPushPublishUtil: PublishingEndPoint: null
[09/06/23 15:51:01:668 UTC]  WARN pusher.PushPublisher: Endpoint or endpoint key is null:null
[09/06/23 15:51:01:668 UTC]  INFO pusher.AuthCredentialPushPublishUtil: PublishingEndPoint key: Optional.empty
[09/06/23 15:51:01:668 UTC] ERROR rest.IntegrityResource: Receiver at dd209845a796:8080:> Authentication Token is invalid for ip: 172.18.0.1
[09/06/23 15:51:05:505 UTC]  WARN auth.PrincipalThreadLocal: getName null
[09/06/23 15:51:05:511 UTC]  INFO util.SecurityLogger: class com.dotcms.cms.login.LoginServiceAPIFactory$LoginServiceImpl : User dotcms.org.1 has successfully login from IP: 172.18.0.1 -- ip:172.18.0.1,user:Admin User [ID: dotcms.org.1][email:admin@dotcms.com]
[09/06/23 15:51:05:600 UTC] ERROR rest.BundlePublisherResource: Push Publishing failed from 172.18.0.1 bundle expected
[09/06/23 15:51:05:636 UTC]  INFO pusher.AuthCredentialPushPublishUtil: Is JWT in Push publish avaible?: false
[09/06/23 15:51:05:637 UTC]  INFO pusher.AuthCredentialPushPublishUtil: PublishingEndPoint: null
[09/06/23 15:51:05:637 UTC]  WARN pusher.PushPublisher: Endpoint or endpoint key is null:null
[09/06/23 15:51:05:637 UTC]  INFO pusher.AuthCredentialPushPublishUtil: PublishingEndPoint key: Optional.empty
[09/06/23 15:51:05:637 UTC] ERROR rest.IntegrityResource: Receiver at dd209845a796:8080:> Authentication Token is invalid for ip: 172.18.0.1
[09/06/23 15:51:10:581 UTC]  WARN auth.PrincipalThreadLocal: getName dotcms.org.1
[09/06/23 15:51:10:583 UTC]  INFO util.SecurityLogger: class com.dotcms.cms.login.LoginServiceAPIFactory$LoginServiceImpl : User dotcms.org.1 has successfully login from IP: 172.18.0.1 -- ip:172.18.0.1,user:Admin User [ID: dotcms.org.1][email:admin@dotcms.com]
[09/06/23 15:51:13:661 UTC]  INFO util.SecurityLogger: class com.dotmarketing.cms.login.factories.LoginFactory : User admin@dotcms.com has sucessfully logged in from IP: 172.18.0.1 -- ip:172.18.0.1,user:Admin User [ID: dotcms.org.1][email:admin@dotcms.com]
[09/06/23 15:51:16:703 UTC]  INFO util.SecurityLogger: class com.dotmarketing.cms.login.factories.LoginFactory : User admin@dotcms.com has sucessfully logged in from IP: 172.18.0.1 -- ip:172.18.0.1,user:Admin User [ID: dotcms.org.1][email:admin@dotcms.com]
[09/06/23 15:51:16:947 UTC]  INFO publishing.PublisherAPIImpl: Push Publishing Filters Directory: Lazy(/data/shared/assets/server/publishing-filters)
[09/06/23 15:51:16:947 UTC]  INFO publishing.PublisherAPIImpl: Loading Push Publish Filter: ShallowPush.yml
[09/06/23 15:51:16:954 UTC]  INFO publishing.PublisherAPIImpl: FilterDescriptor{key=ShallowPush.yml, title=Only Selected Items, sort=5, default=false, roles=DOTCMS_BACK_END_USER, filters{{excludeQuery=, excludeClasses=[], dependencies=false, excludeDependencyQuery=, excludeDependencyClasses=[], forcePush=false, relationships=false}}}
[09/06/23 15:51:16:956 UTC]  INFO publishing.PublisherAPIImpl: Loading Push Publish Filter: NoWorkflow.yml
[09/06/23 15:51:16:968 UTC]  INFO publishing.PublisherAPIImpl: FilterDescriptor{key=NoWorkflow.yml, title=Push without Wofklows, sort=1000, default=false, roles=DOTCMS_BACK_END_USER, filters{{excludeQuery=, excludeClasses=[Host, Workflow, OSGI], dependencies=true, excludeDependencyQuery=, excludeDependencyClasses=[Host, Workflow], forcePush=false, relationships=false}}}
[09/06/23 15:51:16:968 UTC]  INFO publishing.PublisherAPIImpl: Loading Push Publish Filter: Intelligent.yml
[09/06/23 15:51:16:969 UTC]  INFO publishing.PublisherAPIImpl: FilterDescriptor{key=Intelligent.yml, title=Everything and Dependencies, sort=3, default=true, roles=DOTCMS_BACK_END_USER, filters{{excludeQuery=, excludeClasses=[], dependencies=true, excludeDependencyQuery=, excludeDependencyClasses=[], forcePush=false, relationships=true}}}
[09/06/23 15:51:16:970 UTC]  INFO publishing.PublisherAPIImpl: Loading Push Publish Filter: ForcePush.yml
[09/06/23 15:51:16:971 UTC]  INFO publishing.PublisherAPIImpl: FilterDescriptor{key=ForcePush.yml, title=Force Push Everything, sort=4, default=false, roles=DOTCMS_BACK_END_USER, filters{{excludeQuery=, excludeClasses=[], dependencies=true, excludeDependencyQuery=, excludeDependencyClasses=[], forcePush=true, relationships=true}}}
[09/06/23 15:51:16:971 UTC]  INFO publishing.PublisherAPIImpl: Loading Push Publish Filter: ContentOnly.yml
[09/06/23 15:51:16:974 UTC]  INFO publishing.PublisherAPIImpl: FilterDescriptor{key=ContentOnly.yml, title=Content and Relationships, sort=1, default=false, roles=DOTCMS_BACK_END_USER, filters{{excludeQuery=, excludeClasses=[ContentType, Template, Containers, Folder, Host, Links, Workflow, Language, Rule, User, OSGI], dependencies=true, excludeDependencyQuery=, excludeDependencyClasses=[ContentType, Template, Containers, Folder, Host, Links, Workflow, Language, Rule], forcePush=false, relationships=true}}}
[09/06/23 15:51:16:974 UTC]  INFO publishing.PublisherAPIImpl: Loading Push Publish Filter: WebContentOnly.yml
[09/06/23 15:51:16:977 UTC]  INFO publishing.PublisherAPIImpl: FilterDescriptor{key=WebContentOnly.yml, title=Content, Assets and Pages, sort=2, default=false, roles=DOTCMS_BACK_END_USER, filters{{excludeQuery=, excludeClasses=[Host, Workflow, ContentType, User, OSGI, Language], dependencies=true, excludeDependencyQuery=, excludeDependencyClasses=[Host, Workflow, ContentType, Language], forcePush=false, relationships=true}}}
[09/06/23 15:51:20:026 UTC]  INFO util.SecurityLogger: class com.dotmarketing.cms.login.factories.LoginFactory : User admin@dotcms.com has sucessfully logged in from IP: 172.18.0.1 -- ip:172.18.0.1,user:Admin User [ID: dotcms.org.1][email:admin@dotcms.com]
[09/06/23 15:51:20:035 UTC]  INFO publishing.PublisherAPIImpl: Push Publishing Filters Directory: Lazy(/data/shared/assets/server/publishing-filters)
[09/06/23 15:51:20:035 UTC]  INFO publishing.PublisherAPIImpl: Loading Push Publish Filter: ShallowPush.yml
[09/06/23 15:51:20:042 UTC]  INFO publishing.PublisherAPIImpl: FilterDescriptor{key=ShallowPush.yml, title=Only Selected Items, sort=5, default=false, roles=DOTCMS_BACK_END_USER, filters{{excludeQuery=, excludeClasses=[], dependencies=false, excludeDependencyQuery=, excludeDependencyClasses=[], forcePush=false, relationships=false}}}
[09/06/23 15:51:20:042 UTC]  INFO publishing.PublisherAPIImpl: Loading Push Publish Filter: NoWorkflow.yml
[09/06/23 15:51:20:044 UTC]  INFO publishing.PublisherAPIImpl: FilterDescriptor{key=NoWorkflow.yml, title=Push without Wofklows, sort=1000, default=false, roles=DOTCMS_BACK_END_USER, filters{{excludeQuery=, excludeClasses=[Host, Workflow, OSGI], dependencies=true, excludeDependencyQuery=, excludeDependencyClasses=[Host, Workflow], forcePush=false, relationships=false}}}
[09/06/23 15:51:20:044 UTC]  INFO publishing.PublisherAPIImpl: Loading Push Publish Filter: Intelligent.yml
[09/06/23 15:51:20:047 UTC]  INFO publishing.PublisherAPIImpl: FilterDescriptor{key=Intelligent.yml, title=Everything and Dependencies, sort=3, default=true, roles=DOTCMS_BACK_END_USER, filters{{excludeQuery=, excludeClasses=[], dependencies=true, excludeDependencyQuery=, excludeDependencyClasses=[], forcePush=false, relationships=true}}}
[09/06/23 15:51:20:047 UTC]  INFO publishing.PublisherAPIImpl: Loading Push Publish Filter: ForcePush.yml
[09/06/23 15:51:20:049 UTC]  INFO publishing.PublisherAPIImpl: FilterDescriptor{key=ForcePush.yml, title=Force Push Everything, sort=4, default=false, roles=DOTCMS_BACK_END_USER, filters{{excludeQuery=, excludeClasses=[], dependencies=true, excludeDependencyQuery=, excludeDependencyClasses=[], forcePush=true, relationships=true}}}
[09/06/23 15:51:20:049 UTC]  INFO publishing.PublisherAPIImpl: Loading Push Publish Filter: TestPPFilter.yml
[09/06/23 15:51:20:051 UTC]  INFO publishing.PublisherAPIImpl: FilterDescriptor{key=TestPPFilter.yml, title=Force Push Everything, sort=20, default=false, roles=DOTCMS_BACK_END_USER, filters{{excludeQuery=, excludeClasses=[], dependencies=true, excludeDependencyQuery=, excludeDependencyClasses=[], forcePush=true, relationships=true}}}
[09/06/23 15:51:20:051 UTC]  INFO publishing.PublisherAPIImpl: Loading Push Publish Filter: ContentOnly.yml
[09/06/23 15:51:20:054 UTC]  INFO publishing.PublisherAPIImpl: FilterDescriptor{key=ContentOnly.yml, title=Content and Relationships, sort=1, default=false, roles=DOTCMS_BACK_END_USER, filters{{excludeQuery=, excludeClasses=[ContentType, Template, Containers, Folder, Host, Links, Workflow, Language, Rule, User, OSGI], dependencies=true, excludeDependencyQuery=, excludeDependencyClasses=[ContentType, Template, Containers, Folder, Host, Links, Workflow, Language, Rule], forcePush=false, relationships=true}}}
[09/06/23 15:51:20:054 UTC]  INFO publishing.PublisherAPIImpl: Loading Push Publish Filter: WebContentOnly.yml
[09/06/23 15:51:20:055 UTC]  INFO publishing.PublisherAPIImpl: FilterDescriptor{key=WebContentOnly.yml, title=Content, Assets and Pages, sort=2, default=false, roles=DOTCMS_BACK_END_USER, filters{{excludeQuery=, excludeClasses=[Host, Workflow, ContentType, User, OSGI, Language], dependencies=true, excludeDependencyQuery=, excludeDependencyClasses=[Host, Workflow, ContentType, Language], forcePush=false, relationships=true}}}
[09/06/23 15:51:23:101 UTC]  INFO util.SecurityLogger: class com.dotmarketing.cms.login.factories.LoginFactory : User admin@dotcms.com has sucessfully logged in from IP: 172.18.0.1 -- ip:172.18.0.1,user:Admin User [ID: dotcms.org.1][email:admin@dotcms.com]
[09/06/23 15:51:23:107 UTC]  INFO publishing.PublisherAPIImpl: Push Publishing Filters Directory: Lazy(/data/shared/assets/server/publishing-filters)
[09/06/23 15:51:23:109 UTC]  INFO publishing.PublisherAPIImpl: Loading Push Publish Filter: ShallowPush.yml
[09/06/23 15:51:23:111 UTC]  INFO publishing.PublisherAPIImpl: FilterDescriptor{key=ShallowPush.yml, title=Only Selected Items, sort=5, default=false, roles=DOTCMS_BACK_END_USER, filters{{excludeQuery=, excludeClasses=[], dependencies=false, excludeDependencyQuery=, excludeDependencyClasses=[], forcePush=false, relationships=false}}}
[09/06/23 15:51:23:111 UTC]  INFO publishing.PublisherAPIImpl: Loading Push Publish Filter: NoWorkflow.yml
[09/06/23 15:51:23:112 UTC]  INFO publishing.PublisherAPIImpl: FilterDescriptor{key=NoWorkflow.yml, title=Push without Wofklows Updated., sort=0, default=false, roles=DOTCMS_BACK_END_USER, filters{{excludeQuery=, excludeClasses=[Host, Workflow, OSGI], dependencies=true, excludeDependencyQuery=, excludeDependencyClasses=[Host, Workflow], forcePush=false, relationships=false}}}
[09/06/23 15:51:23:112 UTC]  INFO publishing.PublisherAPIImpl: Loading Push Publish Filter: Intelligent.yml
[09/06/23 15:51:23:113 UTC]  INFO publishing.PublisherAPIImpl: FilterDescriptor{key=Intelligent.yml, title=Everything and Dependencies, sort=3, default=true, roles=DOTCMS_BACK_END_USER, filters{{excludeQuery=, excludeClasses=[], dependencies=true, excludeDependencyQuery=, excludeDependencyClasses=[], forcePush=false, relationships=true}}}
[09/06/23 15:51:23:114 UTC]  INFO publishing.PublisherAPIImpl: Loading Push Publish Filter: ForcePush.yml
[09/06/23 15:51:23:115 UTC]  INFO publishing.PublisherAPIImpl: FilterDescriptor{key=ForcePush.yml, title=Force Push Everything, sort=4, default=false, roles=DOTCMS_BACK_END_USER, filters{{excludeQuery=, excludeClasses=[], dependencies=true, excludeDependencyQuery=, excludeDependencyClasses=[], forcePush=true, relationships=true}}}
[09/06/23 15:51:23:116 UTC]  INFO publishing.PublisherAPIImpl: Loading Push Publish Filter: TestPPFilter.yml
[09/06/23 15:51:23:117 UTC]  INFO publishing.PublisherAPIImpl: FilterDescriptor{key=TestPPFilter.yml, title=Force Push Everything, sort=20, default=false, roles=DOTCMS_BACK_END_USER, filters{{excludeQuery=, excludeClasses=[], dependencies=true, excludeDependencyQuery=, excludeDependencyClasses=[], forcePush=true, relationships=true}}}
[09/06/23 15:51:23:120 UTC]  INFO publishing.PublisherAPIImpl: Loading Push Publish Filter: ContentOnly.yml
[09/06/23 15:51:23:121 UTC]  INFO publishing.PublisherAPIImpl: FilterDescriptor{key=ContentOnly.yml, title=Content and Relationships, sort=1, default=false, roles=DOTCMS_BACK_END_USER, filters{{excludeQuery=, excludeClasses=[ContentType, Template, Containers, Folder, Host, Links, Workflow, Language, Rule, User, OSGI], dependencies=true, excludeDependencyQuery=, excludeDependencyClasses=[ContentType, Template, Containers, Folder, Host, Links, Workflow, Language, Rule], forcePush=false, relationships=true}}}
[09/06/23 15:51:23:121 UTC]  INFO publishing.PublisherAPIImpl: Loading Push Publish Filter: WebContentOnly.yml
[09/06/23 15:51:23:122 UTC]  INFO publishing.PublisherAPIImpl: FilterDescriptor{key=WebContentOnly.yml, title=Content, Assets and Pages, sort=2, default=false, roles=DOTCMS_BACK_END_USER, filters{{excludeQuery=, excludeClasses=[Host, Workflow, ContentType, User, OSGI, Language], dependencies=true, excludeDependencyQuery=, excludeDependencyClasses=[Host, Workflow, ContentType, Language], forcePush=false, relationships=true}}}
[09/06/23 15:51:26:159 UTC]  INFO util.SecurityLogger: class com.dotmarketing.cms.login.factories.LoginFactory : User admin@dotcms.com has sucessfully logged in from IP: 172.18.0.1 -- ip:172.18.0.1,user:Admin User [ID: dotcms.org.1][email:admin@dotcms.com]
[09/06/23 15:51:26:167 UTC]  INFO publishing.PublisherAPIImpl: Push Publishing Filters Directory: Lazy(/data/shared/assets/server/publishing-filters)
[09/06/23 15:51:26:167 UTC]  INFO publishing.PublisherAPIImpl: Loading Push Publish Filter: ShallowPush.yml
[09/06/23 15:51:26:169 UTC]  INFO publishing.PublisherAPIImpl: FilterDescriptor{key=ShallowPush.yml, title=Only Selected Items, sort=5, default=false, roles=DOTCMS_BACK_END_USER, filters{{excludeQuery=, excludeClasses=[], dependencies=false, excludeDependencyQuery=, excludeDependencyClasses=[], forcePush=false, relationships=false}}}
[09/06/23 15:51:26:170 UTC]  INFO publishing.PublisherAPIImpl: Loading Push Publish Filter: NoWorkflow.yml
[09/06/23 15:51:26:171 UTC]  INFO publishing.PublisherAPIImpl: FilterDescriptor{key=NoWorkflow.yml, title=Push without Wofklows Updated., sort=0, default=false, roles=DOTCMS_BACK_END_USER, filters{{excludeQuery=, excludeClasses=[Host, Workflow, OSGI], dependencies=true, excludeDependencyQuery=, excludeDependencyClasses=[Host, Workflow], forcePush=false, relationships=false}}}
[09/06/23 15:51:26:172 UTC]  INFO publishing.PublisherAPIImpl: Loading Push Publish Filter: Intelligent.yml
[09/06/23 15:51:26:172 UTC]  INFO publishing.PublisherAPIImpl: FilterDescriptor{key=Intelligent.yml, title=Everything and Dependencies, sort=3, default=true, roles=DOTCMS_BACK_END_USER, filters{{excludeQuery=, excludeClasses=[], dependencies=true, excludeDependencyQuery=, excludeDependencyClasses=[], forcePush=false, relationships=true}}}
[09/06/23 15:51:26:173 UTC]  INFO publishing.PublisherAPIImpl: Loading Push Publish Filter: ForcePush.yml
[09/06/23 15:51:26:175 UTC]  INFO publishing.PublisherAPIImpl: FilterDescriptor{key=ForcePush.yml, title=Force Push Everything, sort=4, default=false, roles=DOTCMS_BACK_END_USER, filters{{excludeQuery=, excludeClasses=[], dependencies=true, excludeDependencyQuery=, excludeDependencyClasses=[], forcePush=true, relationships=true}}}
[09/06/23 15:51:26:176 UTC]  INFO publishing.PublisherAPIImpl: Loading Push Publish Filter: TestPPFilter.yml
[09/06/23 15:51:26:177 UTC]  INFO publishing.PublisherAPIImpl: FilterDescriptor{key=TestPPFilter.yml, title=Force Push Everything, sort=20, default=false, roles=DOTCMS_BACK_END_USER, filters{{excludeQuery=, excludeClasses=[], dependencies=true, excludeDependencyQuery=, excludeDependencyClasses=[], forcePush=true, relationships=true}}}
[09/06/23 15:51:26:179 UTC]  INFO publishing.PublisherAPIImpl: Loading Push Publish Filter: ContentOnly.yml
[09/06/23 15:51:26:180 UTC]  INFO publishing.PublisherAPIImpl: FilterDescriptor{key=ContentOnly.yml, title=Content and Relationships, sort=1, default=false, roles=DOTCMS_BACK_END_USER, filters{{excludeQuery=, excludeClasses=[ContentType, Template, Containers, Folder, Host, Links, Workflow, Language, Rule, User, OSGI], dependencies=true, excludeDependencyQuery=, excludeDependencyClasses=[ContentType, Template, Containers, Folder, Host, Links, Workflow, Language, Rule], forcePush=false, relationships=true}}}
[09/06/23 15:51:26:181 UTC]  INFO publishing.PublisherAPIImpl: Loading Push Publish Filter: WebContentOnly.yml
[09/06/23 15:51:26:182 UTC]  INFO publishing.PublisherAPIImpl: FilterDescriptor{key=WebContentOnly.yml, title=Content, Assets and Pages, sort=2, default=false, roles=DOTCMS_BACK_END_USER, filters{{excludeQuery=, excludeClasses=[Host, Workflow, ContentType, User, OSGI, Language], dependencies=true, excludeDependencyQuery=, excludeDependencyClasses=[Host, Workflow, ContentType, Language], forcePush=false, relationships=true}}}
[09/06/23 15:51:29:219 UTC]  INFO util.SecurityLogger: class com.dotmarketing.cms.login.factories.LoginFactory : User admin@dotcms.com has sucessfully logged in from IP: 172.18.0.1 -- ip:172.18.0.1,user:Admin User [ID: dotcms.org.1][email:admin@dotcms.com]
[09/06/23 15:51:32:277 UTC]  INFO util.SecurityLogger: class com.dotmarketing.cms.login.factories.LoginFactory : User admin@dotcms.com has sucessfully logged in from IP: 172.18.0.1 -- ip:172.18.0.1,user:Admin User [ID: dotcms.org.1][email:admin@dotcms.com]
[09/06/23 15:51:32:285 UTC]  INFO publishing.PublisherAPIImpl: Push Publishing Filters Directory: Lazy(/data/shared/assets/server/publishing-filters)
[09/06/23 15:51:32:286 UTC]  INFO publishing.PublisherAPIImpl: Loading Push Publish Filter: ShallowPush.yml
[09/06/23 15:51:32:288 UTC]  INFO publishing.PublisherAPIImpl: FilterDescriptor{key=ShallowPush.yml, title=Only Selected Items, sort=5, default=false, roles=DOTCMS_BACK_END_USER, filters{{excludeQuery=, excludeClasses=[], dependencies=false, excludeDependencyQuery=, excludeDependencyClasses=[], forcePush=false, relationships=false}}}
[09/06/23 15:51:32:289 UTC]  INFO publishing.PublisherAPIImpl: Loading Push Publish Filter: Intelligent.yml
[09/06/23 15:51:32:289 UTC]  INFO publishing.PublisherAPIImpl: FilterDescriptor{key=Intelligent.yml, title=Everything and Dependencies, sort=3, default=true, roles=DOTCMS_BACK_END_USER, filters{{excludeQuery=, excludeClasses=[], dependencies=true, excludeDependencyQuery=, excludeDependencyClasses=[], forcePush=false, relationships=true}}}
[09/06/23 15:51:32:289 UTC]  INFO publishing.PublisherAPIImpl: Loading Push Publish Filter: ForcePush.yml
[09/06/23 15:51:32:290 UTC]  INFO publishing.PublisherAPIImpl: FilterDescriptor{key=ForcePush.yml, title=Force Push Everything, sort=4, default=false, roles=DOTCMS_BACK_END_USER, filters{{excludeQuery=, excludeClasses=[], dependencies=true, excludeDependencyQuery=, excludeDependencyClasses=[], forcePush=true, relationships=true}}}
[09/06/23 15:51:32:290 UTC]  INFO publishing.PublisherAPIImpl: Loading Push Publish Filter: TestPPFilter.yml
[09/06/23 15:51:32:290 UTC]  INFO publishing.PublisherAPIImpl: FilterDescriptor{key=TestPPFilter.yml, title=Force Push Everything, sort=20, default=false, roles=DOTCMS_BACK_END_USER, filters{{excludeQuery=, excludeClasses=[], dependencies=true, excludeDependencyQuery=, excludeDependencyClasses=[], forcePush=true, relationships=true}}}
[09/06/23 15:51:32:290 UTC]  INFO publishing.PublisherAPIImpl: Loading Push Publish Filter: ContentOnly.yml
[09/06/23 15:51:32:291 UTC]  INFO publishing.PublisherAPIImpl: FilterDescriptor{key=ContentOnly.yml, title=Content and Relationships, sort=1, default=false, roles=DOTCMS_BACK_END_USER, filters{{excludeQuery=, excludeClasses=[ContentType, Template, Containers, Folder, Host, Links, Workflow, Language, Rule, User, OSGI], dependencies=true, excludeDependencyQuery=, excludeDependencyClasses=[ContentType, Template, Containers, Folder, Host, Links, Workflow, Language, Rule], forcePush=false, relationships=true}}}
[09/06/23 15:51:32:294 UTC]  INFO publishing.PublisherAPIImpl: Loading Push Publish Filter: WebContentOnly.yml
[09/06/23 15:51:32:295 UTC]  INFO publishing.PublisherAPIImpl: FilterDescriptor{key=WebContentOnly.yml, title=Content, Assets and Pages, sort=2, default=false, roles=DOTCMS_BACK_END_USER, filters{{excludeQuery=, excludeClasses=[Host, Workflow, ContentType, User, OSGI, Language], dependencies=true, excludeDependencyQuery=, excludeDependencyClasses=[Host, Workflow, ContentType, Language], forcePush=false, relationships=true}}}
[09/06/23 15:51:35:346 UTC]  INFO util.SecurityLogger: class com.dotmarketing.cms.login.factories.LoginFactory : User admin@dotcms.com has sucessfully logged in from IP: 172.18.0.1 -- ip:172.18.0.1,user:Admin User [ID: dotcms.org.1][email:admin@dotcms.com]
[09/06/23 15:51:35:353 UTC]  INFO publishing.PublisherAPIImpl: Push Publishing Filters Directory: Lazy(/data/shared/assets/server/publishing-filters)
[09/06/23 15:51:35:354 UTC]  INFO publishing.PublisherAPIImpl: Loading Push Publish Filter: ShallowPush.yml
[09/06/23 15:51:35:355 UTC]  INFO publishing.PublisherAPIImpl: FilterDescriptor{key=ShallowPush.yml, title=Only Selected Items, sort=5, default=false, roles=DOTCMS_BACK_END_USER, filters{{excludeQuery=, excludeClasses=[], dependencies=false, excludeDependencyQuery=, excludeDependencyClasses=[], forcePush=false, relationships=false}}}
[09/06/23 15:51:35:356 UTC]  INFO publishing.PublisherAPIImpl: Loading Push Publish Filter: Intelligent.yml
[09/06/23 15:51:35:357 UTC]  INFO publishing.PublisherAPIImpl: FilterDescriptor{key=Intelligent.yml, title=Everything and Dependencies, sort=3, default=true, roles=DOTCMS_BACK_END_USER, filters{{excludeQuery=, excludeClasses=[], dependencies=true, excludeDependencyQuery=, excludeDependencyClasses=[], forcePush=false, relationships=true}}}
[09/06/23 15:51:35:358 UTC]  INFO publishing.PublisherAPIImpl: Loading Push Publish Filter: ForcePush.yml
[09/06/23 15:51:35:359 UTC]  INFO publishing.PublisherAPIImpl: FilterDescriptor{key=ForcePush.yml, title=Force Push Everything, sort=4, default=false, roles=DOTCMS_BACK_END_USER, filters{{excludeQuery=, excludeClasses=[], dependencies=true, excludeDependencyQuery=, excludeDependencyClasses=[], forcePush=true, relationships=true}}}
[09/06/23 15:51:35:360 UTC]  INFO publishing.PublisherAPIImpl: Loading Push Publish Filter: ContentOnly.yml
[09/06/23 15:51:35:361 UTC]  INFO publishing.PublisherAPIImpl: FilterDescriptor{key=ContentOnly.yml, title=Content and Relationships, sort=1, default=false, roles=DOTCMS_BACK_END_USER, filters{{excludeQuery=, excludeClasses=[ContentType, Template, Containers, Folder, Host, Links, Workflow, Language, Rule, User, OSGI], dependencies=true, excludeDependencyQuery=, excludeDependencyClasses=[ContentType, Template, Containers, Folder, Host, Links, Workflow, Language, Rule], forcePush=false, relationships=true}}}
[09/06/23 15:51:35:361 UTC]  INFO publishing.PublisherAPIImpl: Loading Push Publish Filter: WebContentOnly.yml
[09/06/23 15:51:35:362 UTC]  INFO publishing.PublisherAPIImpl: FilterDescriptor{key=WebContentOnly.yml, title=Content, Assets and Pages, sort=2, default=false, roles=DOTCMS_BACK_END_USER, filters{{excludeQuery=, excludeClasses=[Host, Workflow, ContentType, User, OSGI, Language], dependencies=true, excludeDependencyQuery=, excludeDependencyClasses=[Host, Workflow, ContentType, Language], forcePush=false, relationships=true}}}
