[16/06/23 14:00:11:845 UTC]  INFO loggers.Log4jUtil: Async Logger enabled: true
[16/06/23 14:00:11:853 UTC]  INFO listeners.ContextLifecycleListener: Installing the web socket
[16/06/23 14:00:13:040 UTC]  INFO business.CacheLocator: loading cache administrator: ChainableCacheAdministratorImpl
[16/06/23 14:00:13:654 UTC]  INFO db.DataSourceStrategyProvider: Datasource loaded using custom class com.dotmarketing.db.SystemEnvDataSourceStrategy
[16/06/23 14:00:13:669 UTC]  INFO cfg.Environment: Hibernate 2.1.8
[16/06/23 14:00:13:670 UTC]  INFO cfg.Environment: hibernate.properties not found
[16/06/23 14:00:13:671 UTC]  INFO cfg.Environment: using CGLIB reflection optimizer
[16/06/23 14:00:13:673 UTC]  INFO cfg.Environment: using JDK 1.4 java.sql.Timestamp handling
[16/06/23 14:00:13:674 UTC]  INFO cfg.Configuration: configuring from resource: /hibernate.cfg.xml
[16/06/23 14:00:13:674 UTC]  INFO cfg.Configuration: Configuration resource: /hibernate.cfg.xml
[16/06/23 14:00:13:716 UTC]  INFO cfg.Configuration: Configured SessionFactory: null
[16/06/23 14:00:13:717 UTC]  INFO cfg.Configuration: Mapping resource: META-INF/portal-hbm.xml
[16/06/23 14:00:13:758 UTC]  INFO cfg.Binder: Mapping class: com.liferay.portal.ejb.AddressHBM -> Address
[16/06/23 14:00:13:794 UTC]  INFO cfg.Binder: Mapping class: com.liferay.portal.ejb.CompanyHBM -> Company
[16/06/23 14:00:13:802 UTC]  INFO cfg.Binder: Mapping class: com.liferay.portal.ejb.ImageHBM -> Image
[16/06/23 14:00:13:808 UTC]  INFO cfg.Binder: Mapping class: com.liferay.portal.ejb.PasswordTrackerHBM -> PasswordTracker
[16/06/23 14:00:13:812 UTC]  INFO cfg.Binder: Mapping class: com.liferay.portal.ejb.UserHBM -> User_
[16/06/23 14:00:13:828 UTC]  INFO cfg.Binder: Mapping class: com.liferay.portal.ejb.UserTrackerHBM -> UserTracker
[16/06/23 14:00:13:831 UTC]  INFO cfg.Binder: Mapping class: com.liferay.portal.ejb.UserTrackerPathHBM -> UserTrackerPath
[16/06/23 14:00:13:834 UTC]  INFO cfg.Binder: Mapping class: com.liferay.portlet.admin.ejb.AdminConfigHBM -> AdminConfig
[16/06/23 14:00:13:835 UTC]  INFO cfg.Configuration: Mapping resource: com/dotmarketing/beans/DotCMSSeq.hbm.xml
[16/06/23 14:00:13:887 UTC]  INFO cfg.Binder: Mapping class: com.dotmarketing.beans.Inode -> inode
[16/06/23 14:00:13:915 UTC]  INFO cfg.Binder: Mapping joined-subclass: com.dotmarketing.portlets.containers.model.Container -> dot_containers
[16/06/23 14:00:13:920 UTC]  INFO cfg.Binder: Mapping joined-subclass: com.dotmarketing.portlets.links.model.Link -> links
[16/06/23 14:00:13:934 UTC]  INFO cfg.Binder: Mapping joined-subclass: com.dotmarketing.portlets.structure.model.Field -> field
[16/06/23 14:00:13:937 UTC]  INFO cfg.Binder: Mapping class: com.dotmarketing.portlets.workflows.model.WorkflowTask -> workflow_task
[16/06/23 14:00:13:941 UTC]  INFO cfg.Binder: Mapping class: com.dotmarketing.portlets.workflows.model.WorkflowComment -> workflow_comment
[16/06/23 14:00:13:945 UTC]  INFO cfg.Binder: Mapping class: com.dotmarketing.portlets.workflows.model.WorkflowHistory -> workflow_history
[16/06/23 14:00:13:948 UTC]  INFO cfg.Binder: Mapping class: com.dotmarketing.portlets.workflows.model.WorkFlowTaskFiles -> workflowtask_files
[16/06/23 14:00:13:960 UTC]  INFO cfg.Binder: Mapping class: com.dotmarketing.beans.Permission -> permission
[16/06/23 14:00:13:964 UTC]  INFO cfg.Binder: Mapping class: com.dotmarketing.beans.PermissionReference -> permission_reference
[16/06/23 14:00:13:971 UTC]  INFO cfg.Binder: Mapping class: com.dotmarketing.beans.Tree -> tree
[16/06/23 14:00:14:166 UTC]  INFO cfg.Binder: Mapping class: com.dotmarketing.beans.MultiTree -> multi_tree
[16/06/23 14:00:14:211 UTC]  INFO util.ReflectHelper: reflection optimizer disabled for: com.dotmarketing.beans.MultiTree, BulkBeanException: Index 1 out of bounds for length 0 (property setParent1)
[16/06/23 14:00:14:216 UTC]  INFO cfg.Binder: Mapping class: com.dotmarketing.beans.Clickstream -> clickstream
[16/06/23 14:00:14:234 UTC]  INFO cfg.Binder: Mapping class: com.dotmarketing.beans.ClickstreamRequest -> clickstream_request
[16/06/23 14:00:14:237 UTC]  INFO cfg.Binder: Mapping class: com.dotmarketing.beans.Clickstream404 -> clickstream_404
[16/06/23 14:00:14:244 UTC]  INFO cfg.Binder: Mapping class: com.dotmarketing.tag.model.Tag -> tag
[16/06/23 14:00:14:246 UTC]  INFO cfg.Binder: Mapping class: com.dotmarketing.tag.model.TagInode -> tag_inode
[16/06/23 14:00:14:324 UTC]  INFO cfg.Binder: Mapping class: com.dotmarketing.beans.ChallengeQuestion -> challenge_question
[16/06/23 14:00:14:328 UTC]  INFO cfg.Binder: Mapping class: com.dotmarketing.beans.UsersToDelete -> users_to_delete
[16/06/23 14:00:14:335 UTC]  INFO cfg.Binder: Mapping class: com.dotmarketing.plugin.model.Plugin -> plugin
[16/06/23 14:00:14:341 UTC]  INFO cfg.Binder: Mapping class: com.dotmarketing.business.Role -> cms_role
[16/06/23 14:00:14:343 UTC]  INFO cfg.Binder: Mapping class: com.dotmarketing.business.UsersRoles -> users_cms_roles
[16/06/23 14:00:14:348 UTC]  INFO cfg.Binder: Mapping class: com.dotmarketing.business.LayoutsRoles -> layouts_cms_roles
[16/06/23 14:00:14:350 UTC]  INFO cfg.Binder: Mapping class: com.dotmarketing.business.Layout -> cms_layout
[16/06/23 14:00:14:356 UTC]  INFO cfg.Binder: Mapping class: com.dotmarketing.business.PortletsLayouts -> cms_layouts_portlets
[16/06/23 14:00:14:359 UTC]  INFO cfg.Binder: Mapping class: com.dotmarketing.portlets.hostvariable.model.HostVariable -> host_variable
[16/06/23 14:00:14:361 UTC]  INFO cfg.Binder: Mapping class: com.dotmarketing.beans.FixAudit -> fixes_audit
[16/06/23 14:00:14:363 UTC]  INFO cfg.Binder: Mapping class: com.dotmarketing.beans.ContainerStructure -> container_structures
[16/06/23 14:00:14:369 UTC]  INFO cfg.Binder: Mapping class: com.dotmarketing.portlets.templates.model.TemplateVersionInfo -> template_version_info
[16/06/23 14:00:14:376 UTC]  INFO cfg.Binder: Mapping class: com.dotmarketing.portlets.containers.model.ContainerVersionInfo -> container_version_info
[16/06/23 14:00:14:378 UTC]  INFO cfg.Binder: Mapping class: com.dotmarketing.portlets.links.model.LinkVersionInfo -> link_version_info
[16/06/23 14:00:14:379 UTC]  INFO cfg.Configuration: Mapping resource: com/dotmarketing/beans/DotCMSSeq_NOSQLGEN.hbm.xml
[16/06/23 14:00:14:397 UTC]  INFO cfg.Binder: Mapping class: com.dotmarketing.plugin.model.PluginProperty -> plugin_property
[16/06/23 14:00:14:441 UTC]  INFO cfg.Configuration: processing one-to-many association mappings
[16/06/23 14:00:14:443 UTC]  INFO cfg.Binder: Mapping collection: com.dotmarketing.beans.Clickstream.clickstreamRequests -> clickstream_request
[16/06/23 14:00:14:444 UTC]  INFO cfg.Configuration: processing one-to-one association property references
[16/06/23 14:00:14:445 UTC]  INFO cfg.Configuration: processing foreign key constraints
[16/06/23 14:00:14:456 UTC]  INFO dialect.Dialect: Using dialect: com.dotcms.repackage.net.sf.hibernate.dialect.PostgreSQLDialect
[16/06/23 14:00:14:459 UTC]  INFO cfg.SettingsFactory: Use outer join fetching: true
[16/06/23 14:00:14:461 UTC]  WARN connection.UserSuppliedConnectionProvider: No connection properties specified - the user must supply JDBC connections
[16/06/23 14:00:14:465 UTC]  INFO transaction.TransactionManagerLookupFactory: No TransactionManagerLookup configured (in JTA environment, use of process level read-write cache is not recommended)
[16/06/23 14:00:14:466 UTC]  INFO cfg.SettingsFactory: Use scrollable result sets: true
[16/06/23 14:00:14:467 UTC]  INFO cfg.SettingsFactory: Use JDBC3 getGeneratedKeys(): false
[16/06/23 14:00:14:468 UTC]  INFO cfg.SettingsFactory: Optimize cache for minimal puts: false
[16/06/23 14:00:14:469 UTC]  INFO cfg.SettingsFactory: Query language substitutions: {}
[16/06/23 14:00:14:470 UTC]  INFO cfg.SettingsFactory: cache provider: com.dotmarketing.db.NoCacheProvider
[16/06/23 14:00:14:472 UTC]  INFO cfg.Configuration: instantiating and configuring caches
[16/06/23 14:00:14:482 UTC]  INFO impl.SessionFactoryImpl: building session factory
[16/06/23 14:00:14:576 UTC]  INFO util.ReflectHelper: reflection optimizer disabled for: com.dotmarketing.beans.MultiTree, BulkBeanException: Index 1 out of bounds for length 0 (property setTreeOrder)
[16/06/23 14:00:14:920 UTC]  INFO impl.SessionFactoryObjectFactory: Not binding factory to JNDI, no JNDI name configured
[16/06/23 14:00:15:133 UTC]  WARN license.LicenseManager: Cannot upsert License to db (every 120000 millis)
[16/06/23 14:00:15:135 UTC]  INFO servlets.InitServlet: 
[16/06/23 14:00:15:136 UTC]  INFO servlets.InitServlet:  * Copyright (c) 2023 dotCMS Inc. 
[16/06/23 14:00:15:137 UTC]  INFO servlets.InitServlet:  * This software, code and any modifications to the code are licensed under the terms of the dotCMS Enterprise License 
[16/06/23 14:00:15:138 UTC]  INFO servlets.InitServlet:  * which can be found here : https://www.github.com/dotCMS/core/LICENSE 
[16/06/23 14:00:15:139 UTC]  INFO servlets.InitServlet: 
[16/06/23 14:00:15:149 UTC]  INFO h22.H22Cache: Initing H22 cache db:0
[16/06/23 14:00:15:153 UTC]  INFO h22.H22Cache: Building new H22 Cache, db:0
[16/06/23 14:00:15:177 UTC]  INFO h22.H22HikariPool: H22 on disk cache:jdbc:h2:/data/local/dotsecure/h22cache/0/2023-06-16_14-00-15/cache;MVCC=TRUE;DB_CLOSE_ON_EXIT=FALSE
[16/06/23 14:00:15:416 UTC]  INFO h22.H22Cache: Initing H22 cache db:1
[16/06/23 14:00:15:427 UTC]  INFO h22.H22Cache: Building new H22 Cache, db:1
[16/06/23 14:00:15:428 UTC]  INFO h22.H22HikariPool: H22 on disk cache:jdbc:h2:/data/local/dotsecure/h22cache/1/2023-06-16_14-00-15/cache;MVCC=TRUE;DB_CLOSE_ON_EXIT=FALSE
[16/06/23 14:00:15:468 UTC]  INFO timedcache.TimedCacheProvider: ===== Initializing [Timed Cache Provider].
[16/06/23 14:00:15:470 UTC]  INFO timedcache.TimedCacheProvider: ***	 Cache Config Memory : esquerycache: 10000
[16/06/23 14:00:15:471 UTC]  INFO timedcache.TimedCacheProvider: ***	 Cache Config Memory : esquerycountcache: 10000
[16/06/23 14:00:15:472 UTC]  INFO timedcache.TimedCacheProvider: ***	 Cache Config Memory : graphqlquerycache: 5000
[16/06/23 14:00:15:472 UTC]  INFO timedcache.TimedCacheProvider: ***	 Cache Config Memory : default: 1000
[16/06/23 14:00:15:473 UTC]  INFO timedcache.TimedCacheProvider: ***	 Cache Config Memory : adminconfigpool: 100
[16/06/23 14:00:15:474 UTC]  INFO timedcache.TimedCacheProvider: ***	 Cache Config Memory : companypool: 10
[16/06/23 14:00:15:474 UTC]  INFO timedcache.TimedCacheProvider: ***	 Cache Config Memory : contentletcache: 5000
[16/06/23 14:00:15:475 UTC]  INFO timedcache.TimedCacheProvider: ***	 Cache Config Memory : categoryparentscache: 30000
[16/06/23 14:00:15:476 UTC]  INFO timedcache.TimedCacheProvider: ***	 Cache Config Memory : taginodecache: 50000
[16/06/23 14:00:15:476 UTC]  INFO timedcache.TimedCacheProvider: ***	 Cache Config Memory : taginodesbyinodecache: 50000
[16/06/23 14:00:15:477 UTC]  INFO timedcache.TimedCacheProvider: ***	 Cache Config Memory : tagcache: 50000
[16/06/23 14:00:15:478 UTC]  INFO timedcache.TimedCacheProvider: ***	 Cache Config Memory : csscache: 2500
[16/06/23 14:00:15:478 UTC]  INFO timedcache.TimedCacheProvider: ***	 Cache Config Memory : assetmetadatacache: 10000
[16/06/23 14:00:15:480 UTC]  INFO timedcache.TimedCacheProvider: ***	 Cache Config Memory : identifiercache: 50000
[16/06/23 14:00:15:480 UTC]  INFO timedcache.TimedCacheProvider: ***	 Cache Config Memory : identifier404cache: 30000
[16/06/23 14:00:15:481 UTC]  INFO timedcache.TimedCacheProvider: ***	 Cache Config Memory : indiciescache: 8
[16/06/23 14:00:15:484 UTC]  INFO timedcache.TimedCacheProvider: ***	 Cache Config Memory : logmappercache: 10
[16/06/23 14:00:15:484 UTC]  INFO timedcache.TimedCacheProvider: ***	 Cache Config Memory : navcache: 1000
[16/06/23 14:00:15:485 UTC]  INFO timedcache.TimedCacheProvider: ***	 Cache Config Memory : parentpermissionablecache: 10000
[16/06/23 14:00:15:486 UTC]  INFO timedcache.TimedCacheProvider: ***	 Cache Config Memory : permissioncache: 50000
[16/06/23 14:00:15:487 UTC]  INFO timedcache.TimedCacheProvider: ***	 Cache Config Memory : portletpool: 100
[16/06/23 14:00:15:487 UTC]  INFO timedcache.TimedCacheProvider: ***	 Cache Config Memory : publishingendpointcache: 100
[16/06/23 14:00:15:488 UTC]  INFO timedcache.TimedCacheProvider: ***	 Cache Config Memory : pushedassetscache: 5000
[16/06/23 14:00:15:490 UTC]  INFO timedcache.TimedCacheProvider: ***	 Cache Config Memory : templatecache: 500
[16/06/23 14:00:15:491 UTC]  INFO timedcache.TimedCacheProvider: ***	 Cache Config Memory : translatedquerycache: 5000
[16/06/23 14:00:15:491 UTC]  INFO timedcache.TimedCacheProvider: ***	 Cache Config Memory : versioncache: 50000
[16/06/23 14:00:15:492 UTC]  INFO timedcache.TimedCacheProvider: ***	 Cache Config Memory : versioninfocache: 50000
[16/06/23 14:00:15:493 UTC]  INFO timedcache.TimedCacheProvider: ***	 Cache Config Memory : workflowactioncache: 10000
[16/06/23 14:00:15:494 UTC]  INFO timedcache.TimedCacheProvider: ***	 Cache Config Memory : workflowtaskcache: 10000
[16/06/23 14:00:15:496 UTC]  INFO timedcache.TimedCacheProvider: ***	 Cache Config Memory : shortyidcache: 25000
[16/06/23 14:00:15:497 UTC]  INFO timedcache.TimedCacheProvider: ***	 Cache Config Memory : velocitycache: 5000
[16/06/23 14:00:15:497 UTC]  INFO timedcache.TimedCacheProvider: ***	 Cache Config Memory : vanityurldirectcache: 25000
[16/06/23 14:00:15:498 UTC]  INFO timedcache.TimedCacheProvider: ***	 Cache Config Memory : vanityurlsitecache: 5000
[16/06/23 14:00:16:206 UTC]  INFO servlet.VisitorFilter: VisitorLogger Filter Started
[16/06/23 14:00:16:450 UTC]  INFO util.SystemProperties: Loading file:/srv/dotserver/tomcat-9.0.60/webapps/ROOT/WEB-INF/classes/system.properties
[16/06/23 14:00:16:451 UTC]  INFO util.SystemProperties: Loading file:/srv/dotserver/tomcat-9.0.60/webapps/ROOT/WEB-INF/classes/system-ext.properties
[16/06/23 14:00:16:457 UTC]  INFO util.SystemProperties: Loading file:/srv/dotserver/tomcat-9.0.60/webapps/ROOT/WEB-INF/classes/system.properties
[16/06/23 14:00:16:458 UTC]  INFO util.SystemProperties: Loading file:/srv/dotserver/tomcat-9.0.60/webapps/ROOT/WEB-INF/classes/system-ext.properties
[16/06/23 14:00:17:107 UTC]  INFO util.PropsLoader: Loading file:/srv/dotserver/tomcat-9.0.60/webapps/ROOT/WEB-INF/classes/portal.properties
[16/06/23 14:00:17:108 UTC]  INFO util.PropsLoader: Loading file:/srv/dotserver/tomcat-9.0.60/webapps/ROOT/WEB-INF/classes/portal-ext.properties
[16/06/23 14:00:20:291 UTC]  INFO tiles.TilesPlugin: Tiles definition factory loaded for module ''.
[16/06/23 14:00:20:295 UTC]  INFO validator.ValidatorPlugIn: Loading validation rules file from '/WEB-INF/validator-rules.xml'
[16/06/23 14:00:20:296 UTC]  INFO validator.ValidatorPlugIn: Loading validation rules file from '/WEB-INF/validation.xml'
[16/06/23 14:00:20:550 UTC]  INFO util.RestHighLevelClientProvider: disabling String.intern() in Jackson
[16/06/23 14:00:20:553 UTC]  WARN util.DotRestHighLevelClientProvider: Elastic RestHighLevelClient will be initialized without certificates
[16/06/23 14:00:20:557 UTC]  INFO util.DotRestHighLevelClientProvider: Initializing Elastic RestHighLevelClient using Basic authentication
[16/06/23 14:00:20:566 UTC]  INFO util.DotRestHighLevelClientProvider: Initializing Elastic RestHighLevelClient using endpoints [
[16/06/23 14:00:20:568 UTC]  INFO util.DotRestHighLevelClientProvider:   - http://elasticsearch:9200
[16/06/23 14:00:20:568 UTC]  INFO util.DotRestHighLevelClientProvider: ]
[16/06/23 14:00:20:569 UTC]  WARN util.DotRestHighLevelClientProvider: Initializing Elastic RestHighLevelClient using an unsecured http connection
[16/06/23 14:00:20:924 UTC]  INFO util.DotRestHighLevelClientProvider: RestHighLevelClientProvider com.dotcms.content.elasticsearch.util.DotRestHighLevelClientProvider loaded successfully
[16/06/23 14:00:21:293 UTC]  INFO startup.StartupTasksExecutor: Running Startup Tasks
[16/06/23 14:00:21:469 UTC]  INFO runalways.Task00001LoadSchema: -------------------------------------------------------------------------------------
[16/06/23 14:00:21:469 UTC]  INFO runalways.Task00001LoadSchema: 
[16/06/23 14:00:21:470 UTC]  INFO runalways.Task00001LoadSchema: Empty dotCMS database found.  Loading initial dotCMS schema for PostgreSQL
[16/06/23 14:00:21:470 UTC]  INFO runalways.Task00001LoadSchema: 
[16/06/23 14:00:21:472 UTC]  INFO runalways.Task00001LoadSchema: -------------------------------------------------------------------------------------
[16/06/23 14:00:21:473 UTC]  INFO startup.StartupTasksExecutor: Running Startup Tasks : Task00001LoadSchema
[16/06/23 14:00:21:473 UTC]  INFO runalways.Task00001LoadSchema: Loading schema
[16/06/23 14:00:21:499 UTC]  INFO timedcache.TimedCacheProvider: ===== Initializing [Timed Cache Provider].
[16/06/23 14:00:21:500 UTC]  INFO timedcache.TimedCacheProvider: ***	 Cache Config Memory : esquerycache: 10000
[16/06/23 14:00:21:501 UTC]  INFO timedcache.TimedCacheProvider: ***	 Cache Config Memory : esquerycountcache: 10000
[16/06/23 14:00:21:501 UTC]  INFO timedcache.TimedCacheProvider: ***	 Cache Config Memory : graphqlquerycache: 5000
[16/06/23 14:00:21:502 UTC]  INFO timedcache.TimedCacheProvider: ***	 Cache Config Memory : default: 1000
[16/06/23 14:00:21:502 UTC]  INFO timedcache.TimedCacheProvider: ***	 Cache Config Memory : adminconfigpool: 100
[16/06/23 14:00:21:502 UTC]  INFO timedcache.TimedCacheProvider: ***	 Cache Config Memory : companypool: 10
[16/06/23 14:00:21:503 UTC]  INFO timedcache.TimedCacheProvider: ***	 Cache Config Memory : contentletcache: 5000
[16/06/23 14:00:21:504 UTC]  INFO timedcache.TimedCacheProvider: ***	 Cache Config Memory : categoryparentscache: 30000
[16/06/23 14:00:21:505 UTC]  INFO timedcache.TimedCacheProvider: ***	 Cache Config Memory : taginodecache: 50000
[16/06/23 14:00:21:505 UTC]  INFO timedcache.TimedCacheProvider: ***	 Cache Config Memory : taginodesbyinodecache: 50000
[16/06/23 14:00:21:506 UTC]  INFO timedcache.TimedCacheProvider: ***	 Cache Config Memory : tagcache: 50000
[16/06/23 14:00:21:507 UTC]  INFO timedcache.TimedCacheProvider: ***	 Cache Config Memory : csscache: 2500
[16/06/23 14:00:21:508 UTC]  INFO timedcache.TimedCacheProvider: ***	 Cache Config Memory : assetmetadatacache: 10000
[16/06/23 14:00:21:508 UTC]  INFO timedcache.TimedCacheProvider: ***	 Cache Config Memory : identifiercache: 50000
[16/06/23 14:00:21:509 UTC]  INFO timedcache.TimedCacheProvider: ***	 Cache Config Memory : identifier404cache: 30000
[16/06/23 14:00:21:510 UTC]  INFO timedcache.TimedCacheProvider: ***	 Cache Config Memory : indiciescache: 8
[16/06/23 14:00:21:511 UTC]  INFO timedcache.TimedCacheProvider: ***	 Cache Config Memory : logmappercache: 10
[16/06/23 14:00:21:512 UTC]  INFO timedcache.TimedCacheProvider: ***	 Cache Config Memory : navcache: 1000
[16/06/23 14:00:21:513 UTC]  INFO timedcache.TimedCacheProvider: ***	 Cache Config Memory : parentpermissionablecache: 10000
[16/06/23 14:00:21:514 UTC]  INFO timedcache.TimedCacheProvider: ***	 Cache Config Memory : permissioncache: 50000
[16/06/23 14:00:21:515 UTC]  INFO timedcache.TimedCacheProvider: ***	 Cache Config Memory : portletpool: 100
[16/06/23 14:00:21:515 UTC]  INFO timedcache.TimedCacheProvider: ***	 Cache Config Memory : publishingendpointcache: 100
[16/06/23 14:00:21:516 UTC]  INFO timedcache.TimedCacheProvider: ***	 Cache Config Memory : pushedassetscache: 5000
[16/06/23 14:00:21:517 UTC]  INFO timedcache.TimedCacheProvider: ***	 Cache Config Memory : templatecache: 500
[16/06/23 14:00:21:519 UTC]  INFO timedcache.TimedCacheProvider: ***	 Cache Config Memory : translatedquerycache: 5000
[16/06/23 14:00:21:520 UTC]  INFO timedcache.TimedCacheProvider: ***	 Cache Config Memory : versioncache: 50000
[16/06/23 14:00:21:521 UTC]  INFO timedcache.TimedCacheProvider: ***	 Cache Config Memory : versioninfocache: 50000
[16/06/23 14:00:21:521 UTC]  INFO timedcache.TimedCacheProvider: ***	 Cache Config Memory : workflowactioncache: 10000
[16/06/23 14:00:21:522 UTC]  INFO timedcache.TimedCacheProvider: ***	 Cache Config Memory : workflowtaskcache: 10000
[16/06/23 14:00:21:522 UTC]  INFO timedcache.TimedCacheProvider: ***	 Cache Config Memory : shortyidcache: 25000
[16/06/23 14:00:21:523 UTC]  INFO timedcache.TimedCacheProvider: ***	 Cache Config Memory : velocitycache: 5000
[16/06/23 14:00:21:523 UTC]  INFO timedcache.TimedCacheProvider: ***	 Cache Config Memory : vanityurldirectcache: 25000
[16/06/23 14:00:21:523 UTC]  INFO timedcache.TimedCacheProvider: ***	 Cache Config Memory : vanityurlsitecache: 5000
[16/06/23 14:00:21:525 UTC]  INFO h22.H22Cache: Start Full Cache Flush in h22
[16/06/23 14:00:21:526 UTC]  INFO h22.H22Cache: Building new H22 Cache, db:0
[16/06/23 14:00:21:527 UTC]  INFO h22.H22HikariPool: H22 on disk cache:jdbc:h2:/data/local/dotsecure/h22cache/0/2023-06-16_14-00-21/cache;MVCC=TRUE;DB_CLOSE_ON_EXIT=FALSE
[16/06/23 14:00:21:620 UTC]  INFO h22.H22Cache: Building new H22 Cache, db:1
[16/06/23 14:00:21:620 UTC]  INFO h22.H22HikariPool: H22 on disk cache:jdbc:h2:/data/local/dotsecure/h22cache/1/2023-06-16_14-00-21/cache;MVCC=TRUE;DB_CLOSE_ON_EXIT=FALSE
[16/06/23 14:00:21:687 UTC]  INFO h22.H22Cache: End Full Cache Flush in h22 : 160ms
[16/06/23 14:00:22:060 UTC]  INFO runalways.Task00001LoadSchema: Schema created (507 statements executed)
[16/06/23 14:00:22:067 UTC]  INFO timedcache.TimedCacheProvider: ===== Initializing [Timed Cache Provider].
[16/06/23 14:00:22:068 UTC]  INFO timedcache.TimedCacheProvider: ***	 Cache Config Memory : esquerycache: 10000
[16/06/23 14:00:22:068 UTC]  INFO timedcache.TimedCacheProvider: ***	 Cache Config Memory : esquerycountcache: 10000
[16/06/23 14:00:22:069 UTC]  INFO timedcache.TimedCacheProvider: ***	 Cache Config Memory : graphqlquerycache: 5000
[16/06/23 14:00:22:069 UTC]  INFO timedcache.TimedCacheProvider: ***	 Cache Config Memory : default: 1000
[16/06/23 14:00:22:070 UTC]  INFO timedcache.TimedCacheProvider: ***	 Cache Config Memory : adminconfigpool: 100
[16/06/23 14:00:22:070 UTC]  INFO timedcache.TimedCacheProvider: ***	 Cache Config Memory : companypool: 10
[16/06/23 14:00:22:070 UTC]  INFO timedcache.TimedCacheProvider: ***	 Cache Config Memory : contentletcache: 5000
[16/06/23 14:00:22:071 UTC]  INFO timedcache.TimedCacheProvider: ***	 Cache Config Memory : categoryparentscache: 30000
[16/06/23 14:00:22:071 UTC]  INFO timedcache.TimedCacheProvider: ***	 Cache Config Memory : taginodecache: 50000
[16/06/23 14:00:22:072 UTC]  INFO timedcache.TimedCacheProvider: ***	 Cache Config Memory : taginodesbyinodecache: 50000
[16/06/23 14:00:22:072 UTC]  INFO timedcache.TimedCacheProvider: ***	 Cache Config Memory : tagcache: 50000
[16/06/23 14:00:22:073 UTC]  INFO timedcache.TimedCacheProvider: ***	 Cache Config Memory : csscache: 2500
[16/06/23 14:00:22:073 UTC]  INFO timedcache.TimedCacheProvider: ***	 Cache Config Memory : assetmetadatacache: 10000
[16/06/23 14:00:22:073 UTC]  INFO timedcache.TimedCacheProvider: ***	 Cache Config Memory : identifiercache: 50000
[16/06/23 14:00:22:074 UTC]  INFO timedcache.TimedCacheProvider: ***	 Cache Config Memory : identifier404cache: 30000
[16/06/23 14:00:22:074 UTC]  INFO timedcache.TimedCacheProvider: ***	 Cache Config Memory : indiciescache: 8
[16/06/23 14:00:22:075 UTC]  INFO timedcache.TimedCacheProvider: ***	 Cache Config Memory : logmappercache: 10
[16/06/23 14:00:22:075 UTC]  INFO timedcache.TimedCacheProvider: ***	 Cache Config Memory : navcache: 1000
[16/06/23 14:00:22:075 UTC]  INFO timedcache.TimedCacheProvider: ***	 Cache Config Memory : parentpermissionablecache: 10000
[16/06/23 14:00:22:076 UTC]  INFO timedcache.TimedCacheProvider: ***	 Cache Config Memory : permissioncache: 50000
[16/06/23 14:00:22:076 UTC]  INFO timedcache.TimedCacheProvider: ***	 Cache Config Memory : portletpool: 100
[16/06/23 14:00:22:077 UTC]  INFO timedcache.TimedCacheProvider: ***	 Cache Config Memory : publishingendpointcache: 100
[16/06/23 14:00:22:077 UTC]  INFO timedcache.TimedCacheProvider: ***	 Cache Config Memory : pushedassetscache: 5000
[16/06/23 14:00:22:077 UTC]  INFO timedcache.TimedCacheProvider: ***	 Cache Config Memory : templatecache: 500
[16/06/23 14:00:22:078 UTC]  INFO timedcache.TimedCacheProvider: ***	 Cache Config Memory : translatedquerycache: 5000
[16/06/23 14:00:22:078 UTC]  INFO timedcache.TimedCacheProvider: ***	 Cache Config Memory : versioncache: 50000
[16/06/23 14:00:22:079 UTC]  INFO timedcache.TimedCacheProvider: ***	 Cache Config Memory : versioninfocache: 50000
[16/06/23 14:00:22:079 UTC]  INFO timedcache.TimedCacheProvider: ***	 Cache Config Memory : workflowactioncache: 10000
[16/06/23 14:00:22:079 UTC]  INFO timedcache.TimedCacheProvider: ***	 Cache Config Memory : workflowtaskcache: 10000
[16/06/23 14:00:22:080 UTC]  INFO timedcache.TimedCacheProvider: ***	 Cache Config Memory : shortyidcache: 25000
[16/06/23 14:00:22:080 UTC]  INFO timedcache.TimedCacheProvider: ***	 Cache Config Memory : velocitycache: 5000
[16/06/23 14:00:22:081 UTC]  INFO timedcache.TimedCacheProvider: ***	 Cache Config Memory : vanityurldirectcache: 25000
[16/06/23 14:00:22:081 UTC]  INFO timedcache.TimedCacheProvider: ***	 Cache Config Memory : vanityurlsitecache: 5000
[16/06/23 14:00:22:082 UTC]  INFO h22.H22Cache: Start Full Cache Flush in h22
[16/06/23 14:00:22:082 UTC]  INFO h22.H22Cache: Building new H22 Cache, db:0
[16/06/23 14:00:22:083 UTC]  INFO h22.H22HikariPool: H22 on disk cache:jdbc:h2:/data/local/dotsecure/h22cache/0/2023-06-16_14-00-22/cache;MVCC=TRUE;DB_CLOSE_ON_EXIT=FALSE
[16/06/23 14:00:22:147 UTC]  INFO h22.H22Cache: Building new H22 Cache, db:1
[16/06/23 14:00:22:151 UTC]  INFO h22.H22HikariPool: H22 on disk cache:jdbc:h2:/data/local/dotsecure/h22cache/1/2023-06-16_14-00-22/cache;MVCC=TRUE;DB_CLOSE_ON_EXIT=FALSE
[16/06/23 14:00:22:226 UTC]  INFO h22.H22Cache: End Full Cache Flush in h22 : 143ms
[16/06/23 14:00:25:229 UTC]  INFO timedcache.TimedCacheProvider: ===== Initializing [Timed Cache Provider].
[16/06/23 14:00:25:229 UTC]  INFO timedcache.TimedCacheProvider: ***	 Cache Config Memory : esquerycache: 10000
[16/06/23 14:00:25:229 UTC]  INFO timedcache.TimedCacheProvider: ***	 Cache Config Memory : esquerycountcache: 10000
[16/06/23 14:00:25:229 UTC]  INFO timedcache.TimedCacheProvider: ***	 Cache Config Memory : graphqlquerycache: 5000
[16/06/23 14:00:25:229 UTC]  INFO timedcache.TimedCacheProvider: ***	 Cache Config Memory : default: 1000
[16/06/23 14:00:25:229 UTC]  INFO timedcache.TimedCacheProvider: ***	 Cache Config Memory : adminconfigpool: 100
[16/06/23 14:00:25:229 UTC]  INFO timedcache.TimedCacheProvider: ***	 Cache Config Memory : companypool: 10
[16/06/23 14:00:25:229 UTC]  INFO timedcache.TimedCacheProvider: ***	 Cache Config Memory : contentletcache: 5000
[16/06/23 14:00:25:229 UTC]  INFO timedcache.TimedCacheProvider: ***	 Cache Config Memory : categoryparentscache: 30000
[16/06/23 14:00:25:229 UTC]  INFO timedcache.TimedCacheProvider: ***	 Cache Config Memory : taginodecache: 50000
[16/06/23 14:00:25:229 UTC]  INFO timedcache.TimedCacheProvider: ***	 Cache Config Memory : taginodesbyinodecache: 50000
[16/06/23 14:00:25:229 UTC]  INFO timedcache.TimedCacheProvider: ***	 Cache Config Memory : tagcache: 50000
[16/06/23 14:00:25:229 UTC]  INFO timedcache.TimedCacheProvider: ***	 Cache Config Memory : csscache: 2500
[16/06/23 14:00:25:230 UTC]  INFO timedcache.TimedCacheProvider: ***	 Cache Config Memory : assetmetadatacache: 10000
[16/06/23 14:00:25:230 UTC]  INFO timedcache.TimedCacheProvider: ***	 Cache Config Memory : identifiercache: 50000
[16/06/23 14:00:25:230 UTC]  INFO timedcache.TimedCacheProvider: ***	 Cache Config Memory : identifier404cache: 30000
[16/06/23 14:00:25:230 UTC]  INFO timedcache.TimedCacheProvider: ***	 Cache Config Memory : indiciescache: 8
[16/06/23 14:00:25:230 UTC]  INFO timedcache.TimedCacheProvider: ***	 Cache Config Memory : logmappercache: 10
[16/06/23 14:00:25:230 UTC]  INFO timedcache.TimedCacheProvider: ***	 Cache Config Memory : navcache: 1000
[16/06/23 14:00:25:230 UTC]  INFO timedcache.TimedCacheProvider: ***	 Cache Config Memory : parentpermissionablecache: 10000
[16/06/23 14:00:25:230 UTC]  INFO timedcache.TimedCacheProvider: ***	 Cache Config Memory : permissioncache: 50000
[16/06/23 14:00:25:230 UTC]  INFO timedcache.TimedCacheProvider: ***	 Cache Config Memory : portletpool: 100
[16/06/23 14:00:25:230 UTC]  INFO timedcache.TimedCacheProvider: ***	 Cache Config Memory : publishingendpointcache: 100
[16/06/23 14:00:25:230 UTC]  INFO timedcache.TimedCacheProvider: ***	 Cache Config Memory : pushedassetscache: 5000
[16/06/23 14:00:25:230 UTC]  INFO timedcache.TimedCacheProvider: ***	 Cache Config Memory : templatecache: 500
[16/06/23 14:00:25:230 UTC]  INFO timedcache.TimedCacheProvider: ***	 Cache Config Memory : translatedquerycache: 5000
[16/06/23 14:00:25:230 UTC]  INFO timedcache.TimedCacheProvider: ***	 Cache Config Memory : versioncache: 50000
[16/06/23 14:00:25:230 UTC]  INFO timedcache.TimedCacheProvider: ***	 Cache Config Memory : versioninfocache: 50000
[16/06/23 14:00:25:230 UTC]  INFO timedcache.TimedCacheProvider: ***	 Cache Config Memory : workflowactioncache: 10000
[16/06/23 14:00:25:230 UTC]  INFO timedcache.TimedCacheProvider: ***	 Cache Config Memory : workflowtaskcache: 10000
[16/06/23 14:00:25:230 UTC]  INFO timedcache.TimedCacheProvider: ***	 Cache Config Memory : shortyidcache: 25000
[16/06/23 14:00:25:230 UTC]  INFO timedcache.TimedCacheProvider: ***	 Cache Config Memory : velocitycache: 5000
[16/06/23 14:00:25:230 UTC]  INFO timedcache.TimedCacheProvider: ***	 Cache Config Memory : vanityurldirectcache: 25000
[16/06/23 14:00:25:230 UTC]  INFO timedcache.TimedCacheProvider: ***	 Cache Config Memory : vanityurlsitecache: 5000
[16/06/23 14:00:25:230 UTC]  INFO h22.H22Cache: Start Full Cache Flush in h22
[16/06/23 14:00:25:230 UTC]  INFO h22.H22Cache: Building new H22 Cache, db:0
[16/06/23 14:00:25:237 UTC]  INFO h22.H22HikariPool: H22 on disk cache:jdbc:h2:/data/local/dotsecure/h22cache/0/2023-06-16_14-00-25/cache;MVCC=TRUE;DB_CLOSE_ON_EXIT=FALSE
[16/06/23 14:00:25:310 UTC]  INFO h22.H22Cache: Building new H22 Cache, db:1
[16/06/23 14:00:25:310 UTC]  INFO h22.H22HikariPool: H22 on disk cache:jdbc:h2:/data/local/dotsecure/h22cache/1/2023-06-16_14-00-25/cache;MVCC=TRUE;DB_CLOSE_ON_EXIT=FALSE
[16/06/23 14:00:25:366 UTC]  INFO h22.H22Cache: End Full Cache Flush in h22 : 135ms
[16/06/23 14:00:25:371 UTC]  INFO startup.StartupTasksExecutor: Not Running Startup Tasks: Task00002LoadClusterLicenses
[16/06/23 14:00:25:372 UTC]  INFO startup.StartupTasksExecutor: Running Startup Tasks : Task00003CreateSystemRoles
[16/06/23 14:00:25:379 UTC]  INFO startup.StartupTasksExecutor: Running Startup Tasks : Task00004LoadStarter
[16/06/23 14:00:25:411 UTC]  INFO db.DotCMSInitDb: There are no inodes - initializing db with starter site
[16/06/23 14:00:25:476 UTC]  INFO starter.ImportStarterUtil: Found 21 files to import
[16/06/23 14:00:25:482 UTC]  WARN util.FileUtil: /data/local/dotsecure/backup/temp/assets/messages/cms_language_zh_CN.properties is empty
[16/06/23 14:00:25:484 UTC]  WARN util.FileUtil: /data/local/dotsecure/backup/temp/assets/messages/cms_language_es_ES.properties is empty
[16/06/23 14:00:25:485 UTC]  WARN util.FileUtil: /data/local/dotsecure/backup/temp/assets/messages/cms_language_en_US.properties is empty
[16/06/23 14:00:25:487 UTC]  WARN util.FileUtil: /data/local/dotsecure/backup/temp/assets/messages/cms_language_fr_FR.properties is empty
[16/06/23 14:00:25:488 UTC]  INFO starter.ImportStarterUtil: About to delete all records from tag_inode
[16/06/23 14:00:25:490 UTC]  INFO starter.ImportStarterUtil: Deleted all records from tag_inode
[16/06/23 14:00:25:492 UTC]  INFO starter.ImportStarterUtil: About to delete all records from link_version_info
[16/06/23 14:00:25:494 UTC]  INFO starter.ImportStarterUtil: Deleted all records from link_version_info
[16/06/23 14:00:25:494 UTC]  INFO starter.ImportStarterUtil: About to delete all records from dot_containers
[16/06/23 14:00:25:495 UTC]  INFO starter.ImportStarterUtil: Deleted all records from dot_containers
[16/06/23 14:00:25:496 UTC]  INFO starter.ImportStarterUtil: About to delete all records from UserTracker
[16/06/23 14:00:25:497 UTC]  INFO starter.ImportStarterUtil: Deleted all records from UserTracker
[16/06/23 14:00:25:498 UTC]  INFO starter.ImportStarterUtil: About to delete all records from workflow_comment
[16/06/23 14:00:25:499 UTC]  INFO starter.ImportStarterUtil: Deleted all records from workflow_comment
[16/06/23 14:00:25:500 UTC]  INFO starter.ImportStarterUtil: About to delete all records from challenge_question
[16/06/23 14:00:25:501 UTC]  INFO starter.ImportStarterUtil: Deleted all records from challenge_question
[16/06/23 14:00:25:502 UTC]  INFO starter.ImportStarterUtil: About to delete all records from container_structures
[16/06/23 14:00:25:503 UTC]  INFO starter.ImportStarterUtil: Deleted all records from container_structures
[16/06/23 14:00:25:504 UTC]  INFO starter.ImportStarterUtil: About to delete all records from tree
[16/06/23 14:00:25:505 UTC]  INFO starter.ImportStarterUtil: Deleted all records from tree
[16/06/23 14:00:25:505 UTC]  INFO starter.ImportStarterUtil: About to delete all records from links
[16/06/23 14:00:25:507 UTC]  INFO starter.ImportStarterUtil: Deleted all records from links
[16/06/23 14:00:25:507 UTC]  INFO starter.ImportStarterUtil: About to delete all records from AdminConfig
[16/06/23 14:00:25:508 UTC]  INFO starter.ImportStarterUtil: Deleted all records from AdminConfig
[16/06/23 14:00:25:508 UTC]  INFO starter.ImportStarterUtil: About to delete all records from multi_tree
[16/06/23 14:00:25:509 UTC]  INFO starter.ImportStarterUtil: Deleted all records from multi_tree
[16/06/23 14:00:25:509 UTC]  INFO starter.ImportStarterUtil: About to delete all records from clickstream_404
[16/06/23 14:00:25:510 UTC]  INFO starter.ImportStarterUtil: Deleted all records from clickstream_404
[16/06/23 14:00:25:510 UTC]  INFO starter.ImportStarterUtil: About to delete all records from host_variable
[16/06/23 14:00:25:511 UTC]  INFO starter.ImportStarterUtil: Deleted all records from host_variable
[16/06/23 14:00:25:511 UTC]  INFO starter.ImportStarterUtil: About to delete all records from clickstream_request
[16/06/23 14:00:25:512 UTC]  INFO starter.ImportStarterUtil: Deleted all records from clickstream_request
[16/06/23 14:00:25:512 UTC]  INFO starter.ImportStarterUtil: About to delete all records from PasswordTracker
[16/06/23 14:00:25:513 UTC]  INFO starter.ImportStarterUtil: Deleted all records from PasswordTracker
[16/06/23 14:00:25:513 UTC]  INFO starter.ImportStarterUtil: About to delete all records from workflow_task
[16/06/23 14:00:25:514 UTC]  INFO starter.ImportStarterUtil: Deleted all records from workflow_task
[16/06/23 14:00:25:514 UTC]  INFO starter.ImportStarterUtil: About to delete all records from field
[16/06/23 14:00:25:515 UTC]  INFO starter.ImportStarterUtil: Deleted all records from field
[16/06/23 14:00:25:515 UTC]  INFO starter.ImportStarterUtil: About to delete all records from template_version_info
[16/06/23 14:00:25:516 UTC]  INFO starter.ImportStarterUtil: Deleted all records from template_version_info
[16/06/23 14:00:25:517 UTC]  INFO starter.ImportStarterUtil: About to delete all records from clickstream
[16/06/23 14:00:25:518 UTC]  INFO starter.ImportStarterUtil: Deleted all records from clickstream
[16/06/23 14:00:25:518 UTC]  INFO starter.ImportStarterUtil: About to delete all records from workflow_history
[16/06/23 14:00:25:519 UTC]  INFO starter.ImportStarterUtil: Deleted all records from workflow_history
[16/06/23 14:00:25:519 UTC]  INFO starter.ImportStarterUtil: About to delete all records from container_version_info
[16/06/23 14:00:25:520 UTC]  INFO starter.ImportStarterUtil: Deleted all records from container_version_info
[16/06/23 14:00:25:520 UTC]  INFO starter.ImportStarterUtil: About to delete all records from tag
[16/06/23 14:00:25:521 UTC]  INFO starter.ImportStarterUtil: Deleted all records from tag
[16/06/23 14:00:25:521 UTC]  INFO starter.ImportStarterUtil: About to delete all records from workflowtask_files
[16/06/23 14:00:25:522 UTC]  INFO starter.ImportStarterUtil: Deleted all records from workflowtask_files
[16/06/23 14:00:25:522 UTC]  INFO starter.ImportStarterUtil: About to delete all records from permission_reference
[16/06/23 14:00:25:523 UTC]  INFO starter.ImportStarterUtil: Deleted all records from permission_reference
[16/06/23 14:00:25:524 UTC]  INFO starter.ImportStarterUtil: About to delete all records from users_to_delete
[16/06/23 14:00:25:524 UTC]  INFO starter.ImportStarterUtil: Deleted all records from users_to_delete
[16/06/23 14:00:25:524 UTC]  INFO starter.ImportStarterUtil: About to delete all records from fixes_audit
[16/06/23 14:00:25:525 UTC]  INFO starter.ImportStarterUtil: Deleted all records from fixes_audit
[16/06/23 14:00:25:525 UTC]  INFO starter.ImportStarterUtil: About to delete all records from permission
[16/06/23 14:00:25:526 UTC]  INFO starter.ImportStarterUtil: Deleted all records from permission
[16/06/23 14:00:25:526 UTC]  INFO starter.ImportStarterUtil: About to delete all records from UserTrackerPath
[16/06/23 14:00:25:527 UTC]  INFO starter.ImportStarterUtil: Deleted all records from UserTrackerPath
[16/06/23 14:00:25:528 UTC]  INFO starter.ImportStarterUtil: About to delete all records from cms_layouts_portlets
[16/06/23 14:00:25:528 UTC]  INFO starter.ImportStarterUtil: Deleted all records from cms_layouts_portlets
[16/06/23 14:00:25:528 UTC]  INFO starter.ImportStarterUtil: About to delete all records from layouts_cms_roles
[16/06/23 14:00:25:529 UTC]  INFO starter.ImportStarterUtil: Deleted all records from layouts_cms_roles
[16/06/23 14:00:25:529 UTC]  INFO starter.ImportStarterUtil: About to delete all records from users_cms_roles
[16/06/23 14:00:25:530 UTC]  INFO starter.ImportStarterUtil: Deleted all records from users_cms_roles
[16/06/23 14:00:25:530 UTC]  INFO starter.ImportStarterUtil: About to delete all records from cms_role
[16/06/23 14:00:25:534 UTC]  INFO starter.ImportStarterUtil: Deleted all records from cms_role
[16/06/23 14:00:25:534 UTC]  INFO starter.ImportStarterUtil: About to delete all records from cms_layout
[16/06/23 14:00:25:535 UTC]  INFO starter.ImportStarterUtil: Deleted all records from cms_layout
[16/06/23 14:00:25:535 UTC]  INFO starter.ImportStarterUtil: About to delete all records from structure
[16/06/23 14:00:25:536 UTC]  INFO starter.ImportStarterUtil: Deleted all records from structure
[16/06/23 14:00:25:537 UTC]  INFO starter.ImportStarterUtil: About to delete all records from folder
[16/06/23 14:00:25:538 UTC]  INFO starter.ImportStarterUtil: Deleted all records from folder
[16/06/23 14:00:25:538 UTC]  INFO starter.ImportStarterUtil: About to delete all records from identifier
[16/06/23 14:00:25:539 UTC]  INFO starter.ImportStarterUtil: Deleted all records from identifier
[16/06/23 14:00:25:539 UTC]  INFO starter.ImportStarterUtil: About to delete all records from inode
[16/06/23 14:00:25:540 UTC]  INFO starter.ImportStarterUtil: Deleted all records from inode
[16/06/23 14:00:25:540 UTC]  INFO starter.ImportStarterUtil: About to delete all records from user_
[16/06/23 14:00:25:544 UTC]  INFO starter.ImportStarterUtil: Deleted all records from user_
[16/06/23 14:00:25:544 UTC]  INFO starter.ImportStarterUtil: About to delete all records from company
[16/06/23 14:00:25:545 UTC]  INFO starter.ImportStarterUtil: Deleted all records from company
[16/06/23 14:00:25:545 UTC]  INFO starter.ImportStarterUtil: About to delete all records from counter
[16/06/23 14:00:25:546 UTC]  INFO starter.ImportStarterUtil: Deleted all records from counter
[16/06/23 14:00:25:546 UTC]  INFO starter.ImportStarterUtil: About to delete all records from image
[16/06/23 14:00:25:546 UTC]  INFO starter.ImportStarterUtil: Deleted all records from image
[16/06/23 14:00:25:547 UTC]  INFO starter.ImportStarterUtil: About to delete all records from portlet
[16/06/23 14:00:25:547 UTC]  INFO starter.ImportStarterUtil: Deleted all records from portlet
[16/06/23 14:00:25:547 UTC]  INFO starter.ImportStarterUtil: About to delete all records from portletpreferences
[16/06/23 14:00:25:548 UTC]  INFO starter.ImportStarterUtil: Deleted all records from portletpreferences
[16/06/23 14:00:25:548 UTC]  INFO starter.ImportStarterUtil: About to delete all records from address
[16/06/23 14:00:25:549 UTC]  INFO starter.ImportStarterUtil: Deleted all records from address
[16/06/23 14:00:25:549 UTC]  INFO starter.ImportStarterUtil: About to delete all records from plugin_property
[16/06/23 14:00:25:550 UTC]  INFO starter.ImportStarterUtil: Deleted all records from plugin_property
[16/06/23 14:00:25:550 UTC]  INFO starter.ImportStarterUtil: About to delete all records from plugin
[16/06/23 14:00:25:550 UTC]  INFO starter.ImportStarterUtil: Deleted all records from plugin
[16/06/23 14:00:25:583 UTC]  INFO starter.ImportStarterUtil: **** Importing the file: /data/local/dotsecure/backup/temp/com.liferay.portal.model.Company.json *****
[16/06/23 14:00:25:584 UTC]  INFO starter.ImportStarterUtil: Importing:	com.liferay.portal.model.Company
[16/06/23 14:00:25:658 UTC]  INFO starter.ImportStarterUtil: Found :	1 com.liferay.portal.model.Company(s)
[16/06/23 14:00:25:741 UTC]  INFO starter.ImportStarterUtil: **** Importing the file: /data/local/dotsecure/backup/temp/com.dotmarketing.business.Role_0000000000.json *****
[16/06/23 14:00:25:741 UTC]  INFO starter.ImportStarterUtil: Importing:	com.dotmarketing.business.Role
[16/06/23 14:00:25:761 UTC]  INFO starter.ImportStarterUtil: Found :	18 com.dotmarketing.business.Role(s)
[16/06/23 14:00:25:766 UTC]  INFO starter.ImportStarterUtil: roleKey:cms_users = 0
[16/06/23 14:00:25:769 UTC]  INFO starter.ImportStarterUtil: roleKey:System = 0
[16/06/23 14:00:25:771 UTC]  INFO starter.ImportStarterUtil: roleKey:DOTCMS_BACK_END_USER = 0
[16/06/23 14:00:25:773 UTC]  INFO starter.ImportStarterUtil: roleKey:cms_workflow_any_who_can_view = 0
[16/06/23 14:00:25:776 UTC]  INFO starter.ImportStarterUtil: roleKey:Form Editor = 0
[16/06/23 14:00:25:777 UTC]  INFO starter.ImportStarterUtil: roleKey:dotcms.org.default = 0
[16/06/23 14:00:25:779 UTC]  INFO starter.ImportStarterUtil: roleKey:cms_workflow_any_who_can_edit_permissions = 0
[16/06/23 14:00:25:782 UTC]  INFO starter.ImportStarterUtil: roleKey:cms_workflow_any_who_can_edit = 0
[16/06/23 14:00:25:785 UTC]  INFO starter.ImportStarterUtil: roleKey:CMS Anonymous = 0
[16/06/23 14:00:25:787 UTC]  INFO starter.ImportStarterUtil: roleKey:CMS Owner = 0
[16/06/23 14:00:25:789 UTC]  INFO starter.ImportStarterUtil: roleKey:Login As = 0
[16/06/23 14:00:25:792 UTC]  INFO starter.ImportStarterUtil: roleKey:LDAP User = 0
[16/06/23 14:00:25:794 UTC]  INFO starter.ImportStarterUtil: roleKey:CMS Administrator = 0
[16/06/23 14:00:25:795 UTC]  INFO starter.ImportStarterUtil: roleKey:DOTCMS_FRONT_END_USER = 0
[16/06/23 14:00:25:797 UTC]  INFO starter.ImportStarterUtil: roleKey:cms_workflow_any_who_can_publish = 0
[16/06/23 14:00:25:799 UTC]  INFO starter.ImportStarterUtil: roleKey:dotcms.org.1 = 0
[16/06/23 14:00:25:801 UTC]  INFO starter.ImportStarterUtil: roleKey:anonymous = 0
[16/06/23 14:00:25:802 UTC]  INFO starter.ImportStarterUtil: roleKey:Scripting Developer = 0
[16/06/23 14:00:25:804 UTC]  INFO starter.ImportStarterUtil: **** Importing the file: /data/local/dotsecure/backup/temp/com.liferay.portal.model.User.json *****
[16/06/23 14:00:25:805 UTC]  INFO starter.ImportStarterUtil: Importing:	com.liferay.portal.model.User
[16/06/23 14:00:25:837 UTC]  INFO starter.ImportStarterUtil: Found :	4 com.liferay.portal.model.User(s)
[16/06/23 14:00:25:885 UTC]  WARN util.LocaleUtil: null is not a valid language id
[16/06/23 14:00:25:896 UTC]  WARN business.UserHelper: Error loading user with id dotcms.org.1
[16/06/23 14:00:25:959 UTC]  INFO xml.Marshaller: Marshaller called using one of the *static*  marshal(Object, *) methods. This will ignore any  mapping files as specified. Please consider switching to  using Marshaller instances and calling one of the marshal(*) methods.
[16/06/23 14:00:27:402 UTC]  WARN business.UserHelper: Error loading user with id system
[16/06/23 14:00:28:224 UTC]  INFO util.SecurityLogger: class com.dotmarketing.business.RoleAPIImpl : Adding role:'Admin User' to user:dotcms.org.1 email:admin@dotcms.com -- ip:ukn,user:null
[16/06/23 14:00:28:228 UTC]  WARN business.UserHelper: Error loading user with id anonymous
[16/06/23 14:00:29:056 UTC]  INFO util.SecurityLogger: class com.dotmarketing.business.RoleAPIImpl : Adding role:'anonymous user anonymous' to user:anonymous email:anonymous@dotcms.anonymoususer -- ip:ukn,user:null
[16/06/23 14:00:29:064 UTC]  INFO starter.ImportStarterUtil: 
[16/06/23 14:00:29:064 UTC]  INFO starter.ImportStarterUtil: 
[16/06/23 14:00:29:064 UTC]  INFO starter.ImportStarterUtil: **** Importing the file: /data/local/dotsecure/backup/temp/com.dotmarketing.business.UsersRoles_0000000000.json *****
[16/06/23 14:00:29:064 UTC]  INFO starter.ImportStarterUtil: Importing:	com.dotmarketing.business.UsersRoles
[16/06/23 14:00:29:073 UTC]  INFO starter.ImportStarterUtil: Found :	14 com.dotmarketing.business.UsersRoles(s)
[16/06/23 14:00:29:084 UTC]  INFO starter.ImportStarterUtil: **** Importing the file: /data/local/dotsecure/backup/temp/com.dotmarketing.business.Layout_0000000000.json *****
[16/06/23 14:00:29:084 UTC]  INFO starter.ImportStarterUtil: Importing:	com.dotmarketing.business.Layout
[16/06/23 14:00:29:087 UTC]  INFO starter.ImportStarterUtil: Found :	11 com.dotmarketing.business.Layout(s)
[16/06/23 14:00:29:116 UTC]  INFO starter.ImportStarterUtil: **** Importing the file: /data/local/dotsecure/backup/temp/com.dotmarketing.business.PortletsLayouts_0000000000.json *****
[16/06/23 14:00:29:116 UTC]  INFO starter.ImportStarterUtil: Importing:	com.dotmarketing.business.PortletsLayouts
[16/06/23 14:00:29:120 UTC]  INFO starter.ImportStarterUtil: Found :	36 com.dotmarketing.business.PortletsLayouts(s)
[16/06/23 14:00:29:141 UTC]  INFO starter.ImportStarterUtil: **** Importing the file: /data/local/dotsecure/backup/temp/com.dotmarketing.business.LayoutsRoles_0000000000.json *****
[16/06/23 14:00:29:141 UTC]  INFO starter.ImportStarterUtil: Importing:	com.dotmarketing.business.LayoutsRoles
[16/06/23 14:00:29:144 UTC]  INFO starter.ImportStarterUtil: Found :	7 com.dotmarketing.business.LayoutsRoles(s)
[16/06/23 14:00:29:152 UTC]  INFO starter.ImportStarterUtil: **** Importing the file: /data/local/dotsecure/backup/temp/com.dotmarketing.portlets.languagesmanager.model.Language_0000000000.json *****
[16/06/23 14:00:29:152 UTC]  INFO starter.ImportStarterUtil: Importing:	com.dotmarketing.portlets.languagesmanager.model.Language
[16/06/23 14:00:29:157 UTC]  INFO starter.ImportStarterUtil: Found :	1 com.dotmarketing.portlets.languagesmanager.model.Language(s)
[16/06/23 14:00:29:168 UTC]  INFO starter.ImportStarterUtil: Importing folder path /System foldersystem folder
[16/06/23 14:00:29:213 UTC]  INFO starter.ImportStarterUtil: **** Importing the file: /data/local/dotsecure/backup/temp/com.dotmarketing.portlets.folders.model.Folder_0000000000.json *****
[16/06/23 14:00:29:214 UTC]  INFO starter.ImportStarterUtil: Importing:	com.dotmarketing.portlets.folders.model.Folder
[16/06/23 14:00:29:227 UTC]  INFO starter.ImportStarterUtil: Found :	1 com.dotmarketing.portlets.folders.model.Folder(s)
[16/06/23 14:00:29:626 UTC]  INFO business.ContentTypeAPIImpl: Content type not found with given id: c938b15f-bcb6-49ef-8651-14d455a97045. Continuing...
[16/06/23 14:00:29:735 UTC]  INFO util.ActivityLogger: class com.dotmarketing.util.ActivityLogger: system : Save Field Action , User system/system user added field Site/Folder to Persona Structure.
[16/06/23 14:00:29:778 UTC]  INFO util.ActivityLogger: class com.dotmarketing.util.ActivityLogger: system : Save Field Action , User system/system user added field Name to Persona Structure.
[16/06/23 14:00:29:818 UTC]  INFO util.ActivityLogger: class com.dotmarketing.util.ActivityLogger: system : Save Field Action , User system/system user added field Key Tag to Persona Structure.
[16/06/23 14:00:29:856 UTC]  INFO util.ActivityLogger: class com.dotmarketing.util.ActivityLogger: system : Save Field Action , User system/system user added field Photo to Persona Structure.
[16/06/23 14:00:29:898 UTC]  INFO util.ActivityLogger: class com.dotmarketing.util.ActivityLogger: system : Save Field Action , User system/system user added field Other Tags to Persona Structure.
[16/06/23 14:00:29:937 UTC]  INFO util.ActivityLogger: class com.dotmarketing.util.ActivityLogger: system : Save Field Action , User system/system user added field Description to Persona Structure.
[16/06/23 14:00:29:965 UTC]  INFO util.ActivityLogger: class com.dotcms.contenttype.business.ContentTypeAPIImpl: system : Save ContentType Action , User system/system user system user added ContentType Persona to host id:SYSTEM_HOST
[16/06/23 14:00:29:966 UTC]  INFO business.ContentTypeAPIImpl: UserId : system : ContentType : ContentType saved : Persona
[16/06/23 14:00:29:971 UTC]  INFO util.AdminLogger: UserId : system : class com.dotcms.contenttype.business.ContentTypeAPIImpl : ContentType : ContentType saved : Persona
[16/06/23 14:00:29:993 UTC]  INFO business.ContentTypeAPIImpl: Content type not found with given id: f4d7c1b8-2c88-4071-abf1-a5328977b07d. Continuing...
[16/06/23 14:00:30:027 UTC]  INFO util.ActivityLogger: class com.dotmarketing.util.ActivityLogger: system : Save Field Action , User system/system user added field Key to Language Variable Structure.
[16/06/23 14:00:30:049 UTC]  INFO util.ActivityLogger: class com.dotmarketing.util.ActivityLogger: system : Save Field Action , User system/system user added field Value to Language Variable Structure.
[16/06/23 14:00:30:057 UTC]  INFO util.ActivityLogger: class com.dotcms.contenttype.business.ContentTypeAPIImpl: system : Save ContentType Action , User system/system user system user added ContentType Language Variable to host id:SYSTEM_HOST
[16/06/23 14:00:30:057 UTC]  INFO business.ContentTypeAPIImpl: UserId : system : ContentType : ContentType saved : Language Variable
[16/06/23 14:00:30:057 UTC]  INFO util.AdminLogger: UserId : system : class com.dotcms.contenttype.business.ContentTypeAPIImpl : ContentType : ContentType saved : Language Variable
[16/06/23 14:00:30:092 UTC]  INFO business.ContentTypeAPIImpl: Content type not found with given id: 4d21b6d8-1711-4ae6-9419-89e2b1ae5a06. Continuing...
[16/06/23 14:00:30:122 UTC]  INFO util.ActivityLogger: class com.dotmarketing.util.ActivityLogger: system : Save Field Action , User system/system user added field Form ID to Forms Structure.
[16/06/23 14:00:30:149 UTC]  INFO util.ActivityLogger: class com.dotmarketing.util.ActivityLogger: system : Save Field Action , User system/system user added field Widget Title to Forms Structure.
[16/06/23 14:00:30:174 UTC]  INFO util.ActivityLogger: class com.dotmarketing.util.ActivityLogger: system : Save Field Action , User system/system user added field Widget Usage to Forms Structure.
[16/06/23 14:00:30:199 UTC]  INFO util.ActivityLogger: class com.dotmarketing.util.ActivityLogger: system : Save Field Action , User system/system user added field Widget Code to Forms Structure.
[16/06/23 14:00:30:222 UTC]  INFO util.ActivityLogger: class com.dotmarketing.util.ActivityLogger: system : Save Field Action , User system/system user added field Widget Pre-Execute to Forms Structure.
[16/06/23 14:00:30:228 UTC]  INFO util.ActivityLogger: class com.dotcms.contenttype.business.ContentTypeAPIImpl: system : Save ContentType Action , User system/system user system user added ContentType Forms to host id:SYSTEM_HOST
[16/06/23 14:00:30:228 UTC]  INFO business.ContentTypeAPIImpl: UserId : system : ContentType : ContentType saved : Forms
[16/06/23 14:00:30:229 UTC]  INFO util.AdminLogger: UserId : system : class com.dotcms.contenttype.business.ContentTypeAPIImpl : ContentType : ContentType saved : Forms
[16/06/23 14:00:30:240 UTC]  INFO business.ContentTypeAPIImpl: Content type not found with given id: f2d8a1c7-2b77-2081-bcf1-b5348988c08d. Continuing...
[16/06/23 14:00:30:250 UTC]  INFO util.ActivityLogger: class com.dotmarketing.util.ActivityLogger: system : Save Field Action , User system/system user added field Site or Folder to dotAsset Structure.
[16/06/23 14:00:30:258 UTC]  INFO util.ActivityLogger: class com.dotmarketing.util.ActivityLogger: system : Save Field Action , User system/system user added field Asset to dotAsset Structure.
[16/06/23 14:00:30:268 UTC]  INFO util.ActivityLogger: class com.dotmarketing.util.ActivityLogger: system : Save Field Action , User system/system user added field Tags to dotAsset Structure.
[16/06/23 14:00:30:273 UTC]  INFO util.ActivityLogger: class com.dotcms.contenttype.business.ContentTypeAPIImpl: system : Save ContentType Action , User system/system user system user added ContentType dotAsset to host id:SYSTEM_HOST
[16/06/23 14:00:30:273 UTC]  INFO business.ContentTypeAPIImpl: UserId : system : ContentType : ContentType saved : dotAsset
[16/06/23 14:00:30:273 UTC]  INFO util.AdminLogger: UserId : system : class com.dotcms.contenttype.business.ContentTypeAPIImpl : ContentType : ContentType saved : dotAsset
[16/06/23 14:00:30:332 UTC]  INFO business.ContentTypeAPIImpl: Content type not found with given id: 33888b6f-7a8e-4069-b1b6-5c1aa9d0a48d. Continuing...
[16/06/23 14:00:30:350 UTC]  INFO util.ActivityLogger: class com.dotmarketing.util.ActivityLogger: system : Save Field Action , User system/system user added field Host Or Folder to File Asset Structure.
[16/06/23 14:00:30:367 UTC]  INFO util.ActivityLogger: class com.dotmarketing.util.ActivityLogger: system : Save Field Action , User system/system user added field File Name to File Asset Structure.
[16/06/23 14:00:30:383 UTC]  INFO util.ActivityLogger: class com.dotmarketing.util.ActivityLogger: system : Save Field Action , User system/system user added field File Asset to File Asset Structure.
[16/06/23 14:00:30:394 UTC]  INFO util.ActivityLogger: class com.dotmarketing.util.ActivityLogger: system : Save Field Action , User system/system user added field Title to File Asset Structure.
[16/06/23 14:00:30:408 UTC]  INFO util.ActivityLogger: class com.dotmarketing.util.ActivityLogger: system : Save Field Action , User system/system user added field Metadata to File Asset Structure.
[16/06/23 14:00:30:422 UTC]  INFO util.ActivityLogger: class com.dotmarketing.util.ActivityLogger: system : Save Field Action , User system/system user added field Metadata to File Asset Structure.
[16/06/23 14:00:30:437 UTC]  INFO util.ActivityLogger: class com.dotmarketing.util.ActivityLogger: system : Save Field Action , User system/system user added field Show On Menu to File Asset Structure.
[16/06/23 14:00:30:453 UTC]  INFO util.ActivityLogger: class com.dotmarketing.util.ActivityLogger: system : Save Field Action , User system/system user added field Sort Order to File Asset Structure.
[16/06/23 14:00:30:472 UTC]  INFO util.ActivityLogger: class com.dotmarketing.util.ActivityLogger: system : Save Field Action , User system/system user added field Description to File Asset Structure.
[16/06/23 14:00:30:480 UTC]  INFO util.ActivityLogger: class com.dotcms.contenttype.business.ContentTypeAPIImpl: system : Save ContentType Action , User system/system user system user added ContentType File Asset to host id:SYSTEM_HOST
[16/06/23 14:00:30:481 UTC]  INFO business.ContentTypeAPIImpl: UserId : system : ContentType : ContentType saved : File Asset
[16/06/23 14:00:30:481 UTC]  INFO util.AdminLogger: UserId : system : class com.dotcms.contenttype.business.ContentTypeAPIImpl : ContentType : ContentType saved : File Asset
[16/06/23 14:00:30:502 UTC]  INFO business.ContentTypeAPIImpl: Content type not found with given id: 8e850645-bb92-4fda-a765-e67063a59be0. Continuing...
[16/06/23 14:00:30:510 UTC]  INFO util.ActivityLogger: class com.dotmarketing.util.ActivityLogger: system : Save Field Action , User system/system user added field Title to Vanity URL Structure.
[16/06/23 14:00:30:518 UTC]  INFO util.ActivityLogger: class com.dotmarketing.util.ActivityLogger: system : Save Field Action , User system/system user added field Site to Vanity URL Structure.
[16/06/23 14:00:30:527 UTC]  INFO util.ActivityLogger: class com.dotmarketing.util.ActivityLogger: system : Save Field Action , User system/system user added field Uri to Vanity URL Structure.
[16/06/23 14:00:30:538 UTC]  INFO util.ActivityLogger: class com.dotmarketing.util.ActivityLogger: system : Save Field Action , User system/system user added field Action to Vanity URL Structure.
[16/06/23 14:00:30:550 UTC]  INFO util.ActivityLogger: class com.dotmarketing.util.ActivityLogger: system : Save Field Action , User system/system user added field Forward To to Vanity URL Structure.
[16/06/23 14:00:30:564 UTC]  INFO util.ActivityLogger: class com.dotmarketing.util.ActivityLogger: system : Save Field Action , User system/system user added field Order to Vanity URL Structure.
[16/06/23 14:00:30:569 UTC]  INFO util.ActivityLogger: class com.dotcms.contenttype.business.ContentTypeAPIImpl: system : Save ContentType Action , User system/system user system user added ContentType Vanity URL to host id:SYSTEM_HOST
[16/06/23 14:00:30:570 UTC]  INFO business.ContentTypeAPIImpl: UserId : system : ContentType : ContentType saved : Vanity URL
[16/06/23 14:00:30:570 UTC]  INFO util.AdminLogger: UserId : system : class com.dotcms.contenttype.business.ContentTypeAPIImpl : ContentType : ContentType saved : Vanity URL
[16/06/23 14:00:30:582 UTC]  INFO business.ContentTypeAPIImpl: Content type not found with given id: c541abb1-69b3-4bc5-8430-5e09e5239cc8. Continuing...
[16/06/23 14:00:30:591 UTC]  INFO util.ActivityLogger: class com.dotmarketing.util.ActivityLogger: system : Save Field Action , User system/system user added field Title to Page Structure.
[16/06/23 14:00:30:598 UTC]  INFO util.ActivityLogger: class com.dotmarketing.util.ActivityLogger: system : Save Field Action , User system/system user added field Url to Page Structure.
[16/06/23 14:00:30:607 UTC]  INFO util.ActivityLogger: class com.dotmarketing.util.ActivityLogger: system : Save Field Action , User system/system user added field Host or Folder to Page Structure.
[16/06/23 14:00:30:617 UTC]  INFO util.ActivityLogger: class com.dotmarketing.util.ActivityLogger: system : Save Field Action , User system/system user added field Template to Page Structure.
[16/06/23 14:00:30:628 UTC]  INFO util.ActivityLogger: class com.dotmarketing.util.ActivityLogger: system : Save Field Action , User system/system user added field Friendly Name to Page Structure.
[16/06/23 14:00:30:640 UTC]  INFO util.ActivityLogger: class com.dotmarketing.util.ActivityLogger: system : Save Field Action , User system/system user added field Show on Menu to Page Structure.
[16/06/23 14:00:30:654 UTC]  INFO util.ActivityLogger: class com.dotmarketing.util.ActivityLogger: system : Save Field Action , User system/system user added field Sort Order to Page Structure.
[16/06/23 14:00:30:668 UTC]  INFO util.ActivityLogger: class com.dotmarketing.util.ActivityLogger: system : Save Field Action , User system/system user added field Cache TTL to Page Structure.
[16/06/23 14:00:30:684 UTC]  INFO util.ActivityLogger: class com.dotmarketing.util.ActivityLogger: system : Save Field Action , User system/system user added field Advanced Properties to Page Structure.
[16/06/23 14:00:30:702 UTC]  INFO util.ActivityLogger: class com.dotmarketing.util.ActivityLogger: system : Save Field Action , User system/system user added field Redirect Url to Page Structure.
[16/06/23 14:00:30:721 UTC]  INFO util.ActivityLogger: class com.dotmarketing.util.ActivityLogger: system : Save Field Action , User system/system user added field HTTPS Required to Page Structure.
[16/06/23 14:00:30:741 UTC]  INFO util.ActivityLogger: class com.dotmarketing.util.ActivityLogger: system : Save Field Action , User system/system user added field SEO Description to Page Structure.
[16/06/23 14:00:30:761 UTC]  INFO util.ActivityLogger: class com.dotmarketing.util.ActivityLogger: system : Save Field Action , User system/system user added field SEO Keywords to Page Structure.
[16/06/23 14:00:30:783 UTC]  INFO util.ActivityLogger: class com.dotmarketing.util.ActivityLogger: system : Save Field Action , User system/system user added field Page Metadata to Page Structure.
[16/06/23 14:00:30:805 UTC]  INFO util.ActivityLogger: class com.dotmarketing.util.ActivityLogger: system : Save Field Action , User system/system user added field Canonical URL to Page Structure.
[16/06/23 14:00:30:817 UTC]  INFO util.ActivityLogger: class com.dotcms.contenttype.business.ContentTypeAPIImpl: system : Save ContentType Action , User system/system user system user added ContentType Page to host id:SYSTEM_HOST
[16/06/23 14:00:30:817 UTC]  INFO business.ContentTypeAPIImpl: UserId : system : ContentType : ContentType saved : Page
[16/06/23 14:00:30:818 UTC]  INFO util.AdminLogger: UserId : system : class com.dotcms.contenttype.business.ContentTypeAPIImpl : ContentType : ContentType saved : Page
[16/06/23 14:00:30:867 UTC]  INFO business.ContentTypeAPIImpl: Content type not found with given id: 855a2d72-f2f3-4169-8b04-ac5157c4380c. Continuing...
[16/06/23 14:00:30:878 UTC]  INFO util.ActivityLogger: class com.dotmarketing.util.ActivityLogger: system : Save Field Action , User system/system user added field fields-2 to Host Structure.
[16/06/23 14:00:30:885 UTC]  INFO util.ActivityLogger: class com.dotmarketing.util.ActivityLogger: system : Save Field Action , User system/system user added field fields-3 to Host Structure.
[16/06/23 14:00:30:894 UTC]  INFO util.ActivityLogger: class com.dotmarketing.util.ActivityLogger: system : Save Field Action , User system/system user added field Site Key to Host Structure.
[16/06/23 14:00:30:904 UTC]  INFO util.ActivityLogger: class com.dotmarketing.util.ActivityLogger: system : Save Field Action , User system/system user added field Aliases to Host Structure.
[16/06/23 14:00:30:914 UTC]  INFO util.ActivityLogger: class com.dotmarketing.util.ActivityLogger: system : Save Field Action , User system/system user added field Tag Storage to Host Structure.
[16/06/23 14:00:30:927 UTC]  INFO util.ActivityLogger: class com.dotmarketing.util.ActivityLogger: system : Save Field Action , User system/system user added field Is Default to Host Structure.
[16/06/23 14:00:30:941 UTC]  INFO util.ActivityLogger: class com.dotmarketing.util.ActivityLogger: system : Save Field Action , User system/system user added field Is System Host to Host Structure.
[16/06/23 14:00:30:955 UTC]  INFO util.ActivityLogger: class com.dotmarketing.util.ActivityLogger: system : Save Field Action , User system/system user added field Host Thumbnail to Host Structure.
[16/06/23 14:00:30:971 UTC]  INFO util.ActivityLogger: class com.dotmarketing.util.ActivityLogger: system : Save Field Action , User system/system user added field Run Dashboard to Host Structure.
[16/06/23 14:00:30:978 UTC]  INFO util.ActivityLogger: class com.dotcms.contenttype.business.ContentTypeAPIImpl: system : Save ContentType Action , User system/system user system user added ContentType Host to host id:SYSTEM_HOST
[16/06/23 14:00:30:978 UTC]  INFO business.ContentTypeAPIImpl: UserId : system : ContentType : ContentType saved : Host
[16/06/23 14:00:30:979 UTC]  INFO util.AdminLogger: UserId : system : class com.dotcms.contenttype.business.ContentTypeAPIImpl : ContentType : ContentType saved : Host
[16/06/23 14:00:30:982 UTC]  INFO business.ContentTypeAPIImpl: Content type not found with given id: 2c46b6586c38852ac08a824a303ced80. Continuing...
[16/06/23 14:00:30:995 UTC]  INFO util.ActivityLogger: class com.dotmarketing.util.ActivityLogger: system : Save Field Action , User system/system user added field Site or Folder to Image Structure.
[16/06/23 14:00:31:008 UTC]  INFO util.ActivityLogger: class com.dotmarketing.util.ActivityLogger: system : Save Field Action , User system/system user added field Asset to Image Structure.
[16/06/23 14:00:31:021 UTC]  INFO util.ActivityLogger: class com.dotmarketing.util.ActivityLogger: system : Save Field Action , User system/system user added field Tags to Image Structure.
[16/06/23 14:00:31:025 UTC]  INFO util.ActivityLogger: class com.dotcms.contenttype.business.ContentTypeAPIImpl: system : Save ContentType Action , User system/system user system user added ContentType Image to host id:8a7d5e23-da1e-420a-b4f0-471e7da8ea2d
[16/06/23 14:00:31:026 UTC]  INFO business.ContentTypeAPIImpl: UserId : system : ContentType : ContentType saved : Image
[16/06/23 14:00:31:026 UTC]  INFO util.AdminLogger: UserId : system : class com.dotcms.contenttype.business.ContentTypeAPIImpl : ContentType : ContentType saved : Image
[16/06/23 14:00:31:031 UTC]  INFO business.ContentTypeAPIImpl: Content type not found with given id: c77450b834901a20c8193ef9d561ee5b. Continuing...
[16/06/23 14:00:31:043 UTC]  INFO util.ActivityLogger: class com.dotmarketing.util.ActivityLogger: system : Save Field Action , User system/system user added field Site or Folder to Video Structure.
[16/06/23 14:00:31:056 UTC]  INFO util.ActivityLogger: class com.dotmarketing.util.ActivityLogger: system : Save Field Action , User system/system user added field Asset to Video Structure.
[16/06/23 14:00:31:069 UTC]  INFO util.ActivityLogger: class com.dotmarketing.util.ActivityLogger: system : Save Field Action , User system/system user added field Tags to Video Structure.
[16/06/23 14:00:31:074 UTC]  INFO util.ActivityLogger: class com.dotcms.contenttype.business.ContentTypeAPIImpl: system : Save ContentType Action , User system/system user system user added ContentType Video to host id:8a7d5e23-da1e-420a-b4f0-471e7da8ea2d
[16/06/23 14:00:31:074 UTC]  INFO business.ContentTypeAPIImpl: UserId : system : ContentType : ContentType saved : Video
[16/06/23 14:00:31:074 UTC]  INFO util.AdminLogger: UserId : system : class com.dotcms.contenttype.business.ContentTypeAPIImpl : ContentType : ContentType saved : Video
[16/06/23 14:00:31:089 UTC]  INFO business.ContentTypeAPIImpl: Content type not found with given id: 2a3e91e4-fbbf-4876-8c5b-2233c1739b05. Continuing...
[16/06/23 14:00:31:095 UTC]  INFO util.ActivityLogger: class com.dotmarketing.util.ActivityLogger: system : Save Field Action , User system/system user added field Row Field to Content (Generic) Structure.
[16/06/23 14:00:31:101 UTC]  INFO util.ActivityLogger: class com.dotmarketing.util.ActivityLogger: system : Save Field Action , User system/system user added field Column Field to Content (Generic) Structure.
[16/06/23 14:00:31:109 UTC]  INFO util.ActivityLogger: class com.dotmarketing.util.ActivityLogger: system : Save Field Action , User system/system user added field Title to Content (Generic) Structure.
[16/06/23 14:00:31:118 UTC]  INFO util.ActivityLogger: class com.dotmarketing.util.ActivityLogger: system : Save Field Action , User system/system user added field Site to Content (Generic) Structure.
[16/06/23 14:00:31:128 UTC]  INFO util.ActivityLogger: class com.dotmarketing.util.ActivityLogger: system : Save Field Action , User system/system user added field Body to Content (Generic) Structure.
[16/06/23 14:00:31:132 UTC]  INFO util.ActivityLogger: class com.dotcms.contenttype.business.ContentTypeAPIImpl: system : Save ContentType Action , User system/system user system user added ContentType Content (Generic) to host id:SYSTEM_HOST
[16/06/23 14:00:31:133 UTC]  INFO business.ContentTypeAPIImpl: UserId : system : ContentType : ContentType saved : Content (Generic)
[16/06/23 14:00:31:133 UTC]  INFO util.AdminLogger: UserId : system : class com.dotcms.contenttype.business.ContentTypeAPIImpl : ContentType : ContentType saved : Content (Generic)
[16/06/23 14:00:31:135 UTC]  INFO business.ContentTypeAPIImpl: Content type not found with given id: ce930143870e11569f93f8a9fff5da19. Continuing...
[16/06/23 14:00:31:141 UTC]  INFO util.ActivityLogger: class com.dotmarketing.util.ActivityLogger: system : Save Field Action , User system/system user added field Screenshot to Dot Favorite Page Structure.
[16/06/23 14:00:31:148 UTC]  INFO util.ActivityLogger: class com.dotmarketing.util.ActivityLogger: system : Save Field Action , User system/system user added field title to Dot Favorite Page Structure.
[16/06/23 14:00:31:155 UTC]  INFO util.ActivityLogger: class com.dotmarketing.util.ActivityLogger: system : Save Field Action , User system/system user added field url to Dot Favorite Page Structure.
[16/06/23 14:00:31:165 UTC]  INFO util.ActivityLogger: class com.dotmarketing.util.ActivityLogger: system : Save Field Action , User system/system user added field order to Dot Favorite Page Structure.
[16/06/23 14:00:31:169 UTC]  INFO util.ActivityLogger: class com.dotcms.contenttype.business.ContentTypeAPIImpl: system : Save ContentType Action , User system/system user system user added ContentType Dot Favorite Page to host id:SYSTEM_HOST
[16/06/23 14:00:31:169 UTC]  INFO business.ContentTypeAPIImpl: UserId : system : ContentType : ContentType saved : Dot Favorite Page
[16/06/23 14:00:31:169 UTC]  INFO util.AdminLogger: UserId : system : class com.dotcms.contenttype.business.ContentTypeAPIImpl : ContentType : ContentType saved : Dot Favorite Page
[16/06/23 14:00:31:171 UTC]  INFO starter.ImportStarterUtil: **** Importing the file: /data/local/dotsecure/backup/temp/com.dotmarketing.portlets.contentlet.model.Contentlet_0000000000.json *****
[16/06/23 14:00:31:171 UTC]  INFO starter.ImportStarterUtil: Importing:	com.dotmarketing.portlets.contentlet.model.Contentlet
[16/06/23 14:00:31:342 UTC]  INFO starter.ImportStarterUtil: Found :	5 com.dotmarketing.portlets.contentlet.model.Contentlet(s)
[16/06/23 14:00:31:476 UTC]  INFO timedcache.TimedCacheProvider: ***	 Building Cache : esquerycache, size:10000, seconds:3600,Concurrency:32 (every 60000 millis)
[16/06/23 14:00:31:962 UTC]  INFO util.SecurityLogger: class com.dotmarketing.portlets.workflows.business.WorkflowAPIImpl : Workflow Scheme 'System Workflow' [d61a59e1-a49c-46f2-a929-db2b4bfa88b2] has been saved by User ID 'system' -- ip:ukn,user:null
[16/06/23 14:00:31:968 UTC]  INFO util.SecurityLogger: class com.dotmarketing.portlets.workflows.business.WorkflowAPIImpl : Workflow Step 'New' [6cb7e3bd-1710-4eed-8838-d3db60f78f19] has been saved by User ID 'system' -- ip:ukn,user:null
[16/06/23 14:00:31:970 UTC]  INFO util.SecurityLogger: class com.dotmarketing.portlets.workflows.business.WorkflowAPIImpl : Workflow Step 'Draft' [ee24a4cb-2d15-4c98-b1bd-6327126451f3] has been saved by User ID 'system' -- ip:ukn,user:null
[16/06/23 14:00:31:972 UTC]  INFO util.SecurityLogger: class com.dotmarketing.portlets.workflows.business.WorkflowAPIImpl : Workflow Step 'Published' [dc3c9cd0-8467-404b-bf95-cb7df3fbc293] has been saved by User ID 'system' -- ip:ukn,user:null
[16/06/23 14:00:31:974 UTC]  INFO util.SecurityLogger: class com.dotmarketing.portlets.workflows.business.WorkflowAPIImpl : Workflow Step 'Archived' [d6b095b6-b65f-4bdb-bbfd-701d663dfee2] has been saved by User ID 'system' -- ip:ukn,user:null
[16/06/23 14:00:31:978 UTC]  INFO util.SecurityLogger: class com.dotmarketing.portlets.workflows.business.WorkflowAPIImpl : Action id: '4da13a42-5d59-480c-ad8f-94a3adf809fe' has been reordered by user: system -- ip:ukn,user:null
[16/06/23 14:00:31:987 UTC]  INFO util.SecurityLogger: class com.dotmarketing.portlets.workflows.business.WorkflowAPIImpl : Action id: '963f6a04-5320-42e7-ab74-6d876d199946' has been reordered by user: system -- ip:ukn,user:null
[16/06/23 14:00:31:990 UTC]  INFO util.SecurityLogger: class com.dotmarketing.portlets.workflows.business.WorkflowAPIImpl : Action id: '777f1c6b-c877-4a37-ba4b-10627316c2cc' has been reordered by user: system -- ip:ukn,user:null
[16/06/23 14:00:31:993 UTC]  INFO util.SecurityLogger: class com.dotmarketing.portlets.workflows.business.WorkflowAPIImpl : Action id: '1e0f1c6b-b67f-4c99-983d-db2b4bfa88b2' has been reordered by user: system -- ip:ukn,user:null
[16/06/23 14:00:31:996 UTC]  INFO util.SecurityLogger: class com.dotmarketing.portlets.workflows.business.WorkflowAPIImpl : Action id: 'dd4c4b7c-e9d3-4dc0-8fbf-36102f9c6324' has been reordered by user: system -- ip:ukn,user:null
[16/06/23 14:00:31:999 UTC]  INFO util.SecurityLogger: class com.dotmarketing.portlets.workflows.business.WorkflowAPIImpl : Action id: 'b9d89c80-3d88-4311-8365-187323c96436' has been reordered by user: system -- ip:ukn,user:null
[16/06/23 14:00:32:001 UTC]  INFO util.SecurityLogger: class com.dotmarketing.portlets.workflows.business.WorkflowAPIImpl : Action id: 'ceca71a0-deee-4999-bd47-b01baa1bcfc8' has been reordered by user: system -- ip:ukn,user:null
[16/06/23 14:00:32:003 UTC]  INFO util.SecurityLogger: class com.dotmarketing.portlets.workflows.business.WorkflowAPIImpl : Action id: 'c92f9aa1-9503-4567-ac30-d3242b54d02d' has been reordered by user: system -- ip:ukn,user:null
[16/06/23 14:00:32:006 UTC]  INFO util.SecurityLogger: class com.dotmarketing.portlets.workflows.business.WorkflowAPIImpl : Action id: '38efc763-d78f-4e4b-b092-59cd8c579b93' has been reordered by user: system -- ip:ukn,user:null
[16/06/23 14:00:32:022 UTC]  INFO util.SecurityLogger: class com.dotmarketing.portlets.workflows.business.WorkflowAPIImpl : The action id: 'ceca71a0-deee-4999-bd47-b01baa1bcfc8' has been saved by the user: system -- ip:ukn,user:null
[16/06/23 14:00:32:026 UTC]  INFO util.SecurityLogger: class com.dotmarketing.portlets.workflows.business.WorkflowAPIImpl : The action id: 'b9d89c80-3d88-4311-8365-187323c96436' has been saved by the user: system -- ip:ukn,user:null
[16/06/23 14:00:32:030 UTC]  INFO util.SecurityLogger: class com.dotmarketing.portlets.workflows.business.WorkflowAPIImpl : The action id: '777f1c6b-c877-4a37-ba4b-10627316c2cc' has been saved by the user: system -- ip:ukn,user:null
[16/06/23 14:00:32:035 UTC]  INFO util.SecurityLogger: class com.dotmarketing.portlets.workflows.business.WorkflowAPIImpl : The action id: 'ceca71a0-deee-4999-bd47-b01baa1bcfc8' has been saved by the user: system -- ip:ukn,user:null
[16/06/23 14:00:32:038 UTC]  INFO util.SecurityLogger: class com.dotmarketing.portlets.workflows.business.WorkflowAPIImpl : The action id: 'dd4c4b7c-e9d3-4dc0-8fbf-36102f9c6324' has been saved by the user: system -- ip:ukn,user:null
[16/06/23 14:00:32:042 UTC]  INFO util.SecurityLogger: class com.dotmarketing.portlets.workflows.business.WorkflowAPIImpl : The action id: '38efc763-d78f-4e4b-b092-59cd8c579b93' has been saved by the user: system -- ip:ukn,user:null
[16/06/23 14:00:32:046 UTC]  INFO util.SecurityLogger: class com.dotmarketing.portlets.workflows.business.WorkflowAPIImpl : The action id: '963f6a04-5320-42e7-ab74-6d876d199946' has been saved by the user: system -- ip:ukn,user:null
[16/06/23 14:00:32:049 UTC]  INFO util.SecurityLogger: class com.dotmarketing.portlets.workflows.business.WorkflowAPIImpl : The action id: 'b9d89c80-3d88-4311-8365-187323c96436' has been saved by the user: system -- ip:ukn,user:null
[16/06/23 14:00:32:052 UTC]  INFO util.SecurityLogger: class com.dotmarketing.portlets.workflows.business.WorkflowAPIImpl : The action id: '4da13a42-5d59-480c-ad8f-94a3adf809fe' has been saved by the user: system -- ip:ukn,user:null
[16/06/23 14:00:32:056 UTC]  INFO util.SecurityLogger: class com.dotmarketing.portlets.workflows.business.WorkflowAPIImpl : The action id: '963f6a04-5320-42e7-ab74-6d876d199946' has been saved by the user: system -- ip:ukn,user:null
[16/06/23 14:00:32:059 UTC]  INFO util.SecurityLogger: class com.dotmarketing.portlets.workflows.business.WorkflowAPIImpl : The action id: '38efc763-d78f-4e4b-b092-59cd8c579b93' has been saved by the user: system -- ip:ukn,user:null
[16/06/23 14:00:32:062 UTC]  INFO util.SecurityLogger: class com.dotmarketing.portlets.workflows.business.WorkflowAPIImpl : The action id: 'ceca71a0-deee-4999-bd47-b01baa1bcfc8' has been saved by the user: system -- ip:ukn,user:null
[16/06/23 14:00:32:065 UTC]  INFO util.SecurityLogger: class com.dotmarketing.portlets.workflows.business.WorkflowAPIImpl : The action id: '4da13a42-5d59-480c-ad8f-94a3adf809fe' has been saved by the user: system -- ip:ukn,user:null
[16/06/23 14:00:32:068 UTC]  INFO util.SecurityLogger: class com.dotmarketing.portlets.workflows.business.WorkflowAPIImpl : The action id: 'b9d89c80-3d88-4311-8365-187323c96436' has been saved by the user: system -- ip:ukn,user:null
[16/06/23 14:00:32:071 UTC]  INFO util.SecurityLogger: class com.dotmarketing.portlets.workflows.business.WorkflowAPIImpl : The action id: 'dd4c4b7c-e9d3-4dc0-8fbf-36102f9c6324' has been saved by the user: system -- ip:ukn,user:null
[16/06/23 14:00:32:079 UTC]  INFO util.SecurityLogger: class com.dotmarketing.portlets.workflows.business.WorkflowAPIImpl : The action id: 'c92f9aa1-9503-4567-ac30-d3242b54d02d' has been saved by the user: system -- ip:ukn,user:null
[16/06/23 14:00:32:082 UTC]  INFO util.SecurityLogger: class com.dotmarketing.portlets.workflows.business.WorkflowAPIImpl : The action id: '777f1c6b-c877-4a37-ba4b-10627316c2cc' has been saved by the user: system -- ip:ukn,user:null
[16/06/23 14:00:32:085 UTC]  INFO util.SecurityLogger: class com.dotmarketing.portlets.workflows.business.WorkflowAPIImpl : The action id: '1e0f1c6b-b67f-4c99-983d-db2b4bfa88b2' has been saved by the user: system -- ip:ukn,user:null
[16/06/23 14:00:32:162 UTC]  INFO util.SecurityLogger: class com.dotmarketing.portlets.workflows.business.WorkflowAPIImpl : Saving class parameters by the user: system -- ip:ukn,user:null
[16/06/23 14:00:32:169 UTC]  INFO starter.ImportStarterUtil: **** Importing the file: /data/local/dotsecure/backup/temp/com.dotmarketing.beans.Permission_0000000000.json *****
[16/06/23 14:00:32:170 UTC]  INFO starter.ImportStarterUtil: Importing:	com.dotmarketing.beans.Permission
[16/06/23 14:00:32:174 UTC]  INFO starter.ImportStarterUtil: Found :	20 com.dotmarketing.beans.Permission(s)
[16/06/23 14:00:32:188 UTC]  INFO starter.ImportStarterUtil: **** Importing the file: /data/local/dotsecure/backup/temp/com.dotmarketing.portlets.contentlet.model.ContentletVersionInfo_0000000000.json *****
[16/06/23 14:00:32:189 UTC]  INFO starter.ImportStarterUtil: Importing:	com.dotmarketing.portlets.contentlet.model.ContentletVersionInfo
[16/06/23 14:00:32:190 UTC]  INFO starter.ImportStarterUtil: Found :	3 com.dotmarketing.portlets.contentlet.model.ContentletVersionInfo(s)
[16/06/23 14:00:32:247 UTC]  INFO starter.ImportStarterUtil: **** Importing the file: /data/local/dotsecure/backup/temp/com.dotmarketing.portlets.workflows.model.WorkflowTask_0000000000.json *****
[16/06/23 14:00:32:248 UTC]  INFO starter.ImportStarterUtil: Importing:	com.dotmarketing.portlets.workflows.model.WorkflowTask
[16/06/23 14:00:32:250 UTC]  INFO starter.ImportStarterUtil: Found :	1 com.dotmarketing.portlets.workflows.model.WorkflowTask(s)
[16/06/23 14:00:32:255 UTC]  INFO starter.ImportStarterUtil: **** Importing the file: /data/local/dotsecure/backup/temp/Image.json *****
[16/06/23 14:00:32:255 UTC]  INFO starter.ImportStarterUtil: Importing:	Image
[16/06/23 14:00:37:023 UTC]  INFO starter.ImportStarterUtil: Found :	1 Image(s)
[16/06/23 14:00:37:024 UTC]  INFO starter.ImportStarterUtil: **** Importing the file: /data/local/dotsecure/backup/temp/Portlet.json *****
[16/06/23 14:00:37:024 UTC]  INFO starter.ImportStarterUtil: Importing:	Portlet
[16/06/23 14:00:37:025 UTC]  INFO starter.ImportStarterUtil: Found :	3 Portlet(s)
[16/06/23 14:00:37:030 UTC]  INFO starter.ImportStarterUtil: Done Importing
[16/06/23 14:00:37:034 UTC]  INFO runonce.Task210321RemoveOldMetadataFiles:  executing metadata clean up under path /data/shared/assets
[16/06/23 14:00:37:042 UTC]  INFO db.DotCMSInitDb:  `1` old metadata entries removed and `0` old content files from the starter.
[16/06/23 14:00:37:044 UTC]  INFO timedcache.TimedCacheProvider: ===== Initializing [Timed Cache Provider].
[16/06/23 14:00:37:045 UTC]  INFO timedcache.TimedCacheProvider: ***	 Cache Config Memory : esquerycache: 10000
[16/06/23 14:00:37:046 UTC]  INFO timedcache.TimedCacheProvider: ***	 Cache Config Memory : esquerycountcache: 10000
[16/06/23 14:00:37:047 UTC]  INFO timedcache.TimedCacheProvider: ***	 Cache Config Memory : graphqlquerycache: 5000
[16/06/23 14:00:37:047 UTC]  INFO timedcache.TimedCacheProvider: ***	 Cache Config Memory : default: 1000
[16/06/23 14:00:37:048 UTC]  INFO timedcache.TimedCacheProvider: ***	 Cache Config Memory : adminconfigpool: 100
[16/06/23 14:00:37:049 UTC]  INFO timedcache.TimedCacheProvider: ***	 Cache Config Memory : companypool: 10
[16/06/23 14:00:37:050 UTC]  INFO timedcache.TimedCacheProvider: ***	 Cache Config Memory : contentletcache: 5000
[16/06/23 14:00:37:050 UTC]  INFO timedcache.TimedCacheProvider: ***	 Cache Config Memory : categoryparentscache: 30000
[16/06/23 14:00:37:051 UTC]  INFO timedcache.TimedCacheProvider: ***	 Cache Config Memory : taginodecache: 50000
[16/06/23 14:00:37:052 UTC]  INFO timedcache.TimedCacheProvider: ***	 Cache Config Memory : taginodesbyinodecache: 50000
[16/06/23 14:00:37:053 UTC]  INFO timedcache.TimedCacheProvider: ***	 Cache Config Memory : tagcache: 50000
[16/06/23 14:00:37:054 UTC]  INFO timedcache.TimedCacheProvider: ***	 Cache Config Memory : csscache: 2500
[16/06/23 14:00:37:054 UTC]  INFO timedcache.TimedCacheProvider: ***	 Cache Config Memory : assetmetadatacache: 10000
[16/06/23 14:00:37:055 UTC]  INFO timedcache.TimedCacheProvider: ***	 Cache Config Memory : identifiercache: 50000
[16/06/23 14:00:37:055 UTC]  INFO timedcache.TimedCacheProvider: ***	 Cache Config Memory : identifier404cache: 30000
[16/06/23 14:00:37:055 UTC]  INFO timedcache.TimedCacheProvider: ***	 Cache Config Memory : indiciescache: 8
[16/06/23 14:00:37:060 UTC]  INFO timedcache.TimedCacheProvider: ***	 Cache Config Memory : logmappercache: 10
[16/06/23 14:00:37:060 UTC]  INFO timedcache.TimedCacheProvider: ***	 Cache Config Memory : navcache: 1000
[16/06/23 14:00:37:060 UTC]  INFO timedcache.TimedCacheProvider: ***	 Cache Config Memory : parentpermissionablecache: 10000
[16/06/23 14:00:37:066 UTC]  INFO timedcache.TimedCacheProvider: ***	 Cache Config Memory : permissioncache: 50000
[16/06/23 14:00:37:066 UTC]  INFO timedcache.TimedCacheProvider: ***	 Cache Config Memory : portletpool: 100
[16/06/23 14:00:37:066 UTC]  INFO timedcache.TimedCacheProvider: ***	 Cache Config Memory : publishingendpointcache: 100
[16/06/23 14:00:37:066 UTC]  INFO timedcache.TimedCacheProvider: ***	 Cache Config Memory : pushedassetscache: 5000
[16/06/23 14:00:37:066 UTC]  INFO timedcache.TimedCacheProvider: ***	 Cache Config Memory : templatecache: 500
[16/06/23 14:00:37:066 UTC]  INFO timedcache.TimedCacheProvider: ***	 Cache Config Memory : translatedquerycache: 5000
[16/06/23 14:00:37:066 UTC]  INFO timedcache.TimedCacheProvider: ***	 Cache Config Memory : versioncache: 50000
[16/06/23 14:00:37:066 UTC]  INFO timedcache.TimedCacheProvider: ***	 Cache Config Memory : versioninfocache: 50000
[16/06/23 14:00:37:067 UTC]  INFO timedcache.TimedCacheProvider: ***	 Cache Config Memory : workflowactioncache: 10000
[16/06/23 14:00:37:067 UTC]  INFO timedcache.TimedCacheProvider: ***	 Cache Config Memory : workflowtaskcache: 10000
[16/06/23 14:00:37:067 UTC]  INFO timedcache.TimedCacheProvider: ***	 Cache Config Memory : shortyidcache: 25000
[16/06/23 14:00:37:067 UTC]  INFO timedcache.TimedCacheProvider: ***	 Cache Config Memory : velocitycache: 5000
[16/06/23 14:00:37:067 UTC]  INFO timedcache.TimedCacheProvider: ***	 Cache Config Memory : vanityurldirectcache: 25000
[16/06/23 14:00:37:067 UTC]  INFO timedcache.TimedCacheProvider: ***	 Cache Config Memory : vanityurlsitecache: 5000
[16/06/23 14:00:37:067 UTC]  INFO h22.H22Cache: Start Full Cache Flush in h22
[16/06/23 14:00:37:067 UTC]  INFO h22.H22Cache: Building new H22 Cache, db:0
[16/06/23 14:00:37:067 UTC]  INFO h22.H22HikariPool: H22 on disk cache:jdbc:h2:/data/local/dotsecure/h22cache/0/2023-06-16_14-00-37/cache;MVCC=TRUE;DB_CLOSE_ON_EXIT=FALSE
[16/06/23 14:00:37:130 UTC]  INFO h22.H22Cache: Building new H22 Cache, db:1
[16/06/23 14:00:37:130 UTC]  INFO h22.H22HikariPool: H22 on disk cache:jdbc:h2:/data/local/dotsecure/h22cache/1/2023-06-16_14-00-37/cache;MVCC=TRUE;DB_CLOSE_ON_EXIT=FALSE
[16/06/23 14:00:37:182 UTC]  INFO h22.H22Cache: End Full Cache Flush in h22 : 115ms
[16/06/23 14:00:37:222 UTC]  INFO reindex.ReindexThread: --- Recreating ReindexThread from stopped
[16/06/23 14:00:37:224 UTC]  INFO framework.OSGISystem: Starting: OSGi System Framework
[16/06/23 14:00:37:225 UTC]  INFO framework.OSGISystem: Felix System base dir: /srv/dotserver/tomcat-9.0.60/webapps/ROOT/WEB-INF/felix-system
[16/06/23 14:00:37:231 UTC]  INFO framework.OSGIUtil: Loading Factory org.apache.felix.framework.FrameworkFactory
[16/06/23 14:00:37:643 UTC]  INFO init.SamlInitializer: SAML Init STARTED...
[16/06/23 14:00:38:440 UTC]  INFO init.SamlInitializer: Doing instance of Java Crypto validator
[16/06/23 14:00:38:440 UTC]  INFO init.SamlInitializer: Getting the Security Providers
[16/06/23 14:00:38:440 UTC]  INFO init.SamlInitializer: - SUN (DSA key/parameter generation; DSA signing; SHA-1, MD5 digests; SecureRandom; X.509 certificates; PKCS12, JKS & DKS keystores; PKIX CertPathValidator; PKIX CertPathBuilder; LDAP, Collection CertStores, JavaPolicy Policy; JavaLoginConfig Configuration)
[16/06/23 14:00:38:440 UTC]  INFO init.SamlInitializer: - Sun RSA signature provider
[16/06/23 14:00:38:440 UTC]  INFO init.SamlInitializer: - Sun Elliptic Curve provider (EC, ECDSA, ECDH)
[16/06/23 14:00:38:440 UTC]  INFO init.SamlInitializer: - Sun JSSE provider(PKCS12, SunX509/PKIX key/trust factories, SSLv3/TLSv1/TLSv1.1/TLSv1.2/TLSv1.3/DTLSv1.0/DTLSv1.2)
[16/06/23 14:00:38:440 UTC]  INFO init.SamlInitializer: - SunJCE Provider (implements RSA, DES, Triple DES, AES, Blowfish, ARCFOUR, RC2, PBE, Diffie-Hellman, HMAC, ChaCha20)
[16/06/23 14:00:38:440 UTC]  INFO init.SamlInitializer: - Sun (Kerberos v5, SPNEGO)
[16/06/23 14:00:38:440 UTC]  INFO init.SamlInitializer: - Sun SASL provider(implements client mechanisms for: DIGEST-MD5, EXTERNAL, PLAIN, CRAM-MD5, NTLM; server mechanisms for: DIGEST-MD5, CRAM-MD5, NTLM)
[16/06/23 14:00:38:440 UTC]  INFO init.SamlInitializer: - JdkLDAP Provider (implements LDAP CertStore)
[16/06/23 14:00:38:440 UTC]  INFO init.SamlInitializer: Doing Init of SignatureValidationProvider
[16/06/23 14:00:38:442 UTC]  INFO init.SamlInitializer: SAML Init DONE
[16/06/23 14:00:38:442 UTC]  INFO init.SamlInitializer: Setting basic parser pool
[16/06/23 14:00:38:444 UTC]  INFO osgi.Activator: Adding the SAML Web Filter
[16/06/23 14:00:38:490 UTC]  INFO osgi.Activator: Adding the SAML Web Service: com.dotcms.auth.providers.saml.v1.DotSamlResource
[16/06/23 14:00:38:961 UTC]  INFO osgi.Activator: Subscribing to  AppSecretSavedEvent events
[16/06/23 14:00:39:650 UTC]  INFO framework.OSGISystem: Started : OSGi System Framework
[16/06/23 14:00:39:650 UTC]  INFO reindex.ReindexThread: --- ReindexThread Running (every 60000 millis)
[16/06/23 14:00:39:651 UTC]  INFO db.DotCMSInitDb: Building Initial Index
[16/06/23 14:00:39:658 UTC]  INFO reindex.ReindexThread: ---  ReindexThread is starting, background indexing will begin
[16/06/23 14:00:39:728 UTC]  INFO business.ESIndexAPI: createIndex : Trying to create index: cluster_820cb6fd7b.working_20230616140039 with shards: 0
[16/06/23 14:00:39:729 UTC]  INFO util.AdminLogger: class com.dotcms.content.elasticsearch.business.ESIndexAPI : createIndex : Trying to create index: cluster_820cb6fd7b.working_20230616140039 with shards: 0
[16/06/23 14:00:39:729 UTC]  WARN business.ESIndexAPI: Unable to parse shards from config
[16/06/23 14:00:39:729 UTC]  WARN business.ESIndexAPI: null
[16/06/23 14:00:39:729 UTC]  WARN business.ESIndexAPI: java.base/java.lang.Integer.parseInt(Integer.java:614)
[16/06/23 14:00:40:108 UTC]  INFO business.ESIndexAPI: createIndex : Index created: cluster_820cb6fd7b.working_20230616140039 with shards: 1
[16/06/23 14:00:40:109 UTC]  INFO util.AdminLogger: class com.dotcms.content.elasticsearch.business.ESIndexAPI : createIndex : Index created: cluster_820cb6fd7b.working_20230616140039 with shards: 1
[16/06/23 14:00:40:192 UTC]  INFO business.ESIndexAPI: createIndex : Trying to create index: cluster_820cb6fd7b.live_20230616140039 with shards: 0
[16/06/23 14:00:40:192 UTC]  INFO util.AdminLogger: class com.dotcms.content.elasticsearch.business.ESIndexAPI : createIndex : Trying to create index: cluster_820cb6fd7b.live_20230616140039 with shards: 0
[16/06/23 14:00:40:192 UTC]  WARN business.ESIndexAPI: Unable to parse shards from config
[16/06/23 14:00:40:192 UTC]  WARN business.ESIndexAPI: null
[16/06/23 14:00:40:192 UTC]  WARN business.ESIndexAPI: java.base/java.lang.Integer.parseInt(Integer.java:614)
[16/06/23 14:00:40:285 UTC]  INFO business.ESIndexAPI: createIndex : Index created: cluster_820cb6fd7b.live_20230616140039 with shards: 1
[16/06/23 14:00:40:286 UTC]  INFO util.AdminLogger: class com.dotcms.content.elasticsearch.business.ESIndexAPI : createIndex : Index created: cluster_820cb6fd7b.live_20230616140039 with shards: 1
[16/06/23 14:00:44:620 UTC]  INFO reindex.ReindexThread: --- Unpausing reindex thread 
[16/06/23 14:00:45:366 UTC]  INFO reindex.BulkProcessorListener: -----------
[16/06/23 14:00:45:366 UTC]  INFO reindex.BulkProcessorListener: Reindexing Server #  : 1 of 1
[16/06/23 14:00:45:366 UTC]  INFO reindex.BulkProcessorListener: Total Indexed        : 0
[16/06/23 14:00:45:367 UTC]  INFO reindex.BulkProcessorListener: ReindexEntries found : 3
[16/06/23 14:00:45:367 UTC]  INFO reindex.BulkProcessorListener: BulkRequests created : 6
[16/06/23 14:00:45:368 UTC]  INFO reindex.BulkProcessorListener: -----------
[16/06/23 14:00:47:626 UTC]  INFO db.DotCMSInitDb: Records left to index : 0
[16/06/23 14:00:47:626 UTC]  INFO db.DotCMSInitDb: While in DevMode dotCMS will not set an initial password to the admin user.
[16/06/23 14:00:47:627 UTC]  INFO startup.StartupTasksExecutor: Not Running Startup Tasks: Task00005LoadFixassets
[16/06/23 14:00:47:687 UTC]  INFO startup.StartupTasksExecutor: Running Startup Tasks : Task00006CreateSystemLayout
[16/06/23 14:00:50:710 UTC]  INFO startup.StartupTasksExecutor: Not Running Startup Tasks: Task00007RemoveSitesearchQuartzJob
[16/06/23 14:00:50:710 UTC]  INFO startup.StartupTasksExecutor: Running Startup Tasks : Task00040CheckAnonymousUser
[16/06/23 14:00:50:967 UTC]  INFO apps.SecretsKeyStoreHelper: KeyStore loaded successfully after `1` tries.
[16/06/23 14:00:50:967 UTC]  INFO startup.StartupTasksExecutor: Not Running Startup Tasks: Task00050LoadAppsSecrets
[16/06/23 14:00:50:968 UTC]  INFO startup.StartupTasksExecutor: Finishing startup tasks.
[16/06/23 14:00:50:968 UTC]  INFO startup.StartupTasksExecutor: ---
[16/06/23 14:00:50:968 UTC]  INFO startup.StartupTasksExecutor: 
[16/06/23 14:00:50:968 UTC]  INFO startup.StartupTasksExecutor: Running Upgrade Tasks
[16/06/23 14:00:50:969 UTC]  INFO startup.StartupTasksExecutor: Database version: 0
[16/06/23 14:00:52:232 UTC]  INFO startup.StartupTasksExecutor: Database upgraded to version: 760
[16/06/23 14:00:52:232 UTC]  INFO startup.StartupTasksExecutor: Database upgraded to version: 765
[16/06/23 14:00:52:233 UTC]  INFO startup.StartupTasksExecutor: Database upgraded to version: 766
[16/06/23 14:00:52:233 UTC]  INFO startup.StartupTasksExecutor: Database upgraded to version: 767
[16/06/23 14:00:52:234 UTC]  INFO startup.StartupTasksExecutor: Database upgraded to version: 768
[16/06/23 14:00:52:234 UTC]  INFO startup.StartupTasksExecutor: Database upgraded to version: 769
[16/06/23 14:00:52:234 UTC]  INFO startup.StartupTasksExecutor: Database upgraded to version: 775
[16/06/23 14:00:52:235 UTC]  INFO startup.StartupTasksExecutor: Database upgraded to version: 780
[16/06/23 14:00:52:235 UTC]  INFO startup.StartupTasksExecutor: Database upgraded to version: 782
[16/06/23 14:00:52:235 UTC]  INFO startup.StartupTasksExecutor: Database upgraded to version: 785
[16/06/23 14:00:52:236 UTC]  INFO startup.StartupTasksExecutor: Database upgraded to version: 790
[16/06/23 14:00:52:236 UTC]  INFO startup.StartupTasksExecutor: Database upgraded to version: 795
[16/06/23 14:00:52:236 UTC]  INFO startup.StartupTasksExecutor: Database upgraded to version: 800
[16/06/23 14:00:52:237 UTC]  INFO startup.StartupTasksExecutor: Database upgraded to version: 805
[16/06/23 14:00:52:238 UTC]  INFO startup.StartupTasksExecutor: Database upgraded to version: 810
[16/06/23 14:00:52:238 UTC]  INFO startup.StartupTasksExecutor: Database upgraded to version: 815
[16/06/23 14:00:52:239 UTC]  INFO startup.StartupTasksExecutor: Database upgraded to version: 820
[16/06/23 14:00:52:239 UTC]  INFO startup.StartupTasksExecutor: Database upgraded to version: 825
[16/06/23 14:00:52:239 UTC]  INFO startup.StartupTasksExecutor: Database upgraded to version: 835
[16/06/23 14:00:52:240 UTC]  INFO startup.StartupTasksExecutor: Database upgraded to version: 840
[16/06/23 14:00:52:240 UTC]  INFO startup.StartupTasksExecutor: Database upgraded to version: 845
[16/06/23 14:00:52:240 UTC]  INFO startup.StartupTasksExecutor: Database upgraded to version: 850
[16/06/23 14:00:52:241 UTC]  INFO startup.StartupTasksExecutor: Database upgraded to version: 855
[16/06/23 14:00:52:241 UTC]  INFO startup.StartupTasksExecutor: Database upgraded to version: 860
[16/06/23 14:00:52:241 UTC]  INFO startup.StartupTasksExecutor: Database upgraded to version: 865
[16/06/23 14:00:52:242 UTC]  INFO startup.StartupTasksExecutor: Database upgraded to version: 900
[16/06/23 14:00:52:242 UTC]  INFO startup.StartupTasksExecutor: Database upgraded to version: 905
[16/06/23 14:00:52:243 UTC]  INFO startup.StartupTasksExecutor: Database upgraded to version: 910
[16/06/23 14:00:52:243 UTC]  INFO startup.StartupTasksExecutor: Database upgraded to version: 920
[16/06/23 14:00:52:243 UTC]  INFO startup.StartupTasksExecutor: Database upgraded to version: 922
[16/06/23 14:00:52:245 UTC]  INFO startup.StartupTasksExecutor: Database upgraded to version: 925
[16/06/23 14:00:52:245 UTC]  INFO startup.StartupTasksExecutor: Database upgraded to version: 930
[16/06/23 14:00:52:245 UTC]  INFO startup.StartupTasksExecutor: Database upgraded to version: 935
[16/06/23 14:00:52:246 UTC]  INFO startup.StartupTasksExecutor: Database upgraded to version: 940
[16/06/23 14:00:52:246 UTC]  INFO startup.StartupTasksExecutor: Database upgraded to version: 945
[16/06/23 14:00:52:246 UTC]  INFO startup.StartupTasksExecutor: Database upgraded to version: 950
[16/06/23 14:00:52:247 UTC]  INFO startup.StartupTasksExecutor: Database upgraded to version: 1000
[16/06/23 14:00:52:248 UTC]  INFO startup.StartupTasksExecutor: Database upgraded to version: 1005
[16/06/23 14:00:52:248 UTC]  INFO startup.StartupTasksExecutor: Database upgraded to version: 1015
[16/06/23 14:00:52:249 UTC]  INFO startup.StartupTasksExecutor: Database upgraded to version: 1016
[16/06/23 14:00:52:249 UTC]  INFO startup.StartupTasksExecutor: Database upgraded to version: 1020
[16/06/23 14:00:52:249 UTC]  INFO startup.StartupTasksExecutor: Database upgraded to version: 1030
[16/06/23 14:00:52:251 UTC]  INFO startup.StartupTasksExecutor: Database upgraded to version: 1035
[16/06/23 14:00:52:251 UTC]  INFO startup.StartupTasksExecutor: Database upgraded to version: 1045
[16/06/23 14:00:52:251 UTC]  INFO startup.StartupTasksExecutor: Database upgraded to version: 1050
[16/06/23 14:00:52:251 UTC]  INFO startup.StartupTasksExecutor: Database upgraded to version: 1055
[16/06/23 14:00:52:254 UTC]  INFO startup.StartupTasksExecutor: Database upgraded to version: 1060
[16/06/23 14:00:52:254 UTC]  INFO startup.StartupTasksExecutor: Database upgraded to version: 1065
[16/06/23 14:00:52:254 UTC]  INFO startup.StartupTasksExecutor: Database upgraded to version: 1070
[16/06/23 14:00:52:255 UTC]  INFO startup.StartupTasksExecutor: Database upgraded to version: 1080
[16/06/23 14:00:52:255 UTC]  INFO startup.StartupTasksExecutor: Database upgraded to version: 1085
[16/06/23 14:00:52:255 UTC]  INFO startup.StartupTasksExecutor: Database upgraded to version: 1090
[16/06/23 14:00:52:255 UTC]  INFO startup.StartupTasksExecutor: Database upgraded to version: 1095
[16/06/23 14:00:52:256 UTC]  INFO startup.StartupTasksExecutor: Database upgraded to version: 1096
[16/06/23 14:00:52:256 UTC]  INFO startup.StartupTasksExecutor: Database upgraded to version: 3000
[16/06/23 14:00:52:257 UTC]  INFO startup.StartupTasksExecutor: Database upgraded to version: 3005
[16/06/23 14:00:52:257 UTC]  INFO startup.StartupTasksExecutor: Database upgraded to version: 3010
[16/06/23 14:00:52:258 UTC]  INFO startup.StartupTasksExecutor: Database upgraded to version: 3015
[16/06/23 14:00:52:258 UTC]  INFO startup.StartupTasksExecutor: Database upgraded to version: 3020
[16/06/23 14:00:52:261 UTC]  INFO startup.StartupTasksExecutor: Database upgraded to version: 3025
[16/06/23 14:00:52:261 UTC]  INFO startup.StartupTasksExecutor: Database upgraded to version: 3030
[16/06/23 14:00:52:261 UTC]  INFO startup.StartupTasksExecutor: Database upgraded to version: 3035
[16/06/23 14:00:52:261 UTC]  INFO startup.StartupTasksExecutor: Database upgraded to version: 3040
[16/06/23 14:00:52:262 UTC]  INFO startup.StartupTasksExecutor: Database upgraded to version: 3042
[16/06/23 14:00:52:262 UTC]  INFO startup.StartupTasksExecutor: Database upgraded to version: 3045
[16/06/23 14:00:52:262 UTC]  INFO startup.StartupTasksExecutor: Database upgraded to version: 3050
[16/06/23 14:00:52:263 UTC]  INFO startup.StartupTasksExecutor: Database upgraded to version: 3055
[16/06/23 14:00:52:263 UTC]  INFO startup.StartupTasksExecutor: Database upgraded to version: 3060
[16/06/23 14:00:52:263 UTC]  INFO startup.StartupTasksExecutor: Database upgraded to version: 3065
[16/06/23 14:00:52:265 UTC]  INFO startup.StartupTasksExecutor: Database upgraded to version: 3100
[16/06/23 14:00:52:265 UTC]  INFO startup.StartupTasksExecutor: Database upgraded to version: 3105
[16/06/23 14:00:52:266 UTC]  INFO startup.StartupTasksExecutor: Database upgraded to version: 3120
[16/06/23 14:00:52:266 UTC]  INFO startup.StartupTasksExecutor: Database upgraded to version: 3130
[16/06/23 14:00:52:267 UTC]  INFO startup.StartupTasksExecutor: Database upgraded to version: 3135
[16/06/23 14:00:52:268 UTC]  INFO startup.StartupTasksExecutor: Database upgraded to version: 3140
[16/06/23 14:00:52:268 UTC]  INFO startup.StartupTasksExecutor: Database upgraded to version: 3150
[16/06/23 14:00:52:271 UTC]  INFO startup.StartupTasksExecutor: Database upgraded to version: 3160
[16/06/23 14:00:52:272 UTC]  INFO startup.StartupTasksExecutor: Database upgraded to version: 3165
[16/06/23 14:00:52:273 UTC]  INFO startup.StartupTasksExecutor: Database upgraded to version: 3500
[16/06/23 14:00:52:273 UTC]  INFO startup.StartupTasksExecutor: Database upgraded to version: 3505
[16/06/23 14:00:52:274 UTC]  INFO startup.StartupTasksExecutor: Database upgraded to version: 3510
[16/06/23 14:00:52:275 UTC]  INFO startup.StartupTasksExecutor: Database upgraded to version: 3515
[16/06/23 14:00:52:275 UTC]  INFO startup.StartupTasksExecutor: Database upgraded to version: 3520
[16/06/23 14:00:52:275 UTC]  INFO startup.StartupTasksExecutor: Database upgraded to version: 3525
[16/06/23 14:00:52:276 UTC]  INFO startup.StartupTasksExecutor: Database upgraded to version: 3530
[16/06/23 14:00:52:276 UTC]  INFO startup.StartupTasksExecutor: Database upgraded to version: 3535
[16/06/23 14:00:52:287 UTC]  INFO startup.StartupTasksExecutor: Database upgraded to version: 3540
[16/06/23 14:00:52:288 UTC]  INFO startup.StartupTasksExecutor: Database upgraded to version: 3545
[16/06/23 14:00:52:288 UTC]  INFO startup.StartupTasksExecutor: Database upgraded to version: 3550
[16/06/23 14:00:52:288 UTC]  INFO startup.StartupTasksExecutor: Database upgraded to version: 3555
[16/06/23 14:00:52:289 UTC]  INFO startup.StartupTasksExecutor: Database upgraded to version: 3560
[16/06/23 14:00:52:289 UTC]  INFO startup.StartupTasksExecutor: Database upgraded to version: 3565
[16/06/23 14:00:52:289 UTC]  INFO startup.StartupTasksExecutor: Database upgraded to version: 3600
[16/06/23 14:00:52:290 UTC]  INFO startup.StartupTasksExecutor: Database upgraded to version: 3605
[16/06/23 14:00:52:290 UTC]  INFO startup.StartupTasksExecutor: Database upgraded to version: 3700
[16/06/23 14:00:52:290 UTC]  INFO startup.StartupTasksExecutor: Database upgraded to version: 3705
[16/06/23 14:00:52:290 UTC]  INFO startup.StartupTasksExecutor: Database upgraded to version: 3710
[16/06/23 14:00:52:291 UTC]  INFO startup.StartupTasksExecutor: Database upgraded to version: 3715
[16/06/23 14:00:52:291 UTC]  INFO startup.StartupTasksExecutor: Database upgraded to version: 3720
[16/06/23 14:00:52:291 UTC]  INFO startup.StartupTasksExecutor: Database upgraded to version: 3725
[16/06/23 14:00:52:291 UTC]  INFO startup.StartupTasksExecutor: Database upgraded to version: 3735
[16/06/23 14:00:52:292 UTC]  INFO startup.StartupTasksExecutor: Database upgraded to version: 3740
[16/06/23 14:00:52:292 UTC]  INFO startup.StartupTasksExecutor: Database upgraded to version: 3745
[16/06/23 14:00:52:292 UTC]  INFO startup.StartupTasksExecutor: Database upgraded to version: 3800
[16/06/23 14:00:52:293 UTC]  INFO startup.StartupTasksExecutor: Database upgraded to version: 4100
[16/06/23 14:00:52:293 UTC]  INFO startup.StartupTasksExecutor: Database upgraded to version: 4105
[16/06/23 14:00:52:293 UTC]  INFO startup.StartupTasksExecutor: Database upgraded to version: 4110
[16/06/23 14:00:52:293 UTC]  INFO startup.StartupTasksExecutor: Database upgraded to version: 4115
[16/06/23 14:00:52:294 UTC]  INFO startup.StartupTasksExecutor: Database upgraded to version: 4120
[16/06/23 14:00:52:294 UTC]  INFO startup.StartupTasksExecutor: Database upgraded to version: 4200
[16/06/23 14:00:52:294 UTC]  INFO startup.StartupTasksExecutor: Database upgraded to version: 4205
[16/06/23 14:00:52:295 UTC]  INFO startup.StartupTasksExecutor: Database upgraded to version: 4210
[16/06/23 14:00:52:295 UTC]  INFO startup.StartupTasksExecutor: Database upgraded to version: 4215
[16/06/23 14:00:52:295 UTC]  INFO startup.StartupTasksExecutor: Database upgraded to version: 4220
[16/06/23 14:00:52:299 UTC]  INFO startup.StartupTasksExecutor: Database upgraded to version: 4230
[16/06/23 14:00:52:300 UTC]  INFO startup.StartupTasksExecutor: Database upgraded to version: 4235
[16/06/23 14:00:52:301 UTC]  INFO startup.StartupTasksExecutor: Database upgraded to version: 4300
[16/06/23 14:00:52:301 UTC]  INFO startup.StartupTasksExecutor: Database upgraded to version: 4305
[16/06/23 14:00:52:301 UTC]  INFO startup.StartupTasksExecutor: Database upgraded to version: 4310
[16/06/23 14:00:52:302 UTC]  INFO startup.StartupTasksExecutor: Database upgraded to version: 4315
[16/06/23 14:00:52:302 UTC]  INFO startup.StartupTasksExecutor: Database upgraded to version: 4320
[16/06/23 14:00:52:305 UTC]  INFO startup.StartupTasksExecutor: Database upgraded to version: 4330
[16/06/23 14:00:52:305 UTC]  INFO startup.StartupTasksExecutor: Database upgraded to version: 4335
[16/06/23 14:00:52:306 UTC]  INFO startup.StartupTasksExecutor: Database upgraded to version: 4340
[16/06/23 14:00:52:306 UTC]  INFO startup.StartupTasksExecutor: Database upgraded to version: 4345
[16/06/23 14:00:52:309 UTC]  INFO startup.StartupTasksExecutor: Database upgraded to version: 4350
[16/06/23 14:00:52:314 UTC]  INFO startup.StartupTasksExecutor: Database upgraded to version: 4355
[16/06/23 14:00:52:315 UTC]  INFO startup.StartupTasksExecutor: Database upgraded to version: 4360
[16/06/23 14:00:52:316 UTC]  INFO startup.StartupTasksExecutor: Database upgraded to version: 4365
[16/06/23 14:00:52:317 UTC]  INFO startup.StartupTasksExecutor: Database upgraded to version: 4370
[16/06/23 14:00:52:319 UTC]  INFO startup.StartupTasksExecutor: Database upgraded to version: 4375
[16/06/23 14:00:52:323 UTC]  INFO startup.StartupTasksExecutor: Database upgraded to version: 4380
[16/06/23 14:00:52:324 UTC]  INFO startup.StartupTasksExecutor: Database upgraded to version: 4385
[16/06/23 14:00:52:327 UTC]  INFO startup.StartupTasksExecutor: Database upgraded to version: 4390
[16/06/23 14:00:52:329 UTC]  INFO startup.StartupTasksExecutor: Database upgraded to version: 5030
[16/06/23 14:00:52:330 UTC]  INFO startup.StartupTasksExecutor: Database upgraded to version: 5035
[16/06/23 14:00:52:331 UTC]  INFO startup.StartupTasksExecutor: Database upgraded to version: 5040
[16/06/23 14:00:52:332 UTC]  INFO startup.StartupTasksExecutor: Database upgraded to version: 5050
[16/06/23 14:00:52:334 UTC]  INFO startup.StartupTasksExecutor: Database upgraded to version: 5060
[16/06/23 14:00:52:337 UTC]  INFO startup.StartupTasksExecutor: Database upgraded to version: 5070
[16/06/23 14:00:52:338 UTC]  INFO startup.StartupTasksExecutor: Database upgraded to version: 5080
[16/06/23 14:00:52:340 UTC]  INFO startup.StartupTasksExecutor: Database upgraded to version: 5150
[16/06/23 14:00:52:341 UTC]  INFO startup.StartupTasksExecutor: Database upgraded to version: 5160
[16/06/23 14:00:52:342 UTC]  INFO startup.StartupTasksExecutor: Database upgraded to version: 5165
[16/06/23 14:00:52:343 UTC]  INFO startup.StartupTasksExecutor: Database upgraded to version: 5170
[16/06/23 14:00:52:344 UTC]  INFO startup.StartupTasksExecutor: Database upgraded to version: 5175
[16/06/23 14:00:52:347 UTC]  INFO startup.StartupTasksExecutor: Database upgraded to version: 5180
[16/06/23 14:00:52:348 UTC]  INFO startup.StartupTasksExecutor: Database upgraded to version: 5190
[16/06/23 14:00:52:350 UTC]  INFO startup.StartupTasksExecutor: Database upgraded to version: 5195
[16/06/23 14:00:52:351 UTC]  INFO startup.StartupTasksExecutor: Database upgraded to version: 5200
[16/06/23 14:00:52:352 UTC]  INFO startup.StartupTasksExecutor: Database upgraded to version: 5210
[16/06/23 14:00:52:353 UTC]  INFO startup.StartupTasksExecutor: Database upgraded to version: 5215
[16/06/23 14:00:52:354 UTC]  INFO startup.StartupTasksExecutor: Database upgraded to version: 5220
[16/06/23 14:00:52:355 UTC]  INFO startup.StartupTasksExecutor: Database upgraded to version: 5225
[16/06/23 14:00:52:358 UTC]  INFO startup.StartupTasksExecutor: Database upgraded to version: 5300
[16/06/23 14:00:52:359 UTC]  INFO startup.StartupTasksExecutor: Database upgraded to version: 5305
[16/06/23 14:00:52:360 UTC]  INFO startup.StartupTasksExecutor: Database upgraded to version: 5350
[16/06/23 14:00:52:361 UTC]  INFO startup.StartupTasksExecutor: Database upgraded to version: 5370
[16/06/23 14:00:52:363 UTC]  INFO startup.StartupTasksExecutor: Database upgraded to version: 5380
[16/06/23 14:00:52:364 UTC]  INFO startup.StartupTasksExecutor: Database upgraded to version: 5390
[16/06/23 14:00:52:366 UTC]  INFO startup.StartupTasksExecutor: Database upgraded to version: 5395
[16/06/23 14:00:52:367 UTC]  INFO startup.StartupTasksExecutor: Database upgraded to version: 201013
[16/06/23 14:00:52:368 UTC]  INFO startup.StartupTasksExecutor: Database upgraded to version: 201014
[16/06/23 14:00:52:368 UTC]  INFO startup.StartupTasksExecutor: Database upgraded to version: 201102
[16/06/23 14:00:52:369 UTC]  INFO startup.StartupTasksExecutor: Database upgraded to version: 210218
[16/06/23 14:00:52:370 UTC]  INFO startup.StartupTasksExecutor: Database upgraded to version: 210316
[16/06/23 14:00:52:376 UTC]  INFO startup.StartupTasksExecutor: Database upgraded to version: 210319
[16/06/23 14:00:52:377 UTC]  INFO startup.StartupTasksExecutor: Database upgraded to version: 210321
[16/06/23 14:00:52:378 UTC]  INFO startup.StartupTasksExecutor: Database upgraded to version: 210506
[16/06/23 14:00:52:379 UTC]  INFO startup.StartupTasksExecutor: Database upgraded to version: 210510
[16/06/23 14:00:52:380 UTC]  INFO startup.StartupTasksExecutor: Database upgraded to version: 210520
[16/06/23 14:00:52:381 UTC]  INFO startup.StartupTasksExecutor: Database upgraded to version: 210527
[16/06/23 14:00:52:382 UTC]  INFO startup.StartupTasksExecutor: Database upgraded to version: 210719
[16/06/23 14:00:52:382 UTC]  INFO startup.StartupTasksExecutor: Database upgraded to version: 210802
[16/06/23 14:00:52:383 UTC]  INFO startup.StartupTasksExecutor: Database upgraded to version: 210805
[16/06/23 14:00:52:386 UTC]  INFO startup.StartupTasksExecutor: Database upgraded to version: 210816
[16/06/23 14:00:52:387 UTC]  INFO startup.StartupTasksExecutor: Database upgraded to version: 210901
[16/06/23 14:00:52:388 UTC]  INFO startup.StartupTasksExecutor: Database upgraded to version: 211007
[16/06/23 14:00:52:389 UTC]  INFO startup.StartupTasksExecutor: Database upgraded to version: 211012
[16/06/23 14:00:52:390 UTC]  INFO startup.StartupTasksExecutor: Database upgraded to version: 211020
[16/06/23 14:00:52:391 UTC]  INFO startup.StartupTasksExecutor: Database upgraded to version: 211101
[16/06/23 14:00:52:392 UTC]  INFO startup.StartupTasksExecutor: Database upgraded to version: 211103
[16/06/23 14:00:52:393 UTC]  INFO startup.StartupTasksExecutor: Database upgraded to version: 220202
[16/06/23 14:00:52:394 UTC]  INFO startup.StartupTasksExecutor: Database upgraded to version: 220203
[16/06/23 14:00:52:399 UTC]  INFO startup.StartupTasksExecutor: Database upgraded to version: 220214
[16/06/23 14:00:52:400 UTC]  INFO startup.StartupTasksExecutor: Database upgraded to version: 220215
[16/06/23 14:00:52:401 UTC]  INFO startup.StartupTasksExecutor: Database upgraded to version: 220330
[16/06/23 14:00:52:401 UTC]  INFO startup.StartupTasksExecutor: Database upgraded to version: 220401
[16/06/23 14:00:52:404 UTC]  INFO startup.StartupTasksExecutor: Database upgraded to version: 220402
[16/06/23 14:00:52:405 UTC]  INFO startup.StartupTasksExecutor: Database upgraded to version: 220413
[16/06/23 14:00:52:407 UTC]  INFO startup.StartupTasksExecutor: Database upgraded to version: 220512
[16/06/23 14:00:52:408 UTC]  INFO startup.StartupTasksExecutor: Database upgraded to version: 220606
[16/06/23 14:00:52:409 UTC]  INFO startup.StartupTasksExecutor: Database upgraded to version: 220822
[16/06/23 14:00:52:410 UTC]  INFO startup.StartupTasksExecutor: Database upgraded to version: 220824
[16/06/23 14:00:52:411 UTC]  INFO startup.StartupTasksExecutor: Database upgraded to version: 220825
[16/06/23 14:00:52:412 UTC]  INFO startup.StartupTasksExecutor: Database upgraded to version: 220829
[16/06/23 14:00:52:413 UTC]  INFO startup.StartupTasksExecutor: Database upgraded to version: 220912
[16/06/23 14:00:52:414 UTC]  INFO startup.StartupTasksExecutor: Database upgraded to version: 220928
[16/06/23 14:00:52:417 UTC]  INFO startup.StartupTasksExecutor: Database upgraded to version: 221007
[16/06/23 14:00:52:418 UTC]  INFO startup.StartupTasksExecutor: Database upgraded to version: 221018
[16/06/23 14:00:52:419 UTC]  INFO startup.StartupTasksExecutor: Database upgraded to version: 230110
[16/06/23 14:00:52:426 UTC]  INFO startup.StartupTasksExecutor: Database upgraded to version: 230119
[16/06/23 14:00:52:429 UTC]  INFO startup.StartupTasksExecutor: Database upgraded to version: 230328
[16/06/23 14:00:52:430 UTC]  INFO startup.StartupTasksExecutor: Database upgraded to version: 230426
[16/06/23 14:00:52:433 UTC]  INFO startup.StartupTasksExecutor: Database upgraded to version: 230523
[16/06/23 14:00:52:434 UTC]  INFO reindex.ReindexThread: --- Unpausing reindex thread 
[16/06/23 14:00:52:435 UTC]  INFO startup.StartupTasksExecutor: Finishing upgrade tasks.
[16/06/23 14:00:52:435 UTC]  INFO startup.StartupTasksExecutor: Running Backported Tasks
[16/06/23 14:00:52:436 UTC]  INFO startup.StartupTasksExecutor: Finishing Backported tasks.
[16/06/23 14:00:52:458 UTC]  INFO util.Config: Setting property: CACHE_BINDPORT to 5701
[16/06/23 14:00:52:473 UTC]  INFO cluster.ClusterFactory: Cluster topography has changed. This might force a rewire
[16/06/23 14:00:52:473 UTC]  INFO cluster.ClusterFactory: Expecting Servers:[]
[16/06/23 14:00:52:485 UTC]  INFO cluster.ClusterFactory: Found Servers:[server={serverId=300cff35-19e8-4d09-934c-c914db553427, clusterId=820cb6fd7b, ipAddress=172.18.0.3, host=null, name=df17acdf7877, esTransportTcpPort=null, esNetworkPort=null, esHttpPort=9200, cachePort=5701, lastHeartBeat=1686924052470, key=null, licenseSerial=1cfc7c95-9fe0-4dcb-abe7-c31b9f0517fd, startupTime=0}]
[16/06/23 14:00:52:486 UTC]  INFO cluster.ClusterFactory: Cluster Active. Rewiring
[16/06/23 14:00:52:488 UTC]  INFO business.ChainableCacheAdministratorImpl: ***	 Cluster Update
[16/06/23 14:00:52:488 UTC]  INFO transport.PubSubCacheTransport: initing PubSubCacheTransport
[16/06/23 14:00:52:490 UTC]  INFO dotpubsub.PostgresPubSubImpl: Starting PostgresPubSub. Have servers:1
[16/06/23 14:00:52:490 UTC]  INFO dotpubsub.PostgresPubSubImpl: PGNotificationListener connecting to pub/sub...
[16/06/23 14:00:53:128 UTC]  INFO dotpubsub.PostgresPubSubImpl:  - LISTEN dotcache_topic
[16/06/23 14:00:53:141 UTC]  INFO transport.PubSubCacheTransport: Sending PING to cluster 
[16/06/23 14:00:53:147 UTC]  INFO license.LicenseManager: Updating server 300cff35-19e8-4d09-934c-c914db553427 start time to 1686924006127
[16/06/23 14:00:53:149 UTC]  INFO servlet.MainServlet: SuppressPropertiesBeanIntrospector enabled for legacy Struts applications
[16/06/23 14:00:53:154 UTC]  INFO transport.CacheTransportTopic: Got PING from server:300cff3519. sending PONG
[16/06/23 14:00:53:156 UTC]  INFO transport.CacheTransportTopic: Got PONG from server:{"t":"PONG","top":"dotcache_topic","o":"300cff3519"}.
[16/06/23 14:00:53:403 UTC]  INFO config.DotInitializationService: Initializing DotCMS services
[16/06/23 14:00:53:404 UTC]  INFO config.DotInitializationService: Initializing :com.dotcms.api.system.event.SystemEventProcessorFactoryInitializer
[16/06/23 14:00:53:406 UTC]  INFO config.DotInitializationService: Initializing Done:com.dotcms.api.system.event.SystemEventProcessorFactoryInitializer, duration:0 seconds
[16/06/23 14:00:53:406 UTC]  INFO config.DotInitializationService: Initializing :com.dotcms.api.system.event.PayloadVerifierFactoryInitializer
[16/06/23 14:00:53:413 UTC]  INFO config.DotInitializationService: Initializing Done:com.dotcms.api.system.event.PayloadVerifierFactoryInitializer, duration:0 seconds
[16/06/23 14:00:53:413 UTC]  INFO config.DotInitializationService: Initializing :com.dotcms.system.event.local.business.LocalSystemEventSubscribersInitializer
[16/06/23 14:00:53:510 UTC]  INFO config.DotInitializationService: Initializing Done:com.dotcms.system.event.local.business.LocalSystemEventSubscribersInitializer, duration:0 seconds
[16/06/23 14:00:53:510 UTC]  INFO config.DotInitializationService: Initializing :com.dotmarketing.portlets.personas.business.PersonaAPIImpl
[16/06/23 14:00:53:514 UTC]  INFO config.DotInitializationService: Initializing Done:com.dotmarketing.portlets.personas.business.PersonaAPIImpl, duration:0 seconds
[16/06/23 14:00:53:514 UTC]  INFO config.DotInitializationService: Initializing :com.dotcms.rendering.velocity.events.ExceptionHandlersInitializer
[16/06/23 14:00:53:517 UTC]  INFO config.DotInitializationService: Initializing Done:com.dotcms.rendering.velocity.events.ExceptionHandlersInitializer, duration:0 seconds
[16/06/23 14:00:53:517 UTC]  INFO config.DotInitializationService: Initializing :com.dotcms.publishing.PublisherAPIImpl
[16/06/23 14:00:53:518 UTC]  INFO publishing.PublisherAPIImpl: Push Publishing Filters directory does not exist. Creating it under: /data/shared/assets/server/publishing-filters
[16/06/23 14:00:53:521 UTC]  INFO publishing.PublisherAPIImpl: dotcms filters files copied
[16/06/23 14:00:53:521 UTC]  INFO publishing.PublisherAPIImpl: Push Publishing Filters Directory: Lazy(/data/shared/assets/server/publishing-filters)
[16/06/23 14:00:53:522 UTC]  INFO publishing.PublisherAPIImpl: Loading Push Publish Filter: Intelligent.yml
[16/06/23 14:00:53:611 UTC]  INFO publishing.PublisherAPIImpl: FilterDescriptor{key=Intelligent.yml, title=Everything and Dependencies, sort=3, default=true, roles=DOTCMS_BACK_END_USER, filters{{excludeQuery=, excludeClasses=[], dependencies=true, excludeDependencyQuery=, excludeDependencyClasses=[], forcePush=false, relationships=true}}}
[16/06/23 14:00:53:612 UTC]  INFO publishing.PublisherAPIImpl: Loading Push Publish Filter: ShallowPush.yml
[16/06/23 14:00:53:615 UTC]  INFO publishing.PublisherAPIImpl: FilterDescriptor{key=ShallowPush.yml, title=Only Selected Items, sort=5, default=false, roles=DOTCMS_BACK_END_USER, filters{{excludeQuery=, excludeClasses=[], dependencies=false, excludeDependencyQuery=, excludeDependencyClasses=[], forcePush=false, relationships=false}}}
[16/06/23 14:00:53:616 UTC]  INFO publishing.PublisherAPIImpl: Loading Push Publish Filter: WebContentOnly.yml
[16/06/23 14:00:53:619 UTC]  INFO publishing.PublisherAPIImpl: FilterDescriptor{key=WebContentOnly.yml, title=Content, Assets and Pages, sort=2, default=false, roles=DOTCMS_BACK_END_USER, filters{{excludeQuery=, excludeClasses=[Host, Workflow, ContentType, User, OSGI, Language], dependencies=true, excludeDependencyQuery=, excludeDependencyClasses=[Host, Workflow, ContentType, Language], forcePush=false, relationships=true}}}
[16/06/23 14:00:53:619 UTC]  INFO publishing.PublisherAPIImpl: Loading Push Publish Filter: ForcePush.yml
[16/06/23 14:00:53:622 UTC]  INFO publishing.PublisherAPIImpl: FilterDescriptor{key=ForcePush.yml, title=Force Push Everything, sort=4, default=false, roles=DOTCMS_BACK_END_USER, filters{{excludeQuery=, excludeClasses=[], dependencies=true, excludeDependencyQuery=, excludeDependencyClasses=[], forcePush=true, relationships=true}}}
[16/06/23 14:00:53:622 UTC]  INFO publishing.PublisherAPIImpl: Loading Push Publish Filter: ContentOnly.yml
[16/06/23 14:00:53:627 UTC]  INFO publishing.PublisherAPIImpl: FilterDescriptor{key=ContentOnly.yml, title=Content and Relationships, sort=1, default=false, roles=DOTCMS_BACK_END_USER, filters{{excludeQuery=, excludeClasses=[ContentType, Template, Containers, Folder, Host, Links, Workflow, Language, Rule, User, OSGI], dependencies=true, excludeDependencyQuery=, excludeDependencyClasses=[ContentType, Template, Containers, Folder, Host, Links, Workflow, Language, Rule], forcePush=false, relationships=true}}}
[16/06/23 14:00:53:628 UTC]  INFO config.DotInitializationService: Initializing Done:com.dotcms.publishing.PublisherAPIImpl, duration:0 seconds
[16/06/23 14:00:53:628 UTC]  INFO config.DotInitializationService: Initializing :com.dotmarketing.portlets.containers.business.ContainerAPIImpl
[16/06/23 14:00:53:632 UTC]  INFO config.DotInitializationService: Initializing Done:com.dotmarketing.portlets.containers.business.ContainerAPIImpl, duration:0 seconds
[16/06/23 14:00:53:632 UTC]  INFO config.DotInitializationService: Initializing :com.dotmarketing.business.ThemeAPIImpl
[16/06/23 14:00:53:633 UTC]  INFO config.DotInitializationService: Initializing Done:com.dotmarketing.business.ThemeAPIImpl, duration:0 seconds
[16/06/23 14:00:53:633 UTC]  INFO config.DotInitializationService: Initializing :com.dotmarketing.portlets.templates.business.TemplateAPIImpl
[16/06/23 14:00:53:636 UTC]  INFO config.DotInitializationService: Initializing Done:com.dotmarketing.portlets.templates.business.TemplateAPIImpl, duration:0 seconds
[16/06/23 14:00:53:636 UTC]  INFO config.DotInitializationService: Initializing :com.dotcms.contenttype.business.ContentTypeInitializer
[16/06/23 14:00:53:663 UTC]  INFO util.ActivityLogger: class com.dotcms.contenttype.business.ContentTypeAPIImpl: system : Save ContentType Action , User system/system user system user added ContentType Dot Favorite Page to host id:SYSTEM_HOST
[16/06/23 14:00:53:663 UTC]  INFO business.ContentTypeAPIImpl: UserId : system : ContentType : ContentType saved : Dot Favorite Page
[16/06/23 14:00:53:663 UTC]  INFO util.AdminLogger: UserId : system : class com.dotcms.contenttype.business.ContentTypeAPIImpl : ContentType : ContentType saved : Dot Favorite Page
[16/06/23 14:00:53:663 UTC]  INFO reindex.ReindexThread: --- Unpausing reindex thread 
[16/06/23 14:00:58:793 UTC]  INFO concurrent.Debouncer: Debouncing : invalidateGraphSchema after 5000 MILLISECONDS
[16/06/23 14:00:59:794 UTC]  INFO business.WorkflowAPIImpl: Saving Schemas [ d61a59e1-a49c-46f2-a929-db2b4bfa88b2 ] for Content type 'ce930143870e11569f93f8a9fff5da19'
[16/06/23 14:00:59:795 UTC]  INFO util.SecurityLogger: class com.dotmarketing.portlets.workflows.business.WorkflowAPIImpl : Saving Schemas [ d61a59e1-a49c-46f2-a929-db2b4bfa88b2 ] for Content type 'ce930143870e11569f93f8a9fff5da19' -- ip:ukn,user:null
[16/06/23 14:01:02:817 UTC]  INFO config.DotInitializationService: Initializing Done:com.dotcms.contenttype.business.ContentTypeInitializer, duration:9 seconds
[16/06/23 14:01:02:817 UTC]  INFO config.DotInitializationService: Initializing :com.dotcms.variant.business.DefaultVariantInitializer
[16/06/23 14:01:05:828 UTC]  INFO config.DotInitializationService: Initializing Done:com.dotcms.variant.business.DefaultVariantInitializer, duration:3 seconds
[16/06/23 14:01:05:828 UTC]  INFO startup.StartupTasksExecutor: ---
[16/06/23 14:01:05:828 UTC]  INFO startup.StartupTasksExecutor: 
[16/06/23 14:01:05:828 UTC]  INFO startup.StartupTasksExecutor: Running Data Upgrade Tasks
[16/06/23 14:01:05:829 UTC]  INFO startup.StartupTasksExecutor: Database data version: 0
[16/06/23 14:01:05:831 UTC]  INFO startup.StartupTasksExecutor: Data upgraded to version: 230320
[16/06/23 14:01:05:831 UTC]  INFO startup.StartupTasksExecutor: Finishing data upgrade tasks.
[16/06/23 14:01:05:847 UTC]  INFO servlets.StartupLogger: InitServlet: Setting Default Timezone: Coordinated Universal Time
[16/06/23 14:01:05:847 UTC]  INFO servlets.StartupLogger: 
[16/06/23 14:01:05:847 UTC]  INFO servlets.StartupLogger:    Initializing dotCMS
[16/06/23 14:01:05:847 UTC]  INFO servlets.StartupLogger:    Using database: PostgreSQL
[16/06/23 14:01:05:847 UTC]  INFO servlets.StartupLogger:    Using dialect : com.dotcms.repackage.net.sf.hibernate.dialect.PostgreSQLDialect
[16/06/23 14:01:05:847 UTC]  INFO servlets.StartupLogger:    Company Name  : dotcms.org
[16/06/23 14:01:05:847 UTC]  INFO servlets.StartupLogger: 
[16/06/23 14:01:05:847 UTC]  INFO servlets.StartupLogger:    License       : PLATFORM EDITION
[16/06/23 14:01:05:847 UTC]  INFO servlets.StartupLogger:    Licensed to   : dotCMS Internal
[16/06/23 14:01:05:847 UTC]  INFO servlets.StartupLogger:    Server id     : 300cff35
[16/06/23 14:01:05:847 UTC]  INFO servlets.StartupLogger:    License id    : 1cfc7c95
[16/06/23 14:01:05:847 UTC]  INFO servlets.StartupLogger:    Expires       : Thu, 20 Aug 2099 04:00 AM
[16/06/23 14:01:05:847 UTC]  INFO servlets.StartupLogger: 
[16/06/23 14:01:05:847 UTC]  INFO servlets.InitServlet: 
[16/06/23 14:01:05:847 UTC]  INFO servlets.InitServlet: 
[16/06/23 14:01:05:888 UTC]  INFO business.VanityUrlAPIImpl: Populating 0 Vanity URLs for Site default
[16/06/23 14:01:05:890 UTC]  INFO business.VanityUrlAPIImpl: Populating 0 Vanity URLs for Site System Host
[16/06/23 14:01:05:891 UTC]  INFO business.VanityUrlAPIImpl: Populating 0 Vanity URLs for Site System Host
[16/06/23 14:01:05:946 UTC]  INFO impl.StdSchedulerFactory: Using default implementation for ThreadExecutor
[16/06/23 14:01:05:949 UTC]  INFO simpl.SimpleThreadPool: Job execution threads will use class loader of thread: main
[16/06/23 14:01:05:966 UTC]  INFO core.SchedulerSignalerImpl: Initialized Scheduler Signaller of type: class org.quartz.core.SchedulerSignalerImpl
[16/06/23 14:01:05:971 UTC]  INFO core.QuartzScheduler: Quartz Scheduler v.1.8.6 created.
[16/06/23 14:01:05:976 UTC]  INFO quartz.DotJobStore: Using db table-based data access locking (synchronization).
[16/06/23 14:01:05:979 UTC]  INFO quartz.DotJobStore: JobStoreCMT initialized.
[16/06/23 14:01:05:981 UTC]  INFO core.QuartzScheduler: Scheduler meta-data: Quartz Scheduler (v1.8.6) 'dotCMSQuartz' with instanceId 'NON_CLUSTERED'
  Scheduler class: 'org.quartz.core.QuartzScheduler' - running locally.
  NOT STARTED.
  Currently in standby mode.
  Number of jobs executed: 0
  Using thread pool 'org.quartz.simpl.SimpleThreadPool' - with 10 threads.
  Using job-store 'com.dotmarketing.quartz.DotJobStore' - which supports persistence. and is clustered.

[16/06/23 14:01:05:982 UTC]  INFO impl.StdSchedulerFactory: Quartz scheduler 'dotCMSQuartz' initialized from an externally provided properties instance.
[16/06/23 14:01:05:983 UTC]  INFO impl.StdSchedulerFactory: Quartz scheduler version: 1.8.6
[16/06/23 14:01:05:984 UTC]  INFO init.DotInitScheduler: Automatic Content Reindexation Cron Thread schedule disabled on this server
[16/06/23 14:01:05:985 UTC]  INFO init.DotInitScheduler: Deleting ContentReindexerJob Job
[16/06/23 14:01:05:991 UTC]  INFO init.DotInitScheduler: Users To Delete Cron Thread schedule disabled on this server
[16/06/23 14:01:05:992 UTC]  INFO init.DotInitScheduler: Deleting UsersToDeleteJob Job
[16/06/23 14:01:06:059 UTC]  INFO init.DotInitScheduler: LinkCheckerJob Cron Job schedule disabled on this server
[16/06/23 14:01:06:146 UTC]  INFO job.AccessTokenRenewJob$AccessTokensRenewJobScheduler: Stateful AnalyticsAccessTokenRenewJob (trigger31:group31) job was schedule to run at Fri Jun 16 14:02:00 UTC 2023
[16/06/23 14:01:06:175 UTC]  INFO core.QuartzScheduler: Scheduler dotCMSQuartz_$_NON_CLUSTERED started.
[16/06/23 14:01:06:262 UTC]  INFO runtime.ConcurrentParserPoolImpl: Initializing Velocity Parser Pool - min: 20 max:100 @ main
[16/06/23 14:01:06:362 UTC]  INFO servlets.InitServlet: Starting System OSGi Framework
[16/06/23 14:01:06:363 UTC]  INFO reindex.ReindexThread: --- Unpausing reindex thread 
[16/06/23 14:01:06:370 UTC]  INFO servlets.BinaryExporterServlet: Exporter "Content Image Fields Resizer" registered for path /resize-image
[16/06/23 14:01:06:372 UTC]  INFO servlets.BinaryExporterServlet: Exporter "Export Field Content" registered for path /raw-data
[16/06/23 14:01:06:373 UTC]  INFO servlets.InitServlet: Starting Client OSGi Framework
[16/06/23 14:01:06:376 UTC]  INFO servlets.BinaryExporterServlet: Exporter "Image Filter Exporter" registered for path /image
[16/06/23 14:01:06:379 UTC]  INFO servlets.BinaryExporterServlet: Exporter "Image Thumbnail Field Exporter" registered for path /image-thumbnail
[16/06/23 14:01:06:386 UTC]  INFO dotpubsub.PostgresPubSubImpl: Starting PostgresPubSub. Have servers:1
[16/06/23 14:01:06:387 UTC]  INFO dotpubsub.PostgresPubSubImpl: PGNotificationListener already connected. Returning
[16/06/23 14:01:06:391 UTC]  INFO dotpubsub.PostgresPubSubImpl:  - LISTEN dotcache_topic
[16/06/23 14:01:06:393 UTC]  INFO dotpubsub.PostgresPubSubImpl:  - LISTEN osgi_restart_topic
[16/06/23 14:01:06:399 UTC]  INFO framework.OSGIUtil: Felix base dir: /srv/dotserver/tomcat-9.0.60/webapps/ROOT/WEB-INF/felix
[16/06/23 14:01:06:400 UTC]  INFO framework.OSGIUtil: Found property  felix.auto.deploy.action=install,start
[16/06/23 14:01:06:400 UTC]  INFO framework.OSGIUtil: Found property  felix.fileinstall.log.level=3
[16/06/23 14:01:06:400 UTC]  INFO framework.OSGIUtil: Found property  felix.org.osgi.framework.startlevel.beginning=2
[16/06/23 14:01:06:400 UTC]  INFO framework.OSGIUtil: Found property  felix.org.osgi.framework.storage.clean=onFirstInit
[16/06/23 14:01:06:400 UTC]  INFO framework.OSGIUtil: Found property  felix.log.level=3
[16/06/23 14:01:06:400 UTC]  INFO framework.OSGIUtil: Found property  felix.cache.locking=false
[16/06/23 14:01:06:400 UTC]  INFO framework.OSGIUtil: Found property  felix.fileinstall.dir=/data/shared/felix/load
[16/06/23 14:01:06:400 UTC]  INFO framework.OSGIUtil: Found property  felix.upload.dir=/data/shared/felix/upload
[16/06/23 14:01:06:400 UTC]  INFO framework.OSGIUtil: Found property  felix.undeployed.dir=/data/shared/felix/undeployed
[16/06/23 14:01:06:401 UTC]  INFO framework.OSGIUtil: Building Directory:/srv/dotserver/tomcat-9.0.60/webapps/ROOT/WEB-INF/felix
[16/06/23 14:01:06:401 UTC]  INFO framework.OSGIUtil: Building Directory:/data/shared/felix/upload
[16/06/23 14:01:06:401 UTC]  INFO framework.OSGIUtil: Building Directory:/data/shared/felix/load
[16/06/23 14:01:06:401 UTC]  INFO framework.OSGIUtil: Building Directory:/data/shared/felix/undeployed
[16/06/23 14:01:06:401 UTC]  INFO framework.OSGIUtil: Building Directory:/srv/dotserver/tomcat-9.0.60/webapps/ROOT/WEB-INF/felix/bundle
[16/06/23 14:01:06:401 UTC]  INFO framework.OSGIUtil: Building Directory:/srv/dotserver/tomcat-9.0.60/webapps/ROOT/WEB-INF/felix/felix-cache
[16/06/23 14:01:06:413 UTC]  INFO framework.OSGIUtil: Starting the osgi reload on folder: /data/shared/felix/upload
[16/06/23 14:01:06:425 UTC]  INFO framework.OSGIUtil: Loading Factory org.apache.felix.framework.FrameworkFactory
[16/06/23 14:01:06:745 UTC]  INFO framework.OSGIUtil: osgi felix framework started
[16/06/23 14:01:06:774 UTC]  INFO apps.SecretsKeyStoreHelper: KeyStore loaded successfully after `1` tries.
[16/06/23 14:01:06:816 UTC]  INFO apps.SecretsKeyStoreHelper: KeyStore loaded successfully after `1` tries.
[16/06/23 14:01:06:843 UTC]  WARN struts.MultiMessageResources: Duplicate resource property definition (key=was ==> is now): contenttypes.content.copy=Copy ==> Copy
[16/06/23 14:01:06:846 UTC]  WARN struts.MultiMessageResources: Duplicate resource property definition (key=was ==> is now): message.category.import=Importing Categories.  This operation cannot be cancelled or undone. ==> IMPORT
[16/06/23 14:01:06:847 UTC]  WARN struts.MultiMessageResources: Duplicate resource property definition (key=was ==> is now): message.containers.create.content_type_code=Content Type Code ==> Content Type Code
[16/06/23 14:01:06:851 UTC]  WARN struts.MultiMessageResources: Duplicate resource property definition (key=was ==> is now): Save=Save ==> Save
[16/06/23 14:01:06:854 UTC]  WARN struts.MultiMessageResources: Duplicate resource property definition (key=was ==> is now): Move=Move ==> Move
[16/06/23 14:01:06:856 UTC]  WARN struts.MultiMessageResources: Duplicate resource property definition (key=was ==> is now): archived=archived ==> Archived
[16/06/23 14:01:06:899 UTC]  INFO saml.DotSamlProxyFactory: SAML Osgi Bundle has been started
[16/06/23 14:01:06:905 UTC]  WARN impl.SamlConfigurationServiceImpl: The /data/shared/assets/saml/dotcms-saml-default.properties does not exists or can not read
[16/06/23 14:01:07:040 UTC]  INFO apps.SecretsKeyStoreHelper: KeyStore loaded successfully after `1` tries.
[16/06/23 14:01:07:120 UTC]  INFO util.GeoIp2CityDbUtil: Connecting to GeoIP2 database:/srv/dotserver/tomcat-9.0.60/webapps/ROOT/WEB-INF/geoip2/GeoLite2-City.mmdb
[16/06/23 14:01:07:171 UTC]  WARN rules.RulesAPIImpl: Actionlet with name 'CountRulesActionlet' already registered.
[16/06/23 14:01:07:172 UTC]  WARN rules.RulesAPIImpl: Actionlet with name 'SetSessionAttributeActionlet' already registered.
[16/06/23 14:01:07:173 UTC]  WARN rules.RulesAPIImpl: Actionlet with name 'SetRequestAttributeActionlet' already registered.
[16/06/23 14:01:07:174 UTC]  WARN rules.RulesAPIImpl: Actionlet with name 'SetResponseHeaderActionlet' already registered.
[16/06/23 14:01:07:174 UTC]  WARN rules.RulesAPIImpl: Actionlet with name 'PersonaActionlet' already registered.
[16/06/23 14:01:07:175 UTC]  WARN rules.RulesAPIImpl: Actionlet with name 'VisitorTagsActionlet' already registered.
[16/06/23 14:01:07:176 UTC]  WARN rules.RulesAPIImpl: Actionlet with name 'SendRedirectActionlet' already registered.
[16/06/23 14:01:07:176 UTC]  WARN rules.RulesAPIImpl: Actionlet with name 'StopProcessingActionlet' already registered.
[16/06/23 14:01:07:391 UTC]  WARN rest.WebResource: InitDataObject Error: uri:/api/v1/publishqueue err:Invalid User
[16/06/23 14:01:07:399 UTC]  WARN rest.WebResource: Invalid User
[16/06/23 14:01:07:400 UTC]  WARN rest.WebResource: com.dotcms.rest.WebResource.authenticate(WebResource.java:522)
[16/06/23 14:01:11:316 UTC]  INFO util.SecurityLogger: class com.dotmarketing.cms.login.factories.LoginFactory : User (dotcms.org.1) password was re-hashed 600000 times -- ip:172.18.0.1,user:null
[16/06/23 14:01:14:630 UTC]  INFO util.SecurityLogger: class com.dotcms.cms.login.LoginServiceAPIFactory$LoginServiceImpl : User dotcms.org.1 has successfully login from IP: 172.18.0.1 -- ip:172.18.0.1,user:Admin User [ID: dotcms.org.1][email:admin@dotcms.com]
[16/06/23 14:01:19:767 UTC]  INFO util.SecurityLogger: class com.dotcms.cms.login.LoginServiceAPIFactory$LoginServiceImpl : User dotcms.org.1 has successfully login from IP: 172.18.0.1 -- ip:172.18.0.1,user:Admin User [ID: dotcms.org.1][email:admin@dotcms.com]
[16/06/23 14:01:19:769 UTC]  INFO util.Config: Setting property: USE_JWT_TOKEN_IN_PUSH_PUBLISH to false
[16/06/23 14:01:22:880 UTC]  INFO util.SecurityLogger: class com.dotmarketing.cms.login.factories.LoginFactory : User admin@dotcms.com has sucessfully logged in from IP: 172.18.0.1 -- ip:172.18.0.1,user:Admin User [ID: dotcms.org.1][email:admin@dotcms.com]
[16/06/23 14:01:22:903 UTC]  WARN business.PermissionCacheImpl:  !!! Putting an empty list of permissions in the cache for asset:443554d1-951a-454c-bb52-2a603e53767d. Every asset should have at least 1 permission (or inherited permission) associated with it
[16/06/23 14:01:29:016 UTC]  INFO util.SecurityLogger: class com.dotmarketing.cms.login.factories.LoginFactory : User admin@dotcms.com has sucessfully logged in from IP: 172.18.0.1 -- ip:172.18.0.1,user:Admin User [ID: dotcms.org.1][email:admin@dotcms.com]
[16/06/23 14:01:32:071 UTC]  INFO ajax.PublishingEndpointAjaxAction: receiver ; 85783b0d-fcaf-410e-9e75-19628ae43a15
[16/06/23 14:01:35:177 UTC]  INFO util.SecurityLogger: class com.dotmarketing.cms.login.factories.LoginFactory : User admin@dotcms.com has sucessfully logged in from IP: 172.18.0.1 -- ip:172.18.0.1,user:Admin User [ID: dotcms.org.1][email:admin@dotcms.com]
[16/06/23 14:01:38:190 UTC]  INFO ajax.PublishingEndpointAjaxAction: receiver ; ac5af87a-b85d-4e15-a722-1f3dd0945afb
[16/06/23 14:01:39:655 UTC]  INFO reindex.ReindexThread: --- ReindexThread Paused (every 3600000 millis)
[16/06/23 14:01:41:324 UTC]  INFO util.SecurityLogger: class com.dotmarketing.cms.login.factories.LoginFactory : User admin@dotcms.com has sucessfully logged in from IP: 172.18.0.1 -- ip:172.18.0.1,user:Admin User [ID: dotcms.org.1][email:admin@dotcms.com]
[16/06/23 14:01:41:371 UTC]  INFO util.PushPublishLogger: class com.dotcms.publisher.business.PublishAuditStatus : Status Update: Pending.
[16/06/23 14:01:41:532 UTC]  INFO rest.PushPublisherJob: Started bundle publish process
[16/06/23 14:01:41:532 UTC]  INFO util.PushPublishLogger: class com.dotcms.rest.PushPublisherJob : [BundleID: content_type_and_content_demo.tar.gz] Started bundle publish process
[16/06/23 14:01:41:846 UTC]  INFO timedcache.TimedCacheProvider: ***	 Building Cache : esquerycache, size:10000, seconds:3600,Concurrency:32 (every 60000 millis)
[16/06/23 14:01:41:966 UTC]  INFO util.ActivityLogger: class com.dotcms.content.elasticsearch.business.ESContentletAPIImpl: System Host : Saving Content , StartDate: N/D; EndDate: N/D; User:system; ContentIdentifier: 48190c8c-42c4-46af-8d1a-0cd5db894797
[16/06/23 14:01:41:976 UTC]  INFO business.IdentifierAPIImpl: Creating new identifier for versionable asset of type `content` and title `demo.dotcms.com` 
[16/06/23 14:01:42:081 UTC]  INFO business.ContentletIndexAPIImpl: Indexing: 48190c8c-42c4-46af-8d1a-0cd5db894797 : demo.dotcms.com, includeDependencies: true, policy: FORCE
[16/06/23 14:01:42:151 UTC]  INFO util.ActivityLogger: class com.dotcms.content.elasticsearch.business.ESContentletAPIImpl: System Host : Content Saved , StartDate: N/D; EndDate: N/D; User:system; ContentIdentifier: 48190c8c-42c4-46af-8d1a-0cd5db894797
[16/06/23 14:01:42:192 UTC]  INFO business.ContentletIndexAPIImpl: Indexing: 48190c8c-42c4-46af-8d1a-0cd5db894797 : demo.dotcms.com, includeDependencies: false, policy: FORCE
[16/06/23 14:01:42:194 UTC]  INFO util.PushPublishLogger: class com.dotcms.enterprise.publishing.remote.handler.ContentHandler : [BundleID: content_type_and_content_demo.tar.gz] Host publish success, ID: 48190c8c-42c4-46af-8d1a-0cd5db894797, Inode: 6e8aca39-937c-437e-91d8-d46b631bdcc8, Name: demo.dotcms.com
[16/06/23 14:01:42:267 UTC]  INFO util.ActivityLogger: class com.dotcms.content.elasticsearch.business.ESContentletAPIImpl: System Host : Locking Content , StartDate: N/D; EndDate: N/D; User:system; ContentIdentifier: 8a7d5e23-da1e-420a-b4f0-471e7da8ea2d
[16/06/23 14:01:42:280 UTC]  INFO business.ContentletIndexAPIImpl: Indexing: 8a7d5e23-da1e-420a-b4f0-471e7da8ea2d : default, includeDependencies: false, policy: FORCE
[16/06/23 14:01:42:281 UTC]  INFO util.ActivityLogger: class com.dotcms.content.elasticsearch.business.ESContentletAPIImpl: System Host : Content Locked , StartDate: N/D; EndDate: N/D; User:system; ContentIdentifier: 8a7d5e23-da1e-420a-b4f0-471e7da8ea2d
[16/06/23 14:01:42:290 UTC]  INFO util.ActivityLogger: class com.dotcms.content.elasticsearch.business.ESContentletAPIImpl: System Host : Saving Content , StartDate: N/D; EndDate: N/D; User:system; ContentIdentifier: 8a7d5e23-da1e-420a-b4f0-471e7da8ea2d
[16/06/23 14:01:42:400 UTC]  INFO business.ContentletIndexAPIImpl: Indexing: 8a7d5e23-da1e-420a-b4f0-471e7da8ea2d : default, includeDependencies: true, policy: FORCE
[16/06/23 14:01:42:434 UTC]  INFO util.ActivityLogger: class com.dotcms.content.elasticsearch.business.ESContentletAPIImpl: System Host : Content Saved , StartDate: N/D; EndDate: N/D; User:system; ContentIdentifier: 8a7d5e23-da1e-420a-b4f0-471e7da8ea2d
[16/06/23 14:01:42:438 UTC]  INFO util.ActivityLogger: class com.dotcms.content.elasticsearch.business.ESContentletAPIImpl: System Host : Publishing Content , StartDate: N/D; EndDate: N/D; User:system; ContentIdentifier: 8a7d5e23-da1e-420a-b4f0-471e7da8ea2d
[16/06/23 14:01:42:443 UTC]  INFO business.ContentletIndexAPIImpl: Indexing: 8a7d5e23-da1e-420a-b4f0-471e7da8ea2d : default, includeDependencies: true, policy: FORCE
[16/06/23 14:01:42:481 UTC]  INFO util.ActivityLogger: class com.dotcms.content.elasticsearch.business.ESContentletAPIImpl: System Host : Content Published , StartDate: N/D; EndDate: N/D; User:system; ContentIdentifier: 8a7d5e23-da1e-420a-b4f0-471e7da8ea2d
[16/06/23 14:01:42:488 UTC]  INFO util.ActivityLogger: class com.dotcms.content.elasticsearch.business.ESContentletAPIImpl: System Host : Publishing Content , StartDate: N/D; EndDate: N/D; User:system; ContentIdentifier: 48190c8c-42c4-46af-8d1a-0cd5db894797
[16/06/23 14:01:42:491 UTC]  INFO business.ContentletIndexAPIImpl: Indexing: 48190c8c-42c4-46af-8d1a-0cd5db894797 : demo.dotcms.com, includeDependencies: true, policy: FORCE
[16/06/23 14:01:42:515 UTC]  INFO util.ActivityLogger: class com.dotcms.content.elasticsearch.business.ESContentletAPIImpl: System Host : Content Published , StartDate: N/D; EndDate: N/D; User:system; ContentIdentifier: 48190c8c-42c4-46af-8d1a-0cd5db894797
[16/06/23 14:01:42:520 UTC]  INFO business.ContentletIndexAPIImpl: Indexing: 48190c8c-42c4-46af-8d1a-0cd5db894797 : demo.dotcms.com, includeDependencies: true, policy: FORCE
[16/06/23 14:01:42:600 UTC]  INFO util.SecurityLogger: class com.dotmarketing.portlets.workflows.business.WorkflowAPIImpl : Workflow Scheme 'System Workflow' [d61a59e1-a49c-46f2-a929-db2b4bfa88b2] has been saved by User ID 'system' -- ip:172.18.0.1,user:Admin User [ID: dotcms.org.1][email:admin@dotcms.com]
[16/06/23 14:01:42:613 UTC]  INFO util.SecurityLogger: class com.dotmarketing.portlets.workflows.business.WorkflowAPIImpl : Workflow Step 'New' [6cb7e3bd-1710-4eed-8838-d3db60f78f19] has been saved by User ID 'system' -- ip:172.18.0.1,user:Admin User [ID: dotcms.org.1][email:admin@dotcms.com]
[16/06/23 14:01:42:619 UTC]  INFO util.SecurityLogger: class com.dotmarketing.portlets.workflows.business.WorkflowAPIImpl : Workflow Step 'Draft' [ee24a4cb-2d15-4c98-b1bd-6327126451f3] has been saved by User ID 'system' -- ip:172.18.0.1,user:Admin User [ID: dotcms.org.1][email:admin@dotcms.com]
[16/06/23 14:01:42:629 UTC]  INFO util.SecurityLogger: class com.dotmarketing.portlets.workflows.business.WorkflowAPIImpl : Workflow Step 'Published' [dc3c9cd0-8467-404b-bf95-cb7df3fbc293] has been saved by User ID 'system' -- ip:172.18.0.1,user:Admin User [ID: dotcms.org.1][email:admin@dotcms.com]
[16/06/23 14:01:42:633 UTC]  INFO util.SecurityLogger: class com.dotmarketing.portlets.workflows.business.WorkflowAPIImpl : Workflow Step 'Archived' [d6b095b6-b65f-4bdb-bbfd-701d663dfee2] has been saved by User ID 'system' -- ip:172.18.0.1,user:Admin User [ID: dotcms.org.1][email:admin@dotcms.com]
[16/06/23 14:01:42:649 UTC]  INFO util.SecurityLogger: class com.dotmarketing.portlets.workflows.business.WorkflowAPIImpl : Action id: '4da13a42-5d59-480c-ad8f-94a3adf809fe' has been reordered by user: system -- ip:172.18.0.1,user:Admin User [ID: dotcms.org.1][email:admin@dotcms.com]
[16/06/23 14:01:42:652 UTC]  WARN business.PermissionCacheImpl:  !!! Putting an empty list of permissions in the cache for asset:4da13a42-5d59-480c-ad8f-94a3adf809fe. Every asset should have at least 1 permission (or inherited permission) associated with it
[16/06/23 14:01:42:659 UTC]  INFO util.SecurityLogger: class com.dotmarketing.portlets.workflows.business.WorkflowAPIImpl : Action id: '963f6a04-5320-42e7-ab74-6d876d199946' has been reordered by user: system -- ip:172.18.0.1,user:Admin User [ID: dotcms.org.1][email:admin@dotcms.com]
[16/06/23 14:01:42:662 UTC]  WARN business.PermissionCacheImpl:  !!! Putting an empty list of permissions in the cache for asset:963f6a04-5320-42e7-ab74-6d876d199946. Every asset should have at least 1 permission (or inherited permission) associated with it
[16/06/23 14:01:42:675 UTC]  INFO util.SecurityLogger: class com.dotmarketing.portlets.workflows.business.WorkflowAPIImpl : Action id: '777f1c6b-c877-4a37-ba4b-10627316c2cc' has been reordered by user: system -- ip:172.18.0.1,user:Admin User [ID: dotcms.org.1][email:admin@dotcms.com]
[16/06/23 14:01:42:678 UTC]  WARN business.PermissionCacheImpl:  !!! Putting an empty list of permissions in the cache for asset:777f1c6b-c877-4a37-ba4b-10627316c2cc. Every asset should have at least 1 permission (or inherited permission) associated with it
[16/06/23 14:01:42:689 UTC]  INFO util.SecurityLogger: class com.dotmarketing.portlets.workflows.business.WorkflowAPIImpl : Action id: '1e0f1c6b-b67f-4c99-983d-db2b4bfa88b2' has been reordered by user: system -- ip:172.18.0.1,user:Admin User [ID: dotcms.org.1][email:admin@dotcms.com]
[16/06/23 14:01:42:692 UTC]  WARN business.PermissionCacheImpl:  !!! Putting an empty list of permissions in the cache for asset:1e0f1c6b-b67f-4c99-983d-db2b4bfa88b2. Every asset should have at least 1 permission (or inherited permission) associated with it
[16/06/23 14:01:42:709 UTC]  INFO util.SecurityLogger: class com.dotmarketing.portlets.workflows.business.WorkflowAPIImpl : Action id: 'b9d89c80-3d88-4311-8365-187323c96436' has been reordered by user: system -- ip:172.18.0.1,user:Admin User [ID: dotcms.org.1][email:admin@dotcms.com]
[16/06/23 14:01:42:714 UTC]  WARN business.PermissionCacheImpl:  !!! Putting an empty list of permissions in the cache for asset:b9d89c80-3d88-4311-8365-187323c96436. Every asset should have at least 1 permission (or inherited permission) associated with it
[16/06/23 14:01:42:724 UTC]  INFO util.SecurityLogger: class com.dotmarketing.portlets.workflows.business.WorkflowAPIImpl : Action id: 'ceca71a0-deee-4999-bd47-b01baa1bcfc8' has been reordered by user: system -- ip:172.18.0.1,user:Admin User [ID: dotcms.org.1][email:admin@dotcms.com]
[16/06/23 14:01:42:727 UTC]  WARN business.PermissionCacheImpl:  !!! Putting an empty list of permissions in the cache for asset:ceca71a0-deee-4999-bd47-b01baa1bcfc8. Every asset should have at least 1 permission (or inherited permission) associated with it
[16/06/23 14:01:42:735 UTC]  INFO util.SecurityLogger: class com.dotmarketing.portlets.workflows.business.WorkflowAPIImpl : Action id: 'c92f9aa1-9503-4567-ac30-d3242b54d02d' has been reordered by user: system -- ip:172.18.0.1,user:Admin User [ID: dotcms.org.1][email:admin@dotcms.com]
[16/06/23 14:01:42:738 UTC]  WARN business.PermissionCacheImpl:  !!! Putting an empty list of permissions in the cache for asset:c92f9aa1-9503-4567-ac30-d3242b54d02d. Every asset should have at least 1 permission (or inherited permission) associated with it
[16/06/23 14:01:42:746 UTC]  INFO util.SecurityLogger: class com.dotmarketing.portlets.workflows.business.WorkflowAPIImpl : Action id: '38efc763-d78f-4e4b-b092-59cd8c579b93' has been reordered by user: system -- ip:172.18.0.1,user:Admin User [ID: dotcms.org.1][email:admin@dotcms.com]
[16/06/23 14:01:42:749 UTC]  WARN business.PermissionCacheImpl:  !!! Putting an empty list of permissions in the cache for asset:38efc763-d78f-4e4b-b092-59cd8c579b93. Every asset should have at least 1 permission (or inherited permission) associated with it
[16/06/23 14:01:42:758 UTC]  INFO util.SecurityLogger: class com.dotmarketing.portlets.workflows.business.WorkflowAPIImpl : The action id: 'ceca71a0-deee-4999-bd47-b01baa1bcfc8' has been saved by the user: system -- ip:172.18.0.1,user:Admin User [ID: dotcms.org.1][email:admin@dotcms.com]
[16/06/23 14:01:42:763 UTC]  INFO util.SecurityLogger: class com.dotmarketing.portlets.workflows.business.WorkflowAPIImpl : The action id: 'b9d89c80-3d88-4311-8365-187323c96436' has been saved by the user: system -- ip:172.18.0.1,user:Admin User [ID: dotcms.org.1][email:admin@dotcms.com]
[16/06/23 14:01:42:769 UTC]  INFO util.SecurityLogger: class com.dotmarketing.portlets.workflows.business.WorkflowAPIImpl : The action id: '777f1c6b-c877-4a37-ba4b-10627316c2cc' has been saved by the user: system -- ip:172.18.0.1,user:Admin User [ID: dotcms.org.1][email:admin@dotcms.com]
[16/06/23 14:01:42:775 UTC]  INFO util.SecurityLogger: class com.dotmarketing.portlets.workflows.business.WorkflowAPIImpl : The action id: 'ceca71a0-deee-4999-bd47-b01baa1bcfc8' has been saved by the user: system -- ip:172.18.0.1,user:Admin User [ID: dotcms.org.1][email:admin@dotcms.com]
[16/06/23 14:01:42:780 UTC]  INFO util.SecurityLogger: class com.dotmarketing.portlets.workflows.business.WorkflowAPIImpl : The action id: '38efc763-d78f-4e4b-b092-59cd8c579b93' has been saved by the user: system -- ip:172.18.0.1,user:Admin User [ID: dotcms.org.1][email:admin@dotcms.com]
[16/06/23 14:01:42:786 UTC]  INFO util.SecurityLogger: class com.dotmarketing.portlets.workflows.business.WorkflowAPIImpl : The action id: '963f6a04-5320-42e7-ab74-6d876d199946' has been saved by the user: system -- ip:172.18.0.1,user:Admin User [ID: dotcms.org.1][email:admin@dotcms.com]
[16/06/23 14:01:42:791 UTC]  INFO util.SecurityLogger: class com.dotmarketing.portlets.workflows.business.WorkflowAPIImpl : The action id: 'b9d89c80-3d88-4311-8365-187323c96436' has been saved by the user: system -- ip:172.18.0.1,user:Admin User [ID: dotcms.org.1][email:admin@dotcms.com]
[16/06/23 14:01:42:796 UTC]  INFO util.SecurityLogger: class com.dotmarketing.portlets.workflows.business.WorkflowAPIImpl : The action id: '4da13a42-5d59-480c-ad8f-94a3adf809fe' has been saved by the user: system -- ip:172.18.0.1,user:Admin User [ID: dotcms.org.1][email:admin@dotcms.com]
[16/06/23 14:01:42:802 UTC]  INFO util.SecurityLogger: class com.dotmarketing.portlets.workflows.business.WorkflowAPIImpl : The action id: '963f6a04-5320-42e7-ab74-6d876d199946' has been saved by the user: system -- ip:172.18.0.1,user:Admin User [ID: dotcms.org.1][email:admin@dotcms.com]
[16/06/23 14:01:42:808 UTC]  INFO util.SecurityLogger: class com.dotmarketing.portlets.workflows.business.WorkflowAPIImpl : The action id: 'ceca71a0-deee-4999-bd47-b01baa1bcfc8' has been saved by the user: system -- ip:172.18.0.1,user:Admin User [ID: dotcms.org.1][email:admin@dotcms.com]
[16/06/23 14:01:42:818 UTC]  INFO util.SecurityLogger: class com.dotmarketing.portlets.workflows.business.WorkflowAPIImpl : The action id: '38efc763-d78f-4e4b-b092-59cd8c579b93' has been saved by the user: system -- ip:172.18.0.1,user:Admin User [ID: dotcms.org.1][email:admin@dotcms.com]
[16/06/23 14:01:42:823 UTC]  INFO util.SecurityLogger: class com.dotmarketing.portlets.workflows.business.WorkflowAPIImpl : The action id: '4da13a42-5d59-480c-ad8f-94a3adf809fe' has been saved by the user: system -- ip:172.18.0.1,user:Admin User [ID: dotcms.org.1][email:admin@dotcms.com]
[16/06/23 14:01:42:828 UTC]  INFO util.SecurityLogger: class com.dotmarketing.portlets.workflows.business.WorkflowAPIImpl : The action id: 'b9d89c80-3d88-4311-8365-187323c96436' has been saved by the user: system -- ip:172.18.0.1,user:Admin User [ID: dotcms.org.1][email:admin@dotcms.com]
[16/06/23 14:01:42:835 UTC]  INFO util.SecurityLogger: class com.dotmarketing.portlets.workflows.business.WorkflowAPIImpl : The action id: 'c92f9aa1-9503-4567-ac30-d3242b54d02d' has been saved by the user: system -- ip:172.18.0.1,user:Admin User [ID: dotcms.org.1][email:admin@dotcms.com]
[16/06/23 14:01:42:839 UTC]  INFO util.SecurityLogger: class com.dotmarketing.portlets.workflows.business.WorkflowAPIImpl : The action id: '777f1c6b-c877-4a37-ba4b-10627316c2cc' has been saved by the user: system -- ip:172.18.0.1,user:Admin User [ID: dotcms.org.1][email:admin@dotcms.com]
[16/06/23 14:01:42:845 UTC]  INFO util.SecurityLogger: class com.dotmarketing.portlets.workflows.business.WorkflowAPIImpl : The action id: '1e0f1c6b-b67f-4c99-983d-db2b4bfa88b2' has been saved by the user: system -- ip:172.18.0.1,user:Admin User [ID: dotcms.org.1][email:admin@dotcms.com]
[16/06/23 14:01:42:932 UTC]  INFO util.SecurityLogger: class com.dotmarketing.portlets.workflows.business.WorkflowAPIImpl : Workflow Action Class with id: 'f970943f-3768-49b6-bc6b-f24f9affbfbf' has been deleted -- ip:172.18.0.1,user:Admin User [ID: dotcms.org.1][email:admin@dotcms.com]
[16/06/23 14:01:42:937 UTC]  INFO util.SecurityLogger: class com.dotmarketing.portlets.workflows.business.WorkflowAPIImpl : Workflow Action with id: dd4c4b7c-e9d3-4dc0-8fbf-36102f9c6324, name: Move has been deleted -- ip:172.18.0.1,user:Admin User [ID: dotcms.org.1][email:admin@dotcms.com]
[16/06/23 14:01:42:996 UTC]  INFO helper.SystemActionMappingsHandlerMerger: The mapping for systemAction: NEW, workflowAction: Optional[WorkflowAction [id=ceca71a0-deee-4999-bd47-b01baa1bcfc8, name=Save, stepId=null, nextStep=ee24a4cb-2d15-4c98-b1bd-6327126451f3]], and scheme: d61a59e1-a49c-46f2-a929-db2b4bfa88b2 has been saved
[16/06/23 14:01:42:999 UTC]  INFO helper.SystemActionMappingsHandlerMerger: The mapping for systemAction: EDIT, workflowAction: Optional[WorkflowAction [id=ceca71a0-deee-4999-bd47-b01baa1bcfc8, name=Save, stepId=null, nextStep=ee24a4cb-2d15-4c98-b1bd-6327126451f3]], and scheme: d61a59e1-a49c-46f2-a929-db2b4bfa88b2 has been saved
[16/06/23 14:01:43:003 UTC]  INFO helper.SystemActionMappingsHandlerMerger: The mapping for systemAction: UNPUBLISH, workflowAction: Optional[WorkflowAction [id=38efc763-d78f-4e4b-b092-59cd8c579b93, name=Unpublish, stepId=null, nextStep=ee24a4cb-2d15-4c98-b1bd-6327126451f3]], and scheme: d61a59e1-a49c-46f2-a929-db2b4bfa88b2 has been saved
[16/06/23 14:01:43:007 UTC]  INFO helper.SystemActionMappingsHandlerMerger: The mapping for systemAction: UNARCHIVE, workflowAction: Optional[WorkflowAction [id=c92f9aa1-9503-4567-ac30-d3242b54d02d, name=Unarchive, stepId=null, nextStep=ee24a4cb-2d15-4c98-b1bd-6327126451f3]], and scheme: d61a59e1-a49c-46f2-a929-db2b4bfa88b2 has been saved
[16/06/23 14:01:43:012 UTC]  INFO helper.SystemActionMappingsHandlerMerger: The mapping for systemAction: PUBLISH, workflowAction: Optional[WorkflowAction [id=b9d89c80-3d88-4311-8365-187323c96436, name=Publish, stepId=null, nextStep=dc3c9cd0-8467-404b-bf95-cb7df3fbc293]], and scheme: d61a59e1-a49c-46f2-a929-db2b4bfa88b2 has been saved
[16/06/23 14:01:43:015 UTC]  INFO helper.SystemActionMappingsHandlerMerger: The mapping for systemAction: ARCHIVE, workflowAction: Optional[WorkflowAction [id=4da13a42-5d59-480c-ad8f-94a3adf809fe, name=Archive, stepId=null, nextStep=d6b095b6-b65f-4bdb-bbfd-701d663dfee2]], and scheme: d61a59e1-a49c-46f2-a929-db2b4bfa88b2 has been saved
[16/06/23 14:01:43:020 UTC]  INFO helper.SystemActionMappingsHandlerMerger: The mapping for systemAction: DESTROY, workflowAction: Optional[WorkflowAction [id=1e0f1c6b-b67f-4c99-983d-db2b4bfa88b2, name=Destroy, stepId=null, nextStep=d6b095b6-b65f-4bdb-bbfd-701d663dfee2]], and scheme: d61a59e1-a49c-46f2-a929-db2b4bfa88b2 has been saved
[16/06/23 14:01:43:025 UTC]  INFO helper.SystemActionMappingsHandlerMerger: The mapping for systemAction: DELETE, workflowAction: Optional[WorkflowAction [id=777f1c6b-c877-4a37-ba4b-10627316c2cc, name=Delete, stepId=null, nextStep=d6b095b6-b65f-4bdb-bbfd-701d663dfee2]], and scheme: d61a59e1-a49c-46f2-a929-db2b4bfa88b2 has been saved
[16/06/23 14:01:43:025 UTC]  INFO util.PushPublishLogger: class com.dotcms.enterprise.publishing.remote.handler.WorkflowHandler : [BundleID: content_type_and_content_demo.tar.gz] Workflow publish success, ID: d61a59e1-a49c-46f2-a929-db2b4bfa88b2, Name: System Workflow
[16/06/23 14:01:43:128 UTC]  INFO util.ActivityLogger: class com.dotcms.contenttype.business.ContentTypeAPIImpl: system : Save ContentType Action , User system/system user system user added ContentType Host to host id:SYSTEM_HOST
[16/06/23 14:01:43:128 UTC]  INFO business.ContentTypeAPIImpl: UserId : system : ContentType : ContentType saved : Host
[16/06/23 14:01:43:128 UTC]  INFO util.AdminLogger: UserId : system : class com.dotcms.contenttype.business.ContentTypeAPIImpl : ContentType : ContentType saved : Host
[16/06/23 14:01:43:154 UTC]  INFO util.ActivityLogger: class com.dotmarketing.util.ActivityLogger: system : Update Field Action , User system/system user modified field fields-0 to Host Structure.
[16/06/23 14:01:43:176 UTC]  INFO util.ActivityLogger: class com.dotmarketing.util.ActivityLogger: system : Update Field Action , User system/system user modified field fields-1 to Host Structure.
[16/06/23 14:01:43:200 UTC]  INFO util.ActivityLogger: class com.dotmarketing.util.ActivityLogger: system : Update Field Action , User system/system user modified field Host Name to Host Structure.
[16/06/23 14:01:43:217 UTC]  INFO util.ActivityLogger: class com.dotmarketing.util.ActivityLogger: system : Update Field Action , User system/system user modified field Aliases to Host Structure.
[16/06/23 14:01:43:224 UTC]  INFO business.FieldAPIImpl: No changes made to field: isDefault, returning
[16/06/23 14:01:43:248 UTC]  INFO util.ActivityLogger: class com.dotmarketing.util.ActivityLogger: system : Update Field Action , User system/system user modified field Tag Storage to Host Structure.
[16/06/23 14:01:43:268 UTC]  INFO util.ActivityLogger: class com.dotmarketing.util.ActivityLogger: system : Update Field Action , User system/system user modified field Host Thumbnail to Host Structure.
[16/06/23 14:01:43:273 UTC]  INFO business.FieldAPIImpl: No changes made to field: isSystemHost, returning
[16/06/23 14:01:43:286 UTC]  INFO util.ActivityLogger: class com.dotmarketing.util.ActivityLogger: system : Update Field Action , User system/system user modified field Run Dashboard to Host Structure.
[16/06/23 14:01:43:322 UTC]  INFO util.ActivityLogger: class com.dotmarketing.util.ActivityLogger: system : Save Field Action , User system/system user added field Meta Data (Default) to Host Structure.
[16/06/23 14:01:43:356 UTC]  INFO util.ActivityLogger: class com.dotmarketing.util.ActivityLogger: system : Save Field Action , User system/system user added field Keywords to Host Structure.
[16/06/23 14:01:43:388 UTC]  INFO util.ActivityLogger: class com.dotmarketing.util.ActivityLogger: system : Save Field Action , User system/system user added field Description to Host Structure.
[16/06/23 14:01:43:424 UTC]  INFO util.ActivityLogger: class com.dotmarketing.util.ActivityLogger: system : Save Field Action , User system/system user added field Site Tags to Host Structure.
[16/06/23 14:01:43:448 UTC]  INFO util.ActivityLogger: class com.dotmarketing.util.ActivityLogger: system : Save Field Action , User system/system user added field Google Map to Host Structure.
[16/06/23 14:01:43:494 UTC]  INFO util.ActivityLogger: class com.dotmarketing.util.ActivityLogger: system : Save Field Action , User system/system user added field Google Analytics to Host Structure.
[16/06/23 14:01:43:566 UTC]  INFO util.ActivityLogger: class com.dotmarketing.util.ActivityLogger: system : Save Field Action , User system/system user added field Add This to Host Structure.
[16/06/23 14:01:43:617 UTC]  INFO util.ActivityLogger: class com.dotmarketing.util.ActivityLogger: system : Save Field Action , User system/system user added field Proxy Url for Edit Mode to Host Structure.
[16/06/23 14:01:43:670 UTC]  INFO util.ActivityLogger: class com.dotmarketing.util.ActivityLogger: system : Save Field Action , User system/system user added field Embedded Dashboard Url to Host Structure.
[16/06/23 14:01:43:684 UTC]  INFO util.PushPublishLogger: class com.dotcms.enterprise.publishing.remote.handler.ContentTypeHandler : [BundleID: content_type_and_content_demo.tar.gz] Content Type publish success, ID: 855a2d72-f2f3-4169-8b04-ac5157c4380c, Name: Host
[16/06/23 14:01:43:688 UTC]  INFO util.SecurityLogger: class com.dotmarketing.portlets.workflows.business.WorkflowAPIImpl : Saving schemes [ [WorkflowScheme [id=d61a59e1-a49c-46f2-a929-db2b4bfa88b2, name=System Workflow, archived=false, mandatory=false]] ] for Content Type [ com.dotmarketing.portlets.structure.model.Structure@179aee5d[name=Host,description=System hosts information,defaultStructure=false,reviewInterval=<null>,reviewerRole=<null>,pagedetail=<null>,structureType=1,fixed=true,system=true,velocityVarName=Host,urlMapPattern=<null>,host=SYSTEM_HOST,folder=SYSTEM_FOLDER,publishDateVar=<null>,expireDateVar=<null>,modDate=Fri Jun 16 14:01:44 UTC 2023,icon=event_note,sortOrder=0,iDate=Mon Mar 28 15:10:14 UTC 2016,type=structure,owner=<null>,inode=855a2d72-f2f3-4169-8b04-ac5157c4380c,identifier=855a2d72-f2f3-4169-8b04-ac5157c4380c] ] -- ip:172.18.0.1,user:Admin User [ID: dotcms.org.1][email:admin@dotcms.com]
[16/06/23 14:01:43:719 UTC]  INFO business.ContentTypeAPIImpl: Content type not found with given id: ea533f67-4883-42bb-9701-83293e7313e5. Continuing...
[16/06/23 14:01:43:748 UTC]  INFO util.ActivityLogger: class com.dotmarketing.util.ActivityLogger: system : Save Field Action , User system/system user added field fields-0 to type_2 Structure.
[16/06/23 14:01:43:760 UTC]  INFO util.ActivityLogger: class com.dotmarketing.util.ActivityLogger: system : Save Field Action , User system/system user added field fields-1 to type_2 Structure.
[16/06/23 14:01:43:779 UTC]  INFO util.ActivityLogger: class com.dotmarketing.util.ActivityLogger: system : Save Field Action , User system/system user added field text_1 to type_2 Structure.
[16/06/23 14:01:43:791 UTC]  INFO util.ActivityLogger: class com.dotcms.contenttype.business.ContentTypeAPIImpl: system : Save ContentType Action , User system/system user system user added ContentType type_2 to host id:48190c8c-42c4-46af-8d1a-0cd5db894797
[16/06/23 14:01:43:791 UTC]  INFO business.ContentTypeAPIImpl: UserId : system : ContentType : ContentType saved : type_2
[16/06/23 14:01:43:791 UTC]  INFO util.AdminLogger: UserId : system : class com.dotcms.contenttype.business.ContentTypeAPIImpl : ContentType : ContentType saved : type_2
[16/06/23 14:01:43:792 UTC]  INFO util.PushPublishLogger: class com.dotcms.enterprise.publishing.remote.handler.ContentTypeHandler : [BundleID: content_type_and_content_demo.tar.gz] Content Type publish success, ID: ea533f67-4883-42bb-9701-83293e7313e5, Name: type_2
[16/06/23 14:01:43:793 UTC]  INFO util.SecurityLogger: class com.dotmarketing.portlets.workflows.business.WorkflowAPIImpl : Saving schemes [ [WorkflowScheme [id=d61a59e1-a49c-46f2-a929-db2b4bfa88b2, name=System Workflow, archived=false, mandatory=false]] ] for Content Type [ com.dotmarketing.portlets.structure.model.Structure@16b0452[name=type_2,description=<null>,defaultStructure=false,reviewInterval=<null>,reviewerRole=<null>,pagedetail=<null>,structureType=1,fixed=false,system=false,velocityVarName=Type2,urlMapPattern=<null>,host=48190c8c-42c4-46af-8d1a-0cd5db894797,folder=SYSTEM_FOLDER,publishDateVar=<null>,expireDateVar=<null>,modDate=Thu Oct 08 17:32:29 UTC 2020,icon=<null>,sortOrder=0,iDate=Thu Oct 08 17:32:19 UTC 2020,type=structure,owner=<null>,inode=ea533f67-4883-42bb-9701-83293e7313e5,identifier=ea533f67-4883-42bb-9701-83293e7313e5] ] -- ip:172.18.0.1,user:Admin User [ID: dotcms.org.1][email:admin@dotcms.com]
[16/06/23 14:01:43:841 UTC]  INFO util.PushPublishLogger: class com.dotcms.enterprise.publishing.remote.handler.LanguageVariablesHandler : [BundleID: content_type_and_content_demo.tar.gz] Language File publish success, Name: cms_language_en.properties
[16/06/23 14:01:43:849 UTC]  INFO util.PushPublishLogger: class com.dotcms.enterprise.publishing.remote.handler.LanguageVariablesHandler : [BundleID: content_type_and_content_demo.tar.gz] Language File publish success, Name: cms_language_en_US.properties
[16/06/23 14:01:43:850 UTC]  INFO util.PushPublishLogger: class com.dotcms.enterprise.publishing.remote.handler.LanguageVariablesHandler : [BundleID: content_type_and_content_demo.tar.gz] Language File publish success, Name: cms_language_es.properties
[16/06/23 14:01:43:850 UTC]  INFO util.PushPublishLogger: class com.dotcms.enterprise.publishing.remote.handler.LanguageVariablesHandler : [BundleID: content_type_and_content_demo.tar.gz] Language File publish success, Name: cms_language_es_ES.properties
[16/06/23 14:01:43:851 UTC]  INFO util.PushPublishLogger: class com.dotcms.enterprise.publishing.remote.handler.LanguageVariablesHandler : [BundleID: content_type_and_content_demo.tar.gz] Language File publish success, Name: cms_language_fr.properties
[16/06/23 14:01:43:851 UTC]  INFO util.PushPublishLogger: class com.dotcms.enterprise.publishing.remote.handler.LanguageVariablesHandler : [BundleID: content_type_and_content_demo.tar.gz] Language File publish success, Name: cms_language_fr_FR.properties
[16/06/23 14:01:43:851 UTC]  INFO util.PushPublishLogger: class com.dotcms.enterprise.publishing.remote.handler.LanguageVariablesHandler : [BundleID: content_type_and_content_demo.tar.gz] Language File publish success, Name: cms_language_zh.properties
[16/06/23 14:01:43:851 UTC]  INFO util.PushPublishLogger: class com.dotcms.enterprise.publishing.remote.handler.LanguageVariablesHandler : [BundleID: content_type_and_content_demo.tar.gz] Language File publish success, Name: cms_language_zh_CN.properties
[16/06/23 14:01:44:661 UTC]  INFO reindex.ReindexThread: --- Unpausing reindex thread 
[16/06/23 14:01:44:945 UTC]  INFO reindex.BulkProcessorListener: -----------
[16/06/23 14:01:44:946 UTC]  INFO reindex.BulkProcessorListener: Reindexing Server #  : 1 of 1
[16/06/23 14:01:44:947 UTC]  INFO reindex.BulkProcessorListener: Total Indexed        : 0
[16/06/23 14:01:44:947 UTC]  INFO reindex.BulkProcessorListener: ReindexEntries found : 3
[16/06/23 14:01:44:948 UTC]  INFO reindex.BulkProcessorListener: BulkRequests created : 6
[16/06/23 14:01:44:948 UTC]  INFO reindex.BulkProcessorListener: -----------
[16/06/23 14:01:46:159 UTC]  INFO delegate.SystemEventsJobDelegate: The event: 9f8ca1e3-1282-4e3a-b522-b6d72beedad3, has been skipped on the server: 300cff35-19e8-4d09-934c-c914db553427
[16/06/23 14:01:46:159 UTC]  INFO delegate.SystemEventsJobDelegate: The event: afed28b6-5b29-49f6-a16d-18499392b19b, has been skipped on the server: 300cff35-19e8-4d09-934c-c914db553427
[16/06/23 14:01:49:664 UTC]  INFO concurrent.Debouncer: Debouncing : invalidateGraphSchema after 5000 MILLISECONDS
[16/06/23 14:01:50:783 UTC]  INFO util.PushPublishLogger: class com.dotcms.rest.PushPublisherJob : [BundleID: content_type_and_content_demo.tar.gz] Finished bundle publish process
[16/06/23 14:01:50:783 UTC]  INFO rest.PushPublisherJob: Finished bundle publish process
[16/06/23 14:01:50:905 UTC]  INFO apps.SecretsKeyStoreHelper: KeyStore loaded successfully after `1` tries.
[16/06/23 14:01:53:915 UTC]  INFO util.SecurityLogger: class com.dotmarketing.cms.login.factories.LoginFactory : User admin@dotcms.com has sucessfully logged in from IP: 172.18.0.1 -- ip:172.18.0.1,user:Admin User [ID: dotcms.org.1][email:admin@dotcms.com]
[16/06/23 14:01:53:928 UTC]  INFO rest.BundleResource: Deleting all bundles by the user: dotcms.org.1
[16/06/23 14:01:53:948 UTC]  INFO business.BundleAPIImpl: Deleting all bundles with statuses: [BUNDLE_REQUESTED, BUNDLING, SENDING_TO_ENDPOINTS, FAILED_TO_SEND_TO_ALL_GROUPS, FAILED_TO_SEND_TO_SOME_GROUPS, FAILED_TO_BUNDLE, FAILED_TO_SENT, FAILED_TO_PUBLISH, SUCCESS, BUNDLE_SENT_SUCCESSFULLY, RECEIVED_BUNDLE, PUBLISHING_BUNDLE, WAITING_FOR_PUBLISHING, BUNDLE_SAVED_SUCCESSFULLY, INVALID_TOKEN, LICENSE_REQUIRED, SUCCESS_WITH_WARNINGS, FAILED_INTEGRITY_CHECK]by the user: dotcms.org.1
[16/06/23 14:01:53:961 UTC]  INFO business.BundleAPIImpl: Removing bundle: content_type_and_content_demo and dependencies by: dotcms.org.1
[16/06/23 14:01:53:961 UTC]  INFO business.BundleAPIImpl: Removing audit status for a bundle: content_type_and_content_demo
[16/06/23 14:01:53:965 UTC]  INFO business.PublishAuditAPIImpl: Deleting the bundle: content_type_and_content_demo
[16/06/23 14:01:53:967 UTC]  INFO business.BundleAPIImpl: Removing all assets from bundle: content_type_and_content_demo
[16/06/23 14:01:53:968 UTC]  INFO business.BundleAPIImpl: Removing environments from bundle: content_type_and_content_demo
[16/06/23 14:01:53:969 UTC]  INFO business.BundleAPIImpl: Removing bundle: content_type_and_content_demo
[16/06/23 14:01:54:008 UTC]  INFO business.BundleAPIImpl: Deleted 1 bundles, failed 0 bundles
[16/06/23 14:01:54:019 UTC]  WARN struts.MultiMessageResources: Duplicate resource property definition (key=was ==> is now): contenttypes.content.copy=Copy ==> Copy
[16/06/23 14:01:54:023 UTC]  WARN struts.MultiMessageResources: Duplicate resource property definition (key=was ==> is now): message.category.import=Importing Categories.  This operation cannot be cancelled or undone. ==> IMPORT
[16/06/23 14:01:54:023 UTC]  WARN struts.MultiMessageResources: Duplicate resource property definition (key=was ==> is now): message.containers.create.content_type_code=Content Type Code ==> Content Type Code
[16/06/23 14:01:54:025 UTC]  WARN struts.MultiMessageResources: Duplicate resource property definition (key=was ==> is now): Save=Save ==> Save
[16/06/23 14:01:54:027 UTC]  WARN struts.MultiMessageResources: Duplicate resource property definition (key=was ==> is now): Move=Move ==> Move
[16/06/23 14:01:54:037 UTC]  WARN struts.MultiMessageResources: Duplicate resource property definition (key=was ==> is now): archived=archived ==> Archived
[16/06/23 14:01:56:167 UTC]  INFO delegate.SystemEventsJobDelegate: The event: bfd88b3c-38ed-409c-aa5d-6e76640baaeb, has been skipped on the server: 300cff35-19e8-4d09-934c-c914db553427
[16/06/23 14:01:56:167 UTC]  INFO delegate.SystemEventsJobDelegate: The event: b607676f-3e45-4753-b692-e54373386365, has been skipped on the server: 300cff35-19e8-4d09-934c-c914db553427
[16/06/23 14:02:00:131 UTC]  INFO apps.SecretsKeyStoreHelper: KeyStore loaded successfully after `1` tries.
[16/06/23 14:02:00:172 UTC]  INFO apps.SecretsKeyStoreHelper: KeyStore loaded successfully after `1` tries.
[16/06/23 14:02:00:219 UTC]  INFO apps.SecretsKeyStoreHelper: KeyStore loaded successfully after `1` tries.
[16/06/23 14:02:07:072 UTC]  INFO util.SecurityLogger: class com.dotmarketing.cms.login.factories.LoginFactory : User admin@dotcms.com has sucessfully logged in from IP: 172.18.0.1 -- ip:172.18.0.1,user:Admin User [ID: dotcms.org.1][email:admin@dotcms.com]
[16/06/23 14:02:07:131 UTC]  WARN ajax.RemotePublishAjaxAction: Unable to find asset id = [ea533f67-4883-42bb-9701-83293e7313e5]
[16/06/23 14:02:07:165 UTC]  INFO util.PushPublishLogger: class com.dotcms.publisher.business.PublisherAPIImpl : [BundleID: 01H3286TWMN1RY4965JD93Y4QM] Asset added to Push Publish Queue. Action: Added by Browsing, Asset Type: contenttype, Asset Id: ea533f67-4883-42bb-9701-83293e7313e5, User: dotcms.org.1
[16/06/23 14:02:10:259 UTC]  INFO util.SecurityLogger: class com.dotmarketing.cms.login.factories.LoginFactory : User admin@dotcms.com has sucessfully logged in from IP: 172.18.0.1 -- ip:172.18.0.1,user:Admin User [ID: dotcms.org.1][email:admin@dotcms.com]
[16/06/23 14:02:12:292 UTC]  INFO business.PublisherQueueJob: 
[16/06/23 14:02:12:293 UTC]  INFO business.PublisherQueueJob: Found 1 bundle(s) to process.
[16/06/23 14:02:12:293 UTC]  INFO business.PublisherQueueJob: 
[16/06/23 14:02:12:294 UTC]  INFO business.PublisherQueueJob: Processing bundle: ID: 01H3286TWMN1RY4965JD93Y4QM. Status: Starting. Publish Date: 2020-09-10 17:14:00.0
[16/06/23 14:02:12:294 UTC]  INFO util.PushPublishLogger: class com.dotcms.publisher.business.PublishAuditStatus : Status Update: Pending.
[16/06/23 14:02:12:298 UTC]  INFO util.PushPublishLogger: class com.dotcms.publisher.business.PublisherQueueJob : Pre-publish work started.
[16/06/23 14:02:12:324 UTC]  INFO util.PushPublishLogger: class com.dotcms.publisher.business.PublisherQueueJob : Pre-publish work complete.
[16/06/23 14:02:12:327 UTC]  INFO util.PushPublishLogger: class com.dotcms.publishing.PublisherAPIImpl : [BundleID: 01H3286TWMN1RY4965JD93Y4QM] Started Publishing Task
[16/06/23 14:02:12:341 UTC]  INFO publishing.PublisherAPIImpl: Start of Bundler: DependencyBundler
[16/06/23 14:02:21:493 UTC]  INFO dependencies.ConcurrentDependencyProcessor: DependencyProcessor Finished
[16/06/23 14:02:21:493 UTC]  INFO publishing.PublisherAPIImpl: End of Bundler: DependencyBundler
[16/06/23 14:02:21:493 UTC]  INFO publishing.PublisherAPIImpl: Start of Bundler: HostBundler
[16/06/23 14:02:21:495 UTC]  INFO util.PushPublishLogger: class com.dotcms.enterprise.publishing.remote.bundler.HostBundler : Status Update: Bundling.
[16/06/23 14:02:21:544 UTC]  INFO bundler.HostBundler: Searching for ContentletVersionInfo. Identifier: 48190c8c-42c4-46af-8d1a-0cd5db894797. Language:1
[16/06/23 14:02:21:589 UTC]  INFO util.PushPublishLogger: class com.dotcms.enterprise.publishing.remote.bundler.HostBundler : Status Update: Bundling.
[16/06/23 14:02:21:591 UTC]  INFO publishing.PublisherAPIImpl: End of Bundler: HostBundler
[16/06/23 14:02:21:592 UTC]  INFO publishing.PublisherAPIImpl: Start of Bundler: ContentBundler
[16/06/23 14:02:21:594 UTC]  INFO util.PushPublishLogger: class com.dotcms.enterprise.publishing.remote.bundler.ContentBundler : Status Update: Bundling.
[16/06/23 14:02:21:600 UTC]  INFO util.PushPublishLogger: class com.dotcms.enterprise.publishing.remote.bundler.ContentBundler : Status Update: Bundling.
[16/06/23 14:02:21:601 UTC]  INFO publishing.PublisherAPIImpl: End of Bundler: ContentBundler
[16/06/23 14:02:21:601 UTC]  INFO publishing.PublisherAPIImpl: Start of Bundler: FolderBundler
[16/06/23 14:02:21:601 UTC]  INFO publishing.PublisherAPIImpl: End of Bundler: FolderBundler
[16/06/23 14:02:21:602 UTC]  INFO publishing.PublisherAPIImpl: Start of Bundler: TemplateBundler
[16/06/23 14:02:21:602 UTC]  INFO publishing.PublisherAPIImpl: End of Bundler: TemplateBundler
[16/06/23 14:02:21:602 UTC]  INFO publishing.PublisherAPIImpl: Start of Bundler: ContainerBundler
[16/06/23 14:02:21:602 UTC]  INFO publishing.PublisherAPIImpl: End of Bundler: ContainerBundler
[16/06/23 14:02:21:602 UTC]  INFO publishing.PublisherAPIImpl: Start of Bundler: RuleBundler
[16/06/23 14:02:21:602 UTC]  INFO publishing.PublisherAPIImpl: End of Bundler: RuleBundler
[16/06/23 14:02:21:602 UTC]  INFO publishing.PublisherAPIImpl: Start of Bundler: LinkBundler
[16/06/23 14:02:21:602 UTC]  INFO publishing.PublisherAPIImpl: End of Bundler: LinkBundler
[16/06/23 14:02:21:602 UTC]  INFO publishing.PublisherAPIImpl: Start of Bundler: ContentTypeBundler
[16/06/23 14:02:21:647 UTC]  INFO publishing.PublisherAPIImpl: End of Bundler: ContentTypeBundler
[16/06/23 14:02:21:647 UTC]  INFO publishing.PublisherAPIImpl: Start of Bundler: RelationshipBundler
[16/06/23 14:02:21:647 UTC]  INFO publishing.PublisherAPIImpl: End of Bundler: RelationshipBundler
[16/06/23 14:02:21:647 UTC]  INFO publishing.PublisherAPIImpl: Start of Bundler: LanguageVariablesBundler
[16/06/23 14:02:21:659 UTC]  WARN util.FileUtil: /data/shared/assets/messages/cms_language_zh_CN.properties is empty
[16/06/23 14:02:21:659 UTC]  WARN util.FileUtil: /data/shared/assets/messages/cms_language_es_ES.properties is empty
[16/06/23 14:02:21:659 UTC]  WARN util.FileUtil: /data/shared/assets/messages/cms_language_en_US.properties is empty
[16/06/23 14:02:21:660 UTC]  WARN util.FileUtil: /data/shared/assets/messages/cms_language_fr_FR.properties is empty
[16/06/23 14:02:21:660 UTC]  INFO publishing.PublisherAPIImpl: End of Bundler: LanguageVariablesBundler
[16/06/23 14:02:21:660 UTC]  INFO publishing.PublisherAPIImpl: Start of Bundler: WorkflowBundler
[16/06/23 14:02:21:786 UTC]  INFO publishing.PublisherAPIImpl: End of Bundler: WorkflowBundler
[16/06/23 14:02:21:786 UTC]  INFO publishing.PublisherAPIImpl: Start of Bundler: LanguageBundler
[16/06/23 14:02:21:789 UTC]  INFO publishing.PublisherAPIImpl: End of Bundler: LanguageBundler
[16/06/23 14:02:21:789 UTC]  INFO publishing.PublisherAPIImpl: Start of Bundler: BundleXMLAsc
[16/06/23 14:02:21:789 UTC]  INFO publishing.PublisherAPIImpl: End of Bundler: BundleXMLAsc
[16/06/23 14:02:21:789 UTC]  INFO publishing.PublisherAPIImpl: Start of Bundler: CategoryBundler
[16/06/23 14:02:21:790 UTC]  INFO publishing.PublisherAPIImpl: End of Bundler: CategoryBundler
[16/06/23 14:02:21:836 UTC]  INFO util.PushPublishLogger: class com.dotcms.publisher.pusher.PushPublisher : Status Update: Sending to all environments
[16/06/23 14:02:21:840 UTC]  INFO util.PushPublishLogger: class com.dotcms.publisher.pusher.PushPublisher : Status Update: Sending Bundle
[16/06/23 14:02:21:922 UTC]  INFO pusher.AuthCredentialPushPublishUtil: Is JWT in Push publish avaible?: false
[16/06/23 14:02:21:923 UTC]  INFO pusher.AuthCredentialPushPublishUtil: PublishingEndPoint: receiver-1686924092148
[16/06/23 14:02:21:924 UTC]  INFO pusher.AuthCredentialPushPublishUtil: PublishingEndPoint key: Optional[pmWkWSBCL51Bfkhn79xPuKBKHz//H6B+mY6G9/eieuM=]
[16/06/23 14:02:21:925 UTC]  INFO pusher.AuthCredentialPushPublishUtil: Token from request: pmWkWSBCL51Bfkhn79xPuKBKHz//H6B+mY6G9/eieuM=
[16/06/23 14:02:21:932 UTC]  INFO util.PushPublishLogger: class com.dotcms.publisher.business.PublishAuditStatus : Status Update: Pending.
[16/06/23 14:02:21:953 UTC]  INFO quartz.DotStatefulJob: New Task for job `PushPublisherJob` scheduled for execution `21 02 14 16 6 ? 2023`.
[16/06/23 14:02:21:968 UTC]  INFO rest.PushPublisherJob: Started bundle publish process
[16/06/23 14:02:21:968 UTC]  INFO util.PushPublishLogger: class com.dotcms.rest.PushPublisherJob : [BundleID: 01H3286TWMN1RY4965JD93Y4QM.tar.gz] Started bundle publish process
[16/06/23 14:02:21:974 UTC]  INFO util.PushPublishLogger: class com.dotcms.publisher.pusher.PushPublisher : Status Update: Bundle sent
[16/06/23 14:02:21:975 UTC]  INFO util.PushPublishLogger: class com.dotcms.publisher.pusher.PushPublisher : Status Update: Bundle sent
[16/06/23 14:02:21:982 UTC]  INFO util.PushPublishLogger: class com.dotcms.publishing.PublisherAPIImpl : [BundleID: 01H3286TWMN1RY4965JD93Y4QM] Completed Publishing Task
[16/06/23 14:02:22:016 UTC]  INFO util.ActivityLogger: class com.dotcms.content.elasticsearch.business.ESContentletAPIImpl: System Host : Saving Content , StartDate: N/D; EndDate: N/D; User:system; ContentIdentifier: 48190c8c-42c4-46af-8d1a-0cd5db894797
[16/06/23 14:02:22:082 UTC]  INFO business.ContentletIndexAPIImpl: Indexing: 48190c8c-42c4-46af-8d1a-0cd5db894797 : demo.dotcms.com, includeDependencies: true, policy: FORCE
[16/06/23 14:02:22:236 UTC]  INFO util.ActivityLogger: class com.dotcms.content.elasticsearch.business.ESContentletAPIImpl: System Host : Content Saved , StartDate: N/D; EndDate: N/D; User:system; ContentIdentifier: 48190c8c-42c4-46af-8d1a-0cd5db894797
[16/06/23 14:02:22:242 UTC]  INFO business.ContentletIndexAPIImpl: Indexing: 48190c8c-42c4-46af-8d1a-0cd5db894797 : demo.dotcms.com, includeDependencies: false, policy: FORCE
[16/06/23 14:02:22:242 UTC]  INFO util.PushPublishLogger: class com.dotcms.enterprise.publishing.remote.handler.ContentHandler : [BundleID: 01H3286TWMN1RY4965JD93Y4QM.tar.gz] Host publish success, ID: 48190c8c-42c4-46af-8d1a-0cd5db894797, Inode: 6e8aca39-937c-437e-91d8-d46b631bdcc8, Name: demo.dotcms.com
[16/06/23 14:02:22:266 UTC]  INFO business.ContentletIndexAPIImpl: Indexing: 48190c8c-42c4-46af-8d1a-0cd5db894797 : demo.dotcms.com, includeDependencies: true, policy: FORCE
[16/06/23 14:02:22:290 UTC]  INFO util.SecurityLogger: class com.dotmarketing.portlets.workflows.business.WorkflowAPIImpl : Workflow Scheme 'System Workflow' [d61a59e1-a49c-46f2-a929-db2b4bfa88b2] has been saved by User ID 'system' -- ip:ukn,user:null
[16/06/23 14:02:22:295 UTC]  INFO util.SecurityLogger: class com.dotmarketing.portlets.workflows.business.WorkflowAPIImpl : Workflow Step 'New' [6cb7e3bd-1710-4eed-8838-d3db60f78f19] has been saved by User ID 'system' -- ip:ukn,user:null
[16/06/23 14:02:22:298 UTC]  INFO util.SecurityLogger: class com.dotmarketing.portlets.workflows.business.WorkflowAPIImpl : Workflow Step 'Draft' [ee24a4cb-2d15-4c98-b1bd-6327126451f3] has been saved by User ID 'system' -- ip:ukn,user:null
[16/06/23 14:02:22:301 UTC]  INFO util.SecurityLogger: class com.dotmarketing.portlets.workflows.business.WorkflowAPIImpl : Workflow Step 'Published' [dc3c9cd0-8467-404b-bf95-cb7df3fbc293] has been saved by User ID 'system' -- ip:ukn,user:null
[16/06/23 14:02:22:303 UTC]  INFO util.SecurityLogger: class com.dotmarketing.portlets.workflows.business.WorkflowAPIImpl : Workflow Step 'Archived' [d6b095b6-b65f-4bdb-bbfd-701d663dfee2] has been saved by User ID 'system' -- ip:ukn,user:null
[16/06/23 14:02:22:309 UTC]  INFO util.SecurityLogger: class com.dotmarketing.portlets.workflows.business.WorkflowAPIImpl : Action id: '4da13a42-5d59-480c-ad8f-94a3adf809fe' has been reordered by user: system -- ip:ukn,user:null
[16/06/23 14:02:22:314 UTC]  WARN business.PermissionCacheImpl:  !!! Putting an empty list of permissions in the cache for asset:4da13a42-5d59-480c-ad8f-94a3adf809fe. Every asset should have at least 1 permission (or inherited permission) associated with it
[16/06/23 14:02:22:320 UTC]  INFO util.SecurityLogger: class com.dotmarketing.portlets.workflows.business.WorkflowAPIImpl : Action id: '963f6a04-5320-42e7-ab74-6d876d199946' has been reordered by user: system -- ip:ukn,user:null
[16/06/23 14:02:22:323 UTC]  WARN business.PermissionCacheImpl:  !!! Putting an empty list of permissions in the cache for asset:963f6a04-5320-42e7-ab74-6d876d199946. Every asset should have at least 1 permission (or inherited permission) associated with it
[16/06/23 14:02:22:328 UTC]  INFO util.SecurityLogger: class com.dotmarketing.portlets.workflows.business.WorkflowAPIImpl : Action id: '777f1c6b-c877-4a37-ba4b-10627316c2cc' has been reordered by user: system -- ip:ukn,user:null
[16/06/23 14:02:22:331 UTC]  WARN business.PermissionCacheImpl:  !!! Putting an empty list of permissions in the cache for asset:777f1c6b-c877-4a37-ba4b-10627316c2cc. Every asset should have at least 1 permission (or inherited permission) associated with it
[16/06/23 14:02:22:337 UTC]  INFO util.SecurityLogger: class com.dotmarketing.portlets.workflows.business.WorkflowAPIImpl : Action id: '1e0f1c6b-b67f-4c99-983d-db2b4bfa88b2' has been reordered by user: system -- ip:ukn,user:null
[16/06/23 14:02:22:340 UTC]  WARN business.PermissionCacheImpl:  !!! Putting an empty list of permissions in the cache for asset:1e0f1c6b-b67f-4c99-983d-db2b4bfa88b2. Every asset should have at least 1 permission (or inherited permission) associated with it
[16/06/23 14:02:22:346 UTC]  INFO util.SecurityLogger: class com.dotmarketing.portlets.workflows.business.WorkflowAPIImpl : Action id: 'b9d89c80-3d88-4311-8365-187323c96436' has been reordered by user: system -- ip:ukn,user:null
[16/06/23 14:02:22:348 UTC]  WARN business.PermissionCacheImpl:  !!! Putting an empty list of permissions in the cache for asset:b9d89c80-3d88-4311-8365-187323c96436. Every asset should have at least 1 permission (or inherited permission) associated with it
[16/06/23 14:02:22:354 UTC]  INFO util.SecurityLogger: class com.dotmarketing.portlets.workflows.business.WorkflowAPIImpl : Action id: 'ceca71a0-deee-4999-bd47-b01baa1bcfc8' has been reordered by user: system -- ip:ukn,user:null
[16/06/23 14:02:22:357 UTC]  WARN business.PermissionCacheImpl:  !!! Putting an empty list of permissions in the cache for asset:ceca71a0-deee-4999-bd47-b01baa1bcfc8. Every asset should have at least 1 permission (or inherited permission) associated with it
[16/06/23 14:02:22:363 UTC]  INFO util.SecurityLogger: class com.dotmarketing.portlets.workflows.business.WorkflowAPIImpl : Action id: 'c92f9aa1-9503-4567-ac30-d3242b54d02d' has been reordered by user: system -- ip:ukn,user:null
[16/06/23 14:02:22:367 UTC]  WARN business.PermissionCacheImpl:  !!! Putting an empty list of permissions in the cache for asset:c92f9aa1-9503-4567-ac30-d3242b54d02d. Every asset should have at least 1 permission (or inherited permission) associated with it
[16/06/23 14:02:22:372 UTC]  INFO util.SecurityLogger: class com.dotmarketing.portlets.workflows.business.WorkflowAPIImpl : Action id: '38efc763-d78f-4e4b-b092-59cd8c579b93' has been reordered by user: system -- ip:ukn,user:null
[16/06/23 14:02:22:375 UTC]  WARN business.PermissionCacheImpl:  !!! Putting an empty list of permissions in the cache for asset:38efc763-d78f-4e4b-b092-59cd8c579b93. Every asset should have at least 1 permission (or inherited permission) associated with it
[16/06/23 14:02:22:382 UTC]  INFO util.SecurityLogger: class com.dotmarketing.portlets.workflows.business.WorkflowAPIImpl : The action id: 'ceca71a0-deee-4999-bd47-b01baa1bcfc8' has been saved by the user: system -- ip:ukn,user:null
[16/06/23 14:02:22:387 UTC]  INFO util.SecurityLogger: class com.dotmarketing.portlets.workflows.business.WorkflowAPIImpl : The action id: 'b9d89c80-3d88-4311-8365-187323c96436' has been saved by the user: system -- ip:ukn,user:null
[16/06/23 14:02:22:391 UTC]  INFO util.SecurityLogger: class com.dotmarketing.portlets.workflows.business.WorkflowAPIImpl : The action id: '777f1c6b-c877-4a37-ba4b-10627316c2cc' has been saved by the user: system -- ip:ukn,user:null
[16/06/23 14:02:22:396 UTC]  INFO util.SecurityLogger: class com.dotmarketing.portlets.workflows.business.WorkflowAPIImpl : The action id: 'ceca71a0-deee-4999-bd47-b01baa1bcfc8' has been saved by the user: system -- ip:ukn,user:null
[16/06/23 14:02:22:400 UTC]  INFO util.SecurityLogger: class com.dotmarketing.portlets.workflows.business.WorkflowAPIImpl : The action id: '38efc763-d78f-4e4b-b092-59cd8c579b93' has been saved by the user: system -- ip:ukn,user:null
[16/06/23 14:02:22:403 UTC]  INFO util.SecurityLogger: class com.dotmarketing.portlets.workflows.business.WorkflowAPIImpl : The action id: '963f6a04-5320-42e7-ab74-6d876d199946' has been saved by the user: system -- ip:ukn,user:null
[16/06/23 14:02:22:407 UTC]  INFO util.SecurityLogger: class com.dotmarketing.portlets.workflows.business.WorkflowAPIImpl : The action id: 'b9d89c80-3d88-4311-8365-187323c96436' has been saved by the user: system -- ip:ukn,user:null
[16/06/23 14:02:22:411 UTC]  INFO util.SecurityLogger: class com.dotmarketing.portlets.workflows.business.WorkflowAPIImpl : The action id: '4da13a42-5d59-480c-ad8f-94a3adf809fe' has been saved by the user: system -- ip:ukn,user:null
[16/06/23 14:02:22:416 UTC]  INFO util.SecurityLogger: class com.dotmarketing.portlets.workflows.business.WorkflowAPIImpl : The action id: '963f6a04-5320-42e7-ab74-6d876d199946' has been saved by the user: system -- ip:ukn,user:null
[16/06/23 14:02:22:420 UTC]  INFO util.SecurityLogger: class com.dotmarketing.portlets.workflows.business.WorkflowAPIImpl : The action id: 'ceca71a0-deee-4999-bd47-b01baa1bcfc8' has been saved by the user: system -- ip:ukn,user:null
[16/06/23 14:02:22:423 UTC]  INFO util.SecurityLogger: class com.dotmarketing.portlets.workflows.business.WorkflowAPIImpl : The action id: '38efc763-d78f-4e4b-b092-59cd8c579b93' has been saved by the user: system -- ip:ukn,user:null
[16/06/23 14:02:22:427 UTC]  INFO util.SecurityLogger: class com.dotmarketing.portlets.workflows.business.WorkflowAPIImpl : The action id: '4da13a42-5d59-480c-ad8f-94a3adf809fe' has been saved by the user: system -- ip:ukn,user:null
[16/06/23 14:02:22:431 UTC]  INFO util.SecurityLogger: class com.dotmarketing.portlets.workflows.business.WorkflowAPIImpl : The action id: 'b9d89c80-3d88-4311-8365-187323c96436' has been saved by the user: system -- ip:ukn,user:null
[16/06/23 14:02:22:435 UTC]  INFO util.SecurityLogger: class com.dotmarketing.portlets.workflows.business.WorkflowAPIImpl : The action id: 'c92f9aa1-9503-4567-ac30-d3242b54d02d' has been saved by the user: system -- ip:ukn,user:null
[16/06/23 14:02:22:439 UTC]  INFO util.SecurityLogger: class com.dotmarketing.portlets.workflows.business.WorkflowAPIImpl : The action id: '777f1c6b-c877-4a37-ba4b-10627316c2cc' has been saved by the user: system -- ip:ukn,user:null
[16/06/23 14:02:22:442 UTC]  INFO util.SecurityLogger: class com.dotmarketing.portlets.workflows.business.WorkflowAPIImpl : The action id: '1e0f1c6b-b67f-4c99-983d-db2b4bfa88b2' has been saved by the user: system -- ip:ukn,user:null
[16/06/23 14:02:22:518 UTC]  INFO helper.SystemActionMappingsHandlerMerger: The mapping for systemAction: NEW, workflowAction: Optional[WorkflowAction [id=ceca71a0-deee-4999-bd47-b01baa1bcfc8, name=Save, stepId=null, nextStep=ee24a4cb-2d15-4c98-b1bd-6327126451f3]], and scheme: d61a59e1-a49c-46f2-a929-db2b4bfa88b2 has been saved
[16/06/23 14:02:22:521 UTC]  INFO helper.SystemActionMappingsHandlerMerger: The mapping for systemAction: EDIT, workflowAction: Optional[WorkflowAction [id=ceca71a0-deee-4999-bd47-b01baa1bcfc8, name=Save, stepId=null, nextStep=ee24a4cb-2d15-4c98-b1bd-6327126451f3]], and scheme: d61a59e1-a49c-46f2-a929-db2b4bfa88b2 has been saved
[16/06/23 14:02:22:525 UTC]  INFO helper.SystemActionMappingsHandlerMerger: The mapping for systemAction: UNPUBLISH, workflowAction: Optional[WorkflowAction [id=38efc763-d78f-4e4b-b092-59cd8c579b93, name=Unpublish, stepId=null, nextStep=ee24a4cb-2d15-4c98-b1bd-6327126451f3]], and scheme: d61a59e1-a49c-46f2-a929-db2b4bfa88b2 has been saved
[16/06/23 14:02:22:528 UTC]  INFO helper.SystemActionMappingsHandlerMerger: The mapping for systemAction: UNARCHIVE, workflowAction: Optional[WorkflowAction [id=c92f9aa1-9503-4567-ac30-d3242b54d02d, name=Unarchive, stepId=null, nextStep=ee24a4cb-2d15-4c98-b1bd-6327126451f3]], and scheme: d61a59e1-a49c-46f2-a929-db2b4bfa88b2 has been saved
[16/06/23 14:02:22:530 UTC]  INFO helper.SystemActionMappingsHandlerMerger: The mapping for systemAction: PUBLISH, workflowAction: Optional[WorkflowAction [id=b9d89c80-3d88-4311-8365-187323c96436, name=Publish, stepId=null, nextStep=dc3c9cd0-8467-404b-bf95-cb7df3fbc293]], and scheme: d61a59e1-a49c-46f2-a929-db2b4bfa88b2 has been saved
[16/06/23 14:02:22:533 UTC]  INFO helper.SystemActionMappingsHandlerMerger: The mapping for systemAction: ARCHIVE, workflowAction: Optional[WorkflowAction [id=4da13a42-5d59-480c-ad8f-94a3adf809fe, name=Archive, stepId=null, nextStep=d6b095b6-b65f-4bdb-bbfd-701d663dfee2]], and scheme: d61a59e1-a49c-46f2-a929-db2b4bfa88b2 has been saved
[16/06/23 14:02:22:535 UTC]  INFO helper.SystemActionMappingsHandlerMerger: The mapping for systemAction: DESTROY, workflowAction: Optional[WorkflowAction [id=1e0f1c6b-b67f-4c99-983d-db2b4bfa88b2, name=Destroy, stepId=null, nextStep=d6b095b6-b65f-4bdb-bbfd-701d663dfee2]], and scheme: d61a59e1-a49c-46f2-a929-db2b4bfa88b2 has been saved
[16/06/23 14:02:22:538 UTC]  INFO helper.SystemActionMappingsHandlerMerger: The mapping for systemAction: DELETE, workflowAction: Optional[WorkflowAction [id=777f1c6b-c877-4a37-ba4b-10627316c2cc, name=Delete, stepId=null, nextStep=d6b095b6-b65f-4bdb-bbfd-701d663dfee2]], and scheme: d61a59e1-a49c-46f2-a929-db2b4bfa88b2 has been saved
[16/06/23 14:02:22:538 UTC]  INFO util.PushPublishLogger: class com.dotcms.enterprise.publishing.remote.handler.WorkflowHandler : [BundleID: 01H3286TWMN1RY4965JD93Y4QM.tar.gz] Workflow publish success, ID: d61a59e1-a49c-46f2-a929-db2b4bfa88b2, Name: System Workflow
[16/06/23 14:02:22:557 UTC]  INFO util.ActivityLogger: class com.dotcms.contenttype.business.ContentTypeAPIImpl: system : Save ContentType Action , User system/system user system user added ContentType type_2 to host id:48190c8c-42c4-46af-8d1a-0cd5db894797
[16/06/23 14:02:22:557 UTC]  INFO business.ContentTypeAPIImpl: UserId : system : ContentType : ContentType saved : type_2
[16/06/23 14:02:22:557 UTC]  INFO util.AdminLogger: UserId : system : class com.dotcms.contenttype.business.ContentTypeAPIImpl : ContentType : ContentType saved : type_2
[16/06/23 14:02:22:560 UTC]  INFO business.FieldAPIImpl: No changes made to field: fields0, returning
[16/06/23 14:02:22:561 UTC]  INFO business.FieldAPIImpl: No changes made to field: fields1, returning
[16/06/23 14:02:22:563 UTC]  INFO business.FieldAPIImpl: No changes made to field: text1, returning
[16/06/23 14:02:22:564 UTC]  INFO util.PushPublishLogger: class com.dotcms.enterprise.publishing.remote.handler.ContentTypeHandler : [BundleID: 01H3286TWMN1RY4965JD93Y4QM.tar.gz] Content Type publish success, ID: ea533f67-4883-42bb-9701-83293e7313e5, Name: type_2
[16/06/23 14:02:22:565 UTC]  INFO util.SecurityLogger: class com.dotmarketing.portlets.workflows.business.WorkflowAPIImpl : Saving schemes [ [WorkflowScheme [id=d61a59e1-a49c-46f2-a929-db2b4bfa88b2, name=System Workflow, archived=false, mandatory=false]] ] for Content Type [ com.dotmarketing.portlets.structure.model.Structure@fc1fadf[name=type_2,description=<null>,defaultStructure=false,reviewInterval=<null>,reviewerRole=<null>,pagedetail=<null>,structureType=1,fixed=false,system=false,velocityVarName=Type2,urlMapPattern=<null>,host=48190c8c-42c4-46af-8d1a-0cd5db894797,folder=SYSTEM_FOLDER,publishDateVar=<null>,expireDateVar=<null>,modDate=Fri Jun 16 14:02:23 UTC 2023,icon=event_note,sortOrder=0,iDate=Thu Oct 08 17:32:19 UTC 2020,type=structure,owner=<null>,inode=ea533f67-4883-42bb-9701-83293e7313e5,identifier=ea533f67-4883-42bb-9701-83293e7313e5] ] -- ip:ukn,user:null
[16/06/23 14:02:22:575 UTC]  INFO util.PushPublishLogger: class com.dotcms.enterprise.publishing.remote.handler.LanguageVariablesHandler : [BundleID: 01H3286TWMN1RY4965JD93Y4QM.tar.gz] Language File publish success, Name: cms_language_en.properties
[16/06/23 14:02:22:575 UTC]  INFO util.PushPublishLogger: class com.dotcms.enterprise.publishing.remote.handler.LanguageVariablesHandler : [BundleID: 01H3286TWMN1RY4965JD93Y4QM.tar.gz] Language File publish success, Name: cms_language_en_US.properties
[16/06/23 14:02:22:576 UTC]  INFO util.PushPublishLogger: class com.dotcms.enterprise.publishing.remote.handler.LanguageVariablesHandler : [BundleID: 01H3286TWMN1RY4965JD93Y4QM.tar.gz] Language File publish success, Name: cms_language_es.properties
[16/06/23 14:02:22:576 UTC]  INFO util.PushPublishLogger: class com.dotcms.enterprise.publishing.remote.handler.LanguageVariablesHandler : [BundleID: 01H3286TWMN1RY4965JD93Y4QM.tar.gz] Language File publish success, Name: cms_language_es_ES.properties
[16/06/23 14:02:22:577 UTC]  INFO util.PushPublishLogger: class com.dotcms.enterprise.publishing.remote.handler.LanguageVariablesHandler : [BundleID: 01H3286TWMN1RY4965JD93Y4QM.tar.gz] Language File publish success, Name: cms_language_fr.properties
[16/06/23 14:02:22:577 UTC]  INFO util.PushPublishLogger: class com.dotcms.enterprise.publishing.remote.handler.LanguageVariablesHandler : [BundleID: 01H3286TWMN1RY4965JD93Y4QM.tar.gz] Language File publish success, Name: cms_language_fr_FR.properties
[16/06/23 14:02:22:578 UTC]  INFO util.PushPublishLogger: class com.dotcms.enterprise.publishing.remote.handler.LanguageVariablesHandler : [BundleID: 01H3286TWMN1RY4965JD93Y4QM.tar.gz] Language File publish success, Name: cms_language_zh.properties
[16/06/23 14:02:22:578 UTC]  INFO util.PushPublishLogger: class com.dotcms.enterprise.publishing.remote.handler.LanguageVariablesHandler : [BundleID: 01H3286TWMN1RY4965JD93Y4QM.tar.gz] Language File publish success, Name: cms_language_zh_CN.properties
[16/06/23 14:02:22:931 UTC]  INFO reindex.ReindexThread: --- Unpausing reindex thread 
[16/06/23 14:02:27:932 UTC]  INFO concurrent.Debouncer: Debouncing : invalidateGraphSchema after 5000 MILLISECONDS
[16/06/23 14:02:28:380 UTC]  INFO util.SecurityLogger: class com.dotmarketing.cms.login.factories.LoginFactory : User admin@dotcms.com has sucessfully logged in from IP: 172.18.0.1 -- ip:172.18.0.1,user:Admin User [ID: dotcms.org.1][email:admin@dotcms.com]
[16/06/23 14:02:28:944 UTC]  INFO util.PushPublishLogger: class com.dotcms.rest.PushPublisherJob : [BundleID: 01H3286TWMN1RY4965JD93Y4QM.tar.gz] Finished bundle publish process
[16/06/23 14:02:28:944 UTC]  INFO rest.PushPublisherJob: Finished bundle publish process
[16/06/23 14:02:29:246 UTC]  WARN struts.MultiMessageResources: Duplicate resource property definition (key=was ==> is now): contenttypes.content.copy=Copy ==> Copy
[16/06/23 14:02:29:249 UTC]  WARN struts.MultiMessageResources: Duplicate resource property definition (key=was ==> is now): message.category.import=Importing Categories.  This operation cannot be cancelled or undone. ==> IMPORT
[16/06/23 14:02:29:249 UTC]  WARN struts.MultiMessageResources: Duplicate resource property definition (key=was ==> is now): message.containers.create.content_type_code=Content Type Code ==> Content Type Code
[16/06/23 14:02:29:251 UTC]  WARN struts.MultiMessageResources: Duplicate resource property definition (key=was ==> is now): Save=Save ==> Save
[16/06/23 14:02:29:253 UTC]  WARN struts.MultiMessageResources: Duplicate resource property definition (key=was ==> is now): Move=Move ==> Move
[16/06/23 14:02:29:254 UTC]  WARN struts.MultiMessageResources: Duplicate resource property definition (key=was ==> is now): archived=archived ==> Archived
[16/06/23 14:02:32:369 UTC]  INFO util.SecurityLogger: class com.dotmarketing.cms.login.factories.LoginFactory : User admin@dotcms.com has sucessfully logged in from IP: 172.18.0.1 -- ip:172.18.0.1,user:Admin User [ID: dotcms.org.1][email:admin@dotcms.com]
[16/06/23 14:02:32:379 UTC]  INFO rest.BundleResource: Deleting all bundles by the user: dotcms.org.1
[16/06/23 14:02:32:382 UTC]  INFO business.BundleAPIImpl: Deleting all bundles with statuses: [BUNDLE_REQUESTED, BUNDLING, SENDING_TO_ENDPOINTS, FAILED_TO_SEND_TO_ALL_GROUPS, FAILED_TO_SEND_TO_SOME_GROUPS, FAILED_TO_BUNDLE, FAILED_TO_SENT, FAILED_TO_PUBLISH, SUCCESS, BUNDLE_SENT_SUCCESSFULLY, RECEIVED_BUNDLE, PUBLISHING_BUNDLE, WAITING_FOR_PUBLISHING, BUNDLE_SAVED_SUCCESSFULLY, INVALID_TOKEN, LICENSE_REQUIRED, SUCCESS_WITH_WARNINGS, FAILED_INTEGRITY_CHECK]by the user: dotcms.org.1
[16/06/23 14:02:32:383 UTC]  INFO business.BundleAPIImpl: Removing bundle: 01H3286TWMN1RY4965JD93Y4QM and dependencies by: dotcms.org.1
[16/06/23 14:02:32:383 UTC]  INFO business.BundleAPIImpl: Removing audit status for a bundle: 01H3286TWMN1RY4965JD93Y4QM
[16/06/23 14:02:32:383 UTC]  INFO business.PublishAuditAPIImpl: Deleting the bundle: 01H3286TWMN1RY4965JD93Y4QM
[16/06/23 14:02:32:384 UTC]  INFO business.BundleAPIImpl: Removing all assets from bundle: 01H3286TWMN1RY4965JD93Y4QM
[16/06/23 14:02:32:384 UTC]  INFO business.BundleAPIImpl: Removing environments from bundle: 01H3286TWMN1RY4965JD93Y4QM
[16/06/23 14:02:32:384 UTC]  INFO business.BundleAPIImpl: Removing bundle: 01H3286TWMN1RY4965JD93Y4QM
[16/06/23 14:02:32:410 UTC]  INFO business.BundleAPIImpl: Deleted 1 bundles, failed 0 bundles
[16/06/23 14:02:35:442 UTC]  INFO util.SecurityLogger: class com.dotmarketing.cms.login.factories.LoginFactory : User admin@dotcms.com has sucessfully logged in from IP: 172.18.0.1 -- ip:172.18.0.1,user:Admin User [ID: dotcms.org.1][email:admin@dotcms.com]
[16/06/23 14:02:35:448 UTC]  WARN business.PermissionCacheImpl:  !!! Putting an empty list of permissions in the cache for asset:369b47db-b707-41b4-a2ff-616bf86eedb0. Every asset should have at least 1 permission (or inherited permission) associated with it
[16/06/23 14:02:36:176 UTC]  INFO delegate.SystemEventsJobDelegate: The event: 0d359036-55e7-43ef-a10c-a3680b845d31, has been skipped on the server: 300cff35-19e8-4d09-934c-c914db553427
[16/06/23 14:02:36:176 UTC]  INFO delegate.SystemEventsJobDelegate: The event: 80c19791-e976-4ad7-acc3-56454b78e46a, has been skipped on the server: 300cff35-19e8-4d09-934c-c914db553427
[16/06/23 14:02:41:530 UTC]  INFO util.SecurityLogger: class com.dotmarketing.cms.login.factories.LoginFactory : User admin@dotcms.com has sucessfully logged in from IP: 172.18.0.1 -- ip:172.18.0.1,user:Admin User [ID: dotcms.org.1][email:admin@dotcms.com]
[16/06/23 14:02:44:537 UTC]  INFO ajax.PublishingEndpointAjaxAction: receiver ; bd74f32c-e127-4deb-86ed-79b49372d0d7
[16/06/23 14:02:47:595 UTC]  INFO util.SecurityLogger: class com.dotmarketing.cms.login.factories.LoginFactory : User admin@dotcms.com has sucessfully logged in from IP: 172.18.0.1 -- ip:172.18.0.1,user:Admin User [ID: dotcms.org.1][email:admin@dotcms.com]
[16/06/23 14:02:47:605 UTC]  INFO util.PushPublishLogger: class com.dotcms.publisher.business.PublishAuditStatus : Status Update: Pending.
[16/06/23 14:02:47:610 UTC]  INFO rest.PushPublisherJob: Started bundle publish process
[16/06/23 14:02:47:610 UTC]  INFO util.PushPublishLogger: class com.dotcms.rest.PushPublisherJob : [BundleID: content_type_and_content_demo.tar.gz] Started bundle publish process
[16/06/23 14:02:47:690 UTC]  INFO util.ActivityLogger: class com.dotcms.content.elasticsearch.business.ESContentletAPIImpl: System Host : Saving Content , StartDate: N/D; EndDate: N/D; User:system; ContentIdentifier: 48190c8c-42c4-46af-8d1a-0cd5db894797
[16/06/23 14:02:47:708 UTC]  INFO timedcache.TimedCacheProvider: ***	 Building Cache : esquerycache, size:10000, seconds:3600,Concurrency:32 (every 60000 millis)
[16/06/23 14:02:47:727 UTC]  INFO business.ContentletIndexAPIImpl: Indexing: 48190c8c-42c4-46af-8d1a-0cd5db894797 : demo.dotcms.com, includeDependencies: true, policy: FORCE
[16/06/23 14:02:47:793 UTC]  INFO util.ActivityLogger: class com.dotcms.content.elasticsearch.business.ESContentletAPIImpl: System Host : Content Saved , StartDate: N/D; EndDate: N/D; User:system; ContentIdentifier: 48190c8c-42c4-46af-8d1a-0cd5db894797
[16/06/23 14:02:47:797 UTC]  INFO business.ContentletIndexAPIImpl: Indexing: 48190c8c-42c4-46af-8d1a-0cd5db894797 : demo.dotcms.com, includeDependencies: false, policy: FORCE
[16/06/23 14:02:47:797 UTC]  INFO util.PushPublishLogger: class com.dotcms.enterprise.publishing.remote.handler.ContentHandler : [BundleID: content_type_and_content_demo.tar.gz] Host publish success, ID: 48190c8c-42c4-46af-8d1a-0cd5db894797, Inode: 6e8aca39-937c-437e-91d8-d46b631bdcc8, Name: demo.dotcms.com
[16/06/23 14:02:47:816 UTC]  INFO business.ContentletIndexAPIImpl: Indexing: 48190c8c-42c4-46af-8d1a-0cd5db894797 : demo.dotcms.com, includeDependencies: true, policy: FORCE
[16/06/23 14:02:47:833 UTC]  INFO util.SecurityLogger: class com.dotmarketing.portlets.workflows.business.WorkflowAPIImpl : Workflow Scheme 'System Workflow' [d61a59e1-a49c-46f2-a929-db2b4bfa88b2] has been saved by User ID 'system' -- ip:172.18.0.1,user:Admin User [ID: dotcms.org.1][email:admin@dotcms.com]
[16/06/23 14:02:47:836 UTC]  INFO util.SecurityLogger: class com.dotmarketing.portlets.workflows.business.WorkflowAPIImpl : Workflow Step 'New' [6cb7e3bd-1710-4eed-8838-d3db60f78f19] has been saved by User ID 'system' -- ip:172.18.0.1,user:Admin User [ID: dotcms.org.1][email:admin@dotcms.com]
[16/06/23 14:02:47:839 UTC]  INFO util.SecurityLogger: class com.dotmarketing.portlets.workflows.business.WorkflowAPIImpl : Workflow Step 'Draft' [ee24a4cb-2d15-4c98-b1bd-6327126451f3] has been saved by User ID 'system' -- ip:172.18.0.1,user:Admin User [ID: dotcms.org.1][email:admin@dotcms.com]
[16/06/23 14:02:47:841 UTC]  INFO util.SecurityLogger: class com.dotmarketing.portlets.workflows.business.WorkflowAPIImpl : Workflow Step 'Published' [dc3c9cd0-8467-404b-bf95-cb7df3fbc293] has been saved by User ID 'system' -- ip:172.18.0.1,user:Admin User [ID: dotcms.org.1][email:admin@dotcms.com]
[16/06/23 14:02:47:844 UTC]  INFO util.SecurityLogger: class com.dotmarketing.portlets.workflows.business.WorkflowAPIImpl : Workflow Step 'Archived' [d6b095b6-b65f-4bdb-bbfd-701d663dfee2] has been saved by User ID 'system' -- ip:172.18.0.1,user:Admin User [ID: dotcms.org.1][email:admin@dotcms.com]
[16/06/23 14:02:47:848 UTC]  INFO util.SecurityLogger: class com.dotmarketing.portlets.workflows.business.WorkflowAPIImpl : Action id: '4da13a42-5d59-480c-ad8f-94a3adf809fe' has been reordered by user: system -- ip:172.18.0.1,user:Admin User [ID: dotcms.org.1][email:admin@dotcms.com]
[16/06/23 14:02:47:851 UTC]  WARN business.PermissionCacheImpl:  !!! Putting an empty list of permissions in the cache for asset:4da13a42-5d59-480c-ad8f-94a3adf809fe. Every asset should have at least 1 permission (or inherited permission) associated with it
[16/06/23 14:02:47:856 UTC]  INFO util.SecurityLogger: class com.dotmarketing.portlets.workflows.business.WorkflowAPIImpl : Action id: '963f6a04-5320-42e7-ab74-6d876d199946' has been reordered by user: system -- ip:172.18.0.1,user:Admin User [ID: dotcms.org.1][email:admin@dotcms.com]
[16/06/23 14:02:47:858 UTC]  WARN business.PermissionCacheImpl:  !!! Putting an empty list of permissions in the cache for asset:963f6a04-5320-42e7-ab74-6d876d199946. Every asset should have at least 1 permission (or inherited permission) associated with it
[16/06/23 14:02:47:862 UTC]  INFO util.SecurityLogger: class com.dotmarketing.portlets.workflows.business.WorkflowAPIImpl : Action id: '777f1c6b-c877-4a37-ba4b-10627316c2cc' has been reordered by user: system -- ip:172.18.0.1,user:Admin User [ID: dotcms.org.1][email:admin@dotcms.com]
[16/06/23 14:02:47:864 UTC]  WARN business.PermissionCacheImpl:  !!! Putting an empty list of permissions in the cache for asset:777f1c6b-c877-4a37-ba4b-10627316c2cc. Every asset should have at least 1 permission (or inherited permission) associated with it
[16/06/23 14:02:47:869 UTC]  INFO util.SecurityLogger: class com.dotmarketing.portlets.workflows.business.WorkflowAPIImpl : Action id: '1e0f1c6b-b67f-4c99-983d-db2b4bfa88b2' has been reordered by user: system -- ip:172.18.0.1,user:Admin User [ID: dotcms.org.1][email:admin@dotcms.com]
[16/06/23 14:02:47:870 UTC]  WARN business.PermissionCacheImpl:  !!! Putting an empty list of permissions in the cache for asset:1e0f1c6b-b67f-4c99-983d-db2b4bfa88b2. Every asset should have at least 1 permission (or inherited permission) associated with it
[16/06/23 14:02:47:878 UTC]  INFO util.SecurityLogger: class com.dotmarketing.portlets.workflows.business.WorkflowAPIImpl : Action id: 'b9d89c80-3d88-4311-8365-187323c96436' has been reordered by user: system -- ip:172.18.0.1,user:Admin User [ID: dotcms.org.1][email:admin@dotcms.com]
[16/06/23 14:02:47:879 UTC]  WARN business.PermissionCacheImpl:  !!! Putting an empty list of permissions in the cache for asset:b9d89c80-3d88-4311-8365-187323c96436. Every asset should have at least 1 permission (or inherited permission) associated with it
[16/06/23 14:02:47:884 UTC]  INFO util.SecurityLogger: class com.dotmarketing.portlets.workflows.business.WorkflowAPIImpl : Action id: 'ceca71a0-deee-4999-bd47-b01baa1bcfc8' has been reordered by user: system -- ip:172.18.0.1,user:Admin User [ID: dotcms.org.1][email:admin@dotcms.com]
[16/06/23 14:02:47:885 UTC]  WARN business.PermissionCacheImpl:  !!! Putting an empty list of permissions in the cache for asset:ceca71a0-deee-4999-bd47-b01baa1bcfc8. Every asset should have at least 1 permission (or inherited permission) associated with it
[16/06/23 14:02:47:890 UTC]  INFO util.SecurityLogger: class com.dotmarketing.portlets.workflows.business.WorkflowAPIImpl : Action id: 'c92f9aa1-9503-4567-ac30-d3242b54d02d' has been reordered by user: system -- ip:172.18.0.1,user:Admin User [ID: dotcms.org.1][email:admin@dotcms.com]
[16/06/23 14:02:47:892 UTC]  WARN business.PermissionCacheImpl:  !!! Putting an empty list of permissions in the cache for asset:c92f9aa1-9503-4567-ac30-d3242b54d02d. Every asset should have at least 1 permission (or inherited permission) associated with it
[16/06/23 14:02:47:896 UTC]  INFO util.SecurityLogger: class com.dotmarketing.portlets.workflows.business.WorkflowAPIImpl : Action id: '38efc763-d78f-4e4b-b092-59cd8c579b93' has been reordered by user: system -- ip:172.18.0.1,user:Admin User [ID: dotcms.org.1][email:admin@dotcms.com]
[16/06/23 14:02:47:898 UTC]  WARN business.PermissionCacheImpl:  !!! Putting an empty list of permissions in the cache for asset:38efc763-d78f-4e4b-b092-59cd8c579b93. Every asset should have at least 1 permission (or inherited permission) associated with it
[16/06/23 14:02:47:904 UTC]  INFO util.SecurityLogger: class com.dotmarketing.portlets.workflows.business.WorkflowAPIImpl : The action id: 'ceca71a0-deee-4999-bd47-b01baa1bcfc8' has been saved by the user: system -- ip:172.18.0.1,user:Admin User [ID: dotcms.org.1][email:admin@dotcms.com]
[16/06/23 14:02:47:910 UTC]  INFO util.SecurityLogger: class com.dotmarketing.portlets.workflows.business.WorkflowAPIImpl : The action id: 'b9d89c80-3d88-4311-8365-187323c96436' has been saved by the user: system -- ip:172.18.0.1,user:Admin User [ID: dotcms.org.1][email:admin@dotcms.com]
[16/06/23 14:02:47:914 UTC]  INFO util.SecurityLogger: class com.dotmarketing.portlets.workflows.business.WorkflowAPIImpl : The action id: '777f1c6b-c877-4a37-ba4b-10627316c2cc' has been saved by the user: system -- ip:172.18.0.1,user:Admin User [ID: dotcms.org.1][email:admin@dotcms.com]
[16/06/23 14:02:47:919 UTC]  INFO util.SecurityLogger: class com.dotmarketing.portlets.workflows.business.WorkflowAPIImpl : The action id: 'ceca71a0-deee-4999-bd47-b01baa1bcfc8' has been saved by the user: system -- ip:172.18.0.1,user:Admin User [ID: dotcms.org.1][email:admin@dotcms.com]
[16/06/23 14:02:47:922 UTC]  INFO util.SecurityLogger: class com.dotmarketing.portlets.workflows.business.WorkflowAPIImpl : The action id: '38efc763-d78f-4e4b-b092-59cd8c579b93' has been saved by the user: system -- ip:172.18.0.1,user:Admin User [ID: dotcms.org.1][email:admin@dotcms.com]
[16/06/23 14:02:47:926 UTC]  INFO util.SecurityLogger: class com.dotmarketing.portlets.workflows.business.WorkflowAPIImpl : The action id: '963f6a04-5320-42e7-ab74-6d876d199946' has been saved by the user: system -- ip:172.18.0.1,user:Admin User [ID: dotcms.org.1][email:admin@dotcms.com]
[16/06/23 14:02:47:930 UTC]  INFO util.SecurityLogger: class com.dotmarketing.portlets.workflows.business.WorkflowAPIImpl : The action id: 'b9d89c80-3d88-4311-8365-187323c96436' has been saved by the user: system -- ip:172.18.0.1,user:Admin User [ID: dotcms.org.1][email:admin@dotcms.com]
[16/06/23 14:02:47:934 UTC]  INFO util.SecurityLogger: class com.dotmarketing.portlets.workflows.business.WorkflowAPIImpl : The action id: '4da13a42-5d59-480c-ad8f-94a3adf809fe' has been saved by the user: system -- ip:172.18.0.1,user:Admin User [ID: dotcms.org.1][email:admin@dotcms.com]
[16/06/23 14:02:47:939 UTC]  INFO util.SecurityLogger: class com.dotmarketing.portlets.workflows.business.WorkflowAPIImpl : The action id: '963f6a04-5320-42e7-ab74-6d876d199946' has been saved by the user: system -- ip:172.18.0.1,user:Admin User [ID: dotcms.org.1][email:admin@dotcms.com]
[16/06/23 14:02:47:942 UTC]  INFO util.SecurityLogger: class com.dotmarketing.portlets.workflows.business.WorkflowAPIImpl : The action id: 'ceca71a0-deee-4999-bd47-b01baa1bcfc8' has been saved by the user: system -- ip:172.18.0.1,user:Admin User [ID: dotcms.org.1][email:admin@dotcms.com]
[16/06/23 14:02:47:946 UTC]  INFO util.SecurityLogger: class com.dotmarketing.portlets.workflows.business.WorkflowAPIImpl : The action id: '38efc763-d78f-4e4b-b092-59cd8c579b93' has been saved by the user: system -- ip:172.18.0.1,user:Admin User [ID: dotcms.org.1][email:admin@dotcms.com]
[16/06/23 14:02:47:950 UTC]  INFO util.SecurityLogger: class com.dotmarketing.portlets.workflows.business.WorkflowAPIImpl : The action id: '4da13a42-5d59-480c-ad8f-94a3adf809fe' has been saved by the user: system -- ip:172.18.0.1,user:Admin User [ID: dotcms.org.1][email:admin@dotcms.com]
[16/06/23 14:02:47:954 UTC]  INFO util.SecurityLogger: class com.dotmarketing.portlets.workflows.business.WorkflowAPIImpl : The action id: 'b9d89c80-3d88-4311-8365-187323c96436' has been saved by the user: system -- ip:172.18.0.1,user:Admin User [ID: dotcms.org.1][email:admin@dotcms.com]
[16/06/23 14:02:47:959 UTC]  INFO util.SecurityLogger: class com.dotmarketing.portlets.workflows.business.WorkflowAPIImpl : The action id: 'c92f9aa1-9503-4567-ac30-d3242b54d02d' has been saved by the user: system -- ip:172.18.0.1,user:Admin User [ID: dotcms.org.1][email:admin@dotcms.com]
[16/06/23 14:02:47:962 UTC]  INFO util.SecurityLogger: class com.dotmarketing.portlets.workflows.business.WorkflowAPIImpl : The action id: '777f1c6b-c877-4a37-ba4b-10627316c2cc' has been saved by the user: system -- ip:172.18.0.1,user:Admin User [ID: dotcms.org.1][email:admin@dotcms.com]
[16/06/23 14:02:47:969 UTC]  INFO util.SecurityLogger: class com.dotmarketing.portlets.workflows.business.WorkflowAPIImpl : The action id: '1e0f1c6b-b67f-4c99-983d-db2b4bfa88b2' has been saved by the user: system -- ip:172.18.0.1,user:Admin User [ID: dotcms.org.1][email:admin@dotcms.com]
[16/06/23 14:02:48:066 UTC]  INFO helper.SystemActionMappingsHandlerMerger: The mapping for systemAction: NEW, workflowAction: Optional[WorkflowAction [id=ceca71a0-deee-4999-bd47-b01baa1bcfc8, name=Save, stepId=null, nextStep=ee24a4cb-2d15-4c98-b1bd-6327126451f3]], and scheme: d61a59e1-a49c-46f2-a929-db2b4bfa88b2 has been saved
[16/06/23 14:02:48:068 UTC]  INFO helper.SystemActionMappingsHandlerMerger: The mapping for systemAction: EDIT, workflowAction: Optional[WorkflowAction [id=ceca71a0-deee-4999-bd47-b01baa1bcfc8, name=Save, stepId=null, nextStep=ee24a4cb-2d15-4c98-b1bd-6327126451f3]], and scheme: d61a59e1-a49c-46f2-a929-db2b4bfa88b2 has been saved
[16/06/23 14:02:48:070 UTC]  INFO helper.SystemActionMappingsHandlerMerger: The mapping for systemAction: UNPUBLISH, workflowAction: Optional[WorkflowAction [id=38efc763-d78f-4e4b-b092-59cd8c579b93, name=Unpublish, stepId=null, nextStep=ee24a4cb-2d15-4c98-b1bd-6327126451f3]], and scheme: d61a59e1-a49c-46f2-a929-db2b4bfa88b2 has been saved
[16/06/23 14:02:48:073 UTC]  INFO helper.SystemActionMappingsHandlerMerger: The mapping for systemAction: UNARCHIVE, workflowAction: Optional[WorkflowAction [id=c92f9aa1-9503-4567-ac30-d3242b54d02d, name=Unarchive, stepId=null, nextStep=ee24a4cb-2d15-4c98-b1bd-6327126451f3]], and scheme: d61a59e1-a49c-46f2-a929-db2b4bfa88b2 has been saved
[16/06/23 14:02:48:075 UTC]  INFO helper.SystemActionMappingsHandlerMerger: The mapping for systemAction: PUBLISH, workflowAction: Optional[WorkflowAction [id=b9d89c80-3d88-4311-8365-187323c96436, name=Publish, stepId=null, nextStep=dc3c9cd0-8467-404b-bf95-cb7df3fbc293]], and scheme: d61a59e1-a49c-46f2-a929-db2b4bfa88b2 has been saved
[16/06/23 14:02:48:077 UTC]  INFO helper.SystemActionMappingsHandlerMerger: The mapping for systemAction: ARCHIVE, workflowAction: Optional[WorkflowAction [id=4da13a42-5d59-480c-ad8f-94a3adf809fe, name=Archive, stepId=null, nextStep=d6b095b6-b65f-4bdb-bbfd-701d663dfee2]], and scheme: d61a59e1-a49c-46f2-a929-db2b4bfa88b2 has been saved
[16/06/23 14:02:48:080 UTC]  INFO helper.SystemActionMappingsHandlerMerger: The mapping for systemAction: DESTROY, workflowAction: Optional[WorkflowAction [id=1e0f1c6b-b67f-4c99-983d-db2b4bfa88b2, name=Destroy, stepId=null, nextStep=d6b095b6-b65f-4bdb-bbfd-701d663dfee2]], and scheme: d61a59e1-a49c-46f2-a929-db2b4bfa88b2 has been saved
[16/06/23 14:02:48:082 UTC]  INFO helper.SystemActionMappingsHandlerMerger: The mapping for systemAction: DELETE, workflowAction: Optional[WorkflowAction [id=777f1c6b-c877-4a37-ba4b-10627316c2cc, name=Delete, stepId=null, nextStep=d6b095b6-b65f-4bdb-bbfd-701d663dfee2]], and scheme: d61a59e1-a49c-46f2-a929-db2b4bfa88b2 has been saved
[16/06/23 14:02:48:082 UTC]  INFO util.PushPublishLogger: class com.dotcms.enterprise.publishing.remote.handler.WorkflowHandler : [BundleID: content_type_and_content_demo.tar.gz] Workflow publish success, ID: d61a59e1-a49c-46f2-a929-db2b4bfa88b2, Name: System Workflow
[16/06/23 14:02:48:109 UTC]  INFO util.ActivityLogger: class com.dotcms.contenttype.business.ContentTypeAPIImpl: system : Save ContentType Action , User system/system user system user added ContentType Host to host id:SYSTEM_HOST
[16/06/23 14:02:48:109 UTC]  INFO business.ContentTypeAPIImpl: UserId : system : ContentType : ContentType saved : Host
[16/06/23 14:02:48:109 UTC]  INFO util.AdminLogger: UserId : system : class com.dotcms.contenttype.business.ContentTypeAPIImpl : ContentType : ContentType saved : Host
[16/06/23 14:02:48:110 UTC]  INFO business.FieldAPIImpl: No changes made to field: fields0, returning
[16/06/23 14:02:48:111 UTC]  INFO business.FieldAPIImpl: No changes made to field: fields1, returning
[16/06/23 14:02:48:111 UTC]  INFO business.FieldAPIImpl: No changes made to field: hostName, returning
[16/06/23 14:02:48:112 UTC]  INFO business.FieldAPIImpl: No changes made to field: aliases, returning
[16/06/23 14:02:48:112 UTC]  INFO business.FieldAPIImpl: No changes made to field: isDefault, returning
[16/06/23 14:02:48:113 UTC]  INFO business.FieldAPIImpl: No changes made to field: tagStorage, returning
[16/06/23 14:02:48:131 UTC]  INFO util.ActivityLogger: class com.dotmarketing.util.ActivityLogger: system : Update Field Action , User system/system user modified field Host Thumbnail to Host Structure.
[16/06/23 14:02:48:137 UTC]  INFO business.FieldAPIImpl: No changes made to field: isSystemHost, returning
[16/06/23 14:02:48:138 UTC]  INFO business.FieldAPIImpl: No changes made to field: runDashboard, returning
[16/06/23 14:02:48:138 UTC]  INFO business.FieldAPIImpl: No changes made to field: metaData, returning
[16/06/23 14:02:48:139 UTC]  INFO business.FieldAPIImpl: No changes made to field: keywords, returning
[16/06/23 14:02:48:139 UTC]  INFO business.FieldAPIImpl: No changes made to field: description, returning
[16/06/23 14:02:48:140 UTC]  INFO business.FieldAPIImpl: No changes made to field: siteKeys, returning
[16/06/23 14:02:48:140 UTC]  INFO business.FieldAPIImpl: No changes made to field: googleMap, returning
[16/06/23 14:02:48:140 UTC]  INFO business.FieldAPIImpl: No changes made to field: googleAnalytics, returning
[16/06/23 14:02:48:141 UTC]  INFO business.FieldAPIImpl: No changes made to field: addThis, returning
[16/06/23 14:02:48:141 UTC]  INFO business.FieldAPIImpl: No changes made to field: proxyEditModeUrl, returning
[16/06/23 14:02:48:142 UTC]  INFO business.FieldAPIImpl: No changes made to field: embeddedDashboard, returning
[16/06/23 14:02:48:142 UTC]  INFO util.PushPublishLogger: class com.dotcms.enterprise.publishing.remote.handler.ContentTypeHandler : [BundleID: content_type_and_content_demo.tar.gz] Content Type publish success, ID: 855a2d72-f2f3-4169-8b04-ac5157c4380c, Name: Host
[16/06/23 14:02:48:143 UTC]  INFO util.SecurityLogger: class com.dotmarketing.portlets.workflows.business.WorkflowAPIImpl : Saving schemes [ [WorkflowScheme [id=d61a59e1-a49c-46f2-a929-db2b4bfa88b2, name=System Workflow, archived=false, mandatory=false]] ] for Content Type [ com.dotmarketing.portlets.structure.model.Structure@509f373[name=Host,description=System hosts information,defaultStructure=false,reviewInterval=<null>,reviewerRole=<null>,pagedetail=<null>,structureType=1,fixed=true,system=true,velocityVarName=Host,urlMapPattern=<null>,host=SYSTEM_HOST,folder=SYSTEM_FOLDER,publishDateVar=<null>,expireDateVar=<null>,modDate=Fri Jun 16 14:02:48 UTC 2023,icon=event_note,sortOrder=0,iDate=Mon Mar 28 15:10:14 UTC 2016,type=structure,owner=<null>,inode=855a2d72-f2f3-4169-8b04-ac5157c4380c,identifier=855a2d72-f2f3-4169-8b04-ac5157c4380c] ] -- ip:172.18.0.1,user:Admin User [ID: dotcms.org.1][email:admin@dotcms.com]
[16/06/23 14:02:48:159 UTC]  INFO util.ActivityLogger: class com.dotcms.contenttype.business.ContentTypeAPIImpl: system : Save ContentType Action , User system/system user system user added ContentType type_2 to host id:48190c8c-42c4-46af-8d1a-0cd5db894797
[16/06/23 14:02:48:159 UTC]  INFO business.ContentTypeAPIImpl: UserId : system : ContentType : ContentType saved : type_2
[16/06/23 14:02:48:159 UTC]  INFO util.AdminLogger: UserId : system : class com.dotcms.contenttype.business.ContentTypeAPIImpl : ContentType : ContentType saved : type_2
[16/06/23 14:02:48:160 UTC]  INFO business.FieldAPIImpl: No changes made to field: fields0, returning
[16/06/23 14:02:48:160 UTC]  INFO business.FieldAPIImpl: No changes made to field: fields1, returning
[16/06/23 14:02:48:161 UTC]  INFO business.FieldAPIImpl: No changes made to field: text1, returning
[16/06/23 14:02:48:161 UTC]  INFO util.PushPublishLogger: class com.dotcms.enterprise.publishing.remote.handler.ContentTypeHandler : [BundleID: content_type_and_content_demo.tar.gz] Content Type publish success, ID: ea533f67-4883-42bb-9701-83293e7313e5, Name: type_2
[16/06/23 14:02:48:161 UTC]  INFO util.SecurityLogger: class com.dotmarketing.portlets.workflows.business.WorkflowAPIImpl : Saving schemes [ [WorkflowScheme [id=d61a59e1-a49c-46f2-a929-db2b4bfa88b2, name=System Workflow, archived=false, mandatory=false]] ] for Content Type [ com.dotmarketing.portlets.structure.model.Structure@54db5eb4[name=type_2,description=<null>,defaultStructure=false,reviewInterval=<null>,reviewerRole=<null>,pagedetail=<null>,structureType=1,fixed=false,system=false,velocityVarName=Type2,urlMapPattern=<null>,host=48190c8c-42c4-46af-8d1a-0cd5db894797,folder=SYSTEM_FOLDER,publishDateVar=<null>,expireDateVar=<null>,modDate=Fri Jun 16 14:02:48 UTC 2023,icon=event_note,sortOrder=0,iDate=Thu Oct 08 17:32:19 UTC 2020,type=structure,owner=<null>,inode=ea533f67-4883-42bb-9701-83293e7313e5,identifier=ea533f67-4883-42bb-9701-83293e7313e5] ] -- ip:172.18.0.1,user:Admin User [ID: dotcms.org.1][email:admin@dotcms.com]
[16/06/23 14:02:48:170 UTC]  INFO util.PushPublishLogger: class com.dotcms.enterprise.publishing.remote.handler.LanguageVariablesHandler : [BundleID: content_type_and_content_demo.tar.gz] Language File publish success, Name: cms_language_en.properties
[16/06/23 14:02:48:171 UTC]  INFO util.PushPublishLogger: class com.dotcms.enterprise.publishing.remote.handler.LanguageVariablesHandler : [BundleID: content_type_and_content_demo.tar.gz] Language File publish success, Name: cms_language_en_US.properties
[16/06/23 14:02:48:171 UTC]  INFO util.PushPublishLogger: class com.dotcms.enterprise.publishing.remote.handler.LanguageVariablesHandler : [BundleID: content_type_and_content_demo.tar.gz] Language File publish success, Name: cms_language_es.properties
[16/06/23 14:02:48:171 UTC]  INFO util.PushPublishLogger: class com.dotcms.enterprise.publishing.remote.handler.LanguageVariablesHandler : [BundleID: content_type_and_content_demo.tar.gz] Language File publish success, Name: cms_language_es_ES.properties
[16/06/23 14:02:48:171 UTC]  INFO util.PushPublishLogger: class com.dotcms.enterprise.publishing.remote.handler.LanguageVariablesHandler : [BundleID: content_type_and_content_demo.tar.gz] Language File publish success, Name: cms_language_fr.properties
[16/06/23 14:02:48:171 UTC]  INFO util.PushPublishLogger: class com.dotcms.enterprise.publishing.remote.handler.LanguageVariablesHandler : [BundleID: content_type_and_content_demo.tar.gz] Language File publish success, Name: cms_language_fr_FR.properties
[16/06/23 14:02:48:171 UTC]  INFO util.PushPublishLogger: class com.dotcms.enterprise.publishing.remote.handler.LanguageVariablesHandler : [BundleID: content_type_and_content_demo.tar.gz] Language File publish success, Name: cms_language_zh.properties
[16/06/23 14:02:48:171 UTC]  INFO util.PushPublishLogger: class com.dotcms.enterprise.publishing.remote.handler.LanguageVariablesHandler : [BundleID: content_type_and_content_demo.tar.gz] Language File publish success, Name: cms_language_zh_CN.properties
[16/06/23 14:02:48:388 UTC]  INFO reindex.ReindexThread: --- Unpausing reindex thread 
[16/06/23 14:02:48:596 UTC]  INFO reindex.BulkProcessorListener: -----------
[16/06/23 14:02:48:597 UTC]  INFO reindex.BulkProcessorListener: Reindexing Server #  : 1 of 1
[16/06/23 14:02:48:598 UTC]  INFO reindex.BulkProcessorListener: Total Indexed        : 0
[16/06/23 14:02:48:599 UTC]  INFO reindex.BulkProcessorListener: ReindexEntries found : 3
[16/06/23 14:02:48:599 UTC]  INFO reindex.BulkProcessorListener: BulkRequests created : 6
[16/06/23 14:02:48:600 UTC]  INFO reindex.BulkProcessorListener: -----------
[16/06/23 14:02:53:390 UTC]  INFO concurrent.Debouncer: Debouncing : invalidateGraphSchema after 5000 MILLISECONDS
[16/06/23 14:02:54:406 UTC]  INFO util.PushPublishLogger: class com.dotcms.rest.PushPublisherJob : [BundleID: content_type_and_content_demo.tar.gz] Finished bundle publish process
[16/06/23 14:02:54:406 UTC]  INFO rest.PushPublisherJob: Finished bundle publish process
[16/06/23 14:02:57:504 UTC]  INFO util.SecurityLogger: class com.dotmarketing.cms.login.factories.LoginFactory : User admin@dotcms.com has sucessfully logged in from IP: 172.18.0.1 -- ip:172.18.0.1,user:Admin User [ID: dotcms.org.1][email:admin@dotcms.com]
[16/06/23 14:02:57:508 UTC]  INFO rest.BundleResource: Deleting all bundles by the user: dotcms.org.1
[16/06/23 14:02:57:514 UTC]  INFO business.BundleAPIImpl: Deleting all bundles with statuses: [BUNDLE_REQUESTED, BUNDLING, SENDING_TO_ENDPOINTS, FAILED_TO_SEND_TO_ALL_GROUPS, FAILED_TO_SEND_TO_SOME_GROUPS, FAILED_TO_BUNDLE, FAILED_TO_SENT, FAILED_TO_PUBLISH, SUCCESS, BUNDLE_SENT_SUCCESSFULLY, RECEIVED_BUNDLE, PUBLISHING_BUNDLE, WAITING_FOR_PUBLISHING, BUNDLE_SAVED_SUCCESSFULLY, INVALID_TOKEN, LICENSE_REQUIRED, SUCCESS_WITH_WARNINGS, FAILED_INTEGRITY_CHECK]by the user: dotcms.org.1
[16/06/23 14:02:57:517 UTC]  INFO business.BundleAPIImpl: Removing bundle: content_type_and_content_demo and dependencies by: dotcms.org.1
[16/06/23 14:02:57:517 UTC]  INFO business.BundleAPIImpl: Removing audit status for a bundle: content_type_and_content_demo
[16/06/23 14:02:57:517 UTC]  INFO business.PublishAuditAPIImpl: Deleting the bundle: content_type_and_content_demo
[16/06/23 14:02:57:523 UTC]  INFO business.BundleAPIImpl: Removing all assets from bundle: content_type_and_content_demo
[16/06/23 14:02:57:523 UTC]  INFO business.BundleAPIImpl: Removing environments from bundle: content_type_and_content_demo
[16/06/23 14:02:57:524 UTC]  INFO business.BundleAPIImpl: Removing bundle: content_type_and_content_demo
[16/06/23 14:02:57:549 UTC]  INFO business.BundleAPIImpl: Deleted 1 bundles, failed 0 bundles
[16/06/23 14:02:57:551 UTC]  WARN struts.MultiMessageResources: Duplicate resource property definition (key=was ==> is now): contenttypes.content.copy=Copy ==> Copy
[16/06/23 14:02:57:554 UTC]  WARN struts.MultiMessageResources: Duplicate resource property definition (key=was ==> is now): message.category.import=Importing Categories.  This operation cannot be cancelled or undone. ==> IMPORT
[16/06/23 14:02:57:554 UTC]  WARN struts.MultiMessageResources: Duplicate resource property definition (key=was ==> is now): message.containers.create.content_type_code=Content Type Code ==> Content Type Code
[16/06/23 14:02:57:556 UTC]  WARN struts.MultiMessageResources: Duplicate resource property definition (key=was ==> is now): Save=Save ==> Save
[16/06/23 14:02:57:558 UTC]  WARN struts.MultiMessageResources: Duplicate resource property definition (key=was ==> is now): Move=Move ==> Move
[16/06/23 14:02:57:559 UTC]  WARN struts.MultiMessageResources: Duplicate resource property definition (key=was ==> is now): archived=archived ==> Archived
[16/06/23 14:03:01:181 UTC]  INFO delegate.SystemEventsJobDelegate: The event: 151b1330-9781-4472-b983-b917367bf875, has been skipped on the server: 300cff35-19e8-4d09-934c-c914db553427
[16/06/23 14:03:01:181 UTC]  INFO delegate.SystemEventsJobDelegate: The event: c5b09739-60f3-43dd-9d10-6f70be14e9f4, has been skipped on the server: 300cff35-19e8-4d09-934c-c914db553427
[16/06/23 14:03:10:607 UTC]  INFO util.SecurityLogger: class com.dotmarketing.cms.login.factories.LoginFactory : User admin@dotcms.com has sucessfully logged in from IP: 172.18.0.1 -- ip:172.18.0.1,user:Admin User [ID: dotcms.org.1][email:admin@dotcms.com]
[16/06/23 14:03:10:611 UTC]  WARN ajax.RemotePublishAjaxAction: Unable to find asset id = [ea533f67-4883-42bb-9701-83293e7313e5]
[16/06/23 14:03:10:615 UTC]  INFO util.PushPublishLogger: class com.dotcms.publisher.business.PublisherAPIImpl : [BundleID: 01H3288RWJ6P6SCJGZ4PYTCTS7] Asset added to Push Publish Queue. Action: Added by Browsing, Asset Type: contenttype, Asset Id: ea533f67-4883-42bb-9701-83293e7313e5, User: dotcms.org.1
[16/06/23 14:03:13:684 UTC]  INFO util.SecurityLogger: class com.dotmarketing.cms.login.factories.LoginFactory : User admin@dotcms.com has sucessfully logged in from IP: 172.18.0.1 -- ip:172.18.0.1,user:Admin User [ID: dotcms.org.1][email:admin@dotcms.com]
[16/06/23 14:03:15:716 UTC]  INFO business.PublisherQueueJob: 
[16/06/23 14:03:15:716 UTC]  INFO business.PublisherQueueJob: Found 1 bundle(s) to process.
[16/06/23 14:03:15:716 UTC]  INFO business.PublisherQueueJob: 
[16/06/23 14:03:15:716 UTC]  INFO business.PublisherQueueJob: Processing bundle: ID: 01H3288RWJ6P6SCJGZ4PYTCTS7. Status: Starting. Publish Date: 2020-09-10 17:14:00.0
[16/06/23 14:03:15:716 UTC]  INFO util.PushPublishLogger: class com.dotcms.publisher.business.PublishAuditStatus : Status Update: Pending.
[16/06/23 14:03:15:716 UTC]  INFO util.PushPublishLogger: class com.dotcms.publisher.business.PublisherQueueJob : Pre-publish work started.
[16/06/23 14:03:15:719 UTC]  INFO util.PushPublishLogger: class com.dotcms.publisher.business.PublisherQueueJob : Pre-publish work complete.
[16/06/23 14:03:15:719 UTC]  INFO util.PushPublishLogger: class com.dotcms.publishing.PublisherAPIImpl : [BundleID: 01H3288RWJ6P6SCJGZ4PYTCTS7] Started Publishing Task
[16/06/23 14:03:15:721 UTC]  INFO publishing.PublisherAPIImpl: Start of Bundler: DependencyBundler
[16/06/23 14:03:24:762 UTC]  INFO dependencies.ConcurrentDependencyProcessor: DependencyProcessor Finished
[16/06/23 14:03:24:762 UTC]  INFO publishing.PublisherAPIImpl: End of Bundler: DependencyBundler
[16/06/23 14:03:24:762 UTC]  INFO publishing.PublisherAPIImpl: Start of Bundler: HostBundler
[16/06/23 14:03:24:764 UTC]  INFO util.PushPublishLogger: class com.dotcms.enterprise.publishing.remote.bundler.HostBundler : Status Update: Bundling.
[16/06/23 14:03:24:795 UTC]  INFO bundler.HostBundler: Searching for ContentletVersionInfo. Identifier: 48190c8c-42c4-46af-8d1a-0cd5db894797. Language:1
[16/06/23 14:03:24:808 UTC]  INFO util.PushPublishLogger: class com.dotcms.enterprise.publishing.remote.bundler.HostBundler : Status Update: Bundling.
[16/06/23 14:03:24:809 UTC]  INFO publishing.PublisherAPIImpl: End of Bundler: HostBundler
[16/06/23 14:03:24:809 UTC]  INFO publishing.PublisherAPIImpl: Start of Bundler: ContentBundler
[16/06/23 14:03:24:811 UTC]  INFO util.PushPublishLogger: class com.dotcms.enterprise.publishing.remote.bundler.ContentBundler : Status Update: Bundling.
[16/06/23 14:03:24:817 UTC]  INFO util.PushPublishLogger: class com.dotcms.enterprise.publishing.remote.bundler.ContentBundler : Status Update: Bundling.
[16/06/23 14:03:24:820 UTC]  INFO publishing.PublisherAPIImpl: End of Bundler: ContentBundler
[16/06/23 14:03:24:820 UTC]  INFO publishing.PublisherAPIImpl: Start of Bundler: FolderBundler
[16/06/23 14:03:24:821 UTC]  INFO publishing.PublisherAPIImpl: End of Bundler: FolderBundler
[16/06/23 14:03:24:821 UTC]  INFO publishing.PublisherAPIImpl: Start of Bundler: TemplateBundler
[16/06/23 14:03:24:821 UTC]  INFO publishing.PublisherAPIImpl: End of Bundler: TemplateBundler
[16/06/23 14:03:24:821 UTC]  INFO publishing.PublisherAPIImpl: Start of Bundler: ContainerBundler
[16/06/23 14:03:24:821 UTC]  INFO publishing.PublisherAPIImpl: End of Bundler: ContainerBundler
[16/06/23 14:03:24:821 UTC]  INFO publishing.PublisherAPIImpl: Start of Bundler: RuleBundler
[16/06/23 14:03:24:821 UTC]  INFO publishing.PublisherAPIImpl: End of Bundler: RuleBundler
[16/06/23 14:03:24:821 UTC]  INFO publishing.PublisherAPIImpl: Start of Bundler: LinkBundler
[16/06/23 14:03:24:821 UTC]  INFO publishing.PublisherAPIImpl: End of Bundler: LinkBundler
[16/06/23 14:03:24:821 UTC]  INFO publishing.PublisherAPIImpl: Start of Bundler: ContentTypeBundler
[16/06/23 14:03:24:828 UTC]  INFO publishing.PublisherAPIImpl: End of Bundler: ContentTypeBundler
[16/06/23 14:03:24:828 UTC]  INFO publishing.PublisherAPIImpl: Start of Bundler: RelationshipBundler
[16/06/23 14:03:24:828 UTC]  INFO publishing.PublisherAPIImpl: End of Bundler: RelationshipBundler
[16/06/23 14:03:24:828 UTC]  INFO publishing.PublisherAPIImpl: Start of Bundler: LanguageVariablesBundler
[16/06/23 14:03:24:834 UTC]  WARN util.FileUtil: /data/shared/assets/messages/cms_language_zh_CN.properties is empty
[16/06/23 14:03:24:839 UTC]  WARN util.FileUtil: /data/shared/assets/messages/cms_language_es_ES.properties is empty
[16/06/23 14:03:24:840 UTC]  WARN util.FileUtil: /data/shared/assets/messages/cms_language_en_US.properties is empty
[16/06/23 14:03:24:840 UTC]  WARN util.FileUtil: /data/shared/assets/messages/cms_language_fr_FR.properties is empty
[16/06/23 14:03:24:841 UTC]  INFO publishing.PublisherAPIImpl: End of Bundler: LanguageVariablesBundler
[16/06/23 14:03:24:841 UTC]  INFO publishing.PublisherAPIImpl: Start of Bundler: WorkflowBundler
[16/06/23 14:03:24:952 UTC]  INFO publishing.PublisherAPIImpl: End of Bundler: WorkflowBundler
[16/06/23 14:03:24:952 UTC]  INFO publishing.PublisherAPIImpl: Start of Bundler: LanguageBundler
[16/06/23 14:03:24:952 UTC]  INFO publishing.PublisherAPIImpl: End of Bundler: LanguageBundler
[16/06/23 14:03:24:952 UTC]  INFO publishing.PublisherAPIImpl: Start of Bundler: BundleXMLAsc
[16/06/23 14:03:24:952 UTC]  INFO publishing.PublisherAPIImpl: End of Bundler: BundleXMLAsc
[16/06/23 14:03:24:952 UTC]  INFO publishing.PublisherAPIImpl: Start of Bundler: CategoryBundler
[16/06/23 14:03:24:952 UTC]  INFO publishing.PublisherAPIImpl: End of Bundler: CategoryBundler
[16/06/23 14:03:25:007 UTC]  INFO util.PushPublishLogger: class com.dotcms.publisher.pusher.PushPublisher : Status Update: Sending to all environments
[16/06/23 14:03:25:009 UTC]  INFO util.PushPublishLogger: class com.dotcms.publisher.pusher.PushPublisher : Status Update: Sending Bundle
[16/06/23 14:03:25:029 UTC]  INFO pusher.AuthCredentialPushPublishUtil: Is JWT in Push publish avaible?: false
[16/06/23 14:03:25:029 UTC]  INFO pusher.AuthCredentialPushPublishUtil: PublishingEndPoint: receiver-1686924092148
[16/06/23 14:03:25:029 UTC]  INFO pusher.AuthCredentialPushPublishUtil: PublishingEndPoint key: Optional[pmWkWSBCL51Bfkhn79xPuKBKHz//H6B+mY6G9/eieuM=]
[16/06/23 14:03:25:029 UTC]  INFO pusher.AuthCredentialPushPublishUtil: Token from request: 8SNNdReNiSoTOkEDVaWpkM910vM+uiXVdZQ9TfYy86Q=
[16/06/23 14:03:25:031 UTC] ERROR rest.IntegrityResource: Receiver at localhost:8080:> Authentication Token is invalid for ip: 127.0.0.1
[16/06/23 14:03:31:041 UTC]  INFO util.PushPublishLogger: class com.dotcms.publisher.pusher.PushPublisher : Invalid token
[16/06/23 14:03:31:778 UTC]  INFO util.SecurityLogger: class com.dotmarketing.cms.login.factories.LoginFactory : User admin@dotcms.com has sucessfully logged in from IP: 172.18.0.1 -- ip:172.18.0.1,user:Admin User [ID: dotcms.org.1][email:admin@dotcms.com]
[16/06/23 14:03:34:048 UTC]  INFO util.PushPublishLogger: class com.dotcms.publishing.PublisherAPIImpl : [BundleID: 01H3288RWJ6P6SCJGZ4PYTCTS7] Completed Publishing Task
[16/06/23 14:03:36:905 UTC]  INFO util.SecurityLogger: class com.dotcms.cms.login.LoginServiceAPIFactory$LoginServiceImpl : User dotcms.org.1 has successfully login from IP: 172.18.0.1 -- ip:172.18.0.1,user:Admin User [ID: dotcms.org.1][email:admin@dotcms.com]
[16/06/23 14:03:37:067 UTC]  INFO pusher.AuthCredentialPushPublishUtil: Is JWT in Push publish avaible?: false
[16/06/23 14:03:37:068 UTC]  INFO pusher.AuthCredentialPushPublishUtil: PublishingEndPoint: null
[16/06/23 14:03:37:068 UTC]  WARN pusher.PushPublisher: Endpoint or endpoint key is null:null
[16/06/23 14:03:37:069 UTC]  INFO pusher.AuthCredentialPushPublishUtil: PublishingEndPoint key: Optional.empty
[16/06/23 14:03:37:069 UTC] ERROR rest.IntegrityResource: Receiver at df17acdf7877:8080:> Authentication Token is invalid for ip: 172.18.0.1
[16/06/23 14:03:41:110 UTC]  INFO util.SecurityLogger: class com.dotcms.cms.login.LoginServiceAPIFactory$LoginServiceImpl : User dotcms.org.1 has successfully login from IP: 172.18.0.1 -- ip:172.18.0.1,user:Admin User [ID: dotcms.org.1][email:admin@dotcms.com]
[16/06/23 14:03:43:182 UTC]  INFO pusher.AuthCredentialPushPublishUtil: Is JWT in Push publish avaible?: false
[16/06/23 14:03:43:182 UTC]  INFO pusher.AuthCredentialPushPublishUtil: PublishingEndPoint: null
[16/06/23 14:03:43:182 UTC]  WARN pusher.PushPublisher: Endpoint or endpoint key is null:null
[16/06/23 14:03:43:182 UTC]  INFO pusher.AuthCredentialPushPublishUtil: PublishingEndPoint key: Optional.empty
[16/06/23 14:03:43:182 UTC] ERROR rest.IntegrityResource: Receiver at df17acdf7877:8080:> Authentication Token is invalid for ip: 172.18.0.1
[16/06/23 14:03:43:235 UTC]  INFO pusher.AuthCredentialPushPublishUtil: Is JWT in Push publish avaible?: false
[16/06/23 14:03:43:235 UTC]  INFO pusher.AuthCredentialPushPublishUtil: PublishingEndPoint: null
[16/06/23 14:03:43:235 UTC]  WARN pusher.PushPublisher: Endpoint or endpoint key is null:null
[16/06/23 14:03:43:235 UTC]  INFO pusher.AuthCredentialPushPublishUtil: PublishingEndPoint key: Optional.empty
[16/06/23 14:03:43:235 UTC] ERROR rest.IntegrityResource: Receiver at df17acdf7877:8080:> Authentication Token is invalid for ip: 172.18.0.1
[16/06/23 14:03:43:281 UTC]  INFO pusher.AuthCredentialPushPublishUtil: Is JWT in Push publish avaible?: false
[16/06/23 14:03:43:281 UTC]  INFO pusher.AuthCredentialPushPublishUtil: PublishingEndPoint: null
[16/06/23 14:03:43:281 UTC]  WARN pusher.PushPublisher: Endpoint or endpoint key is null:null
[16/06/23 14:03:43:281 UTC]  INFO pusher.AuthCredentialPushPublishUtil: PublishingEndPoint key: Optional.empty
[16/06/23 14:03:43:281 UTC] ERROR rest.IntegrityResource: Receiver at df17acdf7877:8080:> Authentication Token is invalid for ip: 172.18.0.1
[16/06/23 14:03:47:147 UTC]  INFO util.SecurityLogger: class com.dotcms.cms.login.LoginServiceAPIFactory$LoginServiceImpl : User dotcms.org.1 has successfully login from IP: 172.18.0.1 -- ip:172.18.0.1,user:Admin User [ID: dotcms.org.1][email:admin@dotcms.com]
[16/06/23 14:03:47:218 UTC] ERROR rest.BundlePublisherResource: Push Publishing failed from 172.18.0.1 bundle expected
[16/06/23 14:03:47:259 UTC]  INFO pusher.AuthCredentialPushPublishUtil: Is JWT in Push publish avaible?: false
[16/06/23 14:03:47:259 UTC]  INFO pusher.AuthCredentialPushPublishUtil: PublishingEndPoint: null
[16/06/23 14:03:47:259 UTC]  WARN pusher.PushPublisher: Endpoint or endpoint key is null:null
[16/06/23 14:03:47:259 UTC]  INFO pusher.AuthCredentialPushPublishUtil: PublishingEndPoint key: Optional.empty
[16/06/23 14:03:47:260 UTC] ERROR rest.IntegrityResource: Receiver at df17acdf7877:8080:> Authentication Token is invalid for ip: 172.18.0.1
[16/06/23 14:03:52:227 UTC]  INFO util.SecurityLogger: class com.dotcms.cms.login.LoginServiceAPIFactory$LoginServiceImpl : User dotcms.org.1 has successfully login from IP: 172.18.0.1 -- ip:172.18.0.1,user:Admin User [ID: dotcms.org.1][email:admin@dotcms.com]
[16/06/23 14:03:55:306 UTC]  INFO util.SecurityLogger: class com.dotmarketing.cms.login.factories.LoginFactory : User admin@dotcms.com has sucessfully logged in from IP: 172.18.0.1 -- ip:172.18.0.1,user:Admin User [ID: dotcms.org.1][email:admin@dotcms.com]
[16/06/23 14:03:58:342 UTC]  INFO util.SecurityLogger: class com.dotmarketing.cms.login.factories.LoginFactory : User admin@dotcms.com has sucessfully logged in from IP: 172.18.0.1 -- ip:172.18.0.1,user:Admin User [ID: dotcms.org.1][email:admin@dotcms.com]
[16/06/23 14:03:58:564 UTC]  INFO publishing.PublisherAPIImpl: Push Publishing Filters Directory: Lazy(/data/shared/assets/server/publishing-filters)
[16/06/23 14:03:58:565 UTC]  INFO publishing.PublisherAPIImpl: Loading Push Publish Filter: Intelligent.yml
[16/06/23 14:03:58:566 UTC]  INFO publishing.PublisherAPIImpl: FilterDescriptor{key=Intelligent.yml, title=Everything and Dependencies, sort=3, default=true, roles=DOTCMS_BACK_END_USER, filters{{excludeQuery=, excludeClasses=[], dependencies=true, excludeDependencyQuery=, excludeDependencyClasses=[], forcePush=false, relationships=true}}}
[16/06/23 14:03:58:566 UTC]  INFO publishing.PublisherAPIImpl: Loading Push Publish Filter: ShallowPush.yml
[16/06/23 14:03:58:569 UTC]  INFO publishing.PublisherAPIImpl: FilterDescriptor{key=ShallowPush.yml, title=Only Selected Items, sort=5, default=false, roles=DOTCMS_BACK_END_USER, filters{{excludeQuery=, excludeClasses=[], dependencies=false, excludeDependencyQuery=, excludeDependencyClasses=[], forcePush=false, relationships=false}}}
[16/06/23 14:03:58:569 UTC]  INFO publishing.PublisherAPIImpl: Loading Push Publish Filter: WebContentOnly.yml
[16/06/23 14:03:58:570 UTC]  INFO publishing.PublisherAPIImpl: FilterDescriptor{key=WebContentOnly.yml, title=Content, Assets and Pages, sort=2, default=false, roles=DOTCMS_BACK_END_USER, filters{{excludeQuery=, excludeClasses=[Host, Workflow, ContentType, User, OSGI, Language], dependencies=true, excludeDependencyQuery=, excludeDependencyClasses=[Host, Workflow, ContentType, Language], forcePush=false, relationships=true}}}
[16/06/23 14:03:58:570 UTC]  INFO publishing.PublisherAPIImpl: Loading Push Publish Filter: ForcePush.yml
[16/06/23 14:03:58:571 UTC]  INFO publishing.PublisherAPIImpl: FilterDescriptor{key=ForcePush.yml, title=Force Push Everything, sort=4, default=false, roles=DOTCMS_BACK_END_USER, filters{{excludeQuery=, excludeClasses=[], dependencies=true, excludeDependencyQuery=, excludeDependencyClasses=[], forcePush=true, relationships=true}}}
[16/06/23 14:03:58:571 UTC]  INFO publishing.PublisherAPIImpl: Loading Push Publish Filter: ContentOnly.yml
[16/06/23 14:03:58:576 UTC]  INFO publishing.PublisherAPIImpl: FilterDescriptor{key=ContentOnly.yml, title=Content and Relationships, sort=1, default=false, roles=DOTCMS_BACK_END_USER, filters{{excludeQuery=, excludeClasses=[ContentType, Template, Containers, Folder, Host, Links, Workflow, Language, Rule, User, OSGI], dependencies=true, excludeDependencyQuery=, excludeDependencyClasses=[ContentType, Template, Containers, Folder, Host, Links, Workflow, Language, Rule], forcePush=false, relationships=true}}}
[16/06/23 14:03:58:576 UTC]  INFO publishing.PublisherAPIImpl: Loading Push Publish Filter: NoWorkflow.yml
[16/06/23 14:03:58:585 UTC]  INFO publishing.PublisherAPIImpl: FilterDescriptor{key=NoWorkflow.yml, title=Push without Wofklows, sort=1000, default=false, roles=DOTCMS_BACK_END_USER, filters{{excludeQuery=, excludeClasses=[Host, Workflow, OSGI], dependencies=true, excludeDependencyQuery=, excludeDependencyClasses=[Host, Workflow], forcePush=false, relationships=false}}}
[16/06/23 14:04:00:081 UTC]  INFO business.PublisherQueueJob: ===========================================================
[16/06/23 14:04:00:081 UTC]  INFO business.PublisherQueueJob: For bundle '01H3288RWJ6P6SCJGZ4PYTCTS7':
[16/06/23 14:04:00:081 UTC]  INFO business.PublisherQueueJob: -> Status             : WAITING_FOR_PUBLISHING [13]
[16/06/23 14:04:00:081 UTC]  INFO business.PublisherQueueJob: ===========================================================
[16/06/23 14:04:01:623 UTC]  INFO util.SecurityLogger: class com.dotmarketing.cms.login.factories.LoginFactory : User admin@dotcms.com has sucessfully logged in from IP: 172.18.0.1 -- ip:172.18.0.1,user:Admin User [ID: dotcms.org.1][email:admin@dotcms.com]
[16/06/23 14:04:01:632 UTC]  INFO publishing.PublisherAPIImpl: Push Publishing Filters Directory: Lazy(/data/shared/assets/server/publishing-filters)
[16/06/23 14:04:01:633 UTC]  INFO publishing.PublisherAPIImpl: Loading Push Publish Filter: Intelligent.yml
[16/06/23 14:04:01:634 UTC]  INFO publishing.PublisherAPIImpl: FilterDescriptor{key=Intelligent.yml, title=Everything and Dependencies, sort=3, default=true, roles=DOTCMS_BACK_END_USER, filters{{excludeQuery=, excludeClasses=[], dependencies=true, excludeDependencyQuery=, excludeDependencyClasses=[], forcePush=false, relationships=true}}}
[16/06/23 14:04:01:634 UTC]  INFO publishing.PublisherAPIImpl: Loading Push Publish Filter: ShallowPush.yml
[16/06/23 14:04:01:636 UTC]  INFO publishing.PublisherAPIImpl: FilterDescriptor{key=ShallowPush.yml, title=Only Selected Items, sort=5, default=false, roles=DOTCMS_BACK_END_USER, filters{{excludeQuery=, excludeClasses=[], dependencies=false, excludeDependencyQuery=, excludeDependencyClasses=[], forcePush=false, relationships=false}}}
[16/06/23 14:04:01:636 UTC]  INFO publishing.PublisherAPIImpl: Loading Push Publish Filter: WebContentOnly.yml
[16/06/23 14:04:01:637 UTC]  INFO publishing.PublisherAPIImpl: FilterDescriptor{key=WebContentOnly.yml, title=Content, Assets and Pages, sort=2, default=false, roles=DOTCMS_BACK_END_USER, filters{{excludeQuery=, excludeClasses=[Host, Workflow, ContentType, User, OSGI, Language], dependencies=true, excludeDependencyQuery=, excludeDependencyClasses=[Host, Workflow, ContentType, Language], forcePush=false, relationships=true}}}
[16/06/23 14:04:01:637 UTC]  INFO publishing.PublisherAPIImpl: Loading Push Publish Filter: TestPPFilter.yml
[16/06/23 14:04:01:639 UTC]  INFO publishing.PublisherAPIImpl: FilterDescriptor{key=TestPPFilter.yml, title=Force Push Everything, sort=20, default=false, roles=DOTCMS_BACK_END_USER, filters{{excludeQuery=, excludeClasses=[], dependencies=true, excludeDependencyQuery=, excludeDependencyClasses=[], forcePush=true, relationships=true}}}
[16/06/23 14:04:01:639 UTC]  INFO publishing.PublisherAPIImpl: Loading Push Publish Filter: ForcePush.yml
[16/06/23 14:04:01:641 UTC]  INFO publishing.PublisherAPIImpl: FilterDescriptor{key=ForcePush.yml, title=Force Push Everything, sort=4, default=false, roles=DOTCMS_BACK_END_USER, filters{{excludeQuery=, excludeClasses=[], dependencies=true, excludeDependencyQuery=, excludeDependencyClasses=[], forcePush=true, relationships=true}}}
[16/06/23 14:04:01:641 UTC]  INFO publishing.PublisherAPIImpl: Loading Push Publish Filter: ContentOnly.yml
[16/06/23 14:04:01:642 UTC]  INFO publishing.PublisherAPIImpl: FilterDescriptor{key=ContentOnly.yml, title=Content and Relationships, sort=1, default=false, roles=DOTCMS_BACK_END_USER, filters{{excludeQuery=, excludeClasses=[ContentType, Template, Containers, Folder, Host, Links, Workflow, Language, Rule, User, OSGI], dependencies=true, excludeDependencyQuery=, excludeDependencyClasses=[ContentType, Template, Containers, Folder, Host, Links, Workflow, Language, Rule], forcePush=false, relationships=true}}}
[16/06/23 14:04:01:642 UTC]  INFO publishing.PublisherAPIImpl: Loading Push Publish Filter: NoWorkflow.yml
[16/06/23 14:04:01:643 UTC]  INFO publishing.PublisherAPIImpl: FilterDescriptor{key=NoWorkflow.yml, title=Push without Wofklows, sort=1000, default=false, roles=DOTCMS_BACK_END_USER, filters{{excludeQuery=, excludeClasses=[Host, Workflow, OSGI], dependencies=true, excludeDependencyQuery=, excludeDependencyClasses=[Host, Workflow], forcePush=false, relationships=false}}}
[16/06/23 14:04:04:682 UTC]  INFO util.SecurityLogger: class com.dotmarketing.cms.login.factories.LoginFactory : User admin@dotcms.com has sucessfully logged in from IP: 172.18.0.1 -- ip:172.18.0.1,user:Admin User [ID: dotcms.org.1][email:admin@dotcms.com]
[16/06/23 14:04:04:692 UTC]  INFO publishing.PublisherAPIImpl: Push Publishing Filters Directory: Lazy(/data/shared/assets/server/publishing-filters)
[16/06/23 14:04:04:692 UTC]  INFO publishing.PublisherAPIImpl: Loading Push Publish Filter: Intelligent.yml
[16/06/23 14:04:04:694 UTC]  INFO publishing.PublisherAPIImpl: FilterDescriptor{key=Intelligent.yml, title=Everything and Dependencies, sort=3, default=true, roles=DOTCMS_BACK_END_USER, filters{{excludeQuery=, excludeClasses=[], dependencies=true, excludeDependencyQuery=, excludeDependencyClasses=[], forcePush=false, relationships=true}}}
[16/06/23 14:04:04:694 UTC]  INFO publishing.PublisherAPIImpl: Loading Push Publish Filter: ShallowPush.yml
[16/06/23 14:04:04:696 UTC]  INFO publishing.PublisherAPIImpl: FilterDescriptor{key=ShallowPush.yml, title=Only Selected Items, sort=5, default=false, roles=DOTCMS_BACK_END_USER, filters{{excludeQuery=, excludeClasses=[], dependencies=false, excludeDependencyQuery=, excludeDependencyClasses=[], forcePush=false, relationships=false}}}
[16/06/23 14:04:04:696 UTC]  INFO publishing.PublisherAPIImpl: Loading Push Publish Filter: WebContentOnly.yml
[16/06/23 14:04:04:698 UTC]  INFO publishing.PublisherAPIImpl: FilterDescriptor{key=WebContentOnly.yml, title=Content, Assets and Pages, sort=2, default=false, roles=DOTCMS_BACK_END_USER, filters{{excludeQuery=, excludeClasses=[Host, Workflow, ContentType, User, OSGI, Language], dependencies=true, excludeDependencyQuery=, excludeDependencyClasses=[Host, Workflow, ContentType, Language], forcePush=false, relationships=true}}}
[16/06/23 14:04:04:698 UTC]  INFO publishing.PublisherAPIImpl: Loading Push Publish Filter: TestPPFilter.yml
[16/06/23 14:04:04:699 UTC]  INFO publishing.PublisherAPIImpl: FilterDescriptor{key=TestPPFilter.yml, title=Force Push Everything, sort=20, default=false, roles=DOTCMS_BACK_END_USER, filters{{excludeQuery=, excludeClasses=[], dependencies=true, excludeDependencyQuery=, excludeDependencyClasses=[], forcePush=true, relationships=true}}}
[16/06/23 14:04:04:700 UTC]  INFO publishing.PublisherAPIImpl: Loading Push Publish Filter: ForcePush.yml
[16/06/23 14:04:04:701 UTC]  INFO publishing.PublisherAPIImpl: FilterDescriptor{key=ForcePush.yml, title=Force Push Everything, sort=4, default=false, roles=DOTCMS_BACK_END_USER, filters{{excludeQuery=, excludeClasses=[], dependencies=true, excludeDependencyQuery=, excludeDependencyClasses=[], forcePush=true, relationships=true}}}
[16/06/23 14:04:04:701 UTC]  INFO publishing.PublisherAPIImpl: Loading Push Publish Filter: ContentOnly.yml
[16/06/23 14:04:04:705 UTC]  INFO publishing.PublisherAPIImpl: FilterDescriptor{key=ContentOnly.yml, title=Content and Relationships, sort=1, default=false, roles=DOTCMS_BACK_END_USER, filters{{excludeQuery=, excludeClasses=[ContentType, Template, Containers, Folder, Host, Links, Workflow, Language, Rule, User, OSGI], dependencies=true, excludeDependencyQuery=, excludeDependencyClasses=[ContentType, Template, Containers, Folder, Host, Links, Workflow, Language, Rule], forcePush=false, relationships=true}}}
[16/06/23 14:04:04:705 UTC]  INFO publishing.PublisherAPIImpl: Loading Push Publish Filter: NoWorkflow.yml
[16/06/23 14:04:04:706 UTC]  INFO publishing.PublisherAPIImpl: FilterDescriptor{key=NoWorkflow.yml, title=Push without Wofklows Updated., sort=0, default=false, roles=DOTCMS_BACK_END_USER, filters{{excludeQuery=, excludeClasses=[Host, Workflow, OSGI], dependencies=true, excludeDependencyQuery=, excludeDependencyClasses=[Host, Workflow], forcePush=false, relationships=false}}}
[16/06/23 14:04:07:748 UTC]  INFO util.SecurityLogger: class com.dotmarketing.cms.login.factories.LoginFactory : User admin@dotcms.com has sucessfully logged in from IP: 172.18.0.1 -- ip:172.18.0.1,user:Admin User [ID: dotcms.org.1][email:admin@dotcms.com]
[16/06/23 14:04:07:752 UTC]  INFO publishing.PublisherAPIImpl: Push Publishing Filters Directory: Lazy(/data/shared/assets/server/publishing-filters)
[16/06/23 14:04:07:752 UTC]  INFO publishing.PublisherAPIImpl: Loading Push Publish Filter: Intelligent.yml
[16/06/23 14:04:07:752 UTC]  INFO publishing.PublisherAPIImpl: FilterDescriptor{key=Intelligent.yml, title=Everything and Dependencies, sort=3, default=true, roles=DOTCMS_BACK_END_USER, filters{{excludeQuery=, excludeClasses=[], dependencies=true, excludeDependencyQuery=, excludeDependencyClasses=[], forcePush=false, relationships=true}}}
[16/06/23 14:04:07:752 UTC]  INFO publishing.PublisherAPIImpl: Loading Push Publish Filter: ShallowPush.yml
[16/06/23 14:04:07:753 UTC]  INFO publishing.PublisherAPIImpl: FilterDescriptor{key=ShallowPush.yml, title=Only Selected Items, sort=5, default=false, roles=DOTCMS_BACK_END_USER, filters{{excludeQuery=, excludeClasses=[], dependencies=false, excludeDependencyQuery=, excludeDependencyClasses=[], forcePush=false, relationships=false}}}
[16/06/23 14:04:07:753 UTC]  INFO publishing.PublisherAPIImpl: Loading Push Publish Filter: WebContentOnly.yml
[16/06/23 14:04:07:753 UTC]  INFO publishing.PublisherAPIImpl: FilterDescriptor{key=WebContentOnly.yml, title=Content, Assets and Pages, sort=2, default=false, roles=DOTCMS_BACK_END_USER, filters{{excludeQuery=, excludeClasses=[Host, Workflow, ContentType, User, OSGI, Language], dependencies=true, excludeDependencyQuery=, excludeDependencyClasses=[Host, Workflow, ContentType, Language], forcePush=false, relationships=true}}}
[16/06/23 14:04:07:753 UTC]  INFO publishing.PublisherAPIImpl: Loading Push Publish Filter: TestPPFilter.yml
[16/06/23 14:04:07:753 UTC]  INFO publishing.PublisherAPIImpl: FilterDescriptor{key=TestPPFilter.yml, title=Force Push Everything, sort=20, default=false, roles=DOTCMS_BACK_END_USER, filters{{excludeQuery=, excludeClasses=[], dependencies=true, excludeDependencyQuery=, excludeDependencyClasses=[], forcePush=true, relationships=true}}}
[16/06/23 14:04:07:753 UTC]  INFO publishing.PublisherAPIImpl: Loading Push Publish Filter: ForcePush.yml
[16/06/23 14:04:07:754 UTC]  INFO publishing.PublisherAPIImpl: FilterDescriptor{key=ForcePush.yml, title=Force Push Everything, sort=4, default=false, roles=DOTCMS_BACK_END_USER, filters{{excludeQuery=, excludeClasses=[], dependencies=true, excludeDependencyQuery=, excludeDependencyClasses=[], forcePush=true, relationships=true}}}
[16/06/23 14:04:07:754 UTC]  INFO publishing.PublisherAPIImpl: Loading Push Publish Filter: ContentOnly.yml
[16/06/23 14:04:07:754 UTC]  INFO publishing.PublisherAPIImpl: FilterDescriptor{key=ContentOnly.yml, title=Content and Relationships, sort=1, default=false, roles=DOTCMS_BACK_END_USER, filters{{excludeQuery=, excludeClasses=[ContentType, Template, Containers, Folder, Host, Links, Workflow, Language, Rule, User, OSGI], dependencies=true, excludeDependencyQuery=, excludeDependencyClasses=[ContentType, Template, Containers, Folder, Host, Links, Workflow, Language, Rule], forcePush=false, relationships=true}}}
[16/06/23 14:04:07:754 UTC]  INFO publishing.PublisherAPIImpl: Loading Push Publish Filter: NoWorkflow.yml
[16/06/23 14:04:07:755 UTC]  INFO publishing.PublisherAPIImpl: FilterDescriptor{key=NoWorkflow.yml, title=Push without Wofklows Updated., sort=0, default=false, roles=DOTCMS_BACK_END_USER, filters{{excludeQuery=, excludeClasses=[Host, Workflow, OSGI], dependencies=true, excludeDependencyQuery=, excludeDependencyClasses=[Host, Workflow], forcePush=false, relationships=false}}}
[16/06/23 14:04:10:793 UTC]  INFO util.SecurityLogger: class com.dotmarketing.cms.login.factories.LoginFactory : User admin@dotcms.com has sucessfully logged in from IP: 172.18.0.1 -- ip:172.18.0.1,user:Admin User [ID: dotcms.org.1][email:admin@dotcms.com]
[16/06/23 14:04:13:828 UTC]  INFO util.SecurityLogger: class com.dotmarketing.cms.login.factories.LoginFactory : User admin@dotcms.com has sucessfully logged in from IP: 172.18.0.1 -- ip:172.18.0.1,user:Admin User [ID: dotcms.org.1][email:admin@dotcms.com]
[16/06/23 14:04:13:836 UTC]  INFO publishing.PublisherAPIImpl: Push Publishing Filters Directory: Lazy(/data/shared/assets/server/publishing-filters)
[16/06/23 14:04:13:836 UTC]  INFO publishing.PublisherAPIImpl: Loading Push Publish Filter: Intelligent.yml
[16/06/23 14:04:13:838 UTC]  INFO publishing.PublisherAPIImpl: FilterDescriptor{key=Intelligent.yml, title=Everything and Dependencies, sort=3, default=true, roles=DOTCMS_BACK_END_USER, filters{{excludeQuery=, excludeClasses=[], dependencies=true, excludeDependencyQuery=, excludeDependencyClasses=[], forcePush=false, relationships=true}}}
[16/06/23 14:04:13:838 UTC]  INFO publishing.PublisherAPIImpl: Loading Push Publish Filter: ShallowPush.yml
[16/06/23 14:04:13:839 UTC]  INFO publishing.PublisherAPIImpl: FilterDescriptor{key=ShallowPush.yml, title=Only Selected Items, sort=5, default=false, roles=DOTCMS_BACK_END_USER, filters{{excludeQuery=, excludeClasses=[], dependencies=false, excludeDependencyQuery=, excludeDependencyClasses=[], forcePush=false, relationships=false}}}
[16/06/23 14:04:13:839 UTC]  INFO publishing.PublisherAPIImpl: Loading Push Publish Filter: WebContentOnly.yml
[16/06/23 14:04:13:841 UTC]  INFO publishing.PublisherAPIImpl: FilterDescriptor{key=WebContentOnly.yml, title=Content, Assets and Pages, sort=2, default=false, roles=DOTCMS_BACK_END_USER, filters{{excludeQuery=, excludeClasses=[Host, Workflow, ContentType, User, OSGI, Language], dependencies=true, excludeDependencyQuery=, excludeDependencyClasses=[Host, Workflow, ContentType, Language], forcePush=false, relationships=true}}}
[16/06/23 14:04:13:842 UTC]  INFO publishing.PublisherAPIImpl: Loading Push Publish Filter: TestPPFilter.yml
[16/06/23 14:04:13:843 UTC]  INFO publishing.PublisherAPIImpl: FilterDescriptor{key=TestPPFilter.yml, title=Force Push Everything, sort=20, default=false, roles=DOTCMS_BACK_END_USER, filters{{excludeQuery=, excludeClasses=[], dependencies=true, excludeDependencyQuery=, excludeDependencyClasses=[], forcePush=true, relationships=true}}}
[16/06/23 14:04:13:844 UTC]  INFO publishing.PublisherAPIImpl: Loading Push Publish Filter: ForcePush.yml
[16/06/23 14:04:13:845 UTC]  INFO publishing.PublisherAPIImpl: FilterDescriptor{key=ForcePush.yml, title=Force Push Everything, sort=4, default=false, roles=DOTCMS_BACK_END_USER, filters{{excludeQuery=, excludeClasses=[], dependencies=true, excludeDependencyQuery=, excludeDependencyClasses=[], forcePush=true, relationships=true}}}
[16/06/23 14:04:13:846 UTC]  INFO publishing.PublisherAPIImpl: Loading Push Publish Filter: ContentOnly.yml
[16/06/23 14:04:13:847 UTC]  INFO publishing.PublisherAPIImpl: FilterDescriptor{key=ContentOnly.yml, title=Content and Relationships, sort=1, default=false, roles=DOTCMS_BACK_END_USER, filters{{excludeQuery=, excludeClasses=[ContentType, Template, Containers, Folder, Host, Links, Workflow, Language, Rule, User, OSGI], dependencies=true, excludeDependencyQuery=, excludeDependencyClasses=[ContentType, Template, Containers, Folder, Host, Links, Workflow, Language, Rule], forcePush=false, relationships=true}}}
[16/06/23 14:04:16:887 UTC]  INFO util.SecurityLogger: class com.dotmarketing.cms.login.factories.LoginFactory : User admin@dotcms.com has sucessfully logged in from IP: 172.18.0.1 -- ip:172.18.0.1,user:Admin User [ID: dotcms.org.1][email:admin@dotcms.com]
[16/06/23 14:04:16:890 UTC]  INFO publishing.PublisherAPIImpl: Push Publishing Filters Directory: Lazy(/data/shared/assets/server/publishing-filters)
[16/06/23 14:04:16:891 UTC]  INFO publishing.PublisherAPIImpl: Loading Push Publish Filter: Intelligent.yml
[16/06/23 14:04:16:892 UTC]  INFO publishing.PublisherAPIImpl: FilterDescriptor{key=Intelligent.yml, title=Everything and Dependencies, sort=3, default=true, roles=DOTCMS_BACK_END_USER, filters{{excludeQuery=, excludeClasses=[], dependencies=true, excludeDependencyQuery=, excludeDependencyClasses=[], forcePush=false, relationships=true}}}
[16/06/23 14:04:16:895 UTC]  INFO publishing.PublisherAPIImpl: Loading Push Publish Filter: ShallowPush.yml
[16/06/23 14:04:16:896 UTC]  INFO publishing.PublisherAPIImpl: FilterDescriptor{key=ShallowPush.yml, title=Only Selected Items, sort=5, default=false, roles=DOTCMS_BACK_END_USER, filters{{excludeQuery=, excludeClasses=[], dependencies=false, excludeDependencyQuery=, excludeDependencyClasses=[], forcePush=false, relationships=false}}}
[16/06/23 14:04:16:897 UTC]  INFO publishing.PublisherAPIImpl: Loading Push Publish Filter: WebContentOnly.yml
[16/06/23 14:04:16:898 UTC]  INFO publishing.PublisherAPIImpl: FilterDescriptor{key=WebContentOnly.yml, title=Content, Assets and Pages, sort=2, default=false, roles=DOTCMS_BACK_END_USER, filters{{excludeQuery=, excludeClasses=[Host, Workflow, ContentType, User, OSGI, Language], dependencies=true, excludeDependencyQuery=, excludeDependencyClasses=[Host, Workflow, ContentType, Language], forcePush=false, relationships=true}}}
[16/06/23 14:04:16:900 UTC]  INFO publishing.PublisherAPIImpl: Loading Push Publish Filter: ForcePush.yml
[16/06/23 14:04:16:902 UTC]  INFO publishing.PublisherAPIImpl: FilterDescriptor{key=ForcePush.yml, title=Force Push Everything, sort=4, default=false, roles=DOTCMS_BACK_END_USER, filters{{excludeQuery=, excludeClasses=[], dependencies=true, excludeDependencyQuery=, excludeDependencyClasses=[], forcePush=true, relationships=true}}}
[16/06/23 14:04:16:902 UTC]  INFO publishing.PublisherAPIImpl: Loading Push Publish Filter: ContentOnly.yml
[16/06/23 14:04:16:904 UTC]  INFO publishing.PublisherAPIImpl: FilterDescriptor{key=ContentOnly.yml, title=Content and Relationships, sort=1, default=false, roles=DOTCMS_BACK_END_USER, filters{{excludeQuery=, excludeClasses=[ContentType, Template, Containers, Folder, Host, Links, Workflow, Language, Rule, User, OSGI], dependencies=true, excludeDependencyQuery=, excludeDependencyClasses=[ContentType, Template, Containers, Folder, Host, Links, Workflow, Language, Rule], forcePush=false, relationships=true}}}
