[06/06/23 19:34:25:146 UTC]  INFO loggers.Log4jUtil: Async Logger enabled: true
[06/06/23 19:34:25:147 UTC]  INFO listeners.ContextLifecycleListener: Installing the web socket
[06/06/23 19:34:26:611 UTC]  INFO business.CacheLocator: loading cache administrator: ChainableCacheAdministratorImpl
[06/06/23 19:34:27:446 UTC]  INFO db.DataSourceStrategyProvider: Datasource loaded using custom class com.dotmarketing.db.SystemEnvDataSourceStrategy
[06/06/23 19:34:27:493 UTC]  INFO cfg.Environment: Hibernate 2.1.8
[06/06/23 19:34:27:496 UTC]  INFO cfg.Environment: hibernate.properties not found
[06/06/23 19:34:27:498 UTC]  INFO cfg.Environment: using CGLIB reflection optimizer
[06/06/23 19:34:27:501 UTC]  INFO cfg.Environment: using JDK 1.4 java.sql.Timestamp handling
[06/06/23 19:34:27:506 UTC]  INFO cfg.Configuration: configuring from resource: /hibernate.cfg.xml
[06/06/23 19:34:27:506 UTC]  INFO cfg.Configuration: Configuration resource: /hibernate.cfg.xml
[06/06/23 19:34:27:666 UTC]  INFO cfg.Configuration: Configured SessionFactory: null
[06/06/23 19:34:27:666 UTC]  INFO cfg.Configuration: Mapping resource: META-INF/portal-hbm.xml
[06/06/23 19:34:27:857 UTC]  INFO cfg.Binder: Mapping class: com.liferay.portal.ejb.AddressHBM -> Address
[06/06/23 19:34:28:014 UTC]  INFO cfg.Binder: Mapping class: com.liferay.portal.ejb.CompanyHBM -> Company
[06/06/23 19:34:28:022 UTC]  INFO cfg.Binder: Mapping class: com.liferay.portal.ejb.ImageHBM -> Image
[06/06/23 19:34:28:025 UTC]  INFO cfg.Binder: Mapping class: com.liferay.portal.ejb.PasswordTrackerHBM -> PasswordTracker
[06/06/23 19:34:28:031 UTC]  INFO cfg.Binder: Mapping class: com.liferay.portal.ejb.UserHBM -> User_
[06/06/23 19:34:28:043 UTC]  INFO cfg.Binder: Mapping class: com.liferay.portal.ejb.UserTrackerHBM -> UserTracker
[06/06/23 19:34:28:052 UTC]  INFO cfg.Binder: Mapping class: com.liferay.portal.ejb.UserTrackerPathHBM -> UserTrackerPath
[06/06/23 19:34:28:060 UTC]  INFO cfg.Binder: Mapping class: com.liferay.portlet.admin.ejb.AdminConfigHBM -> AdminConfig
[06/06/23 19:34:28:151 UTC]  INFO cfg.Configuration: Mapping resource: com/dotmarketing/beans/DotCMSSeq.hbm.xml
[06/06/23 19:34:28:241 UTC]  INFO cfg.Binder: Mapping class: com.dotmarketing.beans.Inode -> inode
[06/06/23 19:34:28:277 UTC]  INFO cfg.Binder: Mapping joined-subclass: com.dotmarketing.portlets.containers.model.Container -> dot_containers
[06/06/23 19:34:28:284 UTC]  INFO cfg.Binder: Mapping joined-subclass: com.dotmarketing.portlets.links.model.Link -> links
[06/06/23 19:34:28:293 UTC]  INFO cfg.Binder: Mapping joined-subclass: com.dotmarketing.portlets.structure.model.Field -> field
[06/06/23 19:34:28:298 UTC]  INFO cfg.Binder: Mapping class: com.dotmarketing.portlets.workflows.model.WorkflowTask -> workflow_task
[06/06/23 19:34:28:303 UTC]  INFO cfg.Binder: Mapping class: com.dotmarketing.portlets.workflows.model.WorkflowComment -> workflow_comment
[06/06/23 19:34:28:308 UTC]  INFO cfg.Binder: Mapping class: com.dotmarketing.portlets.workflows.model.WorkflowHistory -> workflow_history
[06/06/23 19:34:28:313 UTC]  INFO cfg.Binder: Mapping class: com.dotmarketing.portlets.workflows.model.WorkFlowTaskFiles -> workflowtask_files
[06/06/23 19:34:28:318 UTC]  INFO cfg.Binder: Mapping class: com.dotmarketing.beans.Permission -> permission
[06/06/23 19:34:28:323 UTC]  INFO cfg.Binder: Mapping class: com.dotmarketing.beans.PermissionReference -> permission_reference
[06/06/23 19:34:28:326 UTC]  INFO cfg.Binder: Mapping class: com.dotmarketing.beans.Tree -> tree
[06/06/23 19:34:28:548 UTC]  INFO cfg.Binder: Mapping class: com.dotmarketing.beans.MultiTree -> multi_tree
[06/06/23 19:34:28:584 UTC]  INFO util.ReflectHelper: reflection optimizer disabled for: com.dotmarketing.beans.MultiTree, BulkBeanException: Index 1 out of bounds for length 0 (property setParent1)
[06/06/23 19:34:28:587 UTC]  INFO cfg.Binder: Mapping class: com.dotmarketing.beans.Clickstream -> clickstream
[06/06/23 19:34:28:603 UTC]  INFO cfg.Binder: Mapping class: com.dotmarketing.beans.ClickstreamRequest -> clickstream_request
[06/06/23 19:34:28:607 UTC]  INFO cfg.Binder: Mapping class: com.dotmarketing.beans.Clickstream404 -> clickstream_404
[06/06/23 19:34:28:610 UTC]  INFO cfg.Binder: Mapping class: com.dotmarketing.tag.model.Tag -> tag
[06/06/23 19:34:28:614 UTC]  INFO cfg.Binder: Mapping class: com.dotmarketing.tag.model.TagInode -> tag_inode
[06/06/23 19:34:28:683 UTC]  INFO cfg.Binder: Mapping class: com.dotmarketing.beans.ChallengeQuestion -> challenge_question
[06/06/23 19:34:28:686 UTC]  INFO cfg.Binder: Mapping class: com.dotmarketing.beans.UsersToDelete -> users_to_delete
[06/06/23 19:34:28:688 UTC]  INFO cfg.Binder: Mapping class: com.dotmarketing.plugin.model.Plugin -> plugin
[06/06/23 19:34:28:696 UTC]  INFO cfg.Binder: Mapping class: com.dotmarketing.business.Role -> cms_role
[06/06/23 19:34:28:700 UTC]  INFO cfg.Binder: Mapping class: com.dotmarketing.business.UsersRoles -> users_cms_roles
[06/06/23 19:34:28:703 UTC]  INFO cfg.Binder: Mapping class: com.dotmarketing.business.LayoutsRoles -> layouts_cms_roles
[06/06/23 19:34:28:706 UTC]  INFO cfg.Binder: Mapping class: com.dotmarketing.business.Layout -> cms_layout
[06/06/23 19:34:28:709 UTC]  INFO cfg.Binder: Mapping class: com.dotmarketing.business.PortletsLayouts -> cms_layouts_portlets
[06/06/23 19:34:28:718 UTC]  INFO cfg.Binder: Mapping class: com.dotmarketing.portlets.hostvariable.model.HostVariable -> host_variable
[06/06/23 19:34:28:722 UTC]  INFO cfg.Binder: Mapping class: com.dotmarketing.beans.FixAudit -> fixes_audit
[06/06/23 19:34:28:727 UTC]  INFO cfg.Binder: Mapping class: com.dotmarketing.beans.ContainerStructure -> container_structures
[06/06/23 19:34:28:732 UTC]  INFO cfg.Binder: Mapping class: com.dotmarketing.portlets.templates.model.TemplateVersionInfo -> template_version_info
[06/06/23 19:34:28:735 UTC]  INFO cfg.Binder: Mapping class: com.dotmarketing.portlets.containers.model.ContainerVersionInfo -> container_version_info
[06/06/23 19:34:28:738 UTC]  INFO cfg.Binder: Mapping class: com.dotmarketing.portlets.links.model.LinkVersionInfo -> link_version_info
[06/06/23 19:34:28:739 UTC]  INFO cfg.Configuration: Mapping resource: com/dotmarketing/beans/DotCMSSeq_NOSQLGEN.hbm.xml
[06/06/23 19:34:28:774 UTC]  INFO cfg.Binder: Mapping class: com.dotmarketing.plugin.model.PluginProperty -> plugin_property
[06/06/23 19:34:28:830 UTC]  INFO cfg.Configuration: processing one-to-many association mappings
[06/06/23 19:34:28:832 UTC]  INFO cfg.Binder: Mapping collection: com.dotmarketing.beans.Clickstream.clickstreamRequests -> clickstream_request
[06/06/23 19:34:28:833 UTC]  INFO cfg.Configuration: processing one-to-one association property references
[06/06/23 19:34:28:834 UTC]  INFO cfg.Configuration: processing foreign key constraints
[06/06/23 19:34:28:852 UTC]  INFO dialect.Dialect: Using dialect: com.dotcms.repackage.net.sf.hibernate.dialect.PostgreSQLDialect
[06/06/23 19:34:28:858 UTC]  INFO cfg.SettingsFactory: Use outer join fetching: true
[06/06/23 19:34:28:863 UTC]  WARN connection.UserSuppliedConnectionProvider: No connection properties specified - the user must supply JDBC connections
[06/06/23 19:34:28:873 UTC]  INFO transaction.TransactionManagerLookupFactory: No TransactionManagerLookup configured (in JTA environment, use of process level read-write cache is not recommended)
[06/06/23 19:34:28:876 UTC]  INFO cfg.SettingsFactory: Use scrollable result sets: true
[06/06/23 19:34:28:877 UTC]  INFO cfg.SettingsFactory: Use JDBC3 getGeneratedKeys(): false
[06/06/23 19:34:28:878 UTC]  INFO cfg.SettingsFactory: Optimize cache for minimal puts: false
[06/06/23 19:34:28:880 UTC]  INFO cfg.SettingsFactory: Query language substitutions: {}
[06/06/23 19:34:28:881 UTC]  INFO cfg.SettingsFactory: cache provider: com.dotmarketing.db.NoCacheProvider
[06/06/23 19:34:28:885 UTC]  INFO cfg.Configuration: instantiating and configuring caches
[06/06/23 19:34:28:902 UTC]  INFO impl.SessionFactoryImpl: building session factory
[06/06/23 19:34:29:159 UTC]  INFO util.ReflectHelper: reflection optimizer disabled for: com.dotmarketing.beans.MultiTree, BulkBeanException: Index 1 out of bounds for length 0 (property setTreeOrder)
[06/06/23 19:34:29:680 UTC]  INFO impl.SessionFactoryObjectFactory: Not binding factory to JNDI, no JNDI name configured
[06/06/23 19:34:29:941 UTC]  WARN lang.System: No Valid License Found : /data/local/dotsecure/license/license.dat
[06/06/23 19:34:29:941 UTC]  INFO enterprise.LicenseUtil: Setting up default license
[06/06/23 19:34:30:761 UTC]  INFO servlet.VisitorFilter: VisitorLogger Filter Started
[06/06/23 19:34:31:397 UTC]  INFO util.SystemProperties: Loading file:/srv/dotserver/tomcat-9.0.60/webapps/ROOT/WEB-INF/classes/system.properties
[06/06/23 19:34:31:400 UTC]  INFO util.SystemProperties: Loading file:/srv/dotserver/tomcat-9.0.60/webapps/ROOT/WEB-INF/classes/system-ext.properties
[06/06/23 19:34:31:409 UTC]  INFO util.SystemProperties: Loading file:/srv/dotserver/tomcat-9.0.60/webapps/ROOT/WEB-INF/classes/system.properties
[06/06/23 19:34:31:411 UTC]  INFO util.SystemProperties: Loading file:/srv/dotserver/tomcat-9.0.60/webapps/ROOT/WEB-INF/classes/system-ext.properties
[06/06/23 19:34:32:421 UTC]  INFO util.PropsLoader: Loading file:/srv/dotserver/tomcat-9.0.60/webapps/ROOT/WEB-INF/classes/portal.properties
[06/06/23 19:34:32:423 UTC]  INFO util.PropsLoader: Loading file:/srv/dotserver/tomcat-9.0.60/webapps/ROOT/WEB-INF/classes/portal-ext.properties
[06/06/23 19:34:33:374 UTC]  WARN impl.SessionImpl: finalizing unclosed session with closed connection
[06/06/23 19:34:37:898 UTC]  INFO tiles.TilesPlugin: Tiles definition factory loaded for module ''.
[06/06/23 19:34:37:907 UTC]  INFO validator.ValidatorPlugIn: Loading validation rules file from '/WEB-INF/validator-rules.xml'
[06/06/23 19:34:37:909 UTC]  INFO validator.ValidatorPlugIn: Loading validation rules file from '/WEB-INF/validation.xml'
[06/06/23 19:34:38:250 UTC]  INFO util.RestHighLevelClientProvider: disabling String.intern() in Jackson
[06/06/23 19:34:38:256 UTC]  WARN util.DotRestHighLevelClientProvider: Elastic RestHighLevelClient will be initialized without certificates
[06/06/23 19:34:38:264 UTC]  INFO util.DotRestHighLevelClientProvider: Initializing Elastic RestHighLevelClient using Basic authentication
[06/06/23 19:34:38:292 UTC]  INFO util.DotRestHighLevelClientProvider: Initializing Elastic RestHighLevelClient using endpoints [
[06/06/23 19:34:38:292 UTC]  INFO util.DotRestHighLevelClientProvider:   - http://elasticsearch:9200
[06/06/23 19:34:38:292 UTC]  INFO util.DotRestHighLevelClientProvider: ]
[06/06/23 19:34:38:292 UTC]  WARN util.DotRestHighLevelClientProvider: Initializing Elastic RestHighLevelClient using an unsecured http connection
[06/06/23 19:34:39:020 UTC]  INFO util.DotRestHighLevelClientProvider: RestHighLevelClientProvider com.dotcms.content.elasticsearch.util.DotRestHighLevelClientProvider loaded successfully
[06/06/23 19:34:39:534 UTC]  INFO startup.StartupTasksExecutor: Running Startup Tasks
[06/06/23 19:34:39:700 UTC]  INFO runalways.Task00001LoadSchema: -------------------------------------------------------------------------------------
[06/06/23 19:34:39:702 UTC]  INFO runalways.Task00001LoadSchema: 
[06/06/23 19:34:39:703 UTC]  INFO runalways.Task00001LoadSchema: Empty dotCMS database found.  Loading initial dotCMS schema for PostgreSQL
[06/06/23 19:34:39:703 UTC]  INFO runalways.Task00001LoadSchema: 
[06/06/23 19:34:39:703 UTC]  INFO runalways.Task00001LoadSchema: -------------------------------------------------------------------------------------
[06/06/23 19:34:39:709 UTC]  INFO startup.StartupTasksExecutor: Running Startup Tasks : Task00001LoadSchema
[06/06/23 19:34:39:711 UTC]  INFO runalways.Task00001LoadSchema: Loading schema
[06/06/23 19:34:40:539 UTC]  INFO runalways.Task00001LoadSchema: Schema created (507 statements executed)
[06/06/23 19:34:40:555 UTC]  INFO timedcache.TimedCacheProvider: ===== Initializing [Timed Cache Provider].
[06/06/23 19:34:40:557 UTC]  INFO timedcache.TimedCacheProvider: ***	 Cache Config Memory : esquerycache: 10000
[06/06/23 19:34:40:557 UTC]  INFO timedcache.TimedCacheProvider: ***	 Cache Config Memory : esquerycountcache: 10000
[06/06/23 19:34:40:558 UTC]  INFO timedcache.TimedCacheProvider: ***	 Cache Config Memory : graphqlquerycache: 5000
[06/06/23 19:34:40:558 UTC]  INFO timedcache.TimedCacheProvider: ***	 Cache Config Memory : default: 1000
[06/06/23 19:34:40:559 UTC]  INFO timedcache.TimedCacheProvider: ***	 Cache Config Memory : adminconfigpool: 100
[06/06/23 19:34:40:561 UTC]  INFO timedcache.TimedCacheProvider: ***	 Cache Config Memory : companypool: 10
[06/06/23 19:34:40:561 UTC]  INFO timedcache.TimedCacheProvider: ***	 Cache Config Memory : contentletcache: 5000
[06/06/23 19:34:40:561 UTC]  INFO timedcache.TimedCacheProvider: ***	 Cache Config Memory : categoryparentscache: 30000
[06/06/23 19:34:40:562 UTC]  INFO timedcache.TimedCacheProvider: ***	 Cache Config Memory : taginodecache: 50000
[06/06/23 19:34:40:563 UTC]  INFO timedcache.TimedCacheProvider: ***	 Cache Config Memory : taginodesbyinodecache: 50000
[06/06/23 19:34:40:564 UTC]  INFO timedcache.TimedCacheProvider: ***	 Cache Config Memory : tagcache: 50000
[06/06/23 19:34:40:565 UTC]  INFO timedcache.TimedCacheProvider: ***	 Cache Config Memory : csscache: 2500
[06/06/23 19:34:40:567 UTC]  INFO timedcache.TimedCacheProvider: ***	 Cache Config Memory : assetmetadatacache: 10000
[06/06/23 19:34:40:567 UTC]  INFO timedcache.TimedCacheProvider: ***	 Cache Config Memory : identifiercache: 50000
[06/06/23 19:34:40:567 UTC]  INFO timedcache.TimedCacheProvider: ***	 Cache Config Memory : identifier404cache: 30000
[06/06/23 19:34:40:568 UTC]  INFO timedcache.TimedCacheProvider: ***	 Cache Config Memory : indiciescache: 8
[06/06/23 19:34:40:573 UTC]  INFO timedcache.TimedCacheProvider: ***	 Cache Config Memory : logmappercache: 10
[06/06/23 19:34:40:573 UTC]  INFO timedcache.TimedCacheProvider: ***	 Cache Config Memory : navcache: 1000
[06/06/23 19:34:40:575 UTC]  INFO timedcache.TimedCacheProvider: ***	 Cache Config Memory : parentpermissionablecache: 10000
[06/06/23 19:34:40:575 UTC]  INFO timedcache.TimedCacheProvider: ***	 Cache Config Memory : permissioncache: 50000
[06/06/23 19:34:40:575 UTC]  INFO timedcache.TimedCacheProvider: ***	 Cache Config Memory : portletpool: 100
[06/06/23 19:34:40:575 UTC]  INFO timedcache.TimedCacheProvider: ***	 Cache Config Memory : publishingendpointcache: 100
[06/06/23 19:34:40:577 UTC]  INFO timedcache.TimedCacheProvider: ***	 Cache Config Memory : pushedassetscache: 5000
[06/06/23 19:34:40:579 UTC]  INFO timedcache.TimedCacheProvider: ***	 Cache Config Memory : templatecache: 500
[06/06/23 19:34:40:579 UTC]  INFO timedcache.TimedCacheProvider: ***	 Cache Config Memory : translatedquerycache: 5000
[06/06/23 19:34:40:581 UTC]  INFO timedcache.TimedCacheProvider: ***	 Cache Config Memory : versioncache: 50000
[06/06/23 19:34:40:581 UTC]  INFO timedcache.TimedCacheProvider: ***	 Cache Config Memory : versioninfocache: 50000
[06/06/23 19:34:40:581 UTC]  INFO timedcache.TimedCacheProvider: ***	 Cache Config Memory : workflowactioncache: 10000
[06/06/23 19:34:40:582 UTC]  INFO timedcache.TimedCacheProvider: ***	 Cache Config Memory : workflowtaskcache: 10000
[06/06/23 19:34:40:583 UTC]  INFO timedcache.TimedCacheProvider: ***	 Cache Config Memory : shortyidcache: 25000
[06/06/23 19:34:40:583 UTC]  INFO timedcache.TimedCacheProvider: ***	 Cache Config Memory : velocitycache: 5000
[06/06/23 19:34:40:584 UTC]  INFO timedcache.TimedCacheProvider: ***	 Cache Config Memory : vanityurldirectcache: 25000
[06/06/23 19:34:40:585 UTC]  INFO timedcache.TimedCacheProvider: ***	 Cache Config Memory : vanityurlsitecache: 5000
[06/06/23 19:34:40:587 UTC]  INFO h22.H22Cache: Start Full Cache Flush in h22
[06/06/23 19:34:40:587 UTC]  INFO h22.H22Cache: Building new H22 Cache, db:0
[06/06/23 19:34:40:622 UTC]  INFO h22.H22HikariPool: H22 on disk cache:jdbc:h2:/data/local/dotsecure/h22cache/0/2023-06-06_19-34-40/cache;MVCC=TRUE;DB_CLOSE_ON_EXIT=FALSE
[06/06/23 19:34:40:938 UTC]  INFO h22.H22Cache: Building new H22 Cache, db:1
[06/06/23 19:34:40:949 UTC]  INFO h22.H22HikariPool: H22 on disk cache:jdbc:h2:/data/local/dotsecure/h22cache/1/2023-06-06_19-34-40/cache;MVCC=TRUE;DB_CLOSE_ON_EXIT=FALSE
[06/06/23 19:34:41:027 UTC]  INFO h22.H22Cache: End Full Cache Flush in h22 : 439ms
[06/06/23 19:34:44:072 UTC]  INFO timedcache.TimedCacheProvider: ===== Initializing [Timed Cache Provider].
[06/06/23 19:34:44:073 UTC]  INFO timedcache.TimedCacheProvider: ***	 Cache Config Memory : esquerycache: 10000
[06/06/23 19:34:44:073 UTC]  INFO timedcache.TimedCacheProvider: ***	 Cache Config Memory : esquerycountcache: 10000
[06/06/23 19:34:44:073 UTC]  INFO timedcache.TimedCacheProvider: ***	 Cache Config Memory : graphqlquerycache: 5000
[06/06/23 19:34:44:074 UTC]  INFO timedcache.TimedCacheProvider: ***	 Cache Config Memory : default: 1000
[06/06/23 19:34:44:074 UTC]  INFO timedcache.TimedCacheProvider: ***	 Cache Config Memory : adminconfigpool: 100
[06/06/23 19:34:44:074 UTC]  INFO timedcache.TimedCacheProvider: ***	 Cache Config Memory : companypool: 10
[06/06/23 19:34:44:074 UTC]  INFO timedcache.TimedCacheProvider: ***	 Cache Config Memory : contentletcache: 5000
[06/06/23 19:34:44:074 UTC]  INFO timedcache.TimedCacheProvider: ***	 Cache Config Memory : categoryparentscache: 30000
[06/06/23 19:34:44:074 UTC]  INFO timedcache.TimedCacheProvider: ***	 Cache Config Memory : taginodecache: 50000
[06/06/23 19:34:44:074 UTC]  INFO timedcache.TimedCacheProvider: ***	 Cache Config Memory : taginodesbyinodecache: 50000
[06/06/23 19:34:44:074 UTC]  INFO timedcache.TimedCacheProvider: ***	 Cache Config Memory : tagcache: 50000
[06/06/23 19:34:44:074 UTC]  INFO timedcache.TimedCacheProvider: ***	 Cache Config Memory : csscache: 2500
[06/06/23 19:34:44:074 UTC]  INFO timedcache.TimedCacheProvider: ***	 Cache Config Memory : assetmetadatacache: 10000
[06/06/23 19:34:44:074 UTC]  INFO timedcache.TimedCacheProvider: ***	 Cache Config Memory : identifiercache: 50000
[06/06/23 19:34:44:074 UTC]  INFO timedcache.TimedCacheProvider: ***	 Cache Config Memory : identifier404cache: 30000
[06/06/23 19:34:44:075 UTC]  INFO timedcache.TimedCacheProvider: ***	 Cache Config Memory : indiciescache: 8
[06/06/23 19:34:44:075 UTC]  INFO timedcache.TimedCacheProvider: ***	 Cache Config Memory : logmappercache: 10
[06/06/23 19:34:44:075 UTC]  INFO timedcache.TimedCacheProvider: ***	 Cache Config Memory : navcache: 1000
[06/06/23 19:34:44:075 UTC]  INFO timedcache.TimedCacheProvider: ***	 Cache Config Memory : parentpermissionablecache: 10000
[06/06/23 19:34:44:075 UTC]  INFO timedcache.TimedCacheProvider: ***	 Cache Config Memory : permissioncache: 50000
[06/06/23 19:34:44:075 UTC]  INFO timedcache.TimedCacheProvider: ***	 Cache Config Memory : portletpool: 100
[06/06/23 19:34:44:075 UTC]  INFO timedcache.TimedCacheProvider: ***	 Cache Config Memory : publishingendpointcache: 100
[06/06/23 19:34:44:075 UTC]  INFO timedcache.TimedCacheProvider: ***	 Cache Config Memory : pushedassetscache: 5000
[06/06/23 19:34:44:075 UTC]  INFO timedcache.TimedCacheProvider: ***	 Cache Config Memory : templatecache: 500
[06/06/23 19:34:44:075 UTC]  INFO timedcache.TimedCacheProvider: ***	 Cache Config Memory : translatedquerycache: 5000
[06/06/23 19:34:44:075 UTC]  INFO timedcache.TimedCacheProvider: ***	 Cache Config Memory : versioncache: 50000
[06/06/23 19:34:44:075 UTC]  INFO timedcache.TimedCacheProvider: ***	 Cache Config Memory : versioninfocache: 50000
[06/06/23 19:34:44:075 UTC]  INFO timedcache.TimedCacheProvider: ***	 Cache Config Memory : workflowactioncache: 10000
[06/06/23 19:34:44:076 UTC]  INFO timedcache.TimedCacheProvider: ***	 Cache Config Memory : workflowtaskcache: 10000
[06/06/23 19:34:44:076 UTC]  INFO timedcache.TimedCacheProvider: ***	 Cache Config Memory : shortyidcache: 25000
[06/06/23 19:34:44:076 UTC]  INFO timedcache.TimedCacheProvider: ***	 Cache Config Memory : velocitycache: 5000
[06/06/23 19:34:44:076 UTC]  INFO timedcache.TimedCacheProvider: ***	 Cache Config Memory : vanityurldirectcache: 25000
[06/06/23 19:34:44:076 UTC]  INFO timedcache.TimedCacheProvider: ***	 Cache Config Memory : vanityurlsitecache: 5000
[06/06/23 19:34:44:076 UTC]  INFO h22.H22Cache: Start Full Cache Flush in h22
[06/06/23 19:34:44:076 UTC]  INFO h22.H22Cache: Building new H22 Cache, db:0
[06/06/23 19:34:44:077 UTC]  INFO h22.H22HikariPool: H22 on disk cache:jdbc:h2:/data/local/dotsecure/h22cache/0/2023-06-06_19-34-44/cache;MVCC=TRUE;DB_CLOSE_ON_EXIT=FALSE
[06/06/23 19:34:44:187 UTC]  INFO h22.H22Cache: Building new H22 Cache, db:1
[06/06/23 19:34:44:188 UTC]  INFO h22.H22HikariPool: H22 on disk cache:jdbc:h2:/data/local/dotsecure/h22cache/1/2023-06-06_19-34-44/cache;MVCC=TRUE;DB_CLOSE_ON_EXIT=FALSE
[06/06/23 19:34:44:265 UTC]  INFO h22.H22Cache: End Full Cache Flush in h22 : 188ms
[06/06/23 19:34:44:267 UTC]  INFO startup.StartupTasksExecutor: Not Running Startup Tasks: Task00002LoadClusterLicenses
[06/06/23 19:34:44:267 UTC]  INFO startup.StartupTasksExecutor: Running Startup Tasks : Task00003CreateSystemRoles
[06/06/23 19:34:44:280 UTC]  INFO startup.StartupTasksExecutor: Running Startup Tasks : Task00004LoadStarter
[06/06/23 19:34:44:296 UTC]  INFO db.DotCMSInitDb: There are no inodes - initializing db with starter site
[06/06/23 19:34:44:340 UTC]  INFO starter.ImportStarterUtil: Found 21 files to import
[06/06/23 19:34:44:345 UTC]  WARN util.FileUtil: /data/local/dotsecure/backup/temp/assets/messages/cms_language_en_US.properties is empty
[06/06/23 19:34:44:349 UTC]  WARN util.FileUtil: /data/local/dotsecure/backup/temp/assets/messages/cms_language_es_ES.properties is empty
[06/06/23 19:34:44:351 UTC]  WARN util.FileUtil: /data/local/dotsecure/backup/temp/assets/messages/cms_language_fr_FR.properties is empty
[06/06/23 19:34:44:352 UTC]  WARN util.FileUtil: /data/local/dotsecure/backup/temp/assets/messages/cms_language_zh_CN.properties is empty
[06/06/23 19:34:44:356 UTC]  INFO starter.ImportStarterUtil: About to delete all records from users_to_delete
[06/06/23 19:34:44:358 UTC]  INFO starter.ImportStarterUtil: Deleted all records from users_to_delete
[06/06/23 19:34:44:358 UTC]  INFO starter.ImportStarterUtil: About to delete all records from clickstream_404
[06/06/23 19:34:44:360 UTC]  INFO starter.ImportStarterUtil: Deleted all records from clickstream_404
[06/06/23 19:34:44:360 UTC]  INFO starter.ImportStarterUtil: About to delete all records from host_variable
[06/06/23 19:34:44:362 UTC]  INFO starter.ImportStarterUtil: Deleted all records from host_variable
[06/06/23 19:34:44:362 UTC]  INFO starter.ImportStarterUtil: About to delete all records from AdminConfig
[06/06/23 19:34:44:363 UTC]  INFO starter.ImportStarterUtil: Deleted all records from AdminConfig
[06/06/23 19:34:44:363 UTC]  INFO starter.ImportStarterUtil: About to delete all records from container_version_info
[06/06/23 19:34:44:369 UTC]  INFO starter.ImportStarterUtil: Deleted all records from container_version_info
[06/06/23 19:34:44:377 UTC]  INFO starter.ImportStarterUtil: About to delete all records from tree
[06/06/23 19:34:44:378 UTC]  INFO starter.ImportStarterUtil: Deleted all records from tree
[06/06/23 19:34:44:378 UTC]  INFO starter.ImportStarterUtil: About to delete all records from field
[06/06/23 19:34:44:379 UTC]  INFO starter.ImportStarterUtil: Deleted all records from field
[06/06/23 19:34:44:380 UTC]  INFO starter.ImportStarterUtil: About to delete all records from challenge_question
[06/06/23 19:34:44:380 UTC]  INFO starter.ImportStarterUtil: Deleted all records from challenge_question
[06/06/23 19:34:44:381 UTC]  INFO starter.ImportStarterUtil: About to delete all records from link_version_info
[06/06/23 19:34:44:382 UTC]  INFO starter.ImportStarterUtil: Deleted all records from link_version_info
[06/06/23 19:34:44:382 UTC]  INFO starter.ImportStarterUtil: About to delete all records from tag_inode
[06/06/23 19:34:44:382 UTC]  INFO starter.ImportStarterUtil: Deleted all records from tag_inode
[06/06/23 19:34:44:383 UTC]  INFO starter.ImportStarterUtil: About to delete all records from UserTrackerPath
[06/06/23 19:34:44:383 UTC]  INFO starter.ImportStarterUtil: Deleted all records from UserTrackerPath
[06/06/23 19:34:44:384 UTC]  INFO starter.ImportStarterUtil: About to delete all records from tag
[06/06/23 19:34:44:384 UTC]  INFO starter.ImportStarterUtil: Deleted all records from tag
[06/06/23 19:34:44:385 UTC]  INFO starter.ImportStarterUtil: About to delete all records from permission
[06/06/23 19:34:44:386 UTC]  INFO starter.ImportStarterUtil: Deleted all records from permission
[06/06/23 19:34:44:386 UTC]  INFO starter.ImportStarterUtil: About to delete all records from clickstream
[06/06/23 19:34:44:387 UTC]  INFO starter.ImportStarterUtil: Deleted all records from clickstream
[06/06/23 19:34:44:388 UTC]  INFO starter.ImportStarterUtil: About to delete all records from multi_tree
[06/06/23 19:34:44:388 UTC]  INFO starter.ImportStarterUtil: Deleted all records from multi_tree
[06/06/23 19:34:44:389 UTC]  INFO starter.ImportStarterUtil: About to delete all records from workflow_task
[06/06/23 19:34:44:390 UTC]  INFO starter.ImportStarterUtil: Deleted all records from workflow_task
[06/06/23 19:34:44:390 UTC]  INFO starter.ImportStarterUtil: About to delete all records from workflow_comment
[06/06/23 19:34:44:391 UTC]  INFO starter.ImportStarterUtil: Deleted all records from workflow_comment
[06/06/23 19:34:44:391 UTC]  INFO starter.ImportStarterUtil: About to delete all records from workflowtask_files
[06/06/23 19:34:44:397 UTC]  INFO starter.ImportStarterUtil: Deleted all records from workflowtask_files
[06/06/23 19:34:44:397 UTC]  INFO starter.ImportStarterUtil: About to delete all records from template_version_info
[06/06/23 19:34:44:398 UTC]  INFO starter.ImportStarterUtil: Deleted all records from template_version_info
[06/06/23 19:34:44:398 UTC]  INFO starter.ImportStarterUtil: About to delete all records from fixes_audit
[06/06/23 19:34:44:399 UTC]  INFO starter.ImportStarterUtil: Deleted all records from fixes_audit
[06/06/23 19:34:44:399 UTC]  INFO starter.ImportStarterUtil: About to delete all records from workflow_history
[06/06/23 19:34:44:400 UTC]  INFO starter.ImportStarterUtil: Deleted all records from workflow_history
[06/06/23 19:34:44:400 UTC]  INFO starter.ImportStarterUtil: About to delete all records from container_structures
[06/06/23 19:34:44:401 UTC]  INFO starter.ImportStarterUtil: Deleted all records from container_structures
[06/06/23 19:34:44:402 UTC]  INFO starter.ImportStarterUtil: About to delete all records from UserTracker
[06/06/23 19:34:44:403 UTC]  INFO starter.ImportStarterUtil: Deleted all records from UserTracker
[06/06/23 19:34:44:403 UTC]  INFO starter.ImportStarterUtil: About to delete all records from links
[06/06/23 19:34:44:404 UTC]  INFO starter.ImportStarterUtil: Deleted all records from links
[06/06/23 19:34:44:404 UTC]  INFO starter.ImportStarterUtil: About to delete all records from clickstream_request
[06/06/23 19:34:44:405 UTC]  INFO starter.ImportStarterUtil: Deleted all records from clickstream_request
[06/06/23 19:34:44:405 UTC]  INFO starter.ImportStarterUtil: About to delete all records from dot_containers
[06/06/23 19:34:44:406 UTC]  INFO starter.ImportStarterUtil: Deleted all records from dot_containers
[06/06/23 19:34:44:407 UTC]  INFO starter.ImportStarterUtil: About to delete all records from PasswordTracker
[06/06/23 19:34:44:407 UTC]  INFO starter.ImportStarterUtil: Deleted all records from PasswordTracker
[06/06/23 19:34:44:408 UTC]  INFO starter.ImportStarterUtil: About to delete all records from permission_reference
[06/06/23 19:34:44:409 UTC]  INFO starter.ImportStarterUtil: Deleted all records from permission_reference
[06/06/23 19:34:44:409 UTC]  INFO starter.ImportStarterUtil: About to delete all records from cms_layouts_portlets
[06/06/23 19:34:44:410 UTC]  INFO starter.ImportStarterUtil: Deleted all records from cms_layouts_portlets
[06/06/23 19:34:44:417 UTC]  INFO starter.ImportStarterUtil: About to delete all records from layouts_cms_roles
[06/06/23 19:34:44:418 UTC]  INFO starter.ImportStarterUtil: Deleted all records from layouts_cms_roles
[06/06/23 19:34:44:418 UTC]  INFO starter.ImportStarterUtil: About to delete all records from users_cms_roles
[06/06/23 19:34:44:419 UTC]  INFO starter.ImportStarterUtil: Deleted all records from users_cms_roles
[06/06/23 19:34:44:420 UTC]  INFO starter.ImportStarterUtil: About to delete all records from cms_role
[06/06/23 19:34:44:425 UTC]  INFO starter.ImportStarterUtil: Deleted all records from cms_role
[06/06/23 19:34:44:426 UTC]  INFO starter.ImportStarterUtil: About to delete all records from cms_layout
[06/06/23 19:34:44:427 UTC]  INFO starter.ImportStarterUtil: Deleted all records from cms_layout
[06/06/23 19:34:44:428 UTC]  INFO starter.ImportStarterUtil: About to delete all records from structure
[06/06/23 19:34:44:429 UTC]  INFO starter.ImportStarterUtil: Deleted all records from structure
[06/06/23 19:34:44:429 UTC]  INFO starter.ImportStarterUtil: About to delete all records from folder
[06/06/23 19:34:44:430 UTC]  INFO starter.ImportStarterUtil: Deleted all records from folder
[06/06/23 19:34:44:431 UTC]  INFO starter.ImportStarterUtil: About to delete all records from identifier
[06/06/23 19:34:44:433 UTC]  INFO starter.ImportStarterUtil: Deleted all records from identifier
[06/06/23 19:34:44:434 UTC]  INFO starter.ImportStarterUtil: About to delete all records from inode
[06/06/23 19:34:44:435 UTC]  INFO starter.ImportStarterUtil: Deleted all records from inode
[06/06/23 19:34:44:435 UTC]  INFO starter.ImportStarterUtil: About to delete all records from user_
[06/06/23 19:34:44:443 UTC]  INFO starter.ImportStarterUtil: Deleted all records from user_
[06/06/23 19:34:44:443 UTC]  INFO starter.ImportStarterUtil: About to delete all records from company
[06/06/23 19:34:44:444 UTC]  INFO starter.ImportStarterUtil: Deleted all records from company
[06/06/23 19:34:44:445 UTC]  INFO starter.ImportStarterUtil: About to delete all records from counter
[06/06/23 19:34:44:446 UTC]  INFO starter.ImportStarterUtil: Deleted all records from counter
[06/06/23 19:34:44:447 UTC]  INFO starter.ImportStarterUtil: About to delete all records from image
[06/06/23 19:34:44:448 UTC]  INFO starter.ImportStarterUtil: Deleted all records from image
[06/06/23 19:34:44:449 UTC]  INFO starter.ImportStarterUtil: About to delete all records from portlet
[06/06/23 19:34:44:450 UTC]  INFO starter.ImportStarterUtil: Deleted all records from portlet
[06/06/23 19:34:44:451 UTC]  INFO starter.ImportStarterUtil: About to delete all records from portletpreferences
[06/06/23 19:34:44:452 UTC]  INFO starter.ImportStarterUtil: Deleted all records from portletpreferences
[06/06/23 19:34:44:452 UTC]  INFO starter.ImportStarterUtil: About to delete all records from address
[06/06/23 19:34:44:453 UTC]  INFO starter.ImportStarterUtil: Deleted all records from address
[06/06/23 19:34:44:454 UTC]  INFO starter.ImportStarterUtil: About to delete all records from plugin_property
[06/06/23 19:34:44:455 UTC]  INFO starter.ImportStarterUtil: Deleted all records from plugin_property
[06/06/23 19:34:44:456 UTC]  INFO starter.ImportStarterUtil: About to delete all records from plugin
[06/06/23 19:34:44:457 UTC]  INFO starter.ImportStarterUtil: Deleted all records from plugin
[06/06/23 19:34:44:490 UTC]  INFO starter.ImportStarterUtil: **** Importing the file: /data/local/dotsecure/backup/temp/com.liferay.portal.model.Company.json *****
[06/06/23 19:34:44:492 UTC]  INFO starter.ImportStarterUtil: Importing:	com.liferay.portal.model.Company
[06/06/23 19:34:44:642 UTC]  INFO starter.ImportStarterUtil: Found :	1 com.liferay.portal.model.Company(s)
[06/06/23 19:34:44:766 UTC]  INFO starter.ImportStarterUtil: **** Importing the file: /data/local/dotsecure/backup/temp/com.dotmarketing.business.Role_0000000000.json *****
[06/06/23 19:34:44:767 UTC]  INFO starter.ImportStarterUtil: Importing:	com.dotmarketing.business.Role
[06/06/23 19:34:44:781 UTC]  INFO starter.ImportStarterUtil: Found :	18 com.dotmarketing.business.Role(s)
[06/06/23 19:34:44:786 UTC]  INFO starter.ImportStarterUtil: roleKey:cms_users = 0
[06/06/23 19:34:44:788 UTC]  INFO starter.ImportStarterUtil: roleKey:System = 0
[06/06/23 19:34:44:790 UTC]  INFO starter.ImportStarterUtil: roleKey:DOTCMS_BACK_END_USER = 0
[06/06/23 19:34:44:792 UTC]  INFO starter.ImportStarterUtil: roleKey:cms_workflow_any_who_can_view = 0
[06/06/23 19:34:44:795 UTC]  INFO starter.ImportStarterUtil: roleKey:Form Editor = 0
[06/06/23 19:34:44:797 UTC]  INFO starter.ImportStarterUtil: roleKey:dotcms.org.default = 0
[06/06/23 19:34:44:798 UTC]  INFO starter.ImportStarterUtil: roleKey:cms_workflow_any_who_can_edit_permissions = 0
[06/06/23 19:34:44:806 UTC]  INFO starter.ImportStarterUtil: roleKey:cms_workflow_any_who_can_edit = 0
[06/06/23 19:34:44:809 UTC]  INFO starter.ImportStarterUtil: roleKey:CMS Anonymous = 0
[06/06/23 19:34:44:812 UTC]  INFO starter.ImportStarterUtil: roleKey:CMS Owner = 0
[06/06/23 19:34:44:815 UTC]  INFO starter.ImportStarterUtil: roleKey:Login As = 0
[06/06/23 19:34:44:819 UTC]  INFO starter.ImportStarterUtil: roleKey:LDAP User = 0
[06/06/23 19:34:44:823 UTC]  INFO starter.ImportStarterUtil: roleKey:CMS Administrator = 0
[06/06/23 19:34:44:825 UTC]  INFO starter.ImportStarterUtil: roleKey:DOTCMS_FRONT_END_USER = 0
[06/06/23 19:34:44:828 UTC]  INFO starter.ImportStarterUtil: roleKey:cms_workflow_any_who_can_publish = 0
[06/06/23 19:34:44:831 UTC]  INFO starter.ImportStarterUtil: roleKey:dotcms.org.1 = 0
[06/06/23 19:34:44:834 UTC]  INFO starter.ImportStarterUtil: roleKey:anonymous = 0
[06/06/23 19:34:44:837 UTC]  INFO starter.ImportStarterUtil: roleKey:Scripting Developer = 0
[06/06/23 19:34:44:839 UTC]  INFO starter.ImportStarterUtil: **** Importing the file: /data/local/dotsecure/backup/temp/com.liferay.portal.model.User.json *****
[06/06/23 19:34:44:843 UTC]  INFO starter.ImportStarterUtil: Importing:	com.liferay.portal.model.User
[06/06/23 19:34:44:899 UTC]  INFO starter.ImportStarterUtil: Found :	4 com.liferay.portal.model.User(s)
[06/06/23 19:34:44:961 UTC]  WARN util.LocaleUtil: null is not a valid language id
[06/06/23 19:34:44:977 UTC]  WARN business.UserHelper: Error loading user with id dotcms.org.1
[06/06/23 19:34:45:091 UTC]  INFO xml.Marshaller: Marshaller called using one of the *static*  marshal(Object, *) methods. This will ignore any  mapping files as specified. Please consider switching to  using Marshaller instances and calling one of the marshal(*) methods.
[06/06/23 19:34:47:362 UTC]  WARN business.UserHelper: Error loading user with id system
[06/06/23 19:34:48:411 UTC]  INFO util.SecurityLogger: class com.dotmarketing.business.RoleAPIImpl : Adding role:'Admin User' to user:dotcms.org.1 email:admin@dotcms.com -- ip:ukn,user:null
[06/06/23 19:34:48:418 UTC]  WARN business.UserHelper: Error loading user with id anonymous
[06/06/23 19:34:49:444 UTC]  INFO util.SecurityLogger: class com.dotmarketing.business.RoleAPIImpl : Adding role:'anonymous user anonymous' to user:anonymous email:anonymous@dotcms.anonymoususer -- ip:ukn,user:null
[06/06/23 19:34:49:453 UTC]  INFO starter.ImportStarterUtil: 
[06/06/23 19:34:49:453 UTC]  INFO starter.ImportStarterUtil: 
[06/06/23 19:34:49:453 UTC]  INFO starter.ImportStarterUtil: **** Importing the file: /data/local/dotsecure/backup/temp/com.dotmarketing.business.UsersRoles_0000000000.json *****
[06/06/23 19:34:49:453 UTC]  INFO starter.ImportStarterUtil: Importing:	com.dotmarketing.business.UsersRoles
[06/06/23 19:34:49:459 UTC]  INFO starter.ImportStarterUtil: Found :	14 com.dotmarketing.business.UsersRoles(s)
[06/06/23 19:34:49:470 UTC]  INFO starter.ImportStarterUtil: **** Importing the file: /data/local/dotsecure/backup/temp/com.dotmarketing.business.Layout_0000000000.json *****
[06/06/23 19:34:49:470 UTC]  INFO starter.ImportStarterUtil: Importing:	com.dotmarketing.business.Layout
[06/06/23 19:34:49:475 UTC]  INFO starter.ImportStarterUtil: Found :	11 com.dotmarketing.business.Layout(s)
[06/06/23 19:34:49:495 UTC]  INFO starter.ImportStarterUtil: **** Importing the file: /data/local/dotsecure/backup/temp/com.dotmarketing.business.PortletsLayouts_0000000000.json *****
[06/06/23 19:34:49:495 UTC]  INFO starter.ImportStarterUtil: Importing:	com.dotmarketing.business.PortletsLayouts
[06/06/23 19:34:49:502 UTC]  INFO starter.ImportStarterUtil: Found :	36 com.dotmarketing.business.PortletsLayouts(s)
[06/06/23 19:34:49:541 UTC]  INFO starter.ImportStarterUtil: **** Importing the file: /data/local/dotsecure/backup/temp/com.dotmarketing.business.LayoutsRoles_0000000000.json *****
[06/06/23 19:34:49:542 UTC]  INFO starter.ImportStarterUtil: Importing:	com.dotmarketing.business.LayoutsRoles
[06/06/23 19:34:49:545 UTC]  INFO starter.ImportStarterUtil: Found :	7 com.dotmarketing.business.LayoutsRoles(s)
[06/06/23 19:34:49:558 UTC]  INFO starter.ImportStarterUtil: **** Importing the file: /data/local/dotsecure/backup/temp/com.dotmarketing.portlets.languagesmanager.model.Language_0000000000.json *****
[06/06/23 19:34:49:558 UTC]  INFO starter.ImportStarterUtil: Importing:	com.dotmarketing.portlets.languagesmanager.model.Language
[06/06/23 19:34:49:564 UTC]  INFO starter.ImportStarterUtil: Found :	1 com.dotmarketing.portlets.languagesmanager.model.Language(s)
[06/06/23 19:34:49:588 UTC]  INFO starter.ImportStarterUtil: Importing folder path /System foldersystem folder
[06/06/23 19:34:49:715 UTC]  INFO starter.ImportStarterUtil: **** Importing the file: /data/local/dotsecure/backup/temp/com.dotmarketing.portlets.folders.model.Folder_0000000000.json *****
[06/06/23 19:34:49:715 UTC]  INFO starter.ImportStarterUtil: Importing:	com.dotmarketing.portlets.folders.model.Folder
[06/06/23 19:34:49:744 UTC]  INFO starter.ImportStarterUtil: Found :	1 com.dotmarketing.portlets.folders.model.Folder(s)
[06/06/23 19:34:50:512 UTC]  INFO business.ContentTypeAPIImpl: Content type not found with given id: c938b15f-bcb6-49ef-8651-14d455a97045. Continuing...
[06/06/23 19:34:50:915 UTC]  INFO util.ActivityLogger: class com.dotmarketing.util.ActivityLogger: system : Save Field Action , User system/system user added field Site/Folder to Persona Structure.
[06/06/23 19:34:50:963 UTC]  INFO util.ActivityLogger: class com.dotmarketing.util.ActivityLogger: system : Save Field Action , User system/system user added field Name to Persona Structure.
[06/06/23 19:34:50:996 UTC]  INFO util.ActivityLogger: class com.dotmarketing.util.ActivityLogger: system : Save Field Action , User system/system user added field Key Tag to Persona Structure.
[06/06/23 19:34:51:031 UTC]  INFO util.ActivityLogger: class com.dotmarketing.util.ActivityLogger: system : Save Field Action , User system/system user added field Photo to Persona Structure.
[06/06/23 19:34:51:067 UTC]  INFO util.ActivityLogger: class com.dotmarketing.util.ActivityLogger: system : Save Field Action , User system/system user added field Other Tags to Persona Structure.
[06/06/23 19:34:51:105 UTC]  INFO util.ActivityLogger: class com.dotmarketing.util.ActivityLogger: system : Save Field Action , User system/system user added field Description to Persona Structure.
[06/06/23 19:34:51:134 UTC]  INFO util.ActivityLogger: class com.dotcms.contenttype.business.ContentTypeAPIImpl: system : Save ContentType Action , User system/system user system user added ContentType Persona to host id:SYSTEM_HOST
[06/06/23 19:34:51:137 UTC]  INFO business.ContentTypeAPIImpl: UserId : system : ContentType : ContentType saved : Persona
[06/06/23 19:34:51:139 UTC]  INFO util.AdminLogger: UserId : system : class com.dotcms.contenttype.business.ContentTypeAPIImpl : ContentType : ContentType saved : Persona
[06/06/23 19:34:51:156 UTC]  INFO business.ContentTypeAPIImpl: Content type not found with given id: f4d7c1b8-2c88-4071-abf1-a5328977b07d. Continuing...
[06/06/23 19:34:51:176 UTC]  INFO util.ActivityLogger: class com.dotmarketing.util.ActivityLogger: system : Save Field Action , User system/system user added field Key to Language Variable Structure.
[06/06/23 19:34:51:202 UTC]  INFO util.ActivityLogger: class com.dotmarketing.util.ActivityLogger: system : Save Field Action , User system/system user added field Value to Language Variable Structure.
[06/06/23 19:34:51:211 UTC]  INFO util.ActivityLogger: class com.dotcms.contenttype.business.ContentTypeAPIImpl: system : Save ContentType Action , User system/system user system user added ContentType Language Variable to host id:SYSTEM_HOST
[06/06/23 19:34:51:213 UTC]  INFO business.ContentTypeAPIImpl: UserId : system : ContentType : ContentType saved : Language Variable
[06/06/23 19:34:51:214 UTC]  INFO util.AdminLogger: UserId : system : class com.dotcms.contenttype.business.ContentTypeAPIImpl : ContentType : ContentType saved : Language Variable
[06/06/23 19:34:51:246 UTC]  INFO business.ContentTypeAPIImpl: Content type not found with given id: 4d21b6d8-1711-4ae6-9419-89e2b1ae5a06. Continuing...
[06/06/23 19:34:51:272 UTC]  INFO util.ActivityLogger: class com.dotmarketing.util.ActivityLogger: system : Save Field Action , User system/system user added field Form ID to Forms Structure.
[06/06/23 19:34:51:293 UTC]  INFO util.ActivityLogger: class com.dotmarketing.util.ActivityLogger: system : Save Field Action , User system/system user added field Widget Title to Forms Structure.
[06/06/23 19:34:51:326 UTC]  INFO util.ActivityLogger: class com.dotmarketing.util.ActivityLogger: system : Save Field Action , User system/system user added field Widget Usage to Forms Structure.
[06/06/23 19:34:51:358 UTC]  INFO util.ActivityLogger: class com.dotmarketing.util.ActivityLogger: system : Save Field Action , User system/system user added field Widget Code to Forms Structure.
[06/06/23 19:34:51:395 UTC]  INFO util.ActivityLogger: class com.dotmarketing.util.ActivityLogger: system : Save Field Action , User system/system user added field Widget Pre-Execute to Forms Structure.
[06/06/23 19:34:51:407 UTC]  INFO util.ActivityLogger: class com.dotcms.contenttype.business.ContentTypeAPIImpl: system : Save ContentType Action , User system/system user system user added ContentType Forms to host id:SYSTEM_HOST
[06/06/23 19:34:51:409 UTC]  INFO business.ContentTypeAPIImpl: UserId : system : ContentType : ContentType saved : Forms
[06/06/23 19:34:51:413 UTC]  INFO util.AdminLogger: UserId : system : class com.dotcms.contenttype.business.ContentTypeAPIImpl : ContentType : ContentType saved : Forms
[06/06/23 19:34:51:430 UTC]  INFO business.ContentTypeAPIImpl: Content type not found with given id: f2d8a1c7-2b77-2081-bcf1-b5348988c08d. Continuing...
[06/06/23 19:34:51:450 UTC]  INFO util.ActivityLogger: class com.dotmarketing.util.ActivityLogger: system : Save Field Action , User system/system user added field Site or Folder to dotAsset Structure.
[06/06/23 19:34:51:470 UTC]  INFO util.ActivityLogger: class com.dotmarketing.util.ActivityLogger: system : Save Field Action , User system/system user added field Asset to dotAsset Structure.
[06/06/23 19:34:51:490 UTC]  INFO util.ActivityLogger: class com.dotmarketing.util.ActivityLogger: system : Save Field Action , User system/system user added field Tags to dotAsset Structure.
[06/06/23 19:34:51:498 UTC]  INFO util.ActivityLogger: class com.dotcms.contenttype.business.ContentTypeAPIImpl: system : Save ContentType Action , User system/system user system user added ContentType dotAsset to host id:SYSTEM_HOST
[06/06/23 19:34:51:500 UTC]  INFO business.ContentTypeAPIImpl: UserId : system : ContentType : ContentType saved : dotAsset
[06/06/23 19:34:51:500 UTC]  INFO util.AdminLogger: UserId : system : class com.dotcms.contenttype.business.ContentTypeAPIImpl : ContentType : ContentType saved : dotAsset
[06/06/23 19:34:51:551 UTC]  INFO business.ContentTypeAPIImpl: Content type not found with given id: 33888b6f-7a8e-4069-b1b6-5c1aa9d0a48d. Continuing...
[06/06/23 19:34:51:570 UTC]  INFO util.ActivityLogger: class com.dotmarketing.util.ActivityLogger: system : Save Field Action , User system/system user added field Host Or Folder to File Asset Structure.
[06/06/23 19:34:51:586 UTC]  INFO util.ActivityLogger: class com.dotmarketing.util.ActivityLogger: system : Save Field Action , User system/system user added field File Name to File Asset Structure.
[06/06/23 19:34:51:606 UTC]  INFO util.ActivityLogger: class com.dotmarketing.util.ActivityLogger: system : Save Field Action , User system/system user added field File Asset to File Asset Structure.
[06/06/23 19:34:51:628 UTC]  INFO util.ActivityLogger: class com.dotmarketing.util.ActivityLogger: system : Save Field Action , User system/system user added field Title to File Asset Structure.
[06/06/23 19:34:51:653 UTC]  INFO util.ActivityLogger: class com.dotmarketing.util.ActivityLogger: system : Save Field Action , User system/system user added field Metadata to File Asset Structure.
[06/06/23 19:34:51:679 UTC]  INFO util.ActivityLogger: class com.dotmarketing.util.ActivityLogger: system : Save Field Action , User system/system user added field Metadata to File Asset Structure.
[06/06/23 19:34:51:709 UTC]  INFO util.ActivityLogger: class com.dotmarketing.util.ActivityLogger: system : Save Field Action , User system/system user added field Show On Menu to File Asset Structure.
[06/06/23 19:34:51:749 UTC]  INFO util.ActivityLogger: class com.dotmarketing.util.ActivityLogger: system : Save Field Action , User system/system user added field Sort Order to File Asset Structure.
[06/06/23 19:34:51:780 UTC]  INFO util.ActivityLogger: class com.dotmarketing.util.ActivityLogger: system : Save Field Action , User system/system user added field Description to File Asset Structure.
[06/06/23 19:34:51:795 UTC]  INFO util.ActivityLogger: class com.dotcms.contenttype.business.ContentTypeAPIImpl: system : Save ContentType Action , User system/system user system user added ContentType File Asset to host id:SYSTEM_HOST
[06/06/23 19:34:51:797 UTC]  INFO business.ContentTypeAPIImpl: UserId : system : ContentType : ContentType saved : File Asset
[06/06/23 19:34:51:798 UTC]  INFO util.AdminLogger: UserId : system : class com.dotcms.contenttype.business.ContentTypeAPIImpl : ContentType : ContentType saved : File Asset
[06/06/23 19:34:51:822 UTC]  INFO business.ContentTypeAPIImpl: Content type not found with given id: 8e850645-bb92-4fda-a765-e67063a59be0. Continuing...
[06/06/23 19:34:51:838 UTC]  INFO util.ActivityLogger: class com.dotmarketing.util.ActivityLogger: system : Save Field Action , User system/system user added field Title to Vanity URL Structure.
[06/06/23 19:34:51:856 UTC]  INFO util.ActivityLogger: class com.dotmarketing.util.ActivityLogger: system : Save Field Action , User system/system user added field Site to Vanity URL Structure.
[06/06/23 19:34:51:875 UTC]  INFO util.ActivityLogger: class com.dotmarketing.util.ActivityLogger: system : Save Field Action , User system/system user added field Uri to Vanity URL Structure.
[06/06/23 19:34:51:903 UTC]  INFO util.ActivityLogger: class com.dotmarketing.util.ActivityLogger: system : Save Field Action , User system/system user added field Action to Vanity URL Structure.
[06/06/23 19:34:51:957 UTC]  INFO util.ActivityLogger: class com.dotmarketing.util.ActivityLogger: system : Save Field Action , User system/system user added field Forward To to Vanity URL Structure.
[06/06/23 19:34:51:998 UTC]  INFO util.ActivityLogger: class com.dotmarketing.util.ActivityLogger: system : Save Field Action , User system/system user added field Order to Vanity URL Structure.
[06/06/23 19:34:52:014 UTC]  INFO util.ActivityLogger: class com.dotcms.contenttype.business.ContentTypeAPIImpl: system : Save ContentType Action , User system/system user system user added ContentType Vanity URL to host id:SYSTEM_HOST
[06/06/23 19:34:52:015 UTC]  INFO business.ContentTypeAPIImpl: UserId : system : ContentType : ContentType saved : Vanity URL
[06/06/23 19:34:52:017 UTC]  INFO util.AdminLogger: UserId : system : class com.dotcms.contenttype.business.ContentTypeAPIImpl : ContentType : ContentType saved : Vanity URL
[06/06/23 19:34:52:039 UTC]  INFO business.ContentTypeAPIImpl: Content type not found with given id: c541abb1-69b3-4bc5-8430-5e09e5239cc8. Continuing...
[06/06/23 19:34:52:066 UTC]  INFO util.ActivityLogger: class com.dotmarketing.util.ActivityLogger: system : Save Field Action , User system/system user added field Title to Page Structure.
[06/06/23 19:34:52:097 UTC]  INFO util.ActivityLogger: class com.dotmarketing.util.ActivityLogger: system : Save Field Action , User system/system user added field Url to Page Structure.
[06/06/23 19:34:52:133 UTC]  INFO util.ActivityLogger: class com.dotmarketing.util.ActivityLogger: system : Save Field Action , User system/system user added field Host or Folder to Page Structure.
[06/06/23 19:34:52:172 UTC]  INFO util.ActivityLogger: class com.dotmarketing.util.ActivityLogger: system : Save Field Action , User system/system user added field Template to Page Structure.
[06/06/23 19:34:52:206 UTC]  INFO util.ActivityLogger: class com.dotmarketing.util.ActivityLogger: system : Save Field Action , User system/system user added field Friendly Name to Page Structure.
[06/06/23 19:34:52:255 UTC]  INFO util.ActivityLogger: class com.dotmarketing.util.ActivityLogger: system : Save Field Action , User system/system user added field Show on Menu to Page Structure.
[06/06/23 19:34:52:307 UTC]  INFO util.ActivityLogger: class com.dotmarketing.util.ActivityLogger: system : Save Field Action , User system/system user added field Sort Order to Page Structure.
[06/06/23 19:34:52:348 UTC]  INFO util.ActivityLogger: class com.dotmarketing.util.ActivityLogger: system : Save Field Action , User system/system user added field Cache TTL to Page Structure.
[06/06/23 19:34:52:390 UTC]  INFO util.ActivityLogger: class com.dotmarketing.util.ActivityLogger: system : Save Field Action , User system/system user added field Advanced Properties to Page Structure.
[06/06/23 19:34:52:441 UTC]  INFO util.ActivityLogger: class com.dotmarketing.util.ActivityLogger: system : Save Field Action , User system/system user added field Redirect Url to Page Structure.
[06/06/23 19:34:52:512 UTC]  INFO util.ActivityLogger: class com.dotmarketing.util.ActivityLogger: system : Save Field Action , User system/system user added field HTTPS Required to Page Structure.
[06/06/23 19:34:52:587 UTC]  INFO util.ActivityLogger: class com.dotmarketing.util.ActivityLogger: system : Save Field Action , User system/system user added field SEO Description to Page Structure.
[06/06/23 19:34:52:636 UTC]  INFO util.ActivityLogger: class com.dotmarketing.util.ActivityLogger: system : Save Field Action , User system/system user added field SEO Keywords to Page Structure.
[06/06/23 19:34:52:684 UTC]  INFO util.ActivityLogger: class com.dotmarketing.util.ActivityLogger: system : Save Field Action , User system/system user added field Page Metadata to Page Structure.
[06/06/23 19:34:52:730 UTC]  INFO util.ActivityLogger: class com.dotmarketing.util.ActivityLogger: system : Save Field Action , User system/system user added field Canonical URL to Page Structure.
[06/06/23 19:34:52:751 UTC]  INFO util.ActivityLogger: class com.dotcms.contenttype.business.ContentTypeAPIImpl: system : Save ContentType Action , User system/system user system user added ContentType Page to host id:SYSTEM_HOST
[06/06/23 19:34:52:752 UTC]  INFO business.ContentTypeAPIImpl: UserId : system : ContentType : ContentType saved : Page
[06/06/23 19:34:52:752 UTC]  INFO util.AdminLogger: UserId : system : class com.dotcms.contenttype.business.ContentTypeAPIImpl : ContentType : ContentType saved : Page
[06/06/23 19:34:52:818 UTC]  INFO business.ContentTypeAPIImpl: Content type not found with given id: 855a2d72-f2f3-4169-8b04-ac5157c4380c. Continuing...
[06/06/23 19:34:52:833 UTC]  INFO util.ActivityLogger: class com.dotmarketing.util.ActivityLogger: system : Save Field Action , User system/system user added field fields-2 to Host Structure.
[06/06/23 19:34:52:848 UTC]  INFO util.ActivityLogger: class com.dotmarketing.util.ActivityLogger: system : Save Field Action , User system/system user added field fields-3 to Host Structure.
[06/06/23 19:34:52:866 UTC]  INFO util.ActivityLogger: class com.dotmarketing.util.ActivityLogger: system : Save Field Action , User system/system user added field Site Key to Host Structure.
[06/06/23 19:34:52:886 UTC]  INFO util.ActivityLogger: class com.dotmarketing.util.ActivityLogger: system : Save Field Action , User system/system user added field Aliases to Host Structure.
[06/06/23 19:34:52:910 UTC]  INFO util.ActivityLogger: class com.dotmarketing.util.ActivityLogger: system : Save Field Action , User system/system user added field Tag Storage to Host Structure.
[06/06/23 19:34:52:936 UTC]  INFO util.ActivityLogger: class com.dotmarketing.util.ActivityLogger: system : Save Field Action , User system/system user added field Is Default to Host Structure.
[06/06/23 19:34:52:964 UTC]  INFO util.ActivityLogger: class com.dotmarketing.util.ActivityLogger: system : Save Field Action , User system/system user added field Is System Host to Host Structure.
[06/06/23 19:34:52:997 UTC]  INFO util.ActivityLogger: class com.dotmarketing.util.ActivityLogger: system : Save Field Action , User system/system user added field Host Thumbnail to Host Structure.
[06/06/23 19:34:53:028 UTC]  INFO util.ActivityLogger: class com.dotmarketing.util.ActivityLogger: system : Save Field Action , User system/system user added field Run Dashboard to Host Structure.
[06/06/23 19:34:53:042 UTC]  INFO util.ActivityLogger: class com.dotcms.contenttype.business.ContentTypeAPIImpl: system : Save ContentType Action , User system/system user system user added ContentType Host to host id:SYSTEM_HOST
[06/06/23 19:34:53:043 UTC]  INFO business.ContentTypeAPIImpl: UserId : system : ContentType : ContentType saved : Host
[06/06/23 19:34:53:044 UTC]  INFO util.AdminLogger: UserId : system : class com.dotcms.contenttype.business.ContentTypeAPIImpl : ContentType : ContentType saved : Host
[06/06/23 19:34:53:048 UTC]  INFO business.ContentTypeAPIImpl: Content type not found with given id: 2c46b6586c38852ac08a824a303ced80. Continuing...
[06/06/23 19:34:53:075 UTC]  INFO util.ActivityLogger: class com.dotmarketing.util.ActivityLogger: system : Save Field Action , User system/system user added field Site or Folder to Image Structure.
[06/06/23 19:34:53:102 UTC]  INFO util.ActivityLogger: class com.dotmarketing.util.ActivityLogger: system : Save Field Action , User system/system user added field Asset to Image Structure.
[06/06/23 19:34:53:132 UTC]  INFO util.ActivityLogger: class com.dotmarketing.util.ActivityLogger: system : Save Field Action , User system/system user added field Tags to Image Structure.
[06/06/23 19:34:53:140 UTC]  INFO util.ActivityLogger: class com.dotcms.contenttype.business.ContentTypeAPIImpl: system : Save ContentType Action , User system/system user system user added ContentType Image to host id:8a7d5e23-da1e-420a-b4f0-471e7da8ea2d
[06/06/23 19:34:53:141 UTC]  INFO business.ContentTypeAPIImpl: UserId : system : ContentType : ContentType saved : Image
[06/06/23 19:34:53:141 UTC]  INFO util.AdminLogger: UserId : system : class com.dotcms.contenttype.business.ContentTypeAPIImpl : ContentType : ContentType saved : Image
[06/06/23 19:34:53:150 UTC]  INFO business.ContentTypeAPIImpl: Content type not found with given id: c77450b834901a20c8193ef9d561ee5b. Continuing...
[06/06/23 19:34:53:174 UTC]  INFO util.ActivityLogger: class com.dotmarketing.util.ActivityLogger: system : Save Field Action , User system/system user added field Site or Folder to Video Structure.
[06/06/23 19:34:53:200 UTC]  INFO util.ActivityLogger: class com.dotmarketing.util.ActivityLogger: system : Save Field Action , User system/system user added field Asset to Video Structure.
[06/06/23 19:34:53:231 UTC]  INFO util.ActivityLogger: class com.dotmarketing.util.ActivityLogger: system : Save Field Action , User system/system user added field Tags to Video Structure.
[06/06/23 19:34:53:239 UTC]  INFO util.ActivityLogger: class com.dotcms.contenttype.business.ContentTypeAPIImpl: system : Save ContentType Action , User system/system user system user added ContentType Video to host id:8a7d5e23-da1e-420a-b4f0-471e7da8ea2d
[06/06/23 19:34:53:240 UTC]  INFO business.ContentTypeAPIImpl: UserId : system : ContentType : ContentType saved : Video
[06/06/23 19:34:53:241 UTC]  INFO util.AdminLogger: UserId : system : class com.dotcms.contenttype.business.ContentTypeAPIImpl : ContentType : ContentType saved : Video
[06/06/23 19:34:53:263 UTC]  INFO business.ContentTypeAPIImpl: Content type not found with given id: 2a3e91e4-fbbf-4876-8c5b-2233c1739b05. Continuing...
[06/06/23 19:34:53:277 UTC]  INFO util.ActivityLogger: class com.dotmarketing.util.ActivityLogger: system : Save Field Action , User system/system user added field Row Field to Content (Generic) Structure.
[06/06/23 19:34:53:292 UTC]  INFO util.ActivityLogger: class com.dotmarketing.util.ActivityLogger: system : Save Field Action , User system/system user added field Column Field to Content (Generic) Structure.
[06/06/23 19:34:53:311 UTC]  INFO util.ActivityLogger: class com.dotmarketing.util.ActivityLogger: system : Save Field Action , User system/system user added field Title to Content (Generic) Structure.
[06/06/23 19:34:53:330 UTC]  INFO util.ActivityLogger: class com.dotmarketing.util.ActivityLogger: system : Save Field Action , User system/system user added field Site to Content (Generic) Structure.
[06/06/23 19:34:53:357 UTC]  INFO util.ActivityLogger: class com.dotmarketing.util.ActivityLogger: system : Save Field Action , User system/system user added field Body to Content (Generic) Structure.
[06/06/23 19:34:53:369 UTC]  INFO util.ActivityLogger: class com.dotcms.contenttype.business.ContentTypeAPIImpl: system : Save ContentType Action , User system/system user system user added ContentType Content (Generic) to host id:SYSTEM_HOST
[06/06/23 19:34:53:370 UTC]  INFO business.ContentTypeAPIImpl: UserId : system : ContentType : ContentType saved : Content (Generic)
[06/06/23 19:34:53:371 UTC]  INFO util.AdminLogger: UserId : system : class com.dotcms.contenttype.business.ContentTypeAPIImpl : ContentType : ContentType saved : Content (Generic)
[06/06/23 19:34:53:375 UTC]  INFO business.ContentTypeAPIImpl: Content type not found with given id: ce930143870e11569f93f8a9fff5da19. Continuing...
[06/06/23 19:34:53:388 UTC]  INFO util.ActivityLogger: class com.dotmarketing.util.ActivityLogger: system : Save Field Action , User system/system user added field Screenshot to Dot Favorite Page Structure.
[06/06/23 19:34:53:403 UTC]  INFO util.ActivityLogger: class com.dotmarketing.util.ActivityLogger: system : Save Field Action , User system/system user added field title to Dot Favorite Page Structure.
[06/06/23 19:34:53:421 UTC]  INFO util.ActivityLogger: class com.dotmarketing.util.ActivityLogger: system : Save Field Action , User system/system user added field url to Dot Favorite Page Structure.
[06/06/23 19:34:53:442 UTC]  INFO util.ActivityLogger: class com.dotmarketing.util.ActivityLogger: system : Save Field Action , User system/system user added field order to Dot Favorite Page Structure.
[06/06/23 19:34:53:452 UTC]  INFO util.ActivityLogger: class com.dotcms.contenttype.business.ContentTypeAPIImpl: system : Save ContentType Action , User system/system user system user added ContentType Dot Favorite Page to host id:SYSTEM_HOST
[06/06/23 19:34:53:453 UTC]  INFO business.ContentTypeAPIImpl: UserId : system : ContentType : ContentType saved : Dot Favorite Page
[06/06/23 19:34:53:454 UTC]  INFO util.AdminLogger: UserId : system : class com.dotcms.contenttype.business.ContentTypeAPIImpl : ContentType : ContentType saved : Dot Favorite Page
[06/06/23 19:34:53:456 UTC]  INFO starter.ImportStarterUtil: **** Importing the file: /data/local/dotsecure/backup/temp/com.dotmarketing.portlets.contentlet.model.Contentlet_0000000000.json *****
[06/06/23 19:34:53:457 UTC]  INFO starter.ImportStarterUtil: Importing:	com.dotmarketing.portlets.contentlet.model.Contentlet
[06/06/23 19:34:53:723 UTC]  INFO starter.ImportStarterUtil: Found :	5 com.dotmarketing.portlets.contentlet.model.Contentlet(s)
[06/06/23 19:34:53:910 UTC]  INFO timedcache.TimedCacheProvider: ***	 Building Cache : esquerycache, size:10000, seconds:3600,Concurrency:32 (every 60000 millis)
[06/06/23 19:34:54:450 UTC]  INFO util.SecurityLogger: class com.dotmarketing.portlets.workflows.business.WorkflowAPIImpl : Workflow Scheme 'System Workflow' [d61a59e1-a49c-46f2-a929-db2b4bfa88b2] has been saved by User ID 'system' -- ip:ukn,user:null
[06/06/23 19:34:54:458 UTC]  INFO util.SecurityLogger: class com.dotmarketing.portlets.workflows.business.WorkflowAPIImpl : Workflow Step 'New' [6cb7e3bd-1710-4eed-8838-d3db60f78f19] has been saved by User ID 'system' -- ip:ukn,user:null
[06/06/23 19:34:54:461 UTC]  INFO util.SecurityLogger: class com.dotmarketing.portlets.workflows.business.WorkflowAPIImpl : Workflow Step 'Draft' [ee24a4cb-2d15-4c98-b1bd-6327126451f3] has been saved by User ID 'system' -- ip:ukn,user:null
[06/06/23 19:34:54:464 UTC]  INFO util.SecurityLogger: class com.dotmarketing.portlets.workflows.business.WorkflowAPIImpl : Workflow Step 'Published' [dc3c9cd0-8467-404b-bf95-cb7df3fbc293] has been saved by User ID 'system' -- ip:ukn,user:null
[06/06/23 19:34:54:467 UTC]  INFO util.SecurityLogger: class com.dotmarketing.portlets.workflows.business.WorkflowAPIImpl : Workflow Step 'Archived' [d6b095b6-b65f-4bdb-bbfd-701d663dfee2] has been saved by User ID 'system' -- ip:ukn,user:null
[06/06/23 19:34:54:476 UTC]  INFO util.SecurityLogger: class com.dotmarketing.portlets.workflows.business.WorkflowAPIImpl : Action id: '4da13a42-5d59-480c-ad8f-94a3adf809fe' has been reordered by user: system -- ip:ukn,user:null
[06/06/23 19:34:54:488 UTC]  INFO util.SecurityLogger: class com.dotmarketing.portlets.workflows.business.WorkflowAPIImpl : Action id: '963f6a04-5320-42e7-ab74-6d876d199946' has been reordered by user: system -- ip:ukn,user:null
[06/06/23 19:34:54:493 UTC]  INFO util.SecurityLogger: class com.dotmarketing.portlets.workflows.business.WorkflowAPIImpl : Action id: '777f1c6b-c877-4a37-ba4b-10627316c2cc' has been reordered by user: system -- ip:ukn,user:null
[06/06/23 19:34:54:498 UTC]  INFO util.SecurityLogger: class com.dotmarketing.portlets.workflows.business.WorkflowAPIImpl : Action id: '1e0f1c6b-b67f-4c99-983d-db2b4bfa88b2' has been reordered by user: system -- ip:ukn,user:null
[06/06/23 19:34:54:503 UTC]  INFO util.SecurityLogger: class com.dotmarketing.portlets.workflows.business.WorkflowAPIImpl : Action id: 'dd4c4b7c-e9d3-4dc0-8fbf-36102f9c6324' has been reordered by user: system -- ip:ukn,user:null
[06/06/23 19:34:54:507 UTC]  INFO util.SecurityLogger: class com.dotmarketing.portlets.workflows.business.WorkflowAPIImpl : Action id: 'b9d89c80-3d88-4311-8365-187323c96436' has been reordered by user: system -- ip:ukn,user:null
[06/06/23 19:34:54:511 UTC]  INFO util.SecurityLogger: class com.dotmarketing.portlets.workflows.business.WorkflowAPIImpl : Action id: 'ceca71a0-deee-4999-bd47-b01baa1bcfc8' has been reordered by user: system -- ip:ukn,user:null
[06/06/23 19:34:54:515 UTC]  INFO util.SecurityLogger: class com.dotmarketing.portlets.workflows.business.WorkflowAPIImpl : Action id: 'c92f9aa1-9503-4567-ac30-d3242b54d02d' has been reordered by user: system -- ip:ukn,user:null
[06/06/23 19:34:54:520 UTC]  INFO util.SecurityLogger: class com.dotmarketing.portlets.workflows.business.WorkflowAPIImpl : Action id: '38efc763-d78f-4e4b-b092-59cd8c579b93' has been reordered by user: system -- ip:ukn,user:null
[06/06/23 19:34:54:547 UTC]  INFO util.SecurityLogger: class com.dotmarketing.portlets.workflows.business.WorkflowAPIImpl : The action id: 'ceca71a0-deee-4999-bd47-b01baa1bcfc8' has been saved by the user: system -- ip:ukn,user:null
[06/06/23 19:34:54:555 UTC]  INFO util.SecurityLogger: class com.dotmarketing.portlets.workflows.business.WorkflowAPIImpl : The action id: 'b9d89c80-3d88-4311-8365-187323c96436' has been saved by the user: system -- ip:ukn,user:null
[06/06/23 19:34:54:562 UTC]  INFO util.SecurityLogger: class com.dotmarketing.portlets.workflows.business.WorkflowAPIImpl : The action id: '777f1c6b-c877-4a37-ba4b-10627316c2cc' has been saved by the user: system -- ip:ukn,user:null
[06/06/23 19:34:54:571 UTC]  INFO util.SecurityLogger: class com.dotmarketing.portlets.workflows.business.WorkflowAPIImpl : The action id: 'ceca71a0-deee-4999-bd47-b01baa1bcfc8' has been saved by the user: system -- ip:ukn,user:null
[06/06/23 19:34:54:577 UTC]  INFO util.SecurityLogger: class com.dotmarketing.portlets.workflows.business.WorkflowAPIImpl : The action id: 'dd4c4b7c-e9d3-4dc0-8fbf-36102f9c6324' has been saved by the user: system -- ip:ukn,user:null
[06/06/23 19:34:54:584 UTC]  INFO util.SecurityLogger: class com.dotmarketing.portlets.workflows.business.WorkflowAPIImpl : The action id: '38efc763-d78f-4e4b-b092-59cd8c579b93' has been saved by the user: system -- ip:ukn,user:null
[06/06/23 19:34:54:590 UTC]  INFO util.SecurityLogger: class com.dotmarketing.portlets.workflows.business.WorkflowAPIImpl : The action id: '963f6a04-5320-42e7-ab74-6d876d199946' has been saved by the user: system -- ip:ukn,user:null
[06/06/23 19:34:54:596 UTC]  INFO util.SecurityLogger: class com.dotmarketing.portlets.workflows.business.WorkflowAPIImpl : The action id: 'b9d89c80-3d88-4311-8365-187323c96436' has been saved by the user: system -- ip:ukn,user:null
[06/06/23 19:34:54:606 UTC]  INFO util.SecurityLogger: class com.dotmarketing.portlets.workflows.business.WorkflowAPIImpl : The action id: '4da13a42-5d59-480c-ad8f-94a3adf809fe' has been saved by the user: system -- ip:ukn,user:null
[06/06/23 19:34:54:614 UTC]  INFO util.SecurityLogger: class com.dotmarketing.portlets.workflows.business.WorkflowAPIImpl : The action id: '963f6a04-5320-42e7-ab74-6d876d199946' has been saved by the user: system -- ip:ukn,user:null
[06/06/23 19:34:54:619 UTC]  INFO util.SecurityLogger: class com.dotmarketing.portlets.workflows.business.WorkflowAPIImpl : The action id: '38efc763-d78f-4e4b-b092-59cd8c579b93' has been saved by the user: system -- ip:ukn,user:null
[06/06/23 19:34:54:627 UTC]  INFO util.SecurityLogger: class com.dotmarketing.portlets.workflows.business.WorkflowAPIImpl : The action id: 'ceca71a0-deee-4999-bd47-b01baa1bcfc8' has been saved by the user: system -- ip:ukn,user:null
[06/06/23 19:34:54:633 UTC]  INFO util.SecurityLogger: class com.dotmarketing.portlets.workflows.business.WorkflowAPIImpl : The action id: '4da13a42-5d59-480c-ad8f-94a3adf809fe' has been saved by the user: system -- ip:ukn,user:null
[06/06/23 19:34:54:639 UTC]  INFO util.SecurityLogger: class com.dotmarketing.portlets.workflows.business.WorkflowAPIImpl : The action id: 'b9d89c80-3d88-4311-8365-187323c96436' has been saved by the user: system -- ip:ukn,user:null
[06/06/23 19:34:54:645 UTC]  INFO util.SecurityLogger: class com.dotmarketing.portlets.workflows.business.WorkflowAPIImpl : The action id: 'dd4c4b7c-e9d3-4dc0-8fbf-36102f9c6324' has been saved by the user: system -- ip:ukn,user:null
[06/06/23 19:34:54:659 UTC]  INFO util.SecurityLogger: class com.dotmarketing.portlets.workflows.business.WorkflowAPIImpl : The action id: 'c92f9aa1-9503-4567-ac30-d3242b54d02d' has been saved by the user: system -- ip:ukn,user:null
[06/06/23 19:34:54:665 UTC]  INFO util.SecurityLogger: class com.dotmarketing.portlets.workflows.business.WorkflowAPIImpl : The action id: '777f1c6b-c877-4a37-ba4b-10627316c2cc' has been saved by the user: system -- ip:ukn,user:null
[06/06/23 19:34:54:672 UTC]  INFO util.SecurityLogger: class com.dotmarketing.portlets.workflows.business.WorkflowAPIImpl : The action id: '1e0f1c6b-b67f-4c99-983d-db2b4bfa88b2' has been saved by the user: system -- ip:ukn,user:null
[06/06/23 19:34:54:782 UTC]  INFO util.SecurityLogger: class com.dotmarketing.portlets.workflows.business.WorkflowAPIImpl : Saving class parameters by the user: system -- ip:ukn,user:null
[06/06/23 19:34:54:795 UTC]  INFO starter.ImportStarterUtil: **** Importing the file: /data/local/dotsecure/backup/temp/com.dotmarketing.beans.Permission_0000000000.json *****
[06/06/23 19:34:54:795 UTC]  INFO starter.ImportStarterUtil: Importing:	com.dotmarketing.beans.Permission
[06/06/23 19:34:54:801 UTC]  INFO starter.ImportStarterUtil: Found :	20 com.dotmarketing.beans.Permission(s)
[06/06/23 19:34:54:823 UTC]  INFO starter.ImportStarterUtil: **** Importing the file: /data/local/dotsecure/backup/temp/com.dotmarketing.portlets.contentlet.model.ContentletVersionInfo_0000000000.json *****
[06/06/23 19:34:54:823 UTC]  INFO starter.ImportStarterUtil: Importing:	com.dotmarketing.portlets.contentlet.model.ContentletVersionInfo
[06/06/23 19:34:54:827 UTC]  INFO starter.ImportStarterUtil: Found :	3 com.dotmarketing.portlets.contentlet.model.ContentletVersionInfo(s)
[06/06/23 19:34:54:896 UTC]  INFO starter.ImportStarterUtil: **** Importing the file: /data/local/dotsecure/backup/temp/com.dotmarketing.portlets.workflows.model.WorkflowTask_0000000000.json *****
[06/06/23 19:34:54:896 UTC]  INFO starter.ImportStarterUtil: Importing:	com.dotmarketing.portlets.workflows.model.WorkflowTask
[06/06/23 19:34:54:899 UTC]  INFO starter.ImportStarterUtil: Found :	1 com.dotmarketing.portlets.workflows.model.WorkflowTask(s)
[06/06/23 19:34:54:907 UTC]  INFO starter.ImportStarterUtil: **** Importing the file: /data/local/dotsecure/backup/temp/Image.json *****
[06/06/23 19:34:54:907 UTC]  INFO starter.ImportStarterUtil: Importing:	Image
[06/06/23 19:35:01:019 UTC]  INFO starter.ImportStarterUtil: Found :	1 Image(s)
[06/06/23 19:35:01:023 UTC]  INFO starter.ImportStarterUtil: **** Importing the file: /data/local/dotsecure/backup/temp/Portlet.json *****
[06/06/23 19:35:01:024 UTC]  INFO starter.ImportStarterUtil: Importing:	Portlet
[06/06/23 19:35:01:032 UTC]  INFO starter.ImportStarterUtil: Found :	3 Portlet(s)
[06/06/23 19:35:01:052 UTC]  INFO starter.ImportStarterUtil: Done Importing
[06/06/23 19:35:01:064 UTC]  INFO runonce.Task210321RemoveOldMetadataFiles:  executing metadata clean up under path /data/shared/assets
[06/06/23 19:35:01:085 UTC]  INFO db.DotCMSInitDb:  `1` old metadata entries removed and `0` old content files from the starter.
[06/06/23 19:35:01:090 UTC]  INFO timedcache.TimedCacheProvider: ===== Initializing [Timed Cache Provider].
[06/06/23 19:35:01:096 UTC]  INFO timedcache.TimedCacheProvider: ***	 Cache Config Memory : esquerycache: 10000
[06/06/23 19:35:01:096 UTC]  INFO timedcache.TimedCacheProvider: ***	 Cache Config Memory : esquerycountcache: 10000
[06/06/23 19:35:01:104 UTC]  INFO timedcache.TimedCacheProvider: ***	 Cache Config Memory : graphqlquerycache: 5000
[06/06/23 19:35:01:105 UTC]  INFO timedcache.TimedCacheProvider: ***	 Cache Config Memory : default: 1000
[06/06/23 19:35:01:105 UTC]  INFO timedcache.TimedCacheProvider: ***	 Cache Config Memory : adminconfigpool: 100
[06/06/23 19:35:01:105 UTC]  INFO timedcache.TimedCacheProvider: ***	 Cache Config Memory : companypool: 10
[06/06/23 19:35:01:105 UTC]  INFO timedcache.TimedCacheProvider: ***	 Cache Config Memory : contentletcache: 5000
[06/06/23 19:35:01:105 UTC]  INFO timedcache.TimedCacheProvider: ***	 Cache Config Memory : categoryparentscache: 30000
[06/06/23 19:35:01:105 UTC]  INFO timedcache.TimedCacheProvider: ***	 Cache Config Memory : taginodecache: 50000
[06/06/23 19:35:01:117 UTC]  INFO timedcache.TimedCacheProvider: ***	 Cache Config Memory : taginodesbyinodecache: 50000
[06/06/23 19:35:01:119 UTC]  INFO timedcache.TimedCacheProvider: ***	 Cache Config Memory : tagcache: 50000
[06/06/23 19:35:01:120 UTC]  INFO timedcache.TimedCacheProvider: ***	 Cache Config Memory : csscache: 2500
[06/06/23 19:35:01:120 UTC]  INFO timedcache.TimedCacheProvider: ***	 Cache Config Memory : assetmetadatacache: 10000
[06/06/23 19:35:01:120 UTC]  INFO timedcache.TimedCacheProvider: ***	 Cache Config Memory : identifiercache: 50000
[06/06/23 19:35:01:120 UTC]  INFO timedcache.TimedCacheProvider: ***	 Cache Config Memory : identifier404cache: 30000
[06/06/23 19:35:01:120 UTC]  INFO timedcache.TimedCacheProvider: ***	 Cache Config Memory : indiciescache: 8
[06/06/23 19:35:01:120 UTC]  INFO timedcache.TimedCacheProvider: ***	 Cache Config Memory : logmappercache: 10
[06/06/23 19:35:01:120 UTC]  INFO timedcache.TimedCacheProvider: ***	 Cache Config Memory : navcache: 1000
[06/06/23 19:35:01:120 UTC]  INFO timedcache.TimedCacheProvider: ***	 Cache Config Memory : parentpermissionablecache: 10000
[06/06/23 19:35:01:120 UTC]  INFO timedcache.TimedCacheProvider: ***	 Cache Config Memory : permissioncache: 50000
[06/06/23 19:35:01:120 UTC]  INFO timedcache.TimedCacheProvider: ***	 Cache Config Memory : portletpool: 100
[06/06/23 19:35:01:120 UTC]  INFO timedcache.TimedCacheProvider: ***	 Cache Config Memory : publishingendpointcache: 100
[06/06/23 19:35:01:120 UTC]  INFO timedcache.TimedCacheProvider: ***	 Cache Config Memory : pushedassetscache: 5000
[06/06/23 19:35:01:120 UTC]  INFO timedcache.TimedCacheProvider: ***	 Cache Config Memory : templatecache: 500
[06/06/23 19:35:01:120 UTC]  INFO timedcache.TimedCacheProvider: ***	 Cache Config Memory : translatedquerycache: 5000
[06/06/23 19:35:01:126 UTC]  INFO timedcache.TimedCacheProvider: ***	 Cache Config Memory : versioncache: 50000
[06/06/23 19:35:01:127 UTC]  INFO timedcache.TimedCacheProvider: ***	 Cache Config Memory : versioninfocache: 50000
[06/06/23 19:35:01:128 UTC]  INFO timedcache.TimedCacheProvider: ***	 Cache Config Memory : workflowactioncache: 10000
[06/06/23 19:35:01:131 UTC]  INFO timedcache.TimedCacheProvider: ***	 Cache Config Memory : workflowtaskcache: 10000
[06/06/23 19:35:01:132 UTC]  INFO timedcache.TimedCacheProvider: ***	 Cache Config Memory : shortyidcache: 25000
[06/06/23 19:35:01:133 UTC]  INFO timedcache.TimedCacheProvider: ***	 Cache Config Memory : velocitycache: 5000
[06/06/23 19:35:01:134 UTC]  INFO timedcache.TimedCacheProvider: ***	 Cache Config Memory : vanityurldirectcache: 25000
[06/06/23 19:35:01:135 UTC]  INFO timedcache.TimedCacheProvider: ***	 Cache Config Memory : vanityurlsitecache: 5000
[06/06/23 19:35:01:135 UTC]  INFO h22.H22Cache: Start Full Cache Flush in h22
[06/06/23 19:35:01:136 UTC]  INFO h22.H22Cache: Building new H22 Cache, db:0
[06/06/23 19:35:01:138 UTC]  INFO h22.H22HikariPool: H22 on disk cache:jdbc:h2:/data/local/dotsecure/h22cache/0/2023-06-06_19-35-01/cache;MVCC=TRUE;DB_CLOSE_ON_EXIT=FALSE
[06/06/23 19:35:01:277 UTC]  INFO h22.H22Cache: Building new H22 Cache, db:1
[06/06/23 19:35:01:277 UTC]  INFO h22.H22HikariPool: H22 on disk cache:jdbc:h2:/data/local/dotsecure/h22cache/1/2023-06-06_19-35-01/cache;MVCC=TRUE;DB_CLOSE_ON_EXIT=FALSE
[06/06/23 19:35:01:357 UTC]  INFO h22.H22Cache: End Full Cache Flush in h22 : 222ms
[06/06/23 19:35:01:415 UTC]  INFO reindex.ReindexThread: --- Recreating ReindexThread from stopped
[06/06/23 19:35:01:420 UTC]  INFO framework.OSGISystem: Starting: OSGi System Framework
[06/06/23 19:35:01:423 UTC]  INFO framework.OSGISystem: Felix System base dir: /srv/dotserver/tomcat-9.0.60/webapps/ROOT/WEB-INF/felix-system
[06/06/23 19:35:01:440 UTC]  INFO framework.OSGIUtil: Loading Factory org.apache.felix.framework.FrameworkFactory
[06/06/23 19:35:02:100 UTC]  INFO init.SamlInitializer: SAML Init STARTED...
[06/06/23 19:35:03:470 UTC]  INFO init.SamlInitializer: Doing instance of Java Crypto validator
[06/06/23 19:35:03:482 UTC]  INFO init.SamlInitializer: Getting the Security Providers
[06/06/23 19:35:03:484 UTC]  INFO init.SamlInitializer: - SUN (DSA key/parameter generation; DSA signing; SHA-1, MD5 digests; SecureRandom; X.509 certificates; PKCS12, JKS & DKS keystores; PKIX CertPathValidator; PKIX CertPathBuilder; LDAP, Collection CertStores, JavaPolicy Policy; JavaLoginConfig Configuration)
[06/06/23 19:35:03:489 UTC]  INFO init.SamlInitializer: - Sun RSA signature provider
[06/06/23 19:35:03:490 UTC]  INFO init.SamlInitializer: - Sun Elliptic Curve provider (EC, ECDSA, ECDH)
[06/06/23 19:35:03:490 UTC]  INFO init.SamlInitializer: - Sun JSSE provider(PKCS12, SunX509/PKIX key/trust factories, SSLv3/TLSv1/TLSv1.1/TLSv1.2/TLSv1.3/DTLSv1.0/DTLSv1.2)
[06/06/23 19:35:03:490 UTC]  INFO init.SamlInitializer: - SunJCE Provider (implements RSA, DES, Triple DES, AES, Blowfish, ARCFOUR, RC2, PBE, Diffie-Hellman, HMAC, ChaCha20)
[06/06/23 19:35:03:491 UTC]  INFO init.SamlInitializer: - Sun (Kerberos v5, SPNEGO)
[06/06/23 19:35:03:491 UTC]  INFO init.SamlInitializer: - Sun SASL provider(implements client mechanisms for: DIGEST-MD5, EXTERNAL, PLAIN, CRAM-MD5, NTLM; server mechanisms for: DIGEST-MD5, CRAM-MD5, NTLM)
[06/06/23 19:35:03:491 UTC]  INFO init.SamlInitializer: - JdkLDAP Provider (implements LDAP CertStore)
[06/06/23 19:35:03:493 UTC]  INFO init.SamlInitializer: Doing Init of SignatureValidationProvider
[06/06/23 19:35:03:502 UTC]  INFO init.SamlInitializer: SAML Init DONE
[06/06/23 19:35:03:504 UTC]  INFO init.SamlInitializer: Setting basic parser pool
[06/06/23 19:35:03:508 UTC]  INFO osgi.Activator: Adding the SAML Web Filter
[06/06/23 19:35:03:929 UTC]  INFO osgi.Activator: Adding the SAML Web Service: com.dotcms.auth.providers.saml.v1.DotSamlResource
[06/06/23 19:35:04:246 UTC]  WARN util.FileUtil:  Fail to remove destination dir [/data/local/dotsecure/trash/h22/20230606193504240/2023-06-06_19-34-40]
[06/06/23 19:35:04:274 UTC]  WARN util.FileUtil:  Fail to remove destination dir [/data/local/dotsecure/trash/h22/20230606193504273/2023-06-06_19-34-40]
[06/06/23 19:35:05:229 UTC]  INFO osgi.Activator: Subscribing to  AppSecretSavedEvent events
[06/06/23 19:35:05:729 UTC]  INFO framework.OSGISystem: Started : OSGi System Framework
[06/06/23 19:35:05:730 UTC]  INFO reindex.ReindexThread: --- ReindexThread Running (every 60000 millis)
[06/06/23 19:35:05:733 UTC]  INFO db.DotCMSInitDb: Building Initial Index
[06/06/23 19:35:05:743 UTC]  INFO reindex.ReindexThread: ---  ReindexThread is starting, background indexing will begin
[06/06/23 19:35:05:805 UTC]  INFO business.ESIndexAPI: createIndex : Trying to create index: cluster_749d2ffcf4.working_20230606193505 with shards: 0
[06/06/23 19:35:05:806 UTC]  INFO util.AdminLogger: class com.dotcms.content.elasticsearch.business.ESIndexAPI : createIndex : Trying to create index: cluster_749d2ffcf4.working_20230606193505 with shards: 0
[06/06/23 19:35:05:806 UTC]  WARN business.ESIndexAPI: Unable to parse shards from config
[06/06/23 19:35:05:809 UTC]  WARN business.ESIndexAPI: null
[06/06/23 19:35:05:810 UTC]  WARN business.ESIndexAPI: java.base/java.lang.Integer.parseInt(Integer.java:614)
[06/06/23 19:35:06:296 UTC]  INFO business.ESIndexAPI: createIndex : Index created: cluster_749d2ffcf4.working_20230606193505 with shards: 1
[06/06/23 19:35:06:298 UTC]  INFO util.AdminLogger: class com.dotcms.content.elasticsearch.business.ESIndexAPI : createIndex : Index created: cluster_749d2ffcf4.working_20230606193505 with shards: 1
[06/06/23 19:35:06:406 UTC]  INFO business.ESIndexAPI: createIndex : Trying to create index: cluster_749d2ffcf4.live_20230606193505 with shards: 0
[06/06/23 19:35:06:407 UTC]  INFO util.AdminLogger: class com.dotcms.content.elasticsearch.business.ESIndexAPI : createIndex : Trying to create index: cluster_749d2ffcf4.live_20230606193505 with shards: 0
[06/06/23 19:35:06:407 UTC]  WARN business.ESIndexAPI: Unable to parse shards from config
[06/06/23 19:35:06:408 UTC]  WARN business.ESIndexAPI: null
[06/06/23 19:35:06:408 UTC]  WARN business.ESIndexAPI: java.base/java.lang.Integer.parseInt(Integer.java:614)
[06/06/23 19:35:06:644 UTC]  INFO business.ESIndexAPI: createIndex : Index created: cluster_749d2ffcf4.live_20230606193505 with shards: 1
[06/06/23 19:35:06:644 UTC]  INFO util.AdminLogger: class com.dotcms.content.elasticsearch.business.ESIndexAPI : createIndex : Index created: cluster_749d2ffcf4.live_20230606193505 with shards: 1
[06/06/23 19:35:06:869 UTC]  INFO servlets.InitServlet: 
[06/06/23 19:35:06:877 UTC]  INFO servlets.InitServlet:  * Copyright (c) 2023 dotCMS Inc. 
[06/06/23 19:35:06:877 UTC]  INFO servlets.InitServlet:  * This software, code and any modifications to the code are licensed under the terms of the dotCMS Enterprise License 
[06/06/23 19:35:06:877 UTC]  INFO servlets.InitServlet:  * which can be found here : https://www.github.com/dotCMS/core/LICENSE 
[06/06/23 19:35:06:877 UTC]  INFO servlets.InitServlet: 
[06/06/23 19:35:11:706 UTC]  INFO reindex.ReindexThread: --- Unpausing reindex thread 
[06/06/23 19:35:14:091 UTC]  INFO reindex.BulkProcessorListener: -----------
[06/06/23 19:35:14:093 UTC]  INFO reindex.BulkProcessorListener: Reindexing Server #  : 1 of 1
[06/06/23 19:35:14:094 UTC]  INFO reindex.BulkProcessorListener: Total Indexed        : 0
[06/06/23 19:35:14:095 UTC]  INFO reindex.BulkProcessorListener: ReindexEntries found : 3
[06/06/23 19:35:14:097 UTC]  INFO reindex.BulkProcessorListener: BulkRequests created : 6
[06/06/23 19:35:14:098 UTC]  INFO reindex.BulkProcessorListener: -----------
[06/06/23 19:35:14:711 UTC]  INFO db.DotCMSInitDb: Records left to index : 3
[06/06/23 19:35:16:713 UTC]  INFO db.DotCMSInitDb: Records left to index : 0
[06/06/23 19:35:16:715 UTC]  INFO db.DotCMSInitDb: While in DevMode dotCMS will not set an initial password to the admin user.
[06/06/23 19:35:16:716 UTC]  INFO startup.StartupTasksExecutor: Not Running Startup Tasks: Task00005LoadFixassets
[06/06/23 19:35:16:814 UTC]  INFO startup.StartupTasksExecutor: Running Startup Tasks : Task00006CreateSystemLayout
[06/06/23 19:35:19:847 UTC]  INFO startup.StartupTasksExecutor: Not Running Startup Tasks: Task00007RemoveSitesearchQuartzJob
[06/06/23 19:35:19:848 UTC]  INFO startup.StartupTasksExecutor: Running Startup Tasks : Task00040CheckAnonymousUser
[06/06/23 19:35:20:114 UTC]  INFO apps.SecretsKeyStoreHelper: KeyStore loaded successfully after `1` tries.
[06/06/23 19:35:20:116 UTC]  INFO startup.StartupTasksExecutor: Not Running Startup Tasks: Task00050LoadAppsSecrets
[06/06/23 19:35:20:118 UTC]  INFO startup.StartupTasksExecutor: Finishing startup tasks.
[06/06/23 19:35:20:120 UTC]  INFO startup.StartupTasksExecutor: ---
[06/06/23 19:35:20:122 UTC]  INFO startup.StartupTasksExecutor: 
[06/06/23 19:35:20:123 UTC]  INFO startup.StartupTasksExecutor: Running Upgrade Tasks
[06/06/23 19:35:20:124 UTC]  INFO startup.StartupTasksExecutor: Database version: 0
[06/06/23 19:35:21:154 UTC]  INFO startup.StartupTasksExecutor: Database upgraded to version: 760
[06/06/23 19:35:21:156 UTC]  INFO startup.StartupTasksExecutor: Database upgraded to version: 765
[06/06/23 19:35:21:158 UTC]  INFO startup.StartupTasksExecutor: Database upgraded to version: 766
[06/06/23 19:35:21:160 UTC]  INFO startup.StartupTasksExecutor: Database upgraded to version: 767
[06/06/23 19:35:21:162 UTC]  INFO startup.StartupTasksExecutor: Database upgraded to version: 768
[06/06/23 19:35:21:164 UTC]  INFO startup.StartupTasksExecutor: Database upgraded to version: 769
[06/06/23 19:35:21:166 UTC]  INFO startup.StartupTasksExecutor: Database upgraded to version: 775
[06/06/23 19:35:21:168 UTC]  INFO startup.StartupTasksExecutor: Database upgraded to version: 780
[06/06/23 19:35:21:169 UTC]  INFO startup.StartupTasksExecutor: Database upgraded to version: 782
[06/06/23 19:35:21:170 UTC]  INFO startup.StartupTasksExecutor: Database upgraded to version: 785
[06/06/23 19:35:21:172 UTC]  INFO startup.StartupTasksExecutor: Database upgraded to version: 790
[06/06/23 19:35:21:174 UTC]  INFO startup.StartupTasksExecutor: Database upgraded to version: 795
[06/06/23 19:35:21:175 UTC]  INFO startup.StartupTasksExecutor: Database upgraded to version: 800
[06/06/23 19:35:21:176 UTC]  INFO startup.StartupTasksExecutor: Database upgraded to version: 805
[06/06/23 19:35:21:181 UTC]  INFO startup.StartupTasksExecutor: Database upgraded to version: 810
[06/06/23 19:35:21:182 UTC]  INFO startup.StartupTasksExecutor: Database upgraded to version: 815
[06/06/23 19:35:21:183 UTC]  INFO startup.StartupTasksExecutor: Database upgraded to version: 820
[06/06/23 19:35:21:183 UTC]  INFO startup.StartupTasksExecutor: Database upgraded to version: 825
[06/06/23 19:35:21:184 UTC]  INFO startup.StartupTasksExecutor: Database upgraded to version: 835
[06/06/23 19:35:21:184 UTC]  INFO startup.StartupTasksExecutor: Database upgraded to version: 840
[06/06/23 19:35:21:186 UTC]  INFO startup.StartupTasksExecutor: Database upgraded to version: 845
[06/06/23 19:35:21:188 UTC]  INFO startup.StartupTasksExecutor: Database upgraded to version: 850
[06/06/23 19:35:21:190 UTC]  INFO startup.StartupTasksExecutor: Database upgraded to version: 855
[06/06/23 19:35:21:191 UTC]  INFO startup.StartupTasksExecutor: Database upgraded to version: 860
[06/06/23 19:35:21:192 UTC]  INFO startup.StartupTasksExecutor: Database upgraded to version: 865
[06/06/23 19:35:21:194 UTC]  INFO startup.StartupTasksExecutor: Database upgraded to version: 900
[06/06/23 19:35:21:195 UTC]  INFO startup.StartupTasksExecutor: Database upgraded to version: 905
[06/06/23 19:35:21:198 UTC]  INFO startup.StartupTasksExecutor: Database upgraded to version: 910
[06/06/23 19:35:21:198 UTC]  INFO startup.StartupTasksExecutor: Database upgraded to version: 920
[06/06/23 19:35:21:201 UTC]  INFO startup.StartupTasksExecutor: Database upgraded to version: 922
[06/06/23 19:35:21:203 UTC]  INFO startup.StartupTasksExecutor: Database upgraded to version: 925
[06/06/23 19:35:21:204 UTC]  INFO startup.StartupTasksExecutor: Database upgraded to version: 930
[06/06/23 19:35:21:207 UTC]  INFO startup.StartupTasksExecutor: Database upgraded to version: 935
[06/06/23 19:35:21:210 UTC]  INFO startup.StartupTasksExecutor: Database upgraded to version: 940
[06/06/23 19:35:21:212 UTC]  INFO startup.StartupTasksExecutor: Database upgraded to version: 945
[06/06/23 19:35:21:213 UTC]  INFO startup.StartupTasksExecutor: Database upgraded to version: 950
[06/06/23 19:35:21:215 UTC]  INFO startup.StartupTasksExecutor: Database upgraded to version: 1000
[06/06/23 19:35:21:216 UTC]  INFO startup.StartupTasksExecutor: Database upgraded to version: 1005
[06/06/23 19:35:21:218 UTC]  INFO startup.StartupTasksExecutor: Database upgraded to version: 1015
[06/06/23 19:35:21:219 UTC]  INFO startup.StartupTasksExecutor: Database upgraded to version: 1016
[06/06/23 19:35:21:221 UTC]  INFO startup.StartupTasksExecutor: Database upgraded to version: 1020
[06/06/23 19:35:21:223 UTC]  INFO startup.StartupTasksExecutor: Database upgraded to version: 1030
[06/06/23 19:35:21:225 UTC]  INFO startup.StartupTasksExecutor: Database upgraded to version: 1035
[06/06/23 19:35:21:226 UTC]  INFO startup.StartupTasksExecutor: Database upgraded to version: 1045
[06/06/23 19:35:21:228 UTC]  INFO startup.StartupTasksExecutor: Database upgraded to version: 1050
[06/06/23 19:35:21:229 UTC]  INFO startup.StartupTasksExecutor: Database upgraded to version: 1055
[06/06/23 19:35:21:231 UTC]  INFO startup.StartupTasksExecutor: Database upgraded to version: 1060
[06/06/23 19:35:21:232 UTC]  INFO startup.StartupTasksExecutor: Database upgraded to version: 1065
[06/06/23 19:35:21:234 UTC]  INFO startup.StartupTasksExecutor: Database upgraded to version: 1070
[06/06/23 19:35:21:237 UTC]  INFO startup.StartupTasksExecutor: Database upgraded to version: 1080
[06/06/23 19:35:21:239 UTC]  INFO startup.StartupTasksExecutor: Database upgraded to version: 1085
[06/06/23 19:35:21:240 UTC]  INFO startup.StartupTasksExecutor: Database upgraded to version: 1090
[06/06/23 19:35:21:242 UTC]  INFO startup.StartupTasksExecutor: Database upgraded to version: 1095
[06/06/23 19:35:21:243 UTC]  INFO startup.StartupTasksExecutor: Database upgraded to version: 1096
[06/06/23 19:35:21:245 UTC]  INFO startup.StartupTasksExecutor: Database upgraded to version: 3000
[06/06/23 19:35:21:247 UTC]  INFO startup.StartupTasksExecutor: Database upgraded to version: 3005
[06/06/23 19:35:21:248 UTC]  INFO startup.StartupTasksExecutor: Database upgraded to version: 3010
[06/06/23 19:35:21:250 UTC]  INFO startup.StartupTasksExecutor: Database upgraded to version: 3015
[06/06/23 19:35:21:251 UTC]  INFO startup.StartupTasksExecutor: Database upgraded to version: 3020
[06/06/23 19:35:21:252 UTC]  INFO startup.StartupTasksExecutor: Database upgraded to version: 3025
[06/06/23 19:35:21:254 UTC]  INFO startup.StartupTasksExecutor: Database upgraded to version: 3030
[06/06/23 19:35:21:256 UTC]  INFO startup.StartupTasksExecutor: Database upgraded to version: 3035
[06/06/23 19:35:21:257 UTC]  INFO startup.StartupTasksExecutor: Database upgraded to version: 3040
[06/06/23 19:35:21:259 UTC]  INFO startup.StartupTasksExecutor: Database upgraded to version: 3042
[06/06/23 19:35:21:260 UTC]  INFO startup.StartupTasksExecutor: Database upgraded to version: 3045
[06/06/23 19:35:21:261 UTC]  INFO startup.StartupTasksExecutor: Database upgraded to version: 3050
[06/06/23 19:35:21:263 UTC]  INFO startup.StartupTasksExecutor: Database upgraded to version: 3055
[06/06/23 19:35:21:264 UTC]  INFO startup.StartupTasksExecutor: Database upgraded to version: 3060
[06/06/23 19:35:21:265 UTC]  INFO startup.StartupTasksExecutor: Database upgraded to version: 3065
[06/06/23 19:35:21:267 UTC]  INFO startup.StartupTasksExecutor: Database upgraded to version: 3100
[06/06/23 19:35:21:269 UTC]  INFO startup.StartupTasksExecutor: Database upgraded to version: 3105
[06/06/23 19:35:21:270 UTC]  INFO startup.StartupTasksExecutor: Database upgraded to version: 3120
[06/06/23 19:35:21:271 UTC]  INFO startup.StartupTasksExecutor: Database upgraded to version: 3130
[06/06/23 19:35:21:273 UTC]  INFO startup.StartupTasksExecutor: Database upgraded to version: 3135
[06/06/23 19:35:21:274 UTC]  INFO startup.StartupTasksExecutor: Database upgraded to version: 3140
[06/06/23 19:35:21:276 UTC]  INFO startup.StartupTasksExecutor: Database upgraded to version: 3150
[06/06/23 19:35:21:278 UTC]  INFO startup.StartupTasksExecutor: Database upgraded to version: 3160
[06/06/23 19:35:21:278 UTC]  INFO startup.StartupTasksExecutor: Database upgraded to version: 3165
[06/06/23 19:35:21:280 UTC]  INFO startup.StartupTasksExecutor: Database upgraded to version: 3500
[06/06/23 19:35:21:280 UTC]  WARN util.FileUtil:  Fail to remove destination dir [/data/local/dotsecure/trash/h22/20230606193521278/2023-06-06_19-35-01]
[06/06/23 19:35:21:281 UTC]  INFO startup.StartupTasksExecutor: Database upgraded to version: 3505
[06/06/23 19:35:21:283 UTC]  INFO startup.StartupTasksExecutor: Database upgraded to version: 3510
[06/06/23 19:35:21:283 UTC]  INFO startup.StartupTasksExecutor: Database upgraded to version: 3515
[06/06/23 19:35:21:284 UTC]  WARN util.FileUtil:  Fail to remove destination dir [/data/local/dotsecure/trash/h22/20230606193521283/2023-06-06_19-34-44]
[06/06/23 19:35:21:290 UTC]  INFO startup.StartupTasksExecutor: Database upgraded to version: 3520
[06/06/23 19:35:21:291 UTC]  INFO startup.StartupTasksExecutor: Database upgraded to version: 3525
[06/06/23 19:35:21:293 UTC]  INFO startup.StartupTasksExecutor: Database upgraded to version: 3530
[06/06/23 19:35:21:293 UTC]  INFO startup.StartupTasksExecutor: Database upgraded to version: 3535
[06/06/23 19:35:21:299 UTC]  INFO startup.StartupTasksExecutor: Database upgraded to version: 3540
[06/06/23 19:35:21:301 UTC]  INFO startup.StartupTasksExecutor: Database upgraded to version: 3545
[06/06/23 19:35:21:302 UTC]  INFO startup.StartupTasksExecutor: Database upgraded to version: 3550
[06/06/23 19:35:21:304 UTC]  INFO startup.StartupTasksExecutor: Database upgraded to version: 3555
[06/06/23 19:35:21:305 UTC]  INFO startup.StartupTasksExecutor: Database upgraded to version: 3560
[06/06/23 19:35:21:306 UTC]  INFO startup.StartupTasksExecutor: Database upgraded to version: 3565
[06/06/23 19:35:21:308 UTC]  INFO startup.StartupTasksExecutor: Database upgraded to version: 3600
[06/06/23 19:35:21:310 UTC]  INFO startup.StartupTasksExecutor: Database upgraded to version: 3605
[06/06/23 19:35:21:311 UTC]  INFO startup.StartupTasksExecutor: Database upgraded to version: 3700
[06/06/23 19:35:21:313 UTC]  INFO startup.StartupTasksExecutor: Database upgraded to version: 3705
[06/06/23 19:35:21:315 UTC]  INFO startup.StartupTasksExecutor: Database upgraded to version: 3710
[06/06/23 19:35:21:316 UTC]  INFO startup.StartupTasksExecutor: Database upgraded to version: 3715
[06/06/23 19:35:21:317 UTC]  INFO startup.StartupTasksExecutor: Database upgraded to version: 3720
[06/06/23 19:35:21:318 UTC]  INFO startup.StartupTasksExecutor: Database upgraded to version: 3725
[06/06/23 19:35:21:320 UTC]  INFO startup.StartupTasksExecutor: Database upgraded to version: 3735
[06/06/23 19:35:21:321 UTC]  INFO startup.StartupTasksExecutor: Database upgraded to version: 3740
[06/06/23 19:35:21:322 UTC]  INFO startup.StartupTasksExecutor: Database upgraded to version: 3745
[06/06/23 19:35:21:324 UTC]  INFO startup.StartupTasksExecutor: Database upgraded to version: 3800
[06/06/23 19:35:21:326 UTC]  INFO startup.StartupTasksExecutor: Database upgraded to version: 4100
[06/06/23 19:35:21:327 UTC]  INFO startup.StartupTasksExecutor: Database upgraded to version: 4105
[06/06/23 19:35:21:329 UTC]  INFO startup.StartupTasksExecutor: Database upgraded to version: 4110
[06/06/23 19:35:21:331 UTC]  INFO startup.StartupTasksExecutor: Database upgraded to version: 4115
[06/06/23 19:35:21:332 UTC]  INFO startup.StartupTasksExecutor: Database upgraded to version: 4120
[06/06/23 19:35:21:333 UTC]  INFO startup.StartupTasksExecutor: Database upgraded to version: 4200
[06/06/23 19:35:21:335 UTC]  INFO startup.StartupTasksExecutor: Database upgraded to version: 4205
[06/06/23 19:35:21:336 UTC]  INFO startup.StartupTasksExecutor: Database upgraded to version: 4210
[06/06/23 19:35:21:338 UTC]  INFO startup.StartupTasksExecutor: Database upgraded to version: 4215
[06/06/23 19:35:21:339 UTC]  INFO startup.StartupTasksExecutor: Database upgraded to version: 4220
[06/06/23 19:35:21:341 UTC]  INFO startup.StartupTasksExecutor: Database upgraded to version: 4230
[06/06/23 19:35:21:342 UTC]  INFO startup.StartupTasksExecutor: Database upgraded to version: 4235
[06/06/23 19:35:21:343 UTC]  INFO startup.StartupTasksExecutor: Database upgraded to version: 4300
[06/06/23 19:35:21:345 UTC]  INFO startup.StartupTasksExecutor: Database upgraded to version: 4305
[06/06/23 19:35:21:346 UTC]  INFO startup.StartupTasksExecutor: Database upgraded to version: 4310
[06/06/23 19:35:21:347 UTC]  INFO startup.StartupTasksExecutor: Database upgraded to version: 4315
[06/06/23 19:35:21:348 UTC]  INFO startup.StartupTasksExecutor: Database upgraded to version: 4320
[06/06/23 19:35:21:350 UTC]  INFO startup.StartupTasksExecutor: Database upgraded to version: 4330
[06/06/23 19:35:21:351 UTC]  INFO startup.StartupTasksExecutor: Database upgraded to version: 4335
[06/06/23 19:35:21:353 UTC]  INFO startup.StartupTasksExecutor: Database upgraded to version: 4340
[06/06/23 19:35:21:355 UTC]  INFO startup.StartupTasksExecutor: Database upgraded to version: 4345
[06/06/23 19:35:21:356 UTC]  INFO startup.StartupTasksExecutor: Database upgraded to version: 4350
[06/06/23 19:35:21:358 UTC]  INFO startup.StartupTasksExecutor: Database upgraded to version: 4355
[06/06/23 19:35:21:359 UTC]  INFO startup.StartupTasksExecutor: Database upgraded to version: 4360
[06/06/23 19:35:21:360 UTC]  INFO startup.StartupTasksExecutor: Database upgraded to version: 4365
[06/06/23 19:35:21:369 UTC]  WARN util.FileUtil:  Fail to remove destination dir [/data/local/dotsecure/trash/h22/20230606193521368/2023-06-06_19-35-01]
[06/06/23 19:35:21:369 UTC]  WARN util.FileUtil:  Fail to remove destination dir [/data/local/dotsecure/trash/h22/20230606193521369/2023-06-06_19-34-44]
[06/06/23 19:35:21:379 UTC]  INFO startup.StartupTasksExecutor: Database upgraded to version: 4370
[06/06/23 19:35:21:385 UTC]  INFO startup.StartupTasksExecutor: Database upgraded to version: 4375
[06/06/23 19:35:21:387 UTC]  INFO startup.StartupTasksExecutor: Database upgraded to version: 4380
[06/06/23 19:35:21:388 UTC]  INFO startup.StartupTasksExecutor: Database upgraded to version: 4385
[06/06/23 19:35:21:389 UTC]  INFO startup.StartupTasksExecutor: Database upgraded to version: 4390
[06/06/23 19:35:21:391 UTC]  INFO startup.StartupTasksExecutor: Database upgraded to version: 5030
[06/06/23 19:35:21:392 UTC]  INFO startup.StartupTasksExecutor: Database upgraded to version: 5035
[06/06/23 19:35:21:394 UTC]  INFO startup.StartupTasksExecutor: Database upgraded to version: 5040
[06/06/23 19:35:21:395 UTC]  INFO startup.StartupTasksExecutor: Database upgraded to version: 5050
[06/06/23 19:35:21:398 UTC]  INFO startup.StartupTasksExecutor: Database upgraded to version: 5060
[06/06/23 19:35:21:399 UTC]  INFO startup.StartupTasksExecutor: Database upgraded to version: 5070
[06/06/23 19:35:21:400 UTC]  INFO startup.StartupTasksExecutor: Database upgraded to version: 5080
[06/06/23 19:35:21:402 UTC]  INFO startup.StartupTasksExecutor: Database upgraded to version: 5150
[06/06/23 19:35:21:403 UTC]  INFO startup.StartupTasksExecutor: Database upgraded to version: 5160
[06/06/23 19:35:21:404 UTC]  INFO startup.StartupTasksExecutor: Database upgraded to version: 5165
[06/06/23 19:35:21:406 UTC]  INFO startup.StartupTasksExecutor: Database upgraded to version: 5170
[06/06/23 19:35:21:407 UTC]  INFO startup.StartupTasksExecutor: Database upgraded to version: 5175
[06/06/23 19:35:21:408 UTC]  INFO startup.StartupTasksExecutor: Database upgraded to version: 5180
[06/06/23 19:35:21:410 UTC]  INFO startup.StartupTasksExecutor: Database upgraded to version: 5190
[06/06/23 19:35:21:411 UTC]  INFO startup.StartupTasksExecutor: Database upgraded to version: 5195
[06/06/23 19:35:21:412 UTC]  INFO startup.StartupTasksExecutor: Database upgraded to version: 5200
[06/06/23 19:35:21:413 UTC]  INFO startup.StartupTasksExecutor: Database upgraded to version: 5210
[06/06/23 19:35:21:414 UTC]  INFO startup.StartupTasksExecutor: Database upgraded to version: 5215
[06/06/23 19:35:21:415 UTC]  INFO startup.StartupTasksExecutor: Database upgraded to version: 5220
[06/06/23 19:35:21:416 UTC]  INFO startup.StartupTasksExecutor: Database upgraded to version: 5225
[06/06/23 19:35:21:417 UTC]  INFO startup.StartupTasksExecutor: Database upgraded to version: 5300
[06/06/23 19:35:21:418 UTC]  INFO startup.StartupTasksExecutor: Database upgraded to version: 5305
[06/06/23 19:35:21:419 UTC]  INFO startup.StartupTasksExecutor: Database upgraded to version: 5350
[06/06/23 19:35:21:420 UTC]  INFO startup.StartupTasksExecutor: Database upgraded to version: 5370
[06/06/23 19:35:21:422 UTC]  INFO startup.StartupTasksExecutor: Database upgraded to version: 5380
[06/06/23 19:35:21:423 UTC]  INFO startup.StartupTasksExecutor: Database upgraded to version: 5390
[06/06/23 19:35:21:424 UTC]  INFO startup.StartupTasksExecutor: Database upgraded to version: 5395
[06/06/23 19:35:21:425 UTC]  INFO startup.StartupTasksExecutor: Database upgraded to version: 201013
[06/06/23 19:35:21:426 UTC]  INFO startup.StartupTasksExecutor: Database upgraded to version: 201014
[06/06/23 19:35:21:427 UTC]  INFO startup.StartupTasksExecutor: Database upgraded to version: 201102
[06/06/23 19:35:21:428 UTC]  INFO startup.StartupTasksExecutor: Database upgraded to version: 210218
[06/06/23 19:35:21:428 UTC]  INFO startup.StartupTasksExecutor: Database upgraded to version: 210316
[06/06/23 19:35:21:429 UTC]  INFO startup.StartupTasksExecutor: Database upgraded to version: 210319
[06/06/23 19:35:21:430 UTC]  INFO startup.StartupTasksExecutor: Database upgraded to version: 210321
[06/06/23 19:35:21:431 UTC]  INFO startup.StartupTasksExecutor: Database upgraded to version: 210506
[06/06/23 19:35:21:432 UTC]  INFO startup.StartupTasksExecutor: Database upgraded to version: 210510
[06/06/23 19:35:21:433 UTC]  INFO startup.StartupTasksExecutor: Database upgraded to version: 210520
[06/06/23 19:35:21:434 UTC]  INFO startup.StartupTasksExecutor: Database upgraded to version: 210527
[06/06/23 19:35:21:435 UTC]  INFO startup.StartupTasksExecutor: Database upgraded to version: 210719
[06/06/23 19:35:21:436 UTC]  INFO startup.StartupTasksExecutor: Database upgraded to version: 210802
[06/06/23 19:35:21:438 UTC]  INFO startup.StartupTasksExecutor: Database upgraded to version: 210805
[06/06/23 19:35:21:441 UTC]  INFO startup.StartupTasksExecutor: Database upgraded to version: 210816
[06/06/23 19:35:21:443 UTC]  INFO startup.StartupTasksExecutor: Database upgraded to version: 210901
[06/06/23 19:35:21:444 UTC]  INFO startup.StartupTasksExecutor: Database upgraded to version: 211007
[06/06/23 19:35:21:445 UTC]  INFO startup.StartupTasksExecutor: Database upgraded to version: 211012
[06/06/23 19:35:21:446 UTC]  INFO startup.StartupTasksExecutor: Database upgraded to version: 211020
[06/06/23 19:35:21:447 UTC]  INFO startup.StartupTasksExecutor: Database upgraded to version: 211101
[06/06/23 19:35:21:448 UTC]  INFO startup.StartupTasksExecutor: Database upgraded to version: 211103
[06/06/23 19:35:21:449 UTC]  INFO startup.StartupTasksExecutor: Database upgraded to version: 220202
[06/06/23 19:35:21:450 UTC]  INFO startup.StartupTasksExecutor: Database upgraded to version: 220203
[06/06/23 19:35:21:451 UTC]  INFO startup.StartupTasksExecutor: Database upgraded to version: 220214
[06/06/23 19:35:21:452 UTC]  INFO startup.StartupTasksExecutor: Database upgraded to version: 220215
[06/06/23 19:35:21:453 UTC]  INFO startup.StartupTasksExecutor: Database upgraded to version: 220330
[06/06/23 19:35:21:455 UTC]  INFO startup.StartupTasksExecutor: Database upgraded to version: 220401
[06/06/23 19:35:21:458 UTC]  INFO startup.StartupTasksExecutor: Database upgraded to version: 220402
[06/06/23 19:35:21:459 UTC]  INFO startup.StartupTasksExecutor: Database upgraded to version: 220413
[06/06/23 19:35:21:460 UTC]  INFO startup.StartupTasksExecutor: Database upgraded to version: 220512
[06/06/23 19:35:21:461 UTC]  INFO startup.StartupTasksExecutor: Database upgraded to version: 220606
[06/06/23 19:35:21:462 UTC]  INFO startup.StartupTasksExecutor: Database upgraded to version: 220822
[06/06/23 19:35:21:463 UTC]  INFO startup.StartupTasksExecutor: Database upgraded to version: 220824
[06/06/23 19:35:21:464 UTC]  INFO startup.StartupTasksExecutor: Database upgraded to version: 220825
[06/06/23 19:35:21:465 UTC]  INFO startup.StartupTasksExecutor: Database upgraded to version: 220829
[06/06/23 19:35:21:466 UTC]  INFO startup.StartupTasksExecutor: Database upgraded to version: 220912
[06/06/23 19:35:21:467 UTC]  INFO startup.StartupTasksExecutor: Database upgraded to version: 220928
[06/06/23 19:35:21:468 UTC]  INFO startup.StartupTasksExecutor: Database upgraded to version: 221007
[06/06/23 19:35:21:469 UTC]  INFO startup.StartupTasksExecutor: Database upgraded to version: 221018
[06/06/23 19:35:21:471 UTC]  INFO startup.StartupTasksExecutor: Database upgraded to version: 230110
[06/06/23 19:35:21:472 UTC]  INFO startup.StartupTasksExecutor: Database upgraded to version: 230119
[06/06/23 19:35:21:473 UTC]  INFO startup.StartupTasksExecutor: Database upgraded to version: 230328
[06/06/23 19:35:21:474 UTC]  INFO startup.StartupTasksExecutor: Database upgraded to version: 230426
[06/06/23 19:35:21:475 UTC]  INFO startup.StartupTasksExecutor: Database upgraded to version: 230523
[06/06/23 19:35:21:476 UTC]  INFO reindex.ReindexThread: --- Unpausing reindex thread 
[06/06/23 19:35:21:476 UTC]  INFO startup.StartupTasksExecutor: Finishing upgrade tasks.
[06/06/23 19:35:21:477 UTC]  INFO startup.StartupTasksExecutor: Running Backported Tasks
[06/06/23 19:35:21:477 UTC]  INFO startup.StartupTasksExecutor: Finishing Backported tasks.
[06/06/23 19:35:21:499 UTC]  INFO util.Config: Setting property: CACHE_BINDPORT to 5701
[06/06/23 19:35:21:514 UTC]  INFO cluster.ClusterFactory: Cluster topography has changed. This might force a rewire
[06/06/23 19:35:21:516 UTC]  INFO cluster.ClusterFactory: Expecting Servers:[]
[06/06/23 19:35:21:556 UTC]  INFO cluster.ClusterFactory: Found Servers:[server={serverId=1609f3e2-1a11-43e7-bbb9-f6e16df46b29, clusterId=749d2ffcf4, ipAddress=172.19.0.3, host=null, name=534f730fdb18, esTransportTcpPort=null, esNetworkPort=null, esHttpPort=9200, cachePort=5701, lastHeartBeat=1686080121511, key=null, licenseSerial=1cfc7c95-9fe0-4dcb-abe7-c31b9f0517fd, startupTime=0}]
[06/06/23 19:35:21:557 UTC]  INFO cluster.ClusterFactory: Cluster Active. Rewiring
[06/06/23 19:35:21:562 UTC]  INFO business.ChainableCacheAdministratorImpl: ***	 Cluster Update
[06/06/23 19:35:21:563 UTC]  INFO transport.PubSubCacheTransport: initing PubSubCacheTransport
[06/06/23 19:35:21:565 UTC]  INFO dotpubsub.PostgresPubSubImpl: Starting PostgresPubSub. Have servers:1
[06/06/23 19:35:21:566 UTC]  INFO dotpubsub.PostgresPubSubImpl: PGNotificationListener connecting to pub/sub...
[06/06/23 19:35:22:900 UTC]  INFO dotpubsub.PostgresPubSubImpl:  - LISTEN dotcache_topic
[06/06/23 19:35:22:926 UTC]  INFO transport.PubSubCacheTransport: Sending PING to cluster 
[06/06/23 19:35:22:954 UTC]  INFO transport.CacheTransportTopic: Got PING from server:1609f3e21a. sending PONG
[06/06/23 19:35:22:961 UTC]  INFO transport.CacheTransportTopic: Got PONG from server:{"t":"PONG","top":"dotcache_topic","o":"1609f3e21a"}.
[06/06/23 19:35:22:966 UTC]  INFO license.LicenseManager: Updating server 1609f3e2-1a11-43e7-bbb9-f6e16df46b29 start time to 1686080057065
[06/06/23 19:35:22:968 UTC]  INFO servlet.MainServlet: SuppressPropertiesBeanIntrospector enabled for legacy Struts applications
[06/06/23 19:35:23:284 UTC]  INFO config.DotInitializationService: Initializing DotCMS services
[06/06/23 19:35:23:288 UTC]  INFO config.DotInitializationService: Initializing :com.dotcms.api.system.event.SystemEventProcessorFactoryInitializer
[06/06/23 19:35:23:293 UTC]  INFO config.DotInitializationService: Initializing Done:com.dotcms.api.system.event.SystemEventProcessorFactoryInitializer, duration:0 seconds
[06/06/23 19:35:23:293 UTC]  INFO config.DotInitializationService: Initializing :com.dotcms.api.system.event.PayloadVerifierFactoryInitializer
[06/06/23 19:35:23:300 UTC]  INFO config.DotInitializationService: Initializing Done:com.dotcms.api.system.event.PayloadVerifierFactoryInitializer, duration:0 seconds
[06/06/23 19:35:23:300 UTC]  INFO config.DotInitializationService: Initializing :com.dotcms.system.event.local.business.LocalSystemEventSubscribersInitializer
[06/06/23 19:35:23:469 UTC]  INFO config.DotInitializationService: Initializing Done:com.dotcms.system.event.local.business.LocalSystemEventSubscribersInitializer, duration:0 seconds
[06/06/23 19:35:23:470 UTC]  INFO config.DotInitializationService: Initializing :com.dotmarketing.portlets.personas.business.PersonaAPIImpl
[06/06/23 19:35:23:474 UTC]  INFO config.DotInitializationService: Initializing Done:com.dotmarketing.portlets.personas.business.PersonaAPIImpl, duration:0 seconds
[06/06/23 19:35:23:475 UTC]  INFO config.DotInitializationService: Initializing :com.dotcms.rendering.velocity.events.ExceptionHandlersInitializer
[06/06/23 19:35:23:478 UTC]  INFO config.DotInitializationService: Initializing Done:com.dotcms.rendering.velocity.events.ExceptionHandlersInitializer, duration:0 seconds
[06/06/23 19:35:23:479 UTC]  INFO config.DotInitializationService: Initializing :com.dotcms.publishing.PublisherAPIImpl
[06/06/23 19:35:23:481 UTC]  INFO publishing.PublisherAPIImpl: Push Publishing Filters directory does not exist. Creating it under: /data/shared/assets/server/publishing-filters
[06/06/23 19:35:23:486 UTC]  INFO publishing.PublisherAPIImpl: dotcms filters files copied
[06/06/23 19:35:23:487 UTC]  INFO publishing.PublisherAPIImpl: Push Publishing Filters Directory: Lazy(/data/shared/assets/server/publishing-filters)
[06/06/23 19:35:23:489 UTC]  INFO publishing.PublisherAPIImpl: Loading Push Publish Filter: ShallowPush.yml
[06/06/23 19:35:23:716 UTC]  INFO publishing.PublisherAPIImpl: FilterDescriptor{key=ShallowPush.yml, title=Only Selected Items, sort=5, default=false, roles=DOTCMS_BACK_END_USER, filters{{excludeQuery=, excludeClasses=[], dependencies=false, excludeDependencyQuery=, excludeDependencyClasses=[], forcePush=false, relationships=false}}}
[06/06/23 19:35:23:719 UTC]  INFO publishing.PublisherAPIImpl: Loading Push Publish Filter: Intelligent.yml
[06/06/23 19:35:23:729 UTC]  INFO publishing.PublisherAPIImpl: FilterDescriptor{key=Intelligent.yml, title=Everything and Dependencies, sort=3, default=true, roles=DOTCMS_BACK_END_USER, filters{{excludeQuery=, excludeClasses=[], dependencies=true, excludeDependencyQuery=, excludeDependencyClasses=[], forcePush=false, relationships=true}}}
[06/06/23 19:35:23:729 UTC]  INFO publishing.PublisherAPIImpl: Loading Push Publish Filter: ForcePush.yml
[06/06/23 19:35:23:734 UTC]  INFO publishing.PublisherAPIImpl: FilterDescriptor{key=ForcePush.yml, title=Force Push Everything, sort=4, default=false, roles=DOTCMS_BACK_END_USER, filters{{excludeQuery=, excludeClasses=[], dependencies=true, excludeDependencyQuery=, excludeDependencyClasses=[], forcePush=true, relationships=true}}}
[06/06/23 19:35:23:734 UTC]  INFO publishing.PublisherAPIImpl: Loading Push Publish Filter: ContentOnly.yml
[06/06/23 19:35:23:745 UTC]  INFO publishing.PublisherAPIImpl: FilterDescriptor{key=ContentOnly.yml, title=Content and Relationships, sort=1, default=false, roles=DOTCMS_BACK_END_USER, filters{{excludeQuery=, excludeClasses=[ContentType, Template, Containers, Folder, Host, Links, Workflow, Language, Rule, User, OSGI], dependencies=true, excludeDependencyQuery=, excludeDependencyClasses=[ContentType, Template, Containers, Folder, Host, Links, Workflow, Language, Rule], forcePush=false, relationships=true}}}
[06/06/23 19:35:23:745 UTC]  INFO publishing.PublisherAPIImpl: Loading Push Publish Filter: WebContentOnly.yml
[06/06/23 19:35:23:758 UTC]  INFO publishing.PublisherAPIImpl: FilterDescriptor{key=WebContentOnly.yml, title=Content, Assets and Pages, sort=2, default=false, roles=DOTCMS_BACK_END_USER, filters{{excludeQuery=, excludeClasses=[Host, Workflow, ContentType, User, OSGI, Language], dependencies=true, excludeDependencyQuery=, excludeDependencyClasses=[Host, Workflow, ContentType, Language], forcePush=false, relationships=true}}}
[06/06/23 19:35:23:758 UTC]  INFO config.DotInitializationService: Initializing Done:com.dotcms.publishing.PublisherAPIImpl, duration:0 seconds
[06/06/23 19:35:23:758 UTC]  INFO config.DotInitializationService: Initializing :com.dotmarketing.portlets.containers.business.ContainerAPIImpl
[06/06/23 19:35:23:767 UTC]  INFO config.DotInitializationService: Initializing Done:com.dotmarketing.portlets.containers.business.ContainerAPIImpl, duration:0 seconds
[06/06/23 19:35:23:767 UTC]  INFO config.DotInitializationService: Initializing :com.dotmarketing.business.ThemeAPIImpl
[06/06/23 19:35:23:770 UTC]  INFO config.DotInitializationService: Initializing Done:com.dotmarketing.business.ThemeAPIImpl, duration:0 seconds
[06/06/23 19:35:23:770 UTC]  INFO config.DotInitializationService: Initializing :com.dotmarketing.portlets.templates.business.TemplateAPIImpl
[06/06/23 19:35:23:779 UTC]  INFO config.DotInitializationService: Initializing Done:com.dotmarketing.portlets.templates.business.TemplateAPIImpl, duration:0 seconds
[06/06/23 19:35:23:779 UTC]  INFO config.DotInitializationService: Initializing :com.dotcms.contenttype.business.ContentTypeInitializer
[06/06/23 19:35:23:840 UTC]  INFO util.ActivityLogger: class com.dotcms.contenttype.business.ContentTypeAPIImpl: system : Save ContentType Action , User system/system user system user added ContentType Dot Favorite Page to host id:SYSTEM_HOST
[06/06/23 19:35:23:840 UTC]  INFO business.ContentTypeAPIImpl: UserId : system : ContentType : ContentType saved : Dot Favorite Page
[06/06/23 19:35:23:840 UTC]  INFO util.AdminLogger: UserId : system : class com.dotcms.contenttype.business.ContentTypeAPIImpl : ContentType : ContentType saved : Dot Favorite Page
[06/06/23 19:35:23:840 UTC]  INFO reindex.ReindexThread: --- Unpausing reindex thread 
[06/06/23 19:35:29:073 UTC]  INFO concurrent.Debouncer: Debouncing : invalidateGraphSchema after 5000 MILLISECONDS
[06/06/23 19:35:30:083 UTC]  INFO business.WorkflowAPIImpl: Saving Schemas [ d61a59e1-a49c-46f2-a929-db2b4bfa88b2 ] for Content type 'ce930143870e11569f93f8a9fff5da19'
[06/06/23 19:35:30:086 UTC]  INFO util.SecurityLogger: class com.dotmarketing.portlets.workflows.business.WorkflowAPIImpl : Saving Schemas [ d61a59e1-a49c-46f2-a929-db2b4bfa88b2 ] for Content type 'ce930143870e11569f93f8a9fff5da19' -- ip:ukn,user:null
[06/06/23 19:35:33:132 UTC]  INFO config.DotInitializationService: Initializing Done:com.dotcms.contenttype.business.ContentTypeInitializer, duration:9 seconds
[06/06/23 19:35:33:132 UTC]  INFO config.DotInitializationService: Initializing :com.dotcms.variant.business.DefaultVariantInitializer
[06/06/23 19:35:36:151 UTC]  INFO config.DotInitializationService: Initializing Done:com.dotcms.variant.business.DefaultVariantInitializer, duration:3 seconds
[06/06/23 19:35:36:151 UTC]  INFO startup.StartupTasksExecutor: ---
[06/06/23 19:35:36:151 UTC]  INFO startup.StartupTasksExecutor: 
[06/06/23 19:35:36:151 UTC]  INFO startup.StartupTasksExecutor: Running Data Upgrade Tasks
[06/06/23 19:35:36:151 UTC]  INFO startup.StartupTasksExecutor: Database data version: 0
[06/06/23 19:35:36:156 UTC]  INFO startup.StartupTasksExecutor: Data upgraded to version: 230320
[06/06/23 19:35:36:156 UTC]  INFO startup.StartupTasksExecutor: Finishing data upgrade tasks.
[06/06/23 19:35:36:191 UTC]  INFO servlets.StartupLogger: InitServlet: Setting Default Timezone: Coordinated Universal Time
[06/06/23 19:35:36:192 UTC]  INFO servlets.StartupLogger: 
[06/06/23 19:35:36:193 UTC]  INFO servlets.StartupLogger:    Initializing dotCMS
[06/06/23 19:35:36:194 UTC]  INFO servlets.StartupLogger:    Using database: PostgreSQL
[06/06/23 19:35:36:195 UTC]  INFO servlets.StartupLogger:    Using dialect : com.dotcms.repackage.net.sf.hibernate.dialect.PostgreSQLDialect
[06/06/23 19:35:36:196 UTC]  INFO servlets.StartupLogger:    Company Name  : dotcms.org
[06/06/23 19:35:36:197 UTC]  INFO servlets.StartupLogger: 
[06/06/23 19:35:36:198 UTC]  INFO servlets.StartupLogger:    License       : PLATFORM EDITION
[06/06/23 19:35:36:199 UTC]  INFO servlets.StartupLogger:    Licensed to   : dotCMS Internal
[06/06/23 19:35:36:200 UTC]  INFO servlets.StartupLogger:    Server id     : 1609f3e2
[06/06/23 19:35:36:202 UTC]  INFO servlets.StartupLogger:    License id    : 1cfc7c95
[06/06/23 19:35:36:203 UTC]  INFO servlets.StartupLogger:    Expires       : Thu, 20 Aug 2099 04:00 AM
[06/06/23 19:35:36:204 UTC]  INFO servlets.StartupLogger: 
[06/06/23 19:35:36:205 UTC]  INFO servlets.InitServlet: 
[06/06/23 19:35:36:205 UTC]  INFO servlets.InitServlet: 
[06/06/23 19:35:36:249 UTC]  INFO business.VanityUrlAPIImpl: Populating 0 Vanity URLs for Site default
[06/06/23 19:35:36:256 UTC]  INFO business.VanityUrlAPIImpl: Populating 0 Vanity URLs for Site System Host
[06/06/23 19:35:36:258 UTC]  INFO business.VanityUrlAPIImpl: Populating 0 Vanity URLs for Site System Host
[06/06/23 19:35:36:366 UTC]  INFO impl.StdSchedulerFactory: Using default implementation for ThreadExecutor
[06/06/23 19:35:36:374 UTC]  INFO simpl.SimpleThreadPool: Job execution threads will use class loader of thread: main
[06/06/23 19:35:36:404 UTC]  INFO core.SchedulerSignalerImpl: Initialized Scheduler Signaller of type: class org.quartz.core.SchedulerSignalerImpl
[06/06/23 19:35:36:411 UTC]  INFO core.QuartzScheduler: Quartz Scheduler v.1.8.6 created.
[06/06/23 19:35:36:421 UTC]  INFO quartz.DotJobStore: Using db table-based data access locking (synchronization).
[06/06/23 19:35:36:426 UTC]  INFO quartz.DotJobStore: JobStoreCMT initialized.
[06/06/23 19:35:36:428 UTC]  INFO core.QuartzScheduler: Scheduler meta-data: Quartz Scheduler (v1.8.6) 'dotCMSQuartz' with instanceId 'NON_CLUSTERED'
  Scheduler class: 'org.quartz.core.QuartzScheduler' - running locally.
  NOT STARTED.
  Currently in standby mode.
  Number of jobs executed: 0
  Using thread pool 'org.quartz.simpl.SimpleThreadPool' - with 10 threads.
  Using job-store 'com.dotmarketing.quartz.DotJobStore' - which supports persistence. and is clustered.

[06/06/23 19:35:36:428 UTC]  INFO impl.StdSchedulerFactory: Quartz scheduler 'dotCMSQuartz' initialized from an externally provided properties instance.
[06/06/23 19:35:36:428 UTC]  INFO impl.StdSchedulerFactory: Quartz scheduler version: 1.8.6
[06/06/23 19:35:36:429 UTC]  INFO init.DotInitScheduler: Automatic Content Reindexation Cron Thread schedule disabled on this server
[06/06/23 19:35:36:429 UTC]  INFO init.DotInitScheduler: Deleting ContentReindexerJob Job
[06/06/23 19:35:36:440 UTC]  INFO init.DotInitScheduler: Users To Delete Cron Thread schedule disabled on this server
[06/06/23 19:35:36:441 UTC]  INFO init.DotInitScheduler: Deleting UsersToDeleteJob Job
[06/06/23 19:35:36:536 UTC]  INFO init.DotInitScheduler: LinkCheckerJob Cron Job schedule disabled on this server
[06/06/23 19:35:36:654 UTC]  INFO job.AccessTokenRenewJob$AccessTokensRenewJobScheduler: Stateful AnalyticsAccessTokenRenewJob (trigger31:group31) job was schedule to run at Tue Jun 06 19:36:00 UTC 2023
[06/06/23 19:35:36:689 UTC]  INFO core.QuartzScheduler: Scheduler dotCMSQuartz_$_NON_CLUSTERED started.
[06/06/23 19:35:36:800 UTC]  INFO runtime.ConcurrentParserPoolImpl: Initializing Velocity Parser Pool - min: 20 max:100 @ main
[06/06/23 19:35:36:977 UTC]  INFO servlets.InitServlet: Starting System OSGi Framework
[06/06/23 19:35:36:985 UTC]  INFO reindex.ReindexThread: --- Unpausing reindex thread 
[06/06/23 19:35:36:989 UTC]  INFO servlets.InitServlet: Starting Client OSGi Framework
[06/06/23 19:35:36:998 UTC]  INFO servlets.BinaryExporterServlet: Exporter "Content Image Fields Resizer" registered for path /resize-image
[06/06/23 19:35:36:999 UTC]  INFO servlets.BinaryExporterServlet: Exporter "Export Field Content" registered for path /raw-data
[06/06/23 19:35:37:003 UTC]  INFO dotpubsub.PostgresPubSubImpl: Starting PostgresPubSub. Have servers:1
[06/06/23 19:35:37:005 UTC]  INFO dotpubsub.PostgresPubSubImpl: PGNotificationListener already connected. Returning
[06/06/23 19:35:37:007 UTC]  INFO servlets.BinaryExporterServlet: Exporter "Image Filter Exporter" registered for path /image
[06/06/23 19:35:37:008 UTC]  INFO dotpubsub.PostgresPubSubImpl:  - LISTEN dotcache_topic
[06/06/23 19:35:37:011 UTC]  INFO dotpubsub.PostgresPubSubImpl:  - LISTEN osgi_restart_topic
[06/06/23 19:35:37:013 UTC]  INFO servlets.BinaryExporterServlet: Exporter "Image Thumbnail Field Exporter" registered for path /image-thumbnail
[06/06/23 19:35:37:015 UTC]  INFO framework.OSGIUtil: Felix base dir: /srv/dotserver/tomcat-9.0.60/webapps/ROOT/WEB-INF/felix
[06/06/23 19:35:37:019 UTC]  INFO framework.OSGIUtil: Found property  felix.auto.deploy.action=install,start
[06/06/23 19:35:37:021 UTC]  INFO framework.OSGIUtil: Found property  felix.fileinstall.log.level=3
[06/06/23 19:35:37:021 UTC]  INFO framework.OSGIUtil: Found property  felix.org.osgi.framework.startlevel.beginning=2
[06/06/23 19:35:37:021 UTC]  INFO framework.OSGIUtil: Found property  felix.org.osgi.framework.storage.clean=onFirstInit
[06/06/23 19:35:37:022 UTC]  INFO framework.OSGIUtil: Found property  felix.log.level=3
[06/06/23 19:35:37:022 UTC]  INFO framework.OSGIUtil: Found property  felix.cache.locking=false
[06/06/23 19:35:37:023 UTC]  INFO framework.OSGIUtil: Found property  felix.upload.dir=/data/shared/felix/upload
[06/06/23 19:35:37:023 UTC]  INFO framework.OSGIUtil: Found property  felix.fileinstall.dir=/data/shared/felix/load
[06/06/23 19:35:37:023 UTC]  INFO framework.OSGIUtil: Found property  felix.undeployed.dir=/data/shared/felix/undeployed
[06/06/23 19:35:37:024 UTC]  INFO framework.OSGIUtil: Building Directory:/srv/dotserver/tomcat-9.0.60/webapps/ROOT/WEB-INF/felix
[06/06/23 19:35:37:026 UTC]  INFO framework.OSGIUtil: Building Directory:/data/shared/felix/upload
[06/06/23 19:35:37:027 UTC]  INFO framework.OSGIUtil: Building Directory:/data/shared/felix/load
[06/06/23 19:35:37:028 UTC]  INFO framework.OSGIUtil: Building Directory:/data/shared/felix/undeployed
[06/06/23 19:35:37:030 UTC]  INFO framework.OSGIUtil: Building Directory:/srv/dotserver/tomcat-9.0.60/webapps/ROOT/WEB-INF/felix/bundle
[06/06/23 19:35:37:030 UTC]  INFO framework.OSGIUtil: Building Directory:/srv/dotserver/tomcat-9.0.60/webapps/ROOT/WEB-INF/felix/felix-cache
[06/06/23 19:35:37:045 UTC]  INFO framework.OSGIUtil: Starting the osgi reload on folder: /data/shared/felix/upload
[06/06/23 19:35:37:066 UTC]  INFO framework.OSGIUtil: Loading Factory org.apache.felix.framework.FrameworkFactory
[06/06/23 19:35:37:735 UTC]  INFO apps.SecretsKeyStoreHelper: KeyStore loaded successfully after `1` tries.
[06/06/23 19:35:37:813 UTC]  INFO apps.SecretsKeyStoreHelper: KeyStore loaded successfully after `1` tries.
[06/06/23 19:35:37:861 UTC]  WARN struts.MultiMessageResources: Duplicate resource property definition (key=was ==> is now): contenttypes.content.copy=Copy ==> Copy
[06/06/23 19:35:37:864 UTC]  WARN struts.MultiMessageResources: Duplicate resource property definition (key=was ==> is now): message.category.import=Importing Categories.  This operation cannot be cancelled or undone. ==> IMPORT
[06/06/23 19:35:37:864 UTC]  WARN struts.MultiMessageResources: Duplicate resource property definition (key=was ==> is now): message.containers.create.content_type_code=Content Type Code ==> Content Type Code
[06/06/23 19:35:37:867 UTC]  WARN struts.MultiMessageResources: Duplicate resource property definition (key=was ==> is now): Save=Save ==> Save
[06/06/23 19:35:37:870 UTC]  WARN struts.MultiMessageResources: Duplicate resource property definition (key=was ==> is now): Move=Move ==> Move
[06/06/23 19:35:37:872 UTC]  WARN struts.MultiMessageResources: Duplicate resource property definition (key=was ==> is now): archived=archived ==> Archived
[06/06/23 19:35:37:876 UTC]  INFO framework.OSGIUtil: osgi felix framework started
[06/06/23 19:35:37:964 UTC]  INFO saml.DotSamlProxyFactory: SAML Osgi Bundle has been started
[06/06/23 19:35:37:972 UTC]  WARN impl.SamlConfigurationServiceImpl: The /data/shared/assets/saml/dotcms-saml-default.properties does not exists or can not read
[06/06/23 19:35:38:150 UTC]  INFO apps.SecretsKeyStoreHelper: KeyStore loaded successfully after `1` tries.
[06/06/23 19:35:38:247 UTC]  INFO util.GeoIp2CityDbUtil: Connecting to GeoIP2 database:/srv/dotserver/tomcat-9.0.60/webapps/ROOT/WEB-INF/geoip2/GeoLite2-City.mmdb
[06/06/23 19:35:38:326 UTC]  WARN rules.RulesAPIImpl: Actionlet with name 'CountRulesActionlet' already registered.
[06/06/23 19:35:38:328 UTC]  WARN rules.RulesAPIImpl: Actionlet with name 'SetSessionAttributeActionlet' already registered.
[06/06/23 19:35:38:329 UTC]  WARN rules.RulesAPIImpl: Actionlet with name 'SetRequestAttributeActionlet' already registered.
[06/06/23 19:35:38:330 UTC]  WARN rules.RulesAPIImpl: Actionlet with name 'SetResponseHeaderActionlet' already registered.
[06/06/23 19:35:38:331 UTC]  WARN rules.RulesAPIImpl: Actionlet with name 'PersonaActionlet' already registered.
[06/06/23 19:35:38:331 UTC]  WARN rules.RulesAPIImpl: Actionlet with name 'VisitorTagsActionlet' already registered.
[06/06/23 19:35:38:332 UTC]  WARN rules.RulesAPIImpl: Actionlet with name 'SendRedirectActionlet' already registered.
[06/06/23 19:35:38:333 UTC]  WARN rules.RulesAPIImpl: Actionlet with name 'StopProcessingActionlet' already registered.
[06/06/23 19:35:42:654 UTC]  INFO util.SecurityLogger: class com.dotmarketing.cms.login.factories.LoginFactory : User (dotcms.org.1) password was re-hashed 600000 times -- ip:172.19.0.1,user:null
[06/06/23 19:35:46:169 UTC]  WARN auth.PrincipalThreadLocal: getName null
[06/06/23 19:35:46:180 UTC]  INFO util.SecurityLogger: class com.dotcms.cms.login.LoginServiceAPIFactory$LoginServiceImpl : User dotcms.org.1 has successfully login from IP: 172.19.0.1 -- ip:172.19.0.1,user:Admin User [ID: dotcms.org.1][email:admin@dotcms.com]
[06/06/23 19:35:46:198 UTC]  INFO util.PushPublishLogger: class com.dotcms.publisher.business.PublishAuditStatus : Status Update: Pending.
[06/06/23 19:35:46:473 UTC]  INFO rest.PushPublisherJob: Started bundle publish process
[06/06/23 19:35:46:474 UTC]  INFO util.PushPublishLogger: class com.dotcms.rest.PushPublisherJob : [BundleID: _dotPageContent_test-01FNRS68FETJPPDHY6PJ9SA9ZQ.tar.gz] Started bundle publish process
[06/06/23 19:35:47:175 UTC]  INFO util.ActivityLogger: class com.dotcms.content.elasticsearch.business.ESContentletAPIImpl: System Host : Saving Content , StartDate: N/D; EndDate: N/D; User:system; ContentIdentifier: 48190c8c-42c4-46af-8d1a-0cd5db894797
[06/06/23 19:35:47:277 UTC]  INFO business.IdentifierAPIImpl: Creating new identifier for versionable asset of type `content` and title `demo.dotcms.com` 
[06/06/23 19:35:47:404 UTC]  INFO business.ContentletIndexAPIImpl: Indexing: 48190c8c-42c4-46af-8d1a-0cd5db894797 : demo.dotcms.com, includeDependencies: true, policy: FORCE
[06/06/23 19:35:47:525 UTC]  INFO util.ActivityLogger: class com.dotcms.content.elasticsearch.business.ESContentletAPIImpl: System Host : Content Saved , StartDate: N/D; EndDate: N/D; User:system; ContentIdentifier: 48190c8c-42c4-46af-8d1a-0cd5db894797
[06/06/23 19:35:47:566 UTC]  INFO business.ContentletIndexAPIImpl: Indexing: 48190c8c-42c4-46af-8d1a-0cd5db894797 : demo.dotcms.com, includeDependencies: false, policy: FORCE
[06/06/23 19:35:47:570 UTC]  INFO util.PushPublishLogger: class com.dotcms.enterprise.publishing.remote.handler.ContentHandler : [BundleID: _dotPageContent_test-01FNRS68FETJPPDHY6PJ9SA9ZQ.tar.gz] Host publish success, ID: 48190c8c-42c4-46af-8d1a-0cd5db894797, Inode: 6e8aca39-937c-437e-91d8-d46b631bdcc8, Name: demo.dotcms.com
[06/06/23 19:35:47:624 UTC]  INFO util.ActivityLogger: class com.dotcms.content.elasticsearch.business.ESContentletAPIImpl: System Host : Locking Content , StartDate: N/D; EndDate: N/D; User:system; ContentIdentifier: 8a7d5e23-da1e-420a-b4f0-471e7da8ea2d
[06/06/23 19:35:47:647 UTC]  INFO business.ContentletIndexAPIImpl: Indexing: 8a7d5e23-da1e-420a-b4f0-471e7da8ea2d : default, includeDependencies: false, policy: FORCE
[06/06/23 19:35:47:650 UTC]  INFO util.ActivityLogger: class com.dotcms.content.elasticsearch.business.ESContentletAPIImpl: System Host : Content Locked , StartDate: N/D; EndDate: N/D; User:system; ContentIdentifier: 8a7d5e23-da1e-420a-b4f0-471e7da8ea2d
[06/06/23 19:35:47:654 UTC]  INFO util.ActivityLogger: class com.dotcms.content.elasticsearch.business.ESContentletAPIImpl: System Host : Saving Content , StartDate: N/D; EndDate: N/D; User:system; ContentIdentifier: 8a7d5e23-da1e-420a-b4f0-471e7da8ea2d
[06/06/23 19:35:47:780 UTC]  INFO business.ContentletIndexAPIImpl: Indexing: 8a7d5e23-da1e-420a-b4f0-471e7da8ea2d : default, includeDependencies: true, policy: FORCE
[06/06/23 19:35:47:828 UTC]  INFO util.ActivityLogger: class com.dotcms.content.elasticsearch.business.ESContentletAPIImpl: System Host : Content Saved , StartDate: N/D; EndDate: N/D; User:system; ContentIdentifier: 8a7d5e23-da1e-420a-b4f0-471e7da8ea2d
[06/06/23 19:35:47:834 UTC]  INFO util.ActivityLogger: class com.dotcms.content.elasticsearch.business.ESContentletAPIImpl: System Host : Publishing Content , StartDate: N/D; EndDate: N/D; User:system; ContentIdentifier: 8a7d5e23-da1e-420a-b4f0-471e7da8ea2d
[06/06/23 19:35:47:843 UTC]  INFO business.ContentletIndexAPIImpl: Indexing: 8a7d5e23-da1e-420a-b4f0-471e7da8ea2d : default, includeDependencies: true, policy: FORCE
[06/06/23 19:35:47:934 UTC]  INFO util.ActivityLogger: class com.dotcms.content.elasticsearch.business.ESContentletAPIImpl: System Host : Content Published , StartDate: N/D; EndDate: N/D; User:system; ContentIdentifier: 8a7d5e23-da1e-420a-b4f0-471e7da8ea2d
[06/06/23 19:35:47:953 UTC]  INFO util.ActivityLogger: class com.dotcms.content.elasticsearch.business.ESContentletAPIImpl: System Host : Publishing Content , StartDate: N/D; EndDate: N/D; User:system; ContentIdentifier: 48190c8c-42c4-46af-8d1a-0cd5db894797
[06/06/23 19:35:47:958 UTC]  INFO business.ContentletIndexAPIImpl: Indexing: 48190c8c-42c4-46af-8d1a-0cd5db894797 : demo.dotcms.com, includeDependencies: true, policy: FORCE
[06/06/23 19:35:48:016 UTC]  INFO util.ActivityLogger: class com.dotcms.content.elasticsearch.business.ESContentletAPIImpl: System Host : Content Published , StartDate: N/D; EndDate: N/D; User:system; ContentIdentifier: 48190c8c-42c4-46af-8d1a-0cd5db894797
[06/06/23 19:35:48:028 UTC]  INFO business.ContentletIndexAPIImpl: Indexing: 48190c8c-42c4-46af-8d1a-0cd5db894797 : demo.dotcms.com, includeDependencies: true, policy: FORCE
[06/06/23 19:35:48:139 UTC]  INFO util.SecurityLogger: class com.dotmarketing.portlets.workflows.business.WorkflowAPIImpl : Workflow Scheme 'System Workflow' [d61a59e1-a49c-46f2-a929-db2b4bfa88b2] has been saved by User ID 'system' -- ip:172.19.0.1,user:Admin User [ID: dotcms.org.1][email:admin@dotcms.com]
[06/06/23 19:35:48:154 UTC]  INFO util.SecurityLogger: class com.dotmarketing.portlets.workflows.business.WorkflowAPIImpl : Workflow Step 'New' [6cb7e3bd-1710-4eed-8838-d3db60f78f19] has been saved by User ID 'system' -- ip:172.19.0.1,user:Admin User [ID: dotcms.org.1][email:admin@dotcms.com]
[06/06/23 19:35:48:167 UTC]  INFO util.SecurityLogger: class com.dotmarketing.portlets.workflows.business.WorkflowAPIImpl : Workflow Step 'Draft' [ee24a4cb-2d15-4c98-b1bd-6327126451f3] has been saved by User ID 'system' -- ip:172.19.0.1,user:Admin User [ID: dotcms.org.1][email:admin@dotcms.com]
[06/06/23 19:35:48:185 UTC]  INFO util.SecurityLogger: class com.dotmarketing.portlets.workflows.business.WorkflowAPIImpl : Workflow Step 'Published' [dc3c9cd0-8467-404b-bf95-cb7df3fbc293] has been saved by User ID 'system' -- ip:172.19.0.1,user:Admin User [ID: dotcms.org.1][email:admin@dotcms.com]
[06/06/23 19:35:48:194 UTC]  INFO util.SecurityLogger: class com.dotmarketing.portlets.workflows.business.WorkflowAPIImpl : Workflow Step 'Archived' [d6b095b6-b65f-4bdb-bbfd-701d663dfee2] has been saved by User ID 'system' -- ip:172.19.0.1,user:Admin User [ID: dotcms.org.1][email:admin@dotcms.com]
[06/06/23 19:35:48:235 UTC]  INFO util.SecurityLogger: class com.dotmarketing.portlets.workflows.business.WorkflowAPIImpl : Action id: '4da13a42-5d59-480c-ad8f-94a3adf809fe' has been reordered by user: system -- ip:172.19.0.1,user:Admin User [ID: dotcms.org.1][email:admin@dotcms.com]
[06/06/23 19:35:48:247 UTC]  WARN business.PermissionCacheImpl:  !!! Putting an empty list of permissions in the cache for asset:4da13a42-5d59-480c-ad8f-94a3adf809fe. Every asset should have at least 1 permission (or inherited permission) associated with it
[06/06/23 19:35:48:268 UTC]  INFO util.SecurityLogger: class com.dotmarketing.portlets.workflows.business.WorkflowAPIImpl : Action id: '963f6a04-5320-42e7-ab74-6d876d199946' has been reordered by user: system -- ip:172.19.0.1,user:Admin User [ID: dotcms.org.1][email:admin@dotcms.com]
[06/06/23 19:35:48:278 UTC]  WARN business.PermissionCacheImpl:  !!! Putting an empty list of permissions in the cache for asset:963f6a04-5320-42e7-ab74-6d876d199946. Every asset should have at least 1 permission (or inherited permission) associated with it
[06/06/23 19:35:48:303 UTC]  INFO util.SecurityLogger: class com.dotmarketing.portlets.workflows.business.WorkflowAPIImpl : Action id: '777f1c6b-c877-4a37-ba4b-10627316c2cc' has been reordered by user: system -- ip:172.19.0.1,user:Admin User [ID: dotcms.org.1][email:admin@dotcms.com]
[06/06/23 19:35:48:309 UTC]  WARN business.PermissionCacheImpl:  !!! Putting an empty list of permissions in the cache for asset:777f1c6b-c877-4a37-ba4b-10627316c2cc. Every asset should have at least 1 permission (or inherited permission) associated with it
[06/06/23 19:35:48:324 UTC]  INFO util.SecurityLogger: class com.dotmarketing.portlets.workflows.business.WorkflowAPIImpl : Action id: '1e0f1c6b-b67f-4c99-983d-db2b4bfa88b2' has been reordered by user: system -- ip:172.19.0.1,user:Admin User [ID: dotcms.org.1][email:admin@dotcms.com]
[06/06/23 19:35:48:329 UTC]  WARN business.PermissionCacheImpl:  !!! Putting an empty list of permissions in the cache for asset:1e0f1c6b-b67f-4c99-983d-db2b4bfa88b2. Every asset should have at least 1 permission (or inherited permission) associated with it
[06/06/23 19:35:48:336 UTC]  INFO util.SecurityLogger: class com.dotmarketing.portlets.workflows.business.WorkflowAPIImpl : Action id: 'fa294e6b-9832-4f19-999e-c9ae27cbd47f' has been reordered by user: system -- ip:172.19.0.1,user:Admin User [ID: dotcms.org.1][email:admin@dotcms.com]
[06/06/23 19:35:48:343 UTC]  INFO util.SecurityLogger: class com.dotmarketing.portlets.workflows.business.WorkflowAPIImpl : Action id: 'bc477b07-8f84-48d2-85b8-20d07512af4b' has been reordered by user: system -- ip:172.19.0.1,user:Admin User [ID: dotcms.org.1][email:admin@dotcms.com]
[06/06/23 19:35:48:350 UTC]  WARN business.PermissionCacheImpl:  !!! Putting an empty list of permissions in the cache for asset:bc477b07-8f84-48d2-85b8-20d07512af4b. Every asset should have at least 1 permission (or inherited permission) associated with it
[06/06/23 19:35:48:365 UTC]  INFO util.SecurityLogger: class com.dotmarketing.portlets.workflows.business.WorkflowAPIImpl : Action id: 'b9d89c80-3d88-4311-8365-187323c96436' has been reordered by user: system -- ip:172.19.0.1,user:Admin User [ID: dotcms.org.1][email:admin@dotcms.com]
[06/06/23 19:35:48:371 UTC]  WARN business.PermissionCacheImpl:  !!! Putting an empty list of permissions in the cache for asset:b9d89c80-3d88-4311-8365-187323c96436. Every asset should have at least 1 permission (or inherited permission) associated with it
[06/06/23 19:35:48:388 UTC]  INFO util.SecurityLogger: class com.dotmarketing.portlets.workflows.business.WorkflowAPIImpl : Action id: 'ceca71a0-deee-4999-bd47-b01baa1bcfc8' has been reordered by user: system -- ip:172.19.0.1,user:Admin User [ID: dotcms.org.1][email:admin@dotcms.com]
[06/06/23 19:35:48:393 UTC]  WARN business.PermissionCacheImpl:  !!! Putting an empty list of permissions in the cache for asset:ceca71a0-deee-4999-bd47-b01baa1bcfc8. Every asset should have at least 1 permission (or inherited permission) associated with it
[06/06/23 19:35:48:405 UTC]  INFO util.SecurityLogger: class com.dotmarketing.portlets.workflows.business.WorkflowAPIImpl : Action id: 'c92f9aa1-9503-4567-ac30-d3242b54d02d' has been reordered by user: system -- ip:172.19.0.1,user:Admin User [ID: dotcms.org.1][email:admin@dotcms.com]
[06/06/23 19:35:48:410 UTC]  WARN business.PermissionCacheImpl:  !!! Putting an empty list of permissions in the cache for asset:c92f9aa1-9503-4567-ac30-d3242b54d02d. Every asset should have at least 1 permission (or inherited permission) associated with it
[06/06/23 19:35:48:421 UTC]  INFO util.SecurityLogger: class com.dotmarketing.portlets.workflows.business.WorkflowAPIImpl : Action id: '38efc763-d78f-4e4b-b092-59cd8c579b93' has been reordered by user: system -- ip:172.19.0.1,user:Admin User [ID: dotcms.org.1][email:admin@dotcms.com]
[06/06/23 19:35:48:425 UTC]  WARN business.PermissionCacheImpl:  !!! Putting an empty list of permissions in the cache for asset:38efc763-d78f-4e4b-b092-59cd8c579b93. Every asset should have at least 1 permission (or inherited permission) associated with it
[06/06/23 19:35:48:440 UTC]  INFO util.SecurityLogger: class com.dotmarketing.portlets.workflows.business.WorkflowAPIImpl : The action id: 'ceca71a0-deee-4999-bd47-b01baa1bcfc8' has been saved by the user: system -- ip:172.19.0.1,user:Admin User [ID: dotcms.org.1][email:admin@dotcms.com]
[06/06/23 19:35:48:447 UTC]  INFO util.SecurityLogger: class com.dotmarketing.portlets.workflows.business.WorkflowAPIImpl : The action id: 'fa294e6b-9832-4f19-999e-c9ae27cbd47f' has been saved by the user: system -- ip:172.19.0.1,user:Admin User [ID: dotcms.org.1][email:admin@dotcms.com]
[06/06/23 19:35:48:466 UTC]  INFO util.SecurityLogger: class com.dotmarketing.portlets.workflows.business.WorkflowAPIImpl : The action id: 'b9d89c80-3d88-4311-8365-187323c96436' has been saved by the user: system -- ip:172.19.0.1,user:Admin User [ID: dotcms.org.1][email:admin@dotcms.com]
[06/06/23 19:35:48:476 UTC]  INFO util.SecurityLogger: class com.dotmarketing.portlets.workflows.business.WorkflowAPIImpl : The action id: '777f1c6b-c877-4a37-ba4b-10627316c2cc' has been saved by the user: system -- ip:172.19.0.1,user:Admin User [ID: dotcms.org.1][email:admin@dotcms.com]
[06/06/23 19:35:48:486 UTC]  INFO util.SecurityLogger: class com.dotmarketing.portlets.workflows.business.WorkflowAPIImpl : The action id: 'ceca71a0-deee-4999-bd47-b01baa1bcfc8' has been saved by the user: system -- ip:172.19.0.1,user:Admin User [ID: dotcms.org.1][email:admin@dotcms.com]
[06/06/23 19:35:48:493 UTC]  INFO util.SecurityLogger: class com.dotmarketing.portlets.workflows.business.WorkflowAPIImpl : The action id: 'bc477b07-8f84-48d2-85b8-20d07512af4b' has been saved by the user: system -- ip:172.19.0.1,user:Admin User [ID: dotcms.org.1][email:admin@dotcms.com]
[06/06/23 19:35:48:503 UTC]  INFO util.SecurityLogger: class com.dotmarketing.portlets.workflows.business.WorkflowAPIImpl : The action id: '38efc763-d78f-4e4b-b092-59cd8c579b93' has been saved by the user: system -- ip:172.19.0.1,user:Admin User [ID: dotcms.org.1][email:admin@dotcms.com]
[06/06/23 19:35:48:518 UTC]  INFO util.SecurityLogger: class com.dotmarketing.portlets.workflows.business.WorkflowAPIImpl : The action id: '963f6a04-5320-42e7-ab74-6d876d199946' has been saved by the user: system -- ip:172.19.0.1,user:Admin User [ID: dotcms.org.1][email:admin@dotcms.com]
[06/06/23 19:35:48:532 UTC]  INFO util.SecurityLogger: class com.dotmarketing.portlets.workflows.business.WorkflowAPIImpl : The action id: 'b9d89c80-3d88-4311-8365-187323c96436' has been saved by the user: system -- ip:172.19.0.1,user:Admin User [ID: dotcms.org.1][email:admin@dotcms.com]
[06/06/23 19:35:48:546 UTC]  INFO util.SecurityLogger: class com.dotmarketing.portlets.workflows.business.WorkflowAPIImpl : The action id: '4da13a42-5d59-480c-ad8f-94a3adf809fe' has been saved by the user: system -- ip:172.19.0.1,user:Admin User [ID: dotcms.org.1][email:admin@dotcms.com]
[06/06/23 19:35:48:560 UTC]  INFO util.SecurityLogger: class com.dotmarketing.portlets.workflows.business.WorkflowAPIImpl : The action id: '963f6a04-5320-42e7-ab74-6d876d199946' has been saved by the user: system -- ip:172.19.0.1,user:Admin User [ID: dotcms.org.1][email:admin@dotcms.com]
[06/06/23 19:35:48:570 UTC]  INFO util.SecurityLogger: class com.dotmarketing.portlets.workflows.business.WorkflowAPIImpl : The action id: 'ceca71a0-deee-4999-bd47-b01baa1bcfc8' has been saved by the user: system -- ip:172.19.0.1,user:Admin User [ID: dotcms.org.1][email:admin@dotcms.com]
[06/06/23 19:35:48:581 UTC]  INFO util.SecurityLogger: class com.dotmarketing.portlets.workflows.business.WorkflowAPIImpl : The action id: '38efc763-d78f-4e4b-b092-59cd8c579b93' has been saved by the user: system -- ip:172.19.0.1,user:Admin User [ID: dotcms.org.1][email:admin@dotcms.com]
[06/06/23 19:35:48:591 UTC]  INFO util.SecurityLogger: class com.dotmarketing.portlets.workflows.business.WorkflowAPIImpl : The action id: '4da13a42-5d59-480c-ad8f-94a3adf809fe' has been saved by the user: system -- ip:172.19.0.1,user:Admin User [ID: dotcms.org.1][email:admin@dotcms.com]
[06/06/23 19:35:48:601 UTC]  INFO util.SecurityLogger: class com.dotmarketing.portlets.workflows.business.WorkflowAPIImpl : The action id: 'b9d89c80-3d88-4311-8365-187323c96436' has been saved by the user: system -- ip:172.19.0.1,user:Admin User [ID: dotcms.org.1][email:admin@dotcms.com]
[06/06/23 19:35:48:608 UTC]  INFO util.SecurityLogger: class com.dotmarketing.portlets.workflows.business.WorkflowAPIImpl : The action id: 'bc477b07-8f84-48d2-85b8-20d07512af4b' has been saved by the user: system -- ip:172.19.0.1,user:Admin User [ID: dotcms.org.1][email:admin@dotcms.com]
[06/06/23 19:35:48:620 UTC]  INFO util.SecurityLogger: class com.dotmarketing.portlets.workflows.business.WorkflowAPIImpl : The action id: 'c92f9aa1-9503-4567-ac30-d3242b54d02d' has been saved by the user: system -- ip:172.19.0.1,user:Admin User [ID: dotcms.org.1][email:admin@dotcms.com]
[06/06/23 19:35:48:631 UTC]  INFO util.SecurityLogger: class com.dotmarketing.portlets.workflows.business.WorkflowAPIImpl : The action id: '777f1c6b-c877-4a37-ba4b-10627316c2cc' has been saved by the user: system -- ip:172.19.0.1,user:Admin User [ID: dotcms.org.1][email:admin@dotcms.com]
[06/06/23 19:35:48:641 UTC]  INFO util.SecurityLogger: class com.dotmarketing.portlets.workflows.business.WorkflowAPIImpl : The action id: '1e0f1c6b-b67f-4c99-983d-db2b4bfa88b2' has been saved by the user: system -- ip:172.19.0.1,user:Admin User [ID: dotcms.org.1][email:admin@dotcms.com]
[06/06/23 19:35:48:764 UTC]  INFO util.SecurityLogger: class com.dotmarketing.portlets.workflows.business.WorkflowAPIImpl : Saving class parameters by the user: system -- ip:172.19.0.1,user:Admin User [ID: dotcms.org.1][email:admin@dotcms.com]
[06/06/23 19:35:48:832 UTC]  INFO util.SecurityLogger: class com.dotmarketing.portlets.workflows.business.WorkflowAPIImpl : Workflow Action Class with id: 'f970943f-3768-49b6-bc6b-f24f9affbfbf' has been deleted -- ip:172.19.0.1,user:Admin User [ID: dotcms.org.1][email:admin@dotcms.com]
[06/06/23 19:35:48:839 UTC]  INFO util.SecurityLogger: class com.dotmarketing.portlets.workflows.business.WorkflowAPIImpl : Workflow Action with id: dd4c4b7c-e9d3-4dc0-8fbf-36102f9c6324, name: Move has been deleted -- ip:172.19.0.1,user:Admin User [ID: dotcms.org.1][email:admin@dotcms.com]
[06/06/23 19:35:48:932 UTC]  INFO helper.SystemActionMappingsHandlerMerger: The mapping for systemAction: NEW, workflowAction: Optional[WorkflowAction [id=ceca71a0-deee-4999-bd47-b01baa1bcfc8, name=Save, stepId=null, nextStep=ee24a4cb-2d15-4c98-b1bd-6327126451f3]], and scheme: d61a59e1-a49c-46f2-a929-db2b4bfa88b2 has been saved
[06/06/23 19:35:48:940 UTC]  INFO helper.SystemActionMappingsHandlerMerger: The mapping for systemAction: EDIT, workflowAction: Optional[WorkflowAction [id=ceca71a0-deee-4999-bd47-b01baa1bcfc8, name=Save, stepId=null, nextStep=ee24a4cb-2d15-4c98-b1bd-6327126451f3]], and scheme: d61a59e1-a49c-46f2-a929-db2b4bfa88b2 has been saved
[06/06/23 19:35:48:947 UTC]  INFO helper.SystemActionMappingsHandlerMerger: The mapping for systemAction: UNPUBLISH, workflowAction: Optional[WorkflowAction [id=38efc763-d78f-4e4b-b092-59cd8c579b93, name=Unpublish, stepId=null, nextStep=ee24a4cb-2d15-4c98-b1bd-6327126451f3]], and scheme: d61a59e1-a49c-46f2-a929-db2b4bfa88b2 has been saved
[06/06/23 19:35:48:952 UTC]  INFO helper.SystemActionMappingsHandlerMerger: The mapping for systemAction: UNARCHIVE, workflowAction: Optional[WorkflowAction [id=c92f9aa1-9503-4567-ac30-d3242b54d02d, name=Unarchive, stepId=null, nextStep=ee24a4cb-2d15-4c98-b1bd-6327126451f3]], and scheme: d61a59e1-a49c-46f2-a929-db2b4bfa88b2 has been saved
[06/06/23 19:35:48:958 UTC]  INFO helper.SystemActionMappingsHandlerMerger: The mapping for systemAction: PUBLISH, workflowAction: Optional[WorkflowAction [id=b9d89c80-3d88-4311-8365-187323c96436, name=Publish, stepId=null, nextStep=dc3c9cd0-8467-404b-bf95-cb7df3fbc293]], and scheme: d61a59e1-a49c-46f2-a929-db2b4bfa88b2 has been saved
[06/06/23 19:35:48:963 UTC]  INFO helper.SystemActionMappingsHandlerMerger: The mapping for systemAction: ARCHIVE, workflowAction: Optional[WorkflowAction [id=4da13a42-5d59-480c-ad8f-94a3adf809fe, name=Archive, stepId=null, nextStep=d6b095b6-b65f-4bdb-bbfd-701d663dfee2]], and scheme: d61a59e1-a49c-46f2-a929-db2b4bfa88b2 has been saved
[06/06/23 19:35:48:969 UTC]  INFO helper.SystemActionMappingsHandlerMerger: The mapping for systemAction: DESTROY, workflowAction: Optional[WorkflowAction [id=1e0f1c6b-b67f-4c99-983d-db2b4bfa88b2, name=Destroy, stepId=null, nextStep=d6b095b6-b65f-4bdb-bbfd-701d663dfee2]], and scheme: d61a59e1-a49c-46f2-a929-db2b4bfa88b2 has been saved
[06/06/23 19:35:48:974 UTC]  INFO helper.SystemActionMappingsHandlerMerger: The mapping for systemAction: DELETE, workflowAction: Optional[WorkflowAction [id=777f1c6b-c877-4a37-ba4b-10627316c2cc, name=Delete, stepId=null, nextStep=d6b095b6-b65f-4bdb-bbfd-701d663dfee2]], and scheme: d61a59e1-a49c-46f2-a929-db2b4bfa88b2 has been saved
[06/06/23 19:35:48:976 UTC]  INFO util.PushPublishLogger: class com.dotcms.enterprise.publishing.remote.handler.WorkflowHandler : [BundleID: _dotPageContent_test-01FNRS68FETJPPDHY6PJ9SA9ZQ.tar.gz] Workflow publish success, ID: d61a59e1-a49c-46f2-a929-db2b4bfa88b2, Name: System Workflow
[06/06/23 19:35:49:059 UTC]  INFO util.ActivityLogger: class com.dotcms.contenttype.business.ContentTypeAPIImpl: system : Save ContentType Action , User system/system user system user added ContentType Rich Text to host id:SYSTEM_HOST
[06/06/23 19:35:49:059 UTC]  INFO business.ContentTypeAPIImpl: UserId : system : ContentType : ContentType saved : Rich Text
[06/06/23 19:35:49:061 UTC]  INFO util.AdminLogger: UserId : system : class com.dotcms.contenttype.business.ContentTypeAPIImpl : ContentType : ContentType saved : Rich Text
[06/06/23 19:35:49:063 UTC]  INFO business.ContentTypeAPIImpl: Deleting no longer needed Field: Row Field with ID: 67c89b1df448623087f2f39fe3a7b9e8, from Content Type: Rich Text
[06/06/23 19:35:49:074 UTC]  INFO util.ActivityLogger: class com.dotmarketing.util.ActivityLogger: system : Delete Field Action , User system/system user deleted field Row Field from Rich Text Content Type.
[06/06/23 19:35:49:098 UTC]  INFO business.ContentTypeAPIImpl: Deleting no longer needed Field: Column Field with ID: 32b02fef08e09ddec71cb6f444343738, from Content Type: Rich Text
[06/06/23 19:35:49:109 UTC]  INFO util.ActivityLogger: class com.dotmarketing.util.ActivityLogger: system : Delete Field Action , User system/system user deleted field Column Field from Rich Text Content Type.
[06/06/23 19:35:49:133 UTC]  INFO util.ActivityLogger: class com.dotmarketing.util.ActivityLogger: system : Save Field Action , User system/system user added field fields-0 to Rich Text Structure.
[06/06/23 19:35:49:155 UTC]  INFO util.ActivityLogger: class com.dotmarketing.util.ActivityLogger: system : Save Field Action , User system/system user added field fields-1 to Rich Text Structure.
[06/06/23 19:35:49:178 UTC]  INFO util.ActivityLogger: class com.dotmarketing.util.ActivityLogger: system : Update Field Action , User system/system user modified field Site to Rich Text Structure.
[06/06/23 19:35:49:207 UTC]  INFO util.ActivityLogger: class com.dotmarketing.util.ActivityLogger: system : Update Field Action , User system/system user modified field Title to Rich Text Structure.
[06/06/23 19:35:49:228 UTC]  INFO util.ActivityLogger: class com.dotmarketing.util.ActivityLogger: system : Update Field Action , User system/system user modified field Body to Rich Text Structure.
[06/06/23 19:35:49:234 UTC]  INFO util.PushPublishLogger: class com.dotcms.enterprise.publishing.remote.handler.ContentTypeHandler : [BundleID: _dotPageContent_test-01FNRS68FETJPPDHY6PJ9SA9ZQ.tar.gz] Content Type publish success, ID: 2a3e91e4-fbbf-4876-8c5b-2233c1739b05, Name: Rich Text
[06/06/23 19:35:49:246 UTC]  INFO util.SecurityLogger: class com.dotmarketing.portlets.workflows.business.WorkflowAPIImpl : Saving schemes [ [WorkflowScheme [id=d61a59e1-a49c-46f2-a929-db2b4bfa88b2, name=System Workflow, archived=false, mandatory=false]] ] for Content Type [ com.dotmarketing.portlets.structure.model.Structure@34cf6772[name=Rich Text,description=WYSIWYG rich text content,defaultStructure=true,reviewInterval=<null>,reviewerRole=<null>,pagedetail=<null>,structureType=1,fixed=false,system=false,velocityVarName=webPageContent,urlMapPattern=<null>,host=SYSTEM_HOST,folder=SYSTEM_FOLDER,publishDateVar=<null>,expireDateVar=<null>,modDate=Tue Jun 06 19:35:49 UTC 2023,icon=wysiwyg,sortOrder=0,iDate=Thu Mar 09 14:51:36 UTC 2017,type=structure,owner=<null>,inode=2a3e91e4-fbbf-4876-8c5b-2233c1739b05,identifier=2a3e91e4-fbbf-4876-8c5b-2233c1739b05] ] -- ip:172.19.0.1,user:Admin User [ID: dotcms.org.1][email:admin@dotcms.com]
[06/06/23 19:35:49:370 UTC]  INFO util.ActivityLogger: class com.dotcms.contenttype.business.ContentTypeAPIImpl: system : Save ContentType Action , User system/system user system user added ContentType Page to host id:SYSTEM_HOST
[06/06/23 19:35:49:371 UTC]  INFO business.ContentTypeAPIImpl: UserId : system : ContentType : ContentType saved : Page
[06/06/23 19:35:49:371 UTC]  INFO util.AdminLogger: UserId : system : class com.dotcms.contenttype.business.ContentTypeAPIImpl : ContentType : ContentType saved : Page
[06/06/23 19:35:49:424 UTC]  INFO util.ActivityLogger: class com.dotmarketing.util.ActivityLogger: system : Save Field Action , User system/system user added field fields-0 to Page Structure.
[06/06/23 19:35:49:520 UTC]  INFO util.ActivityLogger: class com.dotmarketing.util.ActivityLogger: system : Save Field Action , User system/system user added field fields-1 to Page Structure.
[06/06/23 19:35:49:569 UTC]  INFO util.ActivityLogger: class com.dotmarketing.util.ActivityLogger: system : Update Field Action , User system/system user modified field Host or Folder to Page Structure.
[06/06/23 19:35:49:614 UTC]  INFO util.ActivityLogger: class com.dotmarketing.util.ActivityLogger: system : Update Field Action , User system/system user modified field Title to Page Structure.
[06/06/23 19:35:49:659 UTC]  INFO util.ActivityLogger: class com.dotmarketing.util.ActivityLogger: system : Update Field Action , User system/system user modified field Url to Page Structure.
[06/06/23 19:35:49:715 UTC]  INFO util.ActivityLogger: class com.dotmarketing.util.ActivityLogger: system : Update Field Action , User system/system user modified field Template to Page Structure.
[06/06/23 19:35:49:801 UTC]  INFO util.ActivityLogger: class com.dotmarketing.util.ActivityLogger: system : Save Field Action , User system/system user added field Subtitle to Page Structure.
[06/06/23 19:35:49:873 UTC]  INFO util.ActivityLogger: class com.dotmarketing.util.ActivityLogger: system : Save Field Action , User system/system user added field Image to Page Structure.
[06/06/23 19:35:49:930 UTC]  INFO util.ActivityLogger: class com.dotmarketing.util.ActivityLogger: system : Update Field Action , User system/system user modified field Friendly Name to Page Structure.
[06/06/23 19:35:50:033 UTC]  INFO util.ActivityLogger: class com.dotmarketing.util.ActivityLogger: system : Save Field Action , User system/system user added field fields-2 to Page Structure.
[06/06/23 19:35:50:124 UTC]  INFO util.ActivityLogger: class com.dotmarketing.util.ActivityLogger: system : Save Field Action , User system/system user added field fields-3 to Page Structure.
[06/06/23 19:35:50:207 UTC]  INFO util.ActivityLogger: class com.dotmarketing.util.ActivityLogger: system : Update Field Action , User system/system user modified field Show on Menu to Page Structure.
[06/06/23 19:35:50:264 UTC]  INFO util.ActivityLogger: class com.dotmarketing.util.ActivityLogger: system : Save Field Action , User system/system user added field fields-4 to Page Structure.
[06/06/23 19:35:50:320 UTC]  INFO util.ActivityLogger: class com.dotmarketing.util.ActivityLogger: system : Update Field Action , User system/system user modified field Sort Order to Page Structure.
[06/06/23 19:35:50:388 UTC]  INFO util.ActivityLogger: class com.dotmarketing.util.ActivityLogger: system : Save Field Action , User system/system user added field fields-5 to Page Structure.
[06/06/23 19:35:50:455 UTC]  INFO util.ActivityLogger: class com.dotmarketing.util.ActivityLogger: system : Save Field Action , User system/system user added field fields-6 to Page Structure.
[06/06/23 19:35:50:526 UTC]  INFO util.ActivityLogger: class com.dotmarketing.util.ActivityLogger: system : Save Field Action , User system/system user added field SEO to Page Structure.
[06/06/23 19:35:50:600 UTC]  INFO util.ActivityLogger: class com.dotmarketing.util.ActivityLogger: system : Save Field Action , User system/system user added field fields-7 to Page Structure.
[06/06/23 19:35:50:672 UTC]  INFO util.ActivityLogger: class com.dotmarketing.util.ActivityLogger: system : Save Field Action , User system/system user added field fields-8 to Page Structure.
[06/06/23 19:35:50:737 UTC]  INFO util.ActivityLogger: class com.dotmarketing.util.ActivityLogger: system : Update Field Action , User system/system user modified field Canonical URL to Page Structure.
[06/06/23 19:35:50:812 UTC]  INFO util.ActivityLogger: class com.dotmarketing.util.ActivityLogger: system : Save Field Action , User system/system user added field SEO Title to Page Structure.
[06/06/23 19:35:50:889 UTC]  INFO util.ActivityLogger: class com.dotmarketing.util.ActivityLogger: system : Save Field Action , User system/system user added field SEO Title Count to Page Structure.
[06/06/23 19:35:50:949 UTC]  INFO util.ActivityLogger: class com.dotmarketing.util.ActivityLogger: system : Update Field Action , User system/system user modified field SEO Description to Page Structure.
[06/06/23 19:35:51:040 UTC]  INFO util.ActivityLogger: class com.dotmarketing.util.ActivityLogger: system : Save Field Action , User system/system user added field SEO Description Count to Page Structure.
[06/06/23 19:35:51:104 UTC]  INFO util.ActivityLogger: class com.dotmarketing.util.ActivityLogger: system : Update Field Action , User system/system user modified field SEO Keywords to Page Structure.
[06/06/23 19:35:51:173 UTC]  INFO util.ActivityLogger: class com.dotmarketing.util.ActivityLogger: system : Update Field Action , User system/system user modified field Advanced Properties to Page Structure.
[06/06/23 19:35:51:263 UTC]  INFO util.ActivityLogger: class com.dotmarketing.util.ActivityLogger: system : Save Field Action , User system/system user added field fields-9 to Page Structure.
[06/06/23 19:35:51:347 UTC]  INFO util.ActivityLogger: class com.dotmarketing.util.ActivityLogger: system : Save Field Action , User system/system user added field fields-10 to Page Structure.
[06/06/23 19:35:51:431 UTC]  INFO util.ActivityLogger: class com.dotmarketing.util.ActivityLogger: system : Save Field Action , User system/system user added field Custom CSS to Page Structure.
[06/06/23 19:35:51:494 UTC]  INFO util.ActivityLogger: class com.dotmarketing.util.ActivityLogger: system : Update Field Action , User system/system user modified field Page Metadata to Page Structure.
[06/06/23 19:35:51:554 UTC]  INFO util.ActivityLogger: class com.dotmarketing.util.ActivityLogger: system : Update Field Action , User system/system user modified field Redirect Url to Page Structure.
[06/06/23 19:35:51:620 UTC]  INFO util.ActivityLogger: class com.dotmarketing.util.ActivityLogger: system : Update Field Action , User system/system user modified field Cache TTL to Page Structure.
[06/06/23 19:35:51:683 UTC]  INFO util.ActivityLogger: class com.dotmarketing.util.ActivityLogger: system : Update Field Action , User system/system user modified field HTTPS Required to Page Structure.
[06/06/23 19:35:51:702 UTC]  INFO util.PushPublishLogger: class com.dotcms.enterprise.publishing.remote.handler.ContentTypeHandler : [BundleID: _dotPageContent_test-01FNRS68FETJPPDHY6PJ9SA9ZQ.tar.gz] Content Type publish success, ID: c541abb1-69b3-4bc5-8430-5e09e5239cc8, Name: Page
[06/06/23 19:35:51:704 UTC]  INFO util.SecurityLogger: class com.dotmarketing.portlets.workflows.business.WorkflowAPIImpl : Saving schemes [ [WorkflowScheme [id=d61a59e1-a49c-46f2-a929-db2b4bfa88b2, name=System Workflow, archived=false, mandatory=false]] ] for Content Type [ com.dotmarketing.portlets.structure.model.Structure@fdfe308[name=Page,description=Default Structure for Pages,defaultStructure=false,reviewInterval=<null>,reviewerRole=<null>,pagedetail=<null>,structureType=5,fixed=true,system=false,velocityVarName=htmlpageasset,urlMapPattern=<null>,host=SYSTEM_HOST,folder=SYSTEM_FOLDER,publishDateVar=<null>,expireDateVar=<null>,modDate=Tue Jun 06 19:35:52 UTC 2023,icon=description,sortOrder=0,iDate=Thu May 28 11:26:34 UTC 2015,type=structure,owner=<null>,inode=c541abb1-69b3-4bc5-8430-5e09e5239cc8,identifier=c541abb1-69b3-4bc5-8430-5e09e5239cc8] ] -- ip:172.19.0.1,user:Admin User [ID: dotcms.org.1][email:admin@dotcms.com]
[06/06/23 19:35:51:746 UTC]  INFO business.IdentifierAPIImpl: Creating new identifier for versionable asset of type `containers` and title `Test Containe` 
[06/06/23 19:35:51:764 UTC]  INFO util.PushPublishLogger: class com.dotcms.enterprise.publishing.remote.handler.ContainerHandler : [BundleID: _dotPageContent_test-01FNRS68FETJPPDHY6PJ9SA9ZQ.tar.gz] Container publish (new) success, ID: 067682378f271bec7fa17795192e7f59, Inode: 14100dab-81a9-4872-bcc0-8730c3de9ccd, Name: Test Containe
[06/06/23 19:35:51:795 UTC]  INFO business.IdentifierAPIImpl: Creating new identifier for versionable asset of type `template` and title `My Template` 
[06/06/23 19:35:51:806 UTC]  INFO util.PushPublishLogger: class com.dotcms.enterprise.publishing.remote.handler.TemplateHandler : [BundleID: _dotPageContent_test-01FNRS68FETJPPDHY6PJ9SA9ZQ.tar.gz] Template publish success, ID: 2323f14aaf06aadb2281171179147876, Inode: c0689c0c-a359-448e-b928-25029ffc8324, Name: My Template
[06/06/23 19:35:51:832 UTC]  INFO util.PushPublishLogger: class com.dotcms.enterprise.publishing.remote.handler.LanguageVariablesHandler : [BundleID: _dotPageContent_test-01FNRS68FETJPPDHY6PJ9SA9ZQ.tar.gz] Language File publish success, Name: cms_language_en.properties
[06/06/23 19:35:51:832 UTC]  INFO util.PushPublishLogger: class com.dotcms.enterprise.publishing.remote.handler.LanguageVariablesHandler : [BundleID: _dotPageContent_test-01FNRS68FETJPPDHY6PJ9SA9ZQ.tar.gz] Language File publish success, Name: cms_language_en_US.properties
[06/06/23 19:35:51:834 UTC]  INFO util.PushPublishLogger: class com.dotcms.enterprise.publishing.remote.handler.LanguageVariablesHandler : [BundleID: _dotPageContent_test-01FNRS68FETJPPDHY6PJ9SA9ZQ.tar.gz] Language File publish success, Name: cms_language_es.properties
[06/06/23 19:35:51:835 UTC]  INFO util.PushPublishLogger: class com.dotcms.enterprise.publishing.remote.handler.LanguageVariablesHandler : [BundleID: _dotPageContent_test-01FNRS68FETJPPDHY6PJ9SA9ZQ.tar.gz] Language File publish success, Name: cms_language_es_ES.properties
[06/06/23 19:35:51:837 UTC]  INFO util.PushPublishLogger: class com.dotcms.enterprise.publishing.remote.handler.LanguageVariablesHandler : [BundleID: _dotPageContent_test-01FNRS68FETJPPDHY6PJ9SA9ZQ.tar.gz] Language File publish success, Name: cms_language_fr.properties
[06/06/23 19:35:51:837 UTC]  INFO util.PushPublishLogger: class com.dotcms.enterprise.publishing.remote.handler.LanguageVariablesHandler : [BundleID: _dotPageContent_test-01FNRS68FETJPPDHY6PJ9SA9ZQ.tar.gz] Language File publish success, Name: cms_language_fr_FR.properties
[06/06/23 19:35:51:839 UTC]  INFO util.PushPublishLogger: class com.dotcms.enterprise.publishing.remote.handler.LanguageVariablesHandler : [BundleID: _dotPageContent_test-01FNRS68FETJPPDHY6PJ9SA9ZQ.tar.gz] Language File publish success, Name: cms_language_zh.properties
[06/06/23 19:35:51:840 UTC]  INFO util.PushPublishLogger: class com.dotcms.enterprise.publishing.remote.handler.LanguageVariablesHandler : [BundleID: _dotPageContent_test-01FNRS68FETJPPDHY6PJ9SA9ZQ.tar.gz] Language File publish success, Name: cms_language_zh_CN.properties
[06/06/23 19:35:51:862 UTC]  INFO util.ActivityLogger: class com.dotcms.content.elasticsearch.business.ESContentletAPIImpl: demo.dotcms.com : Saving Content , StartDate: N/D; EndDate: N/D; User:system; ContentIdentifier: 0207b411-b66a-4bcf-8da1-e3ab81db47c3
[06/06/23 19:35:51:867 UTC]  INFO business.IdentifierAPIImpl: Creating new identifier for versionable asset of type `content` and title `Before You Book` 
[06/06/23 19:35:51:893 UTC]  INFO business.ContentletIndexAPIImpl: Indexing: 0207b411-b66a-4bcf-8da1-e3ab81db47c3 : Before You Book, includeDependencies: true, policy: FORCE
[06/06/23 19:35:51:907 UTC]  INFO util.ActivityLogger: class com.dotcms.content.elasticsearch.business.ESContentletAPIImpl: demo.dotcms.com : Content Saved , StartDate: N/D; EndDate: N/D; User:system; ContentIdentifier: 0207b411-b66a-4bcf-8da1-e3ab81db47c3
[06/06/23 19:35:51:919 UTC]  INFO business.ContentletIndexAPIImpl: Indexing: 0207b411-b66a-4bcf-8da1-e3ab81db47c3 : Before You Book, includeDependencies: false, policy: FORCE
[06/06/23 19:35:51:919 UTC]  INFO util.PushPublishLogger: class com.dotcms.enterprise.publishing.remote.handler.ContentHandler : [BundleID: _dotPageContent_test-01FNRS68FETJPPDHY6PJ9SA9ZQ.tar.gz] Content publish success, ID: 0207b411-b66a-4bcf-8da1-e3ab81db47c3, Inode: 684e8058-b822-400d-b196-457ca256f402, Name: Before You Book
[06/06/23 19:35:51:931 UTC]  INFO util.ActivityLogger: class com.dotcms.content.elasticsearch.business.ESContentletAPIImpl: demo.dotcms.com : Saving Content , StartDate: N/D; EndDate: N/D; User:system; ContentIdentifier: bef4458a0da3e55cf37322b32e4ecb14
[06/06/23 19:35:51:936 UTC]  INFO business.IdentifierAPIImpl: Creating new identifier for versionable asset of type `content` and title `my-test-page` 
[06/06/23 19:35:52:008 UTC]  INFO business.ContentletIndexAPIImpl: Indexing: bef4458a0da3e55cf37322b32e4ecb14 : my-test-page, includeDependencies: true, policy: FORCE
[06/06/23 19:35:52:200 UTC]  INFO util.ActivityLogger: class com.dotcms.content.elasticsearch.business.ESContentletAPIImpl: demo.dotcms.com : Content Saved , StartDate: N/D; EndDate: N/D; User:system; ContentIdentifier: bef4458a0da3e55cf37322b32e4ecb14
[06/06/23 19:35:52:230 UTC]  INFO business.ContentletIndexAPIImpl: Indexing: bef4458a0da3e55cf37322b32e4ecb14 : my-test-page, includeDependencies: false, policy: FORCE
[06/06/23 19:35:52:230 UTC]  INFO util.PushPublishLogger: class com.dotcms.enterprise.publishing.remote.handler.ContentHandler : [BundleID: _dotPageContent_test-01FNRS68FETJPPDHY6PJ9SA9ZQ.tar.gz] Content publish success, ID: bef4458a0da3e55cf37322b32e4ecb14, Inode: 0cd9101a-fa6c-41b0-8149-e8eb6b444033, Name: my-test-page
[06/06/23 19:35:52:240 UTC]  INFO util.ActivityLogger: class com.dotcms.content.elasticsearch.business.ESContentletAPIImpl: demo.dotcms.com : Publishing Content , StartDate: N/D; EndDate: N/D; User:system; ContentIdentifier: 0207b411-b66a-4bcf-8da1-e3ab81db47c3
[06/06/23 19:35:52:244 UTC]  INFO business.ContentletIndexAPIImpl: Indexing: 0207b411-b66a-4bcf-8da1-e3ab81db47c3 : Before You Book, includeDependencies: true, policy: FORCE
[06/06/23 19:35:52:264 UTC]  WARN business.ESContentletAPIImpl: Cannot publish related HTML Pages. htmlPageIdentifier.getId() = [bef4458a0da3e55cf37322b32e4ecb14], languageId = [1], pageInode = [null]. This might happen if contents are being imported in batch.
[06/06/23 19:35:52:265 UTC]  INFO util.ActivityLogger: class com.dotcms.content.elasticsearch.business.ESContentletAPIImpl: demo.dotcms.com : Content Published , StartDate: N/D; EndDate: N/D; User:system; ContentIdentifier: 0207b411-b66a-4bcf-8da1-e3ab81db47c3
[06/06/23 19:35:52:273 UTC]  INFO util.ActivityLogger: class com.dotcms.content.elasticsearch.business.ESContentletAPIImpl: demo.dotcms.com : Unpublishing Content , StartDate: N/D; EndDate: N/D; User:system; ContentIdentifier: bef4458a0da3e55cf37322b32e4ecb14
[06/06/23 19:35:52:299 UTC]  INFO util.ActivityLogger: class com.dotcms.content.elasticsearch.business.ESContentletAPIImpl: demo.dotcms.com : Error Unpublishing Content , StartDate: N/D; EndDate: N/D; User:system; ContentIdentifier: bef4458a0da3e55cf37322b32e4ecb14
[06/06/23 19:35:52:305 UTC]  INFO business.ContentletIndexAPIImpl: Indexing: bef4458a0da3e55cf37322b32e4ecb14 : my-test-page, includeDependencies: true, policy: FORCE
[06/06/23 19:35:52:309 UTC]  INFO business.ContentletIndexAPIImpl: Indexing: 0207b411-b66a-4bcf-8da1-e3ab81db47c3 : Before You Book, includeDependencies: true, policy: FORCE
[06/06/23 19:35:52:324 UTC]  INFO util.SecurityLogger: class com.dotmarketing.portlets.workflows.business.WorkflowAPIImpl : Workflow task with id: 'bd11b8dd-5faf-4089-ba31-bba5bd4cd143' has been saved. -- ip:172.19.0.1,user:Admin User [ID: dotcms.org.1][email:admin@dotcms.com]
[06/06/23 19:35:52:325 UTC]  INFO util.PushPublishLogger: class com.dotcms.enterprise.publishing.remote.handler.ContentWorkflowHandler : [BundleID: _dotPageContent_test-01FNRS68FETJPPDHY6PJ9SA9ZQ.tar.gz] Content Workflow publish success, ID: 0207b411-b66a-4bcf-8da1-e3ab81db47c3
[06/06/23 19:35:52:332 UTC]  INFO util.SecurityLogger: class com.dotmarketing.portlets.workflows.business.WorkflowAPIImpl : Workflow task with id: 'd47c9851-9879-4246-87cf-fec89e554202' has been saved. -- ip:172.19.0.1,user:Admin User [ID: dotcms.org.1][email:admin@dotcms.com]
[06/06/23 19:35:52:332 UTC]  INFO util.PushPublishLogger: class com.dotcms.enterprise.publishing.remote.handler.ContentWorkflowHandler : [BundleID: _dotPageContent_test-01FNRS68FETJPPDHY6PJ9SA9ZQ.tar.gz] Content Workflow publish success, ID: bef4458a0da3e55cf37322b32e4ecb14
[06/06/23 19:35:53:540 UTC]  INFO reindex.ReindexThread: --- Unpausing reindex thread 
[06/06/23 19:35:53:621 UTC]  INFO quartz.DotStatefulJob: New Task for job `CleanUpFieldReferencesJob` scheduled for execution `53 35 19 6 6 ? 2023`.
[06/06/23 19:35:53:657 UTC]  INFO job.CleanUpFieldReferencesJob: CleanUpFieldReferencesJob ::: started for field `rowField`.
[06/06/23 19:35:53:688 UTC]  INFO quartz.DotStatefulJob: New Task for job `CleanUpFieldReferencesJob` scheduled for execution `53 35 19 6 6 ? 2023`.
[06/06/23 19:35:53:720 UTC]  INFO job.CleanUpFieldReferencesJob: CleanUpFieldReferencesJob ::: finished for field `rowField`.
[06/06/23 19:35:54:109 UTC]  INFO timedcache.TimedCacheProvider: ***	 Building Cache : esquerycache, size:10000, seconds:3600,Concurrency:32 (every 60000 millis)
[06/06/23 19:35:55:039 UTC]  INFO reindex.ReindexQueueAPIImpl: addIdentifierReindex: 0207b411-b66a-4bcf-8da1-e3ab81db47c3
[06/06/23 19:35:55:042 UTC]  INFO reindex.ReindexQueueAPIImpl: addIdentifierReindex: bef4458a0da3e55cf37322b32e4ecb14
[06/06/23 19:35:55:048 UTC]  INFO reindex.ReindexThread: --- Unpausing reindex thread 
[06/06/23 19:35:55:317 UTC]  INFO reindex.BulkProcessorListener: -----------
[06/06/23 19:35:55:317 UTC]  INFO reindex.BulkProcessorListener: Reindexing Server #  : 1 of 1
[06/06/23 19:35:55:317 UTC]  INFO reindex.BulkProcessorListener: Total Indexed        : 0
[06/06/23 19:35:55:317 UTC]  INFO reindex.BulkProcessorListener: ReindexEntries found : 2
[06/06/23 19:35:55:317 UTC]  INFO reindex.BulkProcessorListener: BulkRequests created : 3
[06/06/23 19:35:55:317 UTC]  INFO reindex.BulkProcessorListener: -----------
[06/06/23 19:35:56:657 UTC]  INFO delegate.SystemEventsJobDelegate: The event: 56eca76d-2967-42bd-b910-52692fbcba27, has been skipped on the server: 1609f3e2-1a11-43e7-bbb9-f6e16df46b29
[06/06/23 19:35:56:658 UTC]  INFO delegate.SystemEventsJobDelegate: The event: 9973b96f-5558-4711-8c0a-be5ccebb7cf4, has been skipped on the server: 1609f3e2-1a11-43e7-bbb9-f6e16df46b29
[06/06/23 19:35:56:757 UTC]  INFO job.CleanUpFieldReferencesJob: CleanUpFieldReferencesJob ::: started for field `columnField`.
[06/06/23 19:35:56:847 UTC]  INFO job.CleanUpFieldReferencesJob: CleanUpFieldReferencesJob ::: finished for field `columnField`.
[06/06/23 19:35:58:698 UTC]  INFO concurrent.Debouncer: Debouncing : invalidateGraphSchema after 5000 MILLISECONDS
[06/06/23 19:36:00:170 UTC]  INFO apps.SecretsKeyStoreHelper: KeyStore loaded successfully after `1` tries.
[06/06/23 19:36:00:235 UTC]  INFO apps.SecretsKeyStoreHelper: KeyStore loaded successfully after `1` tries.
[06/06/23 19:36:00:306 UTC]  INFO apps.SecretsKeyStoreHelper: KeyStore loaded successfully after `1` tries.
[06/06/23 19:36:00:747 UTC] ERROR business.PublisherQueueJob: An error occurred when trying to publish bundles: null
java.lang.NullPointerException: null
	at com.dotcms.publisher.business.PublisherQueueJob.updateBundleStatus(PublisherQueueJob.java:328) ~[dotcms_null.jar:?]
	at com.dotcms.publisher.business.PublisherQueueJob.updateAuditStatus(PublisherQueueJob.java:241) ~[dotcms_null.jar:?]
	at com.dotcms.publisher.business.PublisherQueueJob.execute(PublisherQueueJob.java:125) ~[dotcms_null.jar:?]
	at org.quartz.core.JobRunShell.run(JobRunShell.java:223) ~[dot.quartz-all-1.8.6_2.jar:?]
	at org.quartz.simpl.SimpleThreadPool$WorkerThread.run(SimpleThreadPool.java:549) ~[dot.quartz-all-1.8.6_2.jar:?]
[06/06/23 19:36:04:243 UTC]  INFO util.PushPublishLogger: class com.dotcms.rest.PushPublisherJob : [BundleID: _dotPageContent_test-01FNRS68FETJPPDHY6PJ9SA9ZQ.tar.gz] Finished bundle publish process
[06/06/23 19:36:04:243 UTC]  INFO rest.PushPublisherJob: Finished bundle publish process
[06/06/23 19:36:04:488 UTC]  INFO apps.SecretsKeyStoreHelper: KeyStore loaded successfully after `1` tries.
[06/06/23 19:36:05:924 UTC]  INFO reindex.ReindexThread: --- ReindexThread Paused (every 3600000 millis)
[06/06/23 19:36:07:525 UTC]  INFO util.SecurityLogger: class com.dotmarketing.cms.login.factories.LoginFactory : User admin@dotcms.com has sucessfully logged in from IP: 172.19.0.1 -- ip:172.19.0.1,user:Admin User [ID: dotcms.org.1][email:admin@dotcms.com]
[06/06/23 19:36:07:709 UTC]  INFO servlet.ServletToolboxManager: Trying config file '/WEB-INF/toolbox.xml'
[06/06/23 19:36:08:013 UTC]  INFO servlet.ServletToolboxManager: Toolbox setup complete.
[06/06/23 19:36:14:870 UTC]  WARN auth.PrincipalThreadLocal: getName null
[06/06/23 19:36:14:874 UTC]  INFO util.SecurityLogger: class com.dotcms.cms.login.LoginServiceAPIFactory$LoginServiceImpl : User dotcms.org.1 has successfully login from IP: 172.19.0.1 -- ip:172.19.0.1,user:Admin User [ID: dotcms.org.1][email:admin@dotcms.com]
[06/06/23 19:36:14:894 UTC]  INFO business.IdentifierAPIImpl: Creating new identifier for versionable asset of type `containers` and title `ToBeDeletedContainer1` 
[06/06/23 19:36:14:937 UTC]  INFO business.DeterministicIdentifierAPIImpl: hashing id: container:demo.dotcms.com/tobedeletedcontainer1 to 2f34d0fe032eed599600e7a78d32d3ef
[06/06/23 19:36:14:948 UTC]  WARN shorty.ShortyIdAPIImpl: An error occurred when getting shorty value for '' of type 'CONTENT': shorty  is not a short id.  Short Ids should be 10 chars in length
[06/06/23 19:36:14:978 UTC]  INFO util.ActivityLogger: class com.dotcms.rest.api.v1.container.ContainerResource: demo.dotcms.com : Save Container , User dotcms.org.1 savedToBeDeletedContainer1
[06/06/23 19:36:15:080 UTC]  INFO util.ActivityLogger: class com.dotcms.rest.api.v1.container.ContainerResource: system : Publish Container , User dotcms.org.1 published container: 2f34d0fe032eed599600e7a78d32d3ef
[06/06/23 19:36:21:282 UTC]  INFO util.SecurityLogger: class com.dotmarketing.cms.login.factories.LoginFactory : User admin@dotcms.com has sucessfully logged in from IP: 172.19.0.1 -- ip:172.19.0.1,user:Admin User [ID: dotcms.org.1][email:admin@dotcms.com]
[06/06/23 19:36:21:290 UTC]  INFO business.IdentifierAPIImpl: Creating new identifier for versionable asset of type `containers` and title `ToBeDeletedContainer2` 
[06/06/23 19:36:21:290 UTC]  INFO business.DeterministicIdentifierAPIImpl: hashing id: container:demo.dotcms.com/tobedeletedcontainer2 to a7992b4f1dc8dd40bbdb2dba56302fa0
[06/06/23 19:36:21:296 UTC]  WARN shorty.ShortyIdAPIImpl: An error occurred when getting shorty value for '' of type 'CONTENT': shorty  is not a short id.  Short Ids should be 10 chars in length
[06/06/23 19:36:21:320 UTC]  INFO util.ActivityLogger: class com.dotcms.rest.api.v1.container.ContainerResource: demo.dotcms.com : Save Container , User dotcms.org.1 savedToBeDeletedContainer2
[06/06/23 19:36:21:355 UTC]  INFO util.ActivityLogger: class com.dotcms.rest.api.v1.container.ContainerResource: system : Publish Container , User dotcms.org.1 published container: a7992b4f1dc8dd40bbdb2dba56302fa0
[06/06/23 19:36:27:468 UTC]  INFO util.SecurityLogger: class com.dotmarketing.cms.login.factories.LoginFactory : User admin@dotcms.com has sucessfully logged in from IP: 172.19.0.1 -- ip:172.19.0.1,user:Admin User [ID: dotcms.org.1][email:admin@dotcms.com]
[06/06/23 19:36:30:600 UTC]  INFO util.SecurityLogger: class com.dotmarketing.cms.login.factories.LoginFactory : User admin@dotcms.com has sucessfully logged in from IP: 172.19.0.1 -- ip:172.19.0.1,user:Admin User [ID: dotcms.org.1][email:admin@dotcms.com]
[06/06/23 19:36:33:718 UTC]  INFO util.ActivityLogger: class com.dotcms.rest.api.v1.container.ContainerResource: system : Delete Container Action , User dotcms.org.1 deleted template: 2f34d0fe032eed599600e7a78d32d3ef
[06/06/23 19:36:36:757 UTC]  INFO util.ActivityLogger: class com.dotcms.rest.api.v1.container.ContainerResource: system : Delete Container Action , User dotcms.org.1 deleted template: a7992b4f1dc8dd40bbdb2dba56302fa0
[06/06/23 19:36:39:835 UTC]  INFO util.SecurityLogger: class com.dotmarketing.cms.login.factories.LoginFactory : User admin@dotcms.com has sucessfully logged in from IP: 172.19.0.1 -- ip:172.19.0.1,user:Admin User [ID: dotcms.org.1][email:admin@dotcms.com]
[06/06/23 19:36:39:844 UTC]  INFO business.IdentifierAPIImpl: Creating new identifier for versionable asset of type `containers` and title `ToBePublishedContainer1` 
[06/06/23 19:36:39:846 UTC]  INFO business.DeterministicIdentifierAPIImpl: hashing id: container:demo.dotcms.com/tobepublishedcontainer1 to b390bf4b28dbaa960a7255e5501c800d
[06/06/23 19:36:39:847 UTC]  WARN shorty.ShortyIdAPIImpl: An error occurred when getting shorty value for '' of type 'CONTENT': shorty  is not a short id.  Short Ids should be 10 chars in length
[06/06/23 19:36:39:863 UTC]  INFO util.ActivityLogger: class com.dotcms.rest.api.v1.container.ContainerResource: demo.dotcms.com : Save Container , User dotcms.org.1 savedToBePublishedContainer1
[06/06/23 19:36:39:893 UTC]  INFO util.ActivityLogger: class com.dotcms.rest.api.v1.container.ContainerResource: system : Publish Container , User dotcms.org.1 published container: b390bf4b28dbaa960a7255e5501c800d
[06/06/23 19:36:45:985 UTC]  INFO util.SecurityLogger: class com.dotmarketing.cms.login.factories.LoginFactory : User admin@dotcms.com has sucessfully logged in from IP: 172.19.0.1 -- ip:172.19.0.1,user:Admin User [ID: dotcms.org.1][email:admin@dotcms.com]
[06/06/23 19:36:45:993 UTC]  INFO business.IdentifierAPIImpl: Creating new identifier for versionable asset of type `containers` and title `ToBePublishedContainer2` 
[06/06/23 19:36:45:993 UTC]  INFO business.DeterministicIdentifierAPIImpl: hashing id: container:demo.dotcms.com/tobepublishedcontainer2 to 85841330c67d14b42d406b81df3deb83
[06/06/23 19:36:45:995 UTC]  WARN shorty.ShortyIdAPIImpl: An error occurred when getting shorty value for '' of type 'CONTENT': shorty  is not a short id.  Short Ids should be 10 chars in length
[06/06/23 19:36:46:013 UTC]  INFO util.ActivityLogger: class com.dotcms.rest.api.v1.container.ContainerResource: demo.dotcms.com : Save Container , User dotcms.org.1 savedToBePublishedContainer2
[06/06/23 19:36:46:040 UTC]  INFO util.ActivityLogger: class com.dotcms.rest.api.v1.container.ContainerResource: system : Publish Container , User dotcms.org.1 published container: 85841330c67d14b42d406b81df3deb83
[06/06/23 19:36:52:125 UTC]  INFO util.SecurityLogger: class com.dotmarketing.cms.login.factories.LoginFactory : User admin@dotcms.com has sucessfully logged in from IP: 172.19.0.1 -- ip:172.19.0.1,user:Admin User [ID: dotcms.org.1][email:admin@dotcms.com]
[06/06/23 19:36:52:134 UTC]  WARN shorty.ShortyIdAPIImpl: An error occurred when getting shorty value for ' ' of type 'CONTENT': shorty   is not a short id.  Short Ids should be 10 chars in length
[06/06/23 19:36:52:137 UTC]  WARN shorty.ShortyIdAPIImpl: An error occurred when getting shorty value for ' ' of type 'CONTENT': shorty   is not a short id.  Short Ids should be 10 chars in length
[06/06/23 19:36:55:196 UTC]  INFO util.SecurityLogger: class com.dotmarketing.cms.login.factories.LoginFactory : User admin@dotcms.com has sucessfully logged in from IP: 172.19.0.1 -- ip:172.19.0.1,user:Admin User [ID: dotcms.org.1][email:admin@dotcms.com]
[06/06/23 19:36:58:267 UTC]  INFO util.SecurityLogger: class com.dotmarketing.cms.login.factories.LoginFactory : User admin@dotcms.com has sucessfully logged in from IP: 172.19.0.1 -- ip:172.19.0.1,user:Admin User [ID: dotcms.org.1][email:admin@dotcms.com]
[06/06/23 19:37:00:027 UTC]  INFO timedcache.TimedCacheProvider: ***	 Building Cache : esquerycache, size:10000, seconds:3600,Concurrency:32 (every 60000 millis)
[06/06/23 19:37:01:383 UTC]  INFO util.ActivityLogger: class com.dotcms.rest.api.v1.container.ContainerResource: system : Publish Container Action , User dotcms.org.1 published container: b390bf4b28dbaa960a7255e5501c800d
[06/06/23 19:37:04:411 UTC]  INFO util.ActivityLogger: class com.dotcms.rest.api.v1.container.ContainerResource: system : Publish Container Action , User dotcms.org.1 published container: 85841330c67d14b42d406b81df3deb83
[06/06/23 19:37:07:485 UTC]  INFO util.SecurityLogger: class com.dotmarketing.cms.login.factories.LoginFactory : User admin@dotcms.com has sucessfully logged in from IP: 172.19.0.1 -- ip:172.19.0.1,user:Admin User [ID: dotcms.org.1][email:admin@dotcms.com]
[06/06/23 19:37:07:498 UTC]  INFO business.IdentifierAPIImpl: Creating new identifier for versionable asset of type `containers` and title `ToBeUnpublishedContainer1` 
[06/06/23 19:37:07:500 UTC]  INFO business.DeterministicIdentifierAPIImpl: hashing id: container:demo.dotcms.com/tobeunpublishedcontainer1 to 571a3e4c6387eb476dae67623acf64ad
[06/06/23 19:37:07:502 UTC]  WARN shorty.ShortyIdAPIImpl: An error occurred when getting shorty value for '' of type 'CONTENT': shorty  is not a short id.  Short Ids should be 10 chars in length
[06/06/23 19:37:07:528 UTC]  INFO util.ActivityLogger: class com.dotcms.rest.api.v1.container.ContainerResource: demo.dotcms.com : Save Container , User dotcms.org.1 savedToBeUnpublishedContainer1
[06/06/23 19:37:07:548 UTC]  INFO util.ActivityLogger: class com.dotcms.rest.api.v1.container.ContainerResource: system : Publish Container , User dotcms.org.1 published container: 571a3e4c6387eb476dae67623acf64ad
[06/06/23 19:37:13:638 UTC]  INFO util.SecurityLogger: class com.dotmarketing.cms.login.factories.LoginFactory : User admin@dotcms.com has sucessfully logged in from IP: 172.19.0.1 -- ip:172.19.0.1,user:Admin User [ID: dotcms.org.1][email:admin@dotcms.com]
[06/06/23 19:37:13:645 UTC]  INFO business.IdentifierAPIImpl: Creating new identifier for versionable asset of type `containers` and title `ToBeUnpublishedContainer2` 
[06/06/23 19:37:13:652 UTC]  INFO business.DeterministicIdentifierAPIImpl: hashing id: container:demo.dotcms.com/tobeunpublishedcontainer2 to 74879f4ce8f9d5bc088daa6040e304ab
[06/06/23 19:37:13:653 UTC]  WARN shorty.ShortyIdAPIImpl: An error occurred when getting shorty value for '' of type 'CONTENT': shorty  is not a short id.  Short Ids should be 10 chars in length
[06/06/23 19:37:13:670 UTC]  INFO util.ActivityLogger: class com.dotcms.rest.api.v1.container.ContainerResource: demo.dotcms.com : Save Container , User dotcms.org.1 savedToBeUnpublishedContainer2
[06/06/23 19:37:13:695 UTC]  INFO util.ActivityLogger: class com.dotcms.rest.api.v1.container.ContainerResource: system : Publish Container , User dotcms.org.1 published container: 74879f4ce8f9d5bc088daa6040e304ab
[06/06/23 19:37:19:770 UTC]  INFO util.SecurityLogger: class com.dotmarketing.cms.login.factories.LoginFactory : User admin@dotcms.com has sucessfully logged in from IP: 172.19.0.1 -- ip:172.19.0.1,user:Admin User [ID: dotcms.org.1][email:admin@dotcms.com]
[06/06/23 19:37:19:778 UTC]  WARN shorty.ShortyIdAPIImpl: An error occurred when getting shorty value for ' ' of type 'CONTENT': shorty   is not a short id.  Short Ids should be 10 chars in length
[06/06/23 19:37:19:778 UTC]  WARN shorty.ShortyIdAPIImpl: An error occurred when getting shorty value for ' ' of type 'CONTENT': shorty   is not a short id.  Short Ids should be 10 chars in length
[06/06/23 19:37:22:845 UTC]  INFO util.SecurityLogger: class com.dotmarketing.cms.login.factories.LoginFactory : User admin@dotcms.com has sucessfully logged in from IP: 172.19.0.1 -- ip:172.19.0.1,user:Admin User [ID: dotcms.org.1][email:admin@dotcms.com]
[06/06/23 19:37:25:913 UTC]  INFO util.SecurityLogger: class com.dotmarketing.cms.login.factories.LoginFactory : User admin@dotcms.com has sucessfully logged in from IP: 172.19.0.1 -- ip:172.19.0.1,user:Admin User [ID: dotcms.org.1][email:admin@dotcms.com]
[06/06/23 19:37:28:971 UTC]  INFO util.ActivityLogger: class com.dotcms.rest.api.v1.container.ContainerResource: system : Publish Container Action , User dotcms.org.1 published container: 571a3e4c6387eb476dae67623acf64ad
[06/06/23 19:37:32:034 UTC]  INFO util.ActivityLogger: class com.dotcms.rest.api.v1.container.ContainerResource: system : Publish Container Action , User dotcms.org.1 published container: 74879f4ce8f9d5bc088daa6040e304ab
[06/06/23 19:37:35:136 UTC]  INFO util.SecurityLogger: class com.dotmarketing.cms.login.factories.LoginFactory : User admin@dotcms.com has sucessfully logged in from IP: 172.19.0.1 -- ip:172.19.0.1,user:Admin User [ID: dotcms.org.1][email:admin@dotcms.com]
[06/06/23 19:37:38:168 UTC]  INFO util.ActivityLogger: class com.dotcms.rest.api.v1.container.ContainerResource: system : Unpublish Container Action , User dotcms.org.1 unpublished container: 571a3e4c6387eb476dae67623acf64ad
[06/06/23 19:37:41:190 UTC]  INFO util.ActivityLogger: class com.dotcms.rest.api.v1.container.ContainerResource: system : Unpublish Container Action , User dotcms.org.1 unpublished container: 74879f4ce8f9d5bc088daa6040e304ab
[06/06/23 19:37:44:254 UTC]  INFO util.SecurityLogger: class com.dotmarketing.cms.login.factories.LoginFactory : User admin@dotcms.com has sucessfully logged in from IP: 172.19.0.1 -- ip:172.19.0.1,user:Admin User [ID: dotcms.org.1][email:admin@dotcms.com]
[06/06/23 19:37:44:260 UTC]  INFO business.IdentifierAPIImpl: Creating new identifier for versionable asset of type `containers` and title `ToBeArchivedContainer1` 
[06/06/23 19:37:44:260 UTC]  INFO business.DeterministicIdentifierAPIImpl: hashing id: container:demo.dotcms.com/tobearchivedcontainer1 to 7111ed09153f00150f04b348251cecfe
[06/06/23 19:37:44:265 UTC]  WARN shorty.ShortyIdAPIImpl: An error occurred when getting shorty value for '' of type 'CONTENT': shorty  is not a short id.  Short Ids should be 10 chars in length
[06/06/23 19:37:44:281 UTC]  INFO util.ActivityLogger: class com.dotcms.rest.api.v1.container.ContainerResource: demo.dotcms.com : Save Container , User dotcms.org.1 savedToBeArchivedContainer1
[06/06/23 19:37:44:300 UTC]  INFO util.ActivityLogger: class com.dotcms.rest.api.v1.container.ContainerResource: system : Publish Container , User dotcms.org.1 published container: 7111ed09153f00150f04b348251cecfe
[06/06/23 19:37:50:379 UTC]  INFO util.SecurityLogger: class com.dotmarketing.cms.login.factories.LoginFactory : User admin@dotcms.com has sucessfully logged in from IP: 172.19.0.1 -- ip:172.19.0.1,user:Admin User [ID: dotcms.org.1][email:admin@dotcms.com]
[06/06/23 19:37:50:413 UTC]  INFO business.IdentifierAPIImpl: Creating new identifier for versionable asset of type `containers` and title `ToBeArchivedContainer2` 
[06/06/23 19:37:50:413 UTC]  INFO business.DeterministicIdentifierAPIImpl: hashing id: container:demo.dotcms.com/tobearchivedcontainer2 to ff8a4035f1094ae84d820fbbc5278f04
[06/06/23 19:37:50:417 UTC]  WARN shorty.ShortyIdAPIImpl: An error occurred when getting shorty value for '' of type 'CONTENT': shorty  is not a short id.  Short Ids should be 10 chars in length
[06/06/23 19:37:50:445 UTC]  INFO util.ActivityLogger: class com.dotcms.rest.api.v1.container.ContainerResource: demo.dotcms.com : Save Container , User dotcms.org.1 savedToBeArchivedContainer2
[06/06/23 19:37:50:479 UTC]  INFO util.ActivityLogger: class com.dotcms.rest.api.v1.container.ContainerResource: system : Publish Container , User dotcms.org.1 published container: ff8a4035f1094ae84d820fbbc5278f04
[06/06/23 19:37:56:567 UTC]  INFO util.SecurityLogger: class com.dotmarketing.cms.login.factories.LoginFactory : User admin@dotcms.com has sucessfully logged in from IP: 172.19.0.1 -- ip:172.19.0.1,user:Admin User [ID: dotcms.org.1][email:admin@dotcms.com]
[06/06/23 19:37:59:587 UTC]  INFO util.ActivityLogger: class com.dotcms.rest.api.v1.container.ContainerResource: system : Unpublish Container Action , User dotcms.org.1 unpublished container: 7111ed09153f00150f04b348251cecfe
[06/06/23 19:38:02:607 UTC]  INFO util.ActivityLogger: class com.dotcms.rest.api.v1.container.ContainerResource: system : Unpublish Container Action , User dotcms.org.1 unpublished container: ff8a4035f1094ae84d820fbbc5278f04
[06/06/23 19:38:05:666 UTC]  INFO util.SecurityLogger: class com.dotmarketing.cms.login.factories.LoginFactory : User admin@dotcms.com has sucessfully logged in from IP: 172.19.0.1 -- ip:172.19.0.1,user:Admin User [ID: dotcms.org.1][email:admin@dotcms.com]
[06/06/23 19:38:05:672 UTC]  WARN shorty.ShortyIdAPIImpl: An error occurred when getting shorty value for ' ' of type 'CONTENT': shorty   is not a short id.  Short Ids should be 10 chars in length
[06/06/23 19:38:05:673 UTC]  WARN shorty.ShortyIdAPIImpl: An error occurred when getting shorty value for ' ' of type 'CONTENT': shorty   is not a short id.  Short Ids should be 10 chars in length
[06/06/23 19:38:08:727 UTC]  INFO util.SecurityLogger: class com.dotmarketing.cms.login.factories.LoginFactory : User admin@dotcms.com has sucessfully logged in from IP: 172.19.0.1 -- ip:172.19.0.1,user:Admin User [ID: dotcms.org.1][email:admin@dotcms.com]
[06/06/23 19:38:11:778 UTC]  INFO util.SecurityLogger: class com.dotmarketing.cms.login.factories.LoginFactory : User admin@dotcms.com has sucessfully logged in from IP: 172.19.0.1 -- ip:172.19.0.1,user:Admin User [ID: dotcms.org.1][email:admin@dotcms.com]
[06/06/23 19:38:14:805 UTC]  INFO util.ActivityLogger: class com.dotcms.rest.api.v1.container.ContainerResource: system : Archive Container Action , User dotcms.org.1 archived container: 7111ed09153f00150f04b348251cecfe
[06/06/23 19:38:17:821 UTC]  INFO util.ActivityLogger: class com.dotcms.rest.api.v1.container.ContainerResource: system : Archive Container Action , User dotcms.org.1 archived container: ff8a4035f1094ae84d820fbbc5278f04
[06/06/23 19:38:20:888 UTC]  INFO util.SecurityLogger: class com.dotmarketing.cms.login.factories.LoginFactory : User admin@dotcms.com has sucessfully logged in from IP: 172.19.0.1 -- ip:172.19.0.1,user:Admin User [ID: dotcms.org.1][email:admin@dotcms.com]
[06/06/23 19:38:20:892 UTC]  INFO business.IdentifierAPIImpl: Creating new identifier for versionable asset of type `containers` and title `ToBeUnarchivedContainer1` 
[06/06/23 19:38:20:892 UTC]  INFO business.DeterministicIdentifierAPIImpl: hashing id: container:demo.dotcms.com/tobeunarchivedcontainer1 to 943256b9388e48036fd781f23748f7de
[06/06/23 19:38:20:896 UTC]  WARN shorty.ShortyIdAPIImpl: An error occurred when getting shorty value for '' of type 'CONTENT': shorty  is not a short id.  Short Ids should be 10 chars in length
[06/06/23 19:38:20:919 UTC]  INFO util.ActivityLogger: class com.dotcms.rest.api.v1.container.ContainerResource: demo.dotcms.com : Save Container , User dotcms.org.1 savedToBeUnarchivedContainer1
[06/06/23 19:38:20:942 UTC]  INFO util.ActivityLogger: class com.dotcms.rest.api.v1.container.ContainerResource: system : Publish Container , User dotcms.org.1 published container: 943256b9388e48036fd781f23748f7de
[06/06/23 19:38:27:019 UTC]  INFO util.SecurityLogger: class com.dotmarketing.cms.login.factories.LoginFactory : User admin@dotcms.com has sucessfully logged in from IP: 172.19.0.1 -- ip:172.19.0.1,user:Admin User [ID: dotcms.org.1][email:admin@dotcms.com]
[06/06/23 19:38:27:032 UTC]  INFO business.IdentifierAPIImpl: Creating new identifier for versionable asset of type `containers` and title `ToBeUnarchivedContainer2` 
[06/06/23 19:38:27:032 UTC]  INFO business.DeterministicIdentifierAPIImpl: hashing id: container:demo.dotcms.com/tobeunarchivedcontainer2 to f7651c2950a22c30435b251b93e82db4
[06/06/23 19:38:27:041 UTC]  WARN shorty.ShortyIdAPIImpl: An error occurred when getting shorty value for '' of type 'CONTENT': shorty  is not a short id.  Short Ids should be 10 chars in length
[06/06/23 19:38:27:081 UTC]  INFO util.ActivityLogger: class com.dotcms.rest.api.v1.container.ContainerResource: demo.dotcms.com : Save Container , User dotcms.org.1 savedToBeUnarchivedContainer2
[06/06/23 19:38:27:107 UTC]  INFO util.ActivityLogger: class com.dotcms.rest.api.v1.container.ContainerResource: system : Publish Container , User dotcms.org.1 published container: f7651c2950a22c30435b251b93e82db4
[06/06/23 19:38:33:202 UTC]  INFO util.SecurityLogger: class com.dotmarketing.cms.login.factories.LoginFactory : User admin@dotcms.com has sucessfully logged in from IP: 172.19.0.1 -- ip:172.19.0.1,user:Admin User [ID: dotcms.org.1][email:admin@dotcms.com]
[06/06/23 19:38:36:233 UTC]  INFO util.ActivityLogger: class com.dotcms.rest.api.v1.container.ContainerResource: system : Unpublish Container Action , User dotcms.org.1 unpublished container: 943256b9388e48036fd781f23748f7de
[06/06/23 19:38:39:243 UTC]  INFO util.ActivityLogger: class com.dotcms.rest.api.v1.container.ContainerResource: system : Unpublish Container Action , User dotcms.org.1 unpublished container: f7651c2950a22c30435b251b93e82db4
[06/06/23 19:38:42:294 UTC]  INFO util.SecurityLogger: class com.dotmarketing.cms.login.factories.LoginFactory : User admin@dotcms.com has sucessfully logged in from IP: 172.19.0.1 -- ip:172.19.0.1,user:Admin User [ID: dotcms.org.1][email:admin@dotcms.com]
[06/06/23 19:38:42:300 UTC]  WARN shorty.ShortyIdAPIImpl: An error occurred when getting shorty value for ' ' of type 'CONTENT': shorty   is not a short id.  Short Ids should be 10 chars in length
[06/06/23 19:38:42:301 UTC]  WARN shorty.ShortyIdAPIImpl: An error occurred when getting shorty value for ' ' of type 'CONTENT': shorty   is not a short id.  Short Ids should be 10 chars in length
[06/06/23 19:38:45:347 UTC]  INFO util.SecurityLogger: class com.dotmarketing.cms.login.factories.LoginFactory : User admin@dotcms.com has sucessfully logged in from IP: 172.19.0.1 -- ip:172.19.0.1,user:Admin User [ID: dotcms.org.1][email:admin@dotcms.com]
[06/06/23 19:38:48:397 UTC]  INFO util.SecurityLogger: class com.dotmarketing.cms.login.factories.LoginFactory : User admin@dotcms.com has sucessfully logged in from IP: 172.19.0.1 -- ip:172.19.0.1,user:Admin User [ID: dotcms.org.1][email:admin@dotcms.com]
[06/06/23 19:38:51:418 UTC]  INFO util.ActivityLogger: class com.dotcms.rest.api.v1.container.ContainerResource: system : Archive Container Action , User dotcms.org.1 archived container: 943256b9388e48036fd781f23748f7de
[06/06/23 19:38:54:434 UTC]  INFO util.ActivityLogger: class com.dotcms.rest.api.v1.container.ContainerResource: system : Archive Container Action , User dotcms.org.1 archived container: f7651c2950a22c30435b251b93e82db4
[06/06/23 19:38:57:501 UTC]  INFO util.SecurityLogger: class com.dotmarketing.cms.login.factories.LoginFactory : User admin@dotcms.com has sucessfully logged in from IP: 172.19.0.1 -- ip:172.19.0.1,user:Admin User [ID: dotcms.org.1][email:admin@dotcms.com]
[06/06/23 19:39:00:525 UTC]  INFO util.ActivityLogger: class com.dotcms.rest.api.v1.container.ContainerResource: system : Unarchive Container Action , User dotcms.org.1 unarchived container: 943256b9388e48036fd781f23748f7de
[06/06/23 19:39:03:541 UTC]  INFO util.ActivityLogger: class com.dotcms.rest.api.v1.container.ContainerResource: system : Unarchive Container Action , User dotcms.org.1 unarchived container: f7651c2950a22c30435b251b93e82db4
[06/06/23 19:39:06:622 UTC]  INFO util.SecurityLogger: class com.dotmarketing.cms.login.factories.LoginFactory : User admin@dotcms.com has sucessfully logged in from IP: 172.19.0.1 -- ip:172.19.0.1,user:Admin User [ID: dotcms.org.1][email:admin@dotcms.com]
[06/06/23 19:39:06:627 UTC]  INFO business.IdentifierAPIImpl: Creating new identifier for versionable asset of type `containers` and title `abcd` 
[06/06/23 19:39:06:627 UTC]  INFO business.DeterministicIdentifierAPIImpl: hashing id: container:demo.dotcms.com/abcd to 5c6c7714fa2cd12830d0d422d2145e6d
[06/06/23 19:39:06:632 UTC]  WARN shorty.ShortyIdAPIImpl: An error occurred when getting shorty value for '' of type 'CONTENT': shorty  is not a short id.  Short Ids should be 10 chars in length
[06/06/23 19:39:06:657 UTC]  INFO util.ActivityLogger: class com.dotcms.rest.api.v1.container.ContainerResource: demo.dotcms.com : Save Container , User dotcms.org.1 savedabcd
[06/06/23 19:39:06:672 UTC]  INFO util.ActivityLogger: class com.dotcms.rest.api.v1.container.ContainerResource: system : Publish Container , User dotcms.org.1 published container: 5c6c7714fa2cd12830d0d422d2145e6d
[06/06/23 19:39:12:741 UTC]  INFO util.SecurityLogger: class com.dotmarketing.cms.login.factories.LoginFactory : User admin@dotcms.com has sucessfully logged in from IP: 172.19.0.1 -- ip:172.19.0.1,user:Admin User [ID: dotcms.org.1][email:admin@dotcms.com]
[06/06/23 19:39:12:751 UTC]  INFO util.ActivityLogger: class com.dotcms.rest.api.v1.container.ContainerResource: demo.dotcms.com : Copy Container , User dotcms.org.1 container: 5c6c7714fa2cd12830d0d422d2145e6d
[06/06/23 19:39:12:777 UTC]  INFO business.IdentifierAPIImpl: Creating new identifier for versionable asset of type `containers` and title `abcd (COPY)` 
[06/06/23 19:39:12:777 UTC]  INFO business.DeterministicIdentifierAPIImpl: hashing id: container:demo.dotcms.com/abcd (copy) to 14fa510f19acc7dc2bc47b7f0307951e
[06/06/23 19:39:12:778 UTC]  WARN shorty.ShortyIdAPIImpl: An error occurred when getting shorty value for '' of type 'CONTENT': shorty  is not a short id.  Short Ids should be 10 chars in length
[06/06/23 19:39:12:806 UTC]  WARN business.PermissionCacheImpl:  !!! Putting an empty list of permissions in the cache for asset:5c6c7714fa2cd12830d0d422d2145e6d. Every asset should have at least 1 permission (or inherited permission) associated with it
[06/06/23 19:39:18:877 UTC]  INFO util.SecurityLogger: class com.dotmarketing.cms.login.factories.LoginFactory : User admin@dotcms.com has sucessfully logged in from IP: 172.19.0.1 -- ip:172.19.0.1,user:Admin User [ID: dotcms.org.1][email:admin@dotcms.com]
[06/06/23 19:39:18:966 UTC]  WARN mapper.ResourceNotFoundExceptionMapper: Can't find Container:12345678-abcd-1234-abcd-123456789abc
org.apache.velocity.exception.ResourceNotFoundException: Can't find Container:12345678-abcd-1234-abcd-123456789abc
	at com.dotcms.rest.api.v1.container.ContainerResource.lambda$getContainer$1(ContainerResource.java:502) ~[dotcms_null.jar:?]
	at java.util.Optional.orElseGet(Optional.java:369) ~[?:?]
	at com.dotcms.rest.api.v1.container.ContainerResource.getContainer(ContainerResource.java:501) ~[dotcms_null.jar:?]
	at com.dotcms.rest.api.v1.container.ContainerResource.getContainer(ContainerResource.java:452) ~[dotcms_null.jar:?]
	at com.dotcms.rest.api.v1.container.ContainerResource.getContainerWorking(ContainerResource.java:435) ~[dotcms_null.jar:?]
	at com.dotcms.rest.api.v1.container.ContainerResource.copy(ContainerResource.java:1161) ~[dotcms_null.jar:?]
	at jdk.internal.reflect.NativeMethodAccessorImpl.invoke0(Native Method) ~[?:?]
	at jdk.internal.reflect.NativeMethodAccessorImpl.invoke(NativeMethodAccessorImpl.java:62) ~[?:?]
	at jdk.internal.reflect.DelegatingMethodAccessorImpl.invoke(DelegatingMethodAccessorImpl.java:43) ~[?:?]
	at java.lang.reflect.Method.invoke(Method.java:566) ~[?:?]
	at org.glassfish.jersey.server.model.internal.ResourceMethodInvocationHandlerFactory$1.invoke(ResourceMethodInvocationHandlerFactory.java:81) ~[jersey-server-2.22.1.jar:?]
	at org.glassfish.jersey.server.model.internal.AbstractJavaResourceMethodDispatcher$1.run(AbstractJavaResourceMethodDispatcher.java:144) ~[jersey-server-2.22.1.jar:?]
	at org.glassfish.jersey.server.model.internal.AbstractJavaResourceMethodDispatcher.invoke(AbstractJavaResourceMethodDispatcher.java:161) ~[jersey-server-2.22.1.jar:?]
	at org.glassfish.jersey.server.model.internal.JavaResourceMethodDispatcherProvider$TypeOutInvoker.doDispatch(JavaResourceMethodDispatcherProvider.java:205) ~[jersey-server-2.22.1.jar:?]
	at org.glassfish.jersey.server.model.internal.AbstractJavaResourceMethodDispatcher.dispatch(AbstractJavaResourceMethodDispatcher.java:99) ~[jersey-server-2.22.1.jar:?]
	at org.glassfish.jersey.server.model.ResourceMethodInvoker.invoke(ResourceMethodInvoker.java:389) ~[jersey-server-2.22.1.jar:?]
	at org.glassfish.jersey.server.model.ResourceMethodInvoker.apply(ResourceMethodInvoker.java:347) ~[jersey-server-2.22.1.jar:?]
	at org.glassfish.jersey.server.model.ResourceMethodInvoker.apply(ResourceMethodInvoker.java:102) ~[jersey-server-2.22.1.jar:?]
	at org.glassfish.jersey.server.ServerRuntime$2.run(ServerRuntime.java:326) ~[jersey-server-2.22.1.jar:?]
	at org.glassfish.jersey.internal.Errors$1.call(Errors.java:271) ~[jersey-common-2.22.1.jar:?]
	at org.glassfish.jersey.internal.Errors$1.call(Errors.java:267) ~[jersey-common-2.22.1.jar:?]
	at org.glassfish.jersey.internal.Errors.process(Errors.java:315) ~[jersey-common-2.22.1.jar:?]
	at org.glassfish.jersey.internal.Errors.process(Errors.java:297) ~[jersey-common-2.22.1.jar:?]
	at org.glassfish.jersey.internal.Errors.process(Errors.java:267) ~[jersey-common-2.22.1.jar:?]
	at org.glassfish.jersey.process.internal.RequestScope.runInScope(RequestScope.java:317) ~[jersey-common-2.22.1.jar:?]
	at org.glassfish.jersey.server.ServerRuntime.process(ServerRuntime.java:305) ~[jersey-server-2.22.1.jar:?]
	at org.glassfish.jersey.server.ApplicationHandler.handle(ApplicationHandler.java:1154) ~[jersey-server-2.22.1.jar:?]
	at org.glassfish.jersey.servlet.WebComponent.serviceImpl(WebComponent.java:471) ~[jersey-container-servlet-core-2.22.1.jar:?]
	at org.glassfish.jersey.servlet.WebComponent.service(WebComponent.java:425) ~[jersey-container-servlet-core-2.22.1.jar:?]
	at org.glassfish.jersey.servlet.ServletContainer.service(ServletContainer.java:383) ~[jersey-container-servlet-core-2.22.1.jar:?]
	at org.glassfish.jersey.servlet.ServletContainer.service(ServletContainer.java:336) ~[jersey-container-servlet-core-2.22.1.jar:?]
	at org.glassfish.jersey.servlet.ServletContainer.service(ServletContainer.java:223) ~[jersey-container-servlet-core-2.22.1.jar:?]
	at com.dotcms.rest.servlet.ReloadableServletContainer.service(ReloadableServletContainer.java:117) ~[dotcms_null.jar:?]
	at org.apache.catalina.core.ApplicationFilterChain.internalDoFilter(ApplicationFilterChain.java:227) ~[catalina.jar:9.0.60]
	at org.apache.catalina.core.ApplicationFilterChain.doFilter(ApplicationFilterChain.java:162) ~[catalina.jar:9.0.60]
	at org.apache.tomcat.websocket.server.WsFilter.doFilter(WsFilter.java:53) ~[tomcat-websocket.jar:9.0.60]
	at org.apache.catalina.core.ApplicationFilterChain.internalDoFilter(ApplicationFilterChain.java:189) ~[catalina.jar:9.0.60]
	at org.apache.catalina.core.ApplicationFilterChain.doFilter(ApplicationFilterChain.java:162) ~[catalina.jar:9.0.60]
	at com.dotmarketing.filters.CMSFilter.doFilterInternal(CMSFilter.java:169) ~[dotcms_null.jar:?]
	at com.dotmarketing.filters.CMSFilter.doFilter(CMSFilter.java:49) ~[dotcms_null.jar:?]
	at org.apache.catalina.core.ApplicationFilterChain.internalDoFilter(ApplicationFilterChain.java:189) ~[catalina.jar:9.0.60]
	at org.apache.catalina.core.ApplicationFilterChain.doFilter(ApplicationFilterChain.java:162) ~[catalina.jar:9.0.60]
	at com.dotcms.filters.interceptor.AbstractWebInterceptorSupportFilter.doFilter(AbstractWebInterceptorSupportFilter.java:90) ~[dotcms_null.jar:?]
	at org.apache.catalina.core.ApplicationFilterChain.internalDoFilter(ApplicationFilterChain.java:189) ~[catalina.jar:9.0.60]
	at org.apache.catalina.core.ApplicationFilterChain.doFilter(ApplicationFilterChain.java:162) ~[catalina.jar:9.0.60]
	at com.dotcms.filters.interceptor.AbstractWebInterceptorSupportFilter.doFilter(AbstractWebInterceptorSupportFilter.java:90) ~[dotcms_null.jar:?]
	at org.apache.catalina.core.ApplicationFilterChain.internalDoFilter(ApplicationFilterChain.java:189) ~[catalina.jar:9.0.60]
	at org.apache.catalina.core.ApplicationFilterChain.doFilter(ApplicationFilterChain.java:162) ~[catalina.jar:9.0.60]
	at com.dotcms.visitor.filter.servlet.VisitorFilter.doFilter(VisitorFilter.java:81) ~[dotcms_null.jar:?]
	at org.apache.catalina.core.ApplicationFilterChain.internalDoFilter(ApplicationFilterChain.java:189) ~[catalina.jar:9.0.60]
	at org.apache.catalina.core.ApplicationFilterChain.doFilter(ApplicationFilterChain.java:162) ~[catalina.jar:9.0.60]
	at com.dotcms.vanityurl.filters.VanityURLFilter.doFilter(VanityURLFilter.java:114) ~[dotcms_null.jar:?]
	at org.apache.catalina.core.ApplicationFilterChain.internalDoFilter(ApplicationFilterChain.java:189) ~[catalina.jar:9.0.60]
	at org.apache.catalina.core.ApplicationFilterChain.doFilter(ApplicationFilterChain.java:162) ~[catalina.jar:9.0.60]
	at org.tuckey.web.filters.urlrewrite.RuleChain.handleRewrite(RuleChain.java:176) ~[urlrewritefilter-4.0.4.jar:4.0.4]
	at org.tuckey.web.filters.urlrewrite.RuleChain.doRules(RuleChain.java:145) ~[urlrewritefilter-4.0.4.jar:4.0.4]
	at org.tuckey.web.filters.urlrewrite.UrlRewriter.processRequest(UrlRewriter.java:92) ~[urlrewritefilter-4.0.4.jar:4.0.4]
	at org.tuckey.web.filters.urlrewrite.UrlRewriteFilter.doFilter(UrlRewriteFilter.java:389) ~[urlrewritefilter-4.0.4.jar:4.0.4]
	at org.apache.catalina.core.ApplicationFilterChain.internalDoFilter(ApplicationFilterChain.java:189) ~[catalina.jar:9.0.60]
	at org.apache.catalina.core.ApplicationFilterChain.doFilter(ApplicationFilterChain.java:162) ~[catalina.jar:9.0.60]
	at com.dotmarketing.filters.TimeMachineFilter.doFilter(TimeMachineFilter.java:67) ~[dotcms_null.jar:?]
	at org.apache.catalina.core.ApplicationFilterChain.internalDoFilter(ApplicationFilterChain.java:189) ~[catalina.jar:9.0.60]
	at org.apache.catalina.core.ApplicationFilterChain.doFilter(ApplicationFilterChain.java:162) ~[catalina.jar:9.0.60]
	at com.dotmarketing.filters.ThreadNameFilter.doFilter(ThreadNameFilter.java:88) ~[dotcms_null.jar:?]
	at org.apache.catalina.core.ApplicationFilterChain.internalDoFilter(ApplicationFilterChain.java:189) ~[catalina.jar:9.0.60]
	at org.apache.catalina.core.ApplicationFilterChain.doFilter(ApplicationFilterChain.java:162) ~[catalina.jar:9.0.60]
	at com.dotmarketing.filters.CookiesFilter.doFilter(CookiesFilter.java:53) ~[dotcms_null.jar:?]
	at org.apache.catalina.core.ApplicationFilterChain.internalDoFilter(ApplicationFilterChain.java:189) ~[catalina.jar:9.0.60]
	at org.apache.catalina.core.ApplicationFilterChain.doFilter(ApplicationFilterChain.java:162) ~[catalina.jar:9.0.60]
	at com.dotmarketing.filters.CharsetEncodingFilter.doFilter(CharsetEncodingFilter.java:99) ~[dotcms_null.jar:?]
	at org.apache.catalina.core.ApplicationFilterChain.internalDoFilter(ApplicationFilterChain.java:189) ~[catalina.jar:9.0.60]
	at org.apache.catalina.core.ApplicationFilterChain.doFilter(ApplicationFilterChain.java:162) ~[catalina.jar:9.0.60]
	at com.dotcms.filters.interceptor.AbstractWebInterceptorSupportFilter.doFilter(AbstractWebInterceptorSupportFilter.java:90) ~[dotcms_null.jar:?]
	at org.apache.catalina.core.ApplicationFilterChain.internalDoFilter(ApplicationFilterChain.java:189) ~[catalina.jar:9.0.60]
	at org.apache.catalina.core.ApplicationFilterChain.doFilter(ApplicationFilterChain.java:162) ~[catalina.jar:9.0.60]
	at org.apache.catalina.filters.HttpHeaderSecurityFilter.doFilter(HttpHeaderSecurityFilter.java:126) ~[catalina.jar:9.0.60]
	at org.apache.catalina.core.ApplicationFilterChain.internalDoFilter(ApplicationFilterChain.java:189) ~[catalina.jar:9.0.60]
	at org.apache.catalina.core.ApplicationFilterChain.doFilter(ApplicationFilterChain.java:162) ~[catalina.jar:9.0.60]
	at com.dotcms.filters.NormalizationFilter.doFilter(NormalizationFilter.java:89) ~[dotcms_null.jar:?]
	at org.apache.catalina.core.ApplicationFilterChain.internalDoFilter(ApplicationFilterChain.java:189) ~[catalina.jar:9.0.60]
	at org.apache.catalina.core.ApplicationFilterChain.doFilter(ApplicationFilterChain.java:162) ~[catalina.jar:9.0.60]
	at org.apache.catalina.core.StandardWrapperValve.invoke(StandardWrapperValve.java:197) ~[catalina.jar:9.0.60]
	at org.apache.catalina.core.StandardContextValve.invoke(StandardContextValve.java:97) ~[catalina.jar:9.0.60]
	at org.apache.catalina.authenticator.AuthenticatorBase.invoke(AuthenticatorBase.java:541) ~[catalina.jar:9.0.60]
	at org.apache.catalina.core.StandardHostValve.invoke(StandardHostValve.java:135) ~[catalina.jar:9.0.60]
	at org.apache.catalina.valves.AbstractAccessLogValve.invoke(AbstractAccessLogValve.java:687) ~[catalina.jar:9.0.60]
	at org.apache.catalina.valves.ErrorReportValve.invoke(ErrorReportValve.java:92) ~[catalina.jar:9.0.60]
	at org.apache.catalina.valves.RemoteIpValve.invoke(RemoteIpValve.java:769) ~[catalina.jar:9.0.60]
	at org.apache.catalina.core.StandardEngineValve.invoke(StandardEngineValve.java:78) ~[catalina.jar:9.0.60]
	at org.apache.catalina.connector.CoyoteAdapter.service(CoyoteAdapter.java:360) ~[catalina.jar:9.0.60]
	at org.apache.coyote.http11.Http11Processor.service(Http11Processor.java:399) ~[tomcat-coyote.jar:9.0.60]
	at org.apache.coyote.AbstractProcessorLight.process(AbstractProcessorLight.java:65) ~[tomcat-coyote.jar:9.0.60]
	at org.apache.coyote.AbstractProtocol$ConnectionHandler.process(AbstractProtocol.java:889) ~[tomcat-coyote.jar:9.0.60]
	at org.apache.tomcat.util.net.Nio2Endpoint$SocketProcessor.doRun(Nio2Endpoint.java:1701) ~[tomcat-coyote.jar:9.0.60]
	at org.apache.tomcat.util.net.SocketProcessorBase.run(SocketProcessorBase.java:49) ~[tomcat-coyote.jar:9.0.60]
	at org.apache.tomcat.util.net.AbstractEndpoint.processSocket(AbstractEndpoint.java:1190) ~[tomcat-coyote.jar:9.0.60]
	at org.apache.tomcat.util.net.Nio2Endpoint$Nio2SocketWrapper$2.completed(Nio2Endpoint.java:633) ~[tomcat-coyote.jar:9.0.60]
	at org.apache.tomcat.util.net.Nio2Endpoint$Nio2SocketWrapper$2.completed(Nio2Endpoint.java:611) ~[tomcat-coyote.jar:9.0.60]
	at sun.nio.ch.Invoker.invokeUnchecked(Invoker.java:127) ~[?:?]
	at sun.nio.ch.UnixAsynchronousSocketChannelImpl.finishRead(UnixAsynchronousSocketChannelImpl.java:439) ~[?:?]
	at sun.nio.ch.UnixAsynchronousSocketChannelImpl.finish(UnixAsynchronousSocketChannelImpl.java:191) ~[?:?]
	at sun.nio.ch.UnixAsynchronousSocketChannelImpl.onEvent(UnixAsynchronousSocketChannelImpl.java:213) ~[?:?]
	at sun.nio.ch.EPollPort$EventHandlerTask.run(EPollPort.java:306) ~[?:?]
	at sun.nio.ch.AsynchronousChannelGroupImpl$1.run(AsynchronousChannelGroupImpl.java:112) ~[?:?]
	at java.util.concurrent.ThreadPoolExecutor.runWorker(ThreadPoolExecutor.java:1128) ~[?:?]
	at java.util.concurrent.ThreadPoolExecutor$Worker.run(ThreadPoolExecutor.java:628) ~[?:?]
	at java.lang.Thread.run(Thread.java:829) [?:?]
[06/06/23 19:39:22:042 UTC]  INFO util.SecurityLogger: class com.dotmarketing.cms.login.factories.LoginFactory : User admin@dotcms.com has sucessfully logged in from IP: 172.19.0.1 -- ip:172.19.0.1,user:Admin User [ID: dotcms.org.1][email:admin@dotcms.com]
[06/06/23 19:39:22:056 UTC]  INFO util.SecurityLogger: class com.dotcms.rest.exception.mapper.DotBadRequestExceptionMapper : The container id is required -- ip:172.19.0.1,user:Admin User [ID: dotcms.org.1][email:admin@dotcms.com]
[06/06/23 19:39:22:064 UTC]  WARN struts.MultiMessageResources: Duplicate resource property definition (key=was ==> is now): contenttypes.content.copy=Copy ==> Copy
[06/06/23 19:39:22:067 UTC]  WARN struts.MultiMessageResources: Duplicate resource property definition (key=was ==> is now): message.category.import=Importing Categories.  This operation cannot be cancelled or undone. ==> IMPORT
[06/06/23 19:39:22:067 UTC]  WARN struts.MultiMessageResources: Duplicate resource property definition (key=was ==> is now): message.containers.create.content_type_code=Content Type Code ==> Content Type Code
[06/06/23 19:39:22:072 UTC]  WARN struts.MultiMessageResources: Duplicate resource property definition (key=was ==> is now): Save=Save ==> Save
[06/06/23 19:39:22:075 UTC]  WARN struts.MultiMessageResources: Duplicate resource property definition (key=was ==> is now): Move=Move ==> Move
[06/06/23 19:39:22:076 UTC]  WARN struts.MultiMessageResources: Duplicate resource property definition (key=was ==> is now): archived=archived ==> Archived
[06/06/23 19:39:25:165 UTC]  INFO util.SecurityLogger: class com.dotmarketing.cms.login.factories.LoginFactory : User admin@dotcms.com has sucessfully logged in from IP: 172.19.0.1 -- ip:172.19.0.1,user:Admin User [ID: dotcms.org.1][email:admin@dotcms.com]
[06/06/23 19:39:25:171 UTC]  INFO business.IdentifierAPIImpl: Creating new identifier for versionable asset of type `containers` and title `TestContainer` 
[06/06/23 19:39:25:172 UTC]  INFO business.DeterministicIdentifierAPIImpl: hashing id: container:demo.dotcms.com/testcontainer to 308a1ae44062b8757fb465db96341c8b
[06/06/23 19:39:25:179 UTC]  WARN shorty.ShortyIdAPIImpl: An error occurred when getting shorty value for '' of type 'CONTENT': shorty  is not a short id.  Short Ids should be 10 chars in length
[06/06/23 19:39:25:224 UTC]  INFO util.ActivityLogger: class com.dotcms.rest.api.v1.container.ContainerResource: demo.dotcms.com : Save Container , User dotcms.org.1 savedTestContainer
[06/06/23 19:39:25:252 UTC]  INFO util.ActivityLogger: class com.dotcms.rest.api.v1.container.ContainerResource: system : Publish Container , User dotcms.org.1 published container: 308a1ae44062b8757fb465db96341c8b
[06/06/23 19:39:31:348 UTC]  INFO util.SecurityLogger: class com.dotmarketing.cms.login.factories.LoginFactory : User admin@dotcms.com has sucessfully logged in from IP: 172.19.0.1 -- ip:172.19.0.1,user:Admin User [ID: dotcms.org.1][email:admin@dotcms.com]
[06/06/23 19:39:31:363 UTC]  INFO business.IdentifierAPIImpl: Creating new identifier for versionable asset of type `containers` and title `TestContainer` 
[06/06/23 19:39:31:363 UTC]  INFO business.DeterministicIdentifierAPIImpl: hashing id: container:demo.dotcms.com/testcontainer to 308a1ae44062b8757fb465db96341c8b
[06/06/23 19:39:31:370 UTC]  WARN shorty.ShortyIdAPIImpl: An error occurred when getting shorty value for '' of type 'CONTENT': shorty  is not a short id.  Short Ids should be 10 chars in length
[06/06/23 19:39:31:391 UTC]  INFO util.ActivityLogger: class com.dotcms.rest.api.v1.container.ContainerResource: demo.dotcms.com : Save Container , User dotcms.org.1 savedTestContainer
[06/06/23 19:39:31:413 UTC]  INFO util.ActivityLogger: class com.dotcms.rest.api.v1.container.ContainerResource: system : Publish Container , User dotcms.org.1 published container: 3ef09408-db6f-4338-a032-3f7a93a81b54
[06/06/23 19:39:37:501 UTC]  INFO util.SecurityLogger: class com.dotmarketing.cms.login.factories.LoginFactory : User admin@dotcms.com has sucessfully logged in from IP: 172.19.0.1 -- ip:172.19.0.1,user:Admin User [ID: dotcms.org.1][email:admin@dotcms.com]
[06/06/23 19:39:37:509 UTC]  INFO business.IdentifierAPIImpl: Creating new identifier for versionable asset of type `containers` and title `TestContainer` 
[06/06/23 19:39:37:513 UTC]  INFO business.DeterministicIdentifierAPIImpl: hashing id: container:demo.dotcms.com/testcontainer to 308a1ae44062b8757fb465db96341c8b
[06/06/23 19:39:37:517 UTC]  WARN shorty.ShortyIdAPIImpl: An error occurred when getting shorty value for '' of type 'CONTENT': shorty  is not a short id.  Short Ids should be 10 chars in length
[06/06/23 19:39:37:539 UTC]  INFO util.ActivityLogger: class com.dotcms.rest.api.v1.container.ContainerResource: demo.dotcms.com : Save Container , User dotcms.org.1 savedTestContainer
[06/06/23 19:39:37:558 UTC]  INFO util.ActivityLogger: class com.dotcms.rest.api.v1.container.ContainerResource: system : Publish Container , User dotcms.org.1 published container: 9b11924e-492d-49ac-b134-4579f6496687
[06/06/23 19:39:43:630 UTC]  INFO util.SecurityLogger: class com.dotmarketing.cms.login.factories.LoginFactory : User admin@dotcms.com has sucessfully logged in from IP: 172.19.0.1 -- ip:172.19.0.1,user:Admin User [ID: dotcms.org.1][email:admin@dotcms.com]
[06/06/23 19:39:43:636 UTC]  INFO business.IdentifierAPIImpl: Creating new identifier for versionable asset of type `containers` and title `TestContainer` 
[06/06/23 19:39:43:636 UTC]  INFO business.DeterministicIdentifierAPIImpl: hashing id: container:demo.dotcms.com/testcontainer to 308a1ae44062b8757fb465db96341c8b
[06/06/23 19:39:43:639 UTC]  WARN shorty.ShortyIdAPIImpl: An error occurred when getting shorty value for '' of type 'CONTENT': shorty  is not a short id.  Short Ids should be 10 chars in length
[06/06/23 19:39:43:664 UTC]  INFO util.ActivityLogger: class com.dotcms.rest.api.v1.container.ContainerResource: demo.dotcms.com : Save Container , User dotcms.org.1 savedTestContainer
[06/06/23 19:39:43:681 UTC]  INFO util.ActivityLogger: class com.dotcms.rest.api.v1.container.ContainerResource: system : Publish Container , User dotcms.org.1 published container: e4c01cce-6495-437a-9be1-a3a31b5a54a2
[06/06/23 19:39:49:773 UTC]  INFO util.SecurityLogger: class com.dotmarketing.cms.login.factories.LoginFactory : User admin@dotcms.com has sucessfully logged in from IP: 172.19.0.1 -- ip:172.19.0.1,user:Admin User [ID: dotcms.org.1][email:admin@dotcms.com]
[06/06/23 19:39:52:884 UTC]  INFO util.SecurityLogger: class com.dotmarketing.cms.login.factories.LoginFactory : User admin@dotcms.com has sucessfully logged in from IP: 172.19.0.1 -- ip:172.19.0.1,user:Admin User [ID: dotcms.org.1][email:admin@dotcms.com]
[06/06/23 19:39:52:891 UTC]  WARN mapper.ResourceNotFoundExceptionMapper: Can't find Container:12345678-abcd-1234-abcd-123456789abc
org.apache.velocity.exception.ResourceNotFoundException: Can't find Container:12345678-abcd-1234-abcd-123456789abc
	at com.dotcms.rest.api.v1.container.ContainerResource.lambda$getContainer$1(ContainerResource.java:502) ~[dotcms_null.jar:?]
	at java.util.Optional.orElseGet(Optional.java:369) ~[?:?]
	at com.dotcms.rest.api.v1.container.ContainerResource.getContainer(ContainerResource.java:501) ~[dotcms_null.jar:?]
	at com.dotcms.rest.api.v1.container.ContainerResource.getContainer(ContainerResource.java:452) ~[dotcms_null.jar:?]
	at com.dotcms.rest.api.v1.container.ContainerResource.getContainerWorking(ContainerResource.java:435) ~[dotcms_null.jar:?]
	at com.dotcms.rest.api.v1.container.ContainerResource.getWorkingById(ContainerResource.java:844) ~[dotcms_null.jar:?]
	at jdk.internal.reflect.NativeMethodAccessorImpl.invoke0(Native Method) ~[?:?]
	at jdk.internal.reflect.NativeMethodAccessorImpl.invoke(NativeMethodAccessorImpl.java:62) ~[?:?]
	at jdk.internal.reflect.DelegatingMethodAccessorImpl.invoke(DelegatingMethodAccessorImpl.java:43) ~[?:?]
	at java.lang.reflect.Method.invoke(Method.java:566) ~[?:?]
	at org.glassfish.jersey.server.model.internal.ResourceMethodInvocationHandlerFactory$1.invoke(ResourceMethodInvocationHandlerFactory.java:81) ~[jersey-server-2.22.1.jar:?]
	at org.glassfish.jersey.server.model.internal.AbstractJavaResourceMethodDispatcher$1.run(AbstractJavaResourceMethodDispatcher.java:144) ~[jersey-server-2.22.1.jar:?]
	at org.glassfish.jersey.server.model.internal.AbstractJavaResourceMethodDispatcher.invoke(AbstractJavaResourceMethodDispatcher.java:161) ~[jersey-server-2.22.1.jar:?]
	at org.glassfish.jersey.server.model.internal.JavaResourceMethodDispatcherProvider$ResponseOutInvoker.doDispatch(JavaResourceMethodDispatcherProvider.java:160) ~[jersey-server-2.22.1.jar:?]
	at org.glassfish.jersey.server.model.internal.AbstractJavaResourceMethodDispatcher.dispatch(AbstractJavaResourceMethodDispatcher.java:99) ~[jersey-server-2.22.1.jar:?]
	at org.glassfish.jersey.server.model.ResourceMethodInvoker.invoke(ResourceMethodInvoker.java:389) ~[jersey-server-2.22.1.jar:?]
	at org.glassfish.jersey.server.model.ResourceMethodInvoker.apply(ResourceMethodInvoker.java:347) ~[jersey-server-2.22.1.jar:?]
	at org.glassfish.jersey.server.model.ResourceMethodInvoker.apply(ResourceMethodInvoker.java:102) ~[jersey-server-2.22.1.jar:?]
	at org.glassfish.jersey.server.ServerRuntime$2.run(ServerRuntime.java:326) ~[jersey-server-2.22.1.jar:?]
	at org.glassfish.jersey.internal.Errors$1.call(Errors.java:271) ~[jersey-common-2.22.1.jar:?]
	at org.glassfish.jersey.internal.Errors$1.call(Errors.java:267) ~[jersey-common-2.22.1.jar:?]
	at org.glassfish.jersey.internal.Errors.process(Errors.java:315) ~[jersey-common-2.22.1.jar:?]
	at org.glassfish.jersey.internal.Errors.process(Errors.java:297) ~[jersey-common-2.22.1.jar:?]
	at org.glassfish.jersey.internal.Errors.process(Errors.java:267) ~[jersey-common-2.22.1.jar:?]
	at org.glassfish.jersey.process.internal.RequestScope.runInScope(RequestScope.java:317) ~[jersey-common-2.22.1.jar:?]
	at org.glassfish.jersey.server.ServerRuntime.process(ServerRuntime.java:305) ~[jersey-server-2.22.1.jar:?]
	at org.glassfish.jersey.server.ApplicationHandler.handle(ApplicationHandler.java:1154) ~[jersey-server-2.22.1.jar:?]
	at org.glassfish.jersey.servlet.WebComponent.serviceImpl(WebComponent.java:471) ~[jersey-container-servlet-core-2.22.1.jar:?]
	at org.glassfish.jersey.servlet.WebComponent.service(WebComponent.java:425) ~[jersey-container-servlet-core-2.22.1.jar:?]
	at org.glassfish.jersey.servlet.ServletContainer.service(ServletContainer.java:383) ~[jersey-container-servlet-core-2.22.1.jar:?]
	at org.glassfish.jersey.servlet.ServletContainer.service(ServletContainer.java:336) ~[jersey-container-servlet-core-2.22.1.jar:?]
	at org.glassfish.jersey.servlet.ServletContainer.service(ServletContainer.java:223) ~[jersey-container-servlet-core-2.22.1.jar:?]
	at com.dotcms.rest.servlet.ReloadableServletContainer.service(ReloadableServletContainer.java:117) ~[dotcms_null.jar:?]
	at org.apache.catalina.core.ApplicationFilterChain.internalDoFilter(ApplicationFilterChain.java:227) ~[catalina.jar:9.0.60]
	at org.apache.catalina.core.ApplicationFilterChain.doFilter(ApplicationFilterChain.java:162) ~[catalina.jar:9.0.60]
	at org.apache.tomcat.websocket.server.WsFilter.doFilter(WsFilter.java:53) ~[tomcat-websocket.jar:9.0.60]
	at org.apache.catalina.core.ApplicationFilterChain.internalDoFilter(ApplicationFilterChain.java:189) ~[catalina.jar:9.0.60]
	at org.apache.catalina.core.ApplicationFilterChain.doFilter(ApplicationFilterChain.java:162) ~[catalina.jar:9.0.60]
	at com.dotmarketing.filters.CMSFilter.doFilterInternal(CMSFilter.java:169) ~[dotcms_null.jar:?]
	at com.dotmarketing.filters.CMSFilter.doFilter(CMSFilter.java:49) ~[dotcms_null.jar:?]
	at org.apache.catalina.core.ApplicationFilterChain.internalDoFilter(ApplicationFilterChain.java:189) ~[catalina.jar:9.0.60]
	at org.apache.catalina.core.ApplicationFilterChain.doFilter(ApplicationFilterChain.java:162) ~[catalina.jar:9.0.60]
	at com.dotcms.filters.interceptor.AbstractWebInterceptorSupportFilter.doFilter(AbstractWebInterceptorSupportFilter.java:90) ~[dotcms_null.jar:?]
	at org.apache.catalina.core.ApplicationFilterChain.internalDoFilter(ApplicationFilterChain.java:189) ~[catalina.jar:9.0.60]
	at org.apache.catalina.core.ApplicationFilterChain.doFilter(ApplicationFilterChain.java:162) ~[catalina.jar:9.0.60]
	at com.dotcms.filters.interceptor.AbstractWebInterceptorSupportFilter.doFilter(AbstractWebInterceptorSupportFilter.java:90) ~[dotcms_null.jar:?]
	at org.apache.catalina.core.ApplicationFilterChain.internalDoFilter(ApplicationFilterChain.java:189) ~[catalina.jar:9.0.60]
	at org.apache.catalina.core.ApplicationFilterChain.doFilter(ApplicationFilterChain.java:162) ~[catalina.jar:9.0.60]
	at com.dotcms.visitor.filter.servlet.VisitorFilter.doFilter(VisitorFilter.java:81) ~[dotcms_null.jar:?]
	at org.apache.catalina.core.ApplicationFilterChain.internalDoFilter(ApplicationFilterChain.java:189) ~[catalina.jar:9.0.60]
	at org.apache.catalina.core.ApplicationFilterChain.doFilter(ApplicationFilterChain.java:162) ~[catalina.jar:9.0.60]
	at com.dotcms.vanityurl.filters.VanityURLFilter.doFilter(VanityURLFilter.java:114) ~[dotcms_null.jar:?]
	at org.apache.catalina.core.ApplicationFilterChain.internalDoFilter(ApplicationFilterChain.java:189) ~[catalina.jar:9.0.60]
	at org.apache.catalina.core.ApplicationFilterChain.doFilter(ApplicationFilterChain.java:162) ~[catalina.jar:9.0.60]
	at org.tuckey.web.filters.urlrewrite.RuleChain.handleRewrite(RuleChain.java:176) ~[urlrewritefilter-4.0.4.jar:4.0.4]
	at org.tuckey.web.filters.urlrewrite.RuleChain.doRules(RuleChain.java:145) ~[urlrewritefilter-4.0.4.jar:4.0.4]
	at org.tuckey.web.filters.urlrewrite.UrlRewriter.processRequest(UrlRewriter.java:92) ~[urlrewritefilter-4.0.4.jar:4.0.4]
	at org.tuckey.web.filters.urlrewrite.UrlRewriteFilter.doFilter(UrlRewriteFilter.java:389) ~[urlrewritefilter-4.0.4.jar:4.0.4]
	at org.apache.catalina.core.ApplicationFilterChain.internalDoFilter(ApplicationFilterChain.java:189) ~[catalina.jar:9.0.60]
	at org.apache.catalina.core.ApplicationFilterChain.doFilter(ApplicationFilterChain.java:162) ~[catalina.jar:9.0.60]
	at com.dotmarketing.filters.TimeMachineFilter.doFilter(TimeMachineFilter.java:67) ~[dotcms_null.jar:?]
	at org.apache.catalina.core.ApplicationFilterChain.internalDoFilter(ApplicationFilterChain.java:189) ~[catalina.jar:9.0.60]
	at org.apache.catalina.core.ApplicationFilterChain.doFilter(ApplicationFilterChain.java:162) ~[catalina.jar:9.0.60]
	at com.dotmarketing.filters.ThreadNameFilter.doFilter(ThreadNameFilter.java:88) ~[dotcms_null.jar:?]
	at org.apache.catalina.core.ApplicationFilterChain.internalDoFilter(ApplicationFilterChain.java:189) ~[catalina.jar:9.0.60]
	at org.apache.catalina.core.ApplicationFilterChain.doFilter(ApplicationFilterChain.java:162) ~[catalina.jar:9.0.60]
	at com.dotmarketing.filters.CookiesFilter.doFilter(CookiesFilter.java:53) ~[dotcms_null.jar:?]
	at org.apache.catalina.core.ApplicationFilterChain.internalDoFilter(ApplicationFilterChain.java:189) ~[catalina.jar:9.0.60]
	at org.apache.catalina.core.ApplicationFilterChain.doFilter(ApplicationFilterChain.java:162) ~[catalina.jar:9.0.60]
	at com.dotmarketing.filters.CharsetEncodingFilter.doFilter(CharsetEncodingFilter.java:99) ~[dotcms_null.jar:?]
	at org.apache.catalina.core.ApplicationFilterChain.internalDoFilter(ApplicationFilterChain.java:189) ~[catalina.jar:9.0.60]
	at org.apache.catalina.core.ApplicationFilterChain.doFilter(ApplicationFilterChain.java:162) ~[catalina.jar:9.0.60]
	at com.dotcms.filters.interceptor.AbstractWebInterceptorSupportFilter.doFilter(AbstractWebInterceptorSupportFilter.java:90) ~[dotcms_null.jar:?]
	at org.apache.catalina.core.ApplicationFilterChain.internalDoFilter(ApplicationFilterChain.java:189) ~[catalina.jar:9.0.60]
	at org.apache.catalina.core.ApplicationFilterChain.doFilter(ApplicationFilterChain.java:162) ~[catalina.jar:9.0.60]
	at org.apache.catalina.filters.HttpHeaderSecurityFilter.doFilter(HttpHeaderSecurityFilter.java:126) ~[catalina.jar:9.0.60]
	at org.apache.catalina.core.ApplicationFilterChain.internalDoFilter(ApplicationFilterChain.java:189) ~[catalina.jar:9.0.60]
	at org.apache.catalina.core.ApplicationFilterChain.doFilter(ApplicationFilterChain.java:162) ~[catalina.jar:9.0.60]
	at com.dotcms.filters.NormalizationFilter.doFilter(NormalizationFilter.java:89) ~[dotcms_null.jar:?]
	at org.apache.catalina.core.ApplicationFilterChain.internalDoFilter(ApplicationFilterChain.java:189) ~[catalina.jar:9.0.60]
	at org.apache.catalina.core.ApplicationFilterChain.doFilter(ApplicationFilterChain.java:162) ~[catalina.jar:9.0.60]
	at org.apache.catalina.core.StandardWrapperValve.invoke(StandardWrapperValve.java:197) ~[catalina.jar:9.0.60]
	at org.apache.catalina.core.StandardContextValve.invoke(StandardContextValve.java:97) ~[catalina.jar:9.0.60]
	at org.apache.catalina.authenticator.AuthenticatorBase.invoke(AuthenticatorBase.java:541) ~[catalina.jar:9.0.60]
	at org.apache.catalina.core.StandardHostValve.invoke(StandardHostValve.java:135) ~[catalina.jar:9.0.60]
	at org.apache.catalina.valves.AbstractAccessLogValve.invoke(AbstractAccessLogValve.java:687) ~[catalina.jar:9.0.60]
	at org.apache.catalina.valves.ErrorReportValve.invoke(ErrorReportValve.java:92) ~[catalina.jar:9.0.60]
	at org.apache.catalina.valves.RemoteIpValve.invoke(RemoteIpValve.java:769) ~[catalina.jar:9.0.60]
	at org.apache.catalina.core.StandardEngineValve.invoke(StandardEngineValve.java:78) ~[catalina.jar:9.0.60]
	at org.apache.catalina.connector.CoyoteAdapter.service(CoyoteAdapter.java:360) ~[catalina.jar:9.0.60]
	at org.apache.coyote.http11.Http11Processor.service(Http11Processor.java:399) ~[tomcat-coyote.jar:9.0.60]
	at org.apache.coyote.AbstractProcessorLight.process(AbstractProcessorLight.java:65) ~[tomcat-coyote.jar:9.0.60]
	at org.apache.coyote.AbstractProtocol$ConnectionHandler.process(AbstractProtocol.java:889) ~[tomcat-coyote.jar:9.0.60]
	at org.apache.tomcat.util.net.Nio2Endpoint$SocketProcessor.doRun(Nio2Endpoint.java:1701) ~[tomcat-coyote.jar:9.0.60]
	at org.apache.tomcat.util.net.SocketProcessorBase.run(SocketProcessorBase.java:49) ~[tomcat-coyote.jar:9.0.60]
	at org.apache.tomcat.util.net.AbstractEndpoint.processSocket(AbstractEndpoint.java:1190) ~[tomcat-coyote.jar:9.0.60]
	at org.apache.tomcat.util.net.Nio2Endpoint$Nio2SocketWrapper$2.completed(Nio2Endpoint.java:633) ~[tomcat-coyote.jar:9.0.60]
	at org.apache.tomcat.util.net.Nio2Endpoint$Nio2SocketWrapper$2.completed(Nio2Endpoint.java:611) ~[tomcat-coyote.jar:9.0.60]
	at sun.nio.ch.Invoker.invokeUnchecked(Invoker.java:127) ~[?:?]
	at sun.nio.ch.UnixAsynchronousSocketChannelImpl.finishRead(UnixAsynchronousSocketChannelImpl.java:439) ~[?:?]
	at sun.nio.ch.UnixAsynchronousSocketChannelImpl.finish(UnixAsynchronousSocketChannelImpl.java:191) ~[?:?]
	at sun.nio.ch.UnixAsynchronousSocketChannelImpl.onEvent(UnixAsynchronousSocketChannelImpl.java:213) ~[?:?]
	at sun.nio.ch.EPollPort$EventHandlerTask.run(EPollPort.java:306) ~[?:?]
	at sun.nio.ch.AsynchronousChannelGroupImpl$1.run(AsynchronousChannelGroupImpl.java:112) ~[?:?]
	at java.util.concurrent.ThreadPoolExecutor.runWorker(ThreadPoolExecutor.java:1128) ~[?:?]
	at java.util.concurrent.ThreadPoolExecutor$Worker.run(ThreadPoolExecutor.java:628) ~[?:?]
	at java.lang.Thread.run(Thread.java:829) [?:?]
[06/06/23 19:39:55:959 UTC]  INFO util.SecurityLogger: class com.dotmarketing.cms.login.factories.LoginFactory : User admin@dotcms.com has sucessfully logged in from IP: 172.19.0.1 -- ip:172.19.0.1,user:Admin User [ID: dotcms.org.1][email:admin@dotcms.com]
[06/06/23 19:39:55:985 UTC]  INFO business.IdentifierAPIImpl: Creating new identifier for versionable asset of type `containers` and title `Test Container to update` 
[06/06/23 19:39:55:987 UTC]  INFO business.DeterministicIdentifierAPIImpl: hashing id: container:demo.dotcms.com/test container to update to 981b41ca13f1223fa0a88b04c601786d
[06/06/23 19:39:55:989 UTC]  WARN shorty.ShortyIdAPIImpl: An error occurred when getting shorty value for '' of type 'CONTENT': shorty  is not a short id.  Short Ids should be 10 chars in length
[06/06/23 19:39:56:020 UTC]  INFO util.ActivityLogger: class com.dotcms.rest.api.v1.container.ContainerResource: demo.dotcms.com : Save Container , User dotcms.org.1 savedTest Container to update
[06/06/23 19:39:56:051 UTC]  INFO util.ActivityLogger: class com.dotcms.rest.api.v1.container.ContainerResource: system : Publish Container , User dotcms.org.1 published container: 981b41ca13f1223fa0a88b04c601786d
[06/06/23 19:40:02:128 UTC]  INFO util.SecurityLogger: class com.dotmarketing.cms.login.factories.LoginFactory : User admin@dotcms.com has sucessfully logged in from IP: 172.19.0.1 -- ip:172.19.0.1,user:Admin User [ID: dotcms.org.1][email:admin@dotcms.com]
[06/06/23 19:40:05:154 UTC]  INFO util.ActivityLogger: class com.dotcms.rest.api.v1.container.ContainerResource: demo.dotcms.com : Update Container: 981b41ca13f1223fa0a88b04c601786d , User dotcms.org.1 savedTestContainer
[06/06/23 19:40:08:213 UTC]  INFO util.SecurityLogger: class com.dotmarketing.cms.login.factories.LoginFactory : User admin@dotcms.com has sucessfully logged in from IP: 172.19.0.1 -- ip:172.19.0.1,user:Admin User [ID: dotcms.org.1][email:admin@dotcms.com]
[06/06/23 19:40:08:219 UTC]  INFO business.IdentifierAPIImpl: Creating new identifier for versionable asset of type `containers` and title `NewContainerToPublish` 
[06/06/23 19:40:08:219 UTC]  INFO business.DeterministicIdentifierAPIImpl: hashing id: container:demo.dotcms.com/newcontainertopublish to fdd1c1db5384352127b4535f907001fb
[06/06/23 19:40:08:221 UTC]  WARN shorty.ShortyIdAPIImpl: An error occurred when getting shorty value for '' of type 'CONTENT': shorty  is not a short id.  Short Ids should be 10 chars in length
[06/06/23 19:40:08:238 UTC]  INFO util.ActivityLogger: class com.dotcms.rest.api.v1.container.ContainerResource: demo.dotcms.com : Save Container , User dotcms.org.1 savedNewContainerToPublish
[06/06/23 19:40:08:252 UTC]  INFO util.ActivityLogger: class com.dotcms.rest.api.v1.container.ContainerResource: system : Publish Container , User dotcms.org.1 published container: fdd1c1db5384352127b4535f907001fb
[06/06/23 19:40:14:335 UTC]  INFO util.SecurityLogger: class com.dotmarketing.cms.login.factories.LoginFactory : User admin@dotcms.com has sucessfully logged in from IP: 172.19.0.1 -- ip:172.19.0.1,user:Admin User [ID: dotcms.org.1][email:admin@dotcms.com]
[06/06/23 19:40:14:419 UTC]  INFO util.PushPublishLogger: class com.dotcms.publisher.business.PublishAuditStatus : Status Update: Pending.
[06/06/23 19:40:14:425 UTC]  INFO rest.PushPublisherJob: Started bundle publish process
[06/06/23 19:40:14:426 UTC]  INFO util.PushPublishLogger: class com.dotcms.rest.PushPublisherJob : [BundleID: application_containers_folder.tar.gz] Started bundle publish process
[06/06/23 19:40:14:524 UTC]  INFO util.ActivityLogger: class com.dotcms.content.elasticsearch.business.ESContentletAPIImpl: System Host : Saving Content , StartDate: N/D; EndDate: N/D; User:system; ContentIdentifier: 8a7d5e23-da1e-420a-b4f0-471e7da8ea2d
[06/06/23 19:40:14:553 UTC]  INFO timedcache.TimedCacheProvider: ***	 Building Cache : esquerycountcache, size:10000, seconds:3600,Concurrency:32 (every 60000 millis)
[06/06/23 19:40:14:653 UTC]  INFO business.ContentletIndexAPIImpl: Indexing: 8a7d5e23-da1e-420a-b4f0-471e7da8ea2d : default, includeDependencies: true, policy: FORCE
[06/06/23 19:40:14:699 UTC]  INFO util.ActivityLogger: class com.dotcms.content.elasticsearch.business.ESContentletAPIImpl: System Host : Content Saved , StartDate: N/D; EndDate: N/D; User:system; ContentIdentifier: 8a7d5e23-da1e-420a-b4f0-471e7da8ea2d
[06/06/23 19:40:14:708 UTC]  INFO business.ContentletIndexAPIImpl: Indexing: 8a7d5e23-da1e-420a-b4f0-471e7da8ea2d : default, includeDependencies: false, policy: FORCE
[06/06/23 19:40:14:708 UTC]  INFO util.PushPublishLogger: class com.dotcms.enterprise.publishing.remote.handler.ContentHandler : [BundleID: application_containers_folder.tar.gz] Host publish success, ID: 8a7d5e23-da1e-420a-b4f0-471e7da8ea2d, Inode: 1b407535-67e3-4f21-ad00-8ef5ef492d64, Name: default
[06/06/23 19:40:14:754 UTC]  INFO util.ActivityLogger: class com.dotcms.content.elasticsearch.business.ESContentletAPIImpl: System Host : Locking Content , StartDate: N/D; EndDate: N/D; User:system; ContentIdentifier: 48190c8c-42c4-46af-8d1a-0cd5db894797
[06/06/23 19:40:14:759 UTC]  INFO business.ContentletIndexAPIImpl: Indexing: 48190c8c-42c4-46af-8d1a-0cd5db894797 : demo.dotcms.com, includeDependencies: false, policy: FORCE
[06/06/23 19:40:14:761 UTC]  INFO util.ActivityLogger: class com.dotcms.content.elasticsearch.business.ESContentletAPIImpl: System Host : Content Locked , StartDate: N/D; EndDate: N/D; User:system; ContentIdentifier: 48190c8c-42c4-46af-8d1a-0cd5db894797
[06/06/23 19:40:14:767 UTC]  INFO util.ActivityLogger: class com.dotcms.content.elasticsearch.business.ESContentletAPIImpl: System Host : Saving Content , StartDate: N/D; EndDate: N/D; User:system; ContentIdentifier: 48190c8c-42c4-46af-8d1a-0cd5db894797
[06/06/23 19:40:14:856 UTC]  INFO business.ContentletIndexAPIImpl: Indexing: 48190c8c-42c4-46af-8d1a-0cd5db894797 : demo.dotcms.com, includeDependencies: true, policy: FORCE
[06/06/23 19:40:14:917 UTC]  INFO util.ActivityLogger: class com.dotcms.content.elasticsearch.business.ESContentletAPIImpl: System Host : Content Saved , StartDate: N/D; EndDate: N/D; User:system; ContentIdentifier: 48190c8c-42c4-46af-8d1a-0cd5db894797
[06/06/23 19:40:14:924 UTC]  INFO util.ActivityLogger: class com.dotcms.content.elasticsearch.business.ESContentletAPIImpl: System Host : Publishing Content , StartDate: N/D; EndDate: N/D; User:system; ContentIdentifier: 48190c8c-42c4-46af-8d1a-0cd5db894797
[06/06/23 19:40:14:929 UTC]  INFO business.ContentletIndexAPIImpl: Indexing: 48190c8c-42c4-46af-8d1a-0cd5db894797 : demo.dotcms.com, includeDependencies: true, policy: FORCE
[06/06/23 19:40:14:984 UTC]  INFO util.ActivityLogger: class com.dotcms.content.elasticsearch.business.ESContentletAPIImpl: System Host : Content Published , StartDate: N/D; EndDate: N/D; User:system; ContentIdentifier: 48190c8c-42c4-46af-8d1a-0cd5db894797
[06/06/23 19:40:14:990 UTC]  INFO util.ActivityLogger: class com.dotcms.content.elasticsearch.business.ESContentletAPIImpl: System Host : Publishing Content , StartDate: N/D; EndDate: N/D; User:system; ContentIdentifier: 8a7d5e23-da1e-420a-b4f0-471e7da8ea2d
[06/06/23 19:40:14:994 UTC]  INFO business.ContentletIndexAPIImpl: Indexing: 8a7d5e23-da1e-420a-b4f0-471e7da8ea2d : default, includeDependencies: true, policy: FORCE
[06/06/23 19:40:15:049 UTC]  INFO util.ActivityLogger: class com.dotcms.content.elasticsearch.business.ESContentletAPIImpl: System Host : Content Published , StartDate: N/D; EndDate: N/D; User:system; ContentIdentifier: 8a7d5e23-da1e-420a-b4f0-471e7da8ea2d
[06/06/23 19:40:15:052 UTC]  INFO business.ContentletIndexAPIImpl: Indexing: 8a7d5e23-da1e-420a-b4f0-471e7da8ea2d : default, includeDependencies: true, policy: FORCE
[06/06/23 19:40:15:109 UTC]  INFO util.PushPublishLogger: class com.dotcms.enterprise.publishing.remote.handler.FolderHandler : [BundleID: application_containers_folder.tar.gz] Folder publish (new) success, ID: 577bbb1f-81f5-4184-bb01-dbca60731e75, Inode: 18f8b54b-f9f3-4a57-8b5d-b616ca9c030d, Name: application
[06/06/23 19:40:15:138 UTC]  INFO util.PushPublishLogger: class com.dotcms.enterprise.publishing.remote.handler.FolderHandler : [BundleID: application_containers_folder.tar.gz] Folder publish (new) success, ID: ce965ea9-bdba-42c2-b42d-a01e1a79ddbd, Inode: d6315999-4131-4e02-99d9-920a0bf2a4f8, Name: containers
[06/06/23 19:40:15:163 UTC]  INFO util.PushPublishLogger: class com.dotcms.enterprise.publishing.remote.handler.FolderHandler : [BundleID: application_containers_folder.tar.gz] Folder publish (new) success, ID: 0ae8965ca3ffbe440d9efdad5f92e2f2, Inode: 02b81440-03c5-490e-ad2d-4f7c79f35255, Name: default
[06/06/23 19:40:15:220 UTC]  INFO util.SecurityLogger: class com.dotmarketing.portlets.workflows.business.WorkflowAPIImpl : Workflow Scheme 'System Workflow' [d61a59e1-a49c-46f2-a929-db2b4bfa88b2] has been saved by User ID 'system' -- ip:ukn,user:null
[06/06/23 19:40:15:237 UTC]  INFO util.SecurityLogger: class com.dotmarketing.portlets.workflows.business.WorkflowAPIImpl : Workflow Step 'New' [6cb7e3bd-1710-4eed-8838-d3db60f78f19] has been saved by User ID 'system' -- ip:ukn,user:null
[06/06/23 19:40:15:243 UTC]  INFO util.SecurityLogger: class com.dotmarketing.portlets.workflows.business.WorkflowAPIImpl : Workflow Step 'Draft' [ee24a4cb-2d15-4c98-b1bd-6327126451f3] has been saved by User ID 'system' -- ip:ukn,user:null
[06/06/23 19:40:15:247 UTC]  INFO util.SecurityLogger: class com.dotmarketing.portlets.workflows.business.WorkflowAPIImpl : Workflow Step 'Published' [dc3c9cd0-8467-404b-bf95-cb7df3fbc293] has been saved by User ID 'system' -- ip:ukn,user:null
[06/06/23 19:40:15:252 UTC]  INFO util.SecurityLogger: class com.dotmarketing.portlets.workflows.business.WorkflowAPIImpl : Workflow Step 'Archived' [d6b095b6-b65f-4bdb-bbfd-701d663dfee2] has been saved by User ID 'system' -- ip:ukn,user:null
[06/06/23 19:40:15:266 UTC]  INFO util.SecurityLogger: class com.dotmarketing.portlets.workflows.business.WorkflowAPIImpl : Action id: '4da13a42-5d59-480c-ad8f-94a3adf809fe' has been reordered by user: system -- ip:ukn,user:null
[06/06/23 19:40:15:272 UTC]  WARN business.PermissionCacheImpl:  !!! Putting an empty list of permissions in the cache for asset:4da13a42-5d59-480c-ad8f-94a3adf809fe. Every asset should have at least 1 permission (or inherited permission) associated with it
[06/06/23 19:40:15:285 UTC]  INFO util.SecurityLogger: class com.dotmarketing.portlets.workflows.business.WorkflowAPIImpl : Action id: '963f6a04-5320-42e7-ab74-6d876d199946' has been reordered by user: system -- ip:ukn,user:null
[06/06/23 19:40:15:291 UTC]  WARN business.PermissionCacheImpl:  !!! Putting an empty list of permissions in the cache for asset:963f6a04-5320-42e7-ab74-6d876d199946. Every asset should have at least 1 permission (or inherited permission) associated with it
[06/06/23 19:40:15:303 UTC]  INFO util.SecurityLogger: class com.dotmarketing.portlets.workflows.business.WorkflowAPIImpl : Action id: '777f1c6b-c877-4a37-ba4b-10627316c2cc' has been reordered by user: system -- ip:ukn,user:null
[06/06/23 19:40:15:309 UTC]  WARN business.PermissionCacheImpl:  !!! Putting an empty list of permissions in the cache for asset:777f1c6b-c877-4a37-ba4b-10627316c2cc. Every asset should have at least 1 permission (or inherited permission) associated with it
[06/06/23 19:40:15:321 UTC]  INFO util.SecurityLogger: class com.dotmarketing.portlets.workflows.business.WorkflowAPIImpl : Action id: '1e0f1c6b-b67f-4c99-983d-db2b4bfa88b2' has been reordered by user: system -- ip:ukn,user:null
[06/06/23 19:40:15:326 UTC]  WARN business.PermissionCacheImpl:  !!! Putting an empty list of permissions in the cache for asset:1e0f1c6b-b67f-4c99-983d-db2b4bfa88b2. Every asset should have at least 1 permission (or inherited permission) associated with it
[06/06/23 19:40:15:334 UTC]  INFO util.SecurityLogger: class com.dotmarketing.portlets.workflows.business.WorkflowAPIImpl : Action id: 'dd4c4b7c-e9d3-4dc0-8fbf-36102f9c6324' has been reordered by user: system -- ip:ukn,user:null
[06/06/23 19:40:15:338 UTC]  WARN business.PermissionCacheImpl:  !!! Putting an empty list of permissions in the cache for asset:dd4c4b7c-e9d3-4dc0-8fbf-36102f9c6324. Every asset should have at least 1 permission (or inherited permission) associated with it
[06/06/23 19:40:15:357 UTC]  INFO util.SecurityLogger: class com.dotmarketing.portlets.workflows.business.WorkflowAPIImpl : Action id: 'b9d89c80-3d88-4311-8365-187323c96436' has been reordered by user: system -- ip:ukn,user:null
[06/06/23 19:40:15:363 UTC]  WARN business.PermissionCacheImpl:  !!! Putting an empty list of permissions in the cache for asset:b9d89c80-3d88-4311-8365-187323c96436. Every asset should have at least 1 permission (or inherited permission) associated with it
[06/06/23 19:40:15:379 UTC]  INFO util.SecurityLogger: class com.dotmarketing.portlets.workflows.business.WorkflowAPIImpl : Action id: 'ceca71a0-deee-4999-bd47-b01baa1bcfc8' has been reordered by user: system -- ip:ukn,user:null
[06/06/23 19:40:15:386 UTC]  WARN business.PermissionCacheImpl:  !!! Putting an empty list of permissions in the cache for asset:ceca71a0-deee-4999-bd47-b01baa1bcfc8. Every asset should have at least 1 permission (or inherited permission) associated with it
[06/06/23 19:40:15:401 UTC]  INFO util.SecurityLogger: class com.dotmarketing.portlets.workflows.business.WorkflowAPIImpl : Action id: 'c92f9aa1-9503-4567-ac30-d3242b54d02d' has been reordered by user: system -- ip:ukn,user:null
[06/06/23 19:40:15:407 UTC]  WARN business.PermissionCacheImpl:  !!! Putting an empty list of permissions in the cache for asset:c92f9aa1-9503-4567-ac30-d3242b54d02d. Every asset should have at least 1 permission (or inherited permission) associated with it
[06/06/23 19:40:15:419 UTC]  INFO util.SecurityLogger: class com.dotmarketing.portlets.workflows.business.WorkflowAPIImpl : Action id: '38efc763-d78f-4e4b-b092-59cd8c579b93' has been reordered by user: system -- ip:ukn,user:null
[06/06/23 19:40:15:424 UTC]  WARN business.PermissionCacheImpl:  !!! Putting an empty list of permissions in the cache for asset:38efc763-d78f-4e4b-b092-59cd8c579b93. Every asset should have at least 1 permission (or inherited permission) associated with it
[06/06/23 19:40:15:436 UTC]  INFO util.SecurityLogger: class com.dotmarketing.portlets.workflows.business.WorkflowAPIImpl : The action id: 'ceca71a0-deee-4999-bd47-b01baa1bcfc8' has been saved by the user: system -- ip:ukn,user:null
[06/06/23 19:40:15:447 UTC]  INFO util.SecurityLogger: class com.dotmarketing.portlets.workflows.business.WorkflowAPIImpl : The action id: 'b9d89c80-3d88-4311-8365-187323c96436' has been saved by the user: system -- ip:ukn,user:null
[06/06/23 19:40:15:455 UTC]  INFO util.SecurityLogger: class com.dotmarketing.portlets.workflows.business.WorkflowAPIImpl : The action id: '777f1c6b-c877-4a37-ba4b-10627316c2cc' has been saved by the user: system -- ip:ukn,user:null
[06/06/23 19:40:15:466 UTC]  INFO util.SecurityLogger: class com.dotmarketing.portlets.workflows.business.WorkflowAPIImpl : The action id: 'ceca71a0-deee-4999-bd47-b01baa1bcfc8' has been saved by the user: system -- ip:ukn,user:null
[06/06/23 19:40:15:475 UTC]  INFO util.SecurityLogger: class com.dotmarketing.portlets.workflows.business.WorkflowAPIImpl : The action id: 'dd4c4b7c-e9d3-4dc0-8fbf-36102f9c6324' has been saved by the user: system -- ip:ukn,user:null
[06/06/23 19:40:15:483 UTC]  INFO util.SecurityLogger: class com.dotmarketing.portlets.workflows.business.WorkflowAPIImpl : The action id: '38efc763-d78f-4e4b-b092-59cd8c579b93' has been saved by the user: system -- ip:ukn,user:null
[06/06/23 19:40:15:491 UTC]  INFO util.SecurityLogger: class com.dotmarketing.portlets.workflows.business.WorkflowAPIImpl : The action id: '963f6a04-5320-42e7-ab74-6d876d199946' has been saved by the user: system -- ip:ukn,user:null
[06/06/23 19:40:15:499 UTC]  INFO util.SecurityLogger: class com.dotmarketing.portlets.workflows.business.WorkflowAPIImpl : The action id: 'b9d89c80-3d88-4311-8365-187323c96436' has been saved by the user: system -- ip:ukn,user:null
[06/06/23 19:40:15:506 UTC]  INFO util.SecurityLogger: class com.dotmarketing.portlets.workflows.business.WorkflowAPIImpl : The action id: '4da13a42-5d59-480c-ad8f-94a3adf809fe' has been saved by the user: system -- ip:ukn,user:null
[06/06/23 19:40:15:518 UTC]  INFO util.SecurityLogger: class com.dotmarketing.portlets.workflows.business.WorkflowAPIImpl : The action id: '963f6a04-5320-42e7-ab74-6d876d199946' has been saved by the user: system -- ip:ukn,user:null
[06/06/23 19:40:15:525 UTC]  INFO util.SecurityLogger: class com.dotmarketing.portlets.workflows.business.WorkflowAPIImpl : The action id: '38efc763-d78f-4e4b-b092-59cd8c579b93' has been saved by the user: system -- ip:ukn,user:null
[06/06/23 19:40:15:534 UTC]  INFO util.SecurityLogger: class com.dotmarketing.portlets.workflows.business.WorkflowAPIImpl : The action id: 'ceca71a0-deee-4999-bd47-b01baa1bcfc8' has been saved by the user: system -- ip:ukn,user:null
[06/06/23 19:40:15:542 UTC]  INFO util.SecurityLogger: class com.dotmarketing.portlets.workflows.business.WorkflowAPIImpl : The action id: '4da13a42-5d59-480c-ad8f-94a3adf809fe' has been saved by the user: system -- ip:ukn,user:null
[06/06/23 19:40:15:552 UTC]  INFO util.SecurityLogger: class com.dotmarketing.portlets.workflows.business.WorkflowAPIImpl : The action id: 'b9d89c80-3d88-4311-8365-187323c96436' has been saved by the user: system -- ip:ukn,user:null
[06/06/23 19:40:15:558 UTC]  INFO util.SecurityLogger: class com.dotmarketing.portlets.workflows.business.WorkflowAPIImpl : The action id: 'dd4c4b7c-e9d3-4dc0-8fbf-36102f9c6324' has been saved by the user: system -- ip:ukn,user:null
[06/06/23 19:40:15:566 UTC]  INFO util.SecurityLogger: class com.dotmarketing.portlets.workflows.business.WorkflowAPIImpl : The action id: 'c92f9aa1-9503-4567-ac30-d3242b54d02d' has been saved by the user: system -- ip:ukn,user:null
[06/06/23 19:40:15:574 UTC]  INFO util.SecurityLogger: class com.dotmarketing.portlets.workflows.business.WorkflowAPIImpl : The action id: '777f1c6b-c877-4a37-ba4b-10627316c2cc' has been saved by the user: system -- ip:ukn,user:null
[06/06/23 19:40:15:580 UTC]  INFO util.SecurityLogger: class com.dotmarketing.portlets.workflows.business.WorkflowAPIImpl : The action id: '1e0f1c6b-b67f-4c99-983d-db2b4bfa88b2' has been saved by the user: system -- ip:ukn,user:null
[06/06/23 19:40:15:658 UTC]  INFO util.SecurityLogger: class com.dotmarketing.portlets.workflows.business.WorkflowAPIImpl : Saving class parameters by the user: system -- ip:ukn,user:null
[06/06/23 19:40:15:684 UTC]  INFO util.SecurityLogger: class com.dotmarketing.portlets.workflows.business.WorkflowAPIImpl : Workflow Action Class with id: '631c2c25-0d62-40e9-af7b-7a1a453bbfc0' has been deleted -- ip:ukn,user:null
[06/06/23 19:40:15:690 UTC]  INFO util.SecurityLogger: class com.dotmarketing.portlets.workflows.business.WorkflowAPIImpl : Workflow Action with id: fa294e6b-9832-4f19-999e-c9ae27cbd47f, name: Import CSV has been deleted -- ip:ukn,user:null
[06/06/23 19:40:15:726 UTC]  INFO util.SecurityLogger: class com.dotmarketing.portlets.workflows.business.WorkflowAPIImpl : Workflow Action Class with id: 'ad8d69c2-93d1-462c-ba78-a065d05a136f' has been deleted -- ip:ukn,user:null
[06/06/23 19:40:15:730 UTC]  INFO util.SecurityLogger: class com.dotmarketing.portlets.workflows.business.WorkflowAPIImpl : Workflow Action with id: bc477b07-8f84-48d2-85b8-20d07512af4b, name: Move has been deleted -- ip:ukn,user:null
[06/06/23 19:40:15:743 UTC]  INFO util.SecurityLogger: class com.dotmarketing.portlets.workflows.business.WorkflowAPIImpl : Workflow Action Class with id: 'f0dd0406-77e8-4713-bca5-c21fc0c7e5c5' has been deleted -- ip:ukn,user:null
[06/06/23 19:40:15:810 UTC]  INFO helper.SystemActionMappingsHandlerMerger: The mapping for systemAction: NEW, workflowAction: Optional[WorkflowAction [id=ceca71a0-deee-4999-bd47-b01baa1bcfc8, name=Save, stepId=null, nextStep=ee24a4cb-2d15-4c98-b1bd-6327126451f3]], and scheme: d61a59e1-a49c-46f2-a929-db2b4bfa88b2 has been saved
[06/06/23 19:40:15:815 UTC]  INFO helper.SystemActionMappingsHandlerMerger: The mapping for systemAction: EDIT, workflowAction: Optional[WorkflowAction [id=ceca71a0-deee-4999-bd47-b01baa1bcfc8, name=Save, stepId=null, nextStep=ee24a4cb-2d15-4c98-b1bd-6327126451f3]], and scheme: d61a59e1-a49c-46f2-a929-db2b4bfa88b2 has been saved
[06/06/23 19:40:15:819 UTC]  INFO helper.SystemActionMappingsHandlerMerger: The mapping for systemAction: UNPUBLISH, workflowAction: Optional[WorkflowAction [id=38efc763-d78f-4e4b-b092-59cd8c579b93, name=Unpublish, stepId=null, nextStep=ee24a4cb-2d15-4c98-b1bd-6327126451f3]], and scheme: d61a59e1-a49c-46f2-a929-db2b4bfa88b2 has been saved
[06/06/23 19:40:15:824 UTC]  INFO helper.SystemActionMappingsHandlerMerger: The mapping for systemAction: UNARCHIVE, workflowAction: Optional[WorkflowAction [id=c92f9aa1-9503-4567-ac30-d3242b54d02d, name=Unarchive, stepId=null, nextStep=ee24a4cb-2d15-4c98-b1bd-6327126451f3]], and scheme: d61a59e1-a49c-46f2-a929-db2b4bfa88b2 has been saved
[06/06/23 19:40:15:829 UTC]  INFO helper.SystemActionMappingsHandlerMerger: The mapping for systemAction: PUBLISH, workflowAction: Optional[WorkflowAction [id=b9d89c80-3d88-4311-8365-187323c96436, name=Publish, stepId=null, nextStep=dc3c9cd0-8467-404b-bf95-cb7df3fbc293]], and scheme: d61a59e1-a49c-46f2-a929-db2b4bfa88b2 has been saved
[06/06/23 19:40:15:833 UTC]  INFO helper.SystemActionMappingsHandlerMerger: The mapping for systemAction: ARCHIVE, workflowAction: Optional[WorkflowAction [id=4da13a42-5d59-480c-ad8f-94a3adf809fe, name=Archive, stepId=null, nextStep=d6b095b6-b65f-4bdb-bbfd-701d663dfee2]], and scheme: d61a59e1-a49c-46f2-a929-db2b4bfa88b2 has been saved
[06/06/23 19:40:15:837 UTC]  INFO helper.SystemActionMappingsHandlerMerger: The mapping for systemAction: DESTROY, workflowAction: Optional[WorkflowAction [id=1e0f1c6b-b67f-4c99-983d-db2b4bfa88b2, name=Destroy, stepId=null, nextStep=d6b095b6-b65f-4bdb-bbfd-701d663dfee2]], and scheme: d61a59e1-a49c-46f2-a929-db2b4bfa88b2 has been saved
[06/06/23 19:40:15:841 UTC]  INFO helper.SystemActionMappingsHandlerMerger: The mapping for systemAction: DELETE, workflowAction: Optional[WorkflowAction [id=777f1c6b-c877-4a37-ba4b-10627316c2cc, name=Delete, stepId=null, nextStep=d6b095b6-b65f-4bdb-bbfd-701d663dfee2]], and scheme: d61a59e1-a49c-46f2-a929-db2b4bfa88b2 has been saved
[06/06/23 19:40:15:841 UTC]  INFO util.PushPublishLogger: class com.dotcms.enterprise.publishing.remote.handler.WorkflowHandler : [BundleID: application_containers_folder.tar.gz] Workflow publish success, ID: d61a59e1-a49c-46f2-a929-db2b4bfa88b2, Name: System Workflow
[06/06/23 19:40:15:882 UTC]  INFO util.ActivityLogger: class com.dotcms.contenttype.business.ContentTypeAPIImpl: system : Save ContentType Action , User system/system user system user added ContentType File Asset to host id:SYSTEM_HOST
[06/06/23 19:40:15:882 UTC]  INFO business.ContentTypeAPIImpl: UserId : system : ContentType : ContentType saved : File Asset
[06/06/23 19:40:15:882 UTC]  INFO util.AdminLogger: UserId : system : class com.dotcms.contenttype.business.ContentTypeAPIImpl : ContentType : ContentType saved : File Asset
[06/06/23 19:40:15:884 UTC]  INFO business.FieldAPIImpl: No changes made to field: hostFolder, returning
[06/06/23 19:40:15:913 UTC]  INFO util.ActivityLogger: class com.dotmarketing.util.ActivityLogger: system : Update Field Action , User system/system user modified field File Name to File Asset Structure.
[06/06/23 19:40:15:921 UTC]  INFO business.FieldAPIImpl: No changes made to field: fileAsset, returning
[06/06/23 19:40:15:943 UTC]  INFO util.ActivityLogger: class com.dotmarketing.util.ActivityLogger: system : Update Field Action , User system/system user modified field Title to File Asset Structure.
[06/06/23 19:40:15:951 UTC]  INFO business.FieldAPIImpl: No changes made to field: MetadataTab, returning
[06/06/23 19:40:15:952 UTC]  INFO business.FieldAPIImpl: No changes made to field: metaData, returning
[06/06/23 19:40:15:982 UTC]  INFO util.ActivityLogger: class com.dotmarketing.util.ActivityLogger: system : Update Field Action , User system/system user modified field Show On Menu to File Asset Structure.
[06/06/23 19:40:16:011 UTC]  INFO util.ActivityLogger: class com.dotmarketing.util.ActivityLogger: system : Update Field Action , User system/system user modified field Sort Order to File Asset Structure.
[06/06/23 19:40:16:044 UTC]  INFO util.ActivityLogger: class com.dotmarketing.util.ActivityLogger: system : Update Field Action , User system/system user modified field Description to File Asset Structure.
[06/06/23 19:40:16:053 UTC]  INFO util.PushPublishLogger: class com.dotcms.enterprise.publishing.remote.handler.ContentTypeHandler : [BundleID: application_containers_folder.tar.gz] Content Type publish success, ID: 33888b6f-7a8e-4069-b1b6-5c1aa9d0a48d, Name: File Asset
[06/06/23 19:40:16:054 UTC]  INFO util.SecurityLogger: class com.dotmarketing.portlets.workflows.business.WorkflowAPIImpl : Saving schemes [ [WorkflowScheme [id=d61a59e1-a49c-46f2-a929-db2b4bfa88b2, name=System Workflow, archived=false, mandatory=false]] ] for Content Type [ com.dotmarketing.portlets.structure.model.Structure@68183f5f[name=File Asset,description=Default structure for all uploaded files,defaultStructure=false,reviewInterval=<null>,reviewerRole=<null>,pagedetail=<null>,structureType=4,fixed=true,system=false,velocityVarName=FileAsset,urlMapPattern=<null>,host=SYSTEM_HOST,folder=SYSTEM_FOLDER,publishDateVar=<null>,expireDateVar=<null>,modDate=Tue Jun 06 19:40:16 UTC 2023,icon=attach_file,sortOrder=0,iDate=Thu Dec 15 17:19:14 UTC 2011,type=structure,owner=<null>,inode=33888b6f-7a8e-4069-b1b6-5c1aa9d0a48d,identifier=33888b6f-7a8e-4069-b1b6-5c1aa9d0a48d] ] -- ip:ukn,user:null
[06/06/23 19:40:16:078 UTC]  INFO util.PushPublishLogger: class com.dotcms.enterprise.publishing.remote.handler.LanguageVariablesHandler : [BundleID: application_containers_folder.tar.gz] Language File publish success, Name: cms_language_en.properties
[06/06/23 19:40:16:079 UTC]  INFO util.PushPublishLogger: class com.dotcms.enterprise.publishing.remote.handler.LanguageVariablesHandler : [BundleID: application_containers_folder.tar.gz] Language File publish success, Name: cms_language_en_US.properties
[06/06/23 19:40:16:080 UTC]  INFO util.PushPublishLogger: class com.dotcms.enterprise.publishing.remote.handler.LanguageVariablesHandler : [BundleID: application_containers_folder.tar.gz] Language File publish success, Name: cms_language_es.properties
[06/06/23 19:40:16:080 UTC]  INFO util.PushPublishLogger: class com.dotcms.enterprise.publishing.remote.handler.LanguageVariablesHandler : [BundleID: application_containers_folder.tar.gz] Language File publish success, Name: cms_language_es_ES.properties
[06/06/23 19:40:16:080 UTC]  INFO util.PushPublishLogger: class com.dotcms.enterprise.publishing.remote.handler.LanguageVariablesHandler : [BundleID: application_containers_folder.tar.gz] Language File publish success, Name: cms_language_fr.properties
[06/06/23 19:40:16:080 UTC]  INFO util.PushPublishLogger: class com.dotcms.enterprise.publishing.remote.handler.LanguageVariablesHandler : [BundleID: application_containers_folder.tar.gz] Language File publish success, Name: cms_language_fr_FR.properties
[06/06/23 19:40:16:081 UTC]  INFO util.PushPublishLogger: class com.dotcms.enterprise.publishing.remote.handler.LanguageVariablesHandler : [BundleID: application_containers_folder.tar.gz] Language File publish success, Name: cms_language_zh.properties
[06/06/23 19:40:16:081 UTC]  INFO util.PushPublishLogger: class com.dotcms.enterprise.publishing.remote.handler.LanguageVariablesHandler : [BundleID: application_containers_folder.tar.gz] Language File publish success, Name: cms_language_zh_CN.properties
[06/06/23 19:40:16:082 UTC]  INFO util.PushPublishLogger: class com.dotcms.enterprise.publishing.remote.handler.LanguageVariablesHandler : [BundleID: application_containers_folder.tar.gz] Language File publish success, Name: cms_language_zh_TW.properties
[06/06/23 19:40:16:117 UTC]  INFO util.ActivityLogger: class com.dotcms.content.elasticsearch.business.ESContentletAPIImpl: default : Saving Content , StartDate: N/D; EndDate: N/D; User:system; ContentIdentifier: 97484802ec1482d63635ef5fe15767da
[06/06/23 19:40:16:121 UTC]  INFO business.IdentifierAPIImpl: Creating new identifier for versionable asset of type `content` and title `dotasset.vtl` 
[06/06/23 19:40:16:165 UTC]  INFO business.ContentletIndexAPIImpl: Indexing: 97484802ec1482d63635ef5fe15767da : dotasset.vtl, includeDependencies: true, policy: FORCE
[06/06/23 19:40:16:208 UTC]  INFO util.ActivityLogger: class com.dotcms.content.elasticsearch.business.ESContentletAPIImpl: default : Content Saved , StartDate: N/D; EndDate: N/D; User:system; ContentIdentifier: 97484802ec1482d63635ef5fe15767da
[06/06/23 19:40:16:224 UTC]  INFO business.ContentletIndexAPIImpl: Indexing: 97484802ec1482d63635ef5fe15767da : dotasset.vtl, includeDependencies: false, policy: FORCE
[06/06/23 19:40:16:225 UTC]  INFO util.PushPublishLogger: class com.dotcms.enterprise.publishing.remote.handler.ContentHandler : [BundleID: application_containers_folder.tar.gz] Content publish success, ID: 97484802ec1482d63635ef5fe15767da, Inode: b7f3efc0-3ddb-4173-a4d8-518baf712ebf, Name: dotasset.vtl
[06/06/23 19:40:16:244 UTC]  INFO util.ActivityLogger: class com.dotcms.content.elasticsearch.business.ESContentletAPIImpl: default : Publishing Content , StartDate: N/D; EndDate: N/D; User:system; ContentIdentifier: 97484802ec1482d63635ef5fe15767da
[06/06/23 19:40:16:247 UTC]  INFO business.ContentletIndexAPIImpl: Indexing: 97484802ec1482d63635ef5fe15767da : dotasset.vtl, includeDependencies: true, policy: FORCE
[06/06/23 19:40:16:287 UTC]  INFO util.ActivityLogger: class com.dotcms.content.elasticsearch.business.ESContentletAPIImpl: default : Content Published , StartDate: N/D; EndDate: N/D; User:system; ContentIdentifier: 97484802ec1482d63635ef5fe15767da
[06/06/23 19:40:16:290 UTC]  INFO business.ContentletIndexAPIImpl: Indexing: 97484802ec1482d63635ef5fe15767da : dotasset.vtl, includeDependencies: true, policy: FORCE
[06/06/23 19:40:16:306 UTC]  INFO util.SecurityLogger: class com.dotmarketing.portlets.workflows.business.WorkflowAPIImpl : Workflow task with id: 'f1ec2f01-9258-493f-8f54-aec45fba17b5' has been saved. -- ip:ukn,user:null
[06/06/23 19:40:16:306 UTC]  INFO util.PushPublishLogger: class com.dotcms.enterprise.publishing.remote.handler.ContentWorkflowHandler : [BundleID: application_containers_folder.tar.gz] Content Workflow publish success, ID: 97484802ec1482d63635ef5fe15767da
[06/06/23 19:40:17:646 UTC]  INFO reindex.ReindexThread: --- Unpausing reindex thread 
[06/06/23 19:40:18:879 UTC]  INFO reindex.ReindexQueueAPIImpl: addIdentifierReindex: 97484802ec1482d63635ef5fe15767da
[06/06/23 19:40:18:889 UTC]  INFO reindex.ReindexThread: --- Unpausing reindex thread 
[06/06/23 19:40:18:962 UTC]  INFO reindex.BulkProcessorListener: -----------
[06/06/23 19:40:18:962 UTC]  INFO reindex.BulkProcessorListener: Reindexing Server #  : 1 of 1
[06/06/23 19:40:18:962 UTC]  INFO reindex.BulkProcessorListener: Total Indexed        : 0
[06/06/23 19:40:18:962 UTC]  INFO reindex.BulkProcessorListener: ReindexEntries found : 1
[06/06/23 19:40:18:963 UTC]  INFO reindex.BulkProcessorListener: BulkRequests created : 2
[06/06/23 19:40:18:963 UTC]  INFO reindex.BulkProcessorListener: -----------
[06/06/23 19:40:22:647 UTC]  INFO concurrent.Debouncer: Debouncing : invalidateGraphSchema after 5000 MILLISECONDS
[06/06/23 19:40:28:030 UTC]  INFO util.PushPublishLogger: class com.dotcms.rest.PushPublisherJob : [BundleID: application_containers_folder.tar.gz] Finished bundle publish process
[06/06/23 19:40:28:032 UTC]  INFO rest.PushPublisherJob: Finished bundle publish process
[06/06/23 19:40:31:259 UTC]  INFO util.SecurityLogger: class com.dotmarketing.cms.login.factories.LoginFactory : User admin@dotcms.com has sucessfully logged in from IP: 172.19.0.1 -- ip:172.19.0.1,user:Admin User [ID: dotcms.org.1][email:admin@dotcms.com]
[06/06/23 19:40:31:328 UTC]  INFO business.DeterministicIdentifierAPIImpl: hashing id: folder:default/application/containers/test to 971253350bee3d3d1514e9d5673ded9d
[06/06/23 19:40:37:418 UTC]  INFO util.SecurityLogger: class com.dotmarketing.cms.login.factories.LoginFactory : User admin@dotcms.com has sucessfully logged in from IP: 172.19.0.1 -- ip:172.19.0.1,user:Admin User [ID: dotcms.org.1][email:admin@dotcms.com]
[06/06/23 19:40:37:688 UTC]  INFO util.ActivityLogger: class com.dotcms.content.elasticsearch.business.ESContentletAPIImpl: default : Saving Content , StartDate: N/D; EndDate: N/D; User:dotcms.org.1; ContentIdentifier: 
[06/06/23 19:40:37:695 UTC]  INFO business.IdentifierAPIImpl: Creating new identifier for versionable asset of type `content` and title `container.vtl` 
[06/06/23 19:40:37:698 UTC]  INFO business.DeterministicIdentifierAPIImpl: hashing id: fileasset:default/application/containers/test/container.vtl to 0eb4d77ee7df4372604bdb32f97f9b25
[06/06/23 19:40:37:795 UTC]  INFO util.ActivityLogger: class com.dotcms.content.elasticsearch.business.ESContentletAPIImpl: default : Content Saved , StartDate: N/D; EndDate: N/D; User:dotcms.org.1; ContentIdentifier: 0eb4d77ee7df4372604bdb32f97f9b25
[06/06/23 19:40:37:799 UTC]  INFO util.ActivityLogger: class com.dotcms.content.elasticsearch.business.ESContentletAPIImpl: default : Publishing Content , StartDate: N/D; EndDate: N/D; User:dotcms.org.1; ContentIdentifier: 0eb4d77ee7df4372604bdb32f97f9b25
[06/06/23 19:40:37:862 UTC]  INFO util.ActivityLogger: class com.dotcms.content.elasticsearch.business.ESContentletAPIImpl: default : Content Published , StartDate: N/D; EndDate: N/D; User:dotcms.org.1; ContentIdentifier: 0eb4d77ee7df4372604bdb32f97f9b25
[06/06/23 19:40:37:869 UTC]  INFO util.SecurityLogger: class com.dotmarketing.portlets.workflows.business.WorkflowAPIImpl : Workflow task '557ec5ac-91c6-4240-b04c-b19dc16d0224' has been saved. -- ip:172.19.0.1,user:Admin User [ID: dotcms.org.1][email:admin@dotcms.com]
[06/06/23 19:40:37:873 UTC]  WARN struts.MultiMessageResources: Duplicate resource property definition (key=was ==> is now): contenttypes.content.copy=Copy ==> Copy
[06/06/23 19:40:37:875 UTC]  WARN struts.MultiMessageResources: Duplicate resource property definition (key=was ==> is now): message.category.import=Importing Categories.  This operation cannot be cancelled or undone. ==> IMPORT
[06/06/23 19:40:37:875 UTC]  WARN struts.MultiMessageResources: Duplicate resource property definition (key=was ==> is now): message.containers.create.content_type_code=Content Type Code ==> Content Type Code
[06/06/23 19:40:37:879 UTC]  WARN struts.MultiMessageResources: Duplicate resource property definition (key=was ==> is now): Save=Save ==> Save
[06/06/23 19:40:37:880 UTC]  WARN struts.MultiMessageResources: Duplicate resource property definition (key=was ==> is now): Move=Move ==> Move
[06/06/23 19:40:37:882 UTC]  WARN struts.MultiMessageResources: Duplicate resource property definition (key=was ==> is now): archived=archived ==> Archived
[06/06/23 19:40:37:891 UTC]  INFO util.SecurityLogger: class com.dotmarketing.portlets.workflows.business.WorkflowAPIImpl : Workflow History 'd96fe0e8-8cb1-4075-921f-d5de3e2cf89c' has been saved. -- ip:172.19.0.1,user:Admin User [ID: dotcms.org.1][email:admin@dotcms.com]
[06/06/23 19:40:37:892 UTC]  INFO business.WorkflowAPIImpl: Needs reindex, adding the contentlet to the index at the end of the workflow execution
[06/06/23 19:40:37:893 UTC]  INFO business.ContentletIndexAPIImpl: Indexing: 0eb4d77ee7df4372604bdb32f97f9b25 : container.vtl, includeDependencies: true, policy: FORCE
[06/06/23 19:40:37:894 UTC]  INFO business.WorkflowAPIImpl: Added contentlet to the index at the end of the workflow execution, dependencies: true
[06/06/23 19:40:37:894 UTC]  INFO reindex.ReindexQueueAPIImpl: addIdentifierReindex: 0eb4d77ee7df4372604bdb32f97f9b25
[06/06/23 19:40:38:280 UTC]  INFO reindex.ReindexThread: --- Unpausing reindex thread 
[06/06/23 19:40:38:591 UTC]  INFO reindex.BulkProcessorListener: -----------
[06/06/23 19:40:38:591 UTC]  INFO reindex.BulkProcessorListener: Reindexing Server #  : 1 of 1
[06/06/23 19:40:38:591 UTC]  INFO reindex.BulkProcessorListener: Total Indexed        : 0
[06/06/23 19:40:38:591 UTC]  INFO reindex.BulkProcessorListener: ReindexEntries found : 1
[06/06/23 19:40:38:591 UTC]  INFO reindex.BulkProcessorListener: BulkRequests created : 2
[06/06/23 19:40:38:591 UTC]  INFO reindex.BulkProcessorListener: -----------
[06/06/23 19:40:47:445 UTC]  INFO util.SecurityLogger: class com.dotmarketing.cms.login.factories.LoginFactory : User admin@dotcms.com has sucessfully logged in from IP: 172.19.0.1 -- ip:172.19.0.1,user:Admin User [ID: dotcms.org.1][email:admin@dotcms.com]
[06/06/23 19:40:48:172 UTC]  INFO util.SecurityLogger: class com.dotcms.rest.api.v1.authentication.LogoutResource : User Admin User (dotcms.org.1) has logged out from IP: 172.19.0.1 -- ip:172.19.0.1,user:Admin User [ID: dotcms.org.1][email:admin@dotcms.com]
[06/06/23 19:40:48:239 UTC]  WARN rest.WebResource: InitDataObject Error: uri:/api/v1/containers err:Invalid User
[06/06/23 19:40:48:239 UTC]  WARN rest.WebResource: Invalid User
[06/06/23 19:40:48:240 UTC]  WARN rest.WebResource: com.dotcms.rest.WebResource.authenticate(WebResource.java:522)
[06/06/23 19:40:52:479 UTC]  WARN auth.PrincipalThreadLocal: getName dotcms.org.1
[06/06/23 19:40:52:481 UTC]  INFO util.SecurityLogger: class com.dotcms.cms.login.LoginServiceAPIFactory$LoginServiceImpl : User dotcms.org.1 has successfully login from IP: 172.19.0.1 -- ip:172.19.0.1,user:Admin User [ID: dotcms.org.1][email:admin@dotcms.com]
[06/06/23 19:40:52:484 UTC]  WARN mapper.ResourceNotFoundExceptionMapper: Can't find Container:NOTFOUNDCONTAINER
org.apache.velocity.exception.ResourceNotFoundException: Can't find Container:NOTFOUNDCONTAINER
	at com.dotcms.rest.api.v1.container.ContainerResource.lambda$getContainer$1(ContainerResource.java:502) ~[dotcms_null.jar:?]
	at java.util.Optional.orElseGet(Optional.java:369) ~[?:?]
	at com.dotcms.rest.api.v1.container.ContainerResource.getContainer(ContainerResource.java:501) ~[dotcms_null.jar:?]
	at com.dotcms.rest.api.v1.container.ContainerResource.getContainer(ContainerResource.java:452) ~[dotcms_null.jar:?]
	at com.dotcms.rest.api.v1.container.ContainerResource.getContainerWorking(ContainerResource.java:435) ~[dotcms_null.jar:?]
	at com.dotcms.rest.api.v1.container.ContainerResource.update(ContainerResource.java:732) ~[dotcms_null.jar:?]
	at jdk.internal.reflect.NativeMethodAccessorImpl.invoke0(Native Method) ~[?:?]
	at jdk.internal.reflect.NativeMethodAccessorImpl.invoke(NativeMethodAccessorImpl.java:62) ~[?:?]
	at jdk.internal.reflect.DelegatingMethodAccessorImpl.invoke(DelegatingMethodAccessorImpl.java:43) ~[?:?]
	at java.lang.reflect.Method.invoke(Method.java:566) ~[?:?]
	at org.glassfish.jersey.server.model.internal.ResourceMethodInvocationHandlerFactory$1.invoke(ResourceMethodInvocationHandlerFactory.java:81) ~[jersey-server-2.22.1.jar:?]
	at org.glassfish.jersey.server.model.internal.AbstractJavaResourceMethodDispatcher$1.run(AbstractJavaResourceMethodDispatcher.java:144) ~[jersey-server-2.22.1.jar:?]
	at org.glassfish.jersey.server.model.internal.AbstractJavaResourceMethodDispatcher.invoke(AbstractJavaResourceMethodDispatcher.java:161) ~[jersey-server-2.22.1.jar:?]
	at org.glassfish.jersey.server.model.internal.JavaResourceMethodDispatcherProvider$ResponseOutInvoker.doDispatch(JavaResourceMethodDispatcherProvider.java:160) ~[jersey-server-2.22.1.jar:?]
	at org.glassfish.jersey.server.model.internal.AbstractJavaResourceMethodDispatcher.dispatch(AbstractJavaResourceMethodDispatcher.java:99) ~[jersey-server-2.22.1.jar:?]
	at org.glassfish.jersey.server.model.ResourceMethodInvoker.invoke(ResourceMethodInvoker.java:389) ~[jersey-server-2.22.1.jar:?]
	at org.glassfish.jersey.server.model.ResourceMethodInvoker.apply(ResourceMethodInvoker.java:347) ~[jersey-server-2.22.1.jar:?]
	at org.glassfish.jersey.server.model.ResourceMethodInvoker.apply(ResourceMethodInvoker.java:102) ~[jersey-server-2.22.1.jar:?]
	at org.glassfish.jersey.server.ServerRuntime$2.run(ServerRuntime.java:326) ~[jersey-server-2.22.1.jar:?]
	at org.glassfish.jersey.internal.Errors$1.call(Errors.java:271) ~[jersey-common-2.22.1.jar:?]
	at org.glassfish.jersey.internal.Errors$1.call(Errors.java:267) ~[jersey-common-2.22.1.jar:?]
	at org.glassfish.jersey.internal.Errors.process(Errors.java:315) ~[jersey-common-2.22.1.jar:?]
	at org.glassfish.jersey.internal.Errors.process(Errors.java:297) ~[jersey-common-2.22.1.jar:?]
	at org.glassfish.jersey.internal.Errors.process(Errors.java:267) ~[jersey-common-2.22.1.jar:?]
	at org.glassfish.jersey.process.internal.RequestScope.runInScope(RequestScope.java:317) ~[jersey-common-2.22.1.jar:?]
	at org.glassfish.jersey.server.ServerRuntime.process(ServerRuntime.java:305) ~[jersey-server-2.22.1.jar:?]
	at org.glassfish.jersey.server.ApplicationHandler.handle(ApplicationHandler.java:1154) ~[jersey-server-2.22.1.jar:?]
	at org.glassfish.jersey.servlet.WebComponent.serviceImpl(WebComponent.java:471) ~[jersey-container-servlet-core-2.22.1.jar:?]
	at org.glassfish.jersey.servlet.WebComponent.service(WebComponent.java:425) ~[jersey-container-servlet-core-2.22.1.jar:?]
	at org.glassfish.jersey.servlet.ServletContainer.service(ServletContainer.java:383) ~[jersey-container-servlet-core-2.22.1.jar:?]
	at org.glassfish.jersey.servlet.ServletContainer.service(ServletContainer.java:336) ~[jersey-container-servlet-core-2.22.1.jar:?]
	at org.glassfish.jersey.servlet.ServletContainer.service(ServletContainer.java:223) ~[jersey-container-servlet-core-2.22.1.jar:?]
	at com.dotcms.rest.servlet.ReloadableServletContainer.service(ReloadableServletContainer.java:117) ~[dotcms_null.jar:?]
	at org.apache.catalina.core.ApplicationFilterChain.internalDoFilter(ApplicationFilterChain.java:227) ~[catalina.jar:9.0.60]
	at org.apache.catalina.core.ApplicationFilterChain.doFilter(ApplicationFilterChain.java:162) ~[catalina.jar:9.0.60]
	at org.apache.tomcat.websocket.server.WsFilter.doFilter(WsFilter.java:53) ~[tomcat-websocket.jar:9.0.60]
	at org.apache.catalina.core.ApplicationFilterChain.internalDoFilter(ApplicationFilterChain.java:189) ~[catalina.jar:9.0.60]
	at org.apache.catalina.core.ApplicationFilterChain.doFilter(ApplicationFilterChain.java:162) ~[catalina.jar:9.0.60]
	at com.dotmarketing.filters.CMSFilter.doFilterInternal(CMSFilter.java:169) ~[dotcms_null.jar:?]
	at com.dotmarketing.filters.CMSFilter.doFilter(CMSFilter.java:49) ~[dotcms_null.jar:?]
	at org.apache.catalina.core.ApplicationFilterChain.internalDoFilter(ApplicationFilterChain.java:189) ~[catalina.jar:9.0.60]
	at org.apache.catalina.core.ApplicationFilterChain.doFilter(ApplicationFilterChain.java:162) ~[catalina.jar:9.0.60]
	at com.dotcms.filters.interceptor.AbstractWebInterceptorSupportFilter.doFilter(AbstractWebInterceptorSupportFilter.java:90) ~[dotcms_null.jar:?]
	at org.apache.catalina.core.ApplicationFilterChain.internalDoFilter(ApplicationFilterChain.java:189) ~[catalina.jar:9.0.60]
	at org.apache.catalina.core.ApplicationFilterChain.doFilter(ApplicationFilterChain.java:162) ~[catalina.jar:9.0.60]
	at com.dotcms.filters.interceptor.AbstractWebInterceptorSupportFilter.doFilter(AbstractWebInterceptorSupportFilter.java:90) ~[dotcms_null.jar:?]
	at org.apache.catalina.core.ApplicationFilterChain.internalDoFilter(ApplicationFilterChain.java:189) ~[catalina.jar:9.0.60]
	at org.apache.catalina.core.ApplicationFilterChain.doFilter(ApplicationFilterChain.java:162) ~[catalina.jar:9.0.60]
	at com.dotcms.visitor.filter.servlet.VisitorFilter.doFilter(VisitorFilter.java:81) ~[dotcms_null.jar:?]
	at org.apache.catalina.core.ApplicationFilterChain.internalDoFilter(ApplicationFilterChain.java:189) ~[catalina.jar:9.0.60]
	at org.apache.catalina.core.ApplicationFilterChain.doFilter(ApplicationFilterChain.java:162) ~[catalina.jar:9.0.60]
	at com.dotcms.vanityurl.filters.VanityURLFilter.doFilter(VanityURLFilter.java:114) ~[dotcms_null.jar:?]
	at org.apache.catalina.core.ApplicationFilterChain.internalDoFilter(ApplicationFilterChain.java:189) ~[catalina.jar:9.0.60]
	at org.apache.catalina.core.ApplicationFilterChain.doFilter(ApplicationFilterChain.java:162) ~[catalina.jar:9.0.60]
	at org.tuckey.web.filters.urlrewrite.RuleChain.handleRewrite(RuleChain.java:176) ~[urlrewritefilter-4.0.4.jar:4.0.4]
	at org.tuckey.web.filters.urlrewrite.RuleChain.doRules(RuleChain.java:145) ~[urlrewritefilter-4.0.4.jar:4.0.4]
	at org.tuckey.web.filters.urlrewrite.UrlRewriter.processRequest(UrlRewriter.java:92) ~[urlrewritefilter-4.0.4.jar:4.0.4]
	at org.tuckey.web.filters.urlrewrite.UrlRewriteFilter.doFilter(UrlRewriteFilter.java:389) ~[urlrewritefilter-4.0.4.jar:4.0.4]
	at org.apache.catalina.core.ApplicationFilterChain.internalDoFilter(ApplicationFilterChain.java:189) ~[catalina.jar:9.0.60]
	at org.apache.catalina.core.ApplicationFilterChain.doFilter(ApplicationFilterChain.java:162) ~[catalina.jar:9.0.60]
	at com.dotmarketing.filters.TimeMachineFilter.doFilter(TimeMachineFilter.java:67) ~[dotcms_null.jar:?]
	at org.apache.catalina.core.ApplicationFilterChain.internalDoFilter(ApplicationFilterChain.java:189) ~[catalina.jar:9.0.60]
	at org.apache.catalina.core.ApplicationFilterChain.doFilter(ApplicationFilterChain.java:162) ~[catalina.jar:9.0.60]
	at com.dotmarketing.filters.ThreadNameFilter.doFilter(ThreadNameFilter.java:88) ~[dotcms_null.jar:?]
	at org.apache.catalina.core.ApplicationFilterChain.internalDoFilter(ApplicationFilterChain.java:189) ~[catalina.jar:9.0.60]
	at org.apache.catalina.core.ApplicationFilterChain.doFilter(ApplicationFilterChain.java:162) ~[catalina.jar:9.0.60]
	at com.dotmarketing.filters.CookiesFilter.doFilter(CookiesFilter.java:53) ~[dotcms_null.jar:?]
	at org.apache.catalina.core.ApplicationFilterChain.internalDoFilter(ApplicationFilterChain.java:189) ~[catalina.jar:9.0.60]
	at org.apache.catalina.core.ApplicationFilterChain.doFilter(ApplicationFilterChain.java:162) ~[catalina.jar:9.0.60]
	at com.dotmarketing.filters.CharsetEncodingFilter.doFilter(CharsetEncodingFilter.java:99) ~[dotcms_null.jar:?]
	at org.apache.catalina.core.ApplicationFilterChain.internalDoFilter(ApplicationFilterChain.java:189) ~[catalina.jar:9.0.60]
	at org.apache.catalina.core.ApplicationFilterChain.doFilter(ApplicationFilterChain.java:162) ~[catalina.jar:9.0.60]
	at com.dotcms.filters.interceptor.AbstractWebInterceptorSupportFilter.doFilter(AbstractWebInterceptorSupportFilter.java:90) ~[dotcms_null.jar:?]
	at org.apache.catalina.core.ApplicationFilterChain.internalDoFilter(ApplicationFilterChain.java:189) ~[catalina.jar:9.0.60]
	at org.apache.catalina.core.ApplicationFilterChain.doFilter(ApplicationFilterChain.java:162) ~[catalina.jar:9.0.60]
	at org.apache.catalina.filters.HttpHeaderSecurityFilter.doFilter(HttpHeaderSecurityFilter.java:126) ~[catalina.jar:9.0.60]
	at org.apache.catalina.core.ApplicationFilterChain.internalDoFilter(ApplicationFilterChain.java:189) ~[catalina.jar:9.0.60]
	at org.apache.catalina.core.ApplicationFilterChain.doFilter(ApplicationFilterChain.java:162) ~[catalina.jar:9.0.60]
	at com.dotcms.filters.NormalizationFilter.doFilter(NormalizationFilter.java:89) ~[dotcms_null.jar:?]
	at org.apache.catalina.core.ApplicationFilterChain.internalDoFilter(ApplicationFilterChain.java:189) ~[catalina.jar:9.0.60]
	at org.apache.catalina.core.ApplicationFilterChain.doFilter(ApplicationFilterChain.java:162) ~[catalina.jar:9.0.60]
	at org.apache.catalina.core.StandardWrapperValve.invoke(StandardWrapperValve.java:197) ~[catalina.jar:9.0.60]
	at org.apache.catalina.core.StandardContextValve.invoke(StandardContextValve.java:97) ~[catalina.jar:9.0.60]
	at org.apache.catalina.authenticator.AuthenticatorBase.invoke(AuthenticatorBase.java:541) ~[catalina.jar:9.0.60]
	at org.apache.catalina.core.StandardHostValve.invoke(StandardHostValve.java:135) ~[catalina.jar:9.0.60]
	at org.apache.catalina.valves.AbstractAccessLogValve.invoke(AbstractAccessLogValve.java:687) ~[catalina.jar:9.0.60]
	at org.apache.catalina.valves.ErrorReportValve.invoke(ErrorReportValve.java:92) ~[catalina.jar:9.0.60]
	at org.apache.catalina.valves.RemoteIpValve.invoke(RemoteIpValve.java:769) ~[catalina.jar:9.0.60]
	at org.apache.catalina.core.StandardEngineValve.invoke(StandardEngineValve.java:78) ~[catalina.jar:9.0.60]
	at org.apache.catalina.connector.CoyoteAdapter.service(CoyoteAdapter.java:360) ~[catalina.jar:9.0.60]
	at org.apache.coyote.http11.Http11Processor.service(Http11Processor.java:399) ~[tomcat-coyote.jar:9.0.60]
	at org.apache.coyote.AbstractProcessorLight.process(AbstractProcessorLight.java:65) ~[tomcat-coyote.jar:9.0.60]
	at org.apache.coyote.AbstractProtocol$ConnectionHandler.process(AbstractProtocol.java:889) ~[tomcat-coyote.jar:9.0.60]
	at org.apache.tomcat.util.net.Nio2Endpoint$SocketProcessor.doRun(Nio2Endpoint.java:1701) ~[tomcat-coyote.jar:9.0.60]
	at org.apache.tomcat.util.net.SocketProcessorBase.run(SocketProcessorBase.java:49) ~[tomcat-coyote.jar:9.0.60]
	at org.apache.tomcat.util.net.AbstractEndpoint.processSocket(AbstractEndpoint.java:1190) ~[tomcat-coyote.jar:9.0.60]
	at org.apache.tomcat.util.net.Nio2Endpoint$Nio2SocketWrapper$2.completed(Nio2Endpoint.java:633) ~[tomcat-coyote.jar:9.0.60]
	at org.apache.tomcat.util.net.Nio2Endpoint$Nio2SocketWrapper$2.completed(Nio2Endpoint.java:611) ~[tomcat-coyote.jar:9.0.60]
	at sun.nio.ch.Invoker.invokeUnchecked(Invoker.java:127) ~[?:?]
	at sun.nio.ch.Invoker$2.run(Invoker.java:219) ~[?:?]
	at sun.nio.ch.AsynchronousChannelGroupImpl$1.run(AsynchronousChannelGroupImpl.java:112) ~[?:?]
	at java.util.concurrent.ThreadPoolExecutor.runWorker(ThreadPoolExecutor.java:1128) ~[?:?]
	at java.util.concurrent.ThreadPoolExecutor$Worker.run(ThreadPoolExecutor.java:628) ~[?:?]
	at java.lang.Thread.run(Thread.java:829) [?:?]
[06/06/23 19:40:55:565 UTC]  INFO util.SecurityLogger: class com.dotmarketing.cms.login.factories.LoginFactory : User admin@dotcms.com has sucessfully logged in from IP: 172.19.0.1 -- ip:172.19.0.1,user:Admin User [ID: dotcms.org.1][email:admin@dotcms.com]
[06/06/23 19:40:55:575 UTC]  WARN mapper.ResourceNotFoundExceptionMapper: Can't find Container:INVALIDCONTAINER
org.apache.velocity.exception.ResourceNotFoundException: Can't find Container:INVALIDCONTAINER
	at com.dotcms.rest.api.v1.container.ContainerResource.lambda$getContainer$1(ContainerResource.java:502) ~[dotcms_null.jar:?]
	at java.util.Optional.orElseGet(Optional.java:369) ~[?:?]
	at com.dotcms.rest.api.v1.container.ContainerResource.getContainer(ContainerResource.java:501) ~[dotcms_null.jar:?]
	at com.dotcms.rest.api.v1.container.ContainerResource.getContainer(ContainerResource.java:452) ~[dotcms_null.jar:?]
	at com.dotcms.rest.api.v1.container.ContainerResource.getContainerWorking(ContainerResource.java:435) ~[dotcms_null.jar:?]
	at com.dotcms.rest.api.v1.container.ContainerResource.getWorkingById(ContainerResource.java:844) ~[dotcms_null.jar:?]
	at jdk.internal.reflect.NativeMethodAccessorImpl.invoke0(Native Method) ~[?:?]
	at jdk.internal.reflect.NativeMethodAccessorImpl.invoke(NativeMethodAccessorImpl.java:62) ~[?:?]
	at jdk.internal.reflect.DelegatingMethodAccessorImpl.invoke(DelegatingMethodAccessorImpl.java:43) ~[?:?]
	at java.lang.reflect.Method.invoke(Method.java:566) ~[?:?]
	at org.glassfish.jersey.server.model.internal.ResourceMethodInvocationHandlerFactory$1.invoke(ResourceMethodInvocationHandlerFactory.java:81) ~[jersey-server-2.22.1.jar:?]
	at org.glassfish.jersey.server.model.internal.AbstractJavaResourceMethodDispatcher$1.run(AbstractJavaResourceMethodDispatcher.java:144) ~[jersey-server-2.22.1.jar:?]
	at org.glassfish.jersey.server.model.internal.AbstractJavaResourceMethodDispatcher.invoke(AbstractJavaResourceMethodDispatcher.java:161) ~[jersey-server-2.22.1.jar:?]
	at org.glassfish.jersey.server.model.internal.JavaResourceMethodDispatcherProvider$ResponseOutInvoker.doDispatch(JavaResourceMethodDispatcherProvider.java:160) ~[jersey-server-2.22.1.jar:?]
	at org.glassfish.jersey.server.model.internal.AbstractJavaResourceMethodDispatcher.dispatch(AbstractJavaResourceMethodDispatcher.java:99) ~[jersey-server-2.22.1.jar:?]
	at org.glassfish.jersey.server.model.ResourceMethodInvoker.invoke(ResourceMethodInvoker.java:389) ~[jersey-server-2.22.1.jar:?]
	at org.glassfish.jersey.server.model.ResourceMethodInvoker.apply(ResourceMethodInvoker.java:347) ~[jersey-server-2.22.1.jar:?]
	at org.glassfish.jersey.server.model.ResourceMethodInvoker.apply(ResourceMethodInvoker.java:102) ~[jersey-server-2.22.1.jar:?]
	at org.glassfish.jersey.server.ServerRuntime$2.run(ServerRuntime.java:326) ~[jersey-server-2.22.1.jar:?]
	at org.glassfish.jersey.internal.Errors$1.call(Errors.java:271) ~[jersey-common-2.22.1.jar:?]
	at org.glassfish.jersey.internal.Errors$1.call(Errors.java:267) ~[jersey-common-2.22.1.jar:?]
	at org.glassfish.jersey.internal.Errors.process(Errors.java:315) ~[jersey-common-2.22.1.jar:?]
	at org.glassfish.jersey.internal.Errors.process(Errors.java:297) ~[jersey-common-2.22.1.jar:?]
	at org.glassfish.jersey.internal.Errors.process(Errors.java:267) ~[jersey-common-2.22.1.jar:?]
	at org.glassfish.jersey.process.internal.RequestScope.runInScope(RequestScope.java:317) ~[jersey-common-2.22.1.jar:?]
	at org.glassfish.jersey.server.ServerRuntime.process(ServerRuntime.java:305) ~[jersey-server-2.22.1.jar:?]
	at org.glassfish.jersey.server.ApplicationHandler.handle(ApplicationHandler.java:1154) ~[jersey-server-2.22.1.jar:?]
	at org.glassfish.jersey.servlet.WebComponent.serviceImpl(WebComponent.java:471) ~[jersey-container-servlet-core-2.22.1.jar:?]
	at org.glassfish.jersey.servlet.WebComponent.service(WebComponent.java:425) ~[jersey-container-servlet-core-2.22.1.jar:?]
	at org.glassfish.jersey.servlet.ServletContainer.service(ServletContainer.java:383) ~[jersey-container-servlet-core-2.22.1.jar:?]
	at org.glassfish.jersey.servlet.ServletContainer.service(ServletContainer.java:336) ~[jersey-container-servlet-core-2.22.1.jar:?]
	at org.glassfish.jersey.servlet.ServletContainer.service(ServletContainer.java:223) ~[jersey-container-servlet-core-2.22.1.jar:?]
	at com.dotcms.rest.servlet.ReloadableServletContainer.service(ReloadableServletContainer.java:117) ~[dotcms_null.jar:?]
	at org.apache.catalina.core.ApplicationFilterChain.internalDoFilter(ApplicationFilterChain.java:227) ~[catalina.jar:9.0.60]
	at org.apache.catalina.core.ApplicationFilterChain.doFilter(ApplicationFilterChain.java:162) ~[catalina.jar:9.0.60]
	at org.apache.tomcat.websocket.server.WsFilter.doFilter(WsFilter.java:53) ~[tomcat-websocket.jar:9.0.60]
	at org.apache.catalina.core.ApplicationFilterChain.internalDoFilter(ApplicationFilterChain.java:189) ~[catalina.jar:9.0.60]
	at org.apache.catalina.core.ApplicationFilterChain.doFilter(ApplicationFilterChain.java:162) ~[catalina.jar:9.0.60]
	at com.dotmarketing.filters.CMSFilter.doFilterInternal(CMSFilter.java:169) ~[dotcms_null.jar:?]
	at com.dotmarketing.filters.CMSFilter.doFilter(CMSFilter.java:49) ~[dotcms_null.jar:?]
	at org.apache.catalina.core.ApplicationFilterChain.internalDoFilter(ApplicationFilterChain.java:189) ~[catalina.jar:9.0.60]
	at org.apache.catalina.core.ApplicationFilterChain.doFilter(ApplicationFilterChain.java:162) ~[catalina.jar:9.0.60]
	at com.dotcms.filters.interceptor.AbstractWebInterceptorSupportFilter.doFilter(AbstractWebInterceptorSupportFilter.java:90) ~[dotcms_null.jar:?]
	at org.apache.catalina.core.ApplicationFilterChain.internalDoFilter(ApplicationFilterChain.java:189) ~[catalina.jar:9.0.60]
	at org.apache.catalina.core.ApplicationFilterChain.doFilter(ApplicationFilterChain.java:162) ~[catalina.jar:9.0.60]
	at com.dotcms.filters.interceptor.AbstractWebInterceptorSupportFilter.doFilter(AbstractWebInterceptorSupportFilter.java:90) ~[dotcms_null.jar:?]
	at org.apache.catalina.core.ApplicationFilterChain.internalDoFilter(ApplicationFilterChain.java:189) ~[catalina.jar:9.0.60]
	at org.apache.catalina.core.ApplicationFilterChain.doFilter(ApplicationFilterChain.java:162) ~[catalina.jar:9.0.60]
	at com.dotcms.visitor.filter.servlet.VisitorFilter.doFilter(VisitorFilter.java:81) ~[dotcms_null.jar:?]
	at org.apache.catalina.core.ApplicationFilterChain.internalDoFilter(ApplicationFilterChain.java:189) ~[catalina.jar:9.0.60]
	at org.apache.catalina.core.ApplicationFilterChain.doFilter(ApplicationFilterChain.java:162) ~[catalina.jar:9.0.60]
	at com.dotcms.vanityurl.filters.VanityURLFilter.doFilter(VanityURLFilter.java:114) ~[dotcms_null.jar:?]
	at org.apache.catalina.core.ApplicationFilterChain.internalDoFilter(ApplicationFilterChain.java:189) ~[catalina.jar:9.0.60]
	at org.apache.catalina.core.ApplicationFilterChain.doFilter(ApplicationFilterChain.java:162) ~[catalina.jar:9.0.60]
	at org.tuckey.web.filters.urlrewrite.RuleChain.handleRewrite(RuleChain.java:176) ~[urlrewritefilter-4.0.4.jar:4.0.4]
	at org.tuckey.web.filters.urlrewrite.RuleChain.doRules(RuleChain.java:145) ~[urlrewritefilter-4.0.4.jar:4.0.4]
	at org.tuckey.web.filters.urlrewrite.UrlRewriter.processRequest(UrlRewriter.java:92) ~[urlrewritefilter-4.0.4.jar:4.0.4]
	at org.tuckey.web.filters.urlrewrite.UrlRewriteFilter.doFilter(UrlRewriteFilter.java:389) ~[urlrewritefilter-4.0.4.jar:4.0.4]
	at org.apache.catalina.core.ApplicationFilterChain.internalDoFilter(ApplicationFilterChain.java:189) ~[catalina.jar:9.0.60]
	at org.apache.catalina.core.ApplicationFilterChain.doFilter(ApplicationFilterChain.java:162) ~[catalina.jar:9.0.60]
	at com.dotmarketing.filters.TimeMachineFilter.doFilter(TimeMachineFilter.java:67) ~[dotcms_null.jar:?]
	at org.apache.catalina.core.ApplicationFilterChain.internalDoFilter(ApplicationFilterChain.java:189) ~[catalina.jar:9.0.60]
	at org.apache.catalina.core.ApplicationFilterChain.doFilter(ApplicationFilterChain.java:162) ~[catalina.jar:9.0.60]
	at com.dotmarketing.filters.ThreadNameFilter.doFilter(ThreadNameFilter.java:88) ~[dotcms_null.jar:?]
	at org.apache.catalina.core.ApplicationFilterChain.internalDoFilter(ApplicationFilterChain.java:189) ~[catalina.jar:9.0.60]
	at org.apache.catalina.core.ApplicationFilterChain.doFilter(ApplicationFilterChain.java:162) ~[catalina.jar:9.0.60]
	at com.dotmarketing.filters.CookiesFilter.doFilter(CookiesFilter.java:53) ~[dotcms_null.jar:?]
	at org.apache.catalina.core.ApplicationFilterChain.internalDoFilter(ApplicationFilterChain.java:189) ~[catalina.jar:9.0.60]
	at org.apache.catalina.core.ApplicationFilterChain.doFilter(ApplicationFilterChain.java:162) ~[catalina.jar:9.0.60]
	at com.dotmarketing.filters.CharsetEncodingFilter.doFilter(CharsetEncodingFilter.java:99) ~[dotcms_null.jar:?]
	at org.apache.catalina.core.ApplicationFilterChain.internalDoFilter(ApplicationFilterChain.java:189) ~[catalina.jar:9.0.60]
	at org.apache.catalina.core.ApplicationFilterChain.doFilter(ApplicationFilterChain.java:162) ~[catalina.jar:9.0.60]
	at com.dotcms.filters.interceptor.AbstractWebInterceptorSupportFilter.doFilter(AbstractWebInterceptorSupportFilter.java:90) ~[dotcms_null.jar:?]
	at org.apache.catalina.core.ApplicationFilterChain.internalDoFilter(ApplicationFilterChain.java:189) ~[catalina.jar:9.0.60]
	at org.apache.catalina.core.ApplicationFilterChain.doFilter(ApplicationFilterChain.java:162) ~[catalina.jar:9.0.60]
	at org.apache.catalina.filters.HttpHeaderSecurityFilter.doFilter(HttpHeaderSecurityFilter.java:126) ~[catalina.jar:9.0.60]
	at org.apache.catalina.core.ApplicationFilterChain.internalDoFilter(ApplicationFilterChain.java:189) ~[catalina.jar:9.0.60]
	at org.apache.catalina.core.ApplicationFilterChain.doFilter(ApplicationFilterChain.java:162) ~[catalina.jar:9.0.60]
	at com.dotcms.filters.NormalizationFilter.doFilter(NormalizationFilter.java:89) ~[dotcms_null.jar:?]
	at org.apache.catalina.core.ApplicationFilterChain.internalDoFilter(ApplicationFilterChain.java:189) ~[catalina.jar:9.0.60]
	at org.apache.catalina.core.ApplicationFilterChain.doFilter(ApplicationFilterChain.java:162) ~[catalina.jar:9.0.60]
	at org.apache.catalina.core.StandardWrapperValve.invoke(StandardWrapperValve.java:197) ~[catalina.jar:9.0.60]
	at org.apache.catalina.core.StandardContextValve.invoke(StandardContextValve.java:97) ~[catalina.jar:9.0.60]
	at org.apache.catalina.authenticator.AuthenticatorBase.invoke(AuthenticatorBase.java:541) ~[catalina.jar:9.0.60]
	at org.apache.catalina.core.StandardHostValve.invoke(StandardHostValve.java:135) ~[catalina.jar:9.0.60]
	at org.apache.catalina.valves.AbstractAccessLogValve.invoke(AbstractAccessLogValve.java:687) ~[catalina.jar:9.0.60]
	at org.apache.catalina.valves.ErrorReportValve.invoke(ErrorReportValve.java:92) ~[catalina.jar:9.0.60]
	at org.apache.catalina.valves.RemoteIpValve.invoke(RemoteIpValve.java:769) ~[catalina.jar:9.0.60]
	at org.apache.catalina.core.StandardEngineValve.invoke(StandardEngineValve.java:78) ~[catalina.jar:9.0.60]
	at org.apache.catalina.connector.CoyoteAdapter.service(CoyoteAdapter.java:360) ~[catalina.jar:9.0.60]
	at org.apache.coyote.http11.Http11Processor.service(Http11Processor.java:399) ~[tomcat-coyote.jar:9.0.60]
	at org.apache.coyote.AbstractProcessorLight.process(AbstractProcessorLight.java:65) ~[tomcat-coyote.jar:9.0.60]
	at org.apache.coyote.AbstractProtocol$ConnectionHandler.process(AbstractProtocol.java:889) ~[tomcat-coyote.jar:9.0.60]
	at org.apache.tomcat.util.net.Nio2Endpoint$SocketProcessor.doRun(Nio2Endpoint.java:1701) ~[tomcat-coyote.jar:9.0.60]
	at org.apache.tomcat.util.net.SocketProcessorBase.run(SocketProcessorBase.java:49) ~[tomcat-coyote.jar:9.0.60]
	at org.apache.tomcat.util.net.AbstractEndpoint.processSocket(AbstractEndpoint.java:1190) ~[tomcat-coyote.jar:9.0.60]
	at org.apache.tomcat.util.net.Nio2Endpoint$Nio2SocketWrapper$2.completed(Nio2Endpoint.java:633) ~[tomcat-coyote.jar:9.0.60]
	at org.apache.tomcat.util.net.Nio2Endpoint$Nio2SocketWrapper$2.completed(Nio2Endpoint.java:611) ~[tomcat-coyote.jar:9.0.60]
	at sun.nio.ch.Invoker.invokeUnchecked(Invoker.java:127) ~[?:?]
	at sun.nio.ch.Invoker$2.run(Invoker.java:219) ~[?:?]
	at sun.nio.ch.AsynchronousChannelGroupImpl$1.run(AsynchronousChannelGroupImpl.java:112) ~[?:?]
	at java.util.concurrent.ThreadPoolExecutor.runWorker(ThreadPoolExecutor.java:1128) ~[?:?]
	at java.util.concurrent.ThreadPoolExecutor$Worker.run(ThreadPoolExecutor.java:628) ~[?:?]
	at java.lang.Thread.run(Thread.java:829) [?:?]
[06/06/23 19:40:58:646 UTC]  INFO util.SecurityLogger: class com.dotmarketing.cms.login.factories.LoginFactory : User admin@dotcms.com has sucessfully logged in from IP: 172.19.0.1 -- ip:172.19.0.1,user:Admin User [ID: dotcms.org.1][email:admin@dotcms.com]
[06/06/23 19:40:58:685 UTC]  INFO util.SecurityLogger: class com.dotcms.rest.exception.mapper.NotFoundInDbExceptionMapper : no container found under: /application/containers/ -- ip:172.19.0.1,user:Admin User [ID: dotcms.org.1][email:admin@dotcms.com]
[06/06/23 19:41:01:743 UTC]  INFO util.SecurityLogger: class com.dotmarketing.cms.login.factories.LoginFactory : User admin@dotcms.com has sucessfully logged in from IP: 172.19.0.1 -- ip:172.19.0.1,user:Admin User [ID: dotcms.org.1][email:admin@dotcms.com]
[06/06/23 19:41:01:755 UTC]  WARN mapper.ResourceNotFoundExceptionMapper: Can't find Container:invalidContainer
org.apache.velocity.exception.ResourceNotFoundException: Can't find Container:invalidContainer
	at com.dotcms.rest.api.v1.container.ContainerResource.lambda$getContainer$1(ContainerResource.java:502) ~[dotcms_null.jar:?]
	at java.util.Optional.orElseGet(Optional.java:369) ~[?:?]
	at com.dotcms.rest.api.v1.container.ContainerResource.getContainer(ContainerResource.java:501) ~[dotcms_null.jar:?]
	at com.dotcms.rest.api.v1.container.ContainerResource.getContainer(ContainerResource.java:452) ~[dotcms_null.jar:?]
	at com.dotcms.rest.api.v1.container.ContainerResource.getContainerLive(ContainerResource.java:447) ~[dotcms_null.jar:?]
	at com.dotcms.rest.api.v1.container.ContainerResource.getLiveById(ContainerResource.java:801) ~[dotcms_null.jar:?]
	at jdk.internal.reflect.NativeMethodAccessorImpl.invoke0(Native Method) ~[?:?]
	at jdk.internal.reflect.NativeMethodAccessorImpl.invoke(NativeMethodAccessorImpl.java:62) ~[?:?]
	at jdk.internal.reflect.DelegatingMethodAccessorImpl.invoke(DelegatingMethodAccessorImpl.java:43) ~[?:?]
	at java.lang.reflect.Method.invoke(Method.java:566) ~[?:?]
	at org.glassfish.jersey.server.model.internal.ResourceMethodInvocationHandlerFactory$1.invoke(ResourceMethodInvocationHandlerFactory.java:81) ~[jersey-server-2.22.1.jar:?]
	at org.glassfish.jersey.server.model.internal.AbstractJavaResourceMethodDispatcher$1.run(AbstractJavaResourceMethodDispatcher.java:144) ~[jersey-server-2.22.1.jar:?]
	at org.glassfish.jersey.server.model.internal.AbstractJavaResourceMethodDispatcher.invoke(AbstractJavaResourceMethodDispatcher.java:161) ~[jersey-server-2.22.1.jar:?]
	at org.glassfish.jersey.server.model.internal.JavaResourceMethodDispatcherProvider$ResponseOutInvoker.doDispatch(JavaResourceMethodDispatcherProvider.java:160) ~[jersey-server-2.22.1.jar:?]
	at org.glassfish.jersey.server.model.internal.AbstractJavaResourceMethodDispatcher.dispatch(AbstractJavaResourceMethodDispatcher.java:99) ~[jersey-server-2.22.1.jar:?]
	at org.glassfish.jersey.server.model.ResourceMethodInvoker.invoke(ResourceMethodInvoker.java:389) ~[jersey-server-2.22.1.jar:?]
	at org.glassfish.jersey.server.model.ResourceMethodInvoker.apply(ResourceMethodInvoker.java:347) ~[jersey-server-2.22.1.jar:?]
	at org.glassfish.jersey.server.model.ResourceMethodInvoker.apply(ResourceMethodInvoker.java:102) ~[jersey-server-2.22.1.jar:?]
	at org.glassfish.jersey.server.ServerRuntime$2.run(ServerRuntime.java:326) ~[jersey-server-2.22.1.jar:?]
	at org.glassfish.jersey.internal.Errors$1.call(Errors.java:271) ~[jersey-common-2.22.1.jar:?]
	at org.glassfish.jersey.internal.Errors$1.call(Errors.java:267) ~[jersey-common-2.22.1.jar:?]
	at org.glassfish.jersey.internal.Errors.process(Errors.java:315) ~[jersey-common-2.22.1.jar:?]
	at org.glassfish.jersey.internal.Errors.process(Errors.java:297) ~[jersey-common-2.22.1.jar:?]
	at org.glassfish.jersey.internal.Errors.process(Errors.java:267) ~[jersey-common-2.22.1.jar:?]
	at org.glassfish.jersey.process.internal.RequestScope.runInScope(RequestScope.java:317) ~[jersey-common-2.22.1.jar:?]
	at org.glassfish.jersey.server.ServerRuntime.process(ServerRuntime.java:305) ~[jersey-server-2.22.1.jar:?]
	at org.glassfish.jersey.server.ApplicationHandler.handle(ApplicationHandler.java:1154) ~[jersey-server-2.22.1.jar:?]
	at org.glassfish.jersey.servlet.WebComponent.serviceImpl(WebComponent.java:471) ~[jersey-container-servlet-core-2.22.1.jar:?]
	at org.glassfish.jersey.servlet.WebComponent.service(WebComponent.java:425) ~[jersey-container-servlet-core-2.22.1.jar:?]
	at org.glassfish.jersey.servlet.ServletContainer.service(ServletContainer.java:383) ~[jersey-container-servlet-core-2.22.1.jar:?]
	at org.glassfish.jersey.servlet.ServletContainer.service(ServletContainer.java:336) ~[jersey-container-servlet-core-2.22.1.jar:?]
	at org.glassfish.jersey.servlet.ServletContainer.service(ServletContainer.java:223) ~[jersey-container-servlet-core-2.22.1.jar:?]
	at com.dotcms.rest.servlet.ReloadableServletContainer.service(ReloadableServletContainer.java:117) ~[dotcms_null.jar:?]
	at org.apache.catalina.core.ApplicationFilterChain.internalDoFilter(ApplicationFilterChain.java:227) ~[catalina.jar:9.0.60]
	at org.apache.catalina.core.ApplicationFilterChain.doFilter(ApplicationFilterChain.java:162) ~[catalina.jar:9.0.60]
	at org.apache.tomcat.websocket.server.WsFilter.doFilter(WsFilter.java:53) ~[tomcat-websocket.jar:9.0.60]
	at org.apache.catalina.core.ApplicationFilterChain.internalDoFilter(ApplicationFilterChain.java:189) ~[catalina.jar:9.0.60]
	at org.apache.catalina.core.ApplicationFilterChain.doFilter(ApplicationFilterChain.java:162) ~[catalina.jar:9.0.60]
	at com.dotmarketing.filters.CMSFilter.doFilterInternal(CMSFilter.java:169) ~[dotcms_null.jar:?]
	at com.dotmarketing.filters.CMSFilter.doFilter(CMSFilter.java:49) ~[dotcms_null.jar:?]
	at org.apache.catalina.core.ApplicationFilterChain.internalDoFilter(ApplicationFilterChain.java:189) ~[catalina.jar:9.0.60]
	at org.apache.catalina.core.ApplicationFilterChain.doFilter(ApplicationFilterChain.java:162) ~[catalina.jar:9.0.60]
	at com.dotcms.filters.interceptor.AbstractWebInterceptorSupportFilter.doFilter(AbstractWebInterceptorSupportFilter.java:90) ~[dotcms_null.jar:?]
	at org.apache.catalina.core.ApplicationFilterChain.internalDoFilter(ApplicationFilterChain.java:189) ~[catalina.jar:9.0.60]
	at org.apache.catalina.core.ApplicationFilterChain.doFilter(ApplicationFilterChain.java:162) ~[catalina.jar:9.0.60]
	at com.dotcms.filters.interceptor.AbstractWebInterceptorSupportFilter.doFilter(AbstractWebInterceptorSupportFilter.java:90) ~[dotcms_null.jar:?]
	at org.apache.catalina.core.ApplicationFilterChain.internalDoFilter(ApplicationFilterChain.java:189) ~[catalina.jar:9.0.60]
	at org.apache.catalina.core.ApplicationFilterChain.doFilter(ApplicationFilterChain.java:162) ~[catalina.jar:9.0.60]
	at com.dotcms.visitor.filter.servlet.VisitorFilter.doFilter(VisitorFilter.java:81) ~[dotcms_null.jar:?]
	at org.apache.catalina.core.ApplicationFilterChain.internalDoFilter(ApplicationFilterChain.java:189) ~[catalina.jar:9.0.60]
	at org.apache.catalina.core.ApplicationFilterChain.doFilter(ApplicationFilterChain.java:162) ~[catalina.jar:9.0.60]
	at com.dotcms.vanityurl.filters.VanityURLFilter.doFilter(VanityURLFilter.java:114) ~[dotcms_null.jar:?]
	at org.apache.catalina.core.ApplicationFilterChain.internalDoFilter(ApplicationFilterChain.java:189) ~[catalina.jar:9.0.60]
	at org.apache.catalina.core.ApplicationFilterChain.doFilter(ApplicationFilterChain.java:162) ~[catalina.jar:9.0.60]
	at org.tuckey.web.filters.urlrewrite.RuleChain.handleRewrite(RuleChain.java:176) ~[urlrewritefilter-4.0.4.jar:4.0.4]
	at org.tuckey.web.filters.urlrewrite.RuleChain.doRules(RuleChain.java:145) ~[urlrewritefilter-4.0.4.jar:4.0.4]
	at org.tuckey.web.filters.urlrewrite.UrlRewriter.processRequest(UrlRewriter.java:92) ~[urlrewritefilter-4.0.4.jar:4.0.4]
	at org.tuckey.web.filters.urlrewrite.UrlRewriteFilter.doFilter(UrlRewriteFilter.java:389) ~[urlrewritefilter-4.0.4.jar:4.0.4]
	at org.apache.catalina.core.ApplicationFilterChain.internalDoFilter(ApplicationFilterChain.java:189) ~[catalina.jar:9.0.60]
	at org.apache.catalina.core.ApplicationFilterChain.doFilter(ApplicationFilterChain.java:162) ~[catalina.jar:9.0.60]
	at com.dotmarketing.filters.TimeMachineFilter.doFilter(TimeMachineFilter.java:67) ~[dotcms_null.jar:?]
	at org.apache.catalina.core.ApplicationFilterChain.internalDoFilter(ApplicationFilterChain.java:189) ~[catalina.jar:9.0.60]
	at org.apache.catalina.core.ApplicationFilterChain.doFilter(ApplicationFilterChain.java:162) ~[catalina.jar:9.0.60]
	at com.dotmarketing.filters.ThreadNameFilter.doFilter(ThreadNameFilter.java:88) ~[dotcms_null.jar:?]
	at org.apache.catalina.core.ApplicationFilterChain.internalDoFilter(ApplicationFilterChain.java:189) ~[catalina.jar:9.0.60]
	at org.apache.catalina.core.ApplicationFilterChain.doFilter(ApplicationFilterChain.java:162) ~[catalina.jar:9.0.60]
	at com.dotmarketing.filters.CookiesFilter.doFilter(CookiesFilter.java:53) ~[dotcms_null.jar:?]
	at org.apache.catalina.core.ApplicationFilterChain.internalDoFilter(ApplicationFilterChain.java:189) ~[catalina.jar:9.0.60]
	at org.apache.catalina.core.ApplicationFilterChain.doFilter(ApplicationFilterChain.java:162) ~[catalina.jar:9.0.60]
	at com.dotmarketing.filters.CharsetEncodingFilter.doFilter(CharsetEncodingFilter.java:99) ~[dotcms_null.jar:?]
	at org.apache.catalina.core.ApplicationFilterChain.internalDoFilter(ApplicationFilterChain.java:189) ~[catalina.jar:9.0.60]
	at org.apache.catalina.core.ApplicationFilterChain.doFilter(ApplicationFilterChain.java:162) ~[catalina.jar:9.0.60]
	at com.dotcms.filters.interceptor.AbstractWebInterceptorSupportFilter.doFilter(AbstractWebInterceptorSupportFilter.java:90) ~[dotcms_null.jar:?]
	at org.apache.catalina.core.ApplicationFilterChain.internalDoFilter(ApplicationFilterChain.java:189) ~[catalina.jar:9.0.60]
	at org.apache.catalina.core.ApplicationFilterChain.doFilter(ApplicationFilterChain.java:162) ~[catalina.jar:9.0.60]
	at org.apache.catalina.filters.HttpHeaderSecurityFilter.doFilter(HttpHeaderSecurityFilter.java:126) ~[catalina.jar:9.0.60]
	at org.apache.catalina.core.ApplicationFilterChain.internalDoFilter(ApplicationFilterChain.java:189) ~[catalina.jar:9.0.60]
	at org.apache.catalina.core.ApplicationFilterChain.doFilter(ApplicationFilterChain.java:162) ~[catalina.jar:9.0.60]
	at com.dotcms.filters.NormalizationFilter.doFilter(NormalizationFilter.java:89) ~[dotcms_null.jar:?]
	at org.apache.catalina.core.ApplicationFilterChain.internalDoFilter(ApplicationFilterChain.java:189) ~[catalina.jar:9.0.60]
	at org.apache.catalina.core.ApplicationFilterChain.doFilter(ApplicationFilterChain.java:162) ~[catalina.jar:9.0.60]
	at org.apache.catalina.core.StandardWrapperValve.invoke(StandardWrapperValve.java:197) ~[catalina.jar:9.0.60]
	at org.apache.catalina.core.StandardContextValve.invoke(StandardContextValve.java:97) ~[catalina.jar:9.0.60]
	at org.apache.catalina.authenticator.AuthenticatorBase.invoke(AuthenticatorBase.java:541) ~[catalina.jar:9.0.60]
	at org.apache.catalina.core.StandardHostValve.invoke(StandardHostValve.java:135) ~[catalina.jar:9.0.60]
	at org.apache.catalina.valves.AbstractAccessLogValve.invoke(AbstractAccessLogValve.java:687) ~[catalina.jar:9.0.60]
	at org.apache.catalina.valves.ErrorReportValve.invoke(ErrorReportValve.java:92) ~[catalina.jar:9.0.60]
	at org.apache.catalina.valves.RemoteIpValve.invoke(RemoteIpValve.java:769) ~[catalina.jar:9.0.60]
	at org.apache.catalina.core.StandardEngineValve.invoke(StandardEngineValve.java:78) ~[catalina.jar:9.0.60]
	at org.apache.catalina.connector.CoyoteAdapter.service(CoyoteAdapter.java:360) ~[catalina.jar:9.0.60]
	at org.apache.coyote.http11.Http11Processor.service(Http11Processor.java:399) ~[tomcat-coyote.jar:9.0.60]
	at org.apache.coyote.AbstractProcessorLight.process(AbstractProcessorLight.java:65) ~[tomcat-coyote.jar:9.0.60]
	at org.apache.coyote.AbstractProtocol$ConnectionHandler.process(AbstractProtocol.java:889) ~[tomcat-coyote.jar:9.0.60]
	at org.apache.tomcat.util.net.Nio2Endpoint$SocketProcessor.doRun(Nio2Endpoint.java:1701) ~[tomcat-coyote.jar:9.0.60]
	at org.apache.tomcat.util.net.SocketProcessorBase.run(SocketProcessorBase.java:49) ~[tomcat-coyote.jar:9.0.60]
	at org.apache.tomcat.util.net.AbstractEndpoint.processSocket(AbstractEndpoint.java:1190) ~[tomcat-coyote.jar:9.0.60]
	at org.apache.tomcat.util.net.Nio2Endpoint$Nio2SocketWrapper$2.completed(Nio2Endpoint.java:633) ~[tomcat-coyote.jar:9.0.60]
	at org.apache.tomcat.util.net.Nio2Endpoint$Nio2SocketWrapper$2.completed(Nio2Endpoint.java:611) ~[tomcat-coyote.jar:9.0.60]
	at sun.nio.ch.Invoker.invokeUnchecked(Invoker.java:127) ~[?:?]
	at sun.nio.ch.UnixAsynchronousSocketChannelImpl.finishRead(UnixAsynchronousSocketChannelImpl.java:439) ~[?:?]
	at sun.nio.ch.UnixAsynchronousSocketChannelImpl.finish(UnixAsynchronousSocketChannelImpl.java:191) ~[?:?]
	at sun.nio.ch.UnixAsynchronousSocketChannelImpl.onEvent(UnixAsynchronousSocketChannelImpl.java:213) ~[?:?]
	at sun.nio.ch.EPollPort$EventHandlerTask.run(EPollPort.java:306) ~[?:?]
	at sun.nio.ch.AsynchronousChannelGroupImpl$1.run(AsynchronousChannelGroupImpl.java:112) ~[?:?]
	at java.util.concurrent.ThreadPoolExecutor.runWorker(ThreadPoolExecutor.java:1128) ~[?:?]
	at java.util.concurrent.ThreadPoolExecutor$Worker.run(ThreadPoolExecutor.java:628) ~[?:?]
	at java.lang.Thread.run(Thread.java:829) [?:?]
[06/06/23 19:41:04:828 UTC]  INFO util.SecurityLogger: class com.dotmarketing.cms.login.factories.LoginFactory : User admin@dotcms.com has sucessfully logged in from IP: 172.19.0.1 -- ip:172.19.0.1,user:Admin User [ID: dotcms.org.1][email:admin@dotcms.com]
[06/06/23 19:41:04:832 UTC] ERROR container.ContainerResource: The container id is required
[06/06/23 19:41:04:832 UTC]  INFO util.SecurityLogger: class com.dotcms.rest.exception.mapper.DotBadRequestExceptionMapper : The container id is required -- ip:172.19.0.1,user:Admin User [ID: dotcms.org.1][email:admin@dotcms.com]
[06/06/23 19:41:07:896 UTC]  INFO util.SecurityLogger: class com.dotmarketing.cms.login.factories.LoginFactory : User admin@dotcms.com has sucessfully logged in from IP: 172.19.0.1 -- ip:172.19.0.1,user:Admin User [ID: dotcms.org.1][email:admin@dotcms.com]
[06/06/23 19:41:07:903 UTC]  WARN mapper.ResourceNotFoundExceptionMapper: Can't find Container:NOTFOUNDCONTAINER
org.apache.velocity.exception.ResourceNotFoundException: Can't find Container:NOTFOUNDCONTAINER
	at com.dotcms.rest.api.v1.container.ContainerResource.lambda$getContainer$1(ContainerResource.java:502) ~[dotcms_null.jar:?]
	at java.util.Optional.orElseGet(Optional.java:369) ~[?:?]
	at com.dotcms.rest.api.v1.container.ContainerResource.getContainer(ContainerResource.java:501) ~[dotcms_null.jar:?]
	at com.dotcms.rest.api.v1.container.ContainerResource.getContainer(ContainerResource.java:452) ~[dotcms_null.jar:?]
	at com.dotcms.rest.api.v1.container.ContainerResource.getContainerWorking(ContainerResource.java:435) ~[dotcms_null.jar:?]
	at com.dotcms.rest.api.v1.container.ContainerResource.publish(ContainerResource.java:897) ~[dotcms_null.jar:?]
	at jdk.internal.reflect.NativeMethodAccessorImpl.invoke0(Native Method) ~[?:?]
	at jdk.internal.reflect.NativeMethodAccessorImpl.invoke(NativeMethodAccessorImpl.java:62) ~[?:?]
	at jdk.internal.reflect.DelegatingMethodAccessorImpl.invoke(DelegatingMethodAccessorImpl.java:43) ~[?:?]
	at java.lang.reflect.Method.invoke(Method.java:566) ~[?:?]
	at org.glassfish.jersey.server.model.internal.ResourceMethodInvocationHandlerFactory$1.invoke(ResourceMethodInvocationHandlerFactory.java:81) ~[jersey-server-2.22.1.jar:?]
	at org.glassfish.jersey.server.model.internal.AbstractJavaResourceMethodDispatcher$1.run(AbstractJavaResourceMethodDispatcher.java:144) ~[jersey-server-2.22.1.jar:?]
	at org.glassfish.jersey.server.model.internal.AbstractJavaResourceMethodDispatcher.invoke(AbstractJavaResourceMethodDispatcher.java:161) ~[jersey-server-2.22.1.jar:?]
	at org.glassfish.jersey.server.model.internal.JavaResourceMethodDispatcherProvider$ResponseOutInvoker.doDispatch(JavaResourceMethodDispatcherProvider.java:160) ~[jersey-server-2.22.1.jar:?]
	at org.glassfish.jersey.server.model.internal.AbstractJavaResourceMethodDispatcher.dispatch(AbstractJavaResourceMethodDispatcher.java:99) ~[jersey-server-2.22.1.jar:?]
	at org.glassfish.jersey.server.model.ResourceMethodInvoker.invoke(ResourceMethodInvoker.java:389) ~[jersey-server-2.22.1.jar:?]
	at org.glassfish.jersey.server.model.ResourceMethodInvoker.apply(ResourceMethodInvoker.java:347) ~[jersey-server-2.22.1.jar:?]
	at org.glassfish.jersey.server.model.ResourceMethodInvoker.apply(ResourceMethodInvoker.java:102) ~[jersey-server-2.22.1.jar:?]
	at org.glassfish.jersey.server.ServerRuntime$2.run(ServerRuntime.java:326) ~[jersey-server-2.22.1.jar:?]
	at org.glassfish.jersey.internal.Errors$1.call(Errors.java:271) ~[jersey-common-2.22.1.jar:?]
	at org.glassfish.jersey.internal.Errors$1.call(Errors.java:267) ~[jersey-common-2.22.1.jar:?]
	at org.glassfish.jersey.internal.Errors.process(Errors.java:315) ~[jersey-common-2.22.1.jar:?]
	at org.glassfish.jersey.internal.Errors.process(Errors.java:297) ~[jersey-common-2.22.1.jar:?]
	at org.glassfish.jersey.internal.Errors.process(Errors.java:267) ~[jersey-common-2.22.1.jar:?]
	at org.glassfish.jersey.process.internal.RequestScope.runInScope(RequestScope.java:317) ~[jersey-common-2.22.1.jar:?]
	at org.glassfish.jersey.server.ServerRuntime.process(ServerRuntime.java:305) ~[jersey-server-2.22.1.jar:?]
	at org.glassfish.jersey.server.ApplicationHandler.handle(ApplicationHandler.java:1154) ~[jersey-server-2.22.1.jar:?]
	at org.glassfish.jersey.servlet.WebComponent.serviceImpl(WebComponent.java:471) ~[jersey-container-servlet-core-2.22.1.jar:?]
	at org.glassfish.jersey.servlet.WebComponent.service(WebComponent.java:425) ~[jersey-container-servlet-core-2.22.1.jar:?]
	at org.glassfish.jersey.servlet.ServletContainer.service(ServletContainer.java:383) ~[jersey-container-servlet-core-2.22.1.jar:?]
	at org.glassfish.jersey.servlet.ServletContainer.service(ServletContainer.java:336) ~[jersey-container-servlet-core-2.22.1.jar:?]
	at org.glassfish.jersey.servlet.ServletContainer.service(ServletContainer.java:223) ~[jersey-container-servlet-core-2.22.1.jar:?]
	at com.dotcms.rest.servlet.ReloadableServletContainer.service(ReloadableServletContainer.java:117) ~[dotcms_null.jar:?]
	at org.apache.catalina.core.ApplicationFilterChain.internalDoFilter(ApplicationFilterChain.java:227) ~[catalina.jar:9.0.60]
	at org.apache.catalina.core.ApplicationFilterChain.doFilter(ApplicationFilterChain.java:162) ~[catalina.jar:9.0.60]
	at org.apache.tomcat.websocket.server.WsFilter.doFilter(WsFilter.java:53) ~[tomcat-websocket.jar:9.0.60]
	at org.apache.catalina.core.ApplicationFilterChain.internalDoFilter(ApplicationFilterChain.java:189) ~[catalina.jar:9.0.60]
	at org.apache.catalina.core.ApplicationFilterChain.doFilter(ApplicationFilterChain.java:162) ~[catalina.jar:9.0.60]
	at com.dotmarketing.filters.CMSFilter.doFilterInternal(CMSFilter.java:169) ~[dotcms_null.jar:?]
	at com.dotmarketing.filters.CMSFilter.doFilter(CMSFilter.java:49) ~[dotcms_null.jar:?]
	at org.apache.catalina.core.ApplicationFilterChain.internalDoFilter(ApplicationFilterChain.java:189) ~[catalina.jar:9.0.60]
	at org.apache.catalina.core.ApplicationFilterChain.doFilter(ApplicationFilterChain.java:162) ~[catalina.jar:9.0.60]
	at com.dotcms.filters.interceptor.AbstractWebInterceptorSupportFilter.doFilter(AbstractWebInterceptorSupportFilter.java:90) ~[dotcms_null.jar:?]
	at org.apache.catalina.core.ApplicationFilterChain.internalDoFilter(ApplicationFilterChain.java:189) ~[catalina.jar:9.0.60]
	at org.apache.catalina.core.ApplicationFilterChain.doFilter(ApplicationFilterChain.java:162) ~[catalina.jar:9.0.60]
	at com.dotcms.filters.interceptor.AbstractWebInterceptorSupportFilter.doFilter(AbstractWebInterceptorSupportFilter.java:90) ~[dotcms_null.jar:?]
	at org.apache.catalina.core.ApplicationFilterChain.internalDoFilter(ApplicationFilterChain.java:189) ~[catalina.jar:9.0.60]
	at org.apache.catalina.core.ApplicationFilterChain.doFilter(ApplicationFilterChain.java:162) ~[catalina.jar:9.0.60]
	at com.dotcms.visitor.filter.servlet.VisitorFilter.doFilter(VisitorFilter.java:81) ~[dotcms_null.jar:?]
	at org.apache.catalina.core.ApplicationFilterChain.internalDoFilter(ApplicationFilterChain.java:189) ~[catalina.jar:9.0.60]
	at org.apache.catalina.core.ApplicationFilterChain.doFilter(ApplicationFilterChain.java:162) ~[catalina.jar:9.0.60]
	at com.dotcms.vanityurl.filters.VanityURLFilter.doFilter(VanityURLFilter.java:114) ~[dotcms_null.jar:?]
	at org.apache.catalina.core.ApplicationFilterChain.internalDoFilter(ApplicationFilterChain.java:189) ~[catalina.jar:9.0.60]
	at org.apache.catalina.core.ApplicationFilterChain.doFilter(ApplicationFilterChain.java:162) ~[catalina.jar:9.0.60]
	at org.tuckey.web.filters.urlrewrite.RuleChain.handleRewrite(RuleChain.java:176) ~[urlrewritefilter-4.0.4.jar:4.0.4]
	at org.tuckey.web.filters.urlrewrite.RuleChain.doRules(RuleChain.java:145) ~[urlrewritefilter-4.0.4.jar:4.0.4]
	at org.tuckey.web.filters.urlrewrite.UrlRewriter.processRequest(UrlRewriter.java:92) ~[urlrewritefilter-4.0.4.jar:4.0.4]
	at org.tuckey.web.filters.urlrewrite.UrlRewriteFilter.doFilter(UrlRewriteFilter.java:389) ~[urlrewritefilter-4.0.4.jar:4.0.4]
	at org.apache.catalina.core.ApplicationFilterChain.internalDoFilter(ApplicationFilterChain.java:189) ~[catalina.jar:9.0.60]
	at org.apache.catalina.core.ApplicationFilterChain.doFilter(ApplicationFilterChain.java:162) ~[catalina.jar:9.0.60]
	at com.dotmarketing.filters.TimeMachineFilter.doFilter(TimeMachineFilter.java:67) ~[dotcms_null.jar:?]
	at org.apache.catalina.core.ApplicationFilterChain.internalDoFilter(ApplicationFilterChain.java:189) ~[catalina.jar:9.0.60]
	at org.apache.catalina.core.ApplicationFilterChain.doFilter(ApplicationFilterChain.java:162) ~[catalina.jar:9.0.60]
	at com.dotmarketing.filters.ThreadNameFilter.doFilter(ThreadNameFilter.java:88) ~[dotcms_null.jar:?]
	at org.apache.catalina.core.ApplicationFilterChain.internalDoFilter(ApplicationFilterChain.java:189) ~[catalina.jar:9.0.60]
	at org.apache.catalina.core.ApplicationFilterChain.doFilter(ApplicationFilterChain.java:162) ~[catalina.jar:9.0.60]
	at com.dotmarketing.filters.CookiesFilter.doFilter(CookiesFilter.java:53) ~[dotcms_null.jar:?]
	at org.apache.catalina.core.ApplicationFilterChain.internalDoFilter(ApplicationFilterChain.java:189) ~[catalina.jar:9.0.60]
	at org.apache.catalina.core.ApplicationFilterChain.doFilter(ApplicationFilterChain.java:162) ~[catalina.jar:9.0.60]
	at com.dotmarketing.filters.CharsetEncodingFilter.doFilter(CharsetEncodingFilter.java:99) ~[dotcms_null.jar:?]
	at org.apache.catalina.core.ApplicationFilterChain.internalDoFilter(ApplicationFilterChain.java:189) ~[catalina.jar:9.0.60]
	at org.apache.catalina.core.ApplicationFilterChain.doFilter(ApplicationFilterChain.java:162) ~[catalina.jar:9.0.60]
	at com.dotcms.filters.interceptor.AbstractWebInterceptorSupportFilter.doFilter(AbstractWebInterceptorSupportFilter.java:90) ~[dotcms_null.jar:?]
	at org.apache.catalina.core.ApplicationFilterChain.internalDoFilter(ApplicationFilterChain.java:189) ~[catalina.jar:9.0.60]
	at org.apache.catalina.core.ApplicationFilterChain.doFilter(ApplicationFilterChain.java:162) ~[catalina.jar:9.0.60]
	at org.apache.catalina.filters.HttpHeaderSecurityFilter.doFilter(HttpHeaderSecurityFilter.java:126) ~[catalina.jar:9.0.60]
	at org.apache.catalina.core.ApplicationFilterChain.internalDoFilter(ApplicationFilterChain.java:189) ~[catalina.jar:9.0.60]
	at org.apache.catalina.core.ApplicationFilterChain.doFilter(ApplicationFilterChain.java:162) ~[catalina.jar:9.0.60]
	at com.dotcms.filters.NormalizationFilter.doFilter(NormalizationFilter.java:89) ~[dotcms_null.jar:?]
	at org.apache.catalina.core.ApplicationFilterChain.internalDoFilter(ApplicationFilterChain.java:189) ~[catalina.jar:9.0.60]
	at org.apache.catalina.core.ApplicationFilterChain.doFilter(ApplicationFilterChain.java:162) ~[catalina.jar:9.0.60]
	at org.apache.catalina.core.StandardWrapperValve.invoke(StandardWrapperValve.java:197) ~[catalina.jar:9.0.60]
	at org.apache.catalina.core.StandardContextValve.invoke(StandardContextValve.java:97) ~[catalina.jar:9.0.60]
	at org.apache.catalina.authenticator.AuthenticatorBase.invoke(AuthenticatorBase.java:541) ~[catalina.jar:9.0.60]
	at org.apache.catalina.core.StandardHostValve.invoke(StandardHostValve.java:135) ~[catalina.jar:9.0.60]
	at org.apache.catalina.valves.AbstractAccessLogValve.invoke(AbstractAccessLogValve.java:687) ~[catalina.jar:9.0.60]
	at org.apache.catalina.valves.ErrorReportValve.invoke(ErrorReportValve.java:92) ~[catalina.jar:9.0.60]
	at org.apache.catalina.valves.RemoteIpValve.invoke(RemoteIpValve.java:769) ~[catalina.jar:9.0.60]
	at org.apache.catalina.core.StandardEngineValve.invoke(StandardEngineValve.java:78) ~[catalina.jar:9.0.60]
	at org.apache.catalina.connector.CoyoteAdapter.service(CoyoteAdapter.java:360) ~[catalina.jar:9.0.60]
	at org.apache.coyote.http11.Http11Processor.service(Http11Processor.java:399) ~[tomcat-coyote.jar:9.0.60]
	at org.apache.coyote.AbstractProcessorLight.process(AbstractProcessorLight.java:65) ~[tomcat-coyote.jar:9.0.60]
	at org.apache.coyote.AbstractProtocol$ConnectionHandler.process(AbstractProtocol.java:889) ~[tomcat-coyote.jar:9.0.60]
	at org.apache.tomcat.util.net.Nio2Endpoint$SocketProcessor.doRun(Nio2Endpoint.java:1701) ~[tomcat-coyote.jar:9.0.60]
	at org.apache.tomcat.util.net.SocketProcessorBase.run(SocketProcessorBase.java:49) ~[tomcat-coyote.jar:9.0.60]
	at org.apache.tomcat.util.net.AbstractEndpoint.processSocket(AbstractEndpoint.java:1190) ~[tomcat-coyote.jar:9.0.60]
	at org.apache.tomcat.util.net.Nio2Endpoint.setSocketOptions(Nio2Endpoint.java:337) ~[tomcat-coyote.jar:9.0.60]
	at org.apache.tomcat.util.net.Nio2Endpoint$Nio2Acceptor.completed(Nio2Endpoint.java:471) ~[tomcat-coyote.jar:9.0.60]
	at org.apache.tomcat.util.net.Nio2Endpoint$Nio2Acceptor.completed(Nio2Endpoint.java:407) ~[tomcat-coyote.jar:9.0.60]
	at sun.nio.ch.Invoker.invokeUnchecked(Invoker.java:127) ~[?:?]
	at sun.nio.ch.Invoker$2.run(Invoker.java:219) ~[?:?]
	at sun.nio.ch.AsynchronousChannelGroupImpl$1.run(AsynchronousChannelGroupImpl.java:112) ~[?:?]
	at java.util.concurrent.ThreadPoolExecutor.runWorker(ThreadPoolExecutor.java:1128) ~[?:?]
	at java.util.concurrent.ThreadPoolExecutor$Worker.run(ThreadPoolExecutor.java:628) ~[?:?]
	at java.lang.Thread.run(Thread.java:829) [?:?]
[06/06/23 19:41:10:971 UTC]  INFO util.SecurityLogger: class com.dotmarketing.cms.login.factories.LoginFactory : User admin@dotcms.com has sucessfully logged in from IP: 172.19.0.1 -- ip:172.19.0.1,user:Admin User [ID: dotcms.org.1][email:admin@dotcms.com]
[06/06/23 19:41:10:975 UTC] ERROR container.ContainerResource: The container id is required
[06/06/23 19:41:10:975 UTC]  INFO util.SecurityLogger: class com.dotcms.rest.exception.mapper.DotBadRequestExceptionMapper : The container id is required -- ip:172.19.0.1,user:Admin User [ID: dotcms.org.1][email:admin@dotcms.com]
[06/06/23 19:41:14:032 UTC]  INFO util.SecurityLogger: class com.dotmarketing.cms.login.factories.LoginFactory : User admin@dotcms.com has sucessfully logged in from IP: 172.19.0.1 -- ip:172.19.0.1,user:Admin User [ID: dotcms.org.1][email:admin@dotcms.com]
[06/06/23 19:41:14:035 UTC]  WARN mapper.ResourceNotFoundExceptionMapper: Can't find Container:NOTFOUNDCONTAINER
org.apache.velocity.exception.ResourceNotFoundException: Can't find Container:NOTFOUNDCONTAINER
	at com.dotcms.rest.api.v1.container.ContainerResource.lambda$getContainer$1(ContainerResource.java:502) ~[dotcms_null.jar:?]
	at java.util.Optional.orElseGet(Optional.java:369) ~[?:?]
	at com.dotcms.rest.api.v1.container.ContainerResource.getContainer(ContainerResource.java:501) ~[dotcms_null.jar:?]
	at com.dotcms.rest.api.v1.container.ContainerResource.getContainer(ContainerResource.java:452) ~[dotcms_null.jar:?]
	at com.dotcms.rest.api.v1.container.ContainerResource.getContainerWorking(ContainerResource.java:435) ~[dotcms_null.jar:?]
	at com.dotcms.rest.api.v1.container.ContainerResource.unpublish(ContainerResource.java:952) ~[dotcms_null.jar:?]
	at jdk.internal.reflect.NativeMethodAccessorImpl.invoke0(Native Method) ~[?:?]
	at jdk.internal.reflect.NativeMethodAccessorImpl.invoke(NativeMethodAccessorImpl.java:62) ~[?:?]
	at jdk.internal.reflect.DelegatingMethodAccessorImpl.invoke(DelegatingMethodAccessorImpl.java:43) ~[?:?]
	at java.lang.reflect.Method.invoke(Method.java:566) ~[?:?]
	at org.glassfish.jersey.server.model.internal.ResourceMethodInvocationHandlerFactory$1.invoke(ResourceMethodInvocationHandlerFactory.java:81) ~[jersey-server-2.22.1.jar:?]
	at org.glassfish.jersey.server.model.internal.AbstractJavaResourceMethodDispatcher$1.run(AbstractJavaResourceMethodDispatcher.java:144) ~[jersey-server-2.22.1.jar:?]
	at org.glassfish.jersey.server.model.internal.AbstractJavaResourceMethodDispatcher.invoke(AbstractJavaResourceMethodDispatcher.java:161) ~[jersey-server-2.22.1.jar:?]
	at org.glassfish.jersey.server.model.internal.JavaResourceMethodDispatcherProvider$ResponseOutInvoker.doDispatch(JavaResourceMethodDispatcherProvider.java:160) ~[jersey-server-2.22.1.jar:?]
	at org.glassfish.jersey.server.model.internal.AbstractJavaResourceMethodDispatcher.dispatch(AbstractJavaResourceMethodDispatcher.java:99) ~[jersey-server-2.22.1.jar:?]
	at org.glassfish.jersey.server.model.ResourceMethodInvoker.invoke(ResourceMethodInvoker.java:389) ~[jersey-server-2.22.1.jar:?]
	at org.glassfish.jersey.server.model.ResourceMethodInvoker.apply(ResourceMethodInvoker.java:347) ~[jersey-server-2.22.1.jar:?]
	at org.glassfish.jersey.server.model.ResourceMethodInvoker.apply(ResourceMethodInvoker.java:102) ~[jersey-server-2.22.1.jar:?]
	at org.glassfish.jersey.server.ServerRuntime$2.run(ServerRuntime.java:326) ~[jersey-server-2.22.1.jar:?]
	at org.glassfish.jersey.internal.Errors$1.call(Errors.java:271) ~[jersey-common-2.22.1.jar:?]
	at org.glassfish.jersey.internal.Errors$1.call(Errors.java:267) ~[jersey-common-2.22.1.jar:?]
	at org.glassfish.jersey.internal.Errors.process(Errors.java:315) ~[jersey-common-2.22.1.jar:?]
	at org.glassfish.jersey.internal.Errors.process(Errors.java:297) ~[jersey-common-2.22.1.jar:?]
	at org.glassfish.jersey.internal.Errors.process(Errors.java:267) ~[jersey-common-2.22.1.jar:?]
	at org.glassfish.jersey.process.internal.RequestScope.runInScope(RequestScope.java:317) ~[jersey-common-2.22.1.jar:?]
	at org.glassfish.jersey.server.ServerRuntime.process(ServerRuntime.java:305) ~[jersey-server-2.22.1.jar:?]
	at org.glassfish.jersey.server.ApplicationHandler.handle(ApplicationHandler.java:1154) ~[jersey-server-2.22.1.jar:?]
	at org.glassfish.jersey.servlet.WebComponent.serviceImpl(WebComponent.java:471) ~[jersey-container-servlet-core-2.22.1.jar:?]
	at org.glassfish.jersey.servlet.WebComponent.service(WebComponent.java:425) ~[jersey-container-servlet-core-2.22.1.jar:?]
	at org.glassfish.jersey.servlet.ServletContainer.service(ServletContainer.java:383) ~[jersey-container-servlet-core-2.22.1.jar:?]
	at org.glassfish.jersey.servlet.ServletContainer.service(ServletContainer.java:336) ~[jersey-container-servlet-core-2.22.1.jar:?]
	at org.glassfish.jersey.servlet.ServletContainer.service(ServletContainer.java:223) ~[jersey-container-servlet-core-2.22.1.jar:?]
	at com.dotcms.rest.servlet.ReloadableServletContainer.service(ReloadableServletContainer.java:117) ~[dotcms_null.jar:?]
	at org.apache.catalina.core.ApplicationFilterChain.internalDoFilter(ApplicationFilterChain.java:227) ~[catalina.jar:9.0.60]
	at org.apache.catalina.core.ApplicationFilterChain.doFilter(ApplicationFilterChain.java:162) ~[catalina.jar:9.0.60]
	at org.apache.tomcat.websocket.server.WsFilter.doFilter(WsFilter.java:53) ~[tomcat-websocket.jar:9.0.60]
	at org.apache.catalina.core.ApplicationFilterChain.internalDoFilter(ApplicationFilterChain.java:189) ~[catalina.jar:9.0.60]
	at org.apache.catalina.core.ApplicationFilterChain.doFilter(ApplicationFilterChain.java:162) ~[catalina.jar:9.0.60]
	at com.dotmarketing.filters.CMSFilter.doFilterInternal(CMSFilter.java:169) ~[dotcms_null.jar:?]
	at com.dotmarketing.filters.CMSFilter.doFilter(CMSFilter.java:49) ~[dotcms_null.jar:?]
	at org.apache.catalina.core.ApplicationFilterChain.internalDoFilter(ApplicationFilterChain.java:189) ~[catalina.jar:9.0.60]
	at org.apache.catalina.core.ApplicationFilterChain.doFilter(ApplicationFilterChain.java:162) ~[catalina.jar:9.0.60]
	at com.dotcms.filters.interceptor.AbstractWebInterceptorSupportFilter.doFilter(AbstractWebInterceptorSupportFilter.java:90) ~[dotcms_null.jar:?]
	at org.apache.catalina.core.ApplicationFilterChain.internalDoFilter(ApplicationFilterChain.java:189) ~[catalina.jar:9.0.60]
	at org.apache.catalina.core.ApplicationFilterChain.doFilter(ApplicationFilterChain.java:162) ~[catalina.jar:9.0.60]
	at com.dotcms.filters.interceptor.AbstractWebInterceptorSupportFilter.doFilter(AbstractWebInterceptorSupportFilter.java:90) ~[dotcms_null.jar:?]
	at org.apache.catalina.core.ApplicationFilterChain.internalDoFilter(ApplicationFilterChain.java:189) ~[catalina.jar:9.0.60]
	at org.apache.catalina.core.ApplicationFilterChain.doFilter(ApplicationFilterChain.java:162) ~[catalina.jar:9.0.60]
	at com.dotcms.visitor.filter.servlet.VisitorFilter.doFilter(VisitorFilter.java:81) ~[dotcms_null.jar:?]
	at org.apache.catalina.core.ApplicationFilterChain.internalDoFilter(ApplicationFilterChain.java:189) ~[catalina.jar:9.0.60]
	at org.apache.catalina.core.ApplicationFilterChain.doFilter(ApplicationFilterChain.java:162) ~[catalina.jar:9.0.60]
	at com.dotcms.vanityurl.filters.VanityURLFilter.doFilter(VanityURLFilter.java:114) ~[dotcms_null.jar:?]
	at org.apache.catalina.core.ApplicationFilterChain.internalDoFilter(ApplicationFilterChain.java:189) ~[catalina.jar:9.0.60]
	at org.apache.catalina.core.ApplicationFilterChain.doFilter(ApplicationFilterChain.java:162) ~[catalina.jar:9.0.60]
	at org.tuckey.web.filters.urlrewrite.RuleChain.handleRewrite(RuleChain.java:176) ~[urlrewritefilter-4.0.4.jar:4.0.4]
	at org.tuckey.web.filters.urlrewrite.RuleChain.doRules(RuleChain.java:145) ~[urlrewritefilter-4.0.4.jar:4.0.4]
	at org.tuckey.web.filters.urlrewrite.UrlRewriter.processRequest(UrlRewriter.java:92) ~[urlrewritefilter-4.0.4.jar:4.0.4]
	at org.tuckey.web.filters.urlrewrite.UrlRewriteFilter.doFilter(UrlRewriteFilter.java:389) ~[urlrewritefilter-4.0.4.jar:4.0.4]
	at org.apache.catalina.core.ApplicationFilterChain.internalDoFilter(ApplicationFilterChain.java:189) ~[catalina.jar:9.0.60]
	at org.apache.catalina.core.ApplicationFilterChain.doFilter(ApplicationFilterChain.java:162) ~[catalina.jar:9.0.60]
	at com.dotmarketing.filters.TimeMachineFilter.doFilter(TimeMachineFilter.java:67) ~[dotcms_null.jar:?]
	at org.apache.catalina.core.ApplicationFilterChain.internalDoFilter(ApplicationFilterChain.java:189) ~[catalina.jar:9.0.60]
	at org.apache.catalina.core.ApplicationFilterChain.doFilter(ApplicationFilterChain.java:162) ~[catalina.jar:9.0.60]
	at com.dotmarketing.filters.ThreadNameFilter.doFilter(ThreadNameFilter.java:88) ~[dotcms_null.jar:?]
	at org.apache.catalina.core.ApplicationFilterChain.internalDoFilter(ApplicationFilterChain.java:189) ~[catalina.jar:9.0.60]
	at org.apache.catalina.core.ApplicationFilterChain.doFilter(ApplicationFilterChain.java:162) ~[catalina.jar:9.0.60]
	at com.dotmarketing.filters.CookiesFilter.doFilter(CookiesFilter.java:53) ~[dotcms_null.jar:?]
	at org.apache.catalina.core.ApplicationFilterChain.internalDoFilter(ApplicationFilterChain.java:189) ~[catalina.jar:9.0.60]
	at org.apache.catalina.core.ApplicationFilterChain.doFilter(ApplicationFilterChain.java:162) ~[catalina.jar:9.0.60]
	at com.dotmarketing.filters.CharsetEncodingFilter.doFilter(CharsetEncodingFilter.java:99) ~[dotcms_null.jar:?]
	at org.apache.catalina.core.ApplicationFilterChain.internalDoFilter(ApplicationFilterChain.java:189) ~[catalina.jar:9.0.60]
	at org.apache.catalina.core.ApplicationFilterChain.doFilter(ApplicationFilterChain.java:162) ~[catalina.jar:9.0.60]
	at com.dotcms.filters.interceptor.AbstractWebInterceptorSupportFilter.doFilter(AbstractWebInterceptorSupportFilter.java:90) ~[dotcms_null.jar:?]
	at org.apache.catalina.core.ApplicationFilterChain.internalDoFilter(ApplicationFilterChain.java:189) ~[catalina.jar:9.0.60]
	at org.apache.catalina.core.ApplicationFilterChain.doFilter(ApplicationFilterChain.java:162) ~[catalina.jar:9.0.60]
	at org.apache.catalina.filters.HttpHeaderSecurityFilter.doFilter(HttpHeaderSecurityFilter.java:126) ~[catalina.jar:9.0.60]
	at org.apache.catalina.core.ApplicationFilterChain.internalDoFilter(ApplicationFilterChain.java:189) ~[catalina.jar:9.0.60]
	at org.apache.catalina.core.ApplicationFilterChain.doFilter(ApplicationFilterChain.java:162) ~[catalina.jar:9.0.60]
	at com.dotcms.filters.NormalizationFilter.doFilter(NormalizationFilter.java:89) ~[dotcms_null.jar:?]
	at org.apache.catalina.core.ApplicationFilterChain.internalDoFilter(ApplicationFilterChain.java:189) ~[catalina.jar:9.0.60]
	at org.apache.catalina.core.ApplicationFilterChain.doFilter(ApplicationFilterChain.java:162) ~[catalina.jar:9.0.60]
	at org.apache.catalina.core.StandardWrapperValve.invoke(StandardWrapperValve.java:197) ~[catalina.jar:9.0.60]
	at org.apache.catalina.core.StandardContextValve.invoke(StandardContextValve.java:97) ~[catalina.jar:9.0.60]
	at org.apache.catalina.authenticator.AuthenticatorBase.invoke(AuthenticatorBase.java:541) ~[catalina.jar:9.0.60]
	at org.apache.catalina.core.StandardHostValve.invoke(StandardHostValve.java:135) ~[catalina.jar:9.0.60]
	at org.apache.catalina.valves.AbstractAccessLogValve.invoke(AbstractAccessLogValve.java:687) ~[catalina.jar:9.0.60]
	at org.apache.catalina.valves.ErrorReportValve.invoke(ErrorReportValve.java:92) ~[catalina.jar:9.0.60]
	at org.apache.catalina.valves.RemoteIpValve.invoke(RemoteIpValve.java:769) ~[catalina.jar:9.0.60]
	at org.apache.catalina.core.StandardEngineValve.invoke(StandardEngineValve.java:78) ~[catalina.jar:9.0.60]
	at org.apache.catalina.connector.CoyoteAdapter.service(CoyoteAdapter.java:360) ~[catalina.jar:9.0.60]
	at org.apache.coyote.http11.Http11Processor.service(Http11Processor.java:399) ~[tomcat-coyote.jar:9.0.60]
	at org.apache.coyote.AbstractProcessorLight.process(AbstractProcessorLight.java:65) ~[tomcat-coyote.jar:9.0.60]
	at org.apache.coyote.AbstractProtocol$ConnectionHandler.process(AbstractProtocol.java:889) ~[tomcat-coyote.jar:9.0.60]
	at org.apache.tomcat.util.net.Nio2Endpoint$SocketProcessor.doRun(Nio2Endpoint.java:1701) ~[tomcat-coyote.jar:9.0.60]
	at org.apache.tomcat.util.net.SocketProcessorBase.run(SocketProcessorBase.java:49) ~[tomcat-coyote.jar:9.0.60]
	at org.apache.tomcat.util.net.AbstractEndpoint.processSocket(AbstractEndpoint.java:1190) ~[tomcat-coyote.jar:9.0.60]
	at org.apache.tomcat.util.net.Nio2Endpoint$Nio2SocketWrapper$2.completed(Nio2Endpoint.java:633) ~[tomcat-coyote.jar:9.0.60]
	at org.apache.tomcat.util.net.Nio2Endpoint$Nio2SocketWrapper$2.completed(Nio2Endpoint.java:611) ~[tomcat-coyote.jar:9.0.60]
	at sun.nio.ch.Invoker.invokeUnchecked(Invoker.java:127) ~[?:?]
	at sun.nio.ch.UnixAsynchronousSocketChannelImpl.finishRead(UnixAsynchronousSocketChannelImpl.java:439) ~[?:?]
	at sun.nio.ch.UnixAsynchronousSocketChannelImpl.finish(UnixAsynchronousSocketChannelImpl.java:191) ~[?:?]
	at sun.nio.ch.UnixAsynchronousSocketChannelImpl.onEvent(UnixAsynchronousSocketChannelImpl.java:213) ~[?:?]
	at sun.nio.ch.EPollPort$EventHandlerTask.run(EPollPort.java:306) ~[?:?]
	at sun.nio.ch.AsynchronousChannelGroupImpl$1.run(AsynchronousChannelGroupImpl.java:112) ~[?:?]
	at java.util.concurrent.ThreadPoolExecutor.runWorker(ThreadPoolExecutor.java:1128) ~[?:?]
	at java.util.concurrent.ThreadPoolExecutor$Worker.run(ThreadPoolExecutor.java:628) ~[?:?]
	at java.lang.Thread.run(Thread.java:829) [?:?]
[06/06/23 19:41:17:101 UTC]  INFO util.SecurityLogger: class com.dotmarketing.cms.login.factories.LoginFactory : User admin@dotcms.com has sucessfully logged in from IP: 172.19.0.1 -- ip:172.19.0.1,user:Admin User [ID: dotcms.org.1][email:admin@dotcms.com]
[06/06/23 19:41:17:105 UTC] ERROR container.ContainerResource: The container id is required
[06/06/23 19:41:17:105 UTC]  INFO util.SecurityLogger: class com.dotcms.rest.exception.mapper.DotBadRequestExceptionMapper : The container id is required -- ip:172.19.0.1,user:Admin User [ID: dotcms.org.1][email:admin@dotcms.com]
[06/06/23 19:41:20:159 UTC]  INFO util.SecurityLogger: class com.dotmarketing.cms.login.factories.LoginFactory : User admin@dotcms.com has sucessfully logged in from IP: 172.19.0.1 -- ip:172.19.0.1,user:Admin User [ID: dotcms.org.1][email:admin@dotcms.com]
[06/06/23 19:41:20:165 UTC]  WARN shorty.ShortyIdAPIImpl: An error occurred when getting shorty value for 'NOTFOUND' of type 'CONTENT': shorty NOTFOUND is not a short id.  Short Ids should be 10 chars in length
[06/06/23 19:41:20:166 UTC]  WARN mapper.ResourceNotFoundExceptionMapper: Can't find Container:NOTFOUND
org.apache.velocity.exception.ResourceNotFoundException: Can't find Container:NOTFOUND
	at com.dotcms.rest.api.v1.container.ContainerResource.lambda$getContainer$1(ContainerResource.java:502) ~[dotcms_null.jar:?]
	at java.util.Optional.orElseGet(Optional.java:369) ~[?:?]
	at com.dotcms.rest.api.v1.container.ContainerResource.getContainer(ContainerResource.java:501) ~[dotcms_null.jar:?]
	at com.dotcms.rest.api.v1.container.ContainerResource.getContainer(ContainerResource.java:452) ~[dotcms_null.jar:?]
	at com.dotcms.rest.api.v1.container.ContainerResource.getContainerWorking(ContainerResource.java:435) ~[dotcms_null.jar:?]
	at com.dotcms.rest.api.v1.container.ContainerResource.archive(ContainerResource.java:1005) ~[dotcms_null.jar:?]
	at jdk.internal.reflect.NativeMethodAccessorImpl.invoke0(Native Method) ~[?:?]
	at jdk.internal.reflect.NativeMethodAccessorImpl.invoke(NativeMethodAccessorImpl.java:62) ~[?:?]
	at jdk.internal.reflect.DelegatingMethodAccessorImpl.invoke(DelegatingMethodAccessorImpl.java:43) ~[?:?]
	at java.lang.reflect.Method.invoke(Method.java:566) ~[?:?]
	at org.glassfish.jersey.server.model.internal.ResourceMethodInvocationHandlerFactory$1.invoke(ResourceMethodInvocationHandlerFactory.java:81) ~[jersey-server-2.22.1.jar:?]
	at org.glassfish.jersey.server.model.internal.AbstractJavaResourceMethodDispatcher$1.run(AbstractJavaResourceMethodDispatcher.java:144) ~[jersey-server-2.22.1.jar:?]
	at org.glassfish.jersey.server.model.internal.AbstractJavaResourceMethodDispatcher.invoke(AbstractJavaResourceMethodDispatcher.java:161) ~[jersey-server-2.22.1.jar:?]
	at org.glassfish.jersey.server.model.internal.JavaResourceMethodDispatcherProvider$ResponseOutInvoker.doDispatch(JavaResourceMethodDispatcherProvider.java:160) ~[jersey-server-2.22.1.jar:?]
	at org.glassfish.jersey.server.model.internal.AbstractJavaResourceMethodDispatcher.dispatch(AbstractJavaResourceMethodDispatcher.java:99) ~[jersey-server-2.22.1.jar:?]
	at org.glassfish.jersey.server.model.ResourceMethodInvoker.invoke(ResourceMethodInvoker.java:389) ~[jersey-server-2.22.1.jar:?]
	at org.glassfish.jersey.server.model.ResourceMethodInvoker.apply(ResourceMethodInvoker.java:347) ~[jersey-server-2.22.1.jar:?]
	at org.glassfish.jersey.server.model.ResourceMethodInvoker.apply(ResourceMethodInvoker.java:102) ~[jersey-server-2.22.1.jar:?]
	at org.glassfish.jersey.server.ServerRuntime$2.run(ServerRuntime.java:326) ~[jersey-server-2.22.1.jar:?]
	at org.glassfish.jersey.internal.Errors$1.call(Errors.java:271) ~[jersey-common-2.22.1.jar:?]
	at org.glassfish.jersey.internal.Errors$1.call(Errors.java:267) ~[jersey-common-2.22.1.jar:?]
	at org.glassfish.jersey.internal.Errors.process(Errors.java:315) ~[jersey-common-2.22.1.jar:?]
	at org.glassfish.jersey.internal.Errors.process(Errors.java:297) ~[jersey-common-2.22.1.jar:?]
	at org.glassfish.jersey.internal.Errors.process(Errors.java:267) ~[jersey-common-2.22.1.jar:?]
	at org.glassfish.jersey.process.internal.RequestScope.runInScope(RequestScope.java:317) ~[jersey-common-2.22.1.jar:?]
	at org.glassfish.jersey.server.ServerRuntime.process(ServerRuntime.java:305) ~[jersey-server-2.22.1.jar:?]
	at org.glassfish.jersey.server.ApplicationHandler.handle(ApplicationHandler.java:1154) ~[jersey-server-2.22.1.jar:?]
	at org.glassfish.jersey.servlet.WebComponent.serviceImpl(WebComponent.java:471) ~[jersey-container-servlet-core-2.22.1.jar:?]
	at org.glassfish.jersey.servlet.WebComponent.service(WebComponent.java:425) ~[jersey-container-servlet-core-2.22.1.jar:?]
	at org.glassfish.jersey.servlet.ServletContainer.service(ServletContainer.java:383) ~[jersey-container-servlet-core-2.22.1.jar:?]
	at org.glassfish.jersey.servlet.ServletContainer.service(ServletContainer.java:336) ~[jersey-container-servlet-core-2.22.1.jar:?]
	at org.glassfish.jersey.servlet.ServletContainer.service(ServletContainer.java:223) ~[jersey-container-servlet-core-2.22.1.jar:?]
	at com.dotcms.rest.servlet.ReloadableServletContainer.service(ReloadableServletContainer.java:117) ~[dotcms_null.jar:?]
	at org.apache.catalina.core.ApplicationFilterChain.internalDoFilter(ApplicationFilterChain.java:227) ~[catalina.jar:9.0.60]
	at org.apache.catalina.core.ApplicationFilterChain.doFilter(ApplicationFilterChain.java:162) ~[catalina.jar:9.0.60]
	at org.apache.tomcat.websocket.server.WsFilter.doFilter(WsFilter.java:53) ~[tomcat-websocket.jar:9.0.60]
	at org.apache.catalina.core.ApplicationFilterChain.internalDoFilter(ApplicationFilterChain.java:189) ~[catalina.jar:9.0.60]
	at org.apache.catalina.core.ApplicationFilterChain.doFilter(ApplicationFilterChain.java:162) ~[catalina.jar:9.0.60]
	at com.dotmarketing.filters.CMSFilter.doFilterInternal(CMSFilter.java:169) ~[dotcms_null.jar:?]
	at com.dotmarketing.filters.CMSFilter.doFilter(CMSFilter.java:49) ~[dotcms_null.jar:?]
	at org.apache.catalina.core.ApplicationFilterChain.internalDoFilter(ApplicationFilterChain.java:189) ~[catalina.jar:9.0.60]
	at org.apache.catalina.core.ApplicationFilterChain.doFilter(ApplicationFilterChain.java:162) ~[catalina.jar:9.0.60]
	at com.dotcms.filters.interceptor.AbstractWebInterceptorSupportFilter.doFilter(AbstractWebInterceptorSupportFilter.java:90) ~[dotcms_null.jar:?]
	at org.apache.catalina.core.ApplicationFilterChain.internalDoFilter(ApplicationFilterChain.java:189) ~[catalina.jar:9.0.60]
	at org.apache.catalina.core.ApplicationFilterChain.doFilter(ApplicationFilterChain.java:162) ~[catalina.jar:9.0.60]
	at com.dotcms.filters.interceptor.AbstractWebInterceptorSupportFilter.doFilter(AbstractWebInterceptorSupportFilter.java:90) ~[dotcms_null.jar:?]
	at org.apache.catalina.core.ApplicationFilterChain.internalDoFilter(ApplicationFilterChain.java:189) ~[catalina.jar:9.0.60]
	at org.apache.catalina.core.ApplicationFilterChain.doFilter(ApplicationFilterChain.java:162) ~[catalina.jar:9.0.60]
	at com.dotcms.visitor.filter.servlet.VisitorFilter.doFilter(VisitorFilter.java:81) ~[dotcms_null.jar:?]
	at org.apache.catalina.core.ApplicationFilterChain.internalDoFilter(ApplicationFilterChain.java:189) ~[catalina.jar:9.0.60]
	at org.apache.catalina.core.ApplicationFilterChain.doFilter(ApplicationFilterChain.java:162) ~[catalina.jar:9.0.60]
	at com.dotcms.vanityurl.filters.VanityURLFilter.doFilter(VanityURLFilter.java:114) ~[dotcms_null.jar:?]
	at org.apache.catalina.core.ApplicationFilterChain.internalDoFilter(ApplicationFilterChain.java:189) ~[catalina.jar:9.0.60]
	at org.apache.catalina.core.ApplicationFilterChain.doFilter(ApplicationFilterChain.java:162) ~[catalina.jar:9.0.60]
	at org.tuckey.web.filters.urlrewrite.RuleChain.handleRewrite(RuleChain.java:176) ~[urlrewritefilter-4.0.4.jar:4.0.4]
	at org.tuckey.web.filters.urlrewrite.RuleChain.doRules(RuleChain.java:145) ~[urlrewritefilter-4.0.4.jar:4.0.4]
	at org.tuckey.web.filters.urlrewrite.UrlRewriter.processRequest(UrlRewriter.java:92) ~[urlrewritefilter-4.0.4.jar:4.0.4]
	at org.tuckey.web.filters.urlrewrite.UrlRewriteFilter.doFilter(UrlRewriteFilter.java:389) ~[urlrewritefilter-4.0.4.jar:4.0.4]
	at org.apache.catalina.core.ApplicationFilterChain.internalDoFilter(ApplicationFilterChain.java:189) ~[catalina.jar:9.0.60]
	at org.apache.catalina.core.ApplicationFilterChain.doFilter(ApplicationFilterChain.java:162) ~[catalina.jar:9.0.60]
	at com.dotmarketing.filters.TimeMachineFilter.doFilter(TimeMachineFilter.java:67) ~[dotcms_null.jar:?]
	at org.apache.catalina.core.ApplicationFilterChain.internalDoFilter(ApplicationFilterChain.java:189) ~[catalina.jar:9.0.60]
	at org.apache.catalina.core.ApplicationFilterChain.doFilter(ApplicationFilterChain.java:162) ~[catalina.jar:9.0.60]
	at com.dotmarketing.filters.ThreadNameFilter.doFilter(ThreadNameFilter.java:88) ~[dotcms_null.jar:?]
	at org.apache.catalina.core.ApplicationFilterChain.internalDoFilter(ApplicationFilterChain.java:189) ~[catalina.jar:9.0.60]
	at org.apache.catalina.core.ApplicationFilterChain.doFilter(ApplicationFilterChain.java:162) ~[catalina.jar:9.0.60]
	at com.dotmarketing.filters.CookiesFilter.doFilter(CookiesFilter.java:53) ~[dotcms_null.jar:?]
	at org.apache.catalina.core.ApplicationFilterChain.internalDoFilter(ApplicationFilterChain.java:189) ~[catalina.jar:9.0.60]
	at org.apache.catalina.core.ApplicationFilterChain.doFilter(ApplicationFilterChain.java:162) ~[catalina.jar:9.0.60]
	at com.dotmarketing.filters.CharsetEncodingFilter.doFilter(CharsetEncodingFilter.java:99) ~[dotcms_null.jar:?]
	at org.apache.catalina.core.ApplicationFilterChain.internalDoFilter(ApplicationFilterChain.java:189) ~[catalina.jar:9.0.60]
	at org.apache.catalina.core.ApplicationFilterChain.doFilter(ApplicationFilterChain.java:162) ~[catalina.jar:9.0.60]
	at com.dotcms.filters.interceptor.AbstractWebInterceptorSupportFilter.doFilter(AbstractWebInterceptorSupportFilter.java:90) ~[dotcms_null.jar:?]
	at org.apache.catalina.core.ApplicationFilterChain.internalDoFilter(ApplicationFilterChain.java:189) ~[catalina.jar:9.0.60]
	at org.apache.catalina.core.ApplicationFilterChain.doFilter(ApplicationFilterChain.java:162) ~[catalina.jar:9.0.60]
	at org.apache.catalina.filters.HttpHeaderSecurityFilter.doFilter(HttpHeaderSecurityFilter.java:126) ~[catalina.jar:9.0.60]
	at org.apache.catalina.core.ApplicationFilterChain.internalDoFilter(ApplicationFilterChain.java:189) ~[catalina.jar:9.0.60]
	at org.apache.catalina.core.ApplicationFilterChain.doFilter(ApplicationFilterChain.java:162) ~[catalina.jar:9.0.60]
	at com.dotcms.filters.NormalizationFilter.doFilter(NormalizationFilter.java:89) ~[dotcms_null.jar:?]
	at org.apache.catalina.core.ApplicationFilterChain.internalDoFilter(ApplicationFilterChain.java:189) ~[catalina.jar:9.0.60]
	at org.apache.catalina.core.ApplicationFilterChain.doFilter(ApplicationFilterChain.java:162) ~[catalina.jar:9.0.60]
	at org.apache.catalina.core.StandardWrapperValve.invoke(StandardWrapperValve.java:197) ~[catalina.jar:9.0.60]
	at org.apache.catalina.core.StandardContextValve.invoke(StandardContextValve.java:97) ~[catalina.jar:9.0.60]
	at org.apache.catalina.authenticator.AuthenticatorBase.invoke(AuthenticatorBase.java:541) ~[catalina.jar:9.0.60]
	at org.apache.catalina.core.StandardHostValve.invoke(StandardHostValve.java:135) ~[catalina.jar:9.0.60]
	at org.apache.catalina.valves.AbstractAccessLogValve.invoke(AbstractAccessLogValve.java:687) ~[catalina.jar:9.0.60]
	at org.apache.catalina.valves.ErrorReportValve.invoke(ErrorReportValve.java:92) ~[catalina.jar:9.0.60]
	at org.apache.catalina.valves.RemoteIpValve.invoke(RemoteIpValve.java:769) ~[catalina.jar:9.0.60]
	at org.apache.catalina.core.StandardEngineValve.invoke(StandardEngineValve.java:78) ~[catalina.jar:9.0.60]
	at org.apache.catalina.connector.CoyoteAdapter.service(CoyoteAdapter.java:360) ~[catalina.jar:9.0.60]
	at org.apache.coyote.http11.Http11Processor.service(Http11Processor.java:399) ~[tomcat-coyote.jar:9.0.60]
	at org.apache.coyote.AbstractProcessorLight.process(AbstractProcessorLight.java:65) ~[tomcat-coyote.jar:9.0.60]
	at org.apache.coyote.AbstractProtocol$ConnectionHandler.process(AbstractProtocol.java:889) ~[tomcat-coyote.jar:9.0.60]
	at org.apache.tomcat.util.net.Nio2Endpoint$SocketProcessor.doRun(Nio2Endpoint.java:1701) ~[tomcat-coyote.jar:9.0.60]
	at org.apache.tomcat.util.net.SocketProcessorBase.run(SocketProcessorBase.java:49) ~[tomcat-coyote.jar:9.0.60]
	at org.apache.tomcat.util.net.AbstractEndpoint.processSocket(AbstractEndpoint.java:1190) ~[tomcat-coyote.jar:9.0.60]
	at org.apache.tomcat.util.net.Nio2Endpoint.setSocketOptions(Nio2Endpoint.java:337) ~[tomcat-coyote.jar:9.0.60]
	at org.apache.tomcat.util.net.Nio2Endpoint$Nio2Acceptor.completed(Nio2Endpoint.java:471) ~[tomcat-coyote.jar:9.0.60]
	at org.apache.tomcat.util.net.Nio2Endpoint$Nio2Acceptor.completed(Nio2Endpoint.java:407) ~[tomcat-coyote.jar:9.0.60]
	at sun.nio.ch.Invoker.invokeUnchecked(Invoker.java:127) ~[?:?]
	at sun.nio.ch.Invoker$2.run(Invoker.java:219) ~[?:?]
	at sun.nio.ch.AsynchronousChannelGroupImpl$1.run(AsynchronousChannelGroupImpl.java:112) ~[?:?]
	at java.util.concurrent.ThreadPoolExecutor.runWorker(ThreadPoolExecutor.java:1128) ~[?:?]
	at java.util.concurrent.ThreadPoolExecutor$Worker.run(ThreadPoolExecutor.java:628) ~[?:?]
	at java.lang.Thread.run(Thread.java:829) [?:?]
[06/06/23 19:41:23:229 UTC]  INFO util.SecurityLogger: class com.dotmarketing.cms.login.factories.LoginFactory : User admin@dotcms.com has sucessfully logged in from IP: 172.19.0.1 -- ip:172.19.0.1,user:Admin User [ID: dotcms.org.1][email:admin@dotcms.com]
[06/06/23 19:41:23:247 UTC] ERROR container.ContainerResource: The container id is required
[06/06/23 19:41:23:249 UTC]  INFO util.SecurityLogger: class com.dotcms.rest.exception.mapper.DotBadRequestExceptionMapper : The container id is required -- ip:172.19.0.1,user:Admin User [ID: dotcms.org.1][email:admin@dotcms.com]
[06/06/23 19:41:26:320 UTC]  INFO util.SecurityLogger: class com.dotmarketing.cms.login.factories.LoginFactory : User admin@dotcms.com has sucessfully logged in from IP: 172.19.0.1 -- ip:172.19.0.1,user:Admin User [ID: dotcms.org.1][email:admin@dotcms.com]
[06/06/23 19:41:26:327 UTC]  WARN shorty.ShortyIdAPIImpl: An error occurred when getting shorty value for 'NOTFOUND' of type 'CONTENT': shorty NOTFOUND is not a short id.  Short Ids should be 10 chars in length
[06/06/23 19:41:26:327 UTC]  WARN mapper.ResourceNotFoundExceptionMapper: Can't find Container:NOTFOUND
org.apache.velocity.exception.ResourceNotFoundException: Can't find Container:NOTFOUND
	at com.dotcms.rest.api.v1.container.ContainerResource.lambda$getContainer$1(ContainerResource.java:502) ~[dotcms_null.jar:?]
	at java.util.Optional.orElseGet(Optional.java:369) ~[?:?]
	at com.dotcms.rest.api.v1.container.ContainerResource.getContainer(ContainerResource.java:501) ~[dotcms_null.jar:?]
	at com.dotcms.rest.api.v1.container.ContainerResource.getContainerArchiveWorking(ContainerResource.java:441) ~[dotcms_null.jar:?]
	at com.dotcms.rest.api.v1.container.ContainerResource.unarchive(ContainerResource.java:1058) ~[dotcms_null.jar:?]
	at jdk.internal.reflect.NativeMethodAccessorImpl.invoke0(Native Method) ~[?:?]
	at jdk.internal.reflect.NativeMethodAccessorImpl.invoke(NativeMethodAccessorImpl.java:62) ~[?:?]
	at jdk.internal.reflect.DelegatingMethodAccessorImpl.invoke(DelegatingMethodAccessorImpl.java:43) ~[?:?]
	at java.lang.reflect.Method.invoke(Method.java:566) ~[?:?]
	at org.glassfish.jersey.server.model.internal.ResourceMethodInvocationHandlerFactory$1.invoke(ResourceMethodInvocationHandlerFactory.java:81) ~[jersey-server-2.22.1.jar:?]
	at org.glassfish.jersey.server.model.internal.AbstractJavaResourceMethodDispatcher$1.run(AbstractJavaResourceMethodDispatcher.java:144) ~[jersey-server-2.22.1.jar:?]
	at org.glassfish.jersey.server.model.internal.AbstractJavaResourceMethodDispatcher.invoke(AbstractJavaResourceMethodDispatcher.java:161) ~[jersey-server-2.22.1.jar:?]
	at org.glassfish.jersey.server.model.internal.JavaResourceMethodDispatcherProvider$ResponseOutInvoker.doDispatch(JavaResourceMethodDispatcherProvider.java:160) ~[jersey-server-2.22.1.jar:?]
	at org.glassfish.jersey.server.model.internal.AbstractJavaResourceMethodDispatcher.dispatch(AbstractJavaResourceMethodDispatcher.java:99) ~[jersey-server-2.22.1.jar:?]
	at org.glassfish.jersey.server.model.ResourceMethodInvoker.invoke(ResourceMethodInvoker.java:389) ~[jersey-server-2.22.1.jar:?]
	at org.glassfish.jersey.server.model.ResourceMethodInvoker.apply(ResourceMethodInvoker.java:347) ~[jersey-server-2.22.1.jar:?]
	at org.glassfish.jersey.server.model.ResourceMethodInvoker.apply(ResourceMethodInvoker.java:102) ~[jersey-server-2.22.1.jar:?]
	at org.glassfish.jersey.server.ServerRuntime$2.run(ServerRuntime.java:326) ~[jersey-server-2.22.1.jar:?]
	at org.glassfish.jersey.internal.Errors$1.call(Errors.java:271) ~[jersey-common-2.22.1.jar:?]
	at org.glassfish.jersey.internal.Errors$1.call(Errors.java:267) ~[jersey-common-2.22.1.jar:?]
	at org.glassfish.jersey.internal.Errors.process(Errors.java:315) ~[jersey-common-2.22.1.jar:?]
	at org.glassfish.jersey.internal.Errors.process(Errors.java:297) ~[jersey-common-2.22.1.jar:?]
	at org.glassfish.jersey.internal.Errors.process(Errors.java:267) ~[jersey-common-2.22.1.jar:?]
	at org.glassfish.jersey.process.internal.RequestScope.runInScope(RequestScope.java:317) ~[jersey-common-2.22.1.jar:?]
	at org.glassfish.jersey.server.ServerRuntime.process(ServerRuntime.java:305) ~[jersey-server-2.22.1.jar:?]
	at org.glassfish.jersey.server.ApplicationHandler.handle(ApplicationHandler.java:1154) ~[jersey-server-2.22.1.jar:?]
	at org.glassfish.jersey.servlet.WebComponent.serviceImpl(WebComponent.java:471) ~[jersey-container-servlet-core-2.22.1.jar:?]
	at org.glassfish.jersey.servlet.WebComponent.service(WebComponent.java:425) ~[jersey-container-servlet-core-2.22.1.jar:?]
	at org.glassfish.jersey.servlet.ServletContainer.service(ServletContainer.java:383) ~[jersey-container-servlet-core-2.22.1.jar:?]
	at org.glassfish.jersey.servlet.ServletContainer.service(ServletContainer.java:336) ~[jersey-container-servlet-core-2.22.1.jar:?]
	at org.glassfish.jersey.servlet.ServletContainer.service(ServletContainer.java:223) ~[jersey-container-servlet-core-2.22.1.jar:?]
	at com.dotcms.rest.servlet.ReloadableServletContainer.service(ReloadableServletContainer.java:117) ~[dotcms_null.jar:?]
	at org.apache.catalina.core.ApplicationFilterChain.internalDoFilter(ApplicationFilterChain.java:227) ~[catalina.jar:9.0.60]
	at org.apache.catalina.core.ApplicationFilterChain.doFilter(ApplicationFilterChain.java:162) ~[catalina.jar:9.0.60]
	at org.apache.tomcat.websocket.server.WsFilter.doFilter(WsFilter.java:53) ~[tomcat-websocket.jar:9.0.60]
	at org.apache.catalina.core.ApplicationFilterChain.internalDoFilter(ApplicationFilterChain.java:189) ~[catalina.jar:9.0.60]
	at org.apache.catalina.core.ApplicationFilterChain.doFilter(ApplicationFilterChain.java:162) ~[catalina.jar:9.0.60]
	at com.dotmarketing.filters.CMSFilter.doFilterInternal(CMSFilter.java:169) ~[dotcms_null.jar:?]
	at com.dotmarketing.filters.CMSFilter.doFilter(CMSFilter.java:49) ~[dotcms_null.jar:?]
	at org.apache.catalina.core.ApplicationFilterChain.internalDoFilter(ApplicationFilterChain.java:189) ~[catalina.jar:9.0.60]
	at org.apache.catalina.core.ApplicationFilterChain.doFilter(ApplicationFilterChain.java:162) ~[catalina.jar:9.0.60]
	at com.dotcms.filters.interceptor.AbstractWebInterceptorSupportFilter.doFilter(AbstractWebInterceptorSupportFilter.java:90) ~[dotcms_null.jar:?]
	at org.apache.catalina.core.ApplicationFilterChain.internalDoFilter(ApplicationFilterChain.java:189) ~[catalina.jar:9.0.60]
	at org.apache.catalina.core.ApplicationFilterChain.doFilter(ApplicationFilterChain.java:162) ~[catalina.jar:9.0.60]
	at com.dotcms.filters.interceptor.AbstractWebInterceptorSupportFilter.doFilter(AbstractWebInterceptorSupportFilter.java:90) ~[dotcms_null.jar:?]
	at org.apache.catalina.core.ApplicationFilterChain.internalDoFilter(ApplicationFilterChain.java:189) ~[catalina.jar:9.0.60]
	at org.apache.catalina.core.ApplicationFilterChain.doFilter(ApplicationFilterChain.java:162) ~[catalina.jar:9.0.60]
	at com.dotcms.visitor.filter.servlet.VisitorFilter.doFilter(VisitorFilter.java:81) ~[dotcms_null.jar:?]
	at org.apache.catalina.core.ApplicationFilterChain.internalDoFilter(ApplicationFilterChain.java:189) ~[catalina.jar:9.0.60]
	at org.apache.catalina.core.ApplicationFilterChain.doFilter(ApplicationFilterChain.java:162) ~[catalina.jar:9.0.60]
	at com.dotcms.vanityurl.filters.VanityURLFilter.doFilter(VanityURLFilter.java:114) ~[dotcms_null.jar:?]
	at org.apache.catalina.core.ApplicationFilterChain.internalDoFilter(ApplicationFilterChain.java:189) ~[catalina.jar:9.0.60]
	at org.apache.catalina.core.ApplicationFilterChain.doFilter(ApplicationFilterChain.java:162) ~[catalina.jar:9.0.60]
	at org.tuckey.web.filters.urlrewrite.RuleChain.handleRewrite(RuleChain.java:176) ~[urlrewritefilter-4.0.4.jar:4.0.4]
	at org.tuckey.web.filters.urlrewrite.RuleChain.doRules(RuleChain.java:145) ~[urlrewritefilter-4.0.4.jar:4.0.4]
	at org.tuckey.web.filters.urlrewrite.UrlRewriter.processRequest(UrlRewriter.java:92) ~[urlrewritefilter-4.0.4.jar:4.0.4]
	at org.tuckey.web.filters.urlrewrite.UrlRewriteFilter.doFilter(UrlRewriteFilter.java:389) ~[urlrewritefilter-4.0.4.jar:4.0.4]
	at org.apache.catalina.core.ApplicationFilterChain.internalDoFilter(ApplicationFilterChain.java:189) ~[catalina.jar:9.0.60]
	at org.apache.catalina.core.ApplicationFilterChain.doFilter(ApplicationFilterChain.java:162) ~[catalina.jar:9.0.60]
	at com.dotmarketing.filters.TimeMachineFilter.doFilter(TimeMachineFilter.java:67) ~[dotcms_null.jar:?]
	at org.apache.catalina.core.ApplicationFilterChain.internalDoFilter(ApplicationFilterChain.java:189) ~[catalina.jar:9.0.60]
	at org.apache.catalina.core.ApplicationFilterChain.doFilter(ApplicationFilterChain.java:162) ~[catalina.jar:9.0.60]
	at com.dotmarketing.filters.ThreadNameFilter.doFilter(ThreadNameFilter.java:88) ~[dotcms_null.jar:?]
	at org.apache.catalina.core.ApplicationFilterChain.internalDoFilter(ApplicationFilterChain.java:189) ~[catalina.jar:9.0.60]
	at org.apache.catalina.core.ApplicationFilterChain.doFilter(ApplicationFilterChain.java:162) ~[catalina.jar:9.0.60]
	at com.dotmarketing.filters.CookiesFilter.doFilter(CookiesFilter.java:53) ~[dotcms_null.jar:?]
	at org.apache.catalina.core.ApplicationFilterChain.internalDoFilter(ApplicationFilterChain.java:189) ~[catalina.jar:9.0.60]
	at org.apache.catalina.core.ApplicationFilterChain.doFilter(ApplicationFilterChain.java:162) ~[catalina.jar:9.0.60]
	at com.dotmarketing.filters.CharsetEncodingFilter.doFilter(CharsetEncodingFilter.java:99) ~[dotcms_null.jar:?]
	at org.apache.catalina.core.ApplicationFilterChain.internalDoFilter(ApplicationFilterChain.java:189) ~[catalina.jar:9.0.60]
	at org.apache.catalina.core.ApplicationFilterChain.doFilter(ApplicationFilterChain.java:162) ~[catalina.jar:9.0.60]
	at com.dotcms.filters.interceptor.AbstractWebInterceptorSupportFilter.doFilter(AbstractWebInterceptorSupportFilter.java:90) ~[dotcms_null.jar:?]
	at org.apache.catalina.core.ApplicationFilterChain.internalDoFilter(ApplicationFilterChain.java:189) ~[catalina.jar:9.0.60]
	at org.apache.catalina.core.ApplicationFilterChain.doFilter(ApplicationFilterChain.java:162) ~[catalina.jar:9.0.60]
	at org.apache.catalina.filters.HttpHeaderSecurityFilter.doFilter(HttpHeaderSecurityFilter.java:126) ~[catalina.jar:9.0.60]
	at org.apache.catalina.core.ApplicationFilterChain.internalDoFilter(ApplicationFilterChain.java:189) ~[catalina.jar:9.0.60]
	at org.apache.catalina.core.ApplicationFilterChain.doFilter(ApplicationFilterChain.java:162) ~[catalina.jar:9.0.60]
	at com.dotcms.filters.NormalizationFilter.doFilter(NormalizationFilter.java:89) ~[dotcms_null.jar:?]
	at org.apache.catalina.core.ApplicationFilterChain.internalDoFilter(ApplicationFilterChain.java:189) ~[catalina.jar:9.0.60]
	at org.apache.catalina.core.ApplicationFilterChain.doFilter(ApplicationFilterChain.java:162) ~[catalina.jar:9.0.60]
	at org.apache.catalina.core.StandardWrapperValve.invoke(StandardWrapperValve.java:197) ~[catalina.jar:9.0.60]
	at org.apache.catalina.core.StandardContextValve.invoke(StandardContextValve.java:97) ~[catalina.jar:9.0.60]
	at org.apache.catalina.authenticator.AuthenticatorBase.invoke(AuthenticatorBase.java:541) ~[catalina.jar:9.0.60]
	at org.apache.catalina.core.StandardHostValve.invoke(StandardHostValve.java:135) ~[catalina.jar:9.0.60]
	at org.apache.catalina.valves.AbstractAccessLogValve.invoke(AbstractAccessLogValve.java:687) ~[catalina.jar:9.0.60]
	at org.apache.catalina.valves.ErrorReportValve.invoke(ErrorReportValve.java:92) ~[catalina.jar:9.0.60]
	at org.apache.catalina.valves.RemoteIpValve.invoke(RemoteIpValve.java:769) ~[catalina.jar:9.0.60]
	at org.apache.catalina.core.StandardEngineValve.invoke(StandardEngineValve.java:78) ~[catalina.jar:9.0.60]
	at org.apache.catalina.connector.CoyoteAdapter.service(CoyoteAdapter.java:360) ~[catalina.jar:9.0.60]
	at org.apache.coyote.http11.Http11Processor.service(Http11Processor.java:399) ~[tomcat-coyote.jar:9.0.60]
	at org.apache.coyote.AbstractProcessorLight.process(AbstractProcessorLight.java:65) ~[tomcat-coyote.jar:9.0.60]
	at org.apache.coyote.AbstractProtocol$ConnectionHandler.process(AbstractProtocol.java:889) ~[tomcat-coyote.jar:9.0.60]
	at org.apache.tomcat.util.net.Nio2Endpoint$SocketProcessor.doRun(Nio2Endpoint.java:1701) ~[tomcat-coyote.jar:9.0.60]
	at org.apache.tomcat.util.net.SocketProcessorBase.run(SocketProcessorBase.java:49) ~[tomcat-coyote.jar:9.0.60]
	at org.apache.tomcat.util.net.AbstractEndpoint.processSocket(AbstractEndpoint.java:1190) ~[tomcat-coyote.jar:9.0.60]
	at org.apache.tomcat.util.net.Nio2Endpoint.setSocketOptions(Nio2Endpoint.java:337) ~[tomcat-coyote.jar:9.0.60]
	at org.apache.tomcat.util.net.Nio2Endpoint$Nio2Acceptor.completed(Nio2Endpoint.java:471) ~[tomcat-coyote.jar:9.0.60]
	at org.apache.tomcat.util.net.Nio2Endpoint$Nio2Acceptor.completed(Nio2Endpoint.java:407) ~[tomcat-coyote.jar:9.0.60]
	at sun.nio.ch.Invoker.invokeUnchecked(Invoker.java:127) ~[?:?]
	at sun.nio.ch.Invoker.invokeDirect(Invoker.java:158) ~[?:?]
	at sun.nio.ch.Invoker.invoke(Invoker.java:186) ~[?:?]
	at sun.nio.ch.UnixAsynchronousServerSocketChannelImpl.onEvent(UnixAsynchronousServerSocketChannelImpl.java:193) ~[?:?]
	at sun.nio.ch.EPollPort$EventHandlerTask.run(EPollPort.java:306) ~[?:?]
	at sun.nio.ch.AsynchronousChannelGroupImpl$1.run(AsynchronousChannelGroupImpl.java:112) ~[?:?]
	at java.util.concurrent.ThreadPoolExecutor.runWorker(ThreadPoolExecutor.java:1128) ~[?:?]
	at java.util.concurrent.ThreadPoolExecutor$Worker.run(ThreadPoolExecutor.java:628) ~[?:?]
	at java.lang.Thread.run(Thread.java:829) [?:?]
[06/06/23 19:41:29:422 UTC]  INFO util.SecurityLogger: class com.dotmarketing.cms.login.factories.LoginFactory : User admin@dotcms.com has sucessfully logged in from IP: 172.19.0.1 -- ip:172.19.0.1,user:Admin User [ID: dotcms.org.1][email:admin@dotcms.com]
[06/06/23 19:41:29:430 UTC] ERROR container.ContainerResource: The container id is required
[06/06/23 19:41:29:430 UTC]  INFO util.SecurityLogger: class com.dotcms.rest.exception.mapper.DotBadRequestExceptionMapper : The container id is required -- ip:172.19.0.1,user:Admin User [ID: dotcms.org.1][email:admin@dotcms.com]
[06/06/23 19:41:32:496 UTC]  INFO util.SecurityLogger: class com.dotmarketing.cms.login.factories.LoginFactory : User admin@dotcms.com has sucessfully logged in from IP: 172.19.0.1 -- ip:172.19.0.1,user:Admin User [ID: dotcms.org.1][email:admin@dotcms.com]
[06/06/23 19:41:32:499 UTC]  WARN shorty.ShortyIdAPIImpl: An error occurred when getting shorty value for 'NOTFOUND' of type 'CONTENT': shorty NOTFOUND is not a short id.  Short Ids should be 10 chars in length
[06/06/23 19:41:32:499 UTC]  WARN mapper.ResourceNotFoundExceptionMapper: Can't find Container:NOTFOUND
org.apache.velocity.exception.ResourceNotFoundException: Can't find Container:NOTFOUND
	at com.dotcms.rest.api.v1.container.ContainerResource.lambda$getContainer$1(ContainerResource.java:502) ~[dotcms_null.jar:?]
	at java.util.Optional.orElseGet(Optional.java:369) ~[?:?]
	at com.dotcms.rest.api.v1.container.ContainerResource.getContainer(ContainerResource.java:501) ~[dotcms_null.jar:?]
	at com.dotcms.rest.api.v1.container.ContainerResource.getContainer(ContainerResource.java:452) ~[dotcms_null.jar:?]
	at com.dotcms.rest.api.v1.container.ContainerResource.getContainerWorking(ContainerResource.java:435) ~[dotcms_null.jar:?]
	at com.dotcms.rest.api.v1.container.ContainerResource.delete(ContainerResource.java:1107) ~[dotcms_null.jar:?]
	at jdk.internal.reflect.NativeMethodAccessorImpl.invoke0(Native Method) ~[?:?]
	at jdk.internal.reflect.NativeMethodAccessorImpl.invoke(NativeMethodAccessorImpl.java:62) ~[?:?]
	at jdk.internal.reflect.DelegatingMethodAccessorImpl.invoke(DelegatingMethodAccessorImpl.java:43) ~[?:?]
	at java.lang.reflect.Method.invoke(Method.java:566) ~[?:?]
	at org.glassfish.jersey.server.model.internal.ResourceMethodInvocationHandlerFactory$1.invoke(ResourceMethodInvocationHandlerFactory.java:81) ~[jersey-server-2.22.1.jar:?]
	at org.glassfish.jersey.server.model.internal.AbstractJavaResourceMethodDispatcher$1.run(AbstractJavaResourceMethodDispatcher.java:144) ~[jersey-server-2.22.1.jar:?]
	at org.glassfish.jersey.server.model.internal.AbstractJavaResourceMethodDispatcher.invoke(AbstractJavaResourceMethodDispatcher.java:161) ~[jersey-server-2.22.1.jar:?]
	at org.glassfish.jersey.server.model.internal.JavaResourceMethodDispatcherProvider$ResponseOutInvoker.doDispatch(JavaResourceMethodDispatcherProvider.java:160) ~[jersey-server-2.22.1.jar:?]
	at org.glassfish.jersey.server.model.internal.AbstractJavaResourceMethodDispatcher.dispatch(AbstractJavaResourceMethodDispatcher.java:99) ~[jersey-server-2.22.1.jar:?]
	at org.glassfish.jersey.server.model.ResourceMethodInvoker.invoke(ResourceMethodInvoker.java:389) ~[jersey-server-2.22.1.jar:?]
	at org.glassfish.jersey.server.model.ResourceMethodInvoker.apply(ResourceMethodInvoker.java:347) ~[jersey-server-2.22.1.jar:?]
	at org.glassfish.jersey.server.model.ResourceMethodInvoker.apply(ResourceMethodInvoker.java:102) ~[jersey-server-2.22.1.jar:?]
	at org.glassfish.jersey.server.ServerRuntime$2.run(ServerRuntime.java:326) ~[jersey-server-2.22.1.jar:?]
	at org.glassfish.jersey.internal.Errors$1.call(Errors.java:271) ~[jersey-common-2.22.1.jar:?]
	at org.glassfish.jersey.internal.Errors$1.call(Errors.java:267) ~[jersey-common-2.22.1.jar:?]
	at org.glassfish.jersey.internal.Errors.process(Errors.java:315) ~[jersey-common-2.22.1.jar:?]
	at org.glassfish.jersey.internal.Errors.process(Errors.java:297) ~[jersey-common-2.22.1.jar:?]
	at org.glassfish.jersey.internal.Errors.process(Errors.java:267) ~[jersey-common-2.22.1.jar:?]
	at org.glassfish.jersey.process.internal.RequestScope.runInScope(RequestScope.java:317) ~[jersey-common-2.22.1.jar:?]
	at org.glassfish.jersey.server.ServerRuntime.process(ServerRuntime.java:305) ~[jersey-server-2.22.1.jar:?]
	at org.glassfish.jersey.server.ApplicationHandler.handle(ApplicationHandler.java:1154) ~[jersey-server-2.22.1.jar:?]
	at org.glassfish.jersey.servlet.WebComponent.serviceImpl(WebComponent.java:471) ~[jersey-container-servlet-core-2.22.1.jar:?]
	at org.glassfish.jersey.servlet.WebComponent.service(WebComponent.java:425) ~[jersey-container-servlet-core-2.22.1.jar:?]
	at org.glassfish.jersey.servlet.ServletContainer.service(ServletContainer.java:383) ~[jersey-container-servlet-core-2.22.1.jar:?]
	at org.glassfish.jersey.servlet.ServletContainer.service(ServletContainer.java:336) ~[jersey-container-servlet-core-2.22.1.jar:?]
	at org.glassfish.jersey.servlet.ServletContainer.service(ServletContainer.java:223) ~[jersey-container-servlet-core-2.22.1.jar:?]
	at com.dotcms.rest.servlet.ReloadableServletContainer.service(ReloadableServletContainer.java:117) ~[dotcms_null.jar:?]
	at org.apache.catalina.core.ApplicationFilterChain.internalDoFilter(ApplicationFilterChain.java:227) ~[catalina.jar:9.0.60]
	at org.apache.catalina.core.ApplicationFilterChain.doFilter(ApplicationFilterChain.java:162) ~[catalina.jar:9.0.60]
	at org.apache.tomcat.websocket.server.WsFilter.doFilter(WsFilter.java:53) ~[tomcat-websocket.jar:9.0.60]
	at org.apache.catalina.core.ApplicationFilterChain.internalDoFilter(ApplicationFilterChain.java:189) ~[catalina.jar:9.0.60]
	at org.apache.catalina.core.ApplicationFilterChain.doFilter(ApplicationFilterChain.java:162) ~[catalina.jar:9.0.60]
	at com.dotmarketing.filters.CMSFilter.doFilterInternal(CMSFilter.java:169) ~[dotcms_null.jar:?]
	at com.dotmarketing.filters.CMSFilter.doFilter(CMSFilter.java:49) ~[dotcms_null.jar:?]
	at org.apache.catalina.core.ApplicationFilterChain.internalDoFilter(ApplicationFilterChain.java:189) ~[catalina.jar:9.0.60]
	at org.apache.catalina.core.ApplicationFilterChain.doFilter(ApplicationFilterChain.java:162) ~[catalina.jar:9.0.60]
	at com.dotcms.filters.interceptor.AbstractWebInterceptorSupportFilter.doFilter(AbstractWebInterceptorSupportFilter.java:90) ~[dotcms_null.jar:?]
	at org.apache.catalina.core.ApplicationFilterChain.internalDoFilter(ApplicationFilterChain.java:189) ~[catalina.jar:9.0.60]
	at org.apache.catalina.core.ApplicationFilterChain.doFilter(ApplicationFilterChain.java:162) ~[catalina.jar:9.0.60]
	at com.dotcms.filters.interceptor.AbstractWebInterceptorSupportFilter.doFilter(AbstractWebInterceptorSupportFilter.java:90) ~[dotcms_null.jar:?]
	at org.apache.catalina.core.ApplicationFilterChain.internalDoFilter(ApplicationFilterChain.java:189) ~[catalina.jar:9.0.60]
	at org.apache.catalina.core.ApplicationFilterChain.doFilter(ApplicationFilterChain.java:162) ~[catalina.jar:9.0.60]
	at com.dotcms.visitor.filter.servlet.VisitorFilter.doFilter(VisitorFilter.java:81) ~[dotcms_null.jar:?]
	at org.apache.catalina.core.ApplicationFilterChain.internalDoFilter(ApplicationFilterChain.java:189) ~[catalina.jar:9.0.60]
	at org.apache.catalina.core.ApplicationFilterChain.doFilter(ApplicationFilterChain.java:162) ~[catalina.jar:9.0.60]
	at com.dotcms.vanityurl.filters.VanityURLFilter.doFilter(VanityURLFilter.java:114) ~[dotcms_null.jar:?]
	at org.apache.catalina.core.ApplicationFilterChain.internalDoFilter(ApplicationFilterChain.java:189) ~[catalina.jar:9.0.60]
	at org.apache.catalina.core.ApplicationFilterChain.doFilter(ApplicationFilterChain.java:162) ~[catalina.jar:9.0.60]
	at org.tuckey.web.filters.urlrewrite.RuleChain.handleRewrite(RuleChain.java:176) ~[urlrewritefilter-4.0.4.jar:4.0.4]
	at org.tuckey.web.filters.urlrewrite.RuleChain.doRules(RuleChain.java:145) ~[urlrewritefilter-4.0.4.jar:4.0.4]
	at org.tuckey.web.filters.urlrewrite.UrlRewriter.processRequest(UrlRewriter.java:92) ~[urlrewritefilter-4.0.4.jar:4.0.4]
	at org.tuckey.web.filters.urlrewrite.UrlRewriteFilter.doFilter(UrlRewriteFilter.java:389) ~[urlrewritefilter-4.0.4.jar:4.0.4]
	at org.apache.catalina.core.ApplicationFilterChain.internalDoFilter(ApplicationFilterChain.java:189) ~[catalina.jar:9.0.60]
	at org.apache.catalina.core.ApplicationFilterChain.doFilter(ApplicationFilterChain.java:162) ~[catalina.jar:9.0.60]
	at com.dotmarketing.filters.TimeMachineFilter.doFilter(TimeMachineFilter.java:67) ~[dotcms_null.jar:?]
	at org.apache.catalina.core.ApplicationFilterChain.internalDoFilter(ApplicationFilterChain.java:189) ~[catalina.jar:9.0.60]
	at org.apache.catalina.core.ApplicationFilterChain.doFilter(ApplicationFilterChain.java:162) ~[catalina.jar:9.0.60]
	at com.dotmarketing.filters.ThreadNameFilter.doFilter(ThreadNameFilter.java:88) ~[dotcms_null.jar:?]
	at org.apache.catalina.core.ApplicationFilterChain.internalDoFilter(ApplicationFilterChain.java:189) ~[catalina.jar:9.0.60]
	at org.apache.catalina.core.ApplicationFilterChain.doFilter(ApplicationFilterChain.java:162) ~[catalina.jar:9.0.60]
	at com.dotmarketing.filters.CookiesFilter.doFilter(CookiesFilter.java:53) ~[dotcms_null.jar:?]
	at org.apache.catalina.core.ApplicationFilterChain.internalDoFilter(ApplicationFilterChain.java:189) ~[catalina.jar:9.0.60]
	at org.apache.catalina.core.ApplicationFilterChain.doFilter(ApplicationFilterChain.java:162) ~[catalina.jar:9.0.60]
	at com.dotmarketing.filters.CharsetEncodingFilter.doFilter(CharsetEncodingFilter.java:99) ~[dotcms_null.jar:?]
	at org.apache.catalina.core.ApplicationFilterChain.internalDoFilter(ApplicationFilterChain.java:189) ~[catalina.jar:9.0.60]
	at org.apache.catalina.core.ApplicationFilterChain.doFilter(ApplicationFilterChain.java:162) ~[catalina.jar:9.0.60]
	at com.dotcms.filters.interceptor.AbstractWebInterceptorSupportFilter.doFilter(AbstractWebInterceptorSupportFilter.java:90) ~[dotcms_null.jar:?]
	at org.apache.catalina.core.ApplicationFilterChain.internalDoFilter(ApplicationFilterChain.java:189) ~[catalina.jar:9.0.60]
	at org.apache.catalina.core.ApplicationFilterChain.doFilter(ApplicationFilterChain.java:162) ~[catalina.jar:9.0.60]
	at org.apache.catalina.filters.HttpHeaderSecurityFilter.doFilter(HttpHeaderSecurityFilter.java:126) ~[catalina.jar:9.0.60]
	at org.apache.catalina.core.ApplicationFilterChain.internalDoFilter(ApplicationFilterChain.java:189) ~[catalina.jar:9.0.60]
	at org.apache.catalina.core.ApplicationFilterChain.doFilter(ApplicationFilterChain.java:162) ~[catalina.jar:9.0.60]
	at com.dotcms.filters.NormalizationFilter.doFilter(NormalizationFilter.java:89) ~[dotcms_null.jar:?]
	at org.apache.catalina.core.ApplicationFilterChain.internalDoFilter(ApplicationFilterChain.java:189) ~[catalina.jar:9.0.60]
	at org.apache.catalina.core.ApplicationFilterChain.doFilter(ApplicationFilterChain.java:162) ~[catalina.jar:9.0.60]
	at org.apache.catalina.core.StandardWrapperValve.invoke(StandardWrapperValve.java:197) ~[catalina.jar:9.0.60]
	at org.apache.catalina.core.StandardContextValve.invoke(StandardContextValve.java:97) ~[catalina.jar:9.0.60]
	at org.apache.catalina.authenticator.AuthenticatorBase.invoke(AuthenticatorBase.java:541) ~[catalina.jar:9.0.60]
	at org.apache.catalina.core.StandardHostValve.invoke(StandardHostValve.java:135) ~[catalina.jar:9.0.60]
	at org.apache.catalina.valves.AbstractAccessLogValve.invoke(AbstractAccessLogValve.java:687) ~[catalina.jar:9.0.60]
	at org.apache.catalina.valves.ErrorReportValve.invoke(ErrorReportValve.java:92) ~[catalina.jar:9.0.60]
	at org.apache.catalina.valves.RemoteIpValve.invoke(RemoteIpValve.java:769) ~[catalina.jar:9.0.60]
	at org.apache.catalina.core.StandardEngineValve.invoke(StandardEngineValve.java:78) ~[catalina.jar:9.0.60]
	at org.apache.catalina.connector.CoyoteAdapter.service(CoyoteAdapter.java:360) ~[catalina.jar:9.0.60]
	at org.apache.coyote.http11.Http11Processor.service(Http11Processor.java:399) ~[tomcat-coyote.jar:9.0.60]
	at org.apache.coyote.AbstractProcessorLight.process(AbstractProcessorLight.java:65) ~[tomcat-coyote.jar:9.0.60]
	at org.apache.coyote.AbstractProtocol$ConnectionHandler.process(AbstractProtocol.java:889) ~[tomcat-coyote.jar:9.0.60]
	at org.apache.tomcat.util.net.Nio2Endpoint$SocketProcessor.doRun(Nio2Endpoint.java:1701) ~[tomcat-coyote.jar:9.0.60]
	at org.apache.tomcat.util.net.SocketProcessorBase.run(SocketProcessorBase.java:49) ~[tomcat-coyote.jar:9.0.60]
	at org.apache.tomcat.util.net.AbstractEndpoint.processSocket(AbstractEndpoint.java:1190) ~[tomcat-coyote.jar:9.0.60]
	at org.apache.tomcat.util.net.Nio2Endpoint$Nio2SocketWrapper$2.completed(Nio2Endpoint.java:633) ~[tomcat-coyote.jar:9.0.60]
	at org.apache.tomcat.util.net.Nio2Endpoint$Nio2SocketWrapper$2.completed(Nio2Endpoint.java:611) ~[tomcat-coyote.jar:9.0.60]
	at sun.nio.ch.Invoker.invokeUnchecked(Invoker.java:127) ~[?:?]
	at sun.nio.ch.UnixAsynchronousSocketChannelImpl.finishRead(UnixAsynchronousSocketChannelImpl.java:439) ~[?:?]
	at sun.nio.ch.UnixAsynchronousSocketChannelImpl.finish(UnixAsynchronousSocketChannelImpl.java:191) ~[?:?]
	at sun.nio.ch.UnixAsynchronousSocketChannelImpl.onEvent(UnixAsynchronousSocketChannelImpl.java:213) ~[?:?]
	at sun.nio.ch.EPollPort$EventHandlerTask.run(EPollPort.java:306) ~[?:?]
	at sun.nio.ch.AsynchronousChannelGroupImpl$1.run(AsynchronousChannelGroupImpl.java:112) ~[?:?]
	at java.util.concurrent.ThreadPoolExecutor.runWorker(ThreadPoolExecutor.java:1128) ~[?:?]
	at java.util.concurrent.ThreadPoolExecutor$Worker.run(ThreadPoolExecutor.java:628) ~[?:?]
	at java.lang.Thread.run(Thread.java:829) [?:?]
[06/06/23 19:41:35:587 UTC]  INFO util.SecurityLogger: class com.dotmarketing.cms.login.factories.LoginFactory : User admin@dotcms.com has sucessfully logged in from IP: 172.19.0.1 -- ip:172.19.0.1,user:Admin User [ID: dotcms.org.1][email:admin@dotcms.com]
[06/06/23 19:41:35:597 UTC]  INFO business.IdentifierAPIImpl: Creating new identifier for versionable asset of type `containers` and title `abcd` 
[06/06/23 19:41:35:597 UTC]  INFO business.DeterministicIdentifierAPIImpl: hashing id: container:demo.dotcms.com/abcd to 5c6c7714fa2cd12830d0d422d2145e6d
[06/06/23 19:41:35:604 UTC]  WARN shorty.ShortyIdAPIImpl: An error occurred when getting shorty value for '' of type 'CONTENT': shorty  is not a short id.  Short Ids should be 10 chars in length
[06/06/23 19:41:35:634 UTC]  INFO util.ActivityLogger: class com.dotcms.rest.api.v1.container.ContainerResource: demo.dotcms.com : Save Container , User dotcms.org.1 savedabcd
[06/06/23 19:41:35:659 UTC]  INFO util.ActivityLogger: class com.dotcms.rest.api.v1.container.ContainerResource: system : Publish Container , User dotcms.org.1 published container: a95caff6-590f-4c45-9c96-3a344f45dd8e
[06/06/23 19:41:41:732 UTC]  INFO util.SecurityLogger: class com.dotmarketing.cms.login.factories.LoginFactory : User admin@dotcms.com has sucessfully logged in from IP: 172.19.0.1 -- ip:172.19.0.1,user:Admin User [ID: dotcms.org.1][email:admin@dotcms.com]
[06/06/23 19:41:44:774 UTC]  INFO util.ActivityLogger: class com.dotcms.rest.api.v1.container.ContainerResource: demo.dotcms.com : Update Container: a95caff6-590f-4c45-9c96-3a344f45dd8e , User dotcms.org.1 savedTestContainer
[06/06/23 19:41:47:837 UTC]  INFO util.SecurityLogger: class com.dotmarketing.cms.login.factories.LoginFactory : User admin@dotcms.com has sucessfully logged in from IP: 172.19.0.1 -- ip:172.19.0.1,user:Admin User [ID: dotcms.org.1][email:admin@dotcms.com]
[06/06/23 19:41:47:899 UTC]  INFO util.ActivityLogger: class com.dotcms.content.elasticsearch.business.ESContentletAPIImpl: System Host : Locking Content , StartDate: N/D; EndDate: N/D; User:dotcms.org.1; ContentIdentifier: 8a7d5e23-da1e-420a-b4f0-471e7da8ea2d
[06/06/23 19:41:47:906 UTC]  INFO business.ContentletIndexAPIImpl: Indexing: 8a7d5e23-da1e-420a-b4f0-471e7da8ea2d : default, includeDependencies: false, policy: FORCE
[06/06/23 19:41:47:908 UTC]  INFO util.ActivityLogger: class com.dotcms.content.elasticsearch.business.ESContentletAPIImpl: System Host : Content Locked , StartDate: N/D; EndDate: N/D; User:dotcms.org.1; ContentIdentifier: 8a7d5e23-da1e-420a-b4f0-471e7da8ea2d
[06/06/23 19:41:47:911 UTC]  INFO util.ActivityLogger: class com.dotcms.content.elasticsearch.business.ESContentletAPIImpl: System Host : Saving Content , StartDate: N/D; EndDate: N/D; User:dotcms.org.1; ContentIdentifier: 8a7d5e23-da1e-420a-b4f0-471e7da8ea2d
[06/06/23 19:41:47:942 UTC]  INFO timedcache.TimedCacheProvider: ***	 Building Cache : esquerycountcache, size:10000, seconds:3600,Concurrency:32 (every 60000 millis)
[06/06/23 19:41:48:074 UTC]  INFO business.ContentletIndexAPIImpl: Indexing: 8a7d5e23-da1e-420a-b4f0-471e7da8ea2d : default, includeDependencies: true, policy: FORCE
[06/06/23 19:41:48:139 UTC]  INFO util.ActivityLogger: class com.dotcms.content.elasticsearch.business.ESContentletAPIImpl: System Host : Content Saved , StartDate: N/D; EndDate: N/D; User:dotcms.org.1; ContentIdentifier: 8a7d5e23-da1e-420a-b4f0-471e7da8ea2d
[06/06/23 19:41:57:345 UTC]  INFO util.SecurityLogger: class com.dotmarketing.cms.login.factories.LoginFactory : User admin@dotcms.com has sucessfully logged in from IP: 172.19.0.1 -- ip:172.19.0.1,user:Admin User [ID: dotcms.org.1][email:admin@dotcms.com]
[06/06/23 19:42:00:422 UTC]  INFO util.SecurityLogger: class com.dotmarketing.cms.login.factories.LoginFactory : User admin@dotcms.com has sucessfully logged in from IP: 172.19.0.1 -- ip:172.19.0.1,user:Admin User [ID: dotcms.org.1][email:admin@dotcms.com]
[06/06/23 19:42:03:893 UTC]  INFO util.SecurityLogger: class com.dotmarketing.cms.login.factories.LoginFactory : User admin@dotcms.com has sucessfully logged in from IP: 172.19.0.1 -- ip:172.19.0.1,user:Admin User [ID: dotcms.org.1][email:admin@dotcms.com]
[06/06/23 19:42:06:956 UTC]  INFO util.SecurityLogger: class com.dotmarketing.cms.login.factories.LoginFactory : User admin@dotcms.com has sucessfully logged in from IP: 172.19.0.1 -- ip:172.19.0.1,user:Admin User [ID: dotcms.org.1][email:admin@dotcms.com]
[06/06/23 19:42:09:975 UTC]  INFO util.ActivityLogger: class com.dotcms.rest.api.v1.container.ContainerResource: system : Publish Container , User dotcms.org.1 published container: a95caff6-590f-4c45-9c96-3a344f45dd8e
[06/06/23 19:42:13:025 UTC]  INFO util.SecurityLogger: class com.dotmarketing.cms.login.factories.LoginFactory : User admin@dotcms.com has sucessfully logged in from IP: 172.19.0.1 -- ip:172.19.0.1,user:Admin User [ID: dotcms.org.1][email:admin@dotcms.com]
[06/06/23 19:42:16:144 UTC]  INFO util.SecurityLogger: class com.dotmarketing.cms.login.factories.LoginFactory : User admin@dotcms.com has sucessfully logged in from IP: 172.19.0.1 -- ip:172.19.0.1,user:Admin User [ID: dotcms.org.1][email:admin@dotcms.com]
[06/06/23 19:42:16:147 UTC]  WARN shorty.ShortyIdAPIImpl: An error occurred when getting shorty value for 'xxxxx' of type 'CONTENT': shorty xxxxx is not a short id.  Short Ids should be 10 chars in length
[06/06/23 19:42:16:147 UTC]  WARN mapper.ResourceNotFoundExceptionMapper: Can't find Container:xxxxx
org.apache.velocity.exception.ResourceNotFoundException: Can't find Container:xxxxx
	at com.dotcms.rest.api.v1.container.ContainerResource.lambda$getContainer$1(ContainerResource.java:502) ~[dotcms_null.jar:?]
	at java.util.Optional.orElseGet(Optional.java:369) ~[?:?]
	at com.dotcms.rest.api.v1.container.ContainerResource.getContainer(ContainerResource.java:501) ~[dotcms_null.jar:?]
	at com.dotcms.rest.api.v1.container.ContainerResource.getContainer(ContainerResource.java:452) ~[dotcms_null.jar:?]
	at com.dotcms.rest.api.v1.container.ContainerResource.getContainerLive(ContainerResource.java:447) ~[dotcms_null.jar:?]
	at com.dotcms.rest.api.v1.container.ContainerResource.getLiveById(ContainerResource.java:801) ~[dotcms_null.jar:?]
	at jdk.internal.reflect.NativeMethodAccessorImpl.invoke0(Native Method) ~[?:?]
	at jdk.internal.reflect.NativeMethodAccessorImpl.invoke(NativeMethodAccessorImpl.java:62) ~[?:?]
	at jdk.internal.reflect.DelegatingMethodAccessorImpl.invoke(DelegatingMethodAccessorImpl.java:43) ~[?:?]
	at java.lang.reflect.Method.invoke(Method.java:566) ~[?:?]
	at org.glassfish.jersey.server.model.internal.ResourceMethodInvocationHandlerFactory$1.invoke(ResourceMethodInvocationHandlerFactory.java:81) ~[jersey-server-2.22.1.jar:?]
	at org.glassfish.jersey.server.model.internal.AbstractJavaResourceMethodDispatcher$1.run(AbstractJavaResourceMethodDispatcher.java:144) ~[jersey-server-2.22.1.jar:?]
	at org.glassfish.jersey.server.model.internal.AbstractJavaResourceMethodDispatcher.invoke(AbstractJavaResourceMethodDispatcher.java:161) ~[jersey-server-2.22.1.jar:?]
	at org.glassfish.jersey.server.model.internal.JavaResourceMethodDispatcherProvider$ResponseOutInvoker.doDispatch(JavaResourceMethodDispatcherProvider.java:160) ~[jersey-server-2.22.1.jar:?]
	at org.glassfish.jersey.server.model.internal.AbstractJavaResourceMethodDispatcher.dispatch(AbstractJavaResourceMethodDispatcher.java:99) ~[jersey-server-2.22.1.jar:?]
	at org.glassfish.jersey.server.model.ResourceMethodInvoker.invoke(ResourceMethodInvoker.java:389) ~[jersey-server-2.22.1.jar:?]
	at org.glassfish.jersey.server.model.ResourceMethodInvoker.apply(ResourceMethodInvoker.java:347) ~[jersey-server-2.22.1.jar:?]
	at org.glassfish.jersey.server.model.ResourceMethodInvoker.apply(ResourceMethodInvoker.java:102) ~[jersey-server-2.22.1.jar:?]
	at org.glassfish.jersey.server.ServerRuntime$2.run(ServerRuntime.java:326) ~[jersey-server-2.22.1.jar:?]
	at org.glassfish.jersey.internal.Errors$1.call(Errors.java:271) ~[jersey-common-2.22.1.jar:?]
	at org.glassfish.jersey.internal.Errors$1.call(Errors.java:267) ~[jersey-common-2.22.1.jar:?]
	at org.glassfish.jersey.internal.Errors.process(Errors.java:315) ~[jersey-common-2.22.1.jar:?]
	at org.glassfish.jersey.internal.Errors.process(Errors.java:297) ~[jersey-common-2.22.1.jar:?]
	at org.glassfish.jersey.internal.Errors.process(Errors.java:267) ~[jersey-common-2.22.1.jar:?]
	at org.glassfish.jersey.process.internal.RequestScope.runInScope(RequestScope.java:317) ~[jersey-common-2.22.1.jar:?]
	at org.glassfish.jersey.server.ServerRuntime.process(ServerRuntime.java:305) ~[jersey-server-2.22.1.jar:?]
	at org.glassfish.jersey.server.ApplicationHandler.handle(ApplicationHandler.java:1154) ~[jersey-server-2.22.1.jar:?]
	at org.glassfish.jersey.servlet.WebComponent.serviceImpl(WebComponent.java:471) ~[jersey-container-servlet-core-2.22.1.jar:?]
	at org.glassfish.jersey.servlet.WebComponent.service(WebComponent.java:425) ~[jersey-container-servlet-core-2.22.1.jar:?]
	at org.glassfish.jersey.servlet.ServletContainer.service(ServletContainer.java:383) ~[jersey-container-servlet-core-2.22.1.jar:?]
	at org.glassfish.jersey.servlet.ServletContainer.service(ServletContainer.java:336) ~[jersey-container-servlet-core-2.22.1.jar:?]
	at org.glassfish.jersey.servlet.ServletContainer.service(ServletContainer.java:223) ~[jersey-container-servlet-core-2.22.1.jar:?]
	at com.dotcms.rest.servlet.ReloadableServletContainer.service(ReloadableServletContainer.java:117) ~[dotcms_null.jar:?]
	at org.apache.catalina.core.ApplicationFilterChain.internalDoFilter(ApplicationFilterChain.java:227) ~[catalina.jar:9.0.60]
	at org.apache.catalina.core.ApplicationFilterChain.doFilter(ApplicationFilterChain.java:162) ~[catalina.jar:9.0.60]
	at org.apache.tomcat.websocket.server.WsFilter.doFilter(WsFilter.java:53) ~[tomcat-websocket.jar:9.0.60]
	at org.apache.catalina.core.ApplicationFilterChain.internalDoFilter(ApplicationFilterChain.java:189) ~[catalina.jar:9.0.60]
	at org.apache.catalina.core.ApplicationFilterChain.doFilter(ApplicationFilterChain.java:162) ~[catalina.jar:9.0.60]
	at com.dotmarketing.filters.CMSFilter.doFilterInternal(CMSFilter.java:169) ~[dotcms_null.jar:?]
	at com.dotmarketing.filters.CMSFilter.doFilter(CMSFilter.java:49) ~[dotcms_null.jar:?]
	at org.apache.catalina.core.ApplicationFilterChain.internalDoFilter(ApplicationFilterChain.java:189) ~[catalina.jar:9.0.60]
	at org.apache.catalina.core.ApplicationFilterChain.doFilter(ApplicationFilterChain.java:162) ~[catalina.jar:9.0.60]
	at com.dotcms.filters.interceptor.AbstractWebInterceptorSupportFilter.doFilter(AbstractWebInterceptorSupportFilter.java:90) ~[dotcms_null.jar:?]
	at org.apache.catalina.core.ApplicationFilterChain.internalDoFilter(ApplicationFilterChain.java:189) ~[catalina.jar:9.0.60]
	at org.apache.catalina.core.ApplicationFilterChain.doFilter(ApplicationFilterChain.java:162) ~[catalina.jar:9.0.60]
	at com.dotcms.filters.interceptor.AbstractWebInterceptorSupportFilter.doFilter(AbstractWebInterceptorSupportFilter.java:90) ~[dotcms_null.jar:?]
	at org.apache.catalina.core.ApplicationFilterChain.internalDoFilter(ApplicationFilterChain.java:189) ~[catalina.jar:9.0.60]
	at org.apache.catalina.core.ApplicationFilterChain.doFilter(ApplicationFilterChain.java:162) ~[catalina.jar:9.0.60]
	at com.dotcms.visitor.filter.servlet.VisitorFilter.doFilter(VisitorFilter.java:81) ~[dotcms_null.jar:?]
	at org.apache.catalina.core.ApplicationFilterChain.internalDoFilter(ApplicationFilterChain.java:189) ~[catalina.jar:9.0.60]
	at org.apache.catalina.core.ApplicationFilterChain.doFilter(ApplicationFilterChain.java:162) ~[catalina.jar:9.0.60]
	at com.dotcms.vanityurl.filters.VanityURLFilter.doFilter(VanityURLFilter.java:114) ~[dotcms_null.jar:?]
	at org.apache.catalina.core.ApplicationFilterChain.internalDoFilter(ApplicationFilterChain.java:189) ~[catalina.jar:9.0.60]
	at org.apache.catalina.core.ApplicationFilterChain.doFilter(ApplicationFilterChain.java:162) ~[catalina.jar:9.0.60]
	at org.tuckey.web.filters.urlrewrite.RuleChain.handleRewrite(RuleChain.java:176) ~[urlrewritefilter-4.0.4.jar:4.0.4]
	at org.tuckey.web.filters.urlrewrite.RuleChain.doRules(RuleChain.java:145) ~[urlrewritefilter-4.0.4.jar:4.0.4]
	at org.tuckey.web.filters.urlrewrite.UrlRewriter.processRequest(UrlRewriter.java:92) ~[urlrewritefilter-4.0.4.jar:4.0.4]
	at org.tuckey.web.filters.urlrewrite.UrlRewriteFilter.doFilter(UrlRewriteFilter.java:389) ~[urlrewritefilter-4.0.4.jar:4.0.4]
	at org.apache.catalina.core.ApplicationFilterChain.internalDoFilter(ApplicationFilterChain.java:189) ~[catalina.jar:9.0.60]
	at org.apache.catalina.core.ApplicationFilterChain.doFilter(ApplicationFilterChain.java:162) ~[catalina.jar:9.0.60]
	at com.dotmarketing.filters.TimeMachineFilter.doFilter(TimeMachineFilter.java:67) ~[dotcms_null.jar:?]
	at org.apache.catalina.core.ApplicationFilterChain.internalDoFilter(ApplicationFilterChain.java:189) ~[catalina.jar:9.0.60]
	at org.apache.catalina.core.ApplicationFilterChain.doFilter(ApplicationFilterChain.java:162) ~[catalina.jar:9.0.60]
	at com.dotmarketing.filters.ThreadNameFilter.doFilter(ThreadNameFilter.java:88) ~[dotcms_null.jar:?]
	at org.apache.catalina.core.ApplicationFilterChain.internalDoFilter(ApplicationFilterChain.java:189) ~[catalina.jar:9.0.60]
	at org.apache.catalina.core.ApplicationFilterChain.doFilter(ApplicationFilterChain.java:162) ~[catalina.jar:9.0.60]
	at com.dotmarketing.filters.CookiesFilter.doFilter(CookiesFilter.java:53) ~[dotcms_null.jar:?]
	at org.apache.catalina.core.ApplicationFilterChain.internalDoFilter(ApplicationFilterChain.java:189) ~[catalina.jar:9.0.60]
	at org.apache.catalina.core.ApplicationFilterChain.doFilter(ApplicationFilterChain.java:162) ~[catalina.jar:9.0.60]
	at com.dotmarketing.filters.CharsetEncodingFilter.doFilter(CharsetEncodingFilter.java:99) ~[dotcms_null.jar:?]
	at org.apache.catalina.core.ApplicationFilterChain.internalDoFilter(ApplicationFilterChain.java:189) ~[catalina.jar:9.0.60]
	at org.apache.catalina.core.ApplicationFilterChain.doFilter(ApplicationFilterChain.java:162) ~[catalina.jar:9.0.60]
	at com.dotcms.filters.interceptor.AbstractWebInterceptorSupportFilter.doFilter(AbstractWebInterceptorSupportFilter.java:90) ~[dotcms_null.jar:?]
	at org.apache.catalina.core.ApplicationFilterChain.internalDoFilter(ApplicationFilterChain.java:189) ~[catalina.jar:9.0.60]
	at org.apache.catalina.core.ApplicationFilterChain.doFilter(ApplicationFilterChain.java:162) ~[catalina.jar:9.0.60]
	at org.apache.catalina.filters.HttpHeaderSecurityFilter.doFilter(HttpHeaderSecurityFilter.java:126) ~[catalina.jar:9.0.60]
	at org.apache.catalina.core.ApplicationFilterChain.internalDoFilter(ApplicationFilterChain.java:189) ~[catalina.jar:9.0.60]
	at org.apache.catalina.core.ApplicationFilterChain.doFilter(ApplicationFilterChain.java:162) ~[catalina.jar:9.0.60]
	at com.dotcms.filters.NormalizationFilter.doFilter(NormalizationFilter.java:89) ~[dotcms_null.jar:?]
	at org.apache.catalina.core.ApplicationFilterChain.internalDoFilter(ApplicationFilterChain.java:189) ~[catalina.jar:9.0.60]
	at org.apache.catalina.core.ApplicationFilterChain.doFilter(ApplicationFilterChain.java:162) ~[catalina.jar:9.0.60]
	at org.apache.catalina.core.StandardWrapperValve.invoke(StandardWrapperValve.java:197) ~[catalina.jar:9.0.60]
	at org.apache.catalina.core.StandardContextValve.invoke(StandardContextValve.java:97) ~[catalina.jar:9.0.60]
	at org.apache.catalina.authenticator.AuthenticatorBase.invoke(AuthenticatorBase.java:541) ~[catalina.jar:9.0.60]
	at org.apache.catalina.core.StandardHostValve.invoke(StandardHostValve.java:135) ~[catalina.jar:9.0.60]
	at org.apache.catalina.valves.AbstractAccessLogValve.invoke(AbstractAccessLogValve.java:687) ~[catalina.jar:9.0.60]
	at org.apache.catalina.valves.ErrorReportValve.invoke(ErrorReportValve.java:92) ~[catalina.jar:9.0.60]
	at org.apache.catalina.valves.RemoteIpValve.invoke(RemoteIpValve.java:769) ~[catalina.jar:9.0.60]
	at org.apache.catalina.core.StandardEngineValve.invoke(StandardEngineValve.java:78) ~[catalina.jar:9.0.60]
	at org.apache.catalina.connector.CoyoteAdapter.service(CoyoteAdapter.java:360) ~[catalina.jar:9.0.60]
	at org.apache.coyote.http11.Http11Processor.service(Http11Processor.java:399) ~[tomcat-coyote.jar:9.0.60]
	at org.apache.coyote.AbstractProcessorLight.process(AbstractProcessorLight.java:65) ~[tomcat-coyote.jar:9.0.60]
	at org.apache.coyote.AbstractProtocol$ConnectionHandler.process(AbstractProtocol.java:889) ~[tomcat-coyote.jar:9.0.60]
	at org.apache.tomcat.util.net.Nio2Endpoint$SocketProcessor.doRun(Nio2Endpoint.java:1701) ~[tomcat-coyote.jar:9.0.60]
	at org.apache.tomcat.util.net.SocketProcessorBase.run(SocketProcessorBase.java:49) ~[tomcat-coyote.jar:9.0.60]
	at org.apache.tomcat.util.net.AbstractEndpoint.processSocket(AbstractEndpoint.java:1190) ~[tomcat-coyote.jar:9.0.60]
	at org.apache.tomcat.util.net.Nio2Endpoint$Nio2SocketWrapper$2.completed(Nio2Endpoint.java:633) ~[tomcat-coyote.jar:9.0.60]
	at org.apache.tomcat.util.net.Nio2Endpoint$Nio2SocketWrapper$2.completed(Nio2Endpoint.java:611) ~[tomcat-coyote.jar:9.0.60]
	at sun.nio.ch.Invoker.invokeUnchecked(Invoker.java:127) ~[?:?]
	at sun.nio.ch.UnixAsynchronousSocketChannelImpl.finishRead(UnixAsynchronousSocketChannelImpl.java:439) ~[?:?]
	at sun.nio.ch.UnixAsynchronousSocketChannelImpl.finish(UnixAsynchronousSocketChannelImpl.java:191) ~[?:?]
	at sun.nio.ch.UnixAsynchronousSocketChannelImpl.onEvent(UnixAsynchronousSocketChannelImpl.java:213) ~[?:?]
	at sun.nio.ch.EPollPort$EventHandlerTask.run(EPollPort.java:306) ~[?:?]
	at sun.nio.ch.AsynchronousChannelGroupImpl$1.run(AsynchronousChannelGroupImpl.java:112) ~[?:?]
	at java.util.concurrent.ThreadPoolExecutor.runWorker(ThreadPoolExecutor.java:1128) ~[?:?]
	at java.util.concurrent.ThreadPoolExecutor$Worker.run(ThreadPoolExecutor.java:628) ~[?:?]
	at java.lang.Thread.run(Thread.java:829) [?:?]
[06/06/23 19:42:19:211 UTC]  INFO util.SecurityLogger: class com.dotmarketing.cms.login.factories.LoginFactory : User admin@dotcms.com has sucessfully logged in from IP: 172.19.0.1 -- ip:172.19.0.1,user:Admin User [ID: dotcms.org.1][email:admin@dotcms.com]
[06/06/23 19:42:22:228 UTC]  INFO util.ActivityLogger: class com.dotcms.rest.api.v1.container.ContainerResource: system : Unpublish Container , User dotcms.org.1 unpublished container: a95caff6-590f-4c45-9c96-3a344f45dd8e
[06/06/23 19:42:25:307 UTC]  INFO util.SecurityLogger: class com.dotmarketing.cms.login.factories.LoginFactory : User admin@dotcms.com has sucessfully logged in from IP: 172.19.0.1 -- ip:172.19.0.1,user:Admin User [ID: dotcms.org.1][email:admin@dotcms.com]
[06/06/23 19:42:25:345 UTC]  INFO util.ActivityLogger: class com.dotcms.content.elasticsearch.business.ESContentletAPIImpl: default : Unpublishing Content , StartDate: N/D; EndDate: N/D; User:dotcms.org.1; ContentIdentifier: 0eb4d77ee7df4372604bdb32f97f9b25
[06/06/23 19:42:25:399 UTC]  INFO business.ESContentletAPIImpl: The contentlet: 0eb4d77ee7df4372604bdb32f97f9b25 hasn't action id set using the default action: 38efc763-d78f-4e4b-b092-59cd8c579b93
[06/06/23 19:42:25:400 UTC]  INFO business.ESContentletAPIImpl: The action: 38efc763-d78f-4e4b-b092-59cd8c579b93 has an unpublish contentlet actionlet so firing a workflow and skipping the current publish for the contentlet: 0eb4d77ee7df4372604bdb32f97f9b25
[06/06/23 19:42:25:424 UTC]  INFO util.ActivityLogger: class com.dotcms.content.elasticsearch.business.ESContentletAPIImpl: default : Unpublishing Content , StartDate: N/D; EndDate: N/D; User:dotcms.org.1; ContentIdentifier: 0eb4d77ee7df4372604bdb32f97f9b25
[06/06/23 19:42:25:544 UTC]  INFO util.ActivityLogger: class com.dotcms.content.elasticsearch.business.ESContentletAPIImpl: default : Content Unpublished , StartDate: N/D; EndDate: N/D; User:dotcms.org.1; ContentIdentifier: 0eb4d77ee7df4372604bdb32f97f9b25
[06/06/23 19:42:25:553 UTC]  INFO util.SecurityLogger: class com.dotmarketing.portlets.workflows.business.WorkflowAPIImpl : Workflow task '557ec5ac-91c6-4240-b04c-b19dc16d0224' has been saved. -- ip:172.19.0.1,user:Admin User [ID: dotcms.org.1][email:admin@dotcms.com]
[06/06/23 19:42:25:555 UTC]  INFO util.SecurityLogger: class com.dotmarketing.portlets.workflows.business.WorkflowAPIImpl : Workflow History '636d0a9f-f016-45d4-9bdb-b646380e2f1b' has been saved. -- ip:172.19.0.1,user:Admin User [ID: dotcms.org.1][email:admin@dotcms.com]
[06/06/23 19:42:25:556 UTC]  INFO business.WorkflowAPIImpl: Needs reindex, adding the contentlet to the index at the end of the workflow execution
[06/06/23 19:42:25:558 UTC]  INFO business.ContentletIndexAPIImpl: Indexing: 0eb4d77ee7df4372604bdb32f97f9b25 : container.vtl, includeDependencies: false, policy: FORCE
[06/06/23 19:42:25:559 UTC]  INFO business.WorkflowAPIImpl: Added contentlet to the index at the end of the workflow execution, dependencies: false
[06/06/23 19:42:25:559 UTC]  INFO reindex.ReindexQueueAPIImpl: addIdentifierReindex: 0eb4d77ee7df4372604bdb32f97f9b25
[06/06/23 19:42:25:562 UTC]  INFO business.ESContentletAPIImpl: A Workflow has been ran instead of unpublish the contentlet: 0eb4d77ee7df4372604bdb32f97f9b25
[06/06/23 19:42:25:693 UTC]  INFO reindex.ReindexThread: --- Unpausing reindex thread 
[06/06/23 19:42:25:808 UTC]  INFO reindex.BulkProcessorListener: -----------
[06/06/23 19:42:25:809 UTC]  INFO reindex.BulkProcessorListener: Reindexing Server #  : 1 of 1
[06/06/23 19:42:25:809 UTC]  INFO reindex.BulkProcessorListener: Total Indexed        : 0
[06/06/23 19:42:25:809 UTC]  INFO reindex.BulkProcessorListener: ReindexEntries found : 1
[06/06/23 19:42:25:809 UTC]  INFO reindex.BulkProcessorListener: BulkRequests created : 1
[06/06/23 19:42:25:809 UTC]  INFO reindex.BulkProcessorListener: -----------
[06/06/23 19:42:31:706 UTC]  INFO util.ActivityLogger: class com.dotcms.rest.api.v1.container.ContainerResource: system : Unpublish Container , User dotcms.org.1 unpublished container: 0eb4d77ee7df4372604bdb32f97f9b25
[06/06/23 19:42:34:846 UTC]  INFO util.SecurityLogger: class com.dotmarketing.cms.login.factories.LoginFactory : User admin@dotcms.com has sucessfully logged in from IP: 172.19.0.1 -- ip:172.19.0.1,user:Admin User [ID: dotcms.org.1][email:admin@dotcms.com]
[06/06/23 19:42:37:859 UTC]  INFO util.ActivityLogger: class com.dotcms.rest.api.v1.container.ContainerResource: system : Doing Archive Container Action , User dotcms.org.1 archived container: a95caff6-590f-4c45-9c96-3a344f45dd8e
[06/06/23 19:42:40:936 UTC]  INFO util.SecurityLogger: class com.dotmarketing.cms.login.factories.LoginFactory : User admin@dotcms.com has sucessfully logged in from IP: 172.19.0.1 -- ip:172.19.0.1,user:Admin User [ID: dotcms.org.1][email:admin@dotcms.com]
[06/06/23 19:42:40:953 UTC]  INFO util.ActivityLogger: class com.dotcms.content.elasticsearch.business.ESContentletAPIImpl: default : Archiving Content , StartDate: N/A; EndDate: N/A; User:dotcms.org.1; ContentIdentifier: 0eb4d77ee7df4372604bdb32f97f9b25
[06/06/23 19:42:40:994 UTC]  INFO business.ESContentletAPIImpl: The contentlet: 0eb4d77ee7df4372604bdb32f97f9b25 hasn't action id set using the default action: 4da13a42-5d59-480c-ad8f-94a3adf809fe
[06/06/23 19:42:40:996 UTC]  INFO business.ESContentletAPIImpl: The action: 4da13a42-5d59-480c-ad8f-94a3adf809fe has an archive contentlet actionlet so firing a workflow and skipping the current archive for the contentlet: 0eb4d77ee7df4372604bdb32f97f9b25
[06/06/23 19:42:41:016 UTC]  INFO util.ActivityLogger: class com.dotcms.content.elasticsearch.business.ESContentletAPIImpl: default : Archiving Content , StartDate: N/A; EndDate: N/A; User:dotcms.org.1; ContentIdentifier: 0eb4d77ee7df4372604bdb32f97f9b25
[06/06/23 19:42:41:027 UTC]  INFO business.ContentletIndexAPIImpl: Indexing: 0eb4d77ee7df4372604bdb32f97f9b25 : container.vtl, includeDependencies: true, policy: FORCE
[06/06/23 19:42:41:092 UTC]  INFO util.ActivityLogger: class com.dotcms.content.elasticsearch.business.ESContentletAPIImpl: default : Content Archived , StartDate: N/A; EndDate: N/A; User:dotcms.org.1; ContentIdentifier: 0eb4d77ee7df4372604bdb32f97f9b25
[06/06/23 19:42:41:100 UTC]  INFO util.SecurityLogger: class com.dotmarketing.portlets.workflows.business.WorkflowAPIImpl : Workflow task '557ec5ac-91c6-4240-b04c-b19dc16d0224' has been saved. -- ip:172.19.0.1,user:Admin User [ID: dotcms.org.1][email:admin@dotcms.com]
[06/06/23 19:42:41:102 UTC]  INFO util.SecurityLogger: class com.dotmarketing.portlets.workflows.business.WorkflowAPIImpl : Workflow History '2de92443-2a52-4d1d-99fa-c0f806eaa940' has been saved. -- ip:172.19.0.1,user:Admin User [ID: dotcms.org.1][email:admin@dotcms.com]
[06/06/23 19:42:41:102 UTC]  INFO business.WorkflowAPIImpl: Needs reindex, adding the contentlet to the index at the end of the workflow execution
[06/06/23 19:42:41:102 UTC]  INFO business.ContentletIndexAPIImpl: Indexing: 0eb4d77ee7df4372604bdb32f97f9b25 : container.vtl, includeDependencies: false, policy: FORCE
[06/06/23 19:42:41:102 UTC]  INFO business.WorkflowAPIImpl: Added contentlet to the index at the end of the workflow execution, dependencies: false
[06/06/23 19:42:41:102 UTC]  INFO reindex.ReindexQueueAPIImpl: addIdentifierReindex: 0eb4d77ee7df4372604bdb32f97f9b25
[06/06/23 19:42:41:103 UTC]  INFO business.ESContentletAPIImpl: A Workflow has been ran instead of archive the contentlet: 0eb4d77ee7df4372604bdb32f97f9b25
[06/06/23 19:42:41:356 UTC]  INFO reindex.ReindexThread: --- Unpausing reindex thread 
[06/06/23 19:42:41:634 UTC]  INFO reindex.BulkProcessorListener: -----------
[06/06/23 19:42:41:636 UTC]  INFO reindex.BulkProcessorListener: Reindexing Server #  : 1 of 1
[06/06/23 19:42:41:636 UTC]  INFO reindex.BulkProcessorListener: Total Indexed        : 0
[06/06/23 19:42:41:636 UTC]  INFO reindex.BulkProcessorListener: ReindexEntries found : 1
[06/06/23 19:42:41:636 UTC]  INFO reindex.BulkProcessorListener: BulkRequests created : 1
[06/06/23 19:42:41:636 UTC]  INFO reindex.BulkProcessorListener: -----------
[06/06/23 19:42:47:370 UTC]  INFO util.ActivityLogger: class com.dotcms.rest.api.v1.container.ContainerResource: system : Doing Archive Container Action , User dotcms.org.1 archived container: 0eb4d77ee7df4372604bdb32f97f9b25
[06/06/23 19:42:50:434 UTC]  INFO util.SecurityLogger: class com.dotmarketing.cms.login.factories.LoginFactory : User admin@dotcms.com has sucessfully logged in from IP: 172.19.0.1 -- ip:172.19.0.1,user:Admin User [ID: dotcms.org.1][email:admin@dotcms.com]
[06/06/23 19:42:53:457 UTC]  INFO util.ActivityLogger: class com.dotcms.rest.api.v1.container.ContainerResource: system : Doing Archive Container Action , User dotcms.org.1 archived container: a95caff6-590f-4c45-9c96-3a344f45dd8e
[06/06/23 19:42:56:513 UTC]  INFO util.SecurityLogger: class com.dotmarketing.cms.login.factories.LoginFactory : User admin@dotcms.com has sucessfully logged in from IP: 172.19.0.1 -- ip:172.19.0.1,user:Admin User [ID: dotcms.org.1][email:admin@dotcms.com]
[06/06/23 19:42:56:523 UTC]  INFO util.ActivityLogger: class com.dotcms.content.elasticsearch.business.ESContentletAPIImpl: default : Unarchiving Content , StartDate: N/D; EndDate: N/D; User:dotcms.org.1; ContentIdentifier: 0eb4d77ee7df4372604bdb32f97f9b25
[06/06/23 19:42:56:548 UTC]  INFO business.ESContentletAPIImpl: The contentlet: 0eb4d77ee7df4372604bdb32f97f9b25 hasn't action id set using the default action: c92f9aa1-9503-4567-ac30-d3242b54d02d
[06/06/23 19:42:56:549 UTC]  INFO business.ESContentletAPIImpl: The action: c92f9aa1-9503-4567-ac30-d3242b54d02d has an unarchive contentlet actionlet so firing a workflow and skipping the current unarchive for the contentlet: 0eb4d77ee7df4372604bdb32f97f9b25
[06/06/23 19:42:56:567 UTC]  INFO util.ActivityLogger: class com.dotcms.content.elasticsearch.business.ESContentletAPIImpl: default : Unarchiving Content , StartDate: N/D; EndDate: N/D; User:dotcms.org.1; ContentIdentifier: 0eb4d77ee7df4372604bdb32f97f9b25
[06/06/23 19:42:56:574 UTC]  INFO business.ContentletIndexAPIImpl: Indexing: 0eb4d77ee7df4372604bdb32f97f9b25 : container.vtl, includeDependencies: true, policy: FORCE
[06/06/23 19:42:56:598 UTC]  INFO timedcache.TimedCacheProvider: ***	 Building Cache : esquerycache, size:10000, seconds:3600,Concurrency:32 (every 60000 millis)
[06/06/23 19:42:56:602 UTC]  INFO util.ActivityLogger: class com.dotcms.content.elasticsearch.business.ESContentletAPIImpl: default : Content Unarchived , StartDate: N/D; EndDate: N/D; User:dotcms.org.1; ContentIdentifier: 0eb4d77ee7df4372604bdb32f97f9b25
[06/06/23 19:42:56:605 UTC]  INFO util.SecurityLogger: class com.dotmarketing.portlets.workflows.business.WorkflowAPIImpl : Workflow task '557ec5ac-91c6-4240-b04c-b19dc16d0224' has been saved. -- ip:172.19.0.1,user:Admin User [ID: dotcms.org.1][email:admin@dotcms.com]
[06/06/23 19:42:56:606 UTC]  INFO util.SecurityLogger: class com.dotmarketing.portlets.workflows.business.WorkflowAPIImpl : Workflow History '65cba489-e394-46a7-ae03-19f71140ac55' has been saved. -- ip:172.19.0.1,user:Admin User [ID: dotcms.org.1][email:admin@dotcms.com]
[06/06/23 19:42:56:607 UTC]  INFO business.WorkflowAPIImpl: Needs reindex, adding the contentlet to the index at the end of the workflow execution
[06/06/23 19:42:56:608 UTC]  INFO business.ContentletIndexAPIImpl: Indexing: 0eb4d77ee7df4372604bdb32f97f9b25 : container.vtl, includeDependencies: false, policy: FORCE
[06/06/23 19:42:56:609 UTC]  INFO business.WorkflowAPIImpl: Added contentlet to the index at the end of the workflow execution, dependencies: false
[06/06/23 19:42:56:609 UTC]  INFO reindex.ReindexQueueAPIImpl: addIdentifierReindex: 0eb4d77ee7df4372604bdb32f97f9b25
[06/06/23 19:42:56:611 UTC]  INFO business.ESContentletAPIImpl: A Workflow has been ran instead of unarchive the contentlet: 0eb4d77ee7df4372604bdb32f97f9b25
[06/06/23 19:42:56:771 UTC]  INFO reindex.ReindexThread: --- Unpausing reindex thread 
[06/06/23 19:42:56:949 UTC]  INFO reindex.BulkProcessorListener: -----------
[06/06/23 19:42:56:949 UTC]  INFO reindex.BulkProcessorListener: Reindexing Server #  : 1 of 1
[06/06/23 19:42:56:949 UTC]  INFO reindex.BulkProcessorListener: Total Indexed        : 0
[06/06/23 19:42:56:949 UTC]  INFO reindex.BulkProcessorListener: ReindexEntries found : 1
[06/06/23 19:42:56:949 UTC]  INFO reindex.BulkProcessorListener: BulkRequests created : 1
[06/06/23 19:42:56:950 UTC]  INFO reindex.BulkProcessorListener: -----------
[06/06/23 19:43:02:779 UTC]  INFO util.ActivityLogger: class com.dotcms.rest.api.v1.container.ContainerResource: system : Doing Archive Container Action , User dotcms.org.1 archived container: 0eb4d77ee7df4372604bdb32f97f9b25
[06/06/23 19:43:05:837 UTC]  INFO util.SecurityLogger: class com.dotmarketing.cms.login.factories.LoginFactory : User admin@dotcms.com has sucessfully logged in from IP: 172.19.0.1 -- ip:172.19.0.1,user:Admin User [ID: dotcms.org.1][email:admin@dotcms.com]
[06/06/23 19:43:05:848 UTC]  INFO util.ActivityLogger: class com.dotcms.content.elasticsearch.business.ESContentletAPIImpl: default : Publishing Content , StartDate: N/D; EndDate: N/D; User:dotcms.org.1; ContentIdentifier: 0eb4d77ee7df4372604bdb32f97f9b25
[06/06/23 19:43:05:860 UTC]  INFO business.ESContentletAPIImpl: The contentlet: 0eb4d77ee7df4372604bdb32f97f9b25 hasn't action id set using the default action: b9d89c80-3d88-4311-8365-187323c96436
[06/06/23 19:43:05:862 UTC]  INFO business.ESContentletAPIImpl: The action: b9d89c80-3d88-4311-8365-187323c96436 has a publish contentlet actionlet so firing a workflow and skipping the current publish for the contentlet: 0eb4d77ee7df4372604bdb32f97f9b25
[06/06/23 19:43:05:879 UTC]  INFO util.ActivityLogger: class com.dotcms.content.elasticsearch.business.ESContentletAPIImpl: default : Locking Content , StartDate: N/D; EndDate: N/D; User:dotcms.org.1; ContentIdentifier: 0eb4d77ee7df4372604bdb32f97f9b25
[06/06/23 19:43:05:884 UTC]  INFO util.ActivityLogger: class com.dotcms.content.elasticsearch.business.ESContentletAPIImpl: default : Content Locked , StartDate: N/D; EndDate: N/D; User:dotcms.org.1; ContentIdentifier: 0eb4d77ee7df4372604bdb32f97f9b25
[06/06/23 19:43:05:884 UTC]  INFO util.ActivityLogger: class com.dotcms.content.elasticsearch.business.ESContentletAPIImpl: default : Saving Content , StartDate: N/D; EndDate: N/D; User:dotcms.org.1; ContentIdentifier: 0eb4d77ee7df4372604bdb32f97f9b25
[06/06/23 19:43:05:930 UTC]  INFO reindex.ReindexQueueAPIImpl: addIdentifierReindex: 0eb4d77ee7df4372604bdb32f97f9b25
[06/06/23 19:43:05:990 UTC]  INFO util.ActivityLogger: class com.dotcms.content.elasticsearch.business.ESContentletAPIImpl: default : Content Saved , StartDate: N/D; EndDate: N/D; User:dotcms.org.1; ContentIdentifier: 0eb4d77ee7df4372604bdb32f97f9b25
[06/06/23 19:43:05:993 UTC]  INFO util.ActivityLogger: class com.dotcms.content.elasticsearch.business.ESContentletAPIImpl: default : Publishing Content , StartDate: N/D; EndDate: N/D; User:dotcms.org.1; ContentIdentifier: 0eb4d77ee7df4372604bdb32f97f9b25
[06/06/23 19:43:06:036 UTC]  INFO util.ActivityLogger: class com.dotcms.content.elasticsearch.business.ESContentletAPIImpl: default : Content Published , StartDate: N/D; EndDate: N/D; User:dotcms.org.1; ContentIdentifier: 0eb4d77ee7df4372604bdb32f97f9b25
[06/06/23 19:43:06:040 UTC]  INFO util.ActivityLogger: class com.dotcms.content.elasticsearch.business.ESContentletAPIImpl: default : Unlocking Content , StartDate: N/D; EndDate: N/D; User:dotcms.org.1; ContentIdentifier: 0eb4d77ee7df4372604bdb32f97f9b25
[06/06/23 19:43:06:049 UTC]  INFO util.ActivityLogger: class com.dotcms.content.elasticsearch.business.ESContentletAPIImpl: default : Content Unlocked , StartDate: N/D; EndDate: N/D; User:dotcms.org.1; ContentIdentifier: 0eb4d77ee7df4372604bdb32f97f9b25
[06/06/23 19:43:06:053 UTC]  INFO util.SecurityLogger: class com.dotmarketing.portlets.workflows.business.WorkflowAPIImpl : Workflow task '557ec5ac-91c6-4240-b04c-b19dc16d0224' has been saved. -- ip:172.19.0.1,user:Admin User [ID: dotcms.org.1][email:admin@dotcms.com]
[06/06/23 19:43:06:054 UTC]  INFO util.SecurityLogger: class com.dotmarketing.portlets.workflows.business.WorkflowAPIImpl : Workflow History 'c27a58fe-1525-41c1-9591-bff7d739e5d7' has been saved. -- ip:172.19.0.1,user:Admin User [ID: dotcms.org.1][email:admin@dotcms.com]
[06/06/23 19:43:06:054 UTC]  INFO business.WorkflowAPIImpl: Needs reindex, adding the contentlet to the index at the end of the workflow execution
[06/06/23 19:43:06:054 UTC]  INFO business.ContentletIndexAPIImpl: Indexing: 0eb4d77ee7df4372604bdb32f97f9b25 : container.vtl, includeDependencies: true, policy: FORCE
[06/06/23 19:43:06:059 UTC]  INFO business.WorkflowAPIImpl: Added contentlet to the index at the end of the workflow execution, dependencies: true
[06/06/23 19:43:06:059 UTC]  INFO reindex.ReindexQueueAPIImpl: addIdentifierReindex: 0eb4d77ee7df4372604bdb32f97f9b25
[06/06/23 19:43:06:063 UTC]  INFO business.ESContentletAPIImpl: A Workflow has been run instead of a simple publish: 0eb4d77ee7df4372604bdb32f97f9b25
[06/06/23 19:43:06:072 UTC]  INFO reindex.ReindexThread: --- Unpausing reindex thread 
[06/06/23 19:43:06:262 UTC]  INFO reindex.BulkProcessorListener: -----------
[06/06/23 19:43:06:263 UTC]  INFO reindex.BulkProcessorListener: Reindexing Server #  : 1 of 1
[06/06/23 19:43:06:263 UTC]  INFO reindex.BulkProcessorListener: Total Indexed        : 0
[06/06/23 19:43:06:264 UTC]  INFO reindex.BulkProcessorListener: ReindexEntries found : 1
[06/06/23 19:43:06:264 UTC]  INFO reindex.BulkProcessorListener: BulkRequests created : 2
[06/06/23 19:43:06:265 UTC]  INFO reindex.BulkProcessorListener: -----------
[06/06/23 19:43:12:309 UTC]  INFO util.ActivityLogger: class com.dotcms.rest.api.v1.container.ContainerResource: system : Publish Container , User dotcms.org.1 published container: 0eb4d77ee7df4372604bdb32f97f9b25
[06/06/23 19:43:15:424 UTC]  INFO util.SecurityLogger: class com.dotmarketing.cms.login.factories.LoginFactory : User admin@dotcms.com has sucessfully logged in from IP: 172.19.0.1 -- ip:172.19.0.1,user:Admin User [ID: dotcms.org.1][email:admin@dotcms.com]
[06/06/23 19:43:18:491 UTC]  INFO util.ActivityLogger: class com.dotcms.rest.api.v1.container.ContainerResource: system : Done Delete Container , User dotcms.org.1 deleted container: a95caff6-590f-4c45-9c96-3a344f45dd8e
[06/06/23 19:43:21:542 UTC]  INFO util.SecurityLogger: class com.dotmarketing.cms.login.factories.LoginFactory : User admin@dotcms.com has sucessfully logged in from IP: 172.19.0.1 -- ip:172.19.0.1,user:Admin User [ID: dotcms.org.1][email:admin@dotcms.com]
[06/06/23 19:43:21:551 UTC]  INFO business.IdentifierAPIImpl: Creating new identifier for versionable asset of type `containers` and title `Container to be archived` 
[06/06/23 19:43:21:551 UTC]  INFO business.DeterministicIdentifierAPIImpl: hashing id: container:demo.dotcms.com/container to be archived to 486d5022846bda6ee279bf9cc328d8e1
[06/06/23 19:43:21:553 UTC]  WARN shorty.ShortyIdAPIImpl: An error occurred when getting shorty value for '' of type 'CONTENT': shorty  is not a short id.  Short Ids should be 10 chars in length
[06/06/23 19:43:21:577 UTC]  INFO util.ActivityLogger: class com.dotcms.rest.api.v1.container.ContainerResource: demo.dotcms.com : Save Container , User dotcms.org.1 savedContainer to be archived
[06/06/23 19:43:21:595 UTC]  INFO util.ActivityLogger: class com.dotcms.rest.api.v1.container.ContainerResource: system : Publish Container , User dotcms.org.1 published container: 486d5022846bda6ee279bf9cc328d8e1
[06/06/23 19:43:27:685 UTC]  INFO util.SecurityLogger: class com.dotmarketing.cms.login.factories.LoginFactory : User admin@dotcms.com has sucessfully logged in from IP: 172.19.0.1 -- ip:172.19.0.1,user:Admin User [ID: dotcms.org.1][email:admin@dotcms.com]
[06/06/23 19:43:30:717 UTC]  INFO util.ActivityLogger: class com.dotcms.rest.api.v1.container.ContainerResource: system : Unpublish Container , User dotcms.org.1 unpublished container: 486d5022846bda6ee279bf9cc328d8e1
[06/06/23 19:43:33:776 UTC]  INFO util.SecurityLogger: class com.dotmarketing.cms.login.factories.LoginFactory : User admin@dotcms.com has sucessfully logged in from IP: 172.19.0.1 -- ip:172.19.0.1,user:Admin User [ID: dotcms.org.1][email:admin@dotcms.com]
[06/06/23 19:43:36:805 UTC]  INFO util.ActivityLogger: class com.dotcms.rest.api.v1.container.ContainerResource: system : Doing Archive Container Action , User dotcms.org.1 archived container: 486d5022846bda6ee279bf9cc328d8e1
[06/06/23 19:43:39:870 UTC]  INFO util.SecurityLogger: class com.dotmarketing.cms.login.factories.LoginFactory : User admin@dotcms.com has sucessfully logged in from IP: 172.19.0.1 -- ip:172.19.0.1,user:Admin User [ID: dotcms.org.1][email:admin@dotcms.com]
[06/06/23 19:43:43:022 UTC]  INFO util.SecurityLogger: class com.dotmarketing.cms.login.factories.LoginFactory : User admin@dotcms.com has sucessfully logged in from IP: 172.19.0.1 -- ip:172.19.0.1,user:Admin User [ID: dotcms.org.1][email:admin@dotcms.com]
