[14/06/23 20:03:47:486 UTC]  INFO loggers.Log4jUtil: Async Logger enabled: true
[14/06/23 20:03:47:492 UTC]  INFO listeners.ContextLifecycleListener: Installing the web socket
[14/06/23 20:03:48:469 UTC]  INFO business.CacheLocator: loading cache administrator: ChainableCacheAdministratorImpl
[14/06/23 20:03:49:016 UTC]  INFO db.DataSourceStrategyProvider: Datasource loaded using custom class com.dotmarketing.db.SystemEnvDataSourceStrategy
[14/06/23 20:03:49:047 UTC]  INFO cfg.Environment: Hibernate 2.1.8
[14/06/23 20:03:49:048 UTC]  INFO cfg.Environment: hibernate.properties not found
[14/06/23 20:03:49:050 UTC]  INFO cfg.Environment: using CGLIB reflection optimizer
[14/06/23 20:03:49:053 UTC]  INFO cfg.Environment: using JDK 1.4 java.sql.Timestamp handling
[14/06/23 20:03:49:057 UTC]  INFO cfg.Configuration: configuring from resource: /hibernate.cfg.xml
[14/06/23 20:03:49:057 UTC]  INFO cfg.Configuration: Configuration resource: /hibernate.cfg.xml
[14/06/23 20:03:49:157 UTC]  INFO cfg.Configuration: Configured SessionFactory: null
[14/06/23 20:03:49:159 UTC]  INFO cfg.Configuration: Mapping resource: META-INF/portal-hbm.xml
[14/06/23 20:03:49:253 UTC]  INFO cfg.Binder: Mapping class: com.liferay.portal.ejb.AddressHBM -> Address
[14/06/23 20:03:49:350 UTC]  INFO cfg.Binder: Mapping class: com.liferay.portal.ejb.CompanyHBM -> Company
[14/06/23 20:03:49:359 UTC]  INFO cfg.Binder: Mapping class: com.liferay.portal.ejb.ImageHBM -> Image
[14/06/23 20:03:49:364 UTC]  INFO cfg.Binder: Mapping class: com.liferay.portal.ejb.PasswordTrackerHBM -> PasswordTracker
[14/06/23 20:03:49:370 UTC]  INFO cfg.Binder: Mapping class: com.liferay.portal.ejb.UserHBM -> User_
[14/06/23 20:03:49:380 UTC]  INFO cfg.Binder: Mapping class: com.liferay.portal.ejb.UserTrackerHBM -> UserTracker
[14/06/23 20:03:49:384 UTC]  INFO cfg.Binder: Mapping class: com.liferay.portal.ejb.UserTrackerPathHBM -> UserTrackerPath
[14/06/23 20:03:49:388 UTC]  INFO cfg.Binder: Mapping class: com.liferay.portlet.admin.ejb.AdminConfigHBM -> AdminConfig
[14/06/23 20:03:49:389 UTC]  INFO cfg.Configuration: Mapping resource: com/dotmarketing/beans/DotCMSSeq.hbm.xml
[14/06/23 20:03:49:417 UTC]  INFO cfg.Binder: Mapping class: com.dotmarketing.beans.Inode -> inode
[14/06/23 20:03:49:432 UTC]  INFO cfg.Binder: Mapping joined-subclass: com.dotmarketing.portlets.containers.model.Container -> dot_containers
[14/06/23 20:03:49:436 UTC]  INFO cfg.Binder: Mapping joined-subclass: com.dotmarketing.portlets.links.model.Link -> links
[14/06/23 20:03:49:441 UTC]  INFO cfg.Binder: Mapping joined-subclass: com.dotmarketing.portlets.structure.model.Field -> field
[14/06/23 20:03:49:447 UTC]  INFO cfg.Binder: Mapping class: com.dotmarketing.portlets.workflows.model.WorkflowTask -> workflow_task
[14/06/23 20:03:49:455 UTC]  INFO cfg.Binder: Mapping class: com.dotmarketing.portlets.workflows.model.WorkflowComment -> workflow_comment
[14/06/23 20:03:49:457 UTC]  INFO cfg.Binder: Mapping class: com.dotmarketing.portlets.workflows.model.WorkflowHistory -> workflow_history
[14/06/23 20:03:49:460 UTC]  INFO cfg.Binder: Mapping class: com.dotmarketing.portlets.workflows.model.WorkFlowTaskFiles -> workflowtask_files
[14/06/23 20:03:49:465 UTC]  INFO cfg.Binder: Mapping class: com.dotmarketing.beans.Permission -> permission
[14/06/23 20:03:49:470 UTC]  INFO cfg.Binder: Mapping class: com.dotmarketing.beans.PermissionReference -> permission_reference
[14/06/23 20:03:49:474 UTC]  INFO cfg.Binder: Mapping class: com.dotmarketing.beans.Tree -> tree
[14/06/23 20:03:49:710 UTC]  INFO cfg.Binder: Mapping class: com.dotmarketing.beans.MultiTree -> multi_tree
[14/06/23 20:03:49:749 UTC]  INFO util.ReflectHelper: reflection optimizer disabled for: com.dotmarketing.beans.MultiTree, BulkBeanException: Index 1 out of bounds for length 0 (property setParent1)
[14/06/23 20:03:49:751 UTC]  INFO cfg.Binder: Mapping class: com.dotmarketing.beans.Clickstream -> clickstream
[14/06/23 20:03:49:768 UTC]  INFO cfg.Binder: Mapping class: com.dotmarketing.beans.ClickstreamRequest -> clickstream_request
[14/06/23 20:03:49:770 UTC]  INFO cfg.Binder: Mapping class: com.dotmarketing.beans.Clickstream404 -> clickstream_404
[14/06/23 20:03:49:780 UTC]  INFO cfg.Binder: Mapping class: com.dotmarketing.tag.model.Tag -> tag
[14/06/23 20:03:49:782 UTC]  INFO cfg.Binder: Mapping class: com.dotmarketing.tag.model.TagInode -> tag_inode
[14/06/23 20:03:49:820 UTC]  INFO cfg.Binder: Mapping class: com.dotmarketing.beans.ChallengeQuestion -> challenge_question
[14/06/23 20:03:49:822 UTC]  INFO cfg.Binder: Mapping class: com.dotmarketing.beans.UsersToDelete -> users_to_delete
[14/06/23 20:03:49:824 UTC]  INFO cfg.Binder: Mapping class: com.dotmarketing.plugin.model.Plugin -> plugin
[14/06/23 20:03:49:826 UTC]  INFO cfg.Binder: Mapping class: com.dotmarketing.business.Role -> cms_role
[14/06/23 20:03:49:827 UTC]  INFO cfg.Binder: Mapping class: com.dotmarketing.business.UsersRoles -> users_cms_roles
[14/06/23 20:03:49:829 UTC]  INFO cfg.Binder: Mapping class: com.dotmarketing.business.LayoutsRoles -> layouts_cms_roles
[14/06/23 20:03:49:831 UTC]  INFO cfg.Binder: Mapping class: com.dotmarketing.business.Layout -> cms_layout
[14/06/23 20:03:49:832 UTC]  INFO cfg.Binder: Mapping class: com.dotmarketing.business.PortletsLayouts -> cms_layouts_portlets
[14/06/23 20:03:49:834 UTC]  INFO cfg.Binder: Mapping class: com.dotmarketing.portlets.hostvariable.model.HostVariable -> host_variable
[14/06/23 20:03:49:836 UTC]  INFO cfg.Binder: Mapping class: com.dotmarketing.beans.FixAudit -> fixes_audit
[14/06/23 20:03:49:838 UTC]  INFO cfg.Binder: Mapping class: com.dotmarketing.beans.ContainerStructure -> container_structures
[14/06/23 20:03:49:841 UTC]  INFO cfg.Binder: Mapping class: com.dotmarketing.portlets.templates.model.TemplateVersionInfo -> template_version_info
[14/06/23 20:03:49:842 UTC]  INFO cfg.Binder: Mapping class: com.dotmarketing.portlets.containers.model.ContainerVersionInfo -> container_version_info
[14/06/23 20:03:49:844 UTC]  INFO cfg.Binder: Mapping class: com.dotmarketing.portlets.links.model.LinkVersionInfo -> link_version_info
[14/06/23 20:03:49:845 UTC]  INFO cfg.Configuration: Mapping resource: com/dotmarketing/beans/DotCMSSeq_NOSQLGEN.hbm.xml
[14/06/23 20:03:49:855 UTC]  INFO cfg.Binder: Mapping class: com.dotmarketing.plugin.model.PluginProperty -> plugin_property
[14/06/23 20:03:49:884 UTC]  INFO cfg.Configuration: processing one-to-many association mappings
[14/06/23 20:03:49:884 UTC]  INFO cfg.Binder: Mapping collection: com.dotmarketing.beans.Clickstream.clickstreamRequests -> clickstream_request
[14/06/23 20:03:49:884 UTC]  INFO cfg.Configuration: processing one-to-one association property references
[14/06/23 20:03:49:884 UTC]  INFO cfg.Configuration: processing foreign key constraints
[14/06/23 20:03:49:896 UTC]  INFO dialect.Dialect: Using dialect: com.dotcms.repackage.net.sf.hibernate.dialect.PostgreSQLDialect
[14/06/23 20:03:49:899 UTC]  INFO cfg.SettingsFactory: Use outer join fetching: true
[14/06/23 20:03:49:901 UTC]  WARN connection.UserSuppliedConnectionProvider: No connection properties specified - the user must supply JDBC connections
[14/06/23 20:03:49:904 UTC]  INFO transaction.TransactionManagerLookupFactory: No TransactionManagerLookup configured (in JTA environment, use of process level read-write cache is not recommended)
[14/06/23 20:03:49:904 UTC]  INFO cfg.SettingsFactory: Use scrollable result sets: true
[14/06/23 20:03:49:904 UTC]  INFO cfg.SettingsFactory: Use JDBC3 getGeneratedKeys(): false
[14/06/23 20:03:49:904 UTC]  INFO cfg.SettingsFactory: Optimize cache for minimal puts: false
[14/06/23 20:03:49:904 UTC]  INFO cfg.SettingsFactory: Query language substitutions: {}
[14/06/23 20:03:49:904 UTC]  INFO cfg.SettingsFactory: cache provider: com.dotmarketing.db.NoCacheProvider
[14/06/23 20:03:49:907 UTC]  INFO cfg.Configuration: instantiating and configuring caches
[14/06/23 20:03:49:917 UTC]  INFO impl.SessionFactoryImpl: building session factory
[14/06/23 20:03:50:016 UTC]  INFO util.ReflectHelper: reflection optimizer disabled for: com.dotmarketing.beans.MultiTree, BulkBeanException: Index 1 out of bounds for length 0 (property setTreeOrder)
[14/06/23 20:03:50:388 UTC]  INFO impl.SessionFactoryObjectFactory: Not binding factory to JNDI, no JNDI name configured
[14/06/23 20:03:50:584 UTC]  WARN license.LicenseManager: Cannot upsert License to db (every 120000 millis)
[14/06/23 20:03:50:586 UTC]  INFO servlets.InitServlet: 
[14/06/23 20:03:50:586 UTC]  INFO servlets.InitServlet:  * Copyright (c) 2023 dotCMS Inc. 
[14/06/23 20:03:50:586 UTC]  INFO servlets.InitServlet:  * This software, code and any modifications to the code are licensed under the terms of the dotCMS Enterprise License 
[14/06/23 20:03:50:586 UTC]  INFO servlets.InitServlet:  * which can be found here : https://www.github.com/dotCMS/core/LICENSE 
[14/06/23 20:03:50:586 UTC]  INFO servlets.InitServlet: 
[14/06/23 20:03:50:598 UTC]  INFO h22.H22Cache: Initing H22 cache db:0
[14/06/23 20:03:50:601 UTC]  INFO h22.H22Cache: Building new H22 Cache, db:0
[14/06/23 20:03:50:626 UTC]  INFO h22.H22HikariPool: H22 on disk cache:jdbc:h2:/data/local/dotsecure/h22cache/0/2023-06-14_20-03-50/cache;MVCC=TRUE;DB_CLOSE_ON_EXIT=FALSE
[14/06/23 20:03:50:833 UTC]  INFO h22.H22Cache: Initing H22 cache db:1
[14/06/23 20:03:50:834 UTC]  INFO h22.H22Cache: Building new H22 Cache, db:1
[14/06/23 20:03:50:835 UTC]  INFO h22.H22HikariPool: H22 on disk cache:jdbc:h2:/data/local/dotsecure/h22cache/1/2023-06-14_20-03-50/cache;MVCC=TRUE;DB_CLOSE_ON_EXIT=FALSE
[14/06/23 20:03:50:887 UTC]  INFO timedcache.TimedCacheProvider: ===== Initializing [Timed Cache Provider].
[14/06/23 20:03:50:890 UTC]  INFO timedcache.TimedCacheProvider: ***	 Cache Config Memory : esquerycache: 10000
[14/06/23 20:03:50:891 UTC]  INFO timedcache.TimedCacheProvider: ***	 Cache Config Memory : esquerycountcache: 10000
[14/06/23 20:03:50:891 UTC]  INFO timedcache.TimedCacheProvider: ***	 Cache Config Memory : graphqlquerycache: 5000
[14/06/23 20:03:50:892 UTC]  INFO timedcache.TimedCacheProvider: ***	 Cache Config Memory : default: 1000
[14/06/23 20:03:50:892 UTC]  INFO timedcache.TimedCacheProvider: ***	 Cache Config Memory : adminconfigpool: 100
[14/06/23 20:03:50:893 UTC]  INFO timedcache.TimedCacheProvider: ***	 Cache Config Memory : companypool: 10
[14/06/23 20:03:50:893 UTC]  INFO timedcache.TimedCacheProvider: ***	 Cache Config Memory : contentletcache: 5000
[14/06/23 20:03:50:894 UTC]  INFO timedcache.TimedCacheProvider: ***	 Cache Config Memory : categoryparentscache: 30000
[14/06/23 20:03:50:894 UTC]  INFO timedcache.TimedCacheProvider: ***	 Cache Config Memory : taginodecache: 50000
[14/06/23 20:03:50:894 UTC]  INFO timedcache.TimedCacheProvider: ***	 Cache Config Memory : taginodesbyinodecache: 50000
[14/06/23 20:03:50:896 UTC]  INFO timedcache.TimedCacheProvider: ***	 Cache Config Memory : tagcache: 50000
[14/06/23 20:03:50:896 UTC]  INFO timedcache.TimedCacheProvider: ***	 Cache Config Memory : csscache: 2500
[14/06/23 20:03:50:896 UTC]  INFO timedcache.TimedCacheProvider: ***	 Cache Config Memory : assetmetadatacache: 10000
[14/06/23 20:03:50:897 UTC]  INFO timedcache.TimedCacheProvider: ***	 Cache Config Memory : identifiercache: 50000
[14/06/23 20:03:50:898 UTC]  INFO timedcache.TimedCacheProvider: ***	 Cache Config Memory : identifier404cache: 30000
[14/06/23 20:03:50:898 UTC]  INFO timedcache.TimedCacheProvider: ***	 Cache Config Memory : indiciescache: 8
[14/06/23 20:03:50:899 UTC]  INFO timedcache.TimedCacheProvider: ***	 Cache Config Memory : logmappercache: 10
[14/06/23 20:03:50:899 UTC]  INFO timedcache.TimedCacheProvider: ***	 Cache Config Memory : navcache: 1000
[14/06/23 20:03:50:900 UTC]  INFO timedcache.TimedCacheProvider: ***	 Cache Config Memory : parentpermissionablecache: 10000
[14/06/23 20:03:50:900 UTC]  INFO timedcache.TimedCacheProvider: ***	 Cache Config Memory : permissioncache: 50000
[14/06/23 20:03:50:901 UTC]  INFO timedcache.TimedCacheProvider: ***	 Cache Config Memory : portletpool: 100
[14/06/23 20:03:50:901 UTC]  INFO timedcache.TimedCacheProvider: ***	 Cache Config Memory : publishingendpointcache: 100
[14/06/23 20:03:50:902 UTC]  INFO timedcache.TimedCacheProvider: ***	 Cache Config Memory : pushedassetscache: 5000
[14/06/23 20:03:50:902 UTC]  INFO timedcache.TimedCacheProvider: ***	 Cache Config Memory : templatecache: 500
[14/06/23 20:03:50:903 UTC]  INFO timedcache.TimedCacheProvider: ***	 Cache Config Memory : translatedquerycache: 5000
[14/06/23 20:03:50:903 UTC]  INFO timedcache.TimedCacheProvider: ***	 Cache Config Memory : versioncache: 50000
[14/06/23 20:03:50:904 UTC]  INFO timedcache.TimedCacheProvider: ***	 Cache Config Memory : versioninfocache: 50000
[14/06/23 20:03:50:907 UTC]  INFO timedcache.TimedCacheProvider: ***	 Cache Config Memory : workflowactioncache: 10000
[14/06/23 20:03:50:907 UTC]  INFO timedcache.TimedCacheProvider: ***	 Cache Config Memory : workflowtaskcache: 10000
[14/06/23 20:03:50:909 UTC]  INFO timedcache.TimedCacheProvider: ***	 Cache Config Memory : shortyidcache: 25000
[14/06/23 20:03:50:909 UTC]  INFO timedcache.TimedCacheProvider: ***	 Cache Config Memory : velocitycache: 5000
[14/06/23 20:03:50:910 UTC]  INFO timedcache.TimedCacheProvider: ***	 Cache Config Memory : vanityurldirectcache: 25000
[14/06/23 20:03:50:911 UTC]  INFO timedcache.TimedCacheProvider: ***	 Cache Config Memory : vanityurlsitecache: 5000
[14/06/23 20:03:51:536 UTC]  INFO servlet.VisitorFilter: VisitorLogger Filter Started
[14/06/23 20:03:51:902 UTC]  INFO util.SystemProperties: Loading file:/srv/dotserver/tomcat-9.0.60/webapps/ROOT/WEB-INF/classes/system.properties
[14/06/23 20:03:51:903 UTC]  INFO util.SystemProperties: Loading file:/srv/dotserver/tomcat-9.0.60/webapps/ROOT/WEB-INF/classes/system-ext.properties
[14/06/23 20:03:51:911 UTC]  INFO util.SystemProperties: Loading file:/srv/dotserver/tomcat-9.0.60/webapps/ROOT/WEB-INF/classes/system.properties
[14/06/23 20:03:51:912 UTC]  INFO util.SystemProperties: Loading file:/srv/dotserver/tomcat-9.0.60/webapps/ROOT/WEB-INF/classes/system-ext.properties
[14/06/23 20:03:52:755 UTC]  INFO util.PropsLoader: Loading file:/srv/dotserver/tomcat-9.0.60/webapps/ROOT/WEB-INF/classes/portal.properties
[14/06/23 20:03:52:756 UTC]  INFO util.PropsLoader: Loading file:/srv/dotserver/tomcat-9.0.60/webapps/ROOT/WEB-INF/classes/portal-ext.properties
[14/06/23 20:03:55:944 UTC]  INFO tiles.TilesPlugin: Tiles definition factory loaded for module ''.
[14/06/23 20:03:55:951 UTC]  INFO validator.ValidatorPlugIn: Loading validation rules file from '/WEB-INF/validator-rules.xml'
[14/06/23 20:03:55:952 UTC]  INFO validator.ValidatorPlugIn: Loading validation rules file from '/WEB-INF/validation.xml'
[14/06/23 20:03:56:189 UTC]  INFO util.RestHighLevelClientProvider: disabling String.intern() in Jackson
[14/06/23 20:03:56:193 UTC]  WARN util.DotRestHighLevelClientProvider: Elastic RestHighLevelClient will be initialized without certificates
[14/06/23 20:03:56:197 UTC]  INFO util.DotRestHighLevelClientProvider: Initializing Elastic RestHighLevelClient using Basic authentication
[14/06/23 20:03:56:207 UTC]  INFO util.DotRestHighLevelClientProvider: Initializing Elastic RestHighLevelClient using endpoints [
[14/06/23 20:03:56:209 UTC]  INFO util.DotRestHighLevelClientProvider:   - http://elasticsearch:9200
[14/06/23 20:03:56:209 UTC]  INFO util.DotRestHighLevelClientProvider: ]
[14/06/23 20:03:56:209 UTC]  WARN util.DotRestHighLevelClientProvider: Initializing Elastic RestHighLevelClient using an unsecured http connection
[14/06/23 20:03:56:631 UTC]  INFO util.DotRestHighLevelClientProvider: RestHighLevelClientProvider com.dotcms.content.elasticsearch.util.DotRestHighLevelClientProvider loaded successfully
[14/06/23 20:03:56:937 UTC]  INFO startup.StartupTasksExecutor: Running Startup Tasks
[14/06/23 20:03:57:052 UTC]  INFO runalways.Task00001LoadSchema: -------------------------------------------------------------------------------------
[14/06/23 20:03:57:052 UTC]  INFO runalways.Task00001LoadSchema: 
[14/06/23 20:03:57:052 UTC]  INFO runalways.Task00001LoadSchema: Empty dotCMS database found.  Loading initial dotCMS schema for PostgreSQL
[14/06/23 20:03:57:052 UTC]  INFO runalways.Task00001LoadSchema: 
[14/06/23 20:03:57:052 UTC]  INFO runalways.Task00001LoadSchema: -------------------------------------------------------------------------------------
[14/06/23 20:03:57:053 UTC]  INFO startup.StartupTasksExecutor: Running Startup Tasks : Task00001LoadSchema
[14/06/23 20:03:57:053 UTC]  INFO runalways.Task00001LoadSchema: Loading schema
[14/06/23 20:03:57:075 UTC]  INFO timedcache.TimedCacheProvider: ===== Initializing [Timed Cache Provider].
[14/06/23 20:03:57:076 UTC]  INFO timedcache.TimedCacheProvider: ***	 Cache Config Memory : esquerycache: 10000
[14/06/23 20:03:57:076 UTC]  INFO timedcache.TimedCacheProvider: ***	 Cache Config Memory : esquerycountcache: 10000
[14/06/23 20:03:57:076 UTC]  INFO timedcache.TimedCacheProvider: ***	 Cache Config Memory : graphqlquerycache: 5000
[14/06/23 20:03:57:076 UTC]  INFO timedcache.TimedCacheProvider: ***	 Cache Config Memory : default: 1000
[14/06/23 20:03:57:076 UTC]  INFO timedcache.TimedCacheProvider: ***	 Cache Config Memory : adminconfigpool: 100
[14/06/23 20:03:57:076 UTC]  INFO timedcache.TimedCacheProvider: ***	 Cache Config Memory : companypool: 10
[14/06/23 20:03:57:076 UTC]  INFO timedcache.TimedCacheProvider: ***	 Cache Config Memory : contentletcache: 5000
[14/06/23 20:03:57:076 UTC]  INFO timedcache.TimedCacheProvider: ***	 Cache Config Memory : categoryparentscache: 30000
[14/06/23 20:03:57:076 UTC]  INFO timedcache.TimedCacheProvider: ***	 Cache Config Memory : taginodecache: 50000
[14/06/23 20:03:57:076 UTC]  INFO timedcache.TimedCacheProvider: ***	 Cache Config Memory : taginodesbyinodecache: 50000
[14/06/23 20:03:57:076 UTC]  INFO timedcache.TimedCacheProvider: ***	 Cache Config Memory : tagcache: 50000
[14/06/23 20:03:57:076 UTC]  INFO timedcache.TimedCacheProvider: ***	 Cache Config Memory : csscache: 2500
[14/06/23 20:03:57:076 UTC]  INFO timedcache.TimedCacheProvider: ***	 Cache Config Memory : assetmetadatacache: 10000
[14/06/23 20:03:57:076 UTC]  INFO timedcache.TimedCacheProvider: ***	 Cache Config Memory : identifiercache: 50000
[14/06/23 20:03:57:076 UTC]  INFO timedcache.TimedCacheProvider: ***	 Cache Config Memory : identifier404cache: 30000
[14/06/23 20:03:57:076 UTC]  INFO timedcache.TimedCacheProvider: ***	 Cache Config Memory : indiciescache: 8
[14/06/23 20:03:57:077 UTC]  INFO timedcache.TimedCacheProvider: ***	 Cache Config Memory : logmappercache: 10
[14/06/23 20:03:57:077 UTC]  INFO timedcache.TimedCacheProvider: ***	 Cache Config Memory : navcache: 1000
[14/06/23 20:03:57:077 UTC]  INFO timedcache.TimedCacheProvider: ***	 Cache Config Memory : parentpermissionablecache: 10000
[14/06/23 20:03:57:077 UTC]  INFO timedcache.TimedCacheProvider: ***	 Cache Config Memory : permissioncache: 50000
[14/06/23 20:03:57:077 UTC]  INFO timedcache.TimedCacheProvider: ***	 Cache Config Memory : portletpool: 100
[14/06/23 20:03:57:077 UTC]  INFO timedcache.TimedCacheProvider: ***	 Cache Config Memory : publishingendpointcache: 100
[14/06/23 20:03:57:077 UTC]  INFO timedcache.TimedCacheProvider: ***	 Cache Config Memory : pushedassetscache: 5000
[14/06/23 20:03:57:077 UTC]  INFO timedcache.TimedCacheProvider: ***	 Cache Config Memory : templatecache: 500
[14/06/23 20:03:57:077 UTC]  INFO timedcache.TimedCacheProvider: ***	 Cache Config Memory : translatedquerycache: 5000
[14/06/23 20:03:57:077 UTC]  INFO timedcache.TimedCacheProvider: ***	 Cache Config Memory : versioncache: 50000
[14/06/23 20:03:57:077 UTC]  INFO timedcache.TimedCacheProvider: ***	 Cache Config Memory : versioninfocache: 50000
[14/06/23 20:03:57:077 UTC]  INFO timedcache.TimedCacheProvider: ***	 Cache Config Memory : workflowactioncache: 10000
[14/06/23 20:03:57:077 UTC]  INFO timedcache.TimedCacheProvider: ***	 Cache Config Memory : workflowtaskcache: 10000
[14/06/23 20:03:57:077 UTC]  INFO timedcache.TimedCacheProvider: ***	 Cache Config Memory : shortyidcache: 25000
[14/06/23 20:03:57:077 UTC]  INFO timedcache.TimedCacheProvider: ***	 Cache Config Memory : velocitycache: 5000
[14/06/23 20:03:57:077 UTC]  INFO timedcache.TimedCacheProvider: ***	 Cache Config Memory : vanityurldirectcache: 25000
[14/06/23 20:03:57:077 UTC]  INFO timedcache.TimedCacheProvider: ***	 Cache Config Memory : vanityurlsitecache: 5000
[14/06/23 20:03:57:077 UTC]  INFO h22.H22Cache: Start Full Cache Flush in h22
[14/06/23 20:03:57:077 UTC]  INFO h22.H22Cache: Building new H22 Cache, db:0
[14/06/23 20:03:57:078 UTC]  INFO h22.H22HikariPool: H22 on disk cache:jdbc:h2:/data/local/dotsecure/h22cache/0/2023-06-14_20-03-57/cache;MVCC=TRUE;DB_CLOSE_ON_EXIT=FALSE
[14/06/23 20:03:57:147 UTC]  INFO h22.H22Cache: Building new H22 Cache, db:1
[14/06/23 20:03:57:148 UTC]  INFO h22.H22HikariPool: H22 on disk cache:jdbc:h2:/data/local/dotsecure/h22cache/1/2023-06-14_20-03-57/cache;MVCC=TRUE;DB_CLOSE_ON_EXIT=FALSE
[14/06/23 20:03:57:237 UTC]  INFO h22.H22Cache: End Full Cache Flush in h22 : 159ms
[14/06/23 20:03:57:680 UTC]  INFO runalways.Task00001LoadSchema: Schema created (507 statements executed)
[14/06/23 20:03:57:689 UTC]  INFO timedcache.TimedCacheProvider: ===== Initializing [Timed Cache Provider].
[14/06/23 20:03:57:689 UTC]  INFO timedcache.TimedCacheProvider: ***	 Cache Config Memory : esquerycache: 10000
[14/06/23 20:03:57:689 UTC]  INFO timedcache.TimedCacheProvider: ***	 Cache Config Memory : esquerycountcache: 10000
[14/06/23 20:03:57:689 UTC]  INFO timedcache.TimedCacheProvider: ***	 Cache Config Memory : graphqlquerycache: 5000
[14/06/23 20:03:57:691 UTC]  INFO timedcache.TimedCacheProvider: ***	 Cache Config Memory : default: 1000
[14/06/23 20:03:57:691 UTC]  INFO timedcache.TimedCacheProvider: ***	 Cache Config Memory : adminconfigpool: 100
[14/06/23 20:03:57:691 UTC]  INFO timedcache.TimedCacheProvider: ***	 Cache Config Memory : companypool: 10
[14/06/23 20:03:57:691 UTC]  INFO timedcache.TimedCacheProvider: ***	 Cache Config Memory : contentletcache: 5000
[14/06/23 20:03:57:691 UTC]  INFO timedcache.TimedCacheProvider: ***	 Cache Config Memory : categoryparentscache: 30000
[14/06/23 20:03:57:693 UTC]  INFO timedcache.TimedCacheProvider: ***	 Cache Config Memory : taginodecache: 50000
[14/06/23 20:03:57:693 UTC]  INFO timedcache.TimedCacheProvider: ***	 Cache Config Memory : taginodesbyinodecache: 50000
[14/06/23 20:03:57:693 UTC]  INFO timedcache.TimedCacheProvider: ***	 Cache Config Memory : tagcache: 50000
[14/06/23 20:03:57:693 UTC]  INFO timedcache.TimedCacheProvider: ***	 Cache Config Memory : csscache: 2500
[14/06/23 20:03:57:704 UTC]  INFO timedcache.TimedCacheProvider: ***	 Cache Config Memory : assetmetadatacache: 10000
[14/06/23 20:03:57:704 UTC]  INFO timedcache.TimedCacheProvider: ***	 Cache Config Memory : identifiercache: 50000
[14/06/23 20:03:57:704 UTC]  INFO timedcache.TimedCacheProvider: ***	 Cache Config Memory : identifier404cache: 30000
[14/06/23 20:03:57:704 UTC]  INFO timedcache.TimedCacheProvider: ***	 Cache Config Memory : indiciescache: 8
[14/06/23 20:03:57:704 UTC]  INFO timedcache.TimedCacheProvider: ***	 Cache Config Memory : logmappercache: 10
[14/06/23 20:03:57:704 UTC]  INFO timedcache.TimedCacheProvider: ***	 Cache Config Memory : navcache: 1000
[14/06/23 20:03:57:704 UTC]  INFO timedcache.TimedCacheProvider: ***	 Cache Config Memory : parentpermissionablecache: 10000
[14/06/23 20:03:57:704 UTC]  INFO timedcache.TimedCacheProvider: ***	 Cache Config Memory : permissioncache: 50000
[14/06/23 20:03:57:704 UTC]  INFO timedcache.TimedCacheProvider: ***	 Cache Config Memory : portletpool: 100
[14/06/23 20:03:57:704 UTC]  INFO timedcache.TimedCacheProvider: ***	 Cache Config Memory : publishingendpointcache: 100
[14/06/23 20:03:57:704 UTC]  INFO timedcache.TimedCacheProvider: ***	 Cache Config Memory : pushedassetscache: 5000
[14/06/23 20:03:57:704 UTC]  INFO timedcache.TimedCacheProvider: ***	 Cache Config Memory : templatecache: 500
[14/06/23 20:03:57:704 UTC]  INFO timedcache.TimedCacheProvider: ***	 Cache Config Memory : translatedquerycache: 5000
[14/06/23 20:03:57:704 UTC]  INFO timedcache.TimedCacheProvider: ***	 Cache Config Memory : versioncache: 50000
[14/06/23 20:03:57:704 UTC]  INFO timedcache.TimedCacheProvider: ***	 Cache Config Memory : versioninfocache: 50000
[14/06/23 20:03:57:704 UTC]  INFO timedcache.TimedCacheProvider: ***	 Cache Config Memory : workflowactioncache: 10000
[14/06/23 20:03:57:705 UTC]  INFO timedcache.TimedCacheProvider: ***	 Cache Config Memory : workflowtaskcache: 10000
[14/06/23 20:03:57:705 UTC]  INFO timedcache.TimedCacheProvider: ***	 Cache Config Memory : shortyidcache: 25000
[14/06/23 20:03:57:705 UTC]  INFO timedcache.TimedCacheProvider: ***	 Cache Config Memory : velocitycache: 5000
[14/06/23 20:03:57:705 UTC]  INFO timedcache.TimedCacheProvider: ***	 Cache Config Memory : vanityurldirectcache: 25000
[14/06/23 20:03:57:705 UTC]  INFO timedcache.TimedCacheProvider: ***	 Cache Config Memory : vanityurlsitecache: 5000
[14/06/23 20:03:57:705 UTC]  INFO h22.H22Cache: Start Full Cache Flush in h22
[14/06/23 20:03:57:706 UTC]  INFO h22.H22Cache: Building new H22 Cache, db:0
[14/06/23 20:03:57:706 UTC]  INFO h22.H22HikariPool: H22 on disk cache:jdbc:h2:/data/local/dotsecure/h22cache/0/2023-06-14_20-03-57/cache;MVCC=TRUE;DB_CLOSE_ON_EXIT=FALSE
[14/06/23 20:03:57:727 UTC]  INFO h22.H22Cache: Building new H22 Cache, db:1
[14/06/23 20:03:57:728 UTC]  INFO h22.H22HikariPool: H22 on disk cache:jdbc:h2:/data/local/dotsecure/h22cache/1/2023-06-14_20-03-57/cache;MVCC=TRUE;DB_CLOSE_ON_EXIT=FALSE
[14/06/23 20:03:57:736 UTC]  INFO h22.H22Cache: End Full Cache Flush in h22 : 31ms
[14/06/23 20:04:00:741 UTC]  INFO timedcache.TimedCacheProvider: ===== Initializing [Timed Cache Provider].
[14/06/23 20:04:00:742 UTC]  INFO timedcache.TimedCacheProvider: ***	 Cache Config Memory : esquerycache: 10000
[14/06/23 20:04:00:742 UTC]  INFO timedcache.TimedCacheProvider: ***	 Cache Config Memory : esquerycountcache: 10000
[14/06/23 20:04:00:742 UTC]  INFO timedcache.TimedCacheProvider: ***	 Cache Config Memory : graphqlquerycache: 5000
[14/06/23 20:04:00:742 UTC]  INFO timedcache.TimedCacheProvider: ***	 Cache Config Memory : default: 1000
[14/06/23 20:04:00:742 UTC]  INFO timedcache.TimedCacheProvider: ***	 Cache Config Memory : adminconfigpool: 100
[14/06/23 20:04:00:743 UTC]  INFO timedcache.TimedCacheProvider: ***	 Cache Config Memory : companypool: 10
[14/06/23 20:04:00:743 UTC]  INFO timedcache.TimedCacheProvider: ***	 Cache Config Memory : contentletcache: 5000
[14/06/23 20:04:00:743 UTC]  INFO timedcache.TimedCacheProvider: ***	 Cache Config Memory : categoryparentscache: 30000
[14/06/23 20:04:00:743 UTC]  INFO timedcache.TimedCacheProvider: ***	 Cache Config Memory : taginodecache: 50000
[14/06/23 20:04:00:743 UTC]  INFO timedcache.TimedCacheProvider: ***	 Cache Config Memory : taginodesbyinodecache: 50000
[14/06/23 20:04:00:743 UTC]  INFO timedcache.TimedCacheProvider: ***	 Cache Config Memory : tagcache: 50000
[14/06/23 20:04:00:743 UTC]  INFO timedcache.TimedCacheProvider: ***	 Cache Config Memory : csscache: 2500
[14/06/23 20:04:00:743 UTC]  INFO timedcache.TimedCacheProvider: ***	 Cache Config Memory : assetmetadatacache: 10000
[14/06/23 20:04:00:743 UTC]  INFO timedcache.TimedCacheProvider: ***	 Cache Config Memory : identifiercache: 50000
[14/06/23 20:04:00:743 UTC]  INFO timedcache.TimedCacheProvider: ***	 Cache Config Memory : identifier404cache: 30000
[14/06/23 20:04:00:743 UTC]  INFO timedcache.TimedCacheProvider: ***	 Cache Config Memory : indiciescache: 8
[14/06/23 20:04:00:743 UTC]  INFO timedcache.TimedCacheProvider: ***	 Cache Config Memory : logmappercache: 10
[14/06/23 20:04:00:743 UTC]  INFO timedcache.TimedCacheProvider: ***	 Cache Config Memory : navcache: 1000
[14/06/23 20:04:00:743 UTC]  INFO timedcache.TimedCacheProvider: ***	 Cache Config Memory : parentpermissionablecache: 10000
[14/06/23 20:04:00:743 UTC]  INFO timedcache.TimedCacheProvider: ***	 Cache Config Memory : permissioncache: 50000
[14/06/23 20:04:00:743 UTC]  INFO timedcache.TimedCacheProvider: ***	 Cache Config Memory : portletpool: 100
[14/06/23 20:04:00:743 UTC]  INFO timedcache.TimedCacheProvider: ***	 Cache Config Memory : publishingendpointcache: 100
[14/06/23 20:04:00:743 UTC]  INFO timedcache.TimedCacheProvider: ***	 Cache Config Memory : pushedassetscache: 5000
[14/06/23 20:04:00:743 UTC]  INFO timedcache.TimedCacheProvider: ***	 Cache Config Memory : templatecache: 500
[14/06/23 20:04:00:743 UTC]  INFO timedcache.TimedCacheProvider: ***	 Cache Config Memory : translatedquerycache: 5000
[14/06/23 20:04:00:743 UTC]  INFO timedcache.TimedCacheProvider: ***	 Cache Config Memory : versioncache: 50000
[14/06/23 20:04:00:743 UTC]  INFO timedcache.TimedCacheProvider: ***	 Cache Config Memory : versioninfocache: 50000
[14/06/23 20:04:00:743 UTC]  INFO timedcache.TimedCacheProvider: ***	 Cache Config Memory : workflowactioncache: 10000
[14/06/23 20:04:00:743 UTC]  INFO timedcache.TimedCacheProvider: ***	 Cache Config Memory : workflowtaskcache: 10000
[14/06/23 20:04:00:743 UTC]  INFO timedcache.TimedCacheProvider: ***	 Cache Config Memory : shortyidcache: 25000
[14/06/23 20:04:00:743 UTC]  INFO timedcache.TimedCacheProvider: ***	 Cache Config Memory : velocitycache: 5000
[14/06/23 20:04:00:743 UTC]  INFO timedcache.TimedCacheProvider: ***	 Cache Config Memory : vanityurldirectcache: 25000
[14/06/23 20:04:00:743 UTC]  INFO timedcache.TimedCacheProvider: ***	 Cache Config Memory : vanityurlsitecache: 5000
[14/06/23 20:04:00:744 UTC]  INFO h22.H22Cache: Start Full Cache Flush in h22
[14/06/23 20:04:00:744 UTC]  INFO h22.H22Cache: Building new H22 Cache, db:0
[14/06/23 20:04:00:744 UTC]  INFO h22.H22HikariPool: H22 on disk cache:jdbc:h2:/data/local/dotsecure/h22cache/0/2023-06-14_20-04-00/cache;MVCC=TRUE;DB_CLOSE_ON_EXIT=FALSE
[14/06/23 20:04:00:811 UTC]  INFO h22.H22Cache: Building new H22 Cache, db:1
[14/06/23 20:04:00:812 UTC]  INFO h22.H22HikariPool: H22 on disk cache:jdbc:h2:/data/local/dotsecure/h22cache/1/2023-06-14_20-04-00/cache;MVCC=TRUE;DB_CLOSE_ON_EXIT=FALSE
[14/06/23 20:04:00:874 UTC]  INFO h22.H22Cache: End Full Cache Flush in h22 : 130ms
[14/06/23 20:04:00:876 UTC]  INFO startup.StartupTasksExecutor: Not Running Startup Tasks: Task00002LoadClusterLicenses
[14/06/23 20:04:00:876 UTC]  INFO startup.StartupTasksExecutor: Running Startup Tasks : Task00003CreateSystemRoles
[14/06/23 20:04:00:888 UTC]  INFO startup.StartupTasksExecutor: Running Startup Tasks : Task00004LoadStarter
[14/06/23 20:04:00:904 UTC]  INFO db.DotCMSInitDb: There are no inodes - initializing db with starter site
[14/06/23 20:04:00:939 UTC]  INFO starter.ImportStarterUtil: Found 21 files to import
[14/06/23 20:04:00:941 UTC]  WARN util.FileUtil: /data/local/dotsecure/backup/temp/assets/messages/cms_language_en_US.properties is empty
[14/06/23 20:04:00:943 UTC]  WARN util.FileUtil: /data/local/dotsecure/backup/temp/assets/messages/cms_language_es_ES.properties is empty
[14/06/23 20:04:00:944 UTC]  WARN util.FileUtil: /data/local/dotsecure/backup/temp/assets/messages/cms_language_fr_FR.properties is empty
[14/06/23 20:04:00:946 UTC]  WARN util.FileUtil: /data/local/dotsecure/backup/temp/assets/messages/cms_language_zh_CN.properties is empty
[14/06/23 20:04:00:948 UTC]  INFO starter.ImportStarterUtil: About to delete all records from tag_inode
[14/06/23 20:04:00:950 UTC]  INFO starter.ImportStarterUtil: Deleted all records from tag_inode
[14/06/23 20:04:00:951 UTC]  INFO starter.ImportStarterUtil: About to delete all records from link_version_info
[14/06/23 20:04:00:953 UTC]  INFO starter.ImportStarterUtil: Deleted all records from link_version_info
[14/06/23 20:04:00:953 UTC]  INFO starter.ImportStarterUtil: About to delete all records from dot_containers
[14/06/23 20:04:00:955 UTC]  INFO starter.ImportStarterUtil: Deleted all records from dot_containers
[14/06/23 20:04:00:955 UTC]  INFO starter.ImportStarterUtil: About to delete all records from UserTracker
[14/06/23 20:04:00:957 UTC]  INFO starter.ImportStarterUtil: Deleted all records from UserTracker
[14/06/23 20:04:00:957 UTC]  INFO starter.ImportStarterUtil: About to delete all records from workflow_comment
[14/06/23 20:04:00:959 UTC]  INFO starter.ImportStarterUtil: Deleted all records from workflow_comment
[14/06/23 20:04:00:959 UTC]  INFO starter.ImportStarterUtil: About to delete all records from challenge_question
[14/06/23 20:04:00:961 UTC]  INFO starter.ImportStarterUtil: Deleted all records from challenge_question
[14/06/23 20:04:00:961 UTC]  INFO starter.ImportStarterUtil: About to delete all records from container_structures
[14/06/23 20:04:00:963 UTC]  INFO starter.ImportStarterUtil: Deleted all records from container_structures
[14/06/23 20:04:00:963 UTC]  INFO starter.ImportStarterUtil: About to delete all records from tree
[14/06/23 20:04:00:965 UTC]  INFO starter.ImportStarterUtil: Deleted all records from tree
[14/06/23 20:04:00:966 UTC]  INFO starter.ImportStarterUtil: About to delete all records from links
[14/06/23 20:04:00:967 UTC]  INFO starter.ImportStarterUtil: Deleted all records from links
[14/06/23 20:04:00:968 UTC]  INFO starter.ImportStarterUtil: About to delete all records from AdminConfig
[14/06/23 20:04:00:969 UTC]  INFO starter.ImportStarterUtil: Deleted all records from AdminConfig
[14/06/23 20:04:00:970 UTC]  INFO starter.ImportStarterUtil: About to delete all records from multi_tree
[14/06/23 20:04:00:971 UTC]  INFO starter.ImportStarterUtil: Deleted all records from multi_tree
[14/06/23 20:04:00:972 UTC]  INFO starter.ImportStarterUtil: About to delete all records from clickstream_404
[14/06/23 20:04:00:973 UTC]  INFO starter.ImportStarterUtil: Deleted all records from clickstream_404
[14/06/23 20:04:00:974 UTC]  INFO starter.ImportStarterUtil: About to delete all records from host_variable
[14/06/23 20:04:00:975 UTC]  INFO starter.ImportStarterUtil: Deleted all records from host_variable
[14/06/23 20:04:00:976 UTC]  INFO starter.ImportStarterUtil: About to delete all records from clickstream_request
[14/06/23 20:04:00:977 UTC]  INFO starter.ImportStarterUtil: Deleted all records from clickstream_request
[14/06/23 20:04:00:978 UTC]  INFO starter.ImportStarterUtil: About to delete all records from PasswordTracker
[14/06/23 20:04:00:979 UTC]  INFO starter.ImportStarterUtil: Deleted all records from PasswordTracker
[14/06/23 20:04:00:980 UTC]  INFO starter.ImportStarterUtil: About to delete all records from workflow_task
[14/06/23 20:04:00:981 UTC]  INFO starter.ImportStarterUtil: Deleted all records from workflow_task
[14/06/23 20:04:00:982 UTC]  INFO starter.ImportStarterUtil: About to delete all records from field
[14/06/23 20:04:00:983 UTC]  INFO starter.ImportStarterUtil: Deleted all records from field
[14/06/23 20:04:00:984 UTC]  INFO starter.ImportStarterUtil: About to delete all records from template_version_info
[14/06/23 20:04:00:985 UTC]  INFO starter.ImportStarterUtil: Deleted all records from template_version_info
[14/06/23 20:04:00:986 UTC]  INFO starter.ImportStarterUtil: About to delete all records from clickstream
[14/06/23 20:04:00:987 UTC]  INFO starter.ImportStarterUtil: Deleted all records from clickstream
[14/06/23 20:04:00:988 UTC]  INFO starter.ImportStarterUtil: About to delete all records from workflow_history
[14/06/23 20:04:00:989 UTC]  INFO starter.ImportStarterUtil: Deleted all records from workflow_history
[14/06/23 20:04:00:990 UTC]  INFO starter.ImportStarterUtil: About to delete all records from container_version_info
[14/06/23 20:04:00:992 UTC]  INFO starter.ImportStarterUtil: Deleted all records from container_version_info
[14/06/23 20:04:00:992 UTC]  INFO starter.ImportStarterUtil: About to delete all records from tag
[14/06/23 20:04:00:993 UTC]  INFO starter.ImportStarterUtil: Deleted all records from tag
[14/06/23 20:04:00:994 UTC]  INFO starter.ImportStarterUtil: About to delete all records from workflowtask_files
[14/06/23 20:04:00:995 UTC]  INFO starter.ImportStarterUtil: Deleted all records from workflowtask_files
[14/06/23 20:04:00:996 UTC]  INFO starter.ImportStarterUtil: About to delete all records from permission_reference
[14/06/23 20:04:00:996 UTC]  INFO starter.ImportStarterUtil: Deleted all records from permission_reference
[14/06/23 20:04:00:997 UTC]  INFO starter.ImportStarterUtil: About to delete all records from users_to_delete
[14/06/23 20:04:00:998 UTC]  INFO starter.ImportStarterUtil: Deleted all records from users_to_delete
[14/06/23 20:04:00:998 UTC]  INFO starter.ImportStarterUtil: About to delete all records from fixes_audit
[14/06/23 20:04:00:999 UTC]  INFO starter.ImportStarterUtil: Deleted all records from fixes_audit
[14/06/23 20:04:00:999 UTC]  INFO starter.ImportStarterUtil: About to delete all records from permission
[14/06/23 20:04:01:000 UTC]  INFO starter.ImportStarterUtil: Deleted all records from permission
[14/06/23 20:04:01:000 UTC]  INFO starter.ImportStarterUtil: About to delete all records from UserTrackerPath
[14/06/23 20:04:01:002 UTC]  INFO starter.ImportStarterUtil: Deleted all records from UserTrackerPath
[14/06/23 20:04:01:002 UTC]  INFO starter.ImportStarterUtil: About to delete all records from cms_layouts_portlets
[14/06/23 20:04:01:002 UTC]  INFO starter.ImportStarterUtil: Deleted all records from cms_layouts_portlets
[14/06/23 20:04:01:002 UTC]  INFO starter.ImportStarterUtil: About to delete all records from layouts_cms_roles
[14/06/23 20:04:01:004 UTC]  INFO starter.ImportStarterUtil: Deleted all records from layouts_cms_roles
[14/06/23 20:04:01:004 UTC]  INFO starter.ImportStarterUtil: About to delete all records from users_cms_roles
[14/06/23 20:04:01:005 UTC]  INFO starter.ImportStarterUtil: Deleted all records from users_cms_roles
[14/06/23 20:04:01:005 UTC]  INFO starter.ImportStarterUtil: About to delete all records from cms_role
[14/06/23 20:04:01:008 UTC]  INFO starter.ImportStarterUtil: Deleted all records from cms_role
[14/06/23 20:04:01:008 UTC]  INFO starter.ImportStarterUtil: About to delete all records from cms_layout
[14/06/23 20:04:01:009 UTC]  INFO starter.ImportStarterUtil: Deleted all records from cms_layout
[14/06/23 20:04:01:009 UTC]  INFO starter.ImportStarterUtil: About to delete all records from structure
[14/06/23 20:04:01:010 UTC]  INFO starter.ImportStarterUtil: Deleted all records from structure
[14/06/23 20:04:01:010 UTC]  INFO starter.ImportStarterUtil: About to delete all records from folder
[14/06/23 20:04:01:011 UTC]  INFO starter.ImportStarterUtil: Deleted all records from folder
[14/06/23 20:04:01:011 UTC]  INFO starter.ImportStarterUtil: About to delete all records from identifier
[14/06/23 20:04:01:012 UTC]  INFO starter.ImportStarterUtil: Deleted all records from identifier
[14/06/23 20:04:01:012 UTC]  INFO starter.ImportStarterUtil: About to delete all records from inode
[14/06/23 20:04:01:013 UTC]  INFO starter.ImportStarterUtil: Deleted all records from inode
[14/06/23 20:04:01:013 UTC]  INFO starter.ImportStarterUtil: About to delete all records from user_
[14/06/23 20:04:01:020 UTC]  INFO starter.ImportStarterUtil: Deleted all records from user_
[14/06/23 20:04:01:020 UTC]  INFO starter.ImportStarterUtil: About to delete all records from company
[14/06/23 20:04:01:020 UTC]  INFO starter.ImportStarterUtil: Deleted all records from company
[14/06/23 20:04:01:020 UTC]  INFO starter.ImportStarterUtil: About to delete all records from counter
[14/06/23 20:04:01:020 UTC]  INFO starter.ImportStarterUtil: Deleted all records from counter
[14/06/23 20:04:01:021 UTC]  INFO starter.ImportStarterUtil: About to delete all records from image
[14/06/23 20:04:01:021 UTC]  INFO starter.ImportStarterUtil: Deleted all records from image
[14/06/23 20:04:01:021 UTC]  INFO starter.ImportStarterUtil: About to delete all records from portlet
[14/06/23 20:04:01:021 UTC]  INFO starter.ImportStarterUtil: Deleted all records from portlet
[14/06/23 20:04:01:021 UTC]  INFO starter.ImportStarterUtil: About to delete all records from portletpreferences
[14/06/23 20:04:01:022 UTC]  INFO starter.ImportStarterUtil: Deleted all records from portletpreferences
[14/06/23 20:04:01:022 UTC]  INFO starter.ImportStarterUtil: About to delete all records from address
[14/06/23 20:04:01:022 UTC]  INFO starter.ImportStarterUtil: Deleted all records from address
[14/06/23 20:04:01:022 UTC]  INFO starter.ImportStarterUtil: About to delete all records from plugin_property
[14/06/23 20:04:01:023 UTC]  INFO starter.ImportStarterUtil: Deleted all records from plugin_property
[14/06/23 20:04:01:023 UTC]  INFO starter.ImportStarterUtil: About to delete all records from plugin
[14/06/23 20:04:01:023 UTC]  INFO starter.ImportStarterUtil: Deleted all records from plugin
[14/06/23 20:04:01:066 UTC]  INFO starter.ImportStarterUtil: **** Importing the file: /data/local/dotsecure/backup/temp/com.liferay.portal.model.Company.json *****
[14/06/23 20:04:01:068 UTC]  INFO starter.ImportStarterUtil: Importing:	com.liferay.portal.model.Company
[14/06/23 20:04:01:181 UTC]  INFO starter.ImportStarterUtil: Found :	1 com.liferay.portal.model.Company(s)
[14/06/23 20:04:01:276 UTC]  INFO starter.ImportStarterUtil: **** Importing the file: /data/local/dotsecure/backup/temp/com.dotmarketing.business.Role_0000000000.json *****
[14/06/23 20:04:01:277 UTC]  INFO starter.ImportStarterUtil: Importing:	com.dotmarketing.business.Role
[14/06/23 20:04:01:286 UTC]  INFO starter.ImportStarterUtil: Found :	18 com.dotmarketing.business.Role(s)
[14/06/23 20:04:01:289 UTC]  INFO starter.ImportStarterUtil: roleKey:cms_users = 0
[14/06/23 20:04:01:291 UTC]  INFO starter.ImportStarterUtil: roleKey:System = 0
[14/06/23 20:04:01:293 UTC]  INFO starter.ImportStarterUtil: roleKey:DOTCMS_BACK_END_USER = 0
[14/06/23 20:04:01:294 UTC]  INFO starter.ImportStarterUtil: roleKey:cms_workflow_any_who_can_view = 0
[14/06/23 20:04:01:296 UTC]  INFO starter.ImportStarterUtil: roleKey:Form Editor = 0
[14/06/23 20:04:01:298 UTC]  INFO starter.ImportStarterUtil: roleKey:dotcms.org.default = 0
[14/06/23 20:04:01:300 UTC]  INFO starter.ImportStarterUtil: roleKey:cms_workflow_any_who_can_edit_permissions = 0
[14/06/23 20:04:01:302 UTC]  INFO starter.ImportStarterUtil: roleKey:cms_workflow_any_who_can_edit = 0
[14/06/23 20:04:01:303 UTC]  INFO starter.ImportStarterUtil: roleKey:CMS Anonymous = 0
[14/06/23 20:04:01:305 UTC]  INFO starter.ImportStarterUtil: roleKey:CMS Owner = 0
[14/06/23 20:04:01:307 UTC]  INFO starter.ImportStarterUtil: roleKey:Login As = 0
[14/06/23 20:04:01:308 UTC]  INFO starter.ImportStarterUtil: roleKey:LDAP User = 0
[14/06/23 20:04:01:310 UTC]  INFO starter.ImportStarterUtil: roleKey:CMS Administrator = 0
[14/06/23 20:04:01:312 UTC]  INFO starter.ImportStarterUtil: roleKey:DOTCMS_FRONT_END_USER = 0
[14/06/23 20:04:01:313 UTC]  INFO starter.ImportStarterUtil: roleKey:cms_workflow_any_who_can_publish = 0
[14/06/23 20:04:01:314 UTC]  INFO starter.ImportStarterUtil: roleKey:dotcms.org.1 = 0
[14/06/23 20:04:01:316 UTC]  INFO starter.ImportStarterUtil: roleKey:anonymous = 0
[14/06/23 20:04:01:317 UTC]  INFO starter.ImportStarterUtil: roleKey:Scripting Developer = 0
[14/06/23 20:04:01:319 UTC]  INFO starter.ImportStarterUtil: **** Importing the file: /data/local/dotsecure/backup/temp/com.liferay.portal.model.User.json *****
[14/06/23 20:04:01:320 UTC]  INFO starter.ImportStarterUtil: Importing:	com.liferay.portal.model.User
[14/06/23 20:04:01:361 UTC]  INFO starter.ImportStarterUtil: Found :	4 com.liferay.portal.model.User(s)
[14/06/23 20:04:01:404 UTC]  WARN util.LocaleUtil: null is not a valid language id
[14/06/23 20:04:01:413 UTC]  WARN business.UserHelper: Error loading user with id dotcms.org.1
[14/06/23 20:04:01:490 UTC]  INFO xml.Marshaller: Marshaller called using one of the *static*  marshal(Object, *) methods. This will ignore any  mapping files as specified. Please consider switching to  using Marshaller instances and calling one of the marshal(*) methods.
[14/06/23 20:04:02:806 UTC]  WARN business.UserHelper: Error loading user with id system
[14/06/23 20:04:03:562 UTC]  INFO util.SecurityLogger: class com.dotmarketing.business.RoleAPIImpl : Adding role:'Admin User' to user:dotcms.org.1 email:admin@dotcms.com -- ip:ukn,user:null
[14/06/23 20:04:03:567 UTC]  WARN business.UserHelper: Error loading user with id anonymous
[14/06/23 20:04:04:283 UTC]  INFO util.SecurityLogger: class com.dotmarketing.business.RoleAPIImpl : Adding role:'anonymous user anonymous' to user:anonymous email:anonymous@dotcms.anonymoususer -- ip:ukn,user:null
[14/06/23 20:04:04:285 UTC]  INFO starter.ImportStarterUtil: 
[14/06/23 20:04:04:285 UTC]  INFO starter.ImportStarterUtil: 
[14/06/23 20:04:04:285 UTC]  INFO starter.ImportStarterUtil: **** Importing the file: /data/local/dotsecure/backup/temp/com.dotmarketing.business.UsersRoles_0000000000.json *****
[14/06/23 20:04:04:285 UTC]  INFO starter.ImportStarterUtil: Importing:	com.dotmarketing.business.UsersRoles
[14/06/23 20:04:04:288 UTC]  INFO starter.ImportStarterUtil: Found :	14 com.dotmarketing.business.UsersRoles(s)
[14/06/23 20:04:04:295 UTC]  INFO starter.ImportStarterUtil: **** Importing the file: /data/local/dotsecure/backup/temp/com.dotmarketing.business.Layout_0000000000.json *****
[14/06/23 20:04:04:296 UTC]  INFO starter.ImportStarterUtil: Importing:	com.dotmarketing.business.Layout
[14/06/23 20:04:04:297 UTC]  INFO starter.ImportStarterUtil: Found :	11 com.dotmarketing.business.Layout(s)
[14/06/23 20:04:04:309 UTC]  INFO starter.ImportStarterUtil: **** Importing the file: /data/local/dotsecure/backup/temp/com.dotmarketing.business.PortletsLayouts_0000000000.json *****
[14/06/23 20:04:04:309 UTC]  INFO starter.ImportStarterUtil: Importing:	com.dotmarketing.business.PortletsLayouts
[14/06/23 20:04:04:313 UTC]  INFO starter.ImportStarterUtil: Found :	36 com.dotmarketing.business.PortletsLayouts(s)
[14/06/23 20:04:04:349 UTC]  INFO starter.ImportStarterUtil: **** Importing the file: /data/local/dotsecure/backup/temp/com.dotmarketing.business.LayoutsRoles_0000000000.json *****
[14/06/23 20:04:04:349 UTC]  INFO starter.ImportStarterUtil: Importing:	com.dotmarketing.business.LayoutsRoles
[14/06/23 20:04:04:352 UTC]  INFO starter.ImportStarterUtil: Found :	7 com.dotmarketing.business.LayoutsRoles(s)
[14/06/23 20:04:04:365 UTC]  INFO starter.ImportStarterUtil: **** Importing the file: /data/local/dotsecure/backup/temp/com.dotmarketing.portlets.languagesmanager.model.Language_0000000000.json *****
[14/06/23 20:04:04:365 UTC]  INFO starter.ImportStarterUtil: Importing:	com.dotmarketing.portlets.languagesmanager.model.Language
[14/06/23 20:04:04:371 UTC]  INFO starter.ImportStarterUtil: Found :	1 com.dotmarketing.portlets.languagesmanager.model.Language(s)
[14/06/23 20:04:04:390 UTC]  INFO starter.ImportStarterUtil: Importing folder path /System foldersystem folder
[14/06/23 20:04:04:438 UTC]  INFO starter.ImportStarterUtil: **** Importing the file: /data/local/dotsecure/backup/temp/com.dotmarketing.portlets.folders.model.Folder_0000000000.json *****
[14/06/23 20:04:04:439 UTC]  INFO starter.ImportStarterUtil: Importing:	com.dotmarketing.portlets.folders.model.Folder
[14/06/23 20:04:04:444 UTC]  INFO starter.ImportStarterUtil: Found :	1 com.dotmarketing.portlets.folders.model.Folder(s)
[14/06/23 20:04:05:113 UTC]  INFO business.ContentTypeAPIImpl: Content type not found with given id: c938b15f-bcb6-49ef-8651-14d455a97045. Continuing...
[14/06/23 20:04:05:247 UTC]  INFO util.ActivityLogger: class com.dotmarketing.util.ActivityLogger: system : Save Field Action , User system/system user added field Site/Folder to Persona Structure.
[14/06/23 20:04:05:303 UTC]  INFO util.ActivityLogger: class com.dotmarketing.util.ActivityLogger: system : Save Field Action , User system/system user added field Name to Persona Structure.
[14/06/23 20:04:05:341 UTC]  INFO util.ActivityLogger: class com.dotmarketing.util.ActivityLogger: system : Save Field Action , User system/system user added field Key Tag to Persona Structure.
[14/06/23 20:04:05:379 UTC]  INFO util.ActivityLogger: class com.dotmarketing.util.ActivityLogger: system : Save Field Action , User system/system user added field Photo to Persona Structure.
[14/06/23 20:04:05:421 UTC]  INFO util.ActivityLogger: class com.dotmarketing.util.ActivityLogger: system : Save Field Action , User system/system user added field Other Tags to Persona Structure.
[14/06/23 20:04:05:466 UTC]  INFO util.ActivityLogger: class com.dotmarketing.util.ActivityLogger: system : Save Field Action , User system/system user added field Description to Persona Structure.
[14/06/23 20:04:05:494 UTC]  INFO util.ActivityLogger: class com.dotcms.contenttype.business.ContentTypeAPIImpl: system : Save ContentType Action , User system/system user system user added ContentType Persona to host id:SYSTEM_HOST
[14/06/23 20:04:05:500 UTC]  INFO business.ContentTypeAPIImpl: UserId : system : ContentType : ContentType saved : Persona
[14/06/23 20:04:05:501 UTC]  INFO util.AdminLogger: UserId : system : class com.dotcms.contenttype.business.ContentTypeAPIImpl : ContentType : ContentType saved : Persona
[14/06/23 20:04:05:522 UTC]  INFO business.ContentTypeAPIImpl: Content type not found with given id: f4d7c1b8-2c88-4071-abf1-a5328977b07d. Continuing...
[14/06/23 20:04:05:550 UTC]  INFO util.ActivityLogger: class com.dotmarketing.util.ActivityLogger: system : Save Field Action , User system/system user added field Key to Language Variable Structure.
[14/06/23 20:04:05:570 UTC]  INFO util.ActivityLogger: class com.dotmarketing.util.ActivityLogger: system : Save Field Action , User system/system user added field Value to Language Variable Structure.
[14/06/23 20:04:05:577 UTC]  INFO util.ActivityLogger: class com.dotcms.contenttype.business.ContentTypeAPIImpl: system : Save ContentType Action , User system/system user system user added ContentType Language Variable to host id:SYSTEM_HOST
[14/06/23 20:04:05:577 UTC]  INFO business.ContentTypeAPIImpl: UserId : system : ContentType : ContentType saved : Language Variable
[14/06/23 20:04:05:577 UTC]  INFO util.AdminLogger: UserId : system : class com.dotcms.contenttype.business.ContentTypeAPIImpl : ContentType : ContentType saved : Language Variable
[14/06/23 20:04:05:617 UTC]  INFO business.ContentTypeAPIImpl: Content type not found with given id: 4d21b6d8-1711-4ae6-9419-89e2b1ae5a06. Continuing...
[14/06/23 20:04:05:646 UTC]  INFO util.ActivityLogger: class com.dotmarketing.util.ActivityLogger: system : Save Field Action , User system/system user added field Form ID to Forms Structure.
[14/06/23 20:04:05:671 UTC]  INFO util.ActivityLogger: class com.dotmarketing.util.ActivityLogger: system : Save Field Action , User system/system user added field Widget Title to Forms Structure.
[14/06/23 20:04:05:697 UTC]  INFO util.ActivityLogger: class com.dotmarketing.util.ActivityLogger: system : Save Field Action , User system/system user added field Widget Usage to Forms Structure.
[14/06/23 20:04:05:735 UTC]  INFO util.ActivityLogger: class com.dotmarketing.util.ActivityLogger: system : Save Field Action , User system/system user added field Widget Code to Forms Structure.
[14/06/23 20:04:05:765 UTC]  INFO util.ActivityLogger: class com.dotmarketing.util.ActivityLogger: system : Save Field Action , User system/system user added field Widget Pre-Execute to Forms Structure.
[14/06/23 20:04:05:778 UTC]  INFO util.ActivityLogger: class com.dotcms.contenttype.business.ContentTypeAPIImpl: system : Save ContentType Action , User system/system user system user added ContentType Forms to host id:SYSTEM_HOST
[14/06/23 20:04:05:778 UTC]  INFO business.ContentTypeAPIImpl: UserId : system : ContentType : ContentType saved : Forms
[14/06/23 20:04:05:778 UTC]  INFO util.AdminLogger: UserId : system : class com.dotcms.contenttype.business.ContentTypeAPIImpl : ContentType : ContentType saved : Forms
[14/06/23 20:04:05:798 UTC]  INFO business.ContentTypeAPIImpl: Content type not found with given id: f2d8a1c7-2b77-2081-bcf1-b5348988c08d. Continuing...
[14/06/23 20:04:05:822 UTC]  INFO util.ActivityLogger: class com.dotmarketing.util.ActivityLogger: system : Save Field Action , User system/system user added field Site or Folder to dotAsset Structure.
[14/06/23 20:04:05:844 UTC]  INFO util.ActivityLogger: class com.dotmarketing.util.ActivityLogger: system : Save Field Action , User system/system user added field Asset to dotAsset Structure.
[14/06/23 20:04:05:866 UTC]  INFO util.ActivityLogger: class com.dotmarketing.util.ActivityLogger: system : Save Field Action , User system/system user added field Tags to dotAsset Structure.
[14/06/23 20:04:05:875 UTC]  INFO util.ActivityLogger: class com.dotcms.contenttype.business.ContentTypeAPIImpl: system : Save ContentType Action , User system/system user system user added ContentType dotAsset to host id:SYSTEM_HOST
[14/06/23 20:04:05:875 UTC]  INFO business.ContentTypeAPIImpl: UserId : system : ContentType : ContentType saved : dotAsset
[14/06/23 20:04:05:875 UTC]  INFO util.AdminLogger: UserId : system : class com.dotcms.contenttype.business.ContentTypeAPIImpl : ContentType : ContentType saved : dotAsset
[14/06/23 20:04:05:946 UTC]  INFO business.ContentTypeAPIImpl: Content type not found with given id: 33888b6f-7a8e-4069-b1b6-5c1aa9d0a48d. Continuing...
[14/06/23 20:04:05:986 UTC]  INFO util.ActivityLogger: class com.dotmarketing.util.ActivityLogger: system : Save Field Action , User system/system user added field Host Or Folder to File Asset Structure.
[14/06/23 20:04:06:001 UTC]  INFO util.ActivityLogger: class com.dotmarketing.util.ActivityLogger: system : Save Field Action , User system/system user added field File Name to File Asset Structure.
[14/06/23 20:04:06:014 UTC]  INFO util.ActivityLogger: class com.dotmarketing.util.ActivityLogger: system : Save Field Action , User system/system user added field File Asset to File Asset Structure.
[14/06/23 20:04:06:030 UTC]  INFO util.ActivityLogger: class com.dotmarketing.util.ActivityLogger: system : Save Field Action , User system/system user added field Title to File Asset Structure.
[14/06/23 20:04:06:057 UTC]  INFO util.ActivityLogger: class com.dotmarketing.util.ActivityLogger: system : Save Field Action , User system/system user added field Metadata to File Asset Structure.
[14/06/23 20:04:06:088 UTC]  INFO util.ActivityLogger: class com.dotmarketing.util.ActivityLogger: system : Save Field Action , User system/system user added field Metadata to File Asset Structure.
[14/06/23 20:04:06:112 UTC]  INFO util.ActivityLogger: class com.dotmarketing.util.ActivityLogger: system : Save Field Action , User system/system user added field Show On Menu to File Asset Structure.
[14/06/23 20:04:06:136 UTC]  INFO util.ActivityLogger: class com.dotmarketing.util.ActivityLogger: system : Save Field Action , User system/system user added field Sort Order to File Asset Structure.
[14/06/23 20:04:06:172 UTC]  INFO util.ActivityLogger: class com.dotmarketing.util.ActivityLogger: system : Save Field Action , User system/system user added field Description to File Asset Structure.
[14/06/23 20:04:06:193 UTC]  INFO util.ActivityLogger: class com.dotcms.contenttype.business.ContentTypeAPIImpl: system : Save ContentType Action , User system/system user system user added ContentType File Asset to host id:SYSTEM_HOST
[14/06/23 20:04:06:194 UTC]  INFO business.ContentTypeAPIImpl: UserId : system : ContentType : ContentType saved : File Asset
[14/06/23 20:04:06:194 UTC]  INFO util.AdminLogger: UserId : system : class com.dotcms.contenttype.business.ContentTypeAPIImpl : ContentType : ContentType saved : File Asset
[14/06/23 20:04:06:223 UTC]  INFO business.ContentTypeAPIImpl: Content type not found with given id: 8e850645-bb92-4fda-a765-e67063a59be0. Continuing...
[14/06/23 20:04:06:242 UTC]  INFO util.ActivityLogger: class com.dotmarketing.util.ActivityLogger: system : Save Field Action , User system/system user added field Title to Vanity URL Structure.
[14/06/23 20:04:06:258 UTC]  INFO util.ActivityLogger: class com.dotmarketing.util.ActivityLogger: system : Save Field Action , User system/system user added field Site to Vanity URL Structure.
[14/06/23 20:04:06:278 UTC]  INFO util.ActivityLogger: class com.dotmarketing.util.ActivityLogger: system : Save Field Action , User system/system user added field Uri to Vanity URL Structure.
[14/06/23 20:04:06:299 UTC]  INFO util.ActivityLogger: class com.dotmarketing.util.ActivityLogger: system : Save Field Action , User system/system user added field Action to Vanity URL Structure.
[14/06/23 20:04:06:320 UTC]  INFO util.ActivityLogger: class com.dotmarketing.util.ActivityLogger: system : Save Field Action , User system/system user added field Forward To to Vanity URL Structure.
[14/06/23 20:04:06:336 UTC]  INFO util.ActivityLogger: class com.dotmarketing.util.ActivityLogger: system : Save Field Action , User system/system user added field Order to Vanity URL Structure.
[14/06/23 20:04:06:343 UTC]  INFO util.ActivityLogger: class com.dotcms.contenttype.business.ContentTypeAPIImpl: system : Save ContentType Action , User system/system user system user added ContentType Vanity URL to host id:SYSTEM_HOST
[14/06/23 20:04:06:344 UTC]  INFO business.ContentTypeAPIImpl: UserId : system : ContentType : ContentType saved : Vanity URL
[14/06/23 20:04:06:344 UTC]  INFO util.AdminLogger: UserId : system : class com.dotcms.contenttype.business.ContentTypeAPIImpl : ContentType : ContentType saved : Vanity URL
[14/06/23 20:04:06:358 UTC]  INFO business.ContentTypeAPIImpl: Content type not found with given id: c541abb1-69b3-4bc5-8430-5e09e5239cc8. Continuing...
[14/06/23 20:04:06:368 UTC]  INFO util.ActivityLogger: class com.dotmarketing.util.ActivityLogger: system : Save Field Action , User system/system user added field Title to Page Structure.
[14/06/23 20:04:06:378 UTC]  INFO util.ActivityLogger: class com.dotmarketing.util.ActivityLogger: system : Save Field Action , User system/system user added field Url to Page Structure.
[14/06/23 20:04:06:389 UTC]  INFO util.ActivityLogger: class com.dotmarketing.util.ActivityLogger: system : Save Field Action , User system/system user added field Host or Folder to Page Structure.
[14/06/23 20:04:06:402 UTC]  INFO util.ActivityLogger: class com.dotmarketing.util.ActivityLogger: system : Save Field Action , User system/system user added field Template to Page Structure.
[14/06/23 20:04:06:416 UTC]  INFO util.ActivityLogger: class com.dotmarketing.util.ActivityLogger: system : Save Field Action , User system/system user added field Friendly Name to Page Structure.
[14/06/23 20:04:06:430 UTC]  INFO util.ActivityLogger: class com.dotmarketing.util.ActivityLogger: system : Save Field Action , User system/system user added field Show on Menu to Page Structure.
[14/06/23 20:04:06:448 UTC]  INFO util.ActivityLogger: class com.dotmarketing.util.ActivityLogger: system : Save Field Action , User system/system user added field Sort Order to Page Structure.
[14/06/23 20:04:06:467 UTC]  INFO util.ActivityLogger: class com.dotmarketing.util.ActivityLogger: system : Save Field Action , User system/system user added field Cache TTL to Page Structure.
[14/06/23 20:04:06:487 UTC]  INFO util.ActivityLogger: class com.dotmarketing.util.ActivityLogger: system : Save Field Action , User system/system user added field Advanced Properties to Page Structure.
[14/06/23 20:04:06:509 UTC]  INFO util.ActivityLogger: class com.dotmarketing.util.ActivityLogger: system : Save Field Action , User system/system user added field Redirect Url to Page Structure.
[14/06/23 20:04:06:531 UTC]  INFO util.ActivityLogger: class com.dotmarketing.util.ActivityLogger: system : Save Field Action , User system/system user added field HTTPS Required to Page Structure.
[14/06/23 20:04:06:554 UTC]  INFO util.ActivityLogger: class com.dotmarketing.util.ActivityLogger: system : Save Field Action , User system/system user added field SEO Description to Page Structure.
[14/06/23 20:04:06:578 UTC]  INFO util.ActivityLogger: class com.dotmarketing.util.ActivityLogger: system : Save Field Action , User system/system user added field SEO Keywords to Page Structure.
[14/06/23 20:04:06:604 UTC]  INFO util.ActivityLogger: class com.dotmarketing.util.ActivityLogger: system : Save Field Action , User system/system user added field Page Metadata to Page Structure.
[14/06/23 20:04:06:633 UTC]  INFO util.ActivityLogger: class com.dotmarketing.util.ActivityLogger: system : Save Field Action , User system/system user added field Canonical URL to Page Structure.
[14/06/23 20:04:06:646 UTC]  INFO util.ActivityLogger: class com.dotcms.contenttype.business.ContentTypeAPIImpl: system : Save ContentType Action , User system/system user system user added ContentType Page to host id:SYSTEM_HOST
[14/06/23 20:04:06:646 UTC]  INFO business.ContentTypeAPIImpl: UserId : system : ContentType : ContentType saved : Page
[14/06/23 20:04:06:646 UTC]  INFO util.AdminLogger: UserId : system : class com.dotcms.contenttype.business.ContentTypeAPIImpl : ContentType : ContentType saved : Page
[14/06/23 20:04:06:704 UTC]  INFO business.ContentTypeAPIImpl: Content type not found with given id: 855a2d72-f2f3-4169-8b04-ac5157c4380c. Continuing...
[14/06/23 20:04:06:713 UTC]  INFO util.ActivityLogger: class com.dotmarketing.util.ActivityLogger: system : Save Field Action , User system/system user added field fields-2 to Host Structure.
[14/06/23 20:04:06:721 UTC]  INFO util.ActivityLogger: class com.dotmarketing.util.ActivityLogger: system : Save Field Action , User system/system user added field fields-3 to Host Structure.
[14/06/23 20:04:06:731 UTC]  INFO util.ActivityLogger: class com.dotmarketing.util.ActivityLogger: system : Save Field Action , User system/system user added field Site Key to Host Structure.
[14/06/23 20:04:06:742 UTC]  INFO util.ActivityLogger: class com.dotmarketing.util.ActivityLogger: system : Save Field Action , User system/system user added field Aliases to Host Structure.
[14/06/23 20:04:06:755 UTC]  INFO util.ActivityLogger: class com.dotmarketing.util.ActivityLogger: system : Save Field Action , User system/system user added field Tag Storage to Host Structure.
[14/06/23 20:04:06:770 UTC]  INFO util.ActivityLogger: class com.dotmarketing.util.ActivityLogger: system : Save Field Action , User system/system user added field Is Default to Host Structure.
[14/06/23 20:04:06:786 UTC]  INFO util.ActivityLogger: class com.dotmarketing.util.ActivityLogger: system : Save Field Action , User system/system user added field Is System Host to Host Structure.
[14/06/23 20:04:06:804 UTC]  INFO util.ActivityLogger: class com.dotmarketing.util.ActivityLogger: system : Save Field Action , User system/system user added field Host Thumbnail to Host Structure.
[14/06/23 20:04:06:822 UTC]  INFO util.ActivityLogger: class com.dotmarketing.util.ActivityLogger: system : Save Field Action , User system/system user added field Run Dashboard to Host Structure.
[14/06/23 20:04:06:831 UTC]  INFO util.ActivityLogger: class com.dotcms.contenttype.business.ContentTypeAPIImpl: system : Save ContentType Action , User system/system user system user added ContentType Host to host id:SYSTEM_HOST
[14/06/23 20:04:06:831 UTC]  INFO business.ContentTypeAPIImpl: UserId : system : ContentType : ContentType saved : Host
[14/06/23 20:04:06:831 UTC]  INFO util.AdminLogger: UserId : system : class com.dotcms.contenttype.business.ContentTypeAPIImpl : ContentType : ContentType saved : Host
[14/06/23 20:04:06:835 UTC]  INFO business.ContentTypeAPIImpl: Content type not found with given id: 2c46b6586c38852ac08a824a303ced80. Continuing...
[14/06/23 20:04:06:851 UTC]  INFO util.ActivityLogger: class com.dotmarketing.util.ActivityLogger: system : Save Field Action , User system/system user added field Site or Folder to Image Structure.
[14/06/23 20:04:06:866 UTC]  INFO util.ActivityLogger: class com.dotmarketing.util.ActivityLogger: system : Save Field Action , User system/system user added field Asset to Image Structure.
[14/06/23 20:04:06:883 UTC]  INFO util.ActivityLogger: class com.dotmarketing.util.ActivityLogger: system : Save Field Action , User system/system user added field Tags to Image Structure.
[14/06/23 20:04:06:888 UTC]  INFO util.ActivityLogger: class com.dotcms.contenttype.business.ContentTypeAPIImpl: system : Save ContentType Action , User system/system user system user added ContentType Image to host id:8a7d5e23-da1e-420a-b4f0-471e7da8ea2d
[14/06/23 20:04:06:888 UTC]  INFO business.ContentTypeAPIImpl: UserId : system : ContentType : ContentType saved : Image
[14/06/23 20:04:06:888 UTC]  INFO util.AdminLogger: UserId : system : class com.dotcms.contenttype.business.ContentTypeAPIImpl : ContentType : ContentType saved : Image
[14/06/23 20:04:06:894 UTC]  INFO business.ContentTypeAPIImpl: Content type not found with given id: c77450b834901a20c8193ef9d561ee5b. Continuing...
[14/06/23 20:04:06:909 UTC]  INFO util.ActivityLogger: class com.dotmarketing.util.ActivityLogger: system : Save Field Action , User system/system user added field Site or Folder to Video Structure.
[14/06/23 20:04:06:924 UTC]  INFO util.ActivityLogger: class com.dotmarketing.util.ActivityLogger: system : Save Field Action , User system/system user added field Asset to Video Structure.
[14/06/23 20:04:06:940 UTC]  INFO util.ActivityLogger: class com.dotmarketing.util.ActivityLogger: system : Save Field Action , User system/system user added field Tags to Video Structure.
[14/06/23 20:04:06:945 UTC]  INFO util.ActivityLogger: class com.dotcms.contenttype.business.ContentTypeAPIImpl: system : Save ContentType Action , User system/system user system user added ContentType Video to host id:8a7d5e23-da1e-420a-b4f0-471e7da8ea2d
[14/06/23 20:04:06:945 UTC]  INFO business.ContentTypeAPIImpl: UserId : system : ContentType : ContentType saved : Video
[14/06/23 20:04:06:945 UTC]  INFO util.AdminLogger: UserId : system : class com.dotcms.contenttype.business.ContentTypeAPIImpl : ContentType : ContentType saved : Video
[14/06/23 20:04:06:962 UTC]  INFO business.ContentTypeAPIImpl: Content type not found with given id: 2a3e91e4-fbbf-4876-8c5b-2233c1739b05. Continuing...
[14/06/23 20:04:06:969 UTC]  INFO util.ActivityLogger: class com.dotmarketing.util.ActivityLogger: system : Save Field Action , User system/system user added field Row Field to Content (Generic) Structure.
[14/06/23 20:04:06:977 UTC]  INFO util.ActivityLogger: class com.dotmarketing.util.ActivityLogger: system : Save Field Action , User system/system user added field Column Field to Content (Generic) Structure.
[14/06/23 20:04:06:986 UTC]  INFO util.ActivityLogger: class com.dotmarketing.util.ActivityLogger: system : Save Field Action , User system/system user added field Title to Content (Generic) Structure.
[14/06/23 20:04:06:997 UTC]  INFO util.ActivityLogger: class com.dotmarketing.util.ActivityLogger: system : Save Field Action , User system/system user added field Site to Content (Generic) Structure.
[14/06/23 20:04:07:009 UTC]  INFO util.ActivityLogger: class com.dotmarketing.util.ActivityLogger: system : Save Field Action , User system/system user added field Body to Content (Generic) Structure.
[14/06/23 20:04:07:015 UTC]  INFO util.ActivityLogger: class com.dotcms.contenttype.business.ContentTypeAPIImpl: system : Save ContentType Action , User system/system user system user added ContentType Content (Generic) to host id:SYSTEM_HOST
[14/06/23 20:04:07:015 UTC]  INFO business.ContentTypeAPIImpl: UserId : system : ContentType : ContentType saved : Content (Generic)
[14/06/23 20:04:07:015 UTC]  INFO util.AdminLogger: UserId : system : class com.dotcms.contenttype.business.ContentTypeAPIImpl : ContentType : ContentType saved : Content (Generic)
[14/06/23 20:04:07:018 UTC]  INFO business.ContentTypeAPIImpl: Content type not found with given id: ce930143870e11569f93f8a9fff5da19. Continuing...
[14/06/23 20:04:07:026 UTC]  INFO util.ActivityLogger: class com.dotmarketing.util.ActivityLogger: system : Save Field Action , User system/system user added field Screenshot to Dot Favorite Page Structure.
[14/06/23 20:04:07:033 UTC]  INFO util.ActivityLogger: class com.dotmarketing.util.ActivityLogger: system : Save Field Action , User system/system user added field title to Dot Favorite Page Structure.
[14/06/23 20:04:07:042 UTC]  INFO util.ActivityLogger: class com.dotmarketing.util.ActivityLogger: system : Save Field Action , User system/system user added field url to Dot Favorite Page Structure.
[14/06/23 20:04:07:052 UTC]  INFO util.ActivityLogger: class com.dotmarketing.util.ActivityLogger: system : Save Field Action , User system/system user added field order to Dot Favorite Page Structure.
[14/06/23 20:04:07:057 UTC]  INFO util.ActivityLogger: class com.dotcms.contenttype.business.ContentTypeAPIImpl: system : Save ContentType Action , User system/system user system user added ContentType Dot Favorite Page to host id:SYSTEM_HOST
[14/06/23 20:04:07:057 UTC]  INFO business.ContentTypeAPIImpl: UserId : system : ContentType : ContentType saved : Dot Favorite Page
[14/06/23 20:04:07:057 UTC]  INFO util.AdminLogger: UserId : system : class com.dotcms.contenttype.business.ContentTypeAPIImpl : ContentType : ContentType saved : Dot Favorite Page
[14/06/23 20:04:07:059 UTC]  INFO starter.ImportStarterUtil: **** Importing the file: /data/local/dotsecure/backup/temp/com.dotmarketing.portlets.contentlet.model.Contentlet_0000000000.json *****
[14/06/23 20:04:07:059 UTC]  INFO starter.ImportStarterUtil: Importing:	com.dotmarketing.portlets.contentlet.model.Contentlet
[14/06/23 20:04:07:276 UTC]  INFO starter.ImportStarterUtil: Found :	5 com.dotmarketing.portlets.contentlet.model.Contentlet(s)
[14/06/23 20:04:07:420 UTC]  INFO timedcache.TimedCacheProvider: ***	 Building Cache : esquerycache, size:10000, seconds:3600,Concurrency:32 (every 60000 millis)
[14/06/23 20:04:07:866 UTC]  INFO util.SecurityLogger: class com.dotmarketing.portlets.workflows.business.WorkflowAPIImpl : Workflow Scheme 'System Workflow' [d61a59e1-a49c-46f2-a929-db2b4bfa88b2] has been saved by User ID 'system' -- ip:ukn,user:null
[14/06/23 20:04:07:873 UTC]  INFO util.SecurityLogger: class com.dotmarketing.portlets.workflows.business.WorkflowAPIImpl : Workflow Step 'New' [6cb7e3bd-1710-4eed-8838-d3db60f78f19] has been saved by User ID 'system' -- ip:ukn,user:null
[14/06/23 20:04:07:876 UTC]  INFO util.SecurityLogger: class com.dotmarketing.portlets.workflows.business.WorkflowAPIImpl : Workflow Step 'Draft' [ee24a4cb-2d15-4c98-b1bd-6327126451f3] has been saved by User ID 'system' -- ip:ukn,user:null
[14/06/23 20:04:07:879 UTC]  INFO util.SecurityLogger: class com.dotmarketing.portlets.workflows.business.WorkflowAPIImpl : Workflow Step 'Published' [dc3c9cd0-8467-404b-bf95-cb7df3fbc293] has been saved by User ID 'system' -- ip:ukn,user:null
[14/06/23 20:04:07:881 UTC]  INFO util.SecurityLogger: class com.dotmarketing.portlets.workflows.business.WorkflowAPIImpl : Workflow Step 'Archived' [d6b095b6-b65f-4bdb-bbfd-701d663dfee2] has been saved by User ID 'system' -- ip:ukn,user:null
[14/06/23 20:04:07:886 UTC]  INFO util.SecurityLogger: class com.dotmarketing.portlets.workflows.business.WorkflowAPIImpl : Action id: '4da13a42-5d59-480c-ad8f-94a3adf809fe' has been reordered by user: system -- ip:ukn,user:null
[14/06/23 20:04:07:896 UTC]  INFO util.SecurityLogger: class com.dotmarketing.portlets.workflows.business.WorkflowAPIImpl : Action id: '963f6a04-5320-42e7-ab74-6d876d199946' has been reordered by user: system -- ip:ukn,user:null
[14/06/23 20:04:07:900 UTC]  INFO util.SecurityLogger: class com.dotmarketing.portlets.workflows.business.WorkflowAPIImpl : Action id: '777f1c6b-c877-4a37-ba4b-10627316c2cc' has been reordered by user: system -- ip:ukn,user:null
[14/06/23 20:04:07:904 UTC]  INFO util.SecurityLogger: class com.dotmarketing.portlets.workflows.business.WorkflowAPIImpl : Action id: '1e0f1c6b-b67f-4c99-983d-db2b4bfa88b2' has been reordered by user: system -- ip:ukn,user:null
[14/06/23 20:04:07:908 UTC]  INFO util.SecurityLogger: class com.dotmarketing.portlets.workflows.business.WorkflowAPIImpl : Action id: 'dd4c4b7c-e9d3-4dc0-8fbf-36102f9c6324' has been reordered by user: system -- ip:ukn,user:null
[14/06/23 20:04:07:911 UTC]  INFO util.SecurityLogger: class com.dotmarketing.portlets.workflows.business.WorkflowAPIImpl : Action id: 'b9d89c80-3d88-4311-8365-187323c96436' has been reordered by user: system -- ip:ukn,user:null
[14/06/23 20:04:07:914 UTC]  INFO util.SecurityLogger: class com.dotmarketing.portlets.workflows.business.WorkflowAPIImpl : Action id: 'ceca71a0-deee-4999-bd47-b01baa1bcfc8' has been reordered by user: system -- ip:ukn,user:null
[14/06/23 20:04:07:921 UTC]  INFO util.SecurityLogger: class com.dotmarketing.portlets.workflows.business.WorkflowAPIImpl : Action id: 'c92f9aa1-9503-4567-ac30-d3242b54d02d' has been reordered by user: system -- ip:ukn,user:null
[14/06/23 20:04:07:924 UTC]  INFO util.SecurityLogger: class com.dotmarketing.portlets.workflows.business.WorkflowAPIImpl : Action id: '38efc763-d78f-4e4b-b092-59cd8c579b93' has been reordered by user: system -- ip:ukn,user:null
[14/06/23 20:04:07:941 UTC]  INFO util.SecurityLogger: class com.dotmarketing.portlets.workflows.business.WorkflowAPIImpl : The action id: 'ceca71a0-deee-4999-bd47-b01baa1bcfc8' has been saved by the user: system -- ip:ukn,user:null
[14/06/23 20:04:07:946 UTC]  INFO util.SecurityLogger: class com.dotmarketing.portlets.workflows.business.WorkflowAPIImpl : The action id: 'b9d89c80-3d88-4311-8365-187323c96436' has been saved by the user: system -- ip:ukn,user:null
[14/06/23 20:04:07:950 UTC]  INFO util.SecurityLogger: class com.dotmarketing.portlets.workflows.business.WorkflowAPIImpl : The action id: '777f1c6b-c877-4a37-ba4b-10627316c2cc' has been saved by the user: system -- ip:ukn,user:null
[14/06/23 20:04:07:955 UTC]  INFO util.SecurityLogger: class com.dotmarketing.portlets.workflows.business.WorkflowAPIImpl : The action id: 'ceca71a0-deee-4999-bd47-b01baa1bcfc8' has been saved by the user: system -- ip:ukn,user:null
[14/06/23 20:04:07:959 UTC]  INFO util.SecurityLogger: class com.dotmarketing.portlets.workflows.business.WorkflowAPIImpl : The action id: 'dd4c4b7c-e9d3-4dc0-8fbf-36102f9c6324' has been saved by the user: system -- ip:ukn,user:null
[14/06/23 20:04:07:963 UTC]  INFO util.SecurityLogger: class com.dotmarketing.portlets.workflows.business.WorkflowAPIImpl : The action id: '38efc763-d78f-4e4b-b092-59cd8c579b93' has been saved by the user: system -- ip:ukn,user:null
[14/06/23 20:04:07:967 UTC]  INFO util.SecurityLogger: class com.dotmarketing.portlets.workflows.business.WorkflowAPIImpl : The action id: '963f6a04-5320-42e7-ab74-6d876d199946' has been saved by the user: system -- ip:ukn,user:null
[14/06/23 20:04:07:971 UTC]  INFO util.SecurityLogger: class com.dotmarketing.portlets.workflows.business.WorkflowAPIImpl : The action id: 'b9d89c80-3d88-4311-8365-187323c96436' has been saved by the user: system -- ip:ukn,user:null
[14/06/23 20:04:07:975 UTC]  INFO util.SecurityLogger: class com.dotmarketing.portlets.workflows.business.WorkflowAPIImpl : The action id: '4da13a42-5d59-480c-ad8f-94a3adf809fe' has been saved by the user: system -- ip:ukn,user:null
[14/06/23 20:04:07:979 UTC]  INFO util.SecurityLogger: class com.dotmarketing.portlets.workflows.business.WorkflowAPIImpl : The action id: '963f6a04-5320-42e7-ab74-6d876d199946' has been saved by the user: system -- ip:ukn,user:null
[14/06/23 20:04:07:983 UTC]  INFO util.SecurityLogger: class com.dotmarketing.portlets.workflows.business.WorkflowAPIImpl : The action id: '38efc763-d78f-4e4b-b092-59cd8c579b93' has been saved by the user: system -- ip:ukn,user:null
[14/06/23 20:04:07:986 UTC]  INFO util.SecurityLogger: class com.dotmarketing.portlets.workflows.business.WorkflowAPIImpl : The action id: 'ceca71a0-deee-4999-bd47-b01baa1bcfc8' has been saved by the user: system -- ip:ukn,user:null
[14/06/23 20:04:07:990 UTC]  INFO util.SecurityLogger: class com.dotmarketing.portlets.workflows.business.WorkflowAPIImpl : The action id: '4da13a42-5d59-480c-ad8f-94a3adf809fe' has been saved by the user: system -- ip:ukn,user:null
[14/06/23 20:04:07:993 UTC]  INFO util.SecurityLogger: class com.dotmarketing.portlets.workflows.business.WorkflowAPIImpl : The action id: 'b9d89c80-3d88-4311-8365-187323c96436' has been saved by the user: system -- ip:ukn,user:null
[14/06/23 20:04:07:997 UTC]  INFO util.SecurityLogger: class com.dotmarketing.portlets.workflows.business.WorkflowAPIImpl : The action id: 'dd4c4b7c-e9d3-4dc0-8fbf-36102f9c6324' has been saved by the user: system -- ip:ukn,user:null
[14/06/23 20:04:08:005 UTC]  INFO util.SecurityLogger: class com.dotmarketing.portlets.workflows.business.WorkflowAPIImpl : The action id: 'c92f9aa1-9503-4567-ac30-d3242b54d02d' has been saved by the user: system -- ip:ukn,user:null
[14/06/23 20:04:08:009 UTC]  INFO util.SecurityLogger: class com.dotmarketing.portlets.workflows.business.WorkflowAPIImpl : The action id: '777f1c6b-c877-4a37-ba4b-10627316c2cc' has been saved by the user: system -- ip:ukn,user:null
[14/06/23 20:04:08:013 UTC]  INFO util.SecurityLogger: class com.dotmarketing.portlets.workflows.business.WorkflowAPIImpl : The action id: '1e0f1c6b-b67f-4c99-983d-db2b4bfa88b2' has been saved by the user: system -- ip:ukn,user:null
[14/06/23 20:04:08:078 UTC]  INFO util.SecurityLogger: class com.dotmarketing.portlets.workflows.business.WorkflowAPIImpl : Saving class parameters by the user: system -- ip:ukn,user:null
[14/06/23 20:04:08:087 UTC]  INFO starter.ImportStarterUtil: **** Importing the file: /data/local/dotsecure/backup/temp/com.dotmarketing.beans.Permission_0000000000.json *****
[14/06/23 20:04:08:087 UTC]  INFO starter.ImportStarterUtil: Importing:	com.dotmarketing.beans.Permission
[14/06/23 20:04:08:092 UTC]  INFO starter.ImportStarterUtil: Found :	20 com.dotmarketing.beans.Permission(s)
[14/06/23 20:04:08:106 UTC]  INFO starter.ImportStarterUtil: **** Importing the file: /data/local/dotsecure/backup/temp/com.dotmarketing.portlets.contentlet.model.ContentletVersionInfo_0000000000.json *****
[14/06/23 20:04:08:106 UTC]  INFO starter.ImportStarterUtil: Importing:	com.dotmarketing.portlets.contentlet.model.ContentletVersionInfo
[14/06/23 20:04:08:109 UTC]  INFO starter.ImportStarterUtil: Found :	3 com.dotmarketing.portlets.contentlet.model.ContentletVersionInfo(s)
[14/06/23 20:04:08:167 UTC]  INFO starter.ImportStarterUtil: **** Importing the file: /data/local/dotsecure/backup/temp/com.dotmarketing.portlets.workflows.model.WorkflowTask_0000000000.json *****
[14/06/23 20:04:08:167 UTC]  INFO starter.ImportStarterUtil: Importing:	com.dotmarketing.portlets.workflows.model.WorkflowTask
[14/06/23 20:04:08:171 UTC]  INFO starter.ImportStarterUtil: Found :	1 com.dotmarketing.portlets.workflows.model.WorkflowTask(s)
[14/06/23 20:04:08:177 UTC]  INFO starter.ImportStarterUtil: **** Importing the file: /data/local/dotsecure/backup/temp/Image.json *****
[14/06/23 20:04:08:177 UTC]  INFO starter.ImportStarterUtil: Importing:	Image
[14/06/23 20:04:13:620 UTC]  INFO starter.ImportStarterUtil: Found :	1 Image(s)
[14/06/23 20:04:13:622 UTC]  INFO starter.ImportStarterUtil: **** Importing the file: /data/local/dotsecure/backup/temp/Portlet.json *****
[14/06/23 20:04:13:622 UTC]  INFO starter.ImportStarterUtil: Importing:	Portlet
[14/06/23 20:04:13:622 UTC]  INFO starter.ImportStarterUtil: Found :	3 Portlet(s)
[14/06/23 20:04:13:628 UTC]  INFO starter.ImportStarterUtil: Done Importing
[14/06/23 20:04:13:633 UTC]  INFO runonce.Task210321RemoveOldMetadataFiles:  executing metadata clean up under path /data/shared/assets
[14/06/23 20:04:13:642 UTC]  INFO db.DotCMSInitDb:  `1` old metadata entries removed and `0` old content files from the starter.
[14/06/23 20:04:13:644 UTC]  INFO timedcache.TimedCacheProvider: ===== Initializing [Timed Cache Provider].
[14/06/23 20:04:13:645 UTC]  INFO timedcache.TimedCacheProvider: ***	 Cache Config Memory : esquerycache: 10000
[14/06/23 20:04:13:645 UTC]  INFO timedcache.TimedCacheProvider: ***	 Cache Config Memory : esquerycountcache: 10000
[14/06/23 20:04:13:646 UTC]  INFO timedcache.TimedCacheProvider: ***	 Cache Config Memory : graphqlquerycache: 5000
[14/06/23 20:04:13:646 UTC]  INFO timedcache.TimedCacheProvider: ***	 Cache Config Memory : default: 1000
[14/06/23 20:04:13:647 UTC]  INFO timedcache.TimedCacheProvider: ***	 Cache Config Memory : adminconfigpool: 100
[14/06/23 20:04:13:647 UTC]  INFO timedcache.TimedCacheProvider: ***	 Cache Config Memory : companypool: 10
[14/06/23 20:04:13:648 UTC]  INFO timedcache.TimedCacheProvider: ***	 Cache Config Memory : contentletcache: 5000
[14/06/23 20:04:13:648 UTC]  INFO timedcache.TimedCacheProvider: ***	 Cache Config Memory : categoryparentscache: 30000
[14/06/23 20:04:13:649 UTC]  INFO timedcache.TimedCacheProvider: ***	 Cache Config Memory : taginodecache: 50000
[14/06/23 20:04:13:649 UTC]  INFO timedcache.TimedCacheProvider: ***	 Cache Config Memory : taginodesbyinodecache: 50000
[14/06/23 20:04:13:650 UTC]  INFO timedcache.TimedCacheProvider: ***	 Cache Config Memory : tagcache: 50000
[14/06/23 20:04:13:650 UTC]  INFO timedcache.TimedCacheProvider: ***	 Cache Config Memory : csscache: 2500
[14/06/23 20:04:13:650 UTC]  INFO timedcache.TimedCacheProvider: ***	 Cache Config Memory : assetmetadatacache: 10000
[14/06/23 20:04:13:651 UTC]  INFO timedcache.TimedCacheProvider: ***	 Cache Config Memory : identifiercache: 50000
[14/06/23 20:04:13:651 UTC]  INFO timedcache.TimedCacheProvider: ***	 Cache Config Memory : identifier404cache: 30000
[14/06/23 20:04:13:651 UTC]  INFO timedcache.TimedCacheProvider: ***	 Cache Config Memory : indiciescache: 8
[14/06/23 20:04:13:651 UTC]  INFO timedcache.TimedCacheProvider: ***	 Cache Config Memory : logmappercache: 10
[14/06/23 20:04:13:652 UTC]  INFO timedcache.TimedCacheProvider: ***	 Cache Config Memory : navcache: 1000
[14/06/23 20:04:13:652 UTC]  INFO timedcache.TimedCacheProvider: ***	 Cache Config Memory : parentpermissionablecache: 10000
[14/06/23 20:04:13:652 UTC]  INFO timedcache.TimedCacheProvider: ***	 Cache Config Memory : permissioncache: 50000
[14/06/23 20:04:13:656 UTC]  INFO timedcache.TimedCacheProvider: ***	 Cache Config Memory : portletpool: 100
[14/06/23 20:04:13:656 UTC]  INFO timedcache.TimedCacheProvider: ***	 Cache Config Memory : publishingendpointcache: 100
[14/06/23 20:04:13:657 UTC]  INFO timedcache.TimedCacheProvider: ***	 Cache Config Memory : pushedassetscache: 5000
[14/06/23 20:04:13:657 UTC]  INFO timedcache.TimedCacheProvider: ***	 Cache Config Memory : templatecache: 500
[14/06/23 20:04:13:657 UTC]  INFO timedcache.TimedCacheProvider: ***	 Cache Config Memory : translatedquerycache: 5000
[14/06/23 20:04:13:658 UTC]  INFO timedcache.TimedCacheProvider: ***	 Cache Config Memory : versioncache: 50000
[14/06/23 20:04:13:658 UTC]  INFO timedcache.TimedCacheProvider: ***	 Cache Config Memory : versioninfocache: 50000
[14/06/23 20:04:13:658 UTC]  INFO timedcache.TimedCacheProvider: ***	 Cache Config Memory : workflowactioncache: 10000
[14/06/23 20:04:13:659 UTC]  INFO timedcache.TimedCacheProvider: ***	 Cache Config Memory : workflowtaskcache: 10000
[14/06/23 20:04:13:659 UTC]  INFO timedcache.TimedCacheProvider: ***	 Cache Config Memory : shortyidcache: 25000
[14/06/23 20:04:13:659 UTC]  INFO timedcache.TimedCacheProvider: ***	 Cache Config Memory : velocitycache: 5000
[14/06/23 20:04:13:660 UTC]  INFO timedcache.TimedCacheProvider: ***	 Cache Config Memory : vanityurldirectcache: 25000
[14/06/23 20:04:13:660 UTC]  INFO timedcache.TimedCacheProvider: ***	 Cache Config Memory : vanityurlsitecache: 5000
[14/06/23 20:04:13:660 UTC]  INFO h22.H22Cache: Start Full Cache Flush in h22
[14/06/23 20:04:13:661 UTC]  INFO h22.H22Cache: Building new H22 Cache, db:0
[14/06/23 20:04:13:661 UTC]  INFO h22.H22HikariPool: H22 on disk cache:jdbc:h2:/data/local/dotsecure/h22cache/0/2023-06-14_20-04-13/cache;MVCC=TRUE;DB_CLOSE_ON_EXIT=FALSE
[14/06/23 20:04:13:719 UTC]  INFO h22.H22Cache: Building new H22 Cache, db:1
[14/06/23 20:04:13:719 UTC]  INFO h22.H22HikariPool: H22 on disk cache:jdbc:h2:/data/local/dotsecure/h22cache/1/2023-06-14_20-04-13/cache;MVCC=TRUE;DB_CLOSE_ON_EXIT=FALSE
[14/06/23 20:04:13:777 UTC]  INFO h22.H22Cache: End Full Cache Flush in h22 : 115ms
[14/06/23 20:04:13:821 UTC]  INFO reindex.ReindexThread: --- Recreating ReindexThread from stopped
[14/06/23 20:04:13:823 UTC]  INFO framework.OSGISystem: Starting: OSGi System Framework
[14/06/23 20:04:13:824 UTC]  INFO framework.OSGISystem: Felix System base dir: /srv/dotserver/tomcat-9.0.60/webapps/ROOT/WEB-INF/felix-system
[14/06/23 20:04:13:832 UTC]  INFO framework.OSGIUtil: Loading Factory org.apache.felix.framework.FrameworkFactory
[14/06/23 20:04:14:254 UTC]  INFO init.SamlInitializer: SAML Init STARTED...
[14/06/23 20:04:15:078 UTC]  INFO init.SamlInitializer: Doing instance of Java Crypto validator
[14/06/23 20:04:15:078 UTC]  INFO init.SamlInitializer: Getting the Security Providers
[14/06/23 20:04:15:079 UTC]  INFO init.SamlInitializer: - SUN (DSA key/parameter generation; DSA signing; SHA-1, MD5 digests; SecureRandom; X.509 certificates; PKCS12, JKS & DKS keystores; PKIX CertPathValidator; PKIX CertPathBuilder; LDAP, Collection CertStores, JavaPolicy Policy; JavaLoginConfig Configuration)
[14/06/23 20:04:15:079 UTC]  INFO init.SamlInitializer: - Sun RSA signature provider
[14/06/23 20:04:15:079 UTC]  INFO init.SamlInitializer: - Sun Elliptic Curve provider (EC, ECDSA, ECDH)
[14/06/23 20:04:15:079 UTC]  INFO init.SamlInitializer: - Sun JSSE provider(PKCS12, SunX509/PKIX key/trust factories, SSLv3/TLSv1/TLSv1.1/TLSv1.2/TLSv1.3/DTLSv1.0/DTLSv1.2)
[14/06/23 20:04:15:079 UTC]  INFO init.SamlInitializer: - SunJCE Provider (implements RSA, DES, Triple DES, AES, Blowfish, ARCFOUR, RC2, PBE, Diffie-Hellman, HMAC, ChaCha20)
[14/06/23 20:04:15:079 UTC]  INFO init.SamlInitializer: - Sun (Kerberos v5, SPNEGO)
[14/06/23 20:04:15:079 UTC]  INFO init.SamlInitializer: - Sun SASL provider(implements client mechanisms for: DIGEST-MD5, EXTERNAL, PLAIN, CRAM-MD5, NTLM; server mechanisms for: DIGEST-MD5, CRAM-MD5, NTLM)
[14/06/23 20:04:15:079 UTC]  INFO init.SamlInitializer: - JdkLDAP Provider (implements LDAP CertStore)
[14/06/23 20:04:15:079 UTC]  INFO init.SamlInitializer: Doing Init of SignatureValidationProvider
[14/06/23 20:04:15:085 UTC]  INFO init.SamlInitializer: SAML Init DONE
[14/06/23 20:04:15:085 UTC]  INFO init.SamlInitializer: Setting basic parser pool
[14/06/23 20:04:15:088 UTC]  INFO osgi.Activator: Adding the SAML Web Filter
[14/06/23 20:04:15:145 UTC]  INFO osgi.Activator: Adding the SAML Web Service: com.dotcms.auth.providers.saml.v1.DotSamlResource
[14/06/23 20:04:15:606 UTC]  INFO osgi.Activator: Subscribing to  AppSecretSavedEvent events
[14/06/23 20:04:16:307 UTC]  INFO framework.OSGISystem: Started : OSGi System Framework
[14/06/23 20:04:16:308 UTC]  INFO reindex.ReindexThread: --- ReindexThread Running (every 60000 millis)
[14/06/23 20:04:16:310 UTC]  INFO db.DotCMSInitDb: Building Initial Index
[14/06/23 20:04:16:310 UTC]  INFO reindex.ReindexThread: ---  ReindexThread is starting, background indexing will begin
[14/06/23 20:04:16:370 UTC]  INFO business.ESIndexAPI: createIndex : Trying to create index: cluster_5eb898032a.working_20230614200416 with shards: 0
[14/06/23 20:04:16:371 UTC]  INFO util.AdminLogger: class com.dotcms.content.elasticsearch.business.ESIndexAPI : createIndex : Trying to create index: cluster_5eb898032a.working_20230614200416 with shards: 0
[14/06/23 20:04:16:371 UTC]  WARN business.ESIndexAPI: Unable to parse shards from config
[14/06/23 20:04:16:371 UTC]  WARN business.ESIndexAPI: null
[14/06/23 20:04:16:372 UTC]  WARN business.ESIndexAPI: java.base/java.lang.Integer.parseInt(Integer.java:614)
[14/06/23 20:04:16:751 UTC]  INFO business.ESIndexAPI: createIndex : Index created: cluster_5eb898032a.working_20230614200416 with shards: 1
[14/06/23 20:04:16:752 UTC]  INFO util.AdminLogger: class com.dotcms.content.elasticsearch.business.ESIndexAPI : createIndex : Index created: cluster_5eb898032a.working_20230614200416 with shards: 1
[14/06/23 20:04:16:920 UTC]  INFO business.ESIndexAPI: createIndex : Trying to create index: cluster_5eb898032a.live_20230614200416 with shards: 0
[14/06/23 20:04:16:920 UTC]  INFO util.AdminLogger: class com.dotcms.content.elasticsearch.business.ESIndexAPI : createIndex : Trying to create index: cluster_5eb898032a.live_20230614200416 with shards: 0
[14/06/23 20:04:16:920 UTC]  WARN business.ESIndexAPI: Unable to parse shards from config
[14/06/23 20:04:16:920 UTC]  WARN business.ESIndexAPI: null
[14/06/23 20:04:16:920 UTC]  WARN business.ESIndexAPI: java.base/java.lang.Integer.parseInt(Integer.java:614)
[14/06/23 20:04:17:003 UTC]  INFO business.ESIndexAPI: createIndex : Index created: cluster_5eb898032a.live_20230614200416 with shards: 1
[14/06/23 20:04:17:003 UTC]  INFO util.AdminLogger: class com.dotcms.content.elasticsearch.business.ESIndexAPI : createIndex : Index created: cluster_5eb898032a.live_20230614200416 with shards: 1
[14/06/23 20:04:21:179 UTC]  INFO reindex.ReindexThread: --- Unpausing reindex thread 
[14/06/23 20:04:22:099 UTC]  INFO reindex.BulkProcessorListener: -----------
[14/06/23 20:04:22:100 UTC]  INFO reindex.BulkProcessorListener: Reindexing Server #  : 1 of 1
[14/06/23 20:04:22:101 UTC]  INFO reindex.BulkProcessorListener: Total Indexed        : 0
[14/06/23 20:04:22:101 UTC]  INFO reindex.BulkProcessorListener: ReindexEntries found : 3
[14/06/23 20:04:22:102 UTC]  INFO reindex.BulkProcessorListener: BulkRequests created : 6
[14/06/23 20:04:22:102 UTC]  INFO reindex.BulkProcessorListener: -----------
[14/06/23 20:04:24:186 UTC]  INFO db.DotCMSInitDb: Records left to index : 0
[14/06/23 20:04:24:187 UTC]  INFO db.DotCMSInitDb: While in DevMode dotCMS will not set an initial password to the admin user.
[14/06/23 20:04:24:188 UTC]  INFO startup.StartupTasksExecutor: Not Running Startup Tasks: Task00005LoadFixassets
[14/06/23 20:04:24:240 UTC]  INFO startup.StartupTasksExecutor: Running Startup Tasks : Task00006CreateSystemLayout
[14/06/23 20:04:27:255 UTC]  INFO startup.StartupTasksExecutor: Not Running Startup Tasks: Task00007RemoveSitesearchQuartzJob
[14/06/23 20:04:27:256 UTC]  INFO startup.StartupTasksExecutor: Running Startup Tasks : Task00040CheckAnonymousUser
[14/06/23 20:04:27:431 UTC]  INFO apps.SecretsKeyStoreHelper: KeyStore loaded successfully after `1` tries.
[14/06/23 20:04:27:432 UTC]  INFO startup.StartupTasksExecutor: Not Running Startup Tasks: Task00050LoadAppsSecrets
[14/06/23 20:04:27:433 UTC]  INFO startup.StartupTasksExecutor: Finishing startup tasks.
[14/06/23 20:04:27:433 UTC]  INFO startup.StartupTasksExecutor: ---
[14/06/23 20:04:27:433 UTC]  INFO startup.StartupTasksExecutor: 
[14/06/23 20:04:27:433 UTC]  INFO startup.StartupTasksExecutor: Running Upgrade Tasks
[14/06/23 20:04:27:433 UTC]  INFO startup.StartupTasksExecutor: Database version: 0
[14/06/23 20:04:28:310 UTC]  INFO startup.StartupTasksExecutor: Database upgraded to version: 760
[14/06/23 20:04:28:311 UTC]  INFO startup.StartupTasksExecutor: Database upgraded to version: 765
[14/06/23 20:04:28:312 UTC]  INFO startup.StartupTasksExecutor: Database upgraded to version: 766
[14/06/23 20:04:28:313 UTC]  INFO startup.StartupTasksExecutor: Database upgraded to version: 767
[14/06/23 20:04:28:313 UTC]  INFO startup.StartupTasksExecutor: Database upgraded to version: 768
[14/06/23 20:04:28:314 UTC]  INFO startup.StartupTasksExecutor: Database upgraded to version: 769
[14/06/23 20:04:28:315 UTC]  INFO startup.StartupTasksExecutor: Database upgraded to version: 775
[14/06/23 20:04:28:316 UTC]  INFO startup.StartupTasksExecutor: Database upgraded to version: 780
[14/06/23 20:04:28:316 UTC]  INFO startup.StartupTasksExecutor: Database upgraded to version: 782
[14/06/23 20:04:28:317 UTC]  INFO startup.StartupTasksExecutor: Database upgraded to version: 785
[14/06/23 20:04:28:318 UTC]  INFO startup.StartupTasksExecutor: Database upgraded to version: 790
[14/06/23 20:04:28:318 UTC]  INFO startup.StartupTasksExecutor: Database upgraded to version: 795
[14/06/23 20:04:28:319 UTC]  INFO startup.StartupTasksExecutor: Database upgraded to version: 800
[14/06/23 20:04:28:320 UTC]  INFO startup.StartupTasksExecutor: Database upgraded to version: 805
[14/06/23 20:04:28:320 UTC]  INFO startup.StartupTasksExecutor: Database upgraded to version: 810
[14/06/23 20:04:28:321 UTC]  INFO startup.StartupTasksExecutor: Database upgraded to version: 815
[14/06/23 20:04:28:322 UTC]  INFO startup.StartupTasksExecutor: Database upgraded to version: 820
[14/06/23 20:04:28:322 UTC]  INFO startup.StartupTasksExecutor: Database upgraded to version: 825
[14/06/23 20:04:28:323 UTC]  INFO startup.StartupTasksExecutor: Database upgraded to version: 835
[14/06/23 20:04:28:324 UTC]  INFO startup.StartupTasksExecutor: Database upgraded to version: 840
[14/06/23 20:04:28:325 UTC]  INFO startup.StartupTasksExecutor: Database upgraded to version: 845
[14/06/23 20:04:28:325 UTC]  INFO startup.StartupTasksExecutor: Database upgraded to version: 850
[14/06/23 20:04:28:326 UTC]  INFO startup.StartupTasksExecutor: Database upgraded to version: 855
[14/06/23 20:04:28:327 UTC]  INFO startup.StartupTasksExecutor: Database upgraded to version: 860
[14/06/23 20:04:28:328 UTC]  INFO startup.StartupTasksExecutor: Database upgraded to version: 865
[14/06/23 20:04:28:329 UTC]  INFO startup.StartupTasksExecutor: Database upgraded to version: 900
[14/06/23 20:04:28:329 UTC]  INFO startup.StartupTasksExecutor: Database upgraded to version: 905
[14/06/23 20:04:28:330 UTC]  INFO startup.StartupTasksExecutor: Database upgraded to version: 910
[14/06/23 20:04:28:331 UTC]  INFO startup.StartupTasksExecutor: Database upgraded to version: 920
[14/06/23 20:04:28:332 UTC]  INFO startup.StartupTasksExecutor: Database upgraded to version: 922
[14/06/23 20:04:28:332 UTC]  INFO startup.StartupTasksExecutor: Database upgraded to version: 925
[14/06/23 20:04:28:333 UTC]  INFO startup.StartupTasksExecutor: Database upgraded to version: 930
[14/06/23 20:04:28:334 UTC]  INFO startup.StartupTasksExecutor: Database upgraded to version: 935
[14/06/23 20:04:28:335 UTC]  INFO startup.StartupTasksExecutor: Database upgraded to version: 940
[14/06/23 20:04:28:335 UTC]  INFO startup.StartupTasksExecutor: Database upgraded to version: 945
[14/06/23 20:04:28:336 UTC]  INFO startup.StartupTasksExecutor: Database upgraded to version: 950
[14/06/23 20:04:28:337 UTC]  INFO startup.StartupTasksExecutor: Database upgraded to version: 1000
[14/06/23 20:04:28:338 UTC]  INFO startup.StartupTasksExecutor: Database upgraded to version: 1005
[14/06/23 20:04:28:339 UTC]  INFO startup.StartupTasksExecutor: Database upgraded to version: 1015
[14/06/23 20:04:28:339 UTC]  INFO startup.StartupTasksExecutor: Database upgraded to version: 1016
[14/06/23 20:04:28:340 UTC]  INFO startup.StartupTasksExecutor: Database upgraded to version: 1020
[14/06/23 20:04:28:341 UTC]  INFO startup.StartupTasksExecutor: Database upgraded to version: 1030
[14/06/23 20:04:28:342 UTC]  INFO startup.StartupTasksExecutor: Database upgraded to version: 1035
[14/06/23 20:04:28:342 UTC]  INFO startup.StartupTasksExecutor: Database upgraded to version: 1045
[14/06/23 20:04:28:343 UTC]  INFO startup.StartupTasksExecutor: Database upgraded to version: 1050
[14/06/23 20:04:28:344 UTC]  INFO startup.StartupTasksExecutor: Database upgraded to version: 1055
[14/06/23 20:04:28:345 UTC]  INFO startup.StartupTasksExecutor: Database upgraded to version: 1060
[14/06/23 20:04:28:346 UTC]  INFO startup.StartupTasksExecutor: Database upgraded to version: 1065
[14/06/23 20:04:28:347 UTC]  INFO startup.StartupTasksExecutor: Database upgraded to version: 1070
[14/06/23 20:04:28:347 UTC]  INFO startup.StartupTasksExecutor: Database upgraded to version: 1080
[14/06/23 20:04:28:348 UTC]  INFO startup.StartupTasksExecutor: Database upgraded to version: 1085
[14/06/23 20:04:28:349 UTC]  INFO startup.StartupTasksExecutor: Database upgraded to version: 1090
[14/06/23 20:04:28:350 UTC]  INFO startup.StartupTasksExecutor: Database upgraded to version: 1095
[14/06/23 20:04:28:351 UTC]  INFO startup.StartupTasksExecutor: Database upgraded to version: 1096
[14/06/23 20:04:28:352 UTC]  INFO startup.StartupTasksExecutor: Database upgraded to version: 3000
[14/06/23 20:04:28:352 UTC]  INFO startup.StartupTasksExecutor: Database upgraded to version: 3005
[14/06/23 20:04:28:353 UTC]  INFO startup.StartupTasksExecutor: Database upgraded to version: 3010
[14/06/23 20:04:28:354 UTC]  INFO startup.StartupTasksExecutor: Database upgraded to version: 3015
[14/06/23 20:04:28:355 UTC]  INFO startup.StartupTasksExecutor: Database upgraded to version: 3020
[14/06/23 20:04:28:355 UTC]  INFO startup.StartupTasksExecutor: Database upgraded to version: 3025
[14/06/23 20:04:28:356 UTC]  INFO startup.StartupTasksExecutor: Database upgraded to version: 3030
[14/06/23 20:04:28:357 UTC]  INFO startup.StartupTasksExecutor: Database upgraded to version: 3035
[14/06/23 20:04:28:358 UTC]  INFO startup.StartupTasksExecutor: Database upgraded to version: 3040
[14/06/23 20:04:28:359 UTC]  INFO startup.StartupTasksExecutor: Database upgraded to version: 3042
[14/06/23 20:04:28:359 UTC]  INFO startup.StartupTasksExecutor: Database upgraded to version: 3045
[14/06/23 20:04:28:360 UTC]  INFO startup.StartupTasksExecutor: Database upgraded to version: 3050
[14/06/23 20:04:28:361 UTC]  INFO startup.StartupTasksExecutor: Database upgraded to version: 3055
[14/06/23 20:04:28:362 UTC]  INFO startup.StartupTasksExecutor: Database upgraded to version: 3060
[14/06/23 20:04:28:363 UTC]  INFO startup.StartupTasksExecutor: Database upgraded to version: 3065
[14/06/23 20:04:28:364 UTC]  INFO startup.StartupTasksExecutor: Database upgraded to version: 3100
[14/06/23 20:04:28:365 UTC]  INFO startup.StartupTasksExecutor: Database upgraded to version: 3105
[14/06/23 20:04:28:366 UTC]  INFO startup.StartupTasksExecutor: Database upgraded to version: 3120
[14/06/23 20:04:28:366 UTC]  INFO startup.StartupTasksExecutor: Database upgraded to version: 3130
[14/06/23 20:04:28:367 UTC]  INFO startup.StartupTasksExecutor: Database upgraded to version: 3135
[14/06/23 20:04:28:368 UTC]  INFO startup.StartupTasksExecutor: Database upgraded to version: 3140
[14/06/23 20:04:28:369 UTC]  INFO startup.StartupTasksExecutor: Database upgraded to version: 3150
[14/06/23 20:04:28:370 UTC]  INFO startup.StartupTasksExecutor: Database upgraded to version: 3160
[14/06/23 20:04:28:370 UTC]  INFO startup.StartupTasksExecutor: Database upgraded to version: 3165
[14/06/23 20:04:28:371 UTC]  INFO startup.StartupTasksExecutor: Database upgraded to version: 3500
[14/06/23 20:04:28:372 UTC]  INFO startup.StartupTasksExecutor: Database upgraded to version: 3505
[14/06/23 20:04:28:373 UTC]  INFO startup.StartupTasksExecutor: Database upgraded to version: 3510
[14/06/23 20:04:28:374 UTC]  INFO startup.StartupTasksExecutor: Database upgraded to version: 3515
[14/06/23 20:04:28:374 UTC]  INFO startup.StartupTasksExecutor: Database upgraded to version: 3520
[14/06/23 20:04:28:375 UTC]  INFO startup.StartupTasksExecutor: Database upgraded to version: 3525
[14/06/23 20:04:28:376 UTC]  INFO startup.StartupTasksExecutor: Database upgraded to version: 3530
[14/06/23 20:04:28:377 UTC]  INFO startup.StartupTasksExecutor: Database upgraded to version: 3535
[14/06/23 20:04:28:380 UTC]  INFO startup.StartupTasksExecutor: Database upgraded to version: 3540
[14/06/23 20:04:28:381 UTC]  INFO startup.StartupTasksExecutor: Database upgraded to version: 3545
[14/06/23 20:04:28:382 UTC]  INFO startup.StartupTasksExecutor: Database upgraded to version: 3550
[14/06/23 20:04:28:382 UTC]  INFO startup.StartupTasksExecutor: Database upgraded to version: 3555
[14/06/23 20:04:28:383 UTC]  INFO startup.StartupTasksExecutor: Database upgraded to version: 3560
[14/06/23 20:04:28:389 UTC]  INFO startup.StartupTasksExecutor: Database upgraded to version: 3565
[14/06/23 20:04:28:390 UTC]  INFO startup.StartupTasksExecutor: Database upgraded to version: 3600
[14/06/23 20:04:28:390 UTC]  INFO startup.StartupTasksExecutor: Database upgraded to version: 3605
[14/06/23 20:04:28:391 UTC]  INFO startup.StartupTasksExecutor: Database upgraded to version: 3700
[14/06/23 20:04:28:392 UTC]  INFO startup.StartupTasksExecutor: Database upgraded to version: 3705
[14/06/23 20:04:28:393 UTC]  INFO startup.StartupTasksExecutor: Database upgraded to version: 3710
[14/06/23 20:04:28:394 UTC]  INFO startup.StartupTasksExecutor: Database upgraded to version: 3715
[14/06/23 20:04:28:394 UTC]  INFO startup.StartupTasksExecutor: Database upgraded to version: 3720
[14/06/23 20:04:28:395 UTC]  INFO startup.StartupTasksExecutor: Database upgraded to version: 3725
[14/06/23 20:04:28:396 UTC]  INFO startup.StartupTasksExecutor: Database upgraded to version: 3735
[14/06/23 20:04:28:397 UTC]  INFO startup.StartupTasksExecutor: Database upgraded to version: 3740
[14/06/23 20:04:28:398 UTC]  INFO startup.StartupTasksExecutor: Database upgraded to version: 3745
[14/06/23 20:04:28:398 UTC]  INFO startup.StartupTasksExecutor: Database upgraded to version: 3800
[14/06/23 20:04:28:399 UTC]  INFO startup.StartupTasksExecutor: Database upgraded to version: 4100
[14/06/23 20:04:28:400 UTC]  INFO startup.StartupTasksExecutor: Database upgraded to version: 4105
[14/06/23 20:04:28:401 UTC]  INFO startup.StartupTasksExecutor: Database upgraded to version: 4110
[14/06/23 20:04:28:402 UTC]  INFO startup.StartupTasksExecutor: Database upgraded to version: 4115
[14/06/23 20:04:28:402 UTC]  INFO startup.StartupTasksExecutor: Database upgraded to version: 4120
[14/06/23 20:04:28:403 UTC]  INFO startup.StartupTasksExecutor: Database upgraded to version: 4200
[14/06/23 20:04:28:404 UTC]  INFO startup.StartupTasksExecutor: Database upgraded to version: 4205
[14/06/23 20:04:28:405 UTC]  INFO startup.StartupTasksExecutor: Database upgraded to version: 4210
[14/06/23 20:04:28:406 UTC]  INFO startup.StartupTasksExecutor: Database upgraded to version: 4215
[14/06/23 20:04:28:406 UTC]  INFO startup.StartupTasksExecutor: Database upgraded to version: 4220
[14/06/23 20:04:28:407 UTC]  INFO startup.StartupTasksExecutor: Database upgraded to version: 4230
[14/06/23 20:04:28:408 UTC]  INFO startup.StartupTasksExecutor: Database upgraded to version: 4235
[14/06/23 20:04:28:409 UTC]  INFO startup.StartupTasksExecutor: Database upgraded to version: 4300
[14/06/23 20:04:28:410 UTC]  INFO startup.StartupTasksExecutor: Database upgraded to version: 4305
[14/06/23 20:04:28:410 UTC]  INFO startup.StartupTasksExecutor: Database upgraded to version: 4310
[14/06/23 20:04:28:411 UTC]  INFO startup.StartupTasksExecutor: Database upgraded to version: 4315
[14/06/23 20:04:28:412 UTC]  INFO startup.StartupTasksExecutor: Database upgraded to version: 4320
[14/06/23 20:04:28:413 UTC]  INFO startup.StartupTasksExecutor: Database upgraded to version: 4330
[14/06/23 20:04:28:414 UTC]  INFO startup.StartupTasksExecutor: Database upgraded to version: 4335
[14/06/23 20:04:28:415 UTC]  INFO startup.StartupTasksExecutor: Database upgraded to version: 4340
[14/06/23 20:04:28:416 UTC]  INFO startup.StartupTasksExecutor: Database upgraded to version: 4345
[14/06/23 20:04:28:417 UTC]  INFO startup.StartupTasksExecutor: Database upgraded to version: 4350
[14/06/23 20:04:28:418 UTC]  INFO startup.StartupTasksExecutor: Database upgraded to version: 4355
[14/06/23 20:04:28:418 UTC]  INFO startup.StartupTasksExecutor: Database upgraded to version: 4360
[14/06/23 20:04:28:419 UTC]  INFO startup.StartupTasksExecutor: Database upgraded to version: 4365
[14/06/23 20:04:28:420 UTC]  INFO startup.StartupTasksExecutor: Database upgraded to version: 4370
[14/06/23 20:04:28:421 UTC]  INFO startup.StartupTasksExecutor: Database upgraded to version: 4375
[14/06/23 20:04:28:422 UTC]  INFO startup.StartupTasksExecutor: Database upgraded to version: 4380
[14/06/23 20:04:28:422 UTC]  INFO startup.StartupTasksExecutor: Database upgraded to version: 4385
[14/06/23 20:04:28:423 UTC]  INFO startup.StartupTasksExecutor: Database upgraded to version: 4390
[14/06/23 20:04:28:424 UTC]  INFO startup.StartupTasksExecutor: Database upgraded to version: 5030
[14/06/23 20:04:28:425 UTC]  INFO startup.StartupTasksExecutor: Database upgraded to version: 5035
[14/06/23 20:04:28:426 UTC]  INFO startup.StartupTasksExecutor: Database upgraded to version: 5040
[14/06/23 20:04:28:426 UTC]  INFO startup.StartupTasksExecutor: Database upgraded to version: 5050
[14/06/23 20:04:28:428 UTC]  INFO startup.StartupTasksExecutor: Database upgraded to version: 5060
[14/06/23 20:04:28:429 UTC]  INFO startup.StartupTasksExecutor: Database upgraded to version: 5070
[14/06/23 20:04:28:430 UTC]  INFO startup.StartupTasksExecutor: Database upgraded to version: 5080
[14/06/23 20:04:28:431 UTC]  INFO startup.StartupTasksExecutor: Database upgraded to version: 5150
[14/06/23 20:04:28:432 UTC]  INFO startup.StartupTasksExecutor: Database upgraded to version: 5160
[14/06/23 20:04:28:433 UTC]  INFO startup.StartupTasksExecutor: Database upgraded to version: 5165
[14/06/23 20:04:28:433 UTC]  INFO startup.StartupTasksExecutor: Database upgraded to version: 5170
[14/06/23 20:04:28:434 UTC]  INFO startup.StartupTasksExecutor: Database upgraded to version: 5175
[14/06/23 20:04:28:435 UTC]  INFO startup.StartupTasksExecutor: Database upgraded to version: 5180
[14/06/23 20:04:28:436 UTC]  INFO startup.StartupTasksExecutor: Database upgraded to version: 5190
[14/06/23 20:04:28:437 UTC]  INFO startup.StartupTasksExecutor: Database upgraded to version: 5195
[14/06/23 20:04:28:437 UTC]  INFO startup.StartupTasksExecutor: Database upgraded to version: 5200
[14/06/23 20:04:28:438 UTC]  INFO startup.StartupTasksExecutor: Database upgraded to version: 5210
[14/06/23 20:04:28:439 UTC]  INFO startup.StartupTasksExecutor: Database upgraded to version: 5215
[14/06/23 20:04:28:440 UTC]  INFO startup.StartupTasksExecutor: Database upgraded to version: 5220
[14/06/23 20:04:28:441 UTC]  INFO startup.StartupTasksExecutor: Database upgraded to version: 5225
[14/06/23 20:04:28:441 UTC]  INFO startup.StartupTasksExecutor: Database upgraded to version: 5300
[14/06/23 20:04:28:442 UTC]  INFO startup.StartupTasksExecutor: Database upgraded to version: 5305
[14/06/23 20:04:28:443 UTC]  INFO startup.StartupTasksExecutor: Database upgraded to version: 5350
[14/06/23 20:04:28:443 UTC]  INFO startup.StartupTasksExecutor: Database upgraded to version: 5370
[14/06/23 20:04:28:444 UTC]  INFO startup.StartupTasksExecutor: Database upgraded to version: 5380
[14/06/23 20:04:28:445 UTC]  INFO startup.StartupTasksExecutor: Database upgraded to version: 5390
[14/06/23 20:04:28:446 UTC]  INFO startup.StartupTasksExecutor: Database upgraded to version: 5395
[14/06/23 20:04:28:447 UTC]  INFO startup.StartupTasksExecutor: Database upgraded to version: 201013
[14/06/23 20:04:28:447 UTC]  INFO startup.StartupTasksExecutor: Database upgraded to version: 201014
[14/06/23 20:04:28:448 UTC]  INFO startup.StartupTasksExecutor: Database upgraded to version: 201102
[14/06/23 20:04:28:449 UTC]  INFO startup.StartupTasksExecutor: Database upgraded to version: 210218
[14/06/23 20:04:28:450 UTC]  INFO startup.StartupTasksExecutor: Database upgraded to version: 210316
[14/06/23 20:04:28:451 UTC]  INFO startup.StartupTasksExecutor: Database upgraded to version: 210319
[14/06/23 20:04:28:451 UTC]  INFO startup.StartupTasksExecutor: Database upgraded to version: 210321
[14/06/23 20:04:28:452 UTC]  INFO startup.StartupTasksExecutor: Database upgraded to version: 210506
[14/06/23 20:04:28:453 UTC]  INFO startup.StartupTasksExecutor: Database upgraded to version: 210510
[14/06/23 20:04:28:453 UTC]  INFO startup.StartupTasksExecutor: Database upgraded to version: 210520
[14/06/23 20:04:28:454 UTC]  INFO startup.StartupTasksExecutor: Database upgraded to version: 210527
[14/06/23 20:04:28:455 UTC]  INFO startup.StartupTasksExecutor: Database upgraded to version: 210719
[14/06/23 20:04:28:456 UTC]  INFO startup.StartupTasksExecutor: Database upgraded to version: 210802
[14/06/23 20:04:28:457 UTC]  INFO startup.StartupTasksExecutor: Database upgraded to version: 210805
[14/06/23 20:04:28:459 UTC]  INFO startup.StartupTasksExecutor: Database upgraded to version: 210816
[14/06/23 20:04:28:460 UTC]  INFO startup.StartupTasksExecutor: Database upgraded to version: 210901
[14/06/23 20:04:28:461 UTC]  INFO startup.StartupTasksExecutor: Database upgraded to version: 211007
[14/06/23 20:04:28:462 UTC]  INFO startup.StartupTasksExecutor: Database upgraded to version: 211012
[14/06/23 20:04:28:462 UTC]  INFO startup.StartupTasksExecutor: Database upgraded to version: 211020
[14/06/23 20:04:28:463 UTC]  INFO startup.StartupTasksExecutor: Database upgraded to version: 211101
[14/06/23 20:04:28:464 UTC]  INFO startup.StartupTasksExecutor: Database upgraded to version: 211103
[14/06/23 20:04:28:465 UTC]  INFO startup.StartupTasksExecutor: Database upgraded to version: 220202
[14/06/23 20:04:28:465 UTC]  INFO startup.StartupTasksExecutor: Database upgraded to version: 220203
[14/06/23 20:04:28:466 UTC]  INFO startup.StartupTasksExecutor: Database upgraded to version: 220214
[14/06/23 20:04:28:467 UTC]  INFO startup.StartupTasksExecutor: Database upgraded to version: 220215
[14/06/23 20:04:28:468 UTC]  INFO startup.StartupTasksExecutor: Database upgraded to version: 220330
[14/06/23 20:04:28:469 UTC]  INFO startup.StartupTasksExecutor: Database upgraded to version: 220401
[14/06/23 20:04:28:471 UTC]  INFO startup.StartupTasksExecutor: Database upgraded to version: 220402
[14/06/23 20:04:28:472 UTC]  INFO startup.StartupTasksExecutor: Database upgraded to version: 220413
[14/06/23 20:04:28:472 UTC]  INFO startup.StartupTasksExecutor: Database upgraded to version: 220512
[14/06/23 20:04:28:473 UTC]  INFO startup.StartupTasksExecutor: Database upgraded to version: 220606
[14/06/23 20:04:28:474 UTC]  INFO startup.StartupTasksExecutor: Database upgraded to version: 220822
[14/06/23 20:04:28:475 UTC]  INFO startup.StartupTasksExecutor: Database upgraded to version: 220824
[14/06/23 20:04:28:476 UTC]  INFO startup.StartupTasksExecutor: Database upgraded to version: 220825
[14/06/23 20:04:28:476 UTC]  INFO startup.StartupTasksExecutor: Database upgraded to version: 220829
[14/06/23 20:04:28:477 UTC]  INFO startup.StartupTasksExecutor: Database upgraded to version: 220912
[14/06/23 20:04:28:478 UTC]  INFO startup.StartupTasksExecutor: Database upgraded to version: 220928
[14/06/23 20:04:28:479 UTC]  INFO startup.StartupTasksExecutor: Database upgraded to version: 221007
[14/06/23 20:04:28:479 UTC]  INFO startup.StartupTasksExecutor: Database upgraded to version: 221018
[14/06/23 20:04:28:481 UTC]  INFO startup.StartupTasksExecutor: Database upgraded to version: 230110
[14/06/23 20:04:28:481 UTC]  INFO startup.StartupTasksExecutor: Database upgraded to version: 230119
[14/06/23 20:04:28:482 UTC]  INFO startup.StartupTasksExecutor: Database upgraded to version: 230328
[14/06/23 20:04:28:483 UTC]  INFO startup.StartupTasksExecutor: Database upgraded to version: 230426
[14/06/23 20:04:28:487 UTC]  INFO startup.StartupTasksExecutor: Database upgraded to version: 230523
[14/06/23 20:04:28:487 UTC]  INFO reindex.ReindexThread: --- Unpausing reindex thread 
[14/06/23 20:04:28:487 UTC]  INFO startup.StartupTasksExecutor: Finishing upgrade tasks.
[14/06/23 20:04:28:487 UTC]  INFO startup.StartupTasksExecutor: Running Backported Tasks
[14/06/23 20:04:28:487 UTC]  INFO startup.StartupTasksExecutor: Finishing Backported tasks.
[14/06/23 20:04:28:503 UTC]  INFO util.Config: Setting property: CACHE_BINDPORT to 5701
[14/06/23 20:04:28:512 UTC]  INFO cluster.ClusterFactory: Cluster topography has changed. This might force a rewire
[14/06/23 20:04:28:513 UTC]  INFO cluster.ClusterFactory: Expecting Servers:[]
[14/06/23 20:04:28:526 UTC]  INFO cluster.ClusterFactory: Found Servers:[server={serverId=09e4b84d-1189-4f38-b0bb-b41b30a9f729, clusterId=5eb898032a, ipAddress=172.19.0.3, host=null, name=82bf889ac501, esTransportTcpPort=null, esNetworkPort=null, esHttpPort=9200, cachePort=5701, lastHeartBeat=1686773068510, key=null, licenseSerial=1cfc7c95-9fe0-4dcb-abe7-c31b9f0517fd, startupTime=0}]
[14/06/23 20:04:28:526 UTC]  INFO cluster.ClusterFactory: Cluster Active. Rewiring
[14/06/23 20:04:28:527 UTC]  INFO business.ChainableCacheAdministratorImpl: ***	 Cluster Update
[14/06/23 20:04:28:527 UTC]  INFO transport.PubSubCacheTransport: initing PubSubCacheTransport
[14/06/23 20:04:28:529 UTC]  INFO dotpubsub.PostgresPubSubImpl: Starting PostgresPubSub. Have servers:1
[14/06/23 20:04:28:529 UTC]  INFO dotpubsub.PostgresPubSubImpl: PGNotificationListener connecting to pub/sub...
[14/06/23 20:04:29:213 UTC]  INFO dotpubsub.PostgresPubSubImpl:  - LISTEN dotcache_topic
[14/06/23 20:04:29:224 UTC]  INFO transport.PubSubCacheTransport: Sending PING to cluster 
[14/06/23 20:04:29:240 UTC]  INFO license.LicenseManager: Updating server 09e4b84d-1189-4f38-b0bb-b41b30a9f729 start time to 1686773022131
[14/06/23 20:04:29:242 UTC]  INFO servlet.MainServlet: SuppressPropertiesBeanIntrospector enabled for legacy Struts applications
[14/06/23 20:04:29:248 UTC]  INFO transport.CacheTransportTopic: Got PING from server:09e4b84d11. sending PONG
[14/06/23 20:04:29:251 UTC]  INFO transport.CacheTransportTopic: Got PONG from server:{"t":"PONG","top":"dotcache_topic","o":"09e4b84d11"}.
[14/06/23 20:04:29:455 UTC]  INFO config.DotInitializationService: Initializing DotCMS services
[14/06/23 20:04:29:456 UTC]  INFO config.DotInitializationService: Initializing :com.dotcms.api.system.event.SystemEventProcessorFactoryInitializer
[14/06/23 20:04:29:459 UTC]  INFO config.DotInitializationService: Initializing Done:com.dotcms.api.system.event.SystemEventProcessorFactoryInitializer, duration:0 seconds
[14/06/23 20:04:29:460 UTC]  INFO config.DotInitializationService: Initializing :com.dotcms.api.system.event.PayloadVerifierFactoryInitializer
[14/06/23 20:04:29:466 UTC]  INFO config.DotInitializationService: Initializing Done:com.dotcms.api.system.event.PayloadVerifierFactoryInitializer, duration:0 seconds
[14/06/23 20:04:29:467 UTC]  INFO config.DotInitializationService: Initializing :com.dotcms.system.event.local.business.LocalSystemEventSubscribersInitializer
[14/06/23 20:04:29:546 UTC]  INFO config.DotInitializationService: Initializing Done:com.dotcms.system.event.local.business.LocalSystemEventSubscribersInitializer, duration:0 seconds
[14/06/23 20:04:29:546 UTC]  INFO config.DotInitializationService: Initializing :com.dotmarketing.portlets.personas.business.PersonaAPIImpl
[14/06/23 20:04:29:552 UTC]  INFO config.DotInitializationService: Initializing Done:com.dotmarketing.portlets.personas.business.PersonaAPIImpl, duration:0 seconds
[14/06/23 20:04:29:552 UTC]  INFO config.DotInitializationService: Initializing :com.dotcms.rendering.velocity.events.ExceptionHandlersInitializer
[14/06/23 20:04:29:556 UTC]  INFO config.DotInitializationService: Initializing Done:com.dotcms.rendering.velocity.events.ExceptionHandlersInitializer, duration:0 seconds
[14/06/23 20:04:29:557 UTC]  INFO config.DotInitializationService: Initializing :com.dotcms.publishing.PublisherAPIImpl
[14/06/23 20:04:29:558 UTC]  INFO publishing.PublisherAPIImpl: Push Publishing Filters directory does not exist. Creating it under: /data/shared/assets/server/publishing-filters
[14/06/23 20:04:29:561 UTC]  INFO publishing.PublisherAPIImpl: dotcms filters files copied
[14/06/23 20:04:29:562 UTC]  INFO publishing.PublisherAPIImpl: Push Publishing Filters Directory: Lazy(/data/shared/assets/server/publishing-filters)
[14/06/23 20:04:29:564 UTC]  INFO publishing.PublisherAPIImpl: Loading Push Publish Filter: ShallowPush.yml
[14/06/23 20:04:29:652 UTC]  INFO publishing.PublisherAPIImpl: FilterDescriptor{key=ShallowPush.yml, title=Only Selected Items, sort=5, default=false, roles=DOTCMS_BACK_END_USER, filters{{excludeQuery=, excludeClasses=[], dependencies=false, excludeDependencyQuery=, excludeDependencyClasses=[], forcePush=false, relationships=false}}}
[14/06/23 20:04:29:655 UTC]  INFO publishing.PublisherAPIImpl: Loading Push Publish Filter: Intelligent.yml
[14/06/23 20:04:29:658 UTC]  INFO publishing.PublisherAPIImpl: FilterDescriptor{key=Intelligent.yml, title=Everything and Dependencies, sort=3, default=true, roles=DOTCMS_BACK_END_USER, filters{{excludeQuery=, excludeClasses=[], dependencies=true, excludeDependencyQuery=, excludeDependencyClasses=[], forcePush=false, relationships=true}}}
[14/06/23 20:04:29:659 UTC]  INFO publishing.PublisherAPIImpl: Loading Push Publish Filter: ForcePush.yml
[14/06/23 20:04:29:661 UTC]  INFO publishing.PublisherAPIImpl: FilterDescriptor{key=ForcePush.yml, title=Force Push Everything, sort=4, default=false, roles=DOTCMS_BACK_END_USER, filters{{excludeQuery=, excludeClasses=[], dependencies=true, excludeDependencyQuery=, excludeDependencyClasses=[], forcePush=true, relationships=true}}}
[14/06/23 20:04:29:661 UTC]  INFO publishing.PublisherAPIImpl: Loading Push Publish Filter: ContentOnly.yml
[14/06/23 20:04:29:664 UTC]  INFO publishing.PublisherAPIImpl: FilterDescriptor{key=ContentOnly.yml, title=Content and Relationships, sort=1, default=false, roles=DOTCMS_BACK_END_USER, filters{{excludeQuery=, excludeClasses=[ContentType, Template, Containers, Folder, Host, Links, Workflow, Language, Rule, User, OSGI], dependencies=true, excludeDependencyQuery=, excludeDependencyClasses=[ContentType, Template, Containers, Folder, Host, Links, Workflow, Language, Rule], forcePush=false, relationships=true}}}
[14/06/23 20:04:29:665 UTC]  INFO publishing.PublisherAPIImpl: Loading Push Publish Filter: WebContentOnly.yml
[14/06/23 20:04:29:667 UTC]  INFO publishing.PublisherAPIImpl: FilterDescriptor{key=WebContentOnly.yml, title=Content, Assets and Pages, sort=2, default=false, roles=DOTCMS_BACK_END_USER, filters{{excludeQuery=, excludeClasses=[Host, Workflow, ContentType, User, OSGI, Language], dependencies=true, excludeDependencyQuery=, excludeDependencyClasses=[Host, Workflow, ContentType, Language], forcePush=false, relationships=true}}}
[14/06/23 20:04:29:668 UTC]  INFO config.DotInitializationService: Initializing Done:com.dotcms.publishing.PublisherAPIImpl, duration:0 seconds
[14/06/23 20:04:29:669 UTC]  INFO config.DotInitializationService: Initializing :com.dotmarketing.portlets.containers.business.ContainerAPIImpl
[14/06/23 20:04:29:672 UTC]  INFO config.DotInitializationService: Initializing Done:com.dotmarketing.portlets.containers.business.ContainerAPIImpl, duration:0 seconds
[14/06/23 20:04:29:672 UTC]  INFO config.DotInitializationService: Initializing :com.dotmarketing.business.ThemeAPIImpl
[14/06/23 20:04:29:675 UTC]  INFO config.DotInitializationService: Initializing Done:com.dotmarketing.business.ThemeAPIImpl, duration:0 seconds
[14/06/23 20:04:29:675 UTC]  INFO config.DotInitializationService: Initializing :com.dotmarketing.portlets.templates.business.TemplateAPIImpl
[14/06/23 20:04:29:678 UTC]  INFO config.DotInitializationService: Initializing Done:com.dotmarketing.portlets.templates.business.TemplateAPIImpl, duration:0 seconds
[14/06/23 20:04:29:678 UTC]  INFO config.DotInitializationService: Initializing :com.dotcms.contenttype.business.ContentTypeInitializer
[14/06/23 20:04:29:708 UTC]  INFO util.ActivityLogger: class com.dotcms.contenttype.business.ContentTypeAPIImpl: system : Save ContentType Action , User system/system user system user added ContentType Dot Favorite Page to host id:SYSTEM_HOST
[14/06/23 20:04:29:708 UTC]  INFO business.ContentTypeAPIImpl: UserId : system : ContentType : ContentType saved : Dot Favorite Page
[14/06/23 20:04:29:708 UTC]  INFO util.AdminLogger: UserId : system : class com.dotcms.contenttype.business.ContentTypeAPIImpl : ContentType : ContentType saved : Dot Favorite Page
[14/06/23 20:04:29:709 UTC]  INFO reindex.ReindexThread: --- Unpausing reindex thread 
[14/06/23 20:04:34:829 UTC]  INFO concurrent.Debouncer: Debouncing : invalidateGraphSchema after 5000 MILLISECONDS
[14/06/23 20:04:35:837 UTC]  INFO business.WorkflowAPIImpl: Saving Schemas [ d61a59e1-a49c-46f2-a929-db2b4bfa88b2 ] for Content type 'ce930143870e11569f93f8a9fff5da19'
[14/06/23 20:04:35:843 UTC]  INFO util.SecurityLogger: class com.dotmarketing.portlets.workflows.business.WorkflowAPIImpl : Saving Schemas [ d61a59e1-a49c-46f2-a929-db2b4bfa88b2 ] for Content type 'ce930143870e11569f93f8a9fff5da19' -- ip:ukn,user:null
[14/06/23 20:04:38:868 UTC]  INFO config.DotInitializationService: Initializing Done:com.dotcms.contenttype.business.ContentTypeInitializer, duration:9 seconds
[14/06/23 20:04:38:868 UTC]  INFO config.DotInitializationService: Initializing :com.dotcms.variant.business.DefaultVariantInitializer
[14/06/23 20:04:41:885 UTC]  INFO config.DotInitializationService: Initializing Done:com.dotcms.variant.business.DefaultVariantInitializer, duration:3 seconds
[14/06/23 20:04:41:886 UTC]  INFO startup.StartupTasksExecutor: ---
[14/06/23 20:04:41:886 UTC]  INFO startup.StartupTasksExecutor: 
[14/06/23 20:04:41:886 UTC]  INFO startup.StartupTasksExecutor: Running Data Upgrade Tasks
[14/06/23 20:04:41:886 UTC]  INFO startup.StartupTasksExecutor: Database data version: 0
[14/06/23 20:04:41:891 UTC]  INFO startup.StartupTasksExecutor: Data upgraded to version: 230320
[14/06/23 20:04:41:891 UTC]  INFO startup.StartupTasksExecutor: Finishing data upgrade tasks.
[14/06/23 20:04:41:909 UTC]  INFO servlets.StartupLogger: InitServlet: Setting Default Timezone: Coordinated Universal Time
[14/06/23 20:04:41:910 UTC]  INFO servlets.StartupLogger: 
[14/06/23 20:04:41:911 UTC]  INFO servlets.StartupLogger:    Initializing dotCMS
[14/06/23 20:04:41:911 UTC]  INFO servlets.StartupLogger:    Using database: PostgreSQL
[14/06/23 20:04:41:912 UTC]  INFO servlets.StartupLogger:    Using dialect : com.dotcms.repackage.net.sf.hibernate.dialect.PostgreSQLDialect
[14/06/23 20:04:41:912 UTC]  INFO servlets.StartupLogger:    Company Name  : dotcms.org
[14/06/23 20:04:41:913 UTC]  INFO servlets.StartupLogger: 
[14/06/23 20:04:41:913 UTC]  INFO servlets.StartupLogger:    License       : PLATFORM EDITION
[14/06/23 20:04:41:914 UTC]  INFO servlets.StartupLogger:    Licensed to   : dotCMS Internal
[14/06/23 20:04:41:915 UTC]  INFO servlets.StartupLogger:    Server id     : 09e4b84d
[14/06/23 20:04:41:915 UTC]  INFO servlets.StartupLogger:    License id    : 1cfc7c95
[14/06/23 20:04:41:916 UTC]  INFO servlets.StartupLogger:    Expires       : Thu, 20 Aug 2099 04:00 AM
[14/06/23 20:04:41:916 UTC]  INFO servlets.StartupLogger: 
[14/06/23 20:04:41:917 UTC]  INFO servlets.InitServlet: 
[14/06/23 20:04:41:917 UTC]  INFO servlets.InitServlet: 
[14/06/23 20:04:41:950 UTC]  INFO business.VanityUrlAPIImpl: Populating 0 Vanity URLs for Site default
[14/06/23 20:04:41:953 UTC]  INFO business.VanityUrlAPIImpl: Populating 0 Vanity URLs for Site System Host
[14/06/23 20:04:41:954 UTC]  INFO business.VanityUrlAPIImpl: Populating 0 Vanity URLs for Site System Host
[14/06/23 20:04:42:016 UTC]  INFO impl.StdSchedulerFactory: Using default implementation for ThreadExecutor
[14/06/23 20:04:42:020 UTC]  INFO simpl.SimpleThreadPool: Job execution threads will use class loader of thread: main
[14/06/23 20:04:42:048 UTC]  INFO core.SchedulerSignalerImpl: Initialized Scheduler Signaller of type: class org.quartz.core.SchedulerSignalerImpl
[14/06/23 20:04:42:053 UTC]  INFO core.QuartzScheduler: Quartz Scheduler v.1.8.6 created.
[14/06/23 20:04:42:059 UTC]  INFO quartz.DotJobStore: Using db table-based data access locking (synchronization).
[14/06/23 20:04:42:063 UTC]  INFO quartz.DotJobStore: JobStoreCMT initialized.
[14/06/23 20:04:42:064 UTC]  INFO core.QuartzScheduler: Scheduler meta-data: Quartz Scheduler (v1.8.6) 'dotCMSQuartz' with instanceId 'NON_CLUSTERED'
  Scheduler class: 'org.quartz.core.QuartzScheduler' - running locally.
  NOT STARTED.
  Currently in standby mode.
  Number of jobs executed: 0
  Using thread pool 'org.quartz.simpl.SimpleThreadPool' - with 10 threads.
  Using job-store 'com.dotmarketing.quartz.DotJobStore' - which supports persistence. and is clustered.

[14/06/23 20:04:42:064 UTC]  INFO impl.StdSchedulerFactory: Quartz scheduler 'dotCMSQuartz' initialized from an externally provided properties instance.
[14/06/23 20:04:42:064 UTC]  INFO impl.StdSchedulerFactory: Quartz scheduler version: 1.8.6
[14/06/23 20:04:42:066 UTC]  INFO init.DotInitScheduler: Automatic Content Reindexation Cron Thread schedule disabled on this server
[14/06/23 20:04:42:066 UTC]  INFO init.DotInitScheduler: Deleting ContentReindexerJob Job
[14/06/23 20:04:42:073 UTC]  INFO init.DotInitScheduler: Users To Delete Cron Thread schedule disabled on this server
[14/06/23 20:04:42:073 UTC]  INFO init.DotInitScheduler: Deleting UsersToDeleteJob Job
[14/06/23 20:04:42:132 UTC]  INFO init.DotInitScheduler: LinkCheckerJob Cron Job schedule disabled on this server
[14/06/23 20:04:42:228 UTC]  INFO job.AccessTokenRenewJob$AccessTokensRenewJobScheduler: Stateful AnalyticsAccessTokenRenewJob (trigger31:group31) job was schedule to run at Wed Jun 14 20:05:00 UTC 2023
[14/06/23 20:04:42:264 UTC]  INFO core.QuartzScheduler: Scheduler dotCMSQuartz_$_NON_CLUSTERED started.
[14/06/23 20:04:42:418 UTC]  INFO runtime.ConcurrentParserPoolImpl: Initializing Velocity Parser Pool - min: 20 max:100 @ main
[14/06/23 20:04:42:558 UTC]  INFO servlets.InitServlet: Starting System OSGi Framework
[14/06/23 20:04:42:559 UTC]  INFO reindex.ReindexThread: --- Unpausing reindex thread 
[14/06/23 20:04:42:569 UTC]  INFO servlets.InitServlet: Starting Client OSGi Framework
[14/06/23 20:04:42:570 UTC]  INFO servlets.BinaryExporterServlet: Exporter "Content Image Fields Resizer" registered for path /resize-image
[14/06/23 20:04:42:572 UTC]  INFO servlets.BinaryExporterServlet: Exporter "Export Field Content" registered for path /raw-data
[14/06/23 20:04:42:576 UTC]  INFO servlets.BinaryExporterServlet: Exporter "Image Filter Exporter" registered for path /image
[14/06/23 20:04:42:579 UTC]  INFO servlets.BinaryExporterServlet: Exporter "Image Thumbnail Field Exporter" registered for path /image-thumbnail
[14/06/23 20:04:42:581 UTC]  INFO dotpubsub.PostgresPubSubImpl: Starting PostgresPubSub. Have servers:1
[14/06/23 20:04:42:581 UTC]  INFO dotpubsub.PostgresPubSubImpl: PGNotificationListener already connected. Returning
[14/06/23 20:04:42:582 UTC]  INFO dotpubsub.PostgresPubSubImpl:  - LISTEN dotcache_topic
[14/06/23 20:04:42:589 UTC]  INFO dotpubsub.PostgresPubSubImpl:  - LISTEN osgi_restart_topic
[14/06/23 20:04:42:592 UTC]  INFO framework.OSGIUtil: Felix base dir: /srv/dotserver/tomcat-9.0.60/webapps/ROOT/WEB-INF/felix
[14/06/23 20:04:42:595 UTC]  INFO framework.OSGIUtil: Found property  felix.auto.deploy.action=install,start
[14/06/23 20:04:42:596 UTC]  INFO framework.OSGIUtil: Found property  felix.fileinstall.log.level=3
[14/06/23 20:04:42:597 UTC]  INFO framework.OSGIUtil: Found property  felix.org.osgi.framework.startlevel.beginning=2
[14/06/23 20:04:42:597 UTC]  INFO framework.OSGIUtil: Found property  felix.org.osgi.framework.storage.clean=onFirstInit
[14/06/23 20:04:42:598 UTC]  INFO framework.OSGIUtil: Found property  felix.log.level=3
[14/06/23 20:04:42:599 UTC]  INFO framework.OSGIUtil: Found property  felix.cache.locking=false
[14/06/23 20:04:42:599 UTC]  INFO framework.OSGIUtil: Found property  felix.fileinstall.dir=/data/shared/felix/load
[14/06/23 20:04:42:602 UTC]  INFO framework.OSGIUtil: Found property  felix.upload.dir=/data/shared/felix/upload
[14/06/23 20:04:42:602 UTC]  INFO framework.OSGIUtil: Found property  felix.undeployed.dir=/data/shared/felix/undeployed
[14/06/23 20:04:42:603 UTC]  INFO framework.OSGIUtil: Building Directory:/srv/dotserver/tomcat-9.0.60/webapps/ROOT/WEB-INF/felix
[14/06/23 20:04:42:604 UTC]  INFO framework.OSGIUtil: Building Directory:/data/shared/felix/upload
[14/06/23 20:04:42:605 UTC]  INFO framework.OSGIUtil: Building Directory:/data/shared/felix/load
[14/06/23 20:04:42:607 UTC]  INFO framework.OSGIUtil: Building Directory:/data/shared/felix/undeployed
[14/06/23 20:04:42:607 UTC]  INFO framework.OSGIUtil: Building Directory:/srv/dotserver/tomcat-9.0.60/webapps/ROOT/WEB-INF/felix/bundle
[14/06/23 20:04:42:608 UTC]  INFO framework.OSGIUtil: Building Directory:/srv/dotserver/tomcat-9.0.60/webapps/ROOT/WEB-INF/felix/felix-cache
[14/06/23 20:04:42:623 UTC]  INFO framework.OSGIUtil: Starting the osgi reload on folder: /data/shared/felix/upload
[14/06/23 20:04:42:634 UTC]  INFO framework.OSGIUtil: Loading Factory org.apache.felix.framework.FrameworkFactory
[14/06/23 20:04:42:991 UTC]  INFO framework.OSGIUtil: osgi felix framework started
[14/06/23 20:04:43:029 UTC]  INFO apps.SecretsKeyStoreHelper: KeyStore loaded successfully after `1` tries.
[14/06/23 20:04:43:082 UTC]  INFO apps.SecretsKeyStoreHelper: KeyStore loaded successfully after `1` tries.
[14/06/23 20:04:43:109 UTC]  WARN struts.MultiMessageResources: Duplicate resource property definition (key=was ==> is now): contenttypes.content.copy=Copy ==> Copy
[14/06/23 20:04:43:111 UTC]  WARN struts.MultiMessageResources: Duplicate resource property definition (key=was ==> is now): message.category.import=Importing Categories.  This operation cannot be cancelled or undone. ==> IMPORT
[14/06/23 20:04:43:111 UTC]  WARN struts.MultiMessageResources: Duplicate resource property definition (key=was ==> is now): message.containers.create.content_type_code=Content Type Code ==> Content Type Code
[14/06/23 20:04:43:115 UTC]  WARN struts.MultiMessageResources: Duplicate resource property definition (key=was ==> is now): Save=Save ==> Save
[14/06/23 20:04:43:117 UTC]  WARN struts.MultiMessageResources: Duplicate resource property definition (key=was ==> is now): Move=Move ==> Move
[14/06/23 20:04:43:118 UTC]  WARN struts.MultiMessageResources: Duplicate resource property definition (key=was ==> is now): archived=archived ==> Archived
[14/06/23 20:04:43:170 UTC]  INFO saml.DotSamlProxyFactory: SAML Osgi Bundle has been started
[14/06/23 20:04:43:175 UTC]  WARN impl.SamlConfigurationServiceImpl: The /data/shared/assets/saml/dotcms-saml-default.properties does not exists or can not read
[14/06/23 20:04:43:283 UTC]  INFO apps.SecretsKeyStoreHelper: KeyStore loaded successfully after `1` tries.
[14/06/23 20:04:43:367 UTC]  INFO util.GeoIp2CityDbUtil: Connecting to GeoIP2 database:/srv/dotserver/tomcat-9.0.60/webapps/ROOT/WEB-INF/geoip2/GeoLite2-City.mmdb
[14/06/23 20:04:43:426 UTC]  WARN rules.RulesAPIImpl: Actionlet with name 'CountRulesActionlet' already registered.
[14/06/23 20:04:43:426 UTC]  WARN rules.RulesAPIImpl: Actionlet with name 'SetSessionAttributeActionlet' already registered.
[14/06/23 20:04:43:426 UTC]  WARN rules.RulesAPIImpl: Actionlet with name 'SetRequestAttributeActionlet' already registered.
[14/06/23 20:04:43:426 UTC]  WARN rules.RulesAPIImpl: Actionlet with name 'SetResponseHeaderActionlet' already registered.
[14/06/23 20:04:43:426 UTC]  WARN rules.RulesAPIImpl: Actionlet with name 'PersonaActionlet' already registered.
[14/06/23 20:04:43:426 UTC]  WARN rules.RulesAPIImpl: Actionlet with name 'VisitorTagsActionlet' already registered.
[14/06/23 20:04:43:426 UTC]  WARN rules.RulesAPIImpl: Actionlet with name 'SendRedirectActionlet' already registered.
[14/06/23 20:04:43:426 UTC]  WARN rules.RulesAPIImpl: Actionlet with name 'StopProcessingActionlet' already registered.
[14/06/23 20:04:43:652 UTC]  WARN rest.WebResource: InitDataObject Error: uri:/api/v1/publishqueue err:Invalid User
[14/06/23 20:04:43:652 UTC]  WARN rest.WebResource: Invalid User
[14/06/23 20:04:43:653 UTC]  WARN rest.WebResource: com.dotcms.rest.WebResource.authenticate(WebResource.java:522)
[14/06/23 20:04:47:480 UTC]  INFO util.SecurityLogger: class com.dotmarketing.cms.login.factories.LoginFactory : User (dotcms.org.1) password was re-hashed 600000 times -- ip:172.19.0.1,user:null
[14/06/23 20:04:50:937 UTC]  INFO util.SecurityLogger: class com.dotcms.cms.login.LoginServiceAPIFactory$LoginServiceImpl : User dotcms.org.1 has successfully login from IP: 172.19.0.1 -- ip:172.19.0.1,user:Admin User [ID: dotcms.org.1][email:admin@dotcms.com]
[14/06/23 20:04:56:052 UTC]  INFO util.SecurityLogger: class com.dotcms.cms.login.LoginServiceAPIFactory$LoginServiceImpl : User dotcms.org.1 has successfully login from IP: 172.19.0.1 -- ip:172.19.0.1,user:Admin User [ID: dotcms.org.1][email:admin@dotcms.com]
[14/06/23 20:04:56:055 UTC]  INFO util.Config: Setting property: USE_JWT_TOKEN_IN_PUSH_PUBLISH to false
[14/06/23 20:04:59:222 UTC]  INFO util.SecurityLogger: class com.dotmarketing.cms.login.factories.LoginFactory : User admin@dotcms.com has sucessfully logged in from IP: 172.19.0.1 -- ip:172.19.0.1,user:Admin User [ID: dotcms.org.1][email:admin@dotcms.com]
[14/06/23 20:04:59:258 UTC]  WARN business.PermissionCacheImpl:  !!! Putting an empty list of permissions in the cache for asset:027e0f7e-2a82-492a-827c-81d6097d5a8d. Every asset should have at least 1 permission (or inherited permission) associated with it
[14/06/23 20:05:00:177 UTC]  INFO apps.SecretsKeyStoreHelper: KeyStore loaded successfully after `1` tries.
[14/06/23 20:05:00:223 UTC]  INFO apps.SecretsKeyStoreHelper: KeyStore loaded successfully after `1` tries.
[14/06/23 20:05:05:367 UTC]  INFO util.SecurityLogger: class com.dotmarketing.cms.login.factories.LoginFactory : User admin@dotcms.com has sucessfully logged in from IP: 172.19.0.1 -- ip:172.19.0.1,user:Admin User [ID: dotcms.org.1][email:admin@dotcms.com]
[14/06/23 20:05:08:418 UTC]  INFO ajax.PublishingEndpointAjaxAction: receiver ; 98c51382-7dbf-42a5-a8e3-798ec0929f25
[14/06/23 20:05:11:492 UTC]  INFO util.SecurityLogger: class com.dotmarketing.cms.login.factories.LoginFactory : User admin@dotcms.com has sucessfully logged in from IP: 172.19.0.1 -- ip:172.19.0.1,user:Admin User [ID: dotcms.org.1][email:admin@dotcms.com]
[14/06/23 20:05:14:506 UTC]  INFO ajax.PublishingEndpointAjaxAction: receiver ; d52d2cc1-5bda-4715-a433-f2a67261a84e
[14/06/23 20:05:16:550 UTC]  INFO reindex.ReindexThread: --- ReindexThread Paused (every 3600000 millis)
[14/06/23 20:05:17:633 UTC]  INFO util.SecurityLogger: class com.dotmarketing.cms.login.factories.LoginFactory : User admin@dotcms.com has sucessfully logged in from IP: 172.19.0.1 -- ip:172.19.0.1,user:Admin User [ID: dotcms.org.1][email:admin@dotcms.com]
[14/06/23 20:05:17:698 UTC]  INFO util.PushPublishLogger: class com.dotcms.publisher.business.PublishAuditStatus : Status Update: Pending.
[14/06/23 20:05:17:864 UTC]  INFO rest.PushPublisherJob: Started bundle publish process
[14/06/23 20:05:17:866 UTC]  INFO util.PushPublishLogger: class com.dotcms.rest.PushPublisherJob : [BundleID: content_type_and_content_demo.tar.gz] Started bundle publish process
[14/06/23 20:05:18:218 UTC]  INFO util.ActivityLogger: class com.dotcms.content.elasticsearch.business.ESContentletAPIImpl: System Host : Saving Content , StartDate: N/D; EndDate: N/D; User:system; ContentIdentifier: 48190c8c-42c4-46af-8d1a-0cd5db894797
[14/06/23 20:05:18:229 UTC]  INFO business.IdentifierAPIImpl: Creating new identifier for versionable asset of type `content` and title `demo.dotcms.com` 
[14/06/23 20:05:18:271 UTC]  INFO timedcache.TimedCacheProvider: ***	 Building Cache : esquerycountcache, size:10000, seconds:3600,Concurrency:32 (every 60000 millis)
[14/06/23 20:05:18:307 UTC]  INFO business.ContentletIndexAPIImpl: Indexing: 48190c8c-42c4-46af-8d1a-0cd5db894797 : demo.dotcms.com, includeDependencies: true, policy: FORCE
[14/06/23 20:05:18:351 UTC]  INFO util.ActivityLogger: class com.dotcms.content.elasticsearch.business.ESContentletAPIImpl: System Host : Content Saved , StartDate: N/D; EndDate: N/D; User:system; ContentIdentifier: 48190c8c-42c4-46af-8d1a-0cd5db894797
[14/06/23 20:05:18:382 UTC]  INFO business.ContentletIndexAPIImpl: Indexing: 48190c8c-42c4-46af-8d1a-0cd5db894797 : demo.dotcms.com, includeDependencies: false, policy: FORCE
[14/06/23 20:05:18:385 UTC]  INFO util.PushPublishLogger: class com.dotcms.enterprise.publishing.remote.handler.ContentHandler : [BundleID: content_type_and_content_demo.tar.gz] Host publish success, ID: 48190c8c-42c4-46af-8d1a-0cd5db894797, Inode: 6e8aca39-937c-437e-91d8-d46b631bdcc8, Name: demo.dotcms.com
[14/06/23 20:05:18:430 UTC]  INFO util.ActivityLogger: class com.dotcms.content.elasticsearch.business.ESContentletAPIImpl: System Host : Locking Content , StartDate: N/D; EndDate: N/D; User:system; ContentIdentifier: 8a7d5e23-da1e-420a-b4f0-471e7da8ea2d
[14/06/23 20:05:18:442 UTC]  INFO business.ContentletIndexAPIImpl: Indexing: 8a7d5e23-da1e-420a-b4f0-471e7da8ea2d : default, includeDependencies: false, policy: FORCE
[14/06/23 20:05:18:444 UTC]  INFO util.ActivityLogger: class com.dotcms.content.elasticsearch.business.ESContentletAPIImpl: System Host : Content Locked , StartDate: N/D; EndDate: N/D; User:system; ContentIdentifier: 8a7d5e23-da1e-420a-b4f0-471e7da8ea2d
[14/06/23 20:05:18:448 UTC]  INFO util.ActivityLogger: class com.dotcms.content.elasticsearch.business.ESContentletAPIImpl: System Host : Saving Content , StartDate: N/D; EndDate: N/D; User:system; ContentIdentifier: 8a7d5e23-da1e-420a-b4f0-471e7da8ea2d
[14/06/23 20:05:18:517 UTC]  INFO business.ContentletIndexAPIImpl: Indexing: 8a7d5e23-da1e-420a-b4f0-471e7da8ea2d : default, includeDependencies: true, policy: FORCE
[14/06/23 20:05:18:544 UTC]  INFO util.ActivityLogger: class com.dotcms.content.elasticsearch.business.ESContentletAPIImpl: System Host : Content Saved , StartDate: N/D; EndDate: N/D; User:system; ContentIdentifier: 8a7d5e23-da1e-420a-b4f0-471e7da8ea2d
[14/06/23 20:05:18:552 UTC]  INFO util.ActivityLogger: class com.dotcms.content.elasticsearch.business.ESContentletAPIImpl: System Host : Publishing Content , StartDate: N/D; EndDate: N/D; User:system; ContentIdentifier: 8a7d5e23-da1e-420a-b4f0-471e7da8ea2d
[14/06/23 20:05:18:557 UTC]  INFO business.ContentletIndexAPIImpl: Indexing: 8a7d5e23-da1e-420a-b4f0-471e7da8ea2d : default, includeDependencies: true, policy: FORCE
[14/06/23 20:05:18:594 UTC]  INFO util.ActivityLogger: class com.dotcms.content.elasticsearch.business.ESContentletAPIImpl: System Host : Content Published , StartDate: N/D; EndDate: N/D; User:system; ContentIdentifier: 8a7d5e23-da1e-420a-b4f0-471e7da8ea2d
[14/06/23 20:05:18:609 UTC]  INFO util.ActivityLogger: class com.dotcms.content.elasticsearch.business.ESContentletAPIImpl: System Host : Publishing Content , StartDate: N/D; EndDate: N/D; User:system; ContentIdentifier: 48190c8c-42c4-46af-8d1a-0cd5db894797
[14/06/23 20:05:18:612 UTC]  INFO business.ContentletIndexAPIImpl: Indexing: 48190c8c-42c4-46af-8d1a-0cd5db894797 : demo.dotcms.com, includeDependencies: true, policy: FORCE
[14/06/23 20:05:18:649 UTC]  INFO util.ActivityLogger: class com.dotcms.content.elasticsearch.business.ESContentletAPIImpl: System Host : Content Published , StartDate: N/D; EndDate: N/D; User:system; ContentIdentifier: 48190c8c-42c4-46af-8d1a-0cd5db894797
[14/06/23 20:05:18:654 UTC]  INFO business.ContentletIndexAPIImpl: Indexing: 48190c8c-42c4-46af-8d1a-0cd5db894797 : demo.dotcms.com, includeDependencies: true, policy: FORCE
[14/06/23 20:05:18:739 UTC]  INFO util.SecurityLogger: class com.dotmarketing.portlets.workflows.business.WorkflowAPIImpl : Workflow Scheme 'System Workflow' [d61a59e1-a49c-46f2-a929-db2b4bfa88b2] has been saved by User ID 'system' -- ip:172.19.0.1,user:Admin User [ID: dotcms.org.1][email:admin@dotcms.com]
[14/06/23 20:05:18:754 UTC]  INFO util.SecurityLogger: class com.dotmarketing.portlets.workflows.business.WorkflowAPIImpl : Workflow Step 'New' [6cb7e3bd-1710-4eed-8838-d3db60f78f19] has been saved by User ID 'system' -- ip:172.19.0.1,user:Admin User [ID: dotcms.org.1][email:admin@dotcms.com]
[14/06/23 20:05:18:760 UTC]  INFO util.SecurityLogger: class com.dotmarketing.portlets.workflows.business.WorkflowAPIImpl : Workflow Step 'Draft' [ee24a4cb-2d15-4c98-b1bd-6327126451f3] has been saved by User ID 'system' -- ip:172.19.0.1,user:Admin User [ID: dotcms.org.1][email:admin@dotcms.com]
[14/06/23 20:05:18:773 UTC]  INFO util.SecurityLogger: class com.dotmarketing.portlets.workflows.business.WorkflowAPIImpl : Workflow Step 'Published' [dc3c9cd0-8467-404b-bf95-cb7df3fbc293] has been saved by User ID 'system' -- ip:172.19.0.1,user:Admin User [ID: dotcms.org.1][email:admin@dotcms.com]
[14/06/23 20:05:18:778 UTC]  INFO util.SecurityLogger: class com.dotmarketing.portlets.workflows.business.WorkflowAPIImpl : Workflow Step 'Archived' [d6b095b6-b65f-4bdb-bbfd-701d663dfee2] has been saved by User ID 'system' -- ip:172.19.0.1,user:Admin User [ID: dotcms.org.1][email:admin@dotcms.com]
[14/06/23 20:05:18:799 UTC]  INFO util.SecurityLogger: class com.dotmarketing.portlets.workflows.business.WorkflowAPIImpl : Action id: '4da13a42-5d59-480c-ad8f-94a3adf809fe' has been reordered by user: system -- ip:172.19.0.1,user:Admin User [ID: dotcms.org.1][email:admin@dotcms.com]
[14/06/23 20:05:18:802 UTC]  WARN business.PermissionCacheImpl:  !!! Putting an empty list of permissions in the cache for asset:4da13a42-5d59-480c-ad8f-94a3adf809fe. Every asset should have at least 1 permission (or inherited permission) associated with it
[14/06/23 20:05:18:814 UTC]  INFO util.SecurityLogger: class com.dotmarketing.portlets.workflows.business.WorkflowAPIImpl : Action id: '963f6a04-5320-42e7-ab74-6d876d199946' has been reordered by user: system -- ip:172.19.0.1,user:Admin User [ID: dotcms.org.1][email:admin@dotcms.com]
[14/06/23 20:05:18:816 UTC]  WARN business.PermissionCacheImpl:  !!! Putting an empty list of permissions in the cache for asset:963f6a04-5320-42e7-ab74-6d876d199946. Every asset should have at least 1 permission (or inherited permission) associated with it
[14/06/23 20:05:18:826 UTC]  INFO util.SecurityLogger: class com.dotmarketing.portlets.workflows.business.WorkflowAPIImpl : Action id: '777f1c6b-c877-4a37-ba4b-10627316c2cc' has been reordered by user: system -- ip:172.19.0.1,user:Admin User [ID: dotcms.org.1][email:admin@dotcms.com]
[14/06/23 20:05:18:829 UTC]  WARN business.PermissionCacheImpl:  !!! Putting an empty list of permissions in the cache for asset:777f1c6b-c877-4a37-ba4b-10627316c2cc. Every asset should have at least 1 permission (or inherited permission) associated with it
[14/06/23 20:05:18:839 UTC]  INFO util.SecurityLogger: class com.dotmarketing.portlets.workflows.business.WorkflowAPIImpl : Action id: '1e0f1c6b-b67f-4c99-983d-db2b4bfa88b2' has been reordered by user: system -- ip:172.19.0.1,user:Admin User [ID: dotcms.org.1][email:admin@dotcms.com]
[14/06/23 20:05:18:842 UTC]  WARN business.PermissionCacheImpl:  !!! Putting an empty list of permissions in the cache for asset:1e0f1c6b-b67f-4c99-983d-db2b4bfa88b2. Every asset should have at least 1 permission (or inherited permission) associated with it
[14/06/23 20:05:18:851 UTC]  INFO util.SecurityLogger: class com.dotmarketing.portlets.workflows.business.WorkflowAPIImpl : Action id: 'b9d89c80-3d88-4311-8365-187323c96436' has been reordered by user: system -- ip:172.19.0.1,user:Admin User [ID: dotcms.org.1][email:admin@dotcms.com]
[14/06/23 20:05:18:854 UTC]  WARN business.PermissionCacheImpl:  !!! Putting an empty list of permissions in the cache for asset:b9d89c80-3d88-4311-8365-187323c96436. Every asset should have at least 1 permission (or inherited permission) associated with it
[14/06/23 20:05:18:862 UTC]  INFO util.SecurityLogger: class com.dotmarketing.portlets.workflows.business.WorkflowAPIImpl : Action id: 'ceca71a0-deee-4999-bd47-b01baa1bcfc8' has been reordered by user: system -- ip:172.19.0.1,user:Admin User [ID: dotcms.org.1][email:admin@dotcms.com]
[14/06/23 20:05:18:865 UTC]  WARN business.PermissionCacheImpl:  !!! Putting an empty list of permissions in the cache for asset:ceca71a0-deee-4999-bd47-b01baa1bcfc8. Every asset should have at least 1 permission (or inherited permission) associated with it
[14/06/23 20:05:18:873 UTC]  INFO util.SecurityLogger: class com.dotmarketing.portlets.workflows.business.WorkflowAPIImpl : Action id: 'c92f9aa1-9503-4567-ac30-d3242b54d02d' has been reordered by user: system -- ip:172.19.0.1,user:Admin User [ID: dotcms.org.1][email:admin@dotcms.com]
[14/06/23 20:05:18:875 UTC]  WARN business.PermissionCacheImpl:  !!! Putting an empty list of permissions in the cache for asset:c92f9aa1-9503-4567-ac30-d3242b54d02d. Every asset should have at least 1 permission (or inherited permission) associated with it
[14/06/23 20:05:18:882 UTC]  INFO util.SecurityLogger: class com.dotmarketing.portlets.workflows.business.WorkflowAPIImpl : Action id: '38efc763-d78f-4e4b-b092-59cd8c579b93' has been reordered by user: system -- ip:172.19.0.1,user:Admin User [ID: dotcms.org.1][email:admin@dotcms.com]
[14/06/23 20:05:18:884 UTC]  WARN business.PermissionCacheImpl:  !!! Putting an empty list of permissions in the cache for asset:38efc763-d78f-4e4b-b092-59cd8c579b93. Every asset should have at least 1 permission (or inherited permission) associated with it
[14/06/23 20:05:18:895 UTC]  INFO util.SecurityLogger: class com.dotmarketing.portlets.workflows.business.WorkflowAPIImpl : The action id: 'ceca71a0-deee-4999-bd47-b01baa1bcfc8' has been saved by the user: system -- ip:172.19.0.1,user:Admin User [ID: dotcms.org.1][email:admin@dotcms.com]
[14/06/23 20:05:18:901 UTC]  INFO util.SecurityLogger: class com.dotmarketing.portlets.workflows.business.WorkflowAPIImpl : The action id: 'b9d89c80-3d88-4311-8365-187323c96436' has been saved by the user: system -- ip:172.19.0.1,user:Admin User [ID: dotcms.org.1][email:admin@dotcms.com]
[14/06/23 20:05:18:907 UTC]  INFO util.SecurityLogger: class com.dotmarketing.portlets.workflows.business.WorkflowAPIImpl : The action id: '777f1c6b-c877-4a37-ba4b-10627316c2cc' has been saved by the user: system -- ip:172.19.0.1,user:Admin User [ID: dotcms.org.1][email:admin@dotcms.com]
[14/06/23 20:05:18:914 UTC]  INFO util.SecurityLogger: class com.dotmarketing.portlets.workflows.business.WorkflowAPIImpl : The action id: 'ceca71a0-deee-4999-bd47-b01baa1bcfc8' has been saved by the user: system -- ip:172.19.0.1,user:Admin User [ID: dotcms.org.1][email:admin@dotcms.com]
[14/06/23 20:05:18:920 UTC]  INFO util.SecurityLogger: class com.dotmarketing.portlets.workflows.business.WorkflowAPIImpl : The action id: '38efc763-d78f-4e4b-b092-59cd8c579b93' has been saved by the user: system -- ip:172.19.0.1,user:Admin User [ID: dotcms.org.1][email:admin@dotcms.com]
[14/06/23 20:05:18:926 UTC]  INFO util.SecurityLogger: class com.dotmarketing.portlets.workflows.business.WorkflowAPIImpl : The action id: '963f6a04-5320-42e7-ab74-6d876d199946' has been saved by the user: system -- ip:172.19.0.1,user:Admin User [ID: dotcms.org.1][email:admin@dotcms.com]
[14/06/23 20:05:18:932 UTC]  INFO util.SecurityLogger: class com.dotmarketing.portlets.workflows.business.WorkflowAPIImpl : The action id: 'b9d89c80-3d88-4311-8365-187323c96436' has been saved by the user: system -- ip:172.19.0.1,user:Admin User [ID: dotcms.org.1][email:admin@dotcms.com]
[14/06/23 20:05:18:938 UTC]  INFO util.SecurityLogger: class com.dotmarketing.portlets.workflows.business.WorkflowAPIImpl : The action id: '4da13a42-5d59-480c-ad8f-94a3adf809fe' has been saved by the user: system -- ip:172.19.0.1,user:Admin User [ID: dotcms.org.1][email:admin@dotcms.com]
[14/06/23 20:05:18:945 UTC]  INFO util.SecurityLogger: class com.dotmarketing.portlets.workflows.business.WorkflowAPIImpl : The action id: '963f6a04-5320-42e7-ab74-6d876d199946' has been saved by the user: system -- ip:172.19.0.1,user:Admin User [ID: dotcms.org.1][email:admin@dotcms.com]
[14/06/23 20:05:18:951 UTC]  INFO util.SecurityLogger: class com.dotmarketing.portlets.workflows.business.WorkflowAPIImpl : The action id: 'ceca71a0-deee-4999-bd47-b01baa1bcfc8' has been saved by the user: system -- ip:172.19.0.1,user:Admin User [ID: dotcms.org.1][email:admin@dotcms.com]
[14/06/23 20:05:18:957 UTC]  INFO util.SecurityLogger: class com.dotmarketing.portlets.workflows.business.WorkflowAPIImpl : The action id: '38efc763-d78f-4e4b-b092-59cd8c579b93' has been saved by the user: system -- ip:172.19.0.1,user:Admin User [ID: dotcms.org.1][email:admin@dotcms.com]
[14/06/23 20:05:18:962 UTC]  INFO util.SecurityLogger: class com.dotmarketing.portlets.workflows.business.WorkflowAPIImpl : The action id: '4da13a42-5d59-480c-ad8f-94a3adf809fe' has been saved by the user: system -- ip:172.19.0.1,user:Admin User [ID: dotcms.org.1][email:admin@dotcms.com]
[14/06/23 20:05:18:968 UTC]  INFO util.SecurityLogger: class com.dotmarketing.portlets.workflows.business.WorkflowAPIImpl : The action id: 'b9d89c80-3d88-4311-8365-187323c96436' has been saved by the user: system -- ip:172.19.0.1,user:Admin User [ID: dotcms.org.1][email:admin@dotcms.com]
[14/06/23 20:05:18:975 UTC]  INFO util.SecurityLogger: class com.dotmarketing.portlets.workflows.business.WorkflowAPIImpl : The action id: 'c92f9aa1-9503-4567-ac30-d3242b54d02d' has been saved by the user: system -- ip:172.19.0.1,user:Admin User [ID: dotcms.org.1][email:admin@dotcms.com]
[14/06/23 20:05:18:980 UTC]  INFO util.SecurityLogger: class com.dotmarketing.portlets.workflows.business.WorkflowAPIImpl : The action id: '777f1c6b-c877-4a37-ba4b-10627316c2cc' has been saved by the user: system -- ip:172.19.0.1,user:Admin User [ID: dotcms.org.1][email:admin@dotcms.com]
[14/06/23 20:05:18:986 UTC]  INFO util.SecurityLogger: class com.dotmarketing.portlets.workflows.business.WorkflowAPIImpl : The action id: '1e0f1c6b-b67f-4c99-983d-db2b4bfa88b2' has been saved by the user: system -- ip:172.19.0.1,user:Admin User [ID: dotcms.org.1][email:admin@dotcms.com]
[14/06/23 20:05:19:074 UTC]  INFO util.SecurityLogger: class com.dotmarketing.portlets.workflows.business.WorkflowAPIImpl : Workflow Action Class with id: 'f970943f-3768-49b6-bc6b-f24f9affbfbf' has been deleted -- ip:172.19.0.1,user:Admin User [ID: dotcms.org.1][email:admin@dotcms.com]
[14/06/23 20:05:19:079 UTC]  INFO util.SecurityLogger: class com.dotmarketing.portlets.workflows.business.WorkflowAPIImpl : Workflow Action with id: dd4c4b7c-e9d3-4dc0-8fbf-36102f9c6324, name: Move has been deleted -- ip:172.19.0.1,user:Admin User [ID: dotcms.org.1][email:admin@dotcms.com]
[14/06/23 20:05:19:135 UTC]  INFO helper.SystemActionMappingsHandlerMerger: The mapping for systemAction: NEW, workflowAction: Optional[WorkflowAction [id=ceca71a0-deee-4999-bd47-b01baa1bcfc8, name=Save, stepId=null, nextStep=ee24a4cb-2d15-4c98-b1bd-6327126451f3]], and scheme: d61a59e1-a49c-46f2-a929-db2b4bfa88b2 has been saved
[14/06/23 20:05:19:138 UTC]  INFO helper.SystemActionMappingsHandlerMerger: The mapping for systemAction: EDIT, workflowAction: Optional[WorkflowAction [id=ceca71a0-deee-4999-bd47-b01baa1bcfc8, name=Save, stepId=null, nextStep=ee24a4cb-2d15-4c98-b1bd-6327126451f3]], and scheme: d61a59e1-a49c-46f2-a929-db2b4bfa88b2 has been saved
[14/06/23 20:05:19:142 UTC]  INFO helper.SystemActionMappingsHandlerMerger: The mapping for systemAction: UNPUBLISH, workflowAction: Optional[WorkflowAction [id=38efc763-d78f-4e4b-b092-59cd8c579b93, name=Unpublish, stepId=null, nextStep=ee24a4cb-2d15-4c98-b1bd-6327126451f3]], and scheme: d61a59e1-a49c-46f2-a929-db2b4bfa88b2 has been saved
[14/06/23 20:05:19:146 UTC]  INFO helper.SystemActionMappingsHandlerMerger: The mapping for systemAction: UNARCHIVE, workflowAction: Optional[WorkflowAction [id=c92f9aa1-9503-4567-ac30-d3242b54d02d, name=Unarchive, stepId=null, nextStep=ee24a4cb-2d15-4c98-b1bd-6327126451f3]], and scheme: d61a59e1-a49c-46f2-a929-db2b4bfa88b2 has been saved
[14/06/23 20:05:19:149 UTC]  INFO helper.SystemActionMappingsHandlerMerger: The mapping for systemAction: PUBLISH, workflowAction: Optional[WorkflowAction [id=b9d89c80-3d88-4311-8365-187323c96436, name=Publish, stepId=null, nextStep=dc3c9cd0-8467-404b-bf95-cb7df3fbc293]], and scheme: d61a59e1-a49c-46f2-a929-db2b4bfa88b2 has been saved
[14/06/23 20:05:19:153 UTC]  INFO helper.SystemActionMappingsHandlerMerger: The mapping for systemAction: ARCHIVE, workflowAction: Optional[WorkflowAction [id=4da13a42-5d59-480c-ad8f-94a3adf809fe, name=Archive, stepId=null, nextStep=d6b095b6-b65f-4bdb-bbfd-701d663dfee2]], and scheme: d61a59e1-a49c-46f2-a929-db2b4bfa88b2 has been saved
[14/06/23 20:05:19:156 UTC]  INFO helper.SystemActionMappingsHandlerMerger: The mapping for systemAction: DESTROY, workflowAction: Optional[WorkflowAction [id=1e0f1c6b-b67f-4c99-983d-db2b4bfa88b2, name=Destroy, stepId=null, nextStep=d6b095b6-b65f-4bdb-bbfd-701d663dfee2]], and scheme: d61a59e1-a49c-46f2-a929-db2b4bfa88b2 has been saved
[14/06/23 20:05:19:160 UTC]  INFO helper.SystemActionMappingsHandlerMerger: The mapping for systemAction: DELETE, workflowAction: Optional[WorkflowAction [id=777f1c6b-c877-4a37-ba4b-10627316c2cc, name=Delete, stepId=null, nextStep=d6b095b6-b65f-4bdb-bbfd-701d663dfee2]], and scheme: d61a59e1-a49c-46f2-a929-db2b4bfa88b2 has been saved
[14/06/23 20:05:19:160 UTC]  INFO util.PushPublishLogger: class com.dotcms.enterprise.publishing.remote.handler.WorkflowHandler : [BundleID: content_type_and_content_demo.tar.gz] Workflow publish success, ID: d61a59e1-a49c-46f2-a929-db2b4bfa88b2, Name: System Workflow
[14/06/23 20:05:19:239 UTC]  INFO util.ActivityLogger: class com.dotcms.contenttype.business.ContentTypeAPIImpl: system : Save ContentType Action , User system/system user system user added ContentType Host to host id:SYSTEM_HOST
[14/06/23 20:05:19:239 UTC]  INFO business.ContentTypeAPIImpl: UserId : system : ContentType : ContentType saved : Host
[14/06/23 20:05:19:239 UTC]  INFO util.AdminLogger: UserId : system : class com.dotcms.contenttype.business.ContentTypeAPIImpl : ContentType : ContentType saved : Host
[14/06/23 20:05:19:259 UTC]  INFO util.ActivityLogger: class com.dotmarketing.util.ActivityLogger: system : Update Field Action , User system/system user modified field fields-0 to Host Structure.
[14/06/23 20:05:19:278 UTC]  INFO util.ActivityLogger: class com.dotmarketing.util.ActivityLogger: system : Update Field Action , User system/system user modified field fields-1 to Host Structure.
[14/06/23 20:05:19:297 UTC]  INFO util.ActivityLogger: class com.dotmarketing.util.ActivityLogger: system : Update Field Action , User system/system user modified field Host Name to Host Structure.
[14/06/23 20:05:19:315 UTC]  INFO util.ActivityLogger: class com.dotmarketing.util.ActivityLogger: system : Update Field Action , User system/system user modified field Aliases to Host Structure.
[14/06/23 20:05:19:321 UTC]  INFO business.FieldAPIImpl: No changes made to field: isDefault, returning
[14/06/23 20:05:19:335 UTC]  INFO util.ActivityLogger: class com.dotmarketing.util.ActivityLogger: system : Update Field Action , User system/system user modified field Tag Storage to Host Structure.
[14/06/23 20:05:19:353 UTC]  INFO util.ActivityLogger: class com.dotmarketing.util.ActivityLogger: system : Update Field Action , User system/system user modified field Host Thumbnail to Host Structure.
[14/06/23 20:05:19:358 UTC]  INFO business.FieldAPIImpl: No changes made to field: isSystemHost, returning
[14/06/23 20:05:19:371 UTC]  INFO util.ActivityLogger: class com.dotmarketing.util.ActivityLogger: system : Update Field Action , User system/system user modified field Run Dashboard to Host Structure.
[14/06/23 20:05:19:393 UTC]  INFO util.ActivityLogger: class com.dotmarketing.util.ActivityLogger: system : Save Field Action , User system/system user added field Meta Data (Default) to Host Structure.
[14/06/23 20:05:19:415 UTC]  INFO util.ActivityLogger: class com.dotmarketing.util.ActivityLogger: system : Save Field Action , User system/system user added field Keywords to Host Structure.
[14/06/23 20:05:19:439 UTC]  INFO util.ActivityLogger: class com.dotmarketing.util.ActivityLogger: system : Save Field Action , User system/system user added field Description to Host Structure.
[14/06/23 20:05:19:464 UTC]  INFO util.ActivityLogger: class com.dotmarketing.util.ActivityLogger: system : Save Field Action , User system/system user added field Site Tags to Host Structure.
[14/06/23 20:05:19:491 UTC]  INFO util.ActivityLogger: class com.dotmarketing.util.ActivityLogger: system : Save Field Action , User system/system user added field Google Map to Host Structure.
[14/06/23 20:05:19:519 UTC]  INFO util.ActivityLogger: class com.dotmarketing.util.ActivityLogger: system : Save Field Action , User system/system user added field Google Analytics to Host Structure.
[14/06/23 20:05:19:549 UTC]  INFO util.ActivityLogger: class com.dotmarketing.util.ActivityLogger: system : Save Field Action , User system/system user added field Add This to Host Structure.
[14/06/23 20:05:19:579 UTC]  INFO util.ActivityLogger: class com.dotmarketing.util.ActivityLogger: system : Save Field Action , User system/system user added field Proxy Url for Edit Mode to Host Structure.
[14/06/23 20:05:19:611 UTC]  INFO util.ActivityLogger: class com.dotmarketing.util.ActivityLogger: system : Save Field Action , User system/system user added field Embedded Dashboard Url to Host Structure.
[14/06/23 20:05:19:619 UTC]  INFO util.PushPublishLogger: class com.dotcms.enterprise.publishing.remote.handler.ContentTypeHandler : [BundleID: content_type_and_content_demo.tar.gz] Content Type publish success, ID: 855a2d72-f2f3-4169-8b04-ac5157c4380c, Name: Host
[14/06/23 20:05:19:623 UTC]  INFO util.SecurityLogger: class com.dotmarketing.portlets.workflows.business.WorkflowAPIImpl : Saving schemes [ [WorkflowScheme [id=d61a59e1-a49c-46f2-a929-db2b4bfa88b2, name=System Workflow, archived=false, mandatory=false]] ] for Content Type [ com.dotmarketing.portlets.structure.model.Structure@2087b1ef[name=Host,description=System hosts information,defaultStructure=false,reviewInterval=<null>,reviewerRole=<null>,pagedetail=<null>,structureType=1,fixed=true,system=true,velocityVarName=Host,urlMapPattern=<null>,host=SYSTEM_HOST,folder=SYSTEM_FOLDER,publishDateVar=<null>,expireDateVar=<null>,modDate=Wed Jun 14 20:05:20 UTC 2023,icon=event_note,sortOrder=0,iDate=Mon Mar 28 15:10:14 UTC 2016,type=structure,owner=<null>,inode=855a2d72-f2f3-4169-8b04-ac5157c4380c,identifier=855a2d72-f2f3-4169-8b04-ac5157c4380c] ] -- ip:172.19.0.1,user:Admin User [ID: dotcms.org.1][email:admin@dotcms.com]
[14/06/23 20:05:19:634 UTC]  INFO business.ContentTypeAPIImpl: Content type not found with given id: ea533f67-4883-42bb-9701-83293e7313e5. Continuing...
[14/06/23 20:05:19:646 UTC]  INFO util.ActivityLogger: class com.dotmarketing.util.ActivityLogger: system : Save Field Action , User system/system user added field fields-0 to type_2 Structure.
[14/06/23 20:05:19:655 UTC]  INFO util.ActivityLogger: class com.dotmarketing.util.ActivityLogger: system : Save Field Action , User system/system user added field fields-1 to type_2 Structure.
[14/06/23 20:05:19:665 UTC]  INFO util.ActivityLogger: class com.dotmarketing.util.ActivityLogger: system : Save Field Action , User system/system user added field text_1 to type_2 Structure.
[14/06/23 20:05:19:669 UTC]  INFO util.ActivityLogger: class com.dotcms.contenttype.business.ContentTypeAPIImpl: system : Save ContentType Action , User system/system user system user added ContentType type_2 to host id:48190c8c-42c4-46af-8d1a-0cd5db894797
[14/06/23 20:05:19:669 UTC]  INFO business.ContentTypeAPIImpl: UserId : system : ContentType : ContentType saved : type_2
[14/06/23 20:05:19:669 UTC]  INFO util.AdminLogger: UserId : system : class com.dotcms.contenttype.business.ContentTypeAPIImpl : ContentType : ContentType saved : type_2
[14/06/23 20:05:19:669 UTC]  INFO util.PushPublishLogger: class com.dotcms.enterprise.publishing.remote.handler.ContentTypeHandler : [BundleID: content_type_and_content_demo.tar.gz] Content Type publish success, ID: ea533f67-4883-42bb-9701-83293e7313e5, Name: type_2
[14/06/23 20:05:19:671 UTC]  INFO util.SecurityLogger: class com.dotmarketing.portlets.workflows.business.WorkflowAPIImpl : Saving schemes [ [WorkflowScheme [id=d61a59e1-a49c-46f2-a929-db2b4bfa88b2, name=System Workflow, archived=false, mandatory=false]] ] for Content Type [ com.dotmarketing.portlets.structure.model.Structure@679bcab8[name=type_2,description=<null>,defaultStructure=false,reviewInterval=<null>,reviewerRole=<null>,pagedetail=<null>,structureType=1,fixed=false,system=false,velocityVarName=Type2,urlMapPattern=<null>,host=48190c8c-42c4-46af-8d1a-0cd5db894797,folder=SYSTEM_FOLDER,publishDateVar=<null>,expireDateVar=<null>,modDate=Thu Oct 08 17:32:29 UTC 2020,icon=<null>,sortOrder=0,iDate=Thu Oct 08 17:32:19 UTC 2020,type=structure,owner=<null>,inode=ea533f67-4883-42bb-9701-83293e7313e5,identifier=ea533f67-4883-42bb-9701-83293e7313e5] ] -- ip:172.19.0.1,user:Admin User [ID: dotcms.org.1][email:admin@dotcms.com]
[14/06/23 20:05:19:695 UTC]  INFO util.PushPublishLogger: class com.dotcms.enterprise.publishing.remote.handler.LanguageVariablesHandler : [BundleID: content_type_and_content_demo.tar.gz] Language File publish success, Name: cms_language_en.properties
[14/06/23 20:05:19:696 UTC]  INFO util.PushPublishLogger: class com.dotcms.enterprise.publishing.remote.handler.LanguageVariablesHandler : [BundleID: content_type_and_content_demo.tar.gz] Language File publish success, Name: cms_language_en_US.properties
[14/06/23 20:05:19:696 UTC]  INFO util.PushPublishLogger: class com.dotcms.enterprise.publishing.remote.handler.LanguageVariablesHandler : [BundleID: content_type_and_content_demo.tar.gz] Language File publish success, Name: cms_language_es.properties
[14/06/23 20:05:19:697 UTC]  INFO util.PushPublishLogger: class com.dotcms.enterprise.publishing.remote.handler.LanguageVariablesHandler : [BundleID: content_type_and_content_demo.tar.gz] Language File publish success, Name: cms_language_es_ES.properties
[14/06/23 20:05:19:697 UTC]  INFO util.PushPublishLogger: class com.dotcms.enterprise.publishing.remote.handler.LanguageVariablesHandler : [BundleID: content_type_and_content_demo.tar.gz] Language File publish success, Name: cms_language_fr.properties
[14/06/23 20:05:19:698 UTC]  INFO util.PushPublishLogger: class com.dotcms.enterprise.publishing.remote.handler.LanguageVariablesHandler : [BundleID: content_type_and_content_demo.tar.gz] Language File publish success, Name: cms_language_fr_FR.properties
[14/06/23 20:05:19:698 UTC]  INFO util.PushPublishLogger: class com.dotcms.enterprise.publishing.remote.handler.LanguageVariablesHandler : [BundleID: content_type_and_content_demo.tar.gz] Language File publish success, Name: cms_language_zh.properties
[14/06/23 20:05:19:699 UTC]  INFO util.PushPublishLogger: class com.dotcms.enterprise.publishing.remote.handler.LanguageVariablesHandler : [BundleID: content_type_and_content_demo.tar.gz] Language File publish success, Name: cms_language_zh_CN.properties
[14/06/23 20:05:20:673 UTC]  INFO reindex.ReindexThread: --- Unpausing reindex thread 
[14/06/23 20:05:20:833 UTC]  INFO reindex.BulkProcessorListener: -----------
[14/06/23 20:05:20:833 UTC]  INFO reindex.BulkProcessorListener: Reindexing Server #  : 1 of 1
[14/06/23 20:05:20:833 UTC]  INFO reindex.BulkProcessorListener: Total Indexed        : 0
[14/06/23 20:05:20:833 UTC]  INFO reindex.BulkProcessorListener: ReindexEntries found : 3
[14/06/23 20:05:20:833 UTC]  INFO reindex.BulkProcessorListener: BulkRequests created : 6
[14/06/23 20:05:20:834 UTC]  INFO reindex.BulkProcessorListener: -----------
[14/06/23 20:05:22:265 UTC]  INFO delegate.SystemEventsJobDelegate: The event: 470fc515-d76e-437e-a1db-082b09a97a20, has been skipped on the server: 09e4b84d-1189-4f38-b0bb-b41b30a9f729
[14/06/23 20:05:22:265 UTC]  INFO delegate.SystemEventsJobDelegate: The event: 4753f26f-a5f9-4f73-8789-dc554dcc1373, has been skipped on the server: 09e4b84d-1189-4f38-b0bb-b41b30a9f729
[14/06/23 20:05:25:680 UTC]  INFO concurrent.Debouncer: Debouncing : invalidateGraphSchema after 5000 MILLISECONDS
[14/06/23 20:05:26:813 UTC]  INFO util.PushPublishLogger: class com.dotcms.rest.PushPublisherJob : [BundleID: content_type_and_content_demo.tar.gz] Finished bundle publish process
[14/06/23 20:05:26:813 UTC]  INFO rest.PushPublisherJob: Finished bundle publish process
[14/06/23 20:05:26:930 UTC]  INFO apps.SecretsKeyStoreHelper: KeyStore loaded successfully after `1` tries.
[14/06/23 20:05:29:940 UTC]  INFO util.SecurityLogger: class com.dotmarketing.cms.login.factories.LoginFactory : User admin@dotcms.com has sucessfully logged in from IP: 172.19.0.1 -- ip:172.19.0.1,user:Admin User [ID: dotcms.org.1][email:admin@dotcms.com]
[14/06/23 20:05:29:952 UTC]  INFO rest.BundleResource: Deleting all bundles by the user: dotcms.org.1
[14/06/23 20:05:29:967 UTC]  INFO business.BundleAPIImpl: Deleting all bundles with statuses: [BUNDLE_REQUESTED, BUNDLING, SENDING_TO_ENDPOINTS, FAILED_TO_SEND_TO_ALL_GROUPS, FAILED_TO_SEND_TO_SOME_GROUPS, FAILED_TO_BUNDLE, FAILED_TO_SENT, FAILED_TO_PUBLISH, SUCCESS, BUNDLE_SENT_SUCCESSFULLY, RECEIVED_BUNDLE, PUBLISHING_BUNDLE, WAITING_FOR_PUBLISHING, BUNDLE_SAVED_SUCCESSFULLY, INVALID_TOKEN, LICENSE_REQUIRED, SUCCESS_WITH_WARNINGS, FAILED_INTEGRITY_CHECK]by the user: dotcms.org.1
[14/06/23 20:05:29:976 UTC]  INFO business.BundleAPIImpl: Removing bundle: content_type_and_content_demo and dependencies by: dotcms.org.1
[14/06/23 20:05:29:976 UTC]  INFO business.BundleAPIImpl: Removing audit status for a bundle: content_type_and_content_demo
[14/06/23 20:05:29:977 UTC]  INFO business.PublishAuditAPIImpl: Deleting the bundle: content_type_and_content_demo
[14/06/23 20:05:29:980 UTC]  INFO business.BundleAPIImpl: Removing all assets from bundle: content_type_and_content_demo
[14/06/23 20:05:29:981 UTC]  INFO business.BundleAPIImpl: Removing environments from bundle: content_type_and_content_demo
[14/06/23 20:05:29:981 UTC]  INFO business.BundleAPIImpl: Removing bundle: content_type_and_content_demo
[14/06/23 20:05:30:008 UTC]  INFO business.BundleAPIImpl: Deleted 1 bundles, failed 0 bundles
[14/06/23 20:05:30:010 UTC]  WARN struts.MultiMessageResources: Duplicate resource property definition (key=was ==> is now): contenttypes.content.copy=Copy ==> Copy
[14/06/23 20:05:30:016 UTC]  WARN struts.MultiMessageResources: Duplicate resource property definition (key=was ==> is now): message.category.import=Importing Categories.  This operation cannot be cancelled or undone. ==> IMPORT
[14/06/23 20:05:30:016 UTC]  WARN struts.MultiMessageResources: Duplicate resource property definition (key=was ==> is now): message.containers.create.content_type_code=Content Type Code ==> Content Type Code
[14/06/23 20:05:30:019 UTC]  WARN struts.MultiMessageResources: Duplicate resource property definition (key=was ==> is now): Save=Save ==> Save
[14/06/23 20:05:30:023 UTC]  WARN struts.MultiMessageResources: Duplicate resource property definition (key=was ==> is now): Move=Move ==> Move
[14/06/23 20:05:30:026 UTC]  WARN struts.MultiMessageResources: Duplicate resource property definition (key=was ==> is now): archived=archived ==> Archived
[14/06/23 20:05:32:277 UTC]  INFO delegate.SystemEventsJobDelegate: The event: 3ea5d39b-35f5-4965-aa52-3965fd59bba8, has been skipped on the server: 09e4b84d-1189-4f38-b0bb-b41b30a9f729
[14/06/23 20:05:32:277 UTC]  INFO delegate.SystemEventsJobDelegate: The event: e208542b-de7e-4cdc-b22d-14beecb06175, has been skipped on the server: 09e4b84d-1189-4f38-b0bb-b41b30a9f729
[14/06/23 20:05:43:086 UTC]  INFO util.SecurityLogger: class com.dotmarketing.cms.login.factories.LoginFactory : User admin@dotcms.com has sucessfully logged in from IP: 172.19.0.1 -- ip:172.19.0.1,user:Admin User [ID: dotcms.org.1][email:admin@dotcms.com]
[14/06/23 20:05:43:145 UTC]  WARN ajax.RemotePublishAjaxAction: Unable to find asset id = [ea533f67-4883-42bb-9701-83293e7313e5]
[14/06/23 20:05:43:220 UTC]  INFO util.PushPublishLogger: class com.dotcms.publisher.business.PublisherAPIImpl : [BundleID: 01H2XR75K0VAEWCVGXV0AMK14Z] Asset added to Push Publish Queue. Action: Added by Browsing, Asset Type: contenttype, Asset Id: ea533f67-4883-42bb-9701-83293e7313e5, User: dotcms.org.1
[14/06/23 20:05:46:356 UTC]  INFO util.SecurityLogger: class com.dotmarketing.cms.login.factories.LoginFactory : User admin@dotcms.com has sucessfully logged in from IP: 172.19.0.1 -- ip:172.19.0.1,user:Admin User [ID: dotcms.org.1][email:admin@dotcms.com]
[14/06/23 20:05:48:400 UTC]  INFO business.PublisherQueueJob: 
[14/06/23 20:05:48:402 UTC]  INFO business.PublisherQueueJob: Found 1 bundle(s) to process.
[14/06/23 20:05:48:403 UTC]  INFO business.PublisherQueueJob: 
[14/06/23 20:05:48:404 UTC]  INFO business.PublisherQueueJob: Processing bundle: ID: 01H2XR75K0VAEWCVGXV0AMK14Z. Status: Starting. Publish Date: 2020-09-10 17:14:00.0
[14/06/23 20:05:48:405 UTC]  INFO util.PushPublishLogger: class com.dotcms.publisher.business.PublishAuditStatus : Status Update: Pending.
[14/06/23 20:05:48:410 UTC]  INFO util.PushPublishLogger: class com.dotcms.publisher.business.PublisherQueueJob : Pre-publish work started.
[14/06/23 20:05:48:433 UTC]  INFO util.PushPublishLogger: class com.dotcms.publisher.business.PublisherQueueJob : Pre-publish work complete.
[14/06/23 20:05:48:437 UTC]  INFO util.PushPublishLogger: class com.dotcms.publishing.PublisherAPIImpl : [BundleID: 01H2XR75K0VAEWCVGXV0AMK14Z] Started Publishing Task
[14/06/23 20:05:48:450 UTC]  INFO publishing.PublisherAPIImpl: Start of Bundler: DependencyBundler
[14/06/23 20:05:57:603 UTC]  INFO dependencies.ConcurrentDependencyProcessor: DependencyProcessor Finished
[14/06/23 20:05:57:603 UTC]  INFO publishing.PublisherAPIImpl: End of Bundler: DependencyBundler
[14/06/23 20:05:57:603 UTC]  INFO publishing.PublisherAPIImpl: Start of Bundler: HostBundler
[14/06/23 20:05:57:606 UTC]  INFO util.PushPublishLogger: class com.dotcms.enterprise.publishing.remote.bundler.HostBundler : Status Update: Bundling.
[14/06/23 20:05:57:666 UTC]  INFO bundler.HostBundler: Searching for ContentletVersionInfo. Identifier: 48190c8c-42c4-46af-8d1a-0cd5db894797. Language:1
[14/06/23 20:05:57:721 UTC]  INFO util.PushPublishLogger: class com.dotcms.enterprise.publishing.remote.bundler.HostBundler : Status Update: Bundling.
[14/06/23 20:05:57:724 UTC]  INFO publishing.PublisherAPIImpl: End of Bundler: HostBundler
[14/06/23 20:05:57:727 UTC]  INFO publishing.PublisherAPIImpl: Start of Bundler: ContentBundler
[14/06/23 20:05:57:729 UTC]  INFO util.PushPublishLogger: class com.dotcms.enterprise.publishing.remote.bundler.ContentBundler : Status Update: Bundling.
[14/06/23 20:05:57:734 UTC]  INFO util.PushPublishLogger: class com.dotcms.enterprise.publishing.remote.bundler.ContentBundler : Status Update: Bundling.
[14/06/23 20:05:57:736 UTC]  INFO publishing.PublisherAPIImpl: End of Bundler: ContentBundler
[14/06/23 20:05:57:736 UTC]  INFO publishing.PublisherAPIImpl: Start of Bundler: FolderBundler
[14/06/23 20:05:57:737 UTC]  INFO publishing.PublisherAPIImpl: End of Bundler: FolderBundler
[14/06/23 20:05:57:737 UTC]  INFO publishing.PublisherAPIImpl: Start of Bundler: TemplateBundler
[14/06/23 20:05:57:738 UTC]  INFO publishing.PublisherAPIImpl: End of Bundler: TemplateBundler
[14/06/23 20:05:57:738 UTC]  INFO publishing.PublisherAPIImpl: Start of Bundler: ContainerBundler
[14/06/23 20:05:57:738 UTC]  INFO publishing.PublisherAPIImpl: End of Bundler: ContainerBundler
[14/06/23 20:05:57:739 UTC]  INFO publishing.PublisherAPIImpl: Start of Bundler: RuleBundler
[14/06/23 20:05:57:739 UTC]  INFO publishing.PublisherAPIImpl: End of Bundler: RuleBundler
[14/06/23 20:05:57:740 UTC]  INFO publishing.PublisherAPIImpl: Start of Bundler: LinkBundler
[14/06/23 20:05:57:740 UTC]  INFO publishing.PublisherAPIImpl: End of Bundler: LinkBundler
[14/06/23 20:05:57:740 UTC]  INFO publishing.PublisherAPIImpl: Start of Bundler: ContentTypeBundler
[14/06/23 20:05:57:780 UTC]  INFO publishing.PublisherAPIImpl: End of Bundler: ContentTypeBundler
[14/06/23 20:05:57:780 UTC]  INFO publishing.PublisherAPIImpl: Start of Bundler: RelationshipBundler
[14/06/23 20:05:57:781 UTC]  INFO publishing.PublisherAPIImpl: End of Bundler: RelationshipBundler
[14/06/23 20:05:57:781 UTC]  INFO publishing.PublisherAPIImpl: Start of Bundler: LanguageVariablesBundler
[14/06/23 20:05:57:791 UTC]  WARN util.FileUtil: /data/shared/assets/messages/cms_language_en_US.properties is empty
[14/06/23 20:05:57:793 UTC]  WARN util.FileUtil: /data/shared/assets/messages/cms_language_es_ES.properties is empty
[14/06/23 20:05:57:796 UTC]  WARN util.FileUtil: /data/shared/assets/messages/cms_language_fr_FR.properties is empty
[14/06/23 20:05:57:797 UTC]  WARN util.FileUtil: /data/shared/assets/messages/cms_language_zh_CN.properties is empty
[14/06/23 20:05:57:798 UTC]  INFO publishing.PublisherAPIImpl: End of Bundler: LanguageVariablesBundler
[14/06/23 20:05:57:798 UTC]  INFO publishing.PublisherAPIImpl: Start of Bundler: WorkflowBundler
[14/06/23 20:05:57:933 UTC]  INFO publishing.PublisherAPIImpl: End of Bundler: WorkflowBundler
[14/06/23 20:05:57:933 UTC]  INFO publishing.PublisherAPIImpl: Start of Bundler: LanguageBundler
[14/06/23 20:05:57:934 UTC]  INFO publishing.PublisherAPIImpl: End of Bundler: LanguageBundler
[14/06/23 20:05:57:935 UTC]  INFO publishing.PublisherAPIImpl: Start of Bundler: BundleXMLAsc
[14/06/23 20:05:57:937 UTC]  INFO publishing.PublisherAPIImpl: End of Bundler: BundleXMLAsc
[14/06/23 20:05:57:937 UTC]  INFO publishing.PublisherAPIImpl: Start of Bundler: CategoryBundler
[14/06/23 20:05:57:938 UTC]  INFO publishing.PublisherAPIImpl: End of Bundler: CategoryBundler
[14/06/23 20:05:57:987 UTC]  INFO util.PushPublishLogger: class com.dotcms.publisher.pusher.PushPublisher : Status Update: Sending to all environments
[14/06/23 20:05:57:992 UTC]  INFO util.PushPublishLogger: class com.dotcms.publisher.pusher.PushPublisher : Status Update: Sending Bundle
[14/06/23 20:05:58:114 UTC]  INFO pusher.AuthCredentialPushPublishUtil: Is JWT in Push publish avaible?: false
[14/06/23 20:05:58:116 UTC]  INFO pusher.AuthCredentialPushPublishUtil: PublishingEndPoint: receiver-1686773108468
[14/06/23 20:05:58:116 UTC]  INFO pusher.AuthCredentialPushPublishUtil: PublishingEndPoint key: Optional[pmWkWSBCL51Bfkhn79xPuKBKHz//H6B+mY6G9/eieuM=]
[14/06/23 20:05:58:116 UTC]  INFO pusher.AuthCredentialPushPublishUtil: Token from request: pmWkWSBCL51Bfkhn79xPuKBKHz//H6B+mY6G9/eieuM=
[14/06/23 20:05:58:125 UTC]  INFO util.PushPublishLogger: class com.dotcms.publisher.business.PublishAuditStatus : Status Update: Pending.
[14/06/23 20:05:58:156 UTC]  INFO quartz.DotStatefulJob: New Task for job `PushPublisherJob` scheduled for execution `58 05 20 14 6 ? 2023`.
[14/06/23 20:05:58:178 UTC]  INFO rest.PushPublisherJob: Started bundle publish process
[14/06/23 20:05:58:179 UTC]  INFO util.PushPublishLogger: class com.dotcms.rest.PushPublisherJob : [BundleID: 01H2XR75K0VAEWCVGXV0AMK14Z.tar.gz] Started bundle publish process
[14/06/23 20:05:58:189 UTC]  INFO util.PushPublishLogger: class com.dotcms.publisher.pusher.PushPublisher : Status Update: Bundle sent
[14/06/23 20:05:58:208 UTC]  INFO util.PushPublishLogger: class com.dotcms.publisher.pusher.PushPublisher : Status Update: Bundle sent
[14/06/23 20:05:58:220 UTC]  INFO util.PushPublishLogger: class com.dotcms.publishing.PublisherAPIImpl : [BundleID: 01H2XR75K0VAEWCVGXV0AMK14Z] Completed Publishing Task
[14/06/23 20:05:58:255 UTC]  INFO util.ActivityLogger: class com.dotcms.content.elasticsearch.business.ESContentletAPIImpl: System Host : Saving Content , StartDate: N/D; EndDate: N/D; User:system; ContentIdentifier: 48190c8c-42c4-46af-8d1a-0cd5db894797
[14/06/23 20:05:58:319 UTC]  INFO business.ContentletIndexAPIImpl: Indexing: 48190c8c-42c4-46af-8d1a-0cd5db894797 : demo.dotcms.com, includeDependencies: true, policy: FORCE
[14/06/23 20:05:58:556 UTC]  INFO util.ActivityLogger: class com.dotcms.content.elasticsearch.business.ESContentletAPIImpl: System Host : Content Saved , StartDate: N/D; EndDate: N/D; User:system; ContentIdentifier: 48190c8c-42c4-46af-8d1a-0cd5db894797
[14/06/23 20:05:58:563 UTC]  INFO business.ContentletIndexAPIImpl: Indexing: 48190c8c-42c4-46af-8d1a-0cd5db894797 : demo.dotcms.com, includeDependencies: false, policy: FORCE
[14/06/23 20:05:58:563 UTC]  INFO util.PushPublishLogger: class com.dotcms.enterprise.publishing.remote.handler.ContentHandler : [BundleID: 01H2XR75K0VAEWCVGXV0AMK14Z.tar.gz] Host publish success, ID: 48190c8c-42c4-46af-8d1a-0cd5db894797, Inode: 6e8aca39-937c-437e-91d8-d46b631bdcc8, Name: demo.dotcms.com
[14/06/23 20:05:58:586 UTC]  INFO business.ContentletIndexAPIImpl: Indexing: 48190c8c-42c4-46af-8d1a-0cd5db894797 : demo.dotcms.com, includeDependencies: true, policy: FORCE
[14/06/23 20:05:58:602 UTC]  INFO util.SecurityLogger: class com.dotmarketing.portlets.workflows.business.WorkflowAPIImpl : Workflow Scheme 'System Workflow' [d61a59e1-a49c-46f2-a929-db2b4bfa88b2] has been saved by User ID 'system' -- ip:ukn,user:null
[14/06/23 20:05:58:605 UTC]  INFO util.SecurityLogger: class com.dotmarketing.portlets.workflows.business.WorkflowAPIImpl : Workflow Step 'New' [6cb7e3bd-1710-4eed-8838-d3db60f78f19] has been saved by User ID 'system' -- ip:ukn,user:null
[14/06/23 20:05:58:608 UTC]  INFO util.SecurityLogger: class com.dotmarketing.portlets.workflows.business.WorkflowAPIImpl : Workflow Step 'Draft' [ee24a4cb-2d15-4c98-b1bd-6327126451f3] has been saved by User ID 'system' -- ip:ukn,user:null
[14/06/23 20:05:58:611 UTC]  INFO util.SecurityLogger: class com.dotmarketing.portlets.workflows.business.WorkflowAPIImpl : Workflow Step 'Published' [dc3c9cd0-8467-404b-bf95-cb7df3fbc293] has been saved by User ID 'system' -- ip:ukn,user:null
[14/06/23 20:05:58:613 UTC]  INFO util.SecurityLogger: class com.dotmarketing.portlets.workflows.business.WorkflowAPIImpl : Workflow Step 'Archived' [d6b095b6-b65f-4bdb-bbfd-701d663dfee2] has been saved by User ID 'system' -- ip:ukn,user:null
[14/06/23 20:05:58:619 UTC]  INFO util.SecurityLogger: class com.dotmarketing.portlets.workflows.business.WorkflowAPIImpl : Action id: '4da13a42-5d59-480c-ad8f-94a3adf809fe' has been reordered by user: system -- ip:ukn,user:null
[14/06/23 20:05:58:625 UTC]  WARN business.PermissionCacheImpl:  !!! Putting an empty list of permissions in the cache for asset:4da13a42-5d59-480c-ad8f-94a3adf809fe. Every asset should have at least 1 permission (or inherited permission) associated with it
[14/06/23 20:05:58:630 UTC]  INFO util.SecurityLogger: class com.dotmarketing.portlets.workflows.business.WorkflowAPIImpl : Action id: '963f6a04-5320-42e7-ab74-6d876d199946' has been reordered by user: system -- ip:ukn,user:null
[14/06/23 20:05:58:633 UTC]  WARN business.PermissionCacheImpl:  !!! Putting an empty list of permissions in the cache for asset:963f6a04-5320-42e7-ab74-6d876d199946. Every asset should have at least 1 permission (or inherited permission) associated with it
[14/06/23 20:05:58:640 UTC]  INFO util.SecurityLogger: class com.dotmarketing.portlets.workflows.business.WorkflowAPIImpl : Action id: '777f1c6b-c877-4a37-ba4b-10627316c2cc' has been reordered by user: system -- ip:ukn,user:null
[14/06/23 20:05:58:644 UTC]  WARN business.PermissionCacheImpl:  !!! Putting an empty list of permissions in the cache for asset:777f1c6b-c877-4a37-ba4b-10627316c2cc. Every asset should have at least 1 permission (or inherited permission) associated with it
[14/06/23 20:05:58:648 UTC]  INFO util.SecurityLogger: class com.dotmarketing.portlets.workflows.business.WorkflowAPIImpl : Action id: '1e0f1c6b-b67f-4c99-983d-db2b4bfa88b2' has been reordered by user: system -- ip:ukn,user:null
[14/06/23 20:05:58:650 UTC]  WARN business.PermissionCacheImpl:  !!! Putting an empty list of permissions in the cache for asset:1e0f1c6b-b67f-4c99-983d-db2b4bfa88b2. Every asset should have at least 1 permission (or inherited permission) associated with it
[14/06/23 20:05:58:655 UTC]  INFO util.SecurityLogger: class com.dotmarketing.portlets.workflows.business.WorkflowAPIImpl : Action id: 'b9d89c80-3d88-4311-8365-187323c96436' has been reordered by user: system -- ip:ukn,user:null
[14/06/23 20:05:58:657 UTC]  WARN business.PermissionCacheImpl:  !!! Putting an empty list of permissions in the cache for asset:b9d89c80-3d88-4311-8365-187323c96436. Every asset should have at least 1 permission (or inherited permission) associated with it
[14/06/23 20:05:58:661 UTC]  INFO util.SecurityLogger: class com.dotmarketing.portlets.workflows.business.WorkflowAPIImpl : Action id: 'ceca71a0-deee-4999-bd47-b01baa1bcfc8' has been reordered by user: system -- ip:ukn,user:null
[14/06/23 20:05:58:662 UTC]  WARN business.PermissionCacheImpl:  !!! Putting an empty list of permissions in the cache for asset:ceca71a0-deee-4999-bd47-b01baa1bcfc8. Every asset should have at least 1 permission (or inherited permission) associated with it
[14/06/23 20:05:58:667 UTC]  INFO util.SecurityLogger: class com.dotmarketing.portlets.workflows.business.WorkflowAPIImpl : Action id: 'c92f9aa1-9503-4567-ac30-d3242b54d02d' has been reordered by user: system -- ip:ukn,user:null
[14/06/23 20:05:58:670 UTC]  WARN business.PermissionCacheImpl:  !!! Putting an empty list of permissions in the cache for asset:c92f9aa1-9503-4567-ac30-d3242b54d02d. Every asset should have at least 1 permission (or inherited permission) associated with it
[14/06/23 20:05:58:679 UTC]  INFO util.SecurityLogger: class com.dotmarketing.portlets.workflows.business.WorkflowAPIImpl : Action id: '38efc763-d78f-4e4b-b092-59cd8c579b93' has been reordered by user: system -- ip:ukn,user:null
[14/06/23 20:05:58:681 UTC]  WARN business.PermissionCacheImpl:  !!! Putting an empty list of permissions in the cache for asset:38efc763-d78f-4e4b-b092-59cd8c579b93. Every asset should have at least 1 permission (or inherited permission) associated with it
[14/06/23 20:05:58:688 UTC]  INFO util.SecurityLogger: class com.dotmarketing.portlets.workflows.business.WorkflowAPIImpl : The action id: 'ceca71a0-deee-4999-bd47-b01baa1bcfc8' has been saved by the user: system -- ip:ukn,user:null
[14/06/23 20:05:58:691 UTC]  INFO util.SecurityLogger: class com.dotmarketing.portlets.workflows.business.WorkflowAPIImpl : The action id: 'b9d89c80-3d88-4311-8365-187323c96436' has been saved by the user: system -- ip:ukn,user:null
[14/06/23 20:05:58:694 UTC]  INFO util.SecurityLogger: class com.dotmarketing.portlets.workflows.business.WorkflowAPIImpl : The action id: '777f1c6b-c877-4a37-ba4b-10627316c2cc' has been saved by the user: system -- ip:ukn,user:null
[14/06/23 20:05:58:698 UTC]  INFO util.SecurityLogger: class com.dotmarketing.portlets.workflows.business.WorkflowAPIImpl : The action id: 'ceca71a0-deee-4999-bd47-b01baa1bcfc8' has been saved by the user: system -- ip:ukn,user:null
[14/06/23 20:05:58:707 UTC]  INFO util.SecurityLogger: class com.dotmarketing.portlets.workflows.business.WorkflowAPIImpl : The action id: '38efc763-d78f-4e4b-b092-59cd8c579b93' has been saved by the user: system -- ip:ukn,user:null
[14/06/23 20:05:58:712 UTC]  INFO util.SecurityLogger: class com.dotmarketing.portlets.workflows.business.WorkflowAPIImpl : The action id: '963f6a04-5320-42e7-ab74-6d876d199946' has been saved by the user: system -- ip:ukn,user:null
[14/06/23 20:05:58:715 UTC]  INFO util.SecurityLogger: class com.dotmarketing.portlets.workflows.business.WorkflowAPIImpl : The action id: 'b9d89c80-3d88-4311-8365-187323c96436' has been saved by the user: system -- ip:ukn,user:null
[14/06/23 20:05:58:719 UTC]  INFO util.SecurityLogger: class com.dotmarketing.portlets.workflows.business.WorkflowAPIImpl : The action id: '4da13a42-5d59-480c-ad8f-94a3adf809fe' has been saved by the user: system -- ip:ukn,user:null
[14/06/23 20:05:58:722 UTC]  INFO util.SecurityLogger: class com.dotmarketing.portlets.workflows.business.WorkflowAPIImpl : The action id: '963f6a04-5320-42e7-ab74-6d876d199946' has been saved by the user: system -- ip:ukn,user:null
[14/06/23 20:05:58:725 UTC]  INFO util.SecurityLogger: class com.dotmarketing.portlets.workflows.business.WorkflowAPIImpl : The action id: 'ceca71a0-deee-4999-bd47-b01baa1bcfc8' has been saved by the user: system -- ip:ukn,user:null
[14/06/23 20:05:58:728 UTC]  INFO util.SecurityLogger: class com.dotmarketing.portlets.workflows.business.WorkflowAPIImpl : The action id: '38efc763-d78f-4e4b-b092-59cd8c579b93' has been saved by the user: system -- ip:ukn,user:null
[14/06/23 20:05:58:731 UTC]  INFO util.SecurityLogger: class com.dotmarketing.portlets.workflows.business.WorkflowAPIImpl : The action id: '4da13a42-5d59-480c-ad8f-94a3adf809fe' has been saved by the user: system -- ip:ukn,user:null
[14/06/23 20:05:58:734 UTC]  INFO util.SecurityLogger: class com.dotmarketing.portlets.workflows.business.WorkflowAPIImpl : The action id: 'b9d89c80-3d88-4311-8365-187323c96436' has been saved by the user: system -- ip:ukn,user:null
[14/06/23 20:05:58:738 UTC]  INFO util.SecurityLogger: class com.dotmarketing.portlets.workflows.business.WorkflowAPIImpl : The action id: 'c92f9aa1-9503-4567-ac30-d3242b54d02d' has been saved by the user: system -- ip:ukn,user:null
[14/06/23 20:05:58:741 UTC]  INFO util.SecurityLogger: class com.dotmarketing.portlets.workflows.business.WorkflowAPIImpl : The action id: '777f1c6b-c877-4a37-ba4b-10627316c2cc' has been saved by the user: system -- ip:ukn,user:null
[14/06/23 20:05:58:748 UTC]  INFO util.SecurityLogger: class com.dotmarketing.portlets.workflows.business.WorkflowAPIImpl : The action id: '1e0f1c6b-b67f-4c99-983d-db2b4bfa88b2' has been saved by the user: system -- ip:ukn,user:null
[14/06/23 20:05:58:820 UTC]  INFO helper.SystemActionMappingsHandlerMerger: The mapping for systemAction: NEW, workflowAction: Optional[WorkflowAction [id=ceca71a0-deee-4999-bd47-b01baa1bcfc8, name=Save, stepId=null, nextStep=ee24a4cb-2d15-4c98-b1bd-6327126451f3]], and scheme: d61a59e1-a49c-46f2-a929-db2b4bfa88b2 has been saved
[14/06/23 20:05:58:822 UTC]  INFO helper.SystemActionMappingsHandlerMerger: The mapping for systemAction: EDIT, workflowAction: Optional[WorkflowAction [id=ceca71a0-deee-4999-bd47-b01baa1bcfc8, name=Save, stepId=null, nextStep=ee24a4cb-2d15-4c98-b1bd-6327126451f3]], and scheme: d61a59e1-a49c-46f2-a929-db2b4bfa88b2 has been saved
[14/06/23 20:05:58:824 UTC]  INFO helper.SystemActionMappingsHandlerMerger: The mapping for systemAction: UNPUBLISH, workflowAction: Optional[WorkflowAction [id=38efc763-d78f-4e4b-b092-59cd8c579b93, name=Unpublish, stepId=null, nextStep=ee24a4cb-2d15-4c98-b1bd-6327126451f3]], and scheme: d61a59e1-a49c-46f2-a929-db2b4bfa88b2 has been saved
[14/06/23 20:05:58:826 UTC]  INFO helper.SystemActionMappingsHandlerMerger: The mapping for systemAction: UNARCHIVE, workflowAction: Optional[WorkflowAction [id=c92f9aa1-9503-4567-ac30-d3242b54d02d, name=Unarchive, stepId=null, nextStep=ee24a4cb-2d15-4c98-b1bd-6327126451f3]], and scheme: d61a59e1-a49c-46f2-a929-db2b4bfa88b2 has been saved
[14/06/23 20:05:58:828 UTC]  INFO helper.SystemActionMappingsHandlerMerger: The mapping for systemAction: PUBLISH, workflowAction: Optional[WorkflowAction [id=b9d89c80-3d88-4311-8365-187323c96436, name=Publish, stepId=null, nextStep=dc3c9cd0-8467-404b-bf95-cb7df3fbc293]], and scheme: d61a59e1-a49c-46f2-a929-db2b4bfa88b2 has been saved
[14/06/23 20:05:58:830 UTC]  INFO helper.SystemActionMappingsHandlerMerger: The mapping for systemAction: ARCHIVE, workflowAction: Optional[WorkflowAction [id=4da13a42-5d59-480c-ad8f-94a3adf809fe, name=Archive, stepId=null, nextStep=d6b095b6-b65f-4bdb-bbfd-701d663dfee2]], and scheme: d61a59e1-a49c-46f2-a929-db2b4bfa88b2 has been saved
[14/06/23 20:05:58:834 UTC]  INFO helper.SystemActionMappingsHandlerMerger: The mapping for systemAction: DESTROY, workflowAction: Optional[WorkflowAction [id=1e0f1c6b-b67f-4c99-983d-db2b4bfa88b2, name=Destroy, stepId=null, nextStep=d6b095b6-b65f-4bdb-bbfd-701d663dfee2]], and scheme: d61a59e1-a49c-46f2-a929-db2b4bfa88b2 has been saved
[14/06/23 20:05:58:836 UTC]  INFO helper.SystemActionMappingsHandlerMerger: The mapping for systemAction: DELETE, workflowAction: Optional[WorkflowAction [id=777f1c6b-c877-4a37-ba4b-10627316c2cc, name=Delete, stepId=null, nextStep=d6b095b6-b65f-4bdb-bbfd-701d663dfee2]], and scheme: d61a59e1-a49c-46f2-a929-db2b4bfa88b2 has been saved
[14/06/23 20:05:58:838 UTC]  INFO util.PushPublishLogger: class com.dotcms.enterprise.publishing.remote.handler.WorkflowHandler : [BundleID: 01H2XR75K0VAEWCVGXV0AMK14Z.tar.gz] Workflow publish success, ID: d61a59e1-a49c-46f2-a929-db2b4bfa88b2, Name: System Workflow
[14/06/23 20:05:58:863 UTC]  INFO util.ActivityLogger: class com.dotcms.contenttype.business.ContentTypeAPIImpl: system : Save ContentType Action , User system/system user system user added ContentType type_2 to host id:48190c8c-42c4-46af-8d1a-0cd5db894797
[14/06/23 20:05:58:863 UTC]  INFO business.ContentTypeAPIImpl: UserId : system : ContentType : ContentType saved : type_2
[14/06/23 20:05:58:863 UTC]  INFO util.AdminLogger: UserId : system : class com.dotcms.contenttype.business.ContentTypeAPIImpl : ContentType : ContentType saved : type_2
[14/06/23 20:05:58:864 UTC]  INFO business.FieldAPIImpl: No changes made to field: fields0, returning
[14/06/23 20:05:58:865 UTC]  INFO business.FieldAPIImpl: No changes made to field: fields1, returning
[14/06/23 20:05:58:867 UTC]  INFO business.FieldAPIImpl: No changes made to field: text1, returning
[14/06/23 20:05:58:867 UTC]  INFO util.PushPublishLogger: class com.dotcms.enterprise.publishing.remote.handler.ContentTypeHandler : [BundleID: 01H2XR75K0VAEWCVGXV0AMK14Z.tar.gz] Content Type publish success, ID: ea533f67-4883-42bb-9701-83293e7313e5, Name: type_2
[14/06/23 20:05:58:868 UTC]  INFO util.SecurityLogger: class com.dotmarketing.portlets.workflows.business.WorkflowAPIImpl : Saving schemes [ [WorkflowScheme [id=d61a59e1-a49c-46f2-a929-db2b4bfa88b2, name=System Workflow, archived=false, mandatory=false]] ] for Content Type [ com.dotmarketing.portlets.structure.model.Structure@194decf4[name=type_2,description=<null>,defaultStructure=false,reviewInterval=<null>,reviewerRole=<null>,pagedetail=<null>,structureType=1,fixed=false,system=false,velocityVarName=Type2,urlMapPattern=<null>,host=48190c8c-42c4-46af-8d1a-0cd5db894797,folder=SYSTEM_FOLDER,publishDateVar=<null>,expireDateVar=<null>,modDate=Wed Jun 14 20:05:59 UTC 2023,icon=event_note,sortOrder=0,iDate=Thu Oct 08 17:32:19 UTC 2020,type=structure,owner=<null>,inode=ea533f67-4883-42bb-9701-83293e7313e5,identifier=ea533f67-4883-42bb-9701-83293e7313e5] ] -- ip:ukn,user:null
[14/06/23 20:05:58:883 UTC]  INFO util.PushPublishLogger: class com.dotcms.enterprise.publishing.remote.handler.LanguageVariablesHandler : [BundleID: 01H2XR75K0VAEWCVGXV0AMK14Z.tar.gz] Language File publish success, Name: cms_language_en.properties
[14/06/23 20:05:58:884 UTC]  INFO util.PushPublishLogger: class com.dotcms.enterprise.publishing.remote.handler.LanguageVariablesHandler : [BundleID: 01H2XR75K0VAEWCVGXV0AMK14Z.tar.gz] Language File publish success, Name: cms_language_en_US.properties
[14/06/23 20:05:58:884 UTC]  INFO util.PushPublishLogger: class com.dotcms.enterprise.publishing.remote.handler.LanguageVariablesHandler : [BundleID: 01H2XR75K0VAEWCVGXV0AMK14Z.tar.gz] Language File publish success, Name: cms_language_es.properties
[14/06/23 20:05:58:884 UTC]  INFO util.PushPublishLogger: class com.dotcms.enterprise.publishing.remote.handler.LanguageVariablesHandler : [BundleID: 01H2XR75K0VAEWCVGXV0AMK14Z.tar.gz] Language File publish success, Name: cms_language_es_ES.properties
[14/06/23 20:05:58:884 UTC]  INFO util.PushPublishLogger: class com.dotcms.enterprise.publishing.remote.handler.LanguageVariablesHandler : [BundleID: 01H2XR75K0VAEWCVGXV0AMK14Z.tar.gz] Language File publish success, Name: cms_language_fr.properties
[14/06/23 20:05:58:884 UTC]  INFO util.PushPublishLogger: class com.dotcms.enterprise.publishing.remote.handler.LanguageVariablesHandler : [BundleID: 01H2XR75K0VAEWCVGXV0AMK14Z.tar.gz] Language File publish success, Name: cms_language_fr_FR.properties
[14/06/23 20:05:58:884 UTC]  INFO util.PushPublishLogger: class com.dotcms.enterprise.publishing.remote.handler.LanguageVariablesHandler : [BundleID: 01H2XR75K0VAEWCVGXV0AMK14Z.tar.gz] Language File publish success, Name: cms_language_zh.properties
[14/06/23 20:05:58:884 UTC]  INFO util.PushPublishLogger: class com.dotcms.enterprise.publishing.remote.handler.LanguageVariablesHandler : [BundleID: 01H2XR75K0VAEWCVGXV0AMK14Z.tar.gz] Language File publish success, Name: cms_language_zh_CN.properties
[14/06/23 20:05:59:254 UTC]  INFO reindex.ReindexThread: --- Unpausing reindex thread 
[14/06/23 20:06:00:131 UTC]  INFO business.PublisherQueueJob: ===========================================================
[14/06/23 20:06:00:133 UTC]  INFO business.PublisherQueueJob: For bundle '01H2XR75K0VAEWCVGXV0AMK14Z':
[14/06/23 20:06:00:134 UTC]  INFO business.PublisherQueueJob: -> Status             : WAITING_FOR_PUBLISHING [13]
[14/06/23 20:06:00:135 UTC]  INFO business.PublisherQueueJob: ===========================================================
[14/06/23 20:06:00:155 UTC]  INFO apps.SecretsKeyStoreHelper: KeyStore loaded successfully after `1` tries.
[14/06/23 20:06:04:255 UTC]  INFO concurrent.Debouncer: Debouncing : invalidateGraphSchema after 5000 MILLISECONDS
[14/06/23 20:06:04:483 UTC]  INFO util.SecurityLogger: class com.dotmarketing.cms.login.factories.LoginFactory : User admin@dotcms.com has sucessfully logged in from IP: 172.19.0.1 -- ip:172.19.0.1,user:Admin User [ID: dotcms.org.1][email:admin@dotcms.com]
[14/06/23 20:06:05:277 UTC]  INFO util.PushPublishLogger: class com.dotcms.rest.PushPublisherJob : [BundleID: 01H2XR75K0VAEWCVGXV0AMK14Z.tar.gz] Finished bundle publish process
[14/06/23 20:06:05:278 UTC]  INFO rest.PushPublisherJob: Finished bundle publish process
[14/06/23 20:06:05:433 UTC]  WARN struts.MultiMessageResources: Duplicate resource property definition (key=was ==> is now): contenttypes.content.copy=Copy ==> Copy
[14/06/23 20:06:05:435 UTC]  WARN struts.MultiMessageResources: Duplicate resource property definition (key=was ==> is now): message.category.import=Importing Categories.  This operation cannot be cancelled or undone. ==> IMPORT
[14/06/23 20:06:05:436 UTC]  WARN struts.MultiMessageResources: Duplicate resource property definition (key=was ==> is now): message.containers.create.content_type_code=Content Type Code ==> Content Type Code
[14/06/23 20:06:05:438 UTC]  WARN struts.MultiMessageResources: Duplicate resource property definition (key=was ==> is now): Save=Save ==> Save
[14/06/23 20:06:05:439 UTC]  WARN struts.MultiMessageResources: Duplicate resource property definition (key=was ==> is now): Move=Move ==> Move
[14/06/23 20:06:05:440 UTC]  WARN struts.MultiMessageResources: Duplicate resource property definition (key=was ==> is now): archived=archived ==> Archived
[14/06/23 20:06:08:562 UTC]  INFO util.SecurityLogger: class com.dotmarketing.cms.login.factories.LoginFactory : User admin@dotcms.com has sucessfully logged in from IP: 172.19.0.1 -- ip:172.19.0.1,user:Admin User [ID: dotcms.org.1][email:admin@dotcms.com]
[14/06/23 20:06:08:579 UTC]  INFO rest.BundleResource: Deleting all bundles by the user: dotcms.org.1
[14/06/23 20:06:08:595 UTC]  INFO business.BundleAPIImpl: Deleting all bundles with statuses: [BUNDLE_REQUESTED, BUNDLING, SENDING_TO_ENDPOINTS, FAILED_TO_SEND_TO_ALL_GROUPS, FAILED_TO_SEND_TO_SOME_GROUPS, FAILED_TO_BUNDLE, FAILED_TO_SENT, FAILED_TO_PUBLISH, SUCCESS, BUNDLE_SENT_SUCCESSFULLY, RECEIVED_BUNDLE, PUBLISHING_BUNDLE, WAITING_FOR_PUBLISHING, BUNDLE_SAVED_SUCCESSFULLY, INVALID_TOKEN, LICENSE_REQUIRED, SUCCESS_WITH_WARNINGS, FAILED_INTEGRITY_CHECK]by the user: dotcms.org.1
[14/06/23 20:06:08:597 UTC]  INFO business.BundleAPIImpl: Removing bundle: 01H2XR75K0VAEWCVGXV0AMK14Z and dependencies by: dotcms.org.1
[14/06/23 20:06:08:598 UTC]  INFO business.BundleAPIImpl: Removing audit status for a bundle: 01H2XR75K0VAEWCVGXV0AMK14Z
[14/06/23 20:06:08:598 UTC]  INFO business.PublishAuditAPIImpl: Deleting the bundle: 01H2XR75K0VAEWCVGXV0AMK14Z
[14/06/23 20:06:08:598 UTC]  INFO business.BundleAPIImpl: Removing all assets from bundle: 01H2XR75K0VAEWCVGXV0AMK14Z
[14/06/23 20:06:08:600 UTC]  INFO business.BundleAPIImpl: Removing environments from bundle: 01H2XR75K0VAEWCVGXV0AMK14Z
[14/06/23 20:06:08:601 UTC]  INFO business.BundleAPIImpl: Removing bundle: 01H2XR75K0VAEWCVGXV0AMK14Z
[14/06/23 20:06:08:628 UTC]  INFO business.BundleAPIImpl: Deleted 1 bundles, failed 0 bundles
[14/06/23 20:06:11:665 UTC]  INFO util.SecurityLogger: class com.dotmarketing.cms.login.factories.LoginFactory : User admin@dotcms.com has sucessfully logged in from IP: 172.19.0.1 -- ip:172.19.0.1,user:Admin User [ID: dotcms.org.1][email:admin@dotcms.com]
[14/06/23 20:06:11:675 UTC]  WARN business.PermissionCacheImpl:  !!! Putting an empty list of permissions in the cache for asset:3bf3806a-d06e-4fd3-81fb-89cf324f841b. Every asset should have at least 1 permission (or inherited permission) associated with it
[14/06/23 20:06:12:288 UTC]  INFO delegate.SystemEventsJobDelegate: The event: 12275c1a-12cc-4a47-b1d9-4a55eccc5259, has been skipped on the server: 09e4b84d-1189-4f38-b0bb-b41b30a9f729
[14/06/23 20:06:12:288 UTC]  INFO delegate.SystemEventsJobDelegate: The event: f6244ff9-d857-4d46-8716-fc7b4d2311e5, has been skipped on the server: 09e4b84d-1189-4f38-b0bb-b41b30a9f729
[14/06/23 20:06:17:740 UTC]  INFO util.SecurityLogger: class com.dotmarketing.cms.login.factories.LoginFactory : User admin@dotcms.com has sucessfully logged in from IP: 172.19.0.1 -- ip:172.19.0.1,user:Admin User [ID: dotcms.org.1][email:admin@dotcms.com]
[14/06/23 20:06:20:747 UTC]  INFO ajax.PublishingEndpointAjaxAction: receiver ; 52f6730e-deba-45d6-858e-071dfd5be14a
[14/06/23 20:06:23:820 UTC]  INFO util.SecurityLogger: class com.dotmarketing.cms.login.factories.LoginFactory : User admin@dotcms.com has sucessfully logged in from IP: 172.19.0.1 -- ip:172.19.0.1,user:Admin User [ID: dotcms.org.1][email:admin@dotcms.com]
[14/06/23 20:06:23:827 UTC]  INFO util.PushPublishLogger: class com.dotcms.publisher.business.PublishAuditStatus : Status Update: Pending.
[14/06/23 20:06:23:831 UTC]  INFO rest.PushPublisherJob: Started bundle publish process
[14/06/23 20:06:23:831 UTC]  INFO util.PushPublishLogger: class com.dotcms.rest.PushPublisherJob : [BundleID: content_type_and_content_demo.tar.gz] Started bundle publish process
[14/06/23 20:06:23:923 UTC]  INFO util.ActivityLogger: class com.dotcms.content.elasticsearch.business.ESContentletAPIImpl: System Host : Saving Content , StartDate: N/D; EndDate: N/D; User:system; ContentIdentifier: 48190c8c-42c4-46af-8d1a-0cd5db894797
[14/06/23 20:06:23:944 UTC]  INFO timedcache.TimedCacheProvider: ***	 Building Cache : esquerycache, size:10000, seconds:3600,Concurrency:32 (every 60000 millis)
[14/06/23 20:06:23:960 UTC]  INFO business.ContentletIndexAPIImpl: Indexing: 48190c8c-42c4-46af-8d1a-0cd5db894797 : demo.dotcms.com, includeDependencies: true, policy: FORCE
[14/06/23 20:06:24:055 UTC]  INFO util.ActivityLogger: class com.dotcms.content.elasticsearch.business.ESContentletAPIImpl: System Host : Content Saved , StartDate: N/D; EndDate: N/D; User:system; ContentIdentifier: 48190c8c-42c4-46af-8d1a-0cd5db894797
[14/06/23 20:06:24:062 UTC]  INFO business.ContentletIndexAPIImpl: Indexing: 48190c8c-42c4-46af-8d1a-0cd5db894797 : demo.dotcms.com, includeDependencies: false, policy: FORCE
[14/06/23 20:06:24:062 UTC]  INFO util.PushPublishLogger: class com.dotcms.enterprise.publishing.remote.handler.ContentHandler : [BundleID: content_type_and_content_demo.tar.gz] Host publish success, ID: 48190c8c-42c4-46af-8d1a-0cd5db894797, Inode: 6e8aca39-937c-437e-91d8-d46b631bdcc8, Name: demo.dotcms.com
[14/06/23 20:06:24:083 UTC]  INFO business.ContentletIndexAPIImpl: Indexing: 48190c8c-42c4-46af-8d1a-0cd5db894797 : demo.dotcms.com, includeDependencies: true, policy: FORCE
[14/06/23 20:06:24:103 UTC]  INFO util.SecurityLogger: class com.dotmarketing.portlets.workflows.business.WorkflowAPIImpl : Workflow Scheme 'System Workflow' [d61a59e1-a49c-46f2-a929-db2b4bfa88b2] has been saved by User ID 'system' -- ip:172.19.0.1,user:Admin User [ID: dotcms.org.1][email:admin@dotcms.com]
[14/06/23 20:06:24:108 UTC]  INFO util.SecurityLogger: class com.dotmarketing.portlets.workflows.business.WorkflowAPIImpl : Workflow Step 'New' [6cb7e3bd-1710-4eed-8838-d3db60f78f19] has been saved by User ID 'system' -- ip:172.19.0.1,user:Admin User [ID: dotcms.org.1][email:admin@dotcms.com]
[14/06/23 20:06:24:112 UTC]  INFO util.SecurityLogger: class com.dotmarketing.portlets.workflows.business.WorkflowAPIImpl : Workflow Step 'Draft' [ee24a4cb-2d15-4c98-b1bd-6327126451f3] has been saved by User ID 'system' -- ip:172.19.0.1,user:Admin User [ID: dotcms.org.1][email:admin@dotcms.com]
[14/06/23 20:06:24:116 UTC]  INFO util.SecurityLogger: class com.dotmarketing.portlets.workflows.business.WorkflowAPIImpl : Workflow Step 'Published' [dc3c9cd0-8467-404b-bf95-cb7df3fbc293] has been saved by User ID 'system' -- ip:172.19.0.1,user:Admin User [ID: dotcms.org.1][email:admin@dotcms.com]
[14/06/23 20:06:24:120 UTC]  INFO util.SecurityLogger: class com.dotmarketing.portlets.workflows.business.WorkflowAPIImpl : Workflow Step 'Archived' [d6b095b6-b65f-4bdb-bbfd-701d663dfee2] has been saved by User ID 'system' -- ip:172.19.0.1,user:Admin User [ID: dotcms.org.1][email:admin@dotcms.com]
[14/06/23 20:06:24:126 UTC]  INFO util.SecurityLogger: class com.dotmarketing.portlets.workflows.business.WorkflowAPIImpl : Action id: '4da13a42-5d59-480c-ad8f-94a3adf809fe' has been reordered by user: system -- ip:172.19.0.1,user:Admin User [ID: dotcms.org.1][email:admin@dotcms.com]
[14/06/23 20:06:24:129 UTC]  WARN business.PermissionCacheImpl:  !!! Putting an empty list of permissions in the cache for asset:4da13a42-5d59-480c-ad8f-94a3adf809fe. Every asset should have at least 1 permission (or inherited permission) associated with it
[14/06/23 20:06:24:137 UTC]  INFO util.SecurityLogger: class com.dotmarketing.portlets.workflows.business.WorkflowAPIImpl : Action id: '963f6a04-5320-42e7-ab74-6d876d199946' has been reordered by user: system -- ip:172.19.0.1,user:Admin User [ID: dotcms.org.1][email:admin@dotcms.com]
[14/06/23 20:06:24:140 UTC]  WARN business.PermissionCacheImpl:  !!! Putting an empty list of permissions in the cache for asset:963f6a04-5320-42e7-ab74-6d876d199946. Every asset should have at least 1 permission (or inherited permission) associated with it
[14/06/23 20:06:24:146 UTC]  INFO util.SecurityLogger: class com.dotmarketing.portlets.workflows.business.WorkflowAPIImpl : Action id: '777f1c6b-c877-4a37-ba4b-10627316c2cc' has been reordered by user: system -- ip:172.19.0.1,user:Admin User [ID: dotcms.org.1][email:admin@dotcms.com]
[14/06/23 20:06:24:149 UTC]  WARN business.PermissionCacheImpl:  !!! Putting an empty list of permissions in the cache for asset:777f1c6b-c877-4a37-ba4b-10627316c2cc. Every asset should have at least 1 permission (or inherited permission) associated with it
[14/06/23 20:06:24:155 UTC]  INFO util.SecurityLogger: class com.dotmarketing.portlets.workflows.business.WorkflowAPIImpl : Action id: '1e0f1c6b-b67f-4c99-983d-db2b4bfa88b2' has been reordered by user: system -- ip:172.19.0.1,user:Admin User [ID: dotcms.org.1][email:admin@dotcms.com]
[14/06/23 20:06:24:158 UTC]  WARN business.PermissionCacheImpl:  !!! Putting an empty list of permissions in the cache for asset:1e0f1c6b-b67f-4c99-983d-db2b4bfa88b2. Every asset should have at least 1 permission (or inherited permission) associated with it
[14/06/23 20:06:24:165 UTC]  INFO util.SecurityLogger: class com.dotmarketing.portlets.workflows.business.WorkflowAPIImpl : Action id: 'b9d89c80-3d88-4311-8365-187323c96436' has been reordered by user: system -- ip:172.19.0.1,user:Admin User [ID: dotcms.org.1][email:admin@dotcms.com]
[14/06/23 20:06:24:168 UTC]  WARN business.PermissionCacheImpl:  !!! Putting an empty list of permissions in the cache for asset:b9d89c80-3d88-4311-8365-187323c96436. Every asset should have at least 1 permission (or inherited permission) associated with it
[14/06/23 20:06:24:175 UTC]  INFO util.SecurityLogger: class com.dotmarketing.portlets.workflows.business.WorkflowAPIImpl : Action id: 'ceca71a0-deee-4999-bd47-b01baa1bcfc8' has been reordered by user: system -- ip:172.19.0.1,user:Admin User [ID: dotcms.org.1][email:admin@dotcms.com]
[14/06/23 20:06:24:178 UTC]  WARN business.PermissionCacheImpl:  !!! Putting an empty list of permissions in the cache for asset:ceca71a0-deee-4999-bd47-b01baa1bcfc8. Every asset should have at least 1 permission (or inherited permission) associated with it
[14/06/23 20:06:24:185 UTC]  INFO util.SecurityLogger: class com.dotmarketing.portlets.workflows.business.WorkflowAPIImpl : Action id: 'c92f9aa1-9503-4567-ac30-d3242b54d02d' has been reordered by user: system -- ip:172.19.0.1,user:Admin User [ID: dotcms.org.1][email:admin@dotcms.com]
[14/06/23 20:06:24:187 UTC]  WARN business.PermissionCacheImpl:  !!! Putting an empty list of permissions in the cache for asset:c92f9aa1-9503-4567-ac30-d3242b54d02d. Every asset should have at least 1 permission (or inherited permission) associated with it
[14/06/23 20:06:24:194 UTC]  INFO util.SecurityLogger: class com.dotmarketing.portlets.workflows.business.WorkflowAPIImpl : Action id: '38efc763-d78f-4e4b-b092-59cd8c579b93' has been reordered by user: system -- ip:172.19.0.1,user:Admin User [ID: dotcms.org.1][email:admin@dotcms.com]
[14/06/23 20:06:24:196 UTC]  WARN business.PermissionCacheImpl:  !!! Putting an empty list of permissions in the cache for asset:38efc763-d78f-4e4b-b092-59cd8c579b93. Every asset should have at least 1 permission (or inherited permission) associated with it
[14/06/23 20:06:24:205 UTC]  INFO util.SecurityLogger: class com.dotmarketing.portlets.workflows.business.WorkflowAPIImpl : The action id: 'ceca71a0-deee-4999-bd47-b01baa1bcfc8' has been saved by the user: system -- ip:172.19.0.1,user:Admin User [ID: dotcms.org.1][email:admin@dotcms.com]
[14/06/23 20:06:24:210 UTC]  INFO util.SecurityLogger: class com.dotmarketing.portlets.workflows.business.WorkflowAPIImpl : The action id: 'b9d89c80-3d88-4311-8365-187323c96436' has been saved by the user: system -- ip:172.19.0.1,user:Admin User [ID: dotcms.org.1][email:admin@dotcms.com]
[14/06/23 20:06:24:216 UTC]  INFO util.SecurityLogger: class com.dotmarketing.portlets.workflows.business.WorkflowAPIImpl : The action id: '777f1c6b-c877-4a37-ba4b-10627316c2cc' has been saved by the user: system -- ip:172.19.0.1,user:Admin User [ID: dotcms.org.1][email:admin@dotcms.com]
[14/06/23 20:06:24:222 UTC]  INFO util.SecurityLogger: class com.dotmarketing.portlets.workflows.business.WorkflowAPIImpl : The action id: 'ceca71a0-deee-4999-bd47-b01baa1bcfc8' has been saved by the user: system -- ip:172.19.0.1,user:Admin User [ID: dotcms.org.1][email:admin@dotcms.com]
[14/06/23 20:06:24:228 UTC]  INFO util.SecurityLogger: class com.dotmarketing.portlets.workflows.business.WorkflowAPIImpl : The action id: '38efc763-d78f-4e4b-b092-59cd8c579b93' has been saved by the user: system -- ip:172.19.0.1,user:Admin User [ID: dotcms.org.1][email:admin@dotcms.com]
[14/06/23 20:06:24:233 UTC]  INFO util.SecurityLogger: class com.dotmarketing.portlets.workflows.business.WorkflowAPIImpl : The action id: '963f6a04-5320-42e7-ab74-6d876d199946' has been saved by the user: system -- ip:172.19.0.1,user:Admin User [ID: dotcms.org.1][email:admin@dotcms.com]
[14/06/23 20:06:24:239 UTC]  INFO util.SecurityLogger: class com.dotmarketing.portlets.workflows.business.WorkflowAPIImpl : The action id: 'b9d89c80-3d88-4311-8365-187323c96436' has been saved by the user: system -- ip:172.19.0.1,user:Admin User [ID: dotcms.org.1][email:admin@dotcms.com]
[14/06/23 20:06:24:245 UTC]  INFO util.SecurityLogger: class com.dotmarketing.portlets.workflows.business.WorkflowAPIImpl : The action id: '4da13a42-5d59-480c-ad8f-94a3adf809fe' has been saved by the user: system -- ip:172.19.0.1,user:Admin User [ID: dotcms.org.1][email:admin@dotcms.com]
[14/06/23 20:06:24:251 UTC]  INFO util.SecurityLogger: class com.dotmarketing.portlets.workflows.business.WorkflowAPIImpl : The action id: '963f6a04-5320-42e7-ab74-6d876d199946' has been saved by the user: system -- ip:172.19.0.1,user:Admin User [ID: dotcms.org.1][email:admin@dotcms.com]
[14/06/23 20:06:24:257 UTC]  INFO util.SecurityLogger: class com.dotmarketing.portlets.workflows.business.WorkflowAPIImpl : The action id: 'ceca71a0-deee-4999-bd47-b01baa1bcfc8' has been saved by the user: system -- ip:172.19.0.1,user:Admin User [ID: dotcms.org.1][email:admin@dotcms.com]
[14/06/23 20:06:24:262 UTC]  INFO util.SecurityLogger: class com.dotmarketing.portlets.workflows.business.WorkflowAPIImpl : The action id: '38efc763-d78f-4e4b-b092-59cd8c579b93' has been saved by the user: system -- ip:172.19.0.1,user:Admin User [ID: dotcms.org.1][email:admin@dotcms.com]
[14/06/23 20:06:24:268 UTC]  INFO util.SecurityLogger: class com.dotmarketing.portlets.workflows.business.WorkflowAPIImpl : The action id: '4da13a42-5d59-480c-ad8f-94a3adf809fe' has been saved by the user: system -- ip:172.19.0.1,user:Admin User [ID: dotcms.org.1][email:admin@dotcms.com]
[14/06/23 20:06:24:273 UTC]  INFO util.SecurityLogger: class com.dotmarketing.portlets.workflows.business.WorkflowAPIImpl : The action id: 'b9d89c80-3d88-4311-8365-187323c96436' has been saved by the user: system -- ip:172.19.0.1,user:Admin User [ID: dotcms.org.1][email:admin@dotcms.com]
[14/06/23 20:06:24:279 UTC]  INFO util.SecurityLogger: class com.dotmarketing.portlets.workflows.business.WorkflowAPIImpl : The action id: 'c92f9aa1-9503-4567-ac30-d3242b54d02d' has been saved by the user: system -- ip:172.19.0.1,user:Admin User [ID: dotcms.org.1][email:admin@dotcms.com]
[14/06/23 20:06:24:284 UTC]  INFO util.SecurityLogger: class com.dotmarketing.portlets.workflows.business.WorkflowAPIImpl : The action id: '777f1c6b-c877-4a37-ba4b-10627316c2cc' has been saved by the user: system -- ip:172.19.0.1,user:Admin User [ID: dotcms.org.1][email:admin@dotcms.com]
[14/06/23 20:06:24:290 UTC]  INFO util.SecurityLogger: class com.dotmarketing.portlets.workflows.business.WorkflowAPIImpl : The action id: '1e0f1c6b-b67f-4c99-983d-db2b4bfa88b2' has been saved by the user: system -- ip:172.19.0.1,user:Admin User [ID: dotcms.org.1][email:admin@dotcms.com]
[14/06/23 20:06:24:405 UTC]  INFO helper.SystemActionMappingsHandlerMerger: The mapping for systemAction: NEW, workflowAction: Optional[WorkflowAction [id=ceca71a0-deee-4999-bd47-b01baa1bcfc8, name=Save, stepId=null, nextStep=ee24a4cb-2d15-4c98-b1bd-6327126451f3]], and scheme: d61a59e1-a49c-46f2-a929-db2b4bfa88b2 has been saved
[14/06/23 20:06:24:408 UTC]  INFO helper.SystemActionMappingsHandlerMerger: The mapping for systemAction: EDIT, workflowAction: Optional[WorkflowAction [id=ceca71a0-deee-4999-bd47-b01baa1bcfc8, name=Save, stepId=null, nextStep=ee24a4cb-2d15-4c98-b1bd-6327126451f3]], and scheme: d61a59e1-a49c-46f2-a929-db2b4bfa88b2 has been saved
[14/06/23 20:06:24:412 UTC]  INFO helper.SystemActionMappingsHandlerMerger: The mapping for systemAction: UNPUBLISH, workflowAction: Optional[WorkflowAction [id=38efc763-d78f-4e4b-b092-59cd8c579b93, name=Unpublish, stepId=null, nextStep=ee24a4cb-2d15-4c98-b1bd-6327126451f3]], and scheme: d61a59e1-a49c-46f2-a929-db2b4bfa88b2 has been saved
[14/06/23 20:06:24:416 UTC]  INFO helper.SystemActionMappingsHandlerMerger: The mapping for systemAction: UNARCHIVE, workflowAction: Optional[WorkflowAction [id=c92f9aa1-9503-4567-ac30-d3242b54d02d, name=Unarchive, stepId=null, nextStep=ee24a4cb-2d15-4c98-b1bd-6327126451f3]], and scheme: d61a59e1-a49c-46f2-a929-db2b4bfa88b2 has been saved
[14/06/23 20:06:24:419 UTC]  INFO helper.SystemActionMappingsHandlerMerger: The mapping for systemAction: PUBLISH, workflowAction: Optional[WorkflowAction [id=b9d89c80-3d88-4311-8365-187323c96436, name=Publish, stepId=null, nextStep=dc3c9cd0-8467-404b-bf95-cb7df3fbc293]], and scheme: d61a59e1-a49c-46f2-a929-db2b4bfa88b2 has been saved
[14/06/23 20:06:24:423 UTC]  INFO helper.SystemActionMappingsHandlerMerger: The mapping for systemAction: ARCHIVE, workflowAction: Optional[WorkflowAction [id=4da13a42-5d59-480c-ad8f-94a3adf809fe, name=Archive, stepId=null, nextStep=d6b095b6-b65f-4bdb-bbfd-701d663dfee2]], and scheme: d61a59e1-a49c-46f2-a929-db2b4bfa88b2 has been saved
[14/06/23 20:06:24:426 UTC]  INFO helper.SystemActionMappingsHandlerMerger: The mapping for systemAction: DESTROY, workflowAction: Optional[WorkflowAction [id=1e0f1c6b-b67f-4c99-983d-db2b4bfa88b2, name=Destroy, stepId=null, nextStep=d6b095b6-b65f-4bdb-bbfd-701d663dfee2]], and scheme: d61a59e1-a49c-46f2-a929-db2b4bfa88b2 has been saved
[14/06/23 20:06:24:430 UTC]  INFO helper.SystemActionMappingsHandlerMerger: The mapping for systemAction: DELETE, workflowAction: Optional[WorkflowAction [id=777f1c6b-c877-4a37-ba4b-10627316c2cc, name=Delete, stepId=null, nextStep=d6b095b6-b65f-4bdb-bbfd-701d663dfee2]], and scheme: d61a59e1-a49c-46f2-a929-db2b4bfa88b2 has been saved
[14/06/23 20:06:24:430 UTC]  INFO util.PushPublishLogger: class com.dotcms.enterprise.publishing.remote.handler.WorkflowHandler : [BundleID: content_type_and_content_demo.tar.gz] Workflow publish success, ID: d61a59e1-a49c-46f2-a929-db2b4bfa88b2, Name: System Workflow
[14/06/23 20:06:24:468 UTC]  INFO util.ActivityLogger: class com.dotcms.contenttype.business.ContentTypeAPIImpl: system : Save ContentType Action , User system/system user system user added ContentType Host to host id:SYSTEM_HOST
[14/06/23 20:06:24:469 UTC]  INFO business.ContentTypeAPIImpl: UserId : system : ContentType : ContentType saved : Host
[14/06/23 20:06:24:469 UTC]  INFO util.AdminLogger: UserId : system : class com.dotcms.contenttype.business.ContentTypeAPIImpl : ContentType : ContentType saved : Host
[14/06/23 20:06:24:470 UTC]  INFO business.FieldAPIImpl: No changes made to field: fields0, returning
[14/06/23 20:06:24:472 UTC]  INFO business.FieldAPIImpl: No changes made to field: fields1, returning
[14/06/23 20:06:24:473 UTC]  INFO business.FieldAPIImpl: No changes made to field: hostName, returning
[14/06/23 20:06:24:474 UTC]  INFO business.FieldAPIImpl: No changes made to field: aliases, returning
[14/06/23 20:06:24:475 UTC]  INFO business.FieldAPIImpl: No changes made to field: isDefault, returning
[14/06/23 20:06:24:476 UTC]  INFO business.FieldAPIImpl: No changes made to field: tagStorage, returning
[14/06/23 20:06:24:510 UTC]  INFO util.ActivityLogger: class com.dotmarketing.util.ActivityLogger: system : Update Field Action , User system/system user modified field Host Thumbnail to Host Structure.
[14/06/23 20:06:24:519 UTC]  INFO business.FieldAPIImpl: No changes made to field: isSystemHost, returning
[14/06/23 20:06:24:520 UTC]  INFO business.FieldAPIImpl: No changes made to field: runDashboard, returning
[14/06/23 20:06:24:521 UTC]  INFO business.FieldAPIImpl: No changes made to field: metaData, returning
[14/06/23 20:06:24:522 UTC]  INFO business.FieldAPIImpl: No changes made to field: keywords, returning
[14/06/23 20:06:24:523 UTC]  INFO business.FieldAPIImpl: No changes made to field: description, returning
[14/06/23 20:06:24:524 UTC]  INFO business.FieldAPIImpl: No changes made to field: siteKeys, returning
[14/06/23 20:06:24:525 UTC]  INFO business.FieldAPIImpl: No changes made to field: googleMap, returning
[14/06/23 20:06:24:526 UTC]  INFO business.FieldAPIImpl: No changes made to field: googleAnalytics, returning
[14/06/23 20:06:24:527 UTC]  INFO business.FieldAPIImpl: No changes made to field: addThis, returning
[14/06/23 20:06:24:527 UTC]  INFO business.FieldAPIImpl: No changes made to field: proxyEditModeUrl, returning
[14/06/23 20:06:24:528 UTC]  INFO business.FieldAPIImpl: No changes made to field: embeddedDashboard, returning
[14/06/23 20:06:24:529 UTC]  INFO util.PushPublishLogger: class com.dotcms.enterprise.publishing.remote.handler.ContentTypeHandler : [BundleID: content_type_and_content_demo.tar.gz] Content Type publish success, ID: 855a2d72-f2f3-4169-8b04-ac5157c4380c, Name: Host
[14/06/23 20:06:24:530 UTC]  INFO util.SecurityLogger: class com.dotmarketing.portlets.workflows.business.WorkflowAPIImpl : Saving schemes [ [WorkflowScheme [id=d61a59e1-a49c-46f2-a929-db2b4bfa88b2, name=System Workflow, archived=false, mandatory=false]] ] for Content Type [ com.dotmarketing.portlets.structure.model.Structure@4531e59d[name=Host,description=System hosts information,defaultStructure=false,reviewInterval=<null>,reviewerRole=<null>,pagedetail=<null>,structureType=1,fixed=true,system=true,velocityVarName=Host,urlMapPattern=<null>,host=SYSTEM_HOST,folder=SYSTEM_FOLDER,publishDateVar=<null>,expireDateVar=<null>,modDate=Wed Jun 14 20:06:25 UTC 2023,icon=event_note,sortOrder=0,iDate=Mon Mar 28 15:10:14 UTC 2016,type=structure,owner=<null>,inode=855a2d72-f2f3-4169-8b04-ac5157c4380c,identifier=855a2d72-f2f3-4169-8b04-ac5157c4380c] ] -- ip:172.19.0.1,user:Admin User [ID: dotcms.org.1][email:admin@dotcms.com]
[14/06/23 20:06:24:547 UTC]  INFO util.ActivityLogger: class com.dotcms.contenttype.business.ContentTypeAPIImpl: system : Save ContentType Action , User system/system user system user added ContentType type_2 to host id:48190c8c-42c4-46af-8d1a-0cd5db894797
[14/06/23 20:06:24:547 UTC]  INFO business.ContentTypeAPIImpl: UserId : system : ContentType : ContentType saved : type_2
[14/06/23 20:06:24:547 UTC]  INFO util.AdminLogger: UserId : system : class com.dotcms.contenttype.business.ContentTypeAPIImpl : ContentType : ContentType saved : type_2
[14/06/23 20:06:24:548 UTC]  INFO business.FieldAPIImpl: No changes made to field: fields0, returning
[14/06/23 20:06:24:549 UTC]  INFO business.FieldAPIImpl: No changes made to field: fields1, returning
[14/06/23 20:06:24:550 UTC]  INFO business.FieldAPIImpl: No changes made to field: text1, returning
[14/06/23 20:06:24:550 UTC]  INFO util.PushPublishLogger: class com.dotcms.enterprise.publishing.remote.handler.ContentTypeHandler : [BundleID: content_type_and_content_demo.tar.gz] Content Type publish success, ID: ea533f67-4883-42bb-9701-83293e7313e5, Name: type_2
[14/06/23 20:06:24:556 UTC]  INFO util.SecurityLogger: class com.dotmarketing.portlets.workflows.business.WorkflowAPIImpl : Saving schemes [ [WorkflowScheme [id=d61a59e1-a49c-46f2-a929-db2b4bfa88b2, name=System Workflow, archived=false, mandatory=false]] ] for Content Type [ com.dotmarketing.portlets.structure.model.Structure@af36465[name=type_2,description=<null>,defaultStructure=false,reviewInterval=<null>,reviewerRole=<null>,pagedetail=<null>,structureType=1,fixed=false,system=false,velocityVarName=Type2,urlMapPattern=<null>,host=48190c8c-42c4-46af-8d1a-0cd5db894797,folder=SYSTEM_FOLDER,publishDateVar=<null>,expireDateVar=<null>,modDate=Wed Jun 14 20:06:25 UTC 2023,icon=event_note,sortOrder=0,iDate=Thu Oct 08 17:32:19 UTC 2020,type=structure,owner=<null>,inode=ea533f67-4883-42bb-9701-83293e7313e5,identifier=ea533f67-4883-42bb-9701-83293e7313e5] ] -- ip:172.19.0.1,user:Admin User [ID: dotcms.org.1][email:admin@dotcms.com]
[14/06/23 20:06:24:569 UTC]  INFO util.PushPublishLogger: class com.dotcms.enterprise.publishing.remote.handler.LanguageVariablesHandler : [BundleID: content_type_and_content_demo.tar.gz] Language File publish success, Name: cms_language_en.properties
[14/06/23 20:06:24:570 UTC]  INFO util.PushPublishLogger: class com.dotcms.enterprise.publishing.remote.handler.LanguageVariablesHandler : [BundleID: content_type_and_content_demo.tar.gz] Language File publish success, Name: cms_language_en_US.properties
[14/06/23 20:06:24:570 UTC]  INFO util.PushPublishLogger: class com.dotcms.enterprise.publishing.remote.handler.LanguageVariablesHandler : [BundleID: content_type_and_content_demo.tar.gz] Language File publish success, Name: cms_language_es.properties
[14/06/23 20:06:24:571 UTC]  INFO util.PushPublishLogger: class com.dotcms.enterprise.publishing.remote.handler.LanguageVariablesHandler : [BundleID: content_type_and_content_demo.tar.gz] Language File publish success, Name: cms_language_es_ES.properties
[14/06/23 20:06:24:571 UTC]  INFO util.PushPublishLogger: class com.dotcms.enterprise.publishing.remote.handler.LanguageVariablesHandler : [BundleID: content_type_and_content_demo.tar.gz] Language File publish success, Name: cms_language_fr.properties
[14/06/23 20:06:24:572 UTC]  INFO util.PushPublishLogger: class com.dotcms.enterprise.publishing.remote.handler.LanguageVariablesHandler : [BundleID: content_type_and_content_demo.tar.gz] Language File publish success, Name: cms_language_fr_FR.properties
[14/06/23 20:06:24:572 UTC]  INFO util.PushPublishLogger: class com.dotcms.enterprise.publishing.remote.handler.LanguageVariablesHandler : [BundleID: content_type_and_content_demo.tar.gz] Language File publish success, Name: cms_language_zh.properties
[14/06/23 20:06:24:573 UTC]  INFO util.PushPublishLogger: class com.dotcms.enterprise.publishing.remote.handler.LanguageVariablesHandler : [BundleID: content_type_and_content_demo.tar.gz] Language File publish success, Name: cms_language_zh_CN.properties
[14/06/23 20:06:24:932 UTC]  INFO reindex.ReindexThread: --- Unpausing reindex thread 
[14/06/23 20:06:24:972 UTC]  INFO reindex.BulkProcessorListener: -----------
[14/06/23 20:06:24:972 UTC]  INFO reindex.BulkProcessorListener: Reindexing Server #  : 1 of 1
[14/06/23 20:06:24:973 UTC]  INFO reindex.BulkProcessorListener: Total Indexed        : 0
[14/06/23 20:06:24:973 UTC]  INFO reindex.BulkProcessorListener: ReindexEntries found : 3
[14/06/23 20:06:24:974 UTC]  INFO reindex.BulkProcessorListener: BulkRequests created : 6
[14/06/23 20:06:24:975 UTC]  INFO reindex.BulkProcessorListener: -----------
[14/06/23 20:06:29:932 UTC]  INFO concurrent.Debouncer: Debouncing : invalidateGraphSchema after 5000 MILLISECONDS
[14/06/23 20:06:30:966 UTC]  INFO util.PushPublishLogger: class com.dotcms.rest.PushPublisherJob : [BundleID: content_type_and_content_demo.tar.gz] Finished bundle publish process
[14/06/23 20:06:30:966 UTC]  INFO rest.PushPublisherJob: Finished bundle publish process
[14/06/23 20:06:34:070 UTC]  INFO util.SecurityLogger: class com.dotmarketing.cms.login.factories.LoginFactory : User admin@dotcms.com has sucessfully logged in from IP: 172.19.0.1 -- ip:172.19.0.1,user:Admin User [ID: dotcms.org.1][email:admin@dotcms.com]
[14/06/23 20:06:34:076 UTC]  INFO rest.BundleResource: Deleting all bundles by the user: dotcms.org.1
[14/06/23 20:06:34:086 UTC]  INFO business.BundleAPIImpl: Deleting all bundles with statuses: [BUNDLE_REQUESTED, BUNDLING, SENDING_TO_ENDPOINTS, FAILED_TO_SEND_TO_ALL_GROUPS, FAILED_TO_SEND_TO_SOME_GROUPS, FAILED_TO_BUNDLE, FAILED_TO_SENT, FAILED_TO_PUBLISH, SUCCESS, BUNDLE_SENT_SUCCESSFULLY, RECEIVED_BUNDLE, PUBLISHING_BUNDLE, WAITING_FOR_PUBLISHING, BUNDLE_SAVED_SUCCESSFULLY, INVALID_TOKEN, LICENSE_REQUIRED, SUCCESS_WITH_WARNINGS, FAILED_INTEGRITY_CHECK]by the user: dotcms.org.1
[14/06/23 20:06:34:093 UTC]  INFO business.BundleAPIImpl: Removing bundle: content_type_and_content_demo and dependencies by: dotcms.org.1
[14/06/23 20:06:34:093 UTC]  INFO business.BundleAPIImpl: Removing audit status for a bundle: content_type_and_content_demo
[14/06/23 20:06:34:093 UTC]  INFO business.PublishAuditAPIImpl: Deleting the bundle: content_type_and_content_demo
[14/06/23 20:06:34:094 UTC]  INFO business.BundleAPIImpl: Removing all assets from bundle: content_type_and_content_demo
[14/06/23 20:06:34:094 UTC]  INFO business.BundleAPIImpl: Removing environments from bundle: content_type_and_content_demo
[14/06/23 20:06:34:095 UTC]  INFO business.BundleAPIImpl: Removing bundle: content_type_and_content_demo
[14/06/23 20:06:34:121 UTC]  INFO business.BundleAPIImpl: Deleted 1 bundles, failed 0 bundles
[14/06/23 20:06:34:123 UTC]  WARN struts.MultiMessageResources: Duplicate resource property definition (key=was ==> is now): contenttypes.content.copy=Copy ==> Copy
[14/06/23 20:06:34:125 UTC]  WARN struts.MultiMessageResources: Duplicate resource property definition (key=was ==> is now): message.category.import=Importing Categories.  This operation cannot be cancelled or undone. ==> IMPORT
[14/06/23 20:06:34:125 UTC]  WARN struts.MultiMessageResources: Duplicate resource property definition (key=was ==> is now): message.containers.create.content_type_code=Content Type Code ==> Content Type Code
[14/06/23 20:06:34:127 UTC]  WARN struts.MultiMessageResources: Duplicate resource property definition (key=was ==> is now): Save=Save ==> Save
[14/06/23 20:06:34:129 UTC]  WARN struts.MultiMessageResources: Duplicate resource property definition (key=was ==> is now): Move=Move ==> Move
[14/06/23 20:06:34:131 UTC]  WARN struts.MultiMessageResources: Duplicate resource property definition (key=was ==> is now): archived=archived ==> Archived
[14/06/23 20:06:37:294 UTC]  INFO delegate.SystemEventsJobDelegate: The event: 50a6c2a5-1c19-4222-9d75-7aa56ee99519, has been skipped on the server: 09e4b84d-1189-4f38-b0bb-b41b30a9f729
[14/06/23 20:06:37:294 UTC]  INFO delegate.SystemEventsJobDelegate: The event: c7a70489-5c8d-4bd7-a2ec-ebd75cc6d87e, has been skipped on the server: 09e4b84d-1189-4f38-b0bb-b41b30a9f729
[14/06/23 20:06:47:178 UTC]  INFO util.SecurityLogger: class com.dotmarketing.cms.login.factories.LoginFactory : User admin@dotcms.com has sucessfully logged in from IP: 172.19.0.1 -- ip:172.19.0.1,user:Admin User [ID: dotcms.org.1][email:admin@dotcms.com]
[14/06/23 20:06:47:193 UTC]  WARN ajax.RemotePublishAjaxAction: Unable to find asset id = [ea533f67-4883-42bb-9701-83293e7313e5]
[14/06/23 20:06:47:200 UTC]  INFO util.PushPublishLogger: class com.dotcms.publisher.business.PublisherAPIImpl : [BundleID: 01H2XR944NCD08444PPRW0NDZ7] Asset added to Push Publish Queue. Action: Added by Browsing, Asset Type: contenttype, Asset Id: ea533f67-4883-42bb-9701-83293e7313e5, User: dotcms.org.1
[14/06/23 20:06:50:295 UTC]  INFO util.SecurityLogger: class com.dotmarketing.cms.login.factories.LoginFactory : User admin@dotcms.com has sucessfully logged in from IP: 172.19.0.1 -- ip:172.19.0.1,user:Admin User [ID: dotcms.org.1][email:admin@dotcms.com]
[14/06/23 20:06:52:329 UTC]  INFO business.PublisherQueueJob: 
[14/06/23 20:06:52:329 UTC]  INFO business.PublisherQueueJob: Found 1 bundle(s) to process.
[14/06/23 20:06:52:329 UTC]  INFO business.PublisherQueueJob: 
[14/06/23 20:06:52:329 UTC]  INFO business.PublisherQueueJob: Processing bundle: ID: 01H2XR944NCD08444PPRW0NDZ7. Status: Starting. Publish Date: 2020-09-10 17:14:00.0
[14/06/23 20:06:52:329 UTC]  INFO util.PushPublishLogger: class com.dotcms.publisher.business.PublishAuditStatus : Status Update: Pending.
[14/06/23 20:06:52:329 UTC]  INFO util.PushPublishLogger: class com.dotcms.publisher.business.PublisherQueueJob : Pre-publish work started.
[14/06/23 20:06:52:333 UTC]  INFO util.PushPublishLogger: class com.dotcms.publisher.business.PublisherQueueJob : Pre-publish work complete.
[14/06/23 20:06:52:333 UTC]  INFO util.PushPublishLogger: class com.dotcms.publishing.PublisherAPIImpl : [BundleID: 01H2XR944NCD08444PPRW0NDZ7] Started Publishing Task
[14/06/23 20:06:52:339 UTC]  INFO publishing.PublisherAPIImpl: Start of Bundler: DependencyBundler
[14/06/23 20:07:01:380 UTC]  INFO dependencies.ConcurrentDependencyProcessor: DependencyProcessor Finished
[14/06/23 20:07:01:381 UTC]  INFO publishing.PublisherAPIImpl: End of Bundler: DependencyBundler
[14/06/23 20:07:01:381 UTC]  INFO publishing.PublisherAPIImpl: Start of Bundler: HostBundler
[14/06/23 20:07:01:384 UTC]  INFO util.PushPublishLogger: class com.dotcms.enterprise.publishing.remote.bundler.HostBundler : Status Update: Bundling.
[14/06/23 20:07:01:415 UTC]  INFO bundler.HostBundler: Searching for ContentletVersionInfo. Identifier: 48190c8c-42c4-46af-8d1a-0cd5db894797. Language:1
[14/06/23 20:07:01:435 UTC]  INFO util.PushPublishLogger: class com.dotcms.enterprise.publishing.remote.bundler.HostBundler : Status Update: Bundling.
[14/06/23 20:07:01:437 UTC]  INFO publishing.PublisherAPIImpl: End of Bundler: HostBundler
[14/06/23 20:07:01:437 UTC]  INFO publishing.PublisherAPIImpl: Start of Bundler: ContentBundler
[14/06/23 20:07:01:439 UTC]  INFO util.PushPublishLogger: class com.dotcms.enterprise.publishing.remote.bundler.ContentBundler : Status Update: Bundling.
[14/06/23 20:07:01:446 UTC]  INFO util.PushPublishLogger: class com.dotcms.enterprise.publishing.remote.bundler.ContentBundler : Status Update: Bundling.
[14/06/23 20:07:01:447 UTC]  INFO publishing.PublisherAPIImpl: End of Bundler: ContentBundler
[14/06/23 20:07:01:447 UTC]  INFO publishing.PublisherAPIImpl: Start of Bundler: FolderBundler
[14/06/23 20:07:01:447 UTC]  INFO publishing.PublisherAPIImpl: End of Bundler: FolderBundler
[14/06/23 20:07:01:447 UTC]  INFO publishing.PublisherAPIImpl: Start of Bundler: TemplateBundler
[14/06/23 20:07:01:447 UTC]  INFO publishing.PublisherAPIImpl: End of Bundler: TemplateBundler
[14/06/23 20:07:01:447 UTC]  INFO publishing.PublisherAPIImpl: Start of Bundler: ContainerBundler
[14/06/23 20:07:01:447 UTC]  INFO publishing.PublisherAPIImpl: End of Bundler: ContainerBundler
[14/06/23 20:07:01:447 UTC]  INFO publishing.PublisherAPIImpl: Start of Bundler: RuleBundler
[14/06/23 20:07:01:447 UTC]  INFO publishing.PublisherAPIImpl: End of Bundler: RuleBundler
[14/06/23 20:07:01:447 UTC]  INFO publishing.PublisherAPIImpl: Start of Bundler: LinkBundler
[14/06/23 20:07:01:447 UTC]  INFO publishing.PublisherAPIImpl: End of Bundler: LinkBundler
[14/06/23 20:07:01:447 UTC]  INFO publishing.PublisherAPIImpl: Start of Bundler: ContentTypeBundler
[14/06/23 20:07:01:460 UTC]  INFO publishing.PublisherAPIImpl: End of Bundler: ContentTypeBundler
[14/06/23 20:07:01:460 UTC]  INFO publishing.PublisherAPIImpl: Start of Bundler: RelationshipBundler
[14/06/23 20:07:01:460 UTC]  INFO publishing.PublisherAPIImpl: End of Bundler: RelationshipBundler
[14/06/23 20:07:01:460 UTC]  INFO publishing.PublisherAPIImpl: Start of Bundler: LanguageVariablesBundler
[14/06/23 20:07:01:462 UTC]  WARN util.FileUtil: /data/shared/assets/messages/cms_language_en_US.properties is empty
[14/06/23 20:07:01:463 UTC]  WARN util.FileUtil: /data/shared/assets/messages/cms_language_es_ES.properties is empty
[14/06/23 20:07:01:464 UTC]  WARN util.FileUtil: /data/shared/assets/messages/cms_language_fr_FR.properties is empty
[14/06/23 20:07:01:466 UTC]  WARN util.FileUtil: /data/shared/assets/messages/cms_language_zh_CN.properties is empty
[14/06/23 20:07:01:468 UTC]  INFO publishing.PublisherAPIImpl: End of Bundler: LanguageVariablesBundler
[14/06/23 20:07:01:468 UTC]  INFO publishing.PublisherAPIImpl: Start of Bundler: WorkflowBundler
[14/06/23 20:07:01:539 UTC]  INFO publishing.PublisherAPIImpl: End of Bundler: WorkflowBundler
[14/06/23 20:07:01:539 UTC]  INFO publishing.PublisherAPIImpl: Start of Bundler: LanguageBundler
[14/06/23 20:07:01:539 UTC]  INFO publishing.PublisherAPIImpl: End of Bundler: LanguageBundler
[14/06/23 20:07:01:540 UTC]  INFO publishing.PublisherAPIImpl: Start of Bundler: BundleXMLAsc
[14/06/23 20:07:01:541 UTC]  INFO publishing.PublisherAPIImpl: End of Bundler: BundleXMLAsc
[14/06/23 20:07:01:542 UTC]  INFO publishing.PublisherAPIImpl: Start of Bundler: CategoryBundler
[14/06/23 20:07:01:542 UTC]  INFO publishing.PublisherAPIImpl: End of Bundler: CategoryBundler
[14/06/23 20:07:01:598 UTC]  INFO util.PushPublishLogger: class com.dotcms.publisher.pusher.PushPublisher : Status Update: Sending to all environments
[14/06/23 20:07:01:600 UTC]  INFO util.PushPublishLogger: class com.dotcms.publisher.pusher.PushPublisher : Status Update: Sending Bundle
[14/06/23 20:07:01:630 UTC]  INFO pusher.AuthCredentialPushPublishUtil: Is JWT in Push publish avaible?: false
[14/06/23 20:07:01:630 UTC]  INFO pusher.AuthCredentialPushPublishUtil: PublishingEndPoint: receiver-1686773108468
[14/06/23 20:07:01:631 UTC]  INFO pusher.AuthCredentialPushPublishUtil: PublishingEndPoint key: Optional[pmWkWSBCL51Bfkhn79xPuKBKHz//H6B+mY6G9/eieuM=]
[14/06/23 20:07:01:631 UTC]  INFO pusher.AuthCredentialPushPublishUtil: Token from request: 8SNNdReNiSoTOkEDVaWpkM910vM+uiXVdZQ9TfYy86Q=
[14/06/23 20:07:01:632 UTC] ERROR rest.IntegrityResource: Receiver at localhost:8080:> Authentication Token is invalid for ip: 127.0.0.1
[14/06/23 20:07:07:648 UTC]  INFO util.PushPublishLogger: class com.dotcms.publisher.pusher.PushPublisher : Invalid token
[14/06/23 20:07:08:386 UTC]  INFO util.SecurityLogger: class com.dotmarketing.cms.login.factories.LoginFactory : User admin@dotcms.com has sucessfully logged in from IP: 172.19.0.1 -- ip:172.19.0.1,user:Admin User [ID: dotcms.org.1][email:admin@dotcms.com]
[14/06/23 20:07:10:663 UTC]  INFO util.PushPublishLogger: class com.dotcms.publishing.PublisherAPIImpl : [BundleID: 01H2XR944NCD08444PPRW0NDZ7] Completed Publishing Task
[14/06/23 20:07:10:734 UTC]  INFO business.PublisherQueueJob: ===========================================================
[14/06/23 20:07:10:734 UTC]  INFO business.PublisherQueueJob: For bundle '01H2XR944NCD08444PPRW0NDZ7':
[14/06/23 20:07:10:734 UTC]  INFO business.PublisherQueueJob: -> Status             : WAITING_FOR_PUBLISHING [13]
[14/06/23 20:07:10:734 UTC]  INFO business.PublisherQueueJob: ===========================================================
[14/06/23 20:07:13:541 UTC]  INFO util.SecurityLogger: class com.dotcms.cms.login.LoginServiceAPIFactory$LoginServiceImpl : User dotcms.org.1 has successfully login from IP: 172.19.0.1 -- ip:172.19.0.1,user:Admin User [ID: dotcms.org.1][email:admin@dotcms.com]
[14/06/23 20:07:13:716 UTC]  INFO pusher.AuthCredentialPushPublishUtil: Is JWT in Push publish avaible?: false
[14/06/23 20:07:13:717 UTC]  INFO pusher.AuthCredentialPushPublishUtil: PublishingEndPoint: null
[14/06/23 20:07:13:718 UTC]  WARN pusher.PushPublisher: Endpoint or endpoint key is null:null
[14/06/23 20:07:13:718 UTC]  INFO pusher.AuthCredentialPushPublishUtil: PublishingEndPoint key: Optional.empty
[14/06/23 20:07:13:719 UTC] ERROR rest.IntegrityResource: Receiver at 82bf889ac501:8080:> Authentication Token is invalid for ip: 172.19.0.1
[14/06/23 20:07:17:836 UTC]  INFO util.SecurityLogger: class com.dotcms.cms.login.LoginServiceAPIFactory$LoginServiceImpl : User dotcms.org.1 has successfully login from IP: 172.19.0.1 -- ip:172.19.0.1,user:Admin User [ID: dotcms.org.1][email:admin@dotcms.com]
[14/06/23 20:07:19:921 UTC]  INFO pusher.AuthCredentialPushPublishUtil: Is JWT in Push publish avaible?: false
[14/06/23 20:07:19:921 UTC]  INFO pusher.AuthCredentialPushPublishUtil: PublishingEndPoint: null
[14/06/23 20:07:19:921 UTC]  WARN pusher.PushPublisher: Endpoint or endpoint key is null:null
[14/06/23 20:07:19:921 UTC]  INFO pusher.AuthCredentialPushPublishUtil: PublishingEndPoint key: Optional.empty
[14/06/23 20:07:19:921 UTC] ERROR rest.IntegrityResource: Receiver at 82bf889ac501:8080:> Authentication Token is invalid for ip: 172.19.0.1
[14/06/23 20:07:19:966 UTC]  INFO pusher.AuthCredentialPushPublishUtil: Is JWT in Push publish avaible?: false
[14/06/23 20:07:19:966 UTC]  INFO pusher.AuthCredentialPushPublishUtil: PublishingEndPoint: null
[14/06/23 20:07:19:966 UTC]  WARN pusher.PushPublisher: Endpoint or endpoint key is null:null
[14/06/23 20:07:19:966 UTC]  INFO pusher.AuthCredentialPushPublishUtil: PublishingEndPoint key: Optional.empty
[14/06/23 20:07:19:966 UTC] ERROR rest.IntegrityResource: Receiver at 82bf889ac501:8080:> Authentication Token is invalid for ip: 172.19.0.1
[14/06/23 20:07:20:012 UTC]  INFO pusher.AuthCredentialPushPublishUtil: Is JWT in Push publish avaible?: false
[14/06/23 20:07:20:012 UTC]  INFO pusher.AuthCredentialPushPublishUtil: PublishingEndPoint: null
[14/06/23 20:07:20:012 UTC]  WARN pusher.PushPublisher: Endpoint or endpoint key is null:null
[14/06/23 20:07:20:012 UTC]  INFO pusher.AuthCredentialPushPublishUtil: PublishingEndPoint key: Optional.empty
[14/06/23 20:07:20:012 UTC] ERROR rest.IntegrityResource: Receiver at 82bf889ac501:8080:> Authentication Token is invalid for ip: 172.19.0.1
[14/06/23 20:07:23:778 UTC]  INFO util.SecurityLogger: class com.dotcms.cms.login.LoginServiceAPIFactory$LoginServiceImpl : User dotcms.org.1 has successfully login from IP: 172.19.0.1 -- ip:172.19.0.1,user:Admin User [ID: dotcms.org.1][email:admin@dotcms.com]
[14/06/23 20:07:23:860 UTC] ERROR rest.BundlePublisherResource: Push Publishing failed from 172.19.0.1 bundle expected
[14/06/23 20:07:23:894 UTC]  INFO pusher.AuthCredentialPushPublishUtil: Is JWT in Push publish avaible?: false
[14/06/23 20:07:23:894 UTC]  INFO pusher.AuthCredentialPushPublishUtil: PublishingEndPoint: null
[14/06/23 20:07:23:894 UTC]  WARN pusher.PushPublisher: Endpoint or endpoint key is null:null
[14/06/23 20:07:23:894 UTC]  INFO pusher.AuthCredentialPushPublishUtil: PublishingEndPoint key: Optional.empty
[14/06/23 20:07:23:894 UTC] ERROR rest.IntegrityResource: Receiver at 82bf889ac501:8080:> Authentication Token is invalid for ip: 172.19.0.1
[14/06/23 20:07:28:807 UTC]  INFO util.SecurityLogger: class com.dotcms.cms.login.LoginServiceAPIFactory$LoginServiceImpl : User dotcms.org.1 has successfully login from IP: 172.19.0.1 -- ip:172.19.0.1,user:Admin User [ID: dotcms.org.1][email:admin@dotcms.com]
[14/06/23 20:07:31:886 UTC]  INFO util.SecurityLogger: class com.dotmarketing.cms.login.factories.LoginFactory : User admin@dotcms.com has sucessfully logged in from IP: 172.19.0.1 -- ip:172.19.0.1,user:Admin User [ID: dotcms.org.1][email:admin@dotcms.com]
[14/06/23 20:07:34:936 UTC]  INFO util.SecurityLogger: class com.dotmarketing.cms.login.factories.LoginFactory : User admin@dotcms.com has sucessfully logged in from IP: 172.19.0.1 -- ip:172.19.0.1,user:Admin User [ID: dotcms.org.1][email:admin@dotcms.com]
[14/06/23 20:07:35:189 UTC]  INFO publishing.PublisherAPIImpl: Push Publishing Filters Directory: Lazy(/data/shared/assets/server/publishing-filters)
[14/06/23 20:07:35:189 UTC]  INFO publishing.PublisherAPIImpl: Loading Push Publish Filter: ShallowPush.yml
[14/06/23 20:07:35:191 UTC]  INFO publishing.PublisherAPIImpl: FilterDescriptor{key=ShallowPush.yml, title=Only Selected Items, sort=5, default=false, roles=DOTCMS_BACK_END_USER, filters{{excludeQuery=, excludeClasses=[], dependencies=false, excludeDependencyQuery=, excludeDependencyClasses=[], forcePush=false, relationships=false}}}
[14/06/23 20:07:35:191 UTC]  INFO publishing.PublisherAPIImpl: Loading Push Publish Filter: NoWorkflow.yml
[14/06/23 20:07:35:198 UTC]  INFO publishing.PublisherAPIImpl: FilterDescriptor{key=NoWorkflow.yml, title=Push without Wofklows, sort=1000, default=false, roles=DOTCMS_BACK_END_USER, filters{{excludeQuery=, excludeClasses=[Host, Workflow, OSGI], dependencies=true, excludeDependencyQuery=, excludeDependencyClasses=[Host, Workflow], forcePush=false, relationships=false}}}
[14/06/23 20:07:35:198 UTC]  INFO publishing.PublisherAPIImpl: Loading Push Publish Filter: Intelligent.yml
[14/06/23 20:07:35:199 UTC]  INFO publishing.PublisherAPIImpl: FilterDescriptor{key=Intelligent.yml, title=Everything and Dependencies, sort=3, default=true, roles=DOTCMS_BACK_END_USER, filters{{excludeQuery=, excludeClasses=[], dependencies=true, excludeDependencyQuery=, excludeDependencyClasses=[], forcePush=false, relationships=true}}}
[14/06/23 20:07:35:200 UTC]  INFO publishing.PublisherAPIImpl: Loading Push Publish Filter: ForcePush.yml
[14/06/23 20:07:35:201 UTC]  INFO publishing.PublisherAPIImpl: FilterDescriptor{key=ForcePush.yml, title=Force Push Everything, sort=4, default=false, roles=DOTCMS_BACK_END_USER, filters{{excludeQuery=, excludeClasses=[], dependencies=true, excludeDependencyQuery=, excludeDependencyClasses=[], forcePush=true, relationships=true}}}
[14/06/23 20:07:35:201 UTC]  INFO publishing.PublisherAPIImpl: Loading Push Publish Filter: ContentOnly.yml
[14/06/23 20:07:35:207 UTC]  INFO publishing.PublisherAPIImpl: FilterDescriptor{key=ContentOnly.yml, title=Content and Relationships, sort=1, default=false, roles=DOTCMS_BACK_END_USER, filters{{excludeQuery=, excludeClasses=[ContentType, Template, Containers, Folder, Host, Links, Workflow, Language, Rule, User, OSGI], dependencies=true, excludeDependencyQuery=, excludeDependencyClasses=[ContentType, Template, Containers, Folder, Host, Links, Workflow, Language, Rule], forcePush=false, relationships=true}}}
[14/06/23 20:07:35:207 UTC]  INFO publishing.PublisherAPIImpl: Loading Push Publish Filter: WebContentOnly.yml
[14/06/23 20:07:35:209 UTC]  INFO publishing.PublisherAPIImpl: FilterDescriptor{key=WebContentOnly.yml, title=Content, Assets and Pages, sort=2, default=false, roles=DOTCMS_BACK_END_USER, filters{{excludeQuery=, excludeClasses=[Host, Workflow, ContentType, User, OSGI, Language], dependencies=true, excludeDependencyQuery=, excludeDependencyClasses=[Host, Workflow, ContentType, Language], forcePush=false, relationships=true}}}
[14/06/23 20:07:38:255 UTC]  INFO util.SecurityLogger: class com.dotmarketing.cms.login.factories.LoginFactory : User admin@dotcms.com has sucessfully logged in from IP: 172.19.0.1 -- ip:172.19.0.1,user:Admin User [ID: dotcms.org.1][email:admin@dotcms.com]
[14/06/23 20:07:38:267 UTC]  INFO publishing.PublisherAPIImpl: Push Publishing Filters Directory: Lazy(/data/shared/assets/server/publishing-filters)
[14/06/23 20:07:38:267 UTC]  INFO publishing.PublisherAPIImpl: Loading Push Publish Filter: ShallowPush.yml
[14/06/23 20:07:38:270 UTC]  INFO publishing.PublisherAPIImpl: FilterDescriptor{key=ShallowPush.yml, title=Only Selected Items, sort=5, default=false, roles=DOTCMS_BACK_END_USER, filters{{excludeQuery=, excludeClasses=[], dependencies=false, excludeDependencyQuery=, excludeDependencyClasses=[], forcePush=false, relationships=false}}}
[14/06/23 20:07:38:270 UTC]  INFO publishing.PublisherAPIImpl: Loading Push Publish Filter: NoWorkflow.yml
[14/06/23 20:07:38:275 UTC]  INFO publishing.PublisherAPIImpl: FilterDescriptor{key=NoWorkflow.yml, title=Push without Wofklows, sort=1000, default=false, roles=DOTCMS_BACK_END_USER, filters{{excludeQuery=, excludeClasses=[Host, Workflow, OSGI], dependencies=true, excludeDependencyQuery=, excludeDependencyClasses=[Host, Workflow], forcePush=false, relationships=false}}}
[14/06/23 20:07:38:276 UTC]  INFO publishing.PublisherAPIImpl: Loading Push Publish Filter: Intelligent.yml
[14/06/23 20:07:38:277 UTC]  INFO publishing.PublisherAPIImpl: FilterDescriptor{key=Intelligent.yml, title=Everything and Dependencies, sort=3, default=true, roles=DOTCMS_BACK_END_USER, filters{{excludeQuery=, excludeClasses=[], dependencies=true, excludeDependencyQuery=, excludeDependencyClasses=[], forcePush=false, relationships=true}}}
[14/06/23 20:07:38:277 UTC]  INFO publishing.PublisherAPIImpl: Loading Push Publish Filter: ForcePush.yml
[14/06/23 20:07:38:278 UTC]  INFO publishing.PublisherAPIImpl: FilterDescriptor{key=ForcePush.yml, title=Force Push Everything, sort=4, default=false, roles=DOTCMS_BACK_END_USER, filters{{excludeQuery=, excludeClasses=[], dependencies=true, excludeDependencyQuery=, excludeDependencyClasses=[], forcePush=true, relationships=true}}}
[14/06/23 20:07:38:280 UTC]  INFO publishing.PublisherAPIImpl: Loading Push Publish Filter: TestPPFilter.yml
[14/06/23 20:07:38:281 UTC]  INFO publishing.PublisherAPIImpl: FilterDescriptor{key=TestPPFilter.yml, title=Force Push Everything, sort=20, default=false, roles=DOTCMS_BACK_END_USER, filters{{excludeQuery=, excludeClasses=[], dependencies=true, excludeDependencyQuery=, excludeDependencyClasses=[], forcePush=true, relationships=true}}}
[14/06/23 20:07:38:281 UTC]  INFO publishing.PublisherAPIImpl: Loading Push Publish Filter: ContentOnly.yml
[14/06/23 20:07:38:282 UTC]  INFO publishing.PublisherAPIImpl: FilterDescriptor{key=ContentOnly.yml, title=Content and Relationships, sort=1, default=false, roles=DOTCMS_BACK_END_USER, filters{{excludeQuery=, excludeClasses=[ContentType, Template, Containers, Folder, Host, Links, Workflow, Language, Rule, User, OSGI], dependencies=true, excludeDependencyQuery=, excludeDependencyClasses=[ContentType, Template, Containers, Folder, Host, Links, Workflow, Language, Rule], forcePush=false, relationships=true}}}
[14/06/23 20:07:38:283 UTC]  INFO publishing.PublisherAPIImpl: Loading Push Publish Filter: WebContentOnly.yml
[14/06/23 20:07:38:284 UTC]  INFO publishing.PublisherAPIImpl: FilterDescriptor{key=WebContentOnly.yml, title=Content, Assets and Pages, sort=2, default=false, roles=DOTCMS_BACK_END_USER, filters{{excludeQuery=, excludeClasses=[Host, Workflow, ContentType, User, OSGI, Language], dependencies=true, excludeDependencyQuery=, excludeDependencyClasses=[Host, Workflow, ContentType, Language], forcePush=false, relationships=true}}}
[14/06/23 20:07:41:326 UTC]  INFO util.SecurityLogger: class com.dotmarketing.cms.login.factories.LoginFactory : User admin@dotcms.com has sucessfully logged in from IP: 172.19.0.1 -- ip:172.19.0.1,user:Admin User [ID: dotcms.org.1][email:admin@dotcms.com]
[14/06/23 20:07:41:340 UTC]  INFO publishing.PublisherAPIImpl: Push Publishing Filters Directory: Lazy(/data/shared/assets/server/publishing-filters)
[14/06/23 20:07:41:341 UTC]  INFO publishing.PublisherAPIImpl: Loading Push Publish Filter: ShallowPush.yml
[14/06/23 20:07:41:345 UTC]  INFO publishing.PublisherAPIImpl: FilterDescriptor{key=ShallowPush.yml, title=Only Selected Items, sort=5, default=false, roles=DOTCMS_BACK_END_USER, filters{{excludeQuery=, excludeClasses=[], dependencies=false, excludeDependencyQuery=, excludeDependencyClasses=[], forcePush=false, relationships=false}}}
[14/06/23 20:07:41:346 UTC]  INFO publishing.PublisherAPIImpl: Loading Push Publish Filter: NoWorkflow.yml
[14/06/23 20:07:41:347 UTC]  INFO publishing.PublisherAPIImpl: FilterDescriptor{key=NoWorkflow.yml, title=Push without Wofklows Updated., sort=0, default=false, roles=DOTCMS_BACK_END_USER, filters{{excludeQuery=, excludeClasses=[Host, Workflow, OSGI], dependencies=true, excludeDependencyQuery=, excludeDependencyClasses=[Host, Workflow], forcePush=false, relationships=false}}}
[14/06/23 20:07:41:347 UTC]  INFO publishing.PublisherAPIImpl: Loading Push Publish Filter: Intelligent.yml
[14/06/23 20:07:41:348 UTC]  INFO publishing.PublisherAPIImpl: FilterDescriptor{key=Intelligent.yml, title=Everything and Dependencies, sort=3, default=true, roles=DOTCMS_BACK_END_USER, filters{{excludeQuery=, excludeClasses=[], dependencies=true, excludeDependencyQuery=, excludeDependencyClasses=[], forcePush=false, relationships=true}}}
[14/06/23 20:07:41:349 UTC]  INFO publishing.PublisherAPIImpl: Loading Push Publish Filter: ForcePush.yml
[14/06/23 20:07:41:350 UTC]  INFO publishing.PublisherAPIImpl: FilterDescriptor{key=ForcePush.yml, title=Force Push Everything, sort=4, default=false, roles=DOTCMS_BACK_END_USER, filters{{excludeQuery=, excludeClasses=[], dependencies=true, excludeDependencyQuery=, excludeDependencyClasses=[], forcePush=true, relationships=true}}}
[14/06/23 20:07:41:350 UTC]  INFO publishing.PublisherAPIImpl: Loading Push Publish Filter: TestPPFilter.yml
[14/06/23 20:07:41:351 UTC]  INFO publishing.PublisherAPIImpl: FilterDescriptor{key=TestPPFilter.yml, title=Force Push Everything, sort=20, default=false, roles=DOTCMS_BACK_END_USER, filters{{excludeQuery=, excludeClasses=[], dependencies=true, excludeDependencyQuery=, excludeDependencyClasses=[], forcePush=true, relationships=true}}}
[14/06/23 20:07:41:352 UTC]  INFO publishing.PublisherAPIImpl: Loading Push Publish Filter: ContentOnly.yml
[14/06/23 20:07:41:353 UTC]  INFO publishing.PublisherAPIImpl: FilterDescriptor{key=ContentOnly.yml, title=Content and Relationships, sort=1, default=false, roles=DOTCMS_BACK_END_USER, filters{{excludeQuery=, excludeClasses=[ContentType, Template, Containers, Folder, Host, Links, Workflow, Language, Rule, User, OSGI], dependencies=true, excludeDependencyQuery=, excludeDependencyClasses=[ContentType, Template, Containers, Folder, Host, Links, Workflow, Language, Rule], forcePush=false, relationships=true}}}
[14/06/23 20:07:41:354 UTC]  INFO publishing.PublisherAPIImpl: Loading Push Publish Filter: WebContentOnly.yml
[14/06/23 20:07:41:360 UTC]  INFO publishing.PublisherAPIImpl: FilterDescriptor{key=WebContentOnly.yml, title=Content, Assets and Pages, sort=2, default=false, roles=DOTCMS_BACK_END_USER, filters{{excludeQuery=, excludeClasses=[Host, Workflow, ContentType, User, OSGI, Language], dependencies=true, excludeDependencyQuery=, excludeDependencyClasses=[Host, Workflow, ContentType, Language], forcePush=false, relationships=true}}}
[14/06/23 20:07:44:412 UTC]  INFO util.SecurityLogger: class com.dotmarketing.cms.login.factories.LoginFactory : User admin@dotcms.com has sucessfully logged in from IP: 172.19.0.1 -- ip:172.19.0.1,user:Admin User [ID: dotcms.org.1][email:admin@dotcms.com]
[14/06/23 20:07:44:417 UTC]  INFO publishing.PublisherAPIImpl: Push Publishing Filters Directory: Lazy(/data/shared/assets/server/publishing-filters)
[14/06/23 20:07:44:418 UTC]  INFO publishing.PublisherAPIImpl: Loading Push Publish Filter: ShallowPush.yml
[14/06/23 20:07:44:419 UTC]  INFO publishing.PublisherAPIImpl: FilterDescriptor{key=ShallowPush.yml, title=Only Selected Items, sort=5, default=false, roles=DOTCMS_BACK_END_USER, filters{{excludeQuery=, excludeClasses=[], dependencies=false, excludeDependencyQuery=, excludeDependencyClasses=[], forcePush=false, relationships=false}}}
[14/06/23 20:07:44:419 UTC]  INFO publishing.PublisherAPIImpl: Loading Push Publish Filter: NoWorkflow.yml
[14/06/23 20:07:44:420 UTC]  INFO publishing.PublisherAPIImpl: FilterDescriptor{key=NoWorkflow.yml, title=Push without Wofklows Updated., sort=0, default=false, roles=DOTCMS_BACK_END_USER, filters{{excludeQuery=, excludeClasses=[Host, Workflow, OSGI], dependencies=true, excludeDependencyQuery=, excludeDependencyClasses=[Host, Workflow], forcePush=false, relationships=false}}}
[14/06/23 20:07:44:420 UTC]  INFO publishing.PublisherAPIImpl: Loading Push Publish Filter: Intelligent.yml
[14/06/23 20:07:44:422 UTC]  INFO publishing.PublisherAPIImpl: FilterDescriptor{key=Intelligent.yml, title=Everything and Dependencies, sort=3, default=true, roles=DOTCMS_BACK_END_USER, filters{{excludeQuery=, excludeClasses=[], dependencies=true, excludeDependencyQuery=, excludeDependencyClasses=[], forcePush=false, relationships=true}}}
[14/06/23 20:07:44:422 UTC]  INFO publishing.PublisherAPIImpl: Loading Push Publish Filter: ForcePush.yml
[14/06/23 20:07:44:425 UTC]  INFO publishing.PublisherAPIImpl: FilterDescriptor{key=ForcePush.yml, title=Force Push Everything, sort=4, default=false, roles=DOTCMS_BACK_END_USER, filters{{excludeQuery=, excludeClasses=[], dependencies=true, excludeDependencyQuery=, excludeDependencyClasses=[], forcePush=true, relationships=true}}}
[14/06/23 20:07:44:425 UTC]  INFO publishing.PublisherAPIImpl: Loading Push Publish Filter: TestPPFilter.yml
[14/06/23 20:07:44:426 UTC]  INFO publishing.PublisherAPIImpl: FilterDescriptor{key=TestPPFilter.yml, title=Force Push Everything, sort=20, default=false, roles=DOTCMS_BACK_END_USER, filters{{excludeQuery=, excludeClasses=[], dependencies=true, excludeDependencyQuery=, excludeDependencyClasses=[], forcePush=true, relationships=true}}}
[14/06/23 20:07:44:426 UTC]  INFO publishing.PublisherAPIImpl: Loading Push Publish Filter: ContentOnly.yml
[14/06/23 20:07:44:427 UTC]  INFO publishing.PublisherAPIImpl: FilterDescriptor{key=ContentOnly.yml, title=Content and Relationships, sort=1, default=false, roles=DOTCMS_BACK_END_USER, filters{{excludeQuery=, excludeClasses=[ContentType, Template, Containers, Folder, Host, Links, Workflow, Language, Rule, User, OSGI], dependencies=true, excludeDependencyQuery=, excludeDependencyClasses=[ContentType, Template, Containers, Folder, Host, Links, Workflow, Language, Rule], forcePush=false, relationships=true}}}
[14/06/23 20:07:44:427 UTC]  INFO publishing.PublisherAPIImpl: Loading Push Publish Filter: WebContentOnly.yml
[14/06/23 20:07:44:427 UTC]  INFO publishing.PublisherAPIImpl: FilterDescriptor{key=WebContentOnly.yml, title=Content, Assets and Pages, sort=2, default=false, roles=DOTCMS_BACK_END_USER, filters{{excludeQuery=, excludeClasses=[Host, Workflow, ContentType, User, OSGI, Language], dependencies=true, excludeDependencyQuery=, excludeDependencyClasses=[Host, Workflow, ContentType, Language], forcePush=false, relationships=true}}}
[14/06/23 20:07:47:472 UTC]  INFO util.SecurityLogger: class com.dotmarketing.cms.login.factories.LoginFactory : User admin@dotcms.com has sucessfully logged in from IP: 172.19.0.1 -- ip:172.19.0.1,user:Admin User [ID: dotcms.org.1][email:admin@dotcms.com]
[14/06/23 20:07:50:521 UTC]  INFO util.SecurityLogger: class com.dotmarketing.cms.login.factories.LoginFactory : User admin@dotcms.com has sucessfully logged in from IP: 172.19.0.1 -- ip:172.19.0.1,user:Admin User [ID: dotcms.org.1][email:admin@dotcms.com]
[14/06/23 20:07:50:533 UTC]  INFO publishing.PublisherAPIImpl: Push Publishing Filters Directory: Lazy(/data/shared/assets/server/publishing-filters)
[14/06/23 20:07:50:534 UTC]  INFO publishing.PublisherAPIImpl: Loading Push Publish Filter: ShallowPush.yml
[14/06/23 20:07:50:535 UTC]  INFO publishing.PublisherAPIImpl: FilterDescriptor{key=ShallowPush.yml, title=Only Selected Items, sort=5, default=false, roles=DOTCMS_BACK_END_USER, filters{{excludeQuery=, excludeClasses=[], dependencies=false, excludeDependencyQuery=, excludeDependencyClasses=[], forcePush=false, relationships=false}}}
[14/06/23 20:07:50:535 UTC]  INFO publishing.PublisherAPIImpl: Loading Push Publish Filter: Intelligent.yml
[14/06/23 20:07:50:536 UTC]  INFO publishing.PublisherAPIImpl: FilterDescriptor{key=Intelligent.yml, title=Everything and Dependencies, sort=3, default=true, roles=DOTCMS_BACK_END_USER, filters{{excludeQuery=, excludeClasses=[], dependencies=true, excludeDependencyQuery=, excludeDependencyClasses=[], forcePush=false, relationships=true}}}
[14/06/23 20:07:50:537 UTC]  INFO publishing.PublisherAPIImpl: Loading Push Publish Filter: ForcePush.yml
[14/06/23 20:07:50:538 UTC]  INFO publishing.PublisherAPIImpl: FilterDescriptor{key=ForcePush.yml, title=Force Push Everything, sort=4, default=false, roles=DOTCMS_BACK_END_USER, filters{{excludeQuery=, excludeClasses=[], dependencies=true, excludeDependencyQuery=, excludeDependencyClasses=[], forcePush=true, relationships=true}}}
[14/06/23 20:07:50:538 UTC]  INFO publishing.PublisherAPIImpl: Loading Push Publish Filter: TestPPFilter.yml
[14/06/23 20:07:50:539 UTC]  INFO publishing.PublisherAPIImpl: FilterDescriptor{key=TestPPFilter.yml, title=Force Push Everything, sort=20, default=false, roles=DOTCMS_BACK_END_USER, filters{{excludeQuery=, excludeClasses=[], dependencies=true, excludeDependencyQuery=, excludeDependencyClasses=[], forcePush=true, relationships=true}}}
[14/06/23 20:07:50:540 UTC]  INFO publishing.PublisherAPIImpl: Loading Push Publish Filter: ContentOnly.yml
[14/06/23 20:07:50:542 UTC]  INFO publishing.PublisherAPIImpl: FilterDescriptor{key=ContentOnly.yml, title=Content and Relationships, sort=1, default=false, roles=DOTCMS_BACK_END_USER, filters{{excludeQuery=, excludeClasses=[ContentType, Template, Containers, Folder, Host, Links, Workflow, Language, Rule, User, OSGI], dependencies=true, excludeDependencyQuery=, excludeDependencyClasses=[ContentType, Template, Containers, Folder, Host, Links, Workflow, Language, Rule], forcePush=false, relationships=true}}}
[14/06/23 20:07:50:542 UTC]  INFO publishing.PublisherAPIImpl: Loading Push Publish Filter: WebContentOnly.yml
[14/06/23 20:07:50:543 UTC]  INFO publishing.PublisherAPIImpl: FilterDescriptor{key=WebContentOnly.yml, title=Content, Assets and Pages, sort=2, default=false, roles=DOTCMS_BACK_END_USER, filters{{excludeQuery=, excludeClasses=[Host, Workflow, ContentType, User, OSGI, Language], dependencies=true, excludeDependencyQuery=, excludeDependencyClasses=[Host, Workflow, ContentType, Language], forcePush=false, relationships=true}}}
[14/06/23 20:07:53:588 UTC]  INFO util.SecurityLogger: class com.dotmarketing.cms.login.factories.LoginFactory : User admin@dotcms.com has sucessfully logged in from IP: 172.19.0.1 -- ip:172.19.0.1,user:Admin User [ID: dotcms.org.1][email:admin@dotcms.com]
[14/06/23 20:07:53:593 UTC]  INFO publishing.PublisherAPIImpl: Push Publishing Filters Directory: Lazy(/data/shared/assets/server/publishing-filters)
[14/06/23 20:07:53:594 UTC]  INFO publishing.PublisherAPIImpl: Loading Push Publish Filter: ShallowPush.yml
[14/06/23 20:07:53:596 UTC]  INFO publishing.PublisherAPIImpl: FilterDescriptor{key=ShallowPush.yml, title=Only Selected Items, sort=5, default=false, roles=DOTCMS_BACK_END_USER, filters{{excludeQuery=, excludeClasses=[], dependencies=false, excludeDependencyQuery=, excludeDependencyClasses=[], forcePush=false, relationships=false}}}
[14/06/23 20:07:53:596 UTC]  INFO publishing.PublisherAPIImpl: Loading Push Publish Filter: Intelligent.yml
[14/06/23 20:07:53:597 UTC]  INFO publishing.PublisherAPIImpl: FilterDescriptor{key=Intelligent.yml, title=Everything and Dependencies, sort=3, default=true, roles=DOTCMS_BACK_END_USER, filters{{excludeQuery=, excludeClasses=[], dependencies=true, excludeDependencyQuery=, excludeDependencyClasses=[], forcePush=false, relationships=true}}}
[14/06/23 20:07:53:598 UTC]  INFO publishing.PublisherAPIImpl: Loading Push Publish Filter: ForcePush.yml
[14/06/23 20:07:53:598 UTC]  INFO publishing.PublisherAPIImpl: FilterDescriptor{key=ForcePush.yml, title=Force Push Everything, sort=4, default=false, roles=DOTCMS_BACK_END_USER, filters{{excludeQuery=, excludeClasses=[], dependencies=true, excludeDependencyQuery=, excludeDependencyClasses=[], forcePush=true, relationships=true}}}
[14/06/23 20:07:53:599 UTC]  INFO publishing.PublisherAPIImpl: Loading Push Publish Filter: ContentOnly.yml
[14/06/23 20:07:53:600 UTC]  INFO publishing.PublisherAPIImpl: FilterDescriptor{key=ContentOnly.yml, title=Content and Relationships, sort=1, default=false, roles=DOTCMS_BACK_END_USER, filters{{excludeQuery=, excludeClasses=[ContentType, Template, Containers, Folder, Host, Links, Workflow, Language, Rule, User, OSGI], dependencies=true, excludeDependencyQuery=, excludeDependencyClasses=[ContentType, Template, Containers, Folder, Host, Links, Workflow, Language, Rule], forcePush=false, relationships=true}}}
[14/06/23 20:07:53:600 UTC]  INFO publishing.PublisherAPIImpl: Loading Push Publish Filter: WebContentOnly.yml
[14/06/23 20:07:53:601 UTC]  INFO publishing.PublisherAPIImpl: FilterDescriptor{key=WebContentOnly.yml, title=Content, Assets and Pages, sort=2, default=false, roles=DOTCMS_BACK_END_USER, filters{{excludeQuery=, excludeClasses=[Host, Workflow, ContentType, User, OSGI, Language], dependencies=true, excludeDependencyQuery=, excludeDependencyClasses=[Host, Workflow, ContentType, Language], forcePush=false, relationships=true}}}
