[16/06/23 15:57:00:985 UTC]  INFO loggers.Log4jUtil: Async Logger enabled: true
[16/06/23 15:57:00:987 UTC]  INFO listeners.ContextLifecycleListener: Installing the web socket
[16/06/23 15:57:02:086 UTC]  INFO business.CacheLocator: loading cache administrator: ChainableCacheAdministratorImpl
[16/06/23 15:57:02:660 UTC]  INFO db.DataSourceStrategyProvider: Datasource loaded using custom class com.dotmarketing.db.SystemEnvDataSourceStrategy
[16/06/23 15:57:02:675 UTC]  INFO cfg.Environment: Hibernate 2.1.8
[16/06/23 15:57:02:675 UTC]  INFO cfg.Environment: hibernate.properties not found
[16/06/23 15:57:02:677 UTC]  INFO cfg.Environment: using CGLIB reflection optimizer
[16/06/23 15:57:02:679 UTC]  INFO cfg.Environment: using JDK 1.4 java.sql.Timestamp handling
[16/06/23 15:57:02:681 UTC]  INFO cfg.Configuration: configuring from resource: /hibernate.cfg.xml
[16/06/23 15:57:02:681 UTC]  INFO cfg.Configuration: Configuration resource: /hibernate.cfg.xml
[16/06/23 15:57:02:727 UTC]  INFO cfg.Configuration: Configured SessionFactory: null
[16/06/23 15:57:02:727 UTC]  INFO cfg.Configuration: Mapping resource: META-INF/portal-hbm.xml
[16/06/23 15:57:02:764 UTC]  INFO cfg.Binder: Mapping class: com.liferay.portal.ejb.AddressHBM -> Address
[16/06/23 15:57:02:836 UTC]  INFO cfg.Binder: Mapping class: com.liferay.portal.ejb.CompanyHBM -> Company
[16/06/23 15:57:02:843 UTC]  INFO cfg.Binder: Mapping class: com.liferay.portal.ejb.ImageHBM -> Image
[16/06/23 15:57:02:845 UTC]  INFO cfg.Binder: Mapping class: com.liferay.portal.ejb.PasswordTrackerHBM -> PasswordTracker
[16/06/23 15:57:02:848 UTC]  INFO cfg.Binder: Mapping class: com.liferay.portal.ejb.UserHBM -> User_
[16/06/23 15:57:02:852 UTC]  INFO cfg.Binder: Mapping class: com.liferay.portal.ejb.UserTrackerHBM -> UserTracker
[16/06/23 15:57:02:854 UTC]  INFO cfg.Binder: Mapping class: com.liferay.portal.ejb.UserTrackerPathHBM -> UserTrackerPath
[16/06/23 15:57:02:855 UTC]  INFO cfg.Binder: Mapping class: com.liferay.portlet.admin.ejb.AdminConfigHBM -> AdminConfig
[16/06/23 15:57:02:856 UTC]  INFO cfg.Configuration: Mapping resource: com/dotmarketing/beans/DotCMSSeq.hbm.xml
[16/06/23 15:57:02:878 UTC]  INFO cfg.Binder: Mapping class: com.dotmarketing.beans.Inode -> inode
[16/06/23 15:57:02:902 UTC]  INFO cfg.Binder: Mapping joined-subclass: com.dotmarketing.portlets.containers.model.Container -> dot_containers
[16/06/23 15:57:02:911 UTC]  INFO cfg.Binder: Mapping joined-subclass: com.dotmarketing.portlets.links.model.Link -> links
[16/06/23 15:57:02:916 UTC]  INFO cfg.Binder: Mapping joined-subclass: com.dotmarketing.portlets.structure.model.Field -> field
[16/06/23 15:57:02:926 UTC]  INFO cfg.Binder: Mapping class: com.dotmarketing.portlets.workflows.model.WorkflowTask -> workflow_task
[16/06/23 15:57:02:929 UTC]  INFO cfg.Binder: Mapping class: com.dotmarketing.portlets.workflows.model.WorkflowComment -> workflow_comment
[16/06/23 15:57:02:931 UTC]  INFO cfg.Binder: Mapping class: com.dotmarketing.portlets.workflows.model.WorkflowHistory -> workflow_history
[16/06/23 15:57:02:932 UTC]  INFO cfg.Binder: Mapping class: com.dotmarketing.portlets.workflows.model.WorkFlowTaskFiles -> workflowtask_files
[16/06/23 15:57:02:935 UTC]  INFO cfg.Binder: Mapping class: com.dotmarketing.beans.Permission -> permission
[16/06/23 15:57:02:937 UTC]  INFO cfg.Binder: Mapping class: com.dotmarketing.beans.PermissionReference -> permission_reference
[16/06/23 15:57:02:938 UTC]  INFO cfg.Binder: Mapping class: com.dotmarketing.beans.Tree -> tree
[16/06/23 15:57:03:134 UTC]  INFO cfg.Binder: Mapping class: com.dotmarketing.beans.MultiTree -> multi_tree
[16/06/23 15:57:03:175 UTC]  INFO util.ReflectHelper: reflection optimizer disabled for: com.dotmarketing.beans.MultiTree, BulkBeanException: Index 1 out of bounds for length 0 (property setParent1)
[16/06/23 15:57:03:177 UTC]  INFO cfg.Binder: Mapping class: com.dotmarketing.beans.Clickstream -> clickstream
[16/06/23 15:57:03:191 UTC]  INFO cfg.Binder: Mapping class: com.dotmarketing.beans.ClickstreamRequest -> clickstream_request
[16/06/23 15:57:03:195 UTC]  INFO cfg.Binder: Mapping class: com.dotmarketing.beans.Clickstream404 -> clickstream_404
[16/06/23 15:57:03:206 UTC]  INFO cfg.Binder: Mapping class: com.dotmarketing.tag.model.Tag -> tag
[16/06/23 15:57:03:208 UTC]  INFO cfg.Binder: Mapping class: com.dotmarketing.tag.model.TagInode -> tag_inode
[16/06/23 15:57:03:257 UTC]  INFO cfg.Binder: Mapping class: com.dotmarketing.beans.ChallengeQuestion -> challenge_question
[16/06/23 15:57:03:259 UTC]  INFO cfg.Binder: Mapping class: com.dotmarketing.beans.UsersToDelete -> users_to_delete
[16/06/23 15:57:03:263 UTC]  INFO cfg.Binder: Mapping class: com.dotmarketing.plugin.model.Plugin -> plugin
[16/06/23 15:57:03:271 UTC]  INFO cfg.Binder: Mapping class: com.dotmarketing.business.Role -> cms_role
[16/06/23 15:57:03:274 UTC]  INFO cfg.Binder: Mapping class: com.dotmarketing.business.UsersRoles -> users_cms_roles
[16/06/23 15:57:03:276 UTC]  INFO cfg.Binder: Mapping class: com.dotmarketing.business.LayoutsRoles -> layouts_cms_roles
[16/06/23 15:57:03:278 UTC]  INFO cfg.Binder: Mapping class: com.dotmarketing.business.Layout -> cms_layout
[16/06/23 15:57:03:280 UTC]  INFO cfg.Binder: Mapping class: com.dotmarketing.business.PortletsLayouts -> cms_layouts_portlets
[16/06/23 15:57:03:282 UTC]  INFO cfg.Binder: Mapping class: com.dotmarketing.portlets.hostvariable.model.HostVariable -> host_variable
[16/06/23 15:57:03:285 UTC]  INFO cfg.Binder: Mapping class: com.dotmarketing.beans.FixAudit -> fixes_audit
[16/06/23 15:57:03:287 UTC]  INFO cfg.Binder: Mapping class: com.dotmarketing.beans.ContainerStructure -> container_structures
[16/06/23 15:57:03:294 UTC]  INFO cfg.Binder: Mapping class: com.dotmarketing.portlets.templates.model.TemplateVersionInfo -> template_version_info
[16/06/23 15:57:03:297 UTC]  INFO cfg.Binder: Mapping class: com.dotmarketing.portlets.containers.model.ContainerVersionInfo -> container_version_info
[16/06/23 15:57:03:300 UTC]  INFO cfg.Binder: Mapping class: com.dotmarketing.portlets.links.model.LinkVersionInfo -> link_version_info
[16/06/23 15:57:03:303 UTC]  INFO cfg.Configuration: Mapping resource: com/dotmarketing/beans/DotCMSSeq_NOSQLGEN.hbm.xml
[16/06/23 15:57:03:328 UTC]  INFO cfg.Binder: Mapping class: com.dotmarketing.plugin.model.PluginProperty -> plugin_property
[16/06/23 15:57:03:369 UTC]  INFO cfg.Configuration: processing one-to-many association mappings
[16/06/23 15:57:03:370 UTC]  INFO cfg.Binder: Mapping collection: com.dotmarketing.beans.Clickstream.clickstreamRequests -> clickstream_request
[16/06/23 15:57:03:371 UTC]  INFO cfg.Configuration: processing one-to-one association property references
[16/06/23 15:57:03:372 UTC]  INFO cfg.Configuration: processing foreign key constraints
[16/06/23 15:57:03:381 UTC]  INFO dialect.Dialect: Using dialect: com.dotcms.repackage.net.sf.hibernate.dialect.PostgreSQLDialect
[16/06/23 15:57:03:384 UTC]  INFO cfg.SettingsFactory: Use outer join fetching: true
[16/06/23 15:57:03:387 UTC]  WARN connection.UserSuppliedConnectionProvider: No connection properties specified - the user must supply JDBC connections
[16/06/23 15:57:03:389 UTC]  INFO transaction.TransactionManagerLookupFactory: No TransactionManagerLookup configured (in JTA environment, use of process level read-write cache is not recommended)
[16/06/23 15:57:03:391 UTC]  INFO cfg.SettingsFactory: Use scrollable result sets: true
[16/06/23 15:57:03:391 UTC]  INFO cfg.SettingsFactory: Use JDBC3 getGeneratedKeys(): false
[16/06/23 15:57:03:392 UTC]  INFO cfg.SettingsFactory: Optimize cache for minimal puts: false
[16/06/23 15:57:03:393 UTC]  INFO cfg.SettingsFactory: Query language substitutions: {}
[16/06/23 15:57:03:394 UTC]  INFO cfg.SettingsFactory: cache provider: com.dotmarketing.db.NoCacheProvider
[16/06/23 15:57:03:396 UTC]  INFO cfg.Configuration: instantiating and configuring caches
[16/06/23 15:57:03:405 UTC]  INFO impl.SessionFactoryImpl: building session factory
[16/06/23 15:57:03:468 UTC]  INFO util.ReflectHelper: reflection optimizer disabled for: com.dotmarketing.beans.MultiTree, BulkBeanException: Index 1 out of bounds for length 0 (property setTreeOrder)
[16/06/23 15:57:03:865 UTC]  INFO impl.SessionFactoryObjectFactory: Not binding factory to JNDI, no JNDI name configured
[16/06/23 15:57:04:075 UTC]  WARN license.LicenseManager: Cannot upsert License to db (every 120000 millis)
[16/06/23 15:57:04:078 UTC]  INFO servlets.InitServlet: 
[16/06/23 15:57:04:079 UTC]  INFO servlets.InitServlet:  * Copyright (c) 2023 dotCMS Inc. 
[16/06/23 15:57:04:080 UTC]  INFO servlets.InitServlet:  * This software, code and any modifications to the code are licensed under the terms of the dotCMS Enterprise License 
[16/06/23 15:57:04:082 UTC]  INFO servlets.InitServlet:  * which can be found here : https://www.github.com/dotCMS/core/LICENSE 
[16/06/23 15:57:04:082 UTC]  INFO servlets.InitServlet: 
[16/06/23 15:57:04:092 UTC]  INFO h22.H22Cache: Initing H22 cache db:0
[16/06/23 15:57:04:099 UTC]  INFO h22.H22Cache: Building new H22 Cache, db:0
[16/06/23 15:57:04:121 UTC]  INFO h22.H22HikariPool: H22 on disk cache:jdbc:h2:/data/local/dotsecure/h22cache/0/2023-06-16_15-57-04/cache;MVCC=TRUE;DB_CLOSE_ON_EXIT=FALSE
[16/06/23 15:57:04:386 UTC]  INFO h22.H22Cache: Initing H22 cache db:1
[16/06/23 15:57:04:388 UTC]  INFO h22.H22Cache: Building new H22 Cache, db:1
[16/06/23 15:57:04:389 UTC]  INFO h22.H22HikariPool: H22 on disk cache:jdbc:h2:/data/local/dotsecure/h22cache/1/2023-06-16_15-57-04/cache;MVCC=TRUE;DB_CLOSE_ON_EXIT=FALSE
[16/06/23 15:57:04:443 UTC]  INFO timedcache.TimedCacheProvider: ===== Initializing [Timed Cache Provider].
[16/06/23 15:57:04:445 UTC]  INFO timedcache.TimedCacheProvider: ***	 Cache Config Memory : esquerycache: 10000
[16/06/23 15:57:04:447 UTC]  INFO timedcache.TimedCacheProvider: ***	 Cache Config Memory : esquerycountcache: 10000
[16/06/23 15:57:04:448 UTC]  INFO timedcache.TimedCacheProvider: ***	 Cache Config Memory : graphqlquerycache: 5000
[16/06/23 15:57:04:449 UTC]  INFO timedcache.TimedCacheProvider: ***	 Cache Config Memory : default: 1000
[16/06/23 15:57:04:450 UTC]  INFO timedcache.TimedCacheProvider: ***	 Cache Config Memory : adminconfigpool: 100
[16/06/23 15:57:04:450 UTC]  INFO timedcache.TimedCacheProvider: ***	 Cache Config Memory : companypool: 10
[16/06/23 15:57:04:451 UTC]  INFO timedcache.TimedCacheProvider: ***	 Cache Config Memory : contentletcache: 5000
[16/06/23 15:57:04:452 UTC]  INFO timedcache.TimedCacheProvider: ***	 Cache Config Memory : categoryparentscache: 30000
[16/06/23 15:57:04:453 UTC]  INFO timedcache.TimedCacheProvider: ***	 Cache Config Memory : taginodecache: 50000
[16/06/23 15:57:04:454 UTC]  INFO timedcache.TimedCacheProvider: ***	 Cache Config Memory : taginodesbyinodecache: 50000
[16/06/23 15:57:04:455 UTC]  INFO timedcache.TimedCacheProvider: ***	 Cache Config Memory : tagcache: 50000
[16/06/23 15:57:04:457 UTC]  INFO timedcache.TimedCacheProvider: ***	 Cache Config Memory : csscache: 2500
[16/06/23 15:57:04:458 UTC]  INFO timedcache.TimedCacheProvider: ***	 Cache Config Memory : assetmetadatacache: 10000
[16/06/23 15:57:04:460 UTC]  INFO timedcache.TimedCacheProvider: ***	 Cache Config Memory : identifiercache: 50000
[16/06/23 15:57:04:461 UTC]  INFO timedcache.TimedCacheProvider: ***	 Cache Config Memory : identifier404cache: 30000
[16/06/23 15:57:04:463 UTC]  INFO timedcache.TimedCacheProvider: ***	 Cache Config Memory : indiciescache: 8
[16/06/23 15:57:04:466 UTC]  INFO timedcache.TimedCacheProvider: ***	 Cache Config Memory : logmappercache: 10
[16/06/23 15:57:04:467 UTC]  INFO timedcache.TimedCacheProvider: ***	 Cache Config Memory : navcache: 1000
[16/06/23 15:57:04:468 UTC]  INFO timedcache.TimedCacheProvider: ***	 Cache Config Memory : parentpermissionablecache: 10000
[16/06/23 15:57:04:468 UTC]  INFO timedcache.TimedCacheProvider: ***	 Cache Config Memory : permissioncache: 50000
[16/06/23 15:57:04:469 UTC]  INFO timedcache.TimedCacheProvider: ***	 Cache Config Memory : portletpool: 100
[16/06/23 15:57:04:470 UTC]  INFO timedcache.TimedCacheProvider: ***	 Cache Config Memory : publishingendpointcache: 100
[16/06/23 15:57:04:470 UTC]  INFO timedcache.TimedCacheProvider: ***	 Cache Config Memory : pushedassetscache: 5000
[16/06/23 15:57:04:471 UTC]  INFO timedcache.TimedCacheProvider: ***	 Cache Config Memory : templatecache: 500
[16/06/23 15:57:04:472 UTC]  INFO timedcache.TimedCacheProvider: ***	 Cache Config Memory : translatedquerycache: 5000
[16/06/23 15:57:04:473 UTC]  INFO timedcache.TimedCacheProvider: ***	 Cache Config Memory : versioncache: 50000
[16/06/23 15:57:04:473 UTC]  INFO timedcache.TimedCacheProvider: ***	 Cache Config Memory : versioninfocache: 50000
[16/06/23 15:57:04:474 UTC]  INFO timedcache.TimedCacheProvider: ***	 Cache Config Memory : workflowactioncache: 10000
[16/06/23 15:57:04:475 UTC]  INFO timedcache.TimedCacheProvider: ***	 Cache Config Memory : workflowtaskcache: 10000
[16/06/23 15:57:04:476 UTC]  INFO timedcache.TimedCacheProvider: ***	 Cache Config Memory : shortyidcache: 25000
[16/06/23 15:57:04:476 UTC]  INFO timedcache.TimedCacheProvider: ***	 Cache Config Memory : velocitycache: 5000
[16/06/23 15:57:04:477 UTC]  INFO timedcache.TimedCacheProvider: ***	 Cache Config Memory : vanityurldirectcache: 25000
[16/06/23 15:57:04:478 UTC]  INFO timedcache.TimedCacheProvider: ***	 Cache Config Memory : vanityurlsitecache: 5000
[16/06/23 15:57:05:061 UTC]  INFO servlet.VisitorFilter: VisitorLogger Filter Started
[16/06/23 15:57:05:543 UTC]  INFO util.SystemProperties: Loading file:/srv/dotserver/tomcat-9.0.60/webapps/ROOT/WEB-INF/classes/system.properties
[16/06/23 15:57:05:545 UTC]  INFO util.SystemProperties: Loading file:/srv/dotserver/tomcat-9.0.60/webapps/ROOT/WEB-INF/classes/system-ext.properties
[16/06/23 15:57:05:560 UTC]  INFO util.SystemProperties: Loading file:/srv/dotserver/tomcat-9.0.60/webapps/ROOT/WEB-INF/classes/system.properties
[16/06/23 15:57:05:560 UTC]  INFO util.SystemProperties: Loading file:/srv/dotserver/tomcat-9.0.60/webapps/ROOT/WEB-INF/classes/system-ext.properties
[16/06/23 15:57:06:275 UTC]  INFO util.PropsLoader: Loading file:/srv/dotserver/tomcat-9.0.60/webapps/ROOT/WEB-INF/classes/portal.properties
[16/06/23 15:57:06:277 UTC]  INFO util.PropsLoader: Loading file:/srv/dotserver/tomcat-9.0.60/webapps/ROOT/WEB-INF/classes/portal-ext.properties
[16/06/23 15:57:09:678 UTC]  INFO tiles.TilesPlugin: Tiles definition factory loaded for module ''.
[16/06/23 15:57:09:686 UTC]  INFO validator.ValidatorPlugIn: Loading validation rules file from '/WEB-INF/validator-rules.xml'
[16/06/23 15:57:09:688 UTC]  INFO validator.ValidatorPlugIn: Loading validation rules file from '/WEB-INF/validation.xml'
[16/06/23 15:57:09:856 UTC]  INFO util.RestHighLevelClientProvider: disabling String.intern() in Jackson
[16/06/23 15:57:09:859 UTC]  WARN util.DotRestHighLevelClientProvider: Elastic RestHighLevelClient will be initialized without certificates
[16/06/23 15:57:09:863 UTC]  INFO util.DotRestHighLevelClientProvider: Initializing Elastic RestHighLevelClient using Basic authentication
[16/06/23 15:57:09:871 UTC]  INFO util.DotRestHighLevelClientProvider: Initializing Elastic RestHighLevelClient using endpoints [
[16/06/23 15:57:09:872 UTC]  INFO util.DotRestHighLevelClientProvider:   - http://elasticsearch:9200
[16/06/23 15:57:09:872 UTC]  INFO util.DotRestHighLevelClientProvider: ]
[16/06/23 15:57:09:872 UTC]  WARN util.DotRestHighLevelClientProvider: Initializing Elastic RestHighLevelClient using an unsecured http connection
[16/06/23 15:57:10:338 UTC]  INFO util.DotRestHighLevelClientProvider: RestHighLevelClientProvider com.dotcms.content.elasticsearch.util.DotRestHighLevelClientProvider loaded successfully
[16/06/23 15:57:10:756 UTC]  INFO startup.StartupTasksExecutor: Running Startup Tasks
[16/06/23 15:57:10:928 UTC]  INFO runalways.Task00001LoadSchema: -------------------------------------------------------------------------------------
[16/06/23 15:57:10:929 UTC]  INFO runalways.Task00001LoadSchema: 
[16/06/23 15:57:10:930 UTC]  INFO runalways.Task00001LoadSchema: Empty dotCMS database found.  Loading initial dotCMS schema for PostgreSQL
[16/06/23 15:57:10:930 UTC]  INFO runalways.Task00001LoadSchema: 
[16/06/23 15:57:10:931 UTC]  INFO runalways.Task00001LoadSchema: -------------------------------------------------------------------------------------
[16/06/23 15:57:10:932 UTC]  INFO startup.StartupTasksExecutor: Running Startup Tasks : Task00001LoadSchema
[16/06/23 15:57:10:932 UTC]  INFO runalways.Task00001LoadSchema: Loading schema
[16/06/23 15:57:10:958 UTC]  INFO timedcache.TimedCacheProvider: ===== Initializing [Timed Cache Provider].
[16/06/23 15:57:10:959 UTC]  INFO timedcache.TimedCacheProvider: ***	 Cache Config Memory : esquerycache: 10000
[16/06/23 15:57:10:959 UTC]  INFO timedcache.TimedCacheProvider: ***	 Cache Config Memory : esquerycountcache: 10000
[16/06/23 15:57:10:961 UTC]  INFO timedcache.TimedCacheProvider: ***	 Cache Config Memory : graphqlquerycache: 5000
[16/06/23 15:57:10:962 UTC]  INFO timedcache.TimedCacheProvider: ***	 Cache Config Memory : default: 1000
[16/06/23 15:57:10:962 UTC]  INFO timedcache.TimedCacheProvider: ***	 Cache Config Memory : adminconfigpool: 100
[16/06/23 15:57:10:963 UTC]  INFO timedcache.TimedCacheProvider: ***	 Cache Config Memory : companypool: 10
[16/06/23 15:57:10:964 UTC]  INFO timedcache.TimedCacheProvider: ***	 Cache Config Memory : contentletcache: 5000
[16/06/23 15:57:10:966 UTC]  INFO timedcache.TimedCacheProvider: ***	 Cache Config Memory : categoryparentscache: 30000
[16/06/23 15:57:10:966 UTC]  INFO timedcache.TimedCacheProvider: ***	 Cache Config Memory : taginodecache: 50000
[16/06/23 15:57:10:967 UTC]  INFO timedcache.TimedCacheProvider: ***	 Cache Config Memory : taginodesbyinodecache: 50000
[16/06/23 15:57:10:968 UTC]  INFO timedcache.TimedCacheProvider: ***	 Cache Config Memory : tagcache: 50000
[16/06/23 15:57:10:969 UTC]  INFO timedcache.TimedCacheProvider: ***	 Cache Config Memory : csscache: 2500
[16/06/23 15:57:10:970 UTC]  INFO timedcache.TimedCacheProvider: ***	 Cache Config Memory : assetmetadatacache: 10000
[16/06/23 15:57:10:971 UTC]  INFO timedcache.TimedCacheProvider: ***	 Cache Config Memory : identifiercache: 50000
[16/06/23 15:57:10:971 UTC]  INFO timedcache.TimedCacheProvider: ***	 Cache Config Memory : identifier404cache: 30000
[16/06/23 15:57:10:974 UTC]  INFO timedcache.TimedCacheProvider: ***	 Cache Config Memory : indiciescache: 8
[16/06/23 15:57:10:976 UTC]  INFO timedcache.TimedCacheProvider: ***	 Cache Config Memory : logmappercache: 10
[16/06/23 15:57:10:976 UTC]  INFO timedcache.TimedCacheProvider: ***	 Cache Config Memory : navcache: 1000
[16/06/23 15:57:10:978 UTC]  INFO timedcache.TimedCacheProvider: ***	 Cache Config Memory : parentpermissionablecache: 10000
[16/06/23 15:57:10:979 UTC]  INFO timedcache.TimedCacheProvider: ***	 Cache Config Memory : permissioncache: 50000
[16/06/23 15:57:10:980 UTC]  INFO timedcache.TimedCacheProvider: ***	 Cache Config Memory : portletpool: 100
[16/06/23 15:57:10:981 UTC]  INFO timedcache.TimedCacheProvider: ***	 Cache Config Memory : publishingendpointcache: 100
[16/06/23 15:57:10:982 UTC]  INFO timedcache.TimedCacheProvider: ***	 Cache Config Memory : pushedassetscache: 5000
[16/06/23 15:57:10:983 UTC]  INFO timedcache.TimedCacheProvider: ***	 Cache Config Memory : templatecache: 500
[16/06/23 15:57:10:984 UTC]  INFO timedcache.TimedCacheProvider: ***	 Cache Config Memory : translatedquerycache: 5000
[16/06/23 15:57:10:984 UTC]  INFO timedcache.TimedCacheProvider: ***	 Cache Config Memory : versioncache: 50000
[16/06/23 15:57:10:984 UTC]  INFO timedcache.TimedCacheProvider: ***	 Cache Config Memory : versioninfocache: 50000
[16/06/23 15:57:10:984 UTC]  INFO timedcache.TimedCacheProvider: ***	 Cache Config Memory : workflowactioncache: 10000
[16/06/23 15:57:10:985 UTC]  INFO timedcache.TimedCacheProvider: ***	 Cache Config Memory : workflowtaskcache: 10000
[16/06/23 15:57:10:985 UTC]  INFO timedcache.TimedCacheProvider: ***	 Cache Config Memory : shortyidcache: 25000
[16/06/23 15:57:10:985 UTC]  INFO timedcache.TimedCacheProvider: ***	 Cache Config Memory : velocitycache: 5000
[16/06/23 15:57:10:985 UTC]  INFO timedcache.TimedCacheProvider: ***	 Cache Config Memory : vanityurldirectcache: 25000
[16/06/23 15:57:10:985 UTC]  INFO timedcache.TimedCacheProvider: ***	 Cache Config Memory : vanityurlsitecache: 5000
[16/06/23 15:57:10:985 UTC]  INFO h22.H22Cache: Start Full Cache Flush in h22
[16/06/23 15:57:10:986 UTC]  INFO h22.H22Cache: Building new H22 Cache, db:0
[16/06/23 15:57:10:987 UTC]  INFO h22.H22HikariPool: H22 on disk cache:jdbc:h2:/data/local/dotsecure/h22cache/0/2023-06-16_15-57-10/cache;MVCC=TRUE;DB_CLOSE_ON_EXIT=FALSE
[16/06/23 15:57:11:078 UTC]  INFO h22.H22Cache: Building new H22 Cache, db:1
[16/06/23 15:57:11:078 UTC]  INFO h22.H22HikariPool: H22 on disk cache:jdbc:h2:/data/local/dotsecure/h22cache/1/2023-06-16_15-57-11/cache;MVCC=TRUE;DB_CLOSE_ON_EXIT=FALSE
[16/06/23 15:57:11:154 UTC]  INFO h22.H22Cache: End Full Cache Flush in h22 : 168ms
[16/06/23 15:57:11:565 UTC]  INFO runalways.Task00001LoadSchema: Schema created (507 statements executed)
[16/06/23 15:57:11:573 UTC]  INFO timedcache.TimedCacheProvider: ===== Initializing [Timed Cache Provider].
[16/06/23 15:57:11:574 UTC]  INFO timedcache.TimedCacheProvider: ***	 Cache Config Memory : esquerycache: 10000
[16/06/23 15:57:11:574 UTC]  INFO timedcache.TimedCacheProvider: ***	 Cache Config Memory : esquerycountcache: 10000
[16/06/23 15:57:11:575 UTC]  INFO timedcache.TimedCacheProvider: ***	 Cache Config Memory : graphqlquerycache: 5000
[16/06/23 15:57:11:575 UTC]  INFO timedcache.TimedCacheProvider: ***	 Cache Config Memory : default: 1000
[16/06/23 15:57:11:575 UTC]  INFO timedcache.TimedCacheProvider: ***	 Cache Config Memory : adminconfigpool: 100
[16/06/23 15:57:11:575 UTC]  INFO timedcache.TimedCacheProvider: ***	 Cache Config Memory : companypool: 10
[16/06/23 15:57:11:576 UTC]  INFO timedcache.TimedCacheProvider: ***	 Cache Config Memory : contentletcache: 5000
[16/06/23 15:57:11:576 UTC]  INFO timedcache.TimedCacheProvider: ***	 Cache Config Memory : categoryparentscache: 30000
[16/06/23 15:57:11:576 UTC]  INFO timedcache.TimedCacheProvider: ***	 Cache Config Memory : taginodecache: 50000
[16/06/23 15:57:11:576 UTC]  INFO timedcache.TimedCacheProvider: ***	 Cache Config Memory : taginodesbyinodecache: 50000
[16/06/23 15:57:11:576 UTC]  INFO timedcache.TimedCacheProvider: ***	 Cache Config Memory : tagcache: 50000
[16/06/23 15:57:11:577 UTC]  INFO timedcache.TimedCacheProvider: ***	 Cache Config Memory : csscache: 2500
[16/06/23 15:57:11:577 UTC]  INFO timedcache.TimedCacheProvider: ***	 Cache Config Memory : assetmetadatacache: 10000
[16/06/23 15:57:11:577 UTC]  INFO timedcache.TimedCacheProvider: ***	 Cache Config Memory : identifiercache: 50000
[16/06/23 15:57:11:577 UTC]  INFO timedcache.TimedCacheProvider: ***	 Cache Config Memory : identifier404cache: 30000
[16/06/23 15:57:11:577 UTC]  INFO timedcache.TimedCacheProvider: ***	 Cache Config Memory : indiciescache: 8
[16/06/23 15:57:11:578 UTC]  INFO timedcache.TimedCacheProvider: ***	 Cache Config Memory : logmappercache: 10
[16/06/23 15:57:11:578 UTC]  INFO timedcache.TimedCacheProvider: ***	 Cache Config Memory : navcache: 1000
[16/06/23 15:57:11:578 UTC]  INFO timedcache.TimedCacheProvider: ***	 Cache Config Memory : parentpermissionablecache: 10000
[16/06/23 15:57:11:578 UTC]  INFO timedcache.TimedCacheProvider: ***	 Cache Config Memory : permissioncache: 50000
[16/06/23 15:57:11:579 UTC]  INFO timedcache.TimedCacheProvider: ***	 Cache Config Memory : portletpool: 100
[16/06/23 15:57:11:579 UTC]  INFO timedcache.TimedCacheProvider: ***	 Cache Config Memory : publishingendpointcache: 100
[16/06/23 15:57:11:579 UTC]  INFO timedcache.TimedCacheProvider: ***	 Cache Config Memory : pushedassetscache: 5000
[16/06/23 15:57:11:579 UTC]  INFO timedcache.TimedCacheProvider: ***	 Cache Config Memory : templatecache: 500
[16/06/23 15:57:11:579 UTC]  INFO timedcache.TimedCacheProvider: ***	 Cache Config Memory : translatedquerycache: 5000
[16/06/23 15:57:11:580 UTC]  INFO timedcache.TimedCacheProvider: ***	 Cache Config Memory : versioncache: 50000
[16/06/23 15:57:11:580 UTC]  INFO timedcache.TimedCacheProvider: ***	 Cache Config Memory : versioninfocache: 50000
[16/06/23 15:57:11:580 UTC]  INFO timedcache.TimedCacheProvider: ***	 Cache Config Memory : workflowactioncache: 10000
[16/06/23 15:57:11:580 UTC]  INFO timedcache.TimedCacheProvider: ***	 Cache Config Memory : workflowtaskcache: 10000
[16/06/23 15:57:11:580 UTC]  INFO timedcache.TimedCacheProvider: ***	 Cache Config Memory : shortyidcache: 25000
[16/06/23 15:57:11:580 UTC]  INFO timedcache.TimedCacheProvider: ***	 Cache Config Memory : velocitycache: 5000
[16/06/23 15:57:11:581 UTC]  INFO timedcache.TimedCacheProvider: ***	 Cache Config Memory : vanityurldirectcache: 25000
[16/06/23 15:57:11:581 UTC]  INFO timedcache.TimedCacheProvider: ***	 Cache Config Memory : vanityurlsitecache: 5000
[16/06/23 15:57:11:581 UTC]  INFO h22.H22Cache: Start Full Cache Flush in h22
[16/06/23 15:57:11:581 UTC]  INFO h22.H22Cache: Building new H22 Cache, db:0
[16/06/23 15:57:11:582 UTC]  INFO h22.H22HikariPool: H22 on disk cache:jdbc:h2:/data/local/dotsecure/h22cache/0/2023-06-16_15-57-11/cache;MVCC=TRUE;DB_CLOSE_ON_EXIT=FALSE
[16/06/23 15:57:11:646 UTC]  INFO h22.H22Cache: Building new H22 Cache, db:1
[16/06/23 15:57:11:646 UTC]  INFO h22.H22HikariPool: H22 on disk cache:jdbc:h2:/data/local/dotsecure/h22cache/1/2023-06-16_15-57-11/cache;MVCC=TRUE;DB_CLOSE_ON_EXIT=FALSE
[16/06/23 15:57:11:664 UTC]  INFO h22.H22Cache: End Full Cache Flush in h22 : 83ms
[16/06/23 15:57:14:668 UTC]  INFO timedcache.TimedCacheProvider: ===== Initializing [Timed Cache Provider].
[16/06/23 15:57:14:670 UTC]  INFO timedcache.TimedCacheProvider: ***	 Cache Config Memory : esquerycache: 10000
[16/06/23 15:57:14:670 UTC]  INFO timedcache.TimedCacheProvider: ***	 Cache Config Memory : esquerycountcache: 10000
[16/06/23 15:57:14:670 UTC]  INFO timedcache.TimedCacheProvider: ***	 Cache Config Memory : graphqlquerycache: 5000
[16/06/23 15:57:14:670 UTC]  INFO timedcache.TimedCacheProvider: ***	 Cache Config Memory : default: 1000
[16/06/23 15:57:14:670 UTC]  INFO timedcache.TimedCacheProvider: ***	 Cache Config Memory : adminconfigpool: 100
[16/06/23 15:57:14:670 UTC]  INFO timedcache.TimedCacheProvider: ***	 Cache Config Memory : companypool: 10
[16/06/23 15:57:14:670 UTC]  INFO timedcache.TimedCacheProvider: ***	 Cache Config Memory : contentletcache: 5000
[16/06/23 15:57:14:670 UTC]  INFO timedcache.TimedCacheProvider: ***	 Cache Config Memory : categoryparentscache: 30000
[16/06/23 15:57:14:670 UTC]  INFO timedcache.TimedCacheProvider: ***	 Cache Config Memory : taginodecache: 50000
[16/06/23 15:57:14:670 UTC]  INFO timedcache.TimedCacheProvider: ***	 Cache Config Memory : taginodesbyinodecache: 50000
[16/06/23 15:57:14:670 UTC]  INFO timedcache.TimedCacheProvider: ***	 Cache Config Memory : tagcache: 50000
[16/06/23 15:57:14:670 UTC]  INFO timedcache.TimedCacheProvider: ***	 Cache Config Memory : csscache: 2500
[16/06/23 15:57:14:670 UTC]  INFO timedcache.TimedCacheProvider: ***	 Cache Config Memory : assetmetadatacache: 10000
[16/06/23 15:57:14:670 UTC]  INFO timedcache.TimedCacheProvider: ***	 Cache Config Memory : identifiercache: 50000
[16/06/23 15:57:14:670 UTC]  INFO timedcache.TimedCacheProvider: ***	 Cache Config Memory : identifier404cache: 30000
[16/06/23 15:57:14:670 UTC]  INFO timedcache.TimedCacheProvider: ***	 Cache Config Memory : indiciescache: 8
[16/06/23 15:57:14:670 UTC]  INFO timedcache.TimedCacheProvider: ***	 Cache Config Memory : logmappercache: 10
[16/06/23 15:57:14:671 UTC]  INFO timedcache.TimedCacheProvider: ***	 Cache Config Memory : navcache: 1000
[16/06/23 15:57:14:671 UTC]  INFO timedcache.TimedCacheProvider: ***	 Cache Config Memory : parentpermissionablecache: 10000
[16/06/23 15:57:14:671 UTC]  INFO timedcache.TimedCacheProvider: ***	 Cache Config Memory : permissioncache: 50000
[16/06/23 15:57:14:671 UTC]  INFO timedcache.TimedCacheProvider: ***	 Cache Config Memory : portletpool: 100
[16/06/23 15:57:14:671 UTC]  INFO timedcache.TimedCacheProvider: ***	 Cache Config Memory : publishingendpointcache: 100
[16/06/23 15:57:14:671 UTC]  INFO timedcache.TimedCacheProvider: ***	 Cache Config Memory : pushedassetscache: 5000
[16/06/23 15:57:14:671 UTC]  INFO timedcache.TimedCacheProvider: ***	 Cache Config Memory : templatecache: 500
[16/06/23 15:57:14:671 UTC]  INFO timedcache.TimedCacheProvider: ***	 Cache Config Memory : translatedquerycache: 5000
[16/06/23 15:57:14:671 UTC]  INFO timedcache.TimedCacheProvider: ***	 Cache Config Memory : versioncache: 50000
[16/06/23 15:57:14:671 UTC]  INFO timedcache.TimedCacheProvider: ***	 Cache Config Memory : versioninfocache: 50000
[16/06/23 15:57:14:671 UTC]  INFO timedcache.TimedCacheProvider: ***	 Cache Config Memory : workflowactioncache: 10000
[16/06/23 15:57:14:671 UTC]  INFO timedcache.TimedCacheProvider: ***	 Cache Config Memory : workflowtaskcache: 10000
[16/06/23 15:57:14:671 UTC]  INFO timedcache.TimedCacheProvider: ***	 Cache Config Memory : shortyidcache: 25000
[16/06/23 15:57:14:671 UTC]  INFO timedcache.TimedCacheProvider: ***	 Cache Config Memory : velocitycache: 5000
[16/06/23 15:57:14:671 UTC]  INFO timedcache.TimedCacheProvider: ***	 Cache Config Memory : vanityurldirectcache: 25000
[16/06/23 15:57:14:671 UTC]  INFO timedcache.TimedCacheProvider: ***	 Cache Config Memory : vanityurlsitecache: 5000
[16/06/23 15:57:14:671 UTC]  INFO h22.H22Cache: Start Full Cache Flush in h22
[16/06/23 15:57:14:671 UTC]  INFO h22.H22Cache: Building new H22 Cache, db:0
[16/06/23 15:57:14:671 UTC]  INFO h22.H22HikariPool: H22 on disk cache:jdbc:h2:/data/local/dotsecure/h22cache/0/2023-06-16_15-57-14/cache;MVCC=TRUE;DB_CLOSE_ON_EXIT=FALSE
[16/06/23 15:57:14:739 UTC]  INFO h22.H22Cache: Building new H22 Cache, db:1
[16/06/23 15:57:14:739 UTC]  INFO h22.H22HikariPool: H22 on disk cache:jdbc:h2:/data/local/dotsecure/h22cache/1/2023-06-16_15-57-14/cache;MVCC=TRUE;DB_CLOSE_ON_EXIT=FALSE
[16/06/23 15:57:14:804 UTC]  INFO h22.H22Cache: End Full Cache Flush in h22 : 133ms
[16/06/23 15:57:14:807 UTC]  INFO startup.StartupTasksExecutor: Not Running Startup Tasks: Task00002LoadClusterLicenses
[16/06/23 15:57:14:807 UTC]  INFO startup.StartupTasksExecutor: Running Startup Tasks : Task00003CreateSystemRoles
[16/06/23 15:57:14:817 UTC]  INFO startup.StartupTasksExecutor: Running Startup Tasks : Task00004LoadStarter
[16/06/23 15:57:14:837 UTC]  INFO db.DotCMSInitDb: There are no inodes - initializing db with starter site
[16/06/23 15:57:14:873 UTC]  INFO starter.ImportStarterUtil: Found 21 files to import
[16/06/23 15:57:14:877 UTC]  WARN util.FileUtil: /data/local/dotsecure/backup/temp/assets/messages/cms_language_zh_CN.properties is empty
[16/06/23 15:57:14:880 UTC]  WARN util.FileUtil: /data/local/dotsecure/backup/temp/assets/messages/cms_language_es_ES.properties is empty
[16/06/23 15:57:14:883 UTC]  WARN util.FileUtil: /data/local/dotsecure/backup/temp/assets/messages/cms_language_en_US.properties is empty
[16/06/23 15:57:14:885 UTC]  WARN util.FileUtil: /data/local/dotsecure/backup/temp/assets/messages/cms_language_fr_FR.properties is empty
[16/06/23 15:57:14:890 UTC]  INFO starter.ImportStarterUtil: About to delete all records from tag_inode
[16/06/23 15:57:14:893 UTC]  INFO starter.ImportStarterUtil: Deleted all records from tag_inode
[16/06/23 15:57:14:893 UTC]  INFO starter.ImportStarterUtil: About to delete all records from link_version_info
[16/06/23 15:57:14:895 UTC]  INFO starter.ImportStarterUtil: Deleted all records from link_version_info
[16/06/23 15:57:14:895 UTC]  INFO starter.ImportStarterUtil: About to delete all records from dot_containers
[16/06/23 15:57:14:897 UTC]  INFO starter.ImportStarterUtil: Deleted all records from dot_containers
[16/06/23 15:57:14:897 UTC]  INFO starter.ImportStarterUtil: About to delete all records from UserTracker
[16/06/23 15:57:14:899 UTC]  INFO starter.ImportStarterUtil: Deleted all records from UserTracker
[16/06/23 15:57:14:899 UTC]  INFO starter.ImportStarterUtil: About to delete all records from workflow_comment
[16/06/23 15:57:14:901 UTC]  INFO starter.ImportStarterUtil: Deleted all records from workflow_comment
[16/06/23 15:57:14:901 UTC]  INFO starter.ImportStarterUtil: About to delete all records from challenge_question
[16/06/23 15:57:14:902 UTC]  INFO starter.ImportStarterUtil: Deleted all records from challenge_question
[16/06/23 15:57:14:903 UTC]  INFO starter.ImportStarterUtil: About to delete all records from container_structures
[16/06/23 15:57:14:904 UTC]  INFO starter.ImportStarterUtil: Deleted all records from container_structures
[16/06/23 15:57:14:904 UTC]  INFO starter.ImportStarterUtil: About to delete all records from tree
[16/06/23 15:57:14:905 UTC]  INFO starter.ImportStarterUtil: Deleted all records from tree
[16/06/23 15:57:14:905 UTC]  INFO starter.ImportStarterUtil: About to delete all records from links
[16/06/23 15:57:14:906 UTC]  INFO starter.ImportStarterUtil: Deleted all records from links
[16/06/23 15:57:14:906 UTC]  INFO starter.ImportStarterUtil: About to delete all records from AdminConfig
[16/06/23 15:57:14:908 UTC]  INFO starter.ImportStarterUtil: Deleted all records from AdminConfig
[16/06/23 15:57:14:908 UTC]  INFO starter.ImportStarterUtil: About to delete all records from multi_tree
[16/06/23 15:57:14:909 UTC]  INFO starter.ImportStarterUtil: Deleted all records from multi_tree
[16/06/23 15:57:14:909 UTC]  INFO starter.ImportStarterUtil: About to delete all records from clickstream_404
[16/06/23 15:57:14:911 UTC]  INFO starter.ImportStarterUtil: Deleted all records from clickstream_404
[16/06/23 15:57:14:911 UTC]  INFO starter.ImportStarterUtil: About to delete all records from host_variable
[16/06/23 15:57:14:912 UTC]  INFO starter.ImportStarterUtil: Deleted all records from host_variable
[16/06/23 15:57:14:912 UTC]  INFO starter.ImportStarterUtil: About to delete all records from clickstream_request
[16/06/23 15:57:14:913 UTC]  INFO starter.ImportStarterUtil: Deleted all records from clickstream_request
[16/06/23 15:57:14:913 UTC]  INFO starter.ImportStarterUtil: About to delete all records from PasswordTracker
[16/06/23 15:57:14:914 UTC]  INFO starter.ImportStarterUtil: Deleted all records from PasswordTracker
[16/06/23 15:57:14:914 UTC]  INFO starter.ImportStarterUtil: About to delete all records from workflow_task
[16/06/23 15:57:14:916 UTC]  INFO starter.ImportStarterUtil: Deleted all records from workflow_task
[16/06/23 15:57:14:916 UTC]  INFO starter.ImportStarterUtil: About to delete all records from field
[16/06/23 15:57:14:917 UTC]  INFO starter.ImportStarterUtil: Deleted all records from field
[16/06/23 15:57:14:917 UTC]  INFO starter.ImportStarterUtil: About to delete all records from template_version_info
[16/06/23 15:57:14:919 UTC]  INFO starter.ImportStarterUtil: Deleted all records from template_version_info
[16/06/23 15:57:14:919 UTC]  INFO starter.ImportStarterUtil: About to delete all records from clickstream
[16/06/23 15:57:14:920 UTC]  INFO starter.ImportStarterUtil: Deleted all records from clickstream
[16/06/23 15:57:14:920 UTC]  INFO starter.ImportStarterUtil: About to delete all records from workflow_history
[16/06/23 15:57:14:921 UTC]  INFO starter.ImportStarterUtil: Deleted all records from workflow_history
[16/06/23 15:57:14:921 UTC]  INFO starter.ImportStarterUtil: About to delete all records from container_version_info
[16/06/23 15:57:14:923 UTC]  INFO starter.ImportStarterUtil: Deleted all records from container_version_info
[16/06/23 15:57:14:923 UTC]  INFO starter.ImportStarterUtil: About to delete all records from tag
[16/06/23 15:57:14:924 UTC]  INFO starter.ImportStarterUtil: Deleted all records from tag
[16/06/23 15:57:14:924 UTC]  INFO starter.ImportStarterUtil: About to delete all records from workflowtask_files
[16/06/23 15:57:14:925 UTC]  INFO starter.ImportStarterUtil: Deleted all records from workflowtask_files
[16/06/23 15:57:14:925 UTC]  INFO starter.ImportStarterUtil: About to delete all records from permission_reference
[16/06/23 15:57:14:927 UTC]  INFO starter.ImportStarterUtil: Deleted all records from permission_reference
[16/06/23 15:57:14:927 UTC]  INFO starter.ImportStarterUtil: About to delete all records from users_to_delete
[16/06/23 15:57:14:928 UTC]  INFO starter.ImportStarterUtil: Deleted all records from users_to_delete
[16/06/23 15:57:14:928 UTC]  INFO starter.ImportStarterUtil: About to delete all records from fixes_audit
[16/06/23 15:57:14:929 UTC]  INFO starter.ImportStarterUtil: Deleted all records from fixes_audit
[16/06/23 15:57:14:929 UTC]  INFO starter.ImportStarterUtil: About to delete all records from permission
[16/06/23 15:57:14:930 UTC]  INFO starter.ImportStarterUtil: Deleted all records from permission
[16/06/23 15:57:14:930 UTC]  INFO starter.ImportStarterUtil: About to delete all records from UserTrackerPath
[16/06/23 15:57:14:931 UTC]  INFO starter.ImportStarterUtil: Deleted all records from UserTrackerPath
[16/06/23 15:57:14:931 UTC]  INFO starter.ImportStarterUtil: About to delete all records from cms_layouts_portlets
[16/06/23 15:57:14:932 UTC]  INFO starter.ImportStarterUtil: Deleted all records from cms_layouts_portlets
[16/06/23 15:57:14:932 UTC]  INFO starter.ImportStarterUtil: About to delete all records from layouts_cms_roles
[16/06/23 15:57:14:934 UTC]  INFO starter.ImportStarterUtil: Deleted all records from layouts_cms_roles
[16/06/23 15:57:14:934 UTC]  INFO starter.ImportStarterUtil: About to delete all records from users_cms_roles
[16/06/23 15:57:14:935 UTC]  INFO starter.ImportStarterUtil: Deleted all records from users_cms_roles
[16/06/23 15:57:14:935 UTC]  INFO starter.ImportStarterUtil: About to delete all records from cms_role
[16/06/23 15:57:14:939 UTC]  INFO starter.ImportStarterUtil: Deleted all records from cms_role
[16/06/23 15:57:14:939 UTC]  INFO starter.ImportStarterUtil: About to delete all records from cms_layout
[16/06/23 15:57:14:940 UTC]  INFO starter.ImportStarterUtil: Deleted all records from cms_layout
[16/06/23 15:57:14:940 UTC]  INFO starter.ImportStarterUtil: About to delete all records from structure
[16/06/23 15:57:14:942 UTC]  INFO starter.ImportStarterUtil: Deleted all records from structure
[16/06/23 15:57:14:942 UTC]  INFO starter.ImportStarterUtil: About to delete all records from folder
[16/06/23 15:57:14:943 UTC]  INFO starter.ImportStarterUtil: Deleted all records from folder
[16/06/23 15:57:14:943 UTC]  INFO starter.ImportStarterUtil: About to delete all records from identifier
[16/06/23 15:57:14:945 UTC]  INFO starter.ImportStarterUtil: Deleted all records from identifier
[16/06/23 15:57:14:945 UTC]  INFO starter.ImportStarterUtil: About to delete all records from inode
[16/06/23 15:57:14:946 UTC]  INFO starter.ImportStarterUtil: Deleted all records from inode
[16/06/23 15:57:14:946 UTC]  INFO starter.ImportStarterUtil: About to delete all records from user_
[16/06/23 15:57:14:952 UTC]  INFO starter.ImportStarterUtil: Deleted all records from user_
[16/06/23 15:57:14:952 UTC]  INFO starter.ImportStarterUtil: About to delete all records from company
[16/06/23 15:57:14:953 UTC]  INFO starter.ImportStarterUtil: Deleted all records from company
[16/06/23 15:57:14:953 UTC]  INFO starter.ImportStarterUtil: About to delete all records from counter
[16/06/23 15:57:14:956 UTC]  INFO starter.ImportStarterUtil: Deleted all records from counter
[16/06/23 15:57:14:956 UTC]  INFO starter.ImportStarterUtil: About to delete all records from image
[16/06/23 15:57:14:957 UTC]  INFO starter.ImportStarterUtil: Deleted all records from image
[16/06/23 15:57:14:957 UTC]  INFO starter.ImportStarterUtil: About to delete all records from portlet
[16/06/23 15:57:14:959 UTC]  INFO starter.ImportStarterUtil: Deleted all records from portlet
[16/06/23 15:57:14:959 UTC]  INFO starter.ImportStarterUtil: About to delete all records from portletpreferences
[16/06/23 15:57:14:960 UTC]  INFO starter.ImportStarterUtil: Deleted all records from portletpreferences
[16/06/23 15:57:14:960 UTC]  INFO starter.ImportStarterUtil: About to delete all records from address
[16/06/23 15:57:14:961 UTC]  INFO starter.ImportStarterUtil: Deleted all records from address
[16/06/23 15:57:14:961 UTC]  INFO starter.ImportStarterUtil: About to delete all records from plugin_property
[16/06/23 15:57:14:962 UTC]  INFO starter.ImportStarterUtil: Deleted all records from plugin_property
[16/06/23 15:57:14:962 UTC]  INFO starter.ImportStarterUtil: About to delete all records from plugin
[16/06/23 15:57:14:963 UTC]  INFO starter.ImportStarterUtil: Deleted all records from plugin
[16/06/23 15:57:14:991 UTC]  INFO starter.ImportStarterUtil: **** Importing the file: /data/local/dotsecure/backup/temp/com.liferay.portal.model.Company.json *****
[16/06/23 15:57:14:992 UTC]  INFO starter.ImportStarterUtil: Importing:	com.liferay.portal.model.Company
[16/06/23 15:57:15:068 UTC]  INFO starter.ImportStarterUtil: Found :	1 com.liferay.portal.model.Company(s)
[16/06/23 15:57:15:158 UTC]  INFO starter.ImportStarterUtil: **** Importing the file: /data/local/dotsecure/backup/temp/com.dotmarketing.business.Role_0000000000.json *****
[16/06/23 15:57:15:159 UTC]  INFO starter.ImportStarterUtil: Importing:	com.dotmarketing.business.Role
[16/06/23 15:57:15:171 UTC]  INFO starter.ImportStarterUtil: Found :	18 com.dotmarketing.business.Role(s)
[16/06/23 15:57:15:174 UTC]  INFO starter.ImportStarterUtil: roleKey:cms_users = 0
[16/06/23 15:57:15:175 UTC]  INFO starter.ImportStarterUtil: roleKey:System = 0
[16/06/23 15:57:15:177 UTC]  INFO starter.ImportStarterUtil: roleKey:DOTCMS_BACK_END_USER = 0
[16/06/23 15:57:15:178 UTC]  INFO starter.ImportStarterUtil: roleKey:cms_workflow_any_who_can_view = 0
[16/06/23 15:57:15:180 UTC]  INFO starter.ImportStarterUtil: roleKey:Form Editor = 0
[16/06/23 15:57:15:190 UTC]  INFO starter.ImportStarterUtil: roleKey:dotcms.org.default = 0
[16/06/23 15:57:15:192 UTC]  INFO starter.ImportStarterUtil: roleKey:cms_workflow_any_who_can_edit_permissions = 0
[16/06/23 15:57:15:195 UTC]  INFO starter.ImportStarterUtil: roleKey:cms_workflow_any_who_can_edit = 0
[16/06/23 15:57:15:197 UTC]  INFO starter.ImportStarterUtil: roleKey:CMS Anonymous = 0
[16/06/23 15:57:15:198 UTC]  INFO starter.ImportStarterUtil: roleKey:CMS Owner = 0
[16/06/23 15:57:15:201 UTC]  INFO starter.ImportStarterUtil: roleKey:Login As = 0
[16/06/23 15:57:15:203 UTC]  INFO starter.ImportStarterUtil: roleKey:LDAP User = 0
[16/06/23 15:57:15:205 UTC]  INFO starter.ImportStarterUtil: roleKey:CMS Administrator = 0
[16/06/23 15:57:15:207 UTC]  INFO starter.ImportStarterUtil: roleKey:DOTCMS_FRONT_END_USER = 0
[16/06/23 15:57:15:208 UTC]  INFO starter.ImportStarterUtil: roleKey:cms_workflow_any_who_can_publish = 0
[16/06/23 15:57:15:210 UTC]  INFO starter.ImportStarterUtil: roleKey:dotcms.org.1 = 0
[16/06/23 15:57:15:211 UTC]  INFO starter.ImportStarterUtil: roleKey:anonymous = 0
[16/06/23 15:57:15:213 UTC]  INFO starter.ImportStarterUtil: roleKey:Scripting Developer = 0
[16/06/23 15:57:15:215 UTC]  INFO starter.ImportStarterUtil: **** Importing the file: /data/local/dotsecure/backup/temp/com.liferay.portal.model.User.json *****
[16/06/23 15:57:15:216 UTC]  INFO starter.ImportStarterUtil: Importing:	com.liferay.portal.model.User
[16/06/23 15:57:15:248 UTC]  INFO starter.ImportStarterUtil: Found :	4 com.liferay.portal.model.User(s)
[16/06/23 15:57:15:293 UTC]  WARN util.LocaleUtil: null is not a valid language id
[16/06/23 15:57:15:303 UTC]  WARN business.UserHelper: Error loading user with id dotcms.org.1
[16/06/23 15:57:15:380 UTC]  INFO xml.Marshaller: Marshaller called using one of the *static*  marshal(Object, *) methods. This will ignore any  mapping files as specified. Please consider switching to  using Marshaller instances and calling one of the marshal(*) methods.
[16/06/23 15:57:16:637 UTC]  WARN business.UserHelper: Error loading user with id system
[16/06/23 15:57:17:408 UTC]  INFO util.SecurityLogger: class com.dotmarketing.business.RoleAPIImpl : Adding role:'Admin User' to user:dotcms.org.1 email:admin@dotcms.com -- ip:ukn,user:null
[16/06/23 15:57:17:412 UTC]  WARN business.UserHelper: Error loading user with id anonymous
[16/06/23 15:57:18:150 UTC]  INFO util.SecurityLogger: class com.dotmarketing.business.RoleAPIImpl : Adding role:'anonymous user anonymous' to user:anonymous email:anonymous@dotcms.anonymoususer -- ip:ukn,user:null
[16/06/23 15:57:18:152 UTC]  INFO starter.ImportStarterUtil: 
[16/06/23 15:57:18:152 UTC]  INFO starter.ImportStarterUtil: 
[16/06/23 15:57:18:153 UTC]  INFO starter.ImportStarterUtil: **** Importing the file: /data/local/dotsecure/backup/temp/com.dotmarketing.business.UsersRoles_0000000000.json *****
[16/06/23 15:57:18:153 UTC]  INFO starter.ImportStarterUtil: Importing:	com.dotmarketing.business.UsersRoles
[16/06/23 15:57:18:154 UTC]  INFO starter.ImportStarterUtil: Found :	14 com.dotmarketing.business.UsersRoles(s)
[16/06/23 15:57:18:161 UTC]  INFO starter.ImportStarterUtil: **** Importing the file: /data/local/dotsecure/backup/temp/com.dotmarketing.business.Layout_0000000000.json *****
[16/06/23 15:57:18:162 UTC]  INFO starter.ImportStarterUtil: Importing:	com.dotmarketing.business.Layout
[16/06/23 15:57:18:163 UTC]  INFO starter.ImportStarterUtil: Found :	11 com.dotmarketing.business.Layout(s)
[16/06/23 15:57:18:173 UTC]  INFO starter.ImportStarterUtil: **** Importing the file: /data/local/dotsecure/backup/temp/com.dotmarketing.business.PortletsLayouts_0000000000.json *****
[16/06/23 15:57:18:173 UTC]  INFO starter.ImportStarterUtil: Importing:	com.dotmarketing.business.PortletsLayouts
[16/06/23 15:57:18:175 UTC]  INFO starter.ImportStarterUtil: Found :	36 com.dotmarketing.business.PortletsLayouts(s)
[16/06/23 15:57:18:198 UTC]  INFO starter.ImportStarterUtil: **** Importing the file: /data/local/dotsecure/backup/temp/com.dotmarketing.business.LayoutsRoles_0000000000.json *****
[16/06/23 15:57:18:198 UTC]  INFO starter.ImportStarterUtil: Importing:	com.dotmarketing.business.LayoutsRoles
[16/06/23 15:57:18:199 UTC]  INFO starter.ImportStarterUtil: Found :	7 com.dotmarketing.business.LayoutsRoles(s)
[16/06/23 15:57:18:207 UTC]  INFO starter.ImportStarterUtil: **** Importing the file: /data/local/dotsecure/backup/temp/com.dotmarketing.portlets.languagesmanager.model.Language_0000000000.json *****
[16/06/23 15:57:18:207 UTC]  INFO starter.ImportStarterUtil: Importing:	com.dotmarketing.portlets.languagesmanager.model.Language
[16/06/23 15:57:18:209 UTC]  INFO starter.ImportStarterUtil: Found :	1 com.dotmarketing.portlets.languagesmanager.model.Language(s)
[16/06/23 15:57:18:220 UTC]  INFO starter.ImportStarterUtil: Importing folder path /System foldersystem folder
[16/06/23 15:57:18:255 UTC]  INFO starter.ImportStarterUtil: **** Importing the file: /data/local/dotsecure/backup/temp/com.dotmarketing.portlets.folders.model.Folder_0000000000.json *****
[16/06/23 15:57:18:256 UTC]  INFO starter.ImportStarterUtil: Importing:	com.dotmarketing.portlets.folders.model.Folder
[16/06/23 15:57:18:260 UTC]  INFO starter.ImportStarterUtil: Found :	1 com.dotmarketing.portlets.folders.model.Folder(s)
[16/06/23 15:57:18:704 UTC]  INFO business.ContentTypeAPIImpl: Content type not found with given id: c938b15f-bcb6-49ef-8651-14d455a97045. Continuing...
[16/06/23 15:57:18:996 UTC]  INFO util.ActivityLogger: class com.dotmarketing.util.ActivityLogger: system : Save Field Action , User system/system user added field Site/Folder to Persona Structure.
[16/06/23 15:57:19:050 UTC]  INFO util.ActivityLogger: class com.dotmarketing.util.ActivityLogger: system : Save Field Action , User system/system user added field Name to Persona Structure.
[16/06/23 15:57:19:096 UTC]  INFO util.ActivityLogger: class com.dotmarketing.util.ActivityLogger: system : Save Field Action , User system/system user added field Key Tag to Persona Structure.
[16/06/23 15:57:19:137 UTC]  INFO util.ActivityLogger: class com.dotmarketing.util.ActivityLogger: system : Save Field Action , User system/system user added field Photo to Persona Structure.
[16/06/23 15:57:19:176 UTC]  INFO util.ActivityLogger: class com.dotmarketing.util.ActivityLogger: system : Save Field Action , User system/system user added field Other Tags to Persona Structure.
[16/06/23 15:57:19:219 UTC]  INFO util.ActivityLogger: class com.dotmarketing.util.ActivityLogger: system : Save Field Action , User system/system user added field Description to Persona Structure.
[16/06/23 15:57:19:246 UTC]  INFO util.ActivityLogger: class com.dotcms.contenttype.business.ContentTypeAPIImpl: system : Save ContentType Action , User system/system user system user added ContentType Persona to host id:SYSTEM_HOST
[16/06/23 15:57:19:251 UTC]  INFO business.ContentTypeAPIImpl: UserId : system : ContentType : ContentType saved : Persona
[16/06/23 15:57:19:252 UTC]  INFO util.AdminLogger: UserId : system : class com.dotcms.contenttype.business.ContentTypeAPIImpl : ContentType : ContentType saved : Persona
[16/06/23 15:57:19:276 UTC]  INFO business.ContentTypeAPIImpl: Content type not found with given id: f4d7c1b8-2c88-4071-abf1-a5328977b07d. Continuing...
[16/06/23 15:57:19:301 UTC]  INFO util.ActivityLogger: class com.dotmarketing.util.ActivityLogger: system : Save Field Action , User system/system user added field Key to Language Variable Structure.
[16/06/23 15:57:19:324 UTC]  INFO util.ActivityLogger: class com.dotmarketing.util.ActivityLogger: system : Save Field Action , User system/system user added field Value to Language Variable Structure.
[16/06/23 15:57:19:337 UTC]  INFO util.ActivityLogger: class com.dotcms.contenttype.business.ContentTypeAPIImpl: system : Save ContentType Action , User system/system user system user added ContentType Language Variable to host id:SYSTEM_HOST
[16/06/23 15:57:19:337 UTC]  INFO business.ContentTypeAPIImpl: UserId : system : ContentType : ContentType saved : Language Variable
[16/06/23 15:57:19:337 UTC]  INFO util.AdminLogger: UserId : system : class com.dotcms.contenttype.business.ContentTypeAPIImpl : ContentType : ContentType saved : Language Variable
[16/06/23 15:57:19:357 UTC]  INFO business.ContentTypeAPIImpl: Content type not found with given id: 4d21b6d8-1711-4ae6-9419-89e2b1ae5a06. Continuing...
[16/06/23 15:57:19:371 UTC]  INFO util.ActivityLogger: class com.dotmarketing.util.ActivityLogger: system : Save Field Action , User system/system user added field Form ID to Forms Structure.
[16/06/23 15:57:19:385 UTC]  INFO util.ActivityLogger: class com.dotmarketing.util.ActivityLogger: system : Save Field Action , User system/system user added field Widget Title to Forms Structure.
[16/06/23 15:57:19:401 UTC]  INFO util.ActivityLogger: class com.dotmarketing.util.ActivityLogger: system : Save Field Action , User system/system user added field Widget Usage to Forms Structure.
[16/06/23 15:57:19:419 UTC]  INFO util.ActivityLogger: class com.dotmarketing.util.ActivityLogger: system : Save Field Action , User system/system user added field Widget Code to Forms Structure.
[16/06/23 15:57:19:438 UTC]  INFO util.ActivityLogger: class com.dotmarketing.util.ActivityLogger: system : Save Field Action , User system/system user added field Widget Pre-Execute to Forms Structure.
[16/06/23 15:57:19:444 UTC]  INFO util.ActivityLogger: class com.dotcms.contenttype.business.ContentTypeAPIImpl: system : Save ContentType Action , User system/system user system user added ContentType Forms to host id:SYSTEM_HOST
[16/06/23 15:57:19:446 UTC]  INFO business.ContentTypeAPIImpl: UserId : system : ContentType : ContentType saved : Forms
[16/06/23 15:57:19:446 UTC]  INFO util.AdminLogger: UserId : system : class com.dotcms.contenttype.business.ContentTypeAPIImpl : ContentType : ContentType saved : Forms
[16/06/23 15:57:19:458 UTC]  INFO business.ContentTypeAPIImpl: Content type not found with given id: f2d8a1c7-2b77-2081-bcf1-b5348988c08d. Continuing...
[16/06/23 15:57:19:470 UTC]  INFO util.ActivityLogger: class com.dotmarketing.util.ActivityLogger: system : Save Field Action , User system/system user added field Site or Folder to dotAsset Structure.
[16/06/23 15:57:19:482 UTC]  INFO util.ActivityLogger: class com.dotmarketing.util.ActivityLogger: system : Save Field Action , User system/system user added field Asset to dotAsset Structure.
[16/06/23 15:57:19:496 UTC]  INFO util.ActivityLogger: class com.dotmarketing.util.ActivityLogger: system : Save Field Action , User system/system user added field Tags to dotAsset Structure.
[16/06/23 15:57:19:501 UTC]  INFO util.ActivityLogger: class com.dotcms.contenttype.business.ContentTypeAPIImpl: system : Save ContentType Action , User system/system user system user added ContentType dotAsset to host id:SYSTEM_HOST
[16/06/23 15:57:19:502 UTC]  INFO business.ContentTypeAPIImpl: UserId : system : ContentType : ContentType saved : dotAsset
[16/06/23 15:57:19:503 UTC]  INFO util.AdminLogger: UserId : system : class com.dotcms.contenttype.business.ContentTypeAPIImpl : ContentType : ContentType saved : dotAsset
[16/06/23 15:57:19:538 UTC]  INFO business.ContentTypeAPIImpl: Content type not found with given id: 33888b6f-7a8e-4069-b1b6-5c1aa9d0a48d. Continuing...
[16/06/23 15:57:19:550 UTC]  INFO util.ActivityLogger: class com.dotmarketing.util.ActivityLogger: system : Save Field Action , User system/system user added field Host Or Folder to File Asset Structure.
[16/06/23 15:57:19:561 UTC]  INFO util.ActivityLogger: class com.dotmarketing.util.ActivityLogger: system : Save Field Action , User system/system user added field File Name to File Asset Structure.
[16/06/23 15:57:19:575 UTC]  INFO util.ActivityLogger: class com.dotmarketing.util.ActivityLogger: system : Save Field Action , User system/system user added field File Asset to File Asset Structure.
[16/06/23 15:57:19:592 UTC]  INFO util.ActivityLogger: class com.dotmarketing.util.ActivityLogger: system : Save Field Action , User system/system user added field Title to File Asset Structure.
[16/06/23 15:57:19:608 UTC]  INFO util.ActivityLogger: class com.dotmarketing.util.ActivityLogger: system : Save Field Action , User system/system user added field Metadata to File Asset Structure.
[16/06/23 15:57:19:626 UTC]  INFO util.ActivityLogger: class com.dotmarketing.util.ActivityLogger: system : Save Field Action , User system/system user added field Metadata to File Asset Structure.
[16/06/23 15:57:19:646 UTC]  INFO util.ActivityLogger: class com.dotmarketing.util.ActivityLogger: system : Save Field Action , User system/system user added field Show On Menu to File Asset Structure.
[16/06/23 15:57:19:666 UTC]  INFO util.ActivityLogger: class com.dotmarketing.util.ActivityLogger: system : Save Field Action , User system/system user added field Sort Order to File Asset Structure.
[16/06/23 15:57:19:687 UTC]  INFO util.ActivityLogger: class com.dotmarketing.util.ActivityLogger: system : Save Field Action , User system/system user added field Description to File Asset Structure.
[16/06/23 15:57:19:697 UTC]  INFO util.ActivityLogger: class com.dotcms.contenttype.business.ContentTypeAPIImpl: system : Save ContentType Action , User system/system user system user added ContentType File Asset to host id:SYSTEM_HOST
[16/06/23 15:57:19:698 UTC]  INFO business.ContentTypeAPIImpl: UserId : system : ContentType : ContentType saved : File Asset
[16/06/23 15:57:19:699 UTC]  INFO util.AdminLogger: UserId : system : class com.dotcms.contenttype.business.ContentTypeAPIImpl : ContentType : ContentType saved : File Asset
[16/06/23 15:57:19:727 UTC]  INFO business.ContentTypeAPIImpl: Content type not found with given id: 8e850645-bb92-4fda-a765-e67063a59be0. Continuing...
[16/06/23 15:57:19:739 UTC]  INFO util.ActivityLogger: class com.dotmarketing.util.ActivityLogger: system : Save Field Action , User system/system user added field Title to Vanity URL Structure.
[16/06/23 15:57:19:749 UTC]  INFO util.ActivityLogger: class com.dotmarketing.util.ActivityLogger: system : Save Field Action , User system/system user added field Site to Vanity URL Structure.
[16/06/23 15:57:19:760 UTC]  INFO util.ActivityLogger: class com.dotmarketing.util.ActivityLogger: system : Save Field Action , User system/system user added field Uri to Vanity URL Structure.
[16/06/23 15:57:19:774 UTC]  INFO util.ActivityLogger: class com.dotmarketing.util.ActivityLogger: system : Save Field Action , User system/system user added field Action to Vanity URL Structure.
[16/06/23 15:57:19:787 UTC]  INFO util.ActivityLogger: class com.dotmarketing.util.ActivityLogger: system : Save Field Action , User system/system user added field Forward To to Vanity URL Structure.
[16/06/23 15:57:19:805 UTC]  INFO util.ActivityLogger: class com.dotmarketing.util.ActivityLogger: system : Save Field Action , User system/system user added field Order to Vanity URL Structure.
[16/06/23 15:57:19:812 UTC]  INFO util.ActivityLogger: class com.dotcms.contenttype.business.ContentTypeAPIImpl: system : Save ContentType Action , User system/system user system user added ContentType Vanity URL to host id:SYSTEM_HOST
[16/06/23 15:57:19:813 UTC]  INFO business.ContentTypeAPIImpl: UserId : system : ContentType : ContentType saved : Vanity URL
[16/06/23 15:57:19:814 UTC]  INFO util.AdminLogger: UserId : system : class com.dotcms.contenttype.business.ContentTypeAPIImpl : ContentType : ContentType saved : Vanity URL
[16/06/23 15:57:19:826 UTC]  INFO business.ContentTypeAPIImpl: Content type not found with given id: c541abb1-69b3-4bc5-8430-5e09e5239cc8. Continuing...
[16/06/23 15:57:19:837 UTC]  INFO util.ActivityLogger: class com.dotmarketing.util.ActivityLogger: system : Save Field Action , User system/system user added field Title to Page Structure.
[16/06/23 15:57:19:846 UTC]  INFO util.ActivityLogger: class com.dotmarketing.util.ActivityLogger: system : Save Field Action , User system/system user added field Url to Page Structure.
[16/06/23 15:57:19:857 UTC]  INFO util.ActivityLogger: class com.dotmarketing.util.ActivityLogger: system : Save Field Action , User system/system user added field Host or Folder to Page Structure.
[16/06/23 15:57:19:870 UTC]  INFO util.ActivityLogger: class com.dotmarketing.util.ActivityLogger: system : Save Field Action , User system/system user added field Template to Page Structure.
[16/06/23 15:57:19:884 UTC]  INFO util.ActivityLogger: class com.dotmarketing.util.ActivityLogger: system : Save Field Action , User system/system user added field Friendly Name to Page Structure.
[16/06/23 15:57:19:921 UTC]  INFO util.ActivityLogger: class com.dotmarketing.util.ActivityLogger: system : Save Field Action , User system/system user added field Show on Menu to Page Structure.
[16/06/23 15:57:19:939 UTC]  INFO util.ActivityLogger: class com.dotmarketing.util.ActivityLogger: system : Save Field Action , User system/system user added field Sort Order to Page Structure.
[16/06/23 15:57:19:962 UTC]  INFO util.ActivityLogger: class com.dotmarketing.util.ActivityLogger: system : Save Field Action , User system/system user added field Cache TTL to Page Structure.
[16/06/23 15:57:20:033 UTC]  INFO util.ActivityLogger: class com.dotmarketing.util.ActivityLogger: system : Save Field Action , User system/system user added field Advanced Properties to Page Structure.
[16/06/23 15:57:20:065 UTC]  INFO util.ActivityLogger: class com.dotmarketing.util.ActivityLogger: system : Save Field Action , User system/system user added field Redirect Url to Page Structure.
[16/06/23 15:57:20:112 UTC]  INFO util.ActivityLogger: class com.dotmarketing.util.ActivityLogger: system : Save Field Action , User system/system user added field HTTPS Required to Page Structure.
[16/06/23 15:57:20:152 UTC]  INFO util.ActivityLogger: class com.dotmarketing.util.ActivityLogger: system : Save Field Action , User system/system user added field SEO Description to Page Structure.
[16/06/23 15:57:20:188 UTC]  INFO util.ActivityLogger: class com.dotmarketing.util.ActivityLogger: system : Save Field Action , User system/system user added field SEO Keywords to Page Structure.
[16/06/23 15:57:20:216 UTC]  INFO util.ActivityLogger: class com.dotmarketing.util.ActivityLogger: system : Save Field Action , User system/system user added field Page Metadata to Page Structure.
[16/06/23 15:57:20:246 UTC]  INFO util.ActivityLogger: class com.dotmarketing.util.ActivityLogger: system : Save Field Action , User system/system user added field Canonical URL to Page Structure.
[16/06/23 15:57:20:260 UTC]  INFO util.ActivityLogger: class com.dotcms.contenttype.business.ContentTypeAPIImpl: system : Save ContentType Action , User system/system user system user added ContentType Page to host id:SYSTEM_HOST
[16/06/23 15:57:20:260 UTC]  INFO business.ContentTypeAPIImpl: UserId : system : ContentType : ContentType saved : Page
[16/06/23 15:57:20:261 UTC]  INFO util.AdminLogger: UserId : system : class com.dotcms.contenttype.business.ContentTypeAPIImpl : ContentType : ContentType saved : Page
[16/06/23 15:57:20:316 UTC]  INFO business.ContentTypeAPIImpl: Content type not found with given id: 855a2d72-f2f3-4169-8b04-ac5157c4380c. Continuing...
[16/06/23 15:57:20:331 UTC]  INFO util.ActivityLogger: class com.dotmarketing.util.ActivityLogger: system : Save Field Action , User system/system user added field fields-2 to Host Structure.
[16/06/23 15:57:20:345 UTC]  INFO util.ActivityLogger: class com.dotmarketing.util.ActivityLogger: system : Save Field Action , User system/system user added field fields-3 to Host Structure.
[16/06/23 15:57:20:357 UTC]  INFO util.ActivityLogger: class com.dotmarketing.util.ActivityLogger: system : Save Field Action , User system/system user added field Site Key to Host Structure.
[16/06/23 15:57:20:375 UTC]  INFO util.ActivityLogger: class com.dotmarketing.util.ActivityLogger: system : Save Field Action , User system/system user added field Aliases to Host Structure.
[16/06/23 15:57:20:397 UTC]  INFO util.ActivityLogger: class com.dotmarketing.util.ActivityLogger: system : Save Field Action , User system/system user added field Tag Storage to Host Structure.
[16/06/23 15:57:20:433 UTC]  INFO util.ActivityLogger: class com.dotmarketing.util.ActivityLogger: system : Save Field Action , User system/system user added field Is Default to Host Structure.
[16/06/23 15:57:20:467 UTC]  INFO util.ActivityLogger: class com.dotmarketing.util.ActivityLogger: system : Save Field Action , User system/system user added field Is System Host to Host Structure.
[16/06/23 15:57:20:492 UTC]  INFO util.ActivityLogger: class com.dotmarketing.util.ActivityLogger: system : Save Field Action , User system/system user added field Host Thumbnail to Host Structure.
[16/06/23 15:57:20:512 UTC]  INFO util.ActivityLogger: class com.dotmarketing.util.ActivityLogger: system : Save Field Action , User system/system user added field Run Dashboard to Host Structure.
[16/06/23 15:57:20:520 UTC]  INFO util.ActivityLogger: class com.dotcms.contenttype.business.ContentTypeAPIImpl: system : Save ContentType Action , User system/system user system user added ContentType Host to host id:SYSTEM_HOST
[16/06/23 15:57:20:520 UTC]  INFO business.ContentTypeAPIImpl: UserId : system : ContentType : ContentType saved : Host
[16/06/23 15:57:20:520 UTC]  INFO util.AdminLogger: UserId : system : class com.dotcms.contenttype.business.ContentTypeAPIImpl : ContentType : ContentType saved : Host
[16/06/23 15:57:20:523 UTC]  INFO business.ContentTypeAPIImpl: Content type not found with given id: 2c46b6586c38852ac08a824a303ced80. Continuing...
[16/06/23 15:57:20:539 UTC]  INFO util.ActivityLogger: class com.dotmarketing.util.ActivityLogger: system : Save Field Action , User system/system user added field Site or Folder to Image Structure.
[16/06/23 15:57:20:555 UTC]  INFO util.ActivityLogger: class com.dotmarketing.util.ActivityLogger: system : Save Field Action , User system/system user added field Asset to Image Structure.
[16/06/23 15:57:20:574 UTC]  INFO util.ActivityLogger: class com.dotmarketing.util.ActivityLogger: system : Save Field Action , User system/system user added field Tags to Image Structure.
[16/06/23 15:57:20:582 UTC]  INFO util.ActivityLogger: class com.dotcms.contenttype.business.ContentTypeAPIImpl: system : Save ContentType Action , User system/system user system user added ContentType Image to host id:8a7d5e23-da1e-420a-b4f0-471e7da8ea2d
[16/06/23 15:57:20:582 UTC]  INFO business.ContentTypeAPIImpl: UserId : system : ContentType : ContentType saved : Image
[16/06/23 15:57:20:582 UTC]  INFO util.AdminLogger: UserId : system : class com.dotcms.contenttype.business.ContentTypeAPIImpl : ContentType : ContentType saved : Image
[16/06/23 15:57:20:592 UTC]  INFO business.ContentTypeAPIImpl: Content type not found with given id: c77450b834901a20c8193ef9d561ee5b. Continuing...
[16/06/23 15:57:20:609 UTC]  INFO util.ActivityLogger: class com.dotmarketing.util.ActivityLogger: system : Save Field Action , User system/system user added field Site or Folder to Video Structure.
[16/06/23 15:57:20:624 UTC]  INFO util.ActivityLogger: class com.dotmarketing.util.ActivityLogger: system : Save Field Action , User system/system user added field Asset to Video Structure.
[16/06/23 15:57:20:641 UTC]  INFO util.ActivityLogger: class com.dotmarketing.util.ActivityLogger: system : Save Field Action , User system/system user added field Tags to Video Structure.
[16/06/23 15:57:20:646 UTC]  INFO util.ActivityLogger: class com.dotcms.contenttype.business.ContentTypeAPIImpl: system : Save ContentType Action , User system/system user system user added ContentType Video to host id:8a7d5e23-da1e-420a-b4f0-471e7da8ea2d
[16/06/23 15:57:20:646 UTC]  INFO business.ContentTypeAPIImpl: UserId : system : ContentType : ContentType saved : Video
[16/06/23 15:57:20:646 UTC]  INFO util.AdminLogger: UserId : system : class com.dotcms.contenttype.business.ContentTypeAPIImpl : ContentType : ContentType saved : Video
[16/06/23 15:57:20:661 UTC]  INFO business.ContentTypeAPIImpl: Content type not found with given id: 2a3e91e4-fbbf-4876-8c5b-2233c1739b05. Continuing...
[16/06/23 15:57:20:669 UTC]  INFO util.ActivityLogger: class com.dotmarketing.util.ActivityLogger: system : Save Field Action , User system/system user added field Row Field to Content (Generic) Structure.
[16/06/23 15:57:20:677 UTC]  INFO util.ActivityLogger: class com.dotmarketing.util.ActivityLogger: system : Save Field Action , User system/system user added field Column Field to Content (Generic) Structure.
[16/06/23 15:57:20:686 UTC]  INFO util.ActivityLogger: class com.dotmarketing.util.ActivityLogger: system : Save Field Action , User system/system user added field Title to Content (Generic) Structure.
[16/06/23 15:57:20:697 UTC]  INFO util.ActivityLogger: class com.dotmarketing.util.ActivityLogger: system : Save Field Action , User system/system user added field Site to Content (Generic) Structure.
[16/06/23 15:57:20:712 UTC]  INFO util.ActivityLogger: class com.dotmarketing.util.ActivityLogger: system : Save Field Action , User system/system user added field Body to Content (Generic) Structure.
[16/06/23 15:57:20:717 UTC]  INFO util.ActivityLogger: class com.dotcms.contenttype.business.ContentTypeAPIImpl: system : Save ContentType Action , User system/system user system user added ContentType Content (Generic) to host id:SYSTEM_HOST
[16/06/23 15:57:20:717 UTC]  INFO business.ContentTypeAPIImpl: UserId : system : ContentType : ContentType saved : Content (Generic)
[16/06/23 15:57:20:717 UTC]  INFO util.AdminLogger: UserId : system : class com.dotcms.contenttype.business.ContentTypeAPIImpl : ContentType : ContentType saved : Content (Generic)
[16/06/23 15:57:20:719 UTC]  INFO business.ContentTypeAPIImpl: Content type not found with given id: ce930143870e11569f93f8a9fff5da19. Continuing...
[16/06/23 15:57:20:727 UTC]  INFO util.ActivityLogger: class com.dotmarketing.util.ActivityLogger: system : Save Field Action , User system/system user added field Screenshot to Dot Favorite Page Structure.
[16/06/23 15:57:20:735 UTC]  INFO util.ActivityLogger: class com.dotmarketing.util.ActivityLogger: system : Save Field Action , User system/system user added field title to Dot Favorite Page Structure.
[16/06/23 15:57:20:744 UTC]  INFO util.ActivityLogger: class com.dotmarketing.util.ActivityLogger: system : Save Field Action , User system/system user added field url to Dot Favorite Page Structure.
[16/06/23 15:57:20:755 UTC]  INFO util.ActivityLogger: class com.dotmarketing.util.ActivityLogger: system : Save Field Action , User system/system user added field order to Dot Favorite Page Structure.
[16/06/23 15:57:20:759 UTC]  INFO util.ActivityLogger: class com.dotcms.contenttype.business.ContentTypeAPIImpl: system : Save ContentType Action , User system/system user system user added ContentType Dot Favorite Page to host id:SYSTEM_HOST
[16/06/23 15:57:20:759 UTC]  INFO business.ContentTypeAPIImpl: UserId : system : ContentType : ContentType saved : Dot Favorite Page
[16/06/23 15:57:20:759 UTC]  INFO util.AdminLogger: UserId : system : class com.dotcms.contenttype.business.ContentTypeAPIImpl : ContentType : ContentType saved : Dot Favorite Page
[16/06/23 15:57:20:762 UTC]  INFO starter.ImportStarterUtil: **** Importing the file: /data/local/dotsecure/backup/temp/com.dotmarketing.portlets.contentlet.model.Contentlet_0000000000.json *****
[16/06/23 15:57:20:762 UTC]  INFO starter.ImportStarterUtil: Importing:	com.dotmarketing.portlets.contentlet.model.Contentlet
[16/06/23 15:57:20:937 UTC]  INFO starter.ImportStarterUtil: Found :	5 com.dotmarketing.portlets.contentlet.model.Contentlet(s)
[16/06/23 15:57:21:044 UTC]  INFO timedcache.TimedCacheProvider: ***	 Building Cache : esquerycache, size:10000, seconds:3600,Concurrency:32 (every 60000 millis)
[16/06/23 15:57:21:446 UTC]  INFO util.SecurityLogger: class com.dotmarketing.portlets.workflows.business.WorkflowAPIImpl : Workflow Scheme 'System Workflow' [d61a59e1-a49c-46f2-a929-db2b4bfa88b2] has been saved by User ID 'system' -- ip:ukn,user:null
[16/06/23 15:57:21:451 UTC]  INFO util.SecurityLogger: class com.dotmarketing.portlets.workflows.business.WorkflowAPIImpl : Workflow Step 'New' [6cb7e3bd-1710-4eed-8838-d3db60f78f19] has been saved by User ID 'system' -- ip:ukn,user:null
[16/06/23 15:57:21:453 UTC]  INFO util.SecurityLogger: class com.dotmarketing.portlets.workflows.business.WorkflowAPIImpl : Workflow Step 'Draft' [ee24a4cb-2d15-4c98-b1bd-6327126451f3] has been saved by User ID 'system' -- ip:ukn,user:null
[16/06/23 15:57:21:455 UTC]  INFO util.SecurityLogger: class com.dotmarketing.portlets.workflows.business.WorkflowAPIImpl : Workflow Step 'Published' [dc3c9cd0-8467-404b-bf95-cb7df3fbc293] has been saved by User ID 'system' -- ip:ukn,user:null
[16/06/23 15:57:21:457 UTC]  INFO util.SecurityLogger: class com.dotmarketing.portlets.workflows.business.WorkflowAPIImpl : Workflow Step 'Archived' [d6b095b6-b65f-4bdb-bbfd-701d663dfee2] has been saved by User ID 'system' -- ip:ukn,user:null
[16/06/23 15:57:21:462 UTC]  INFO util.SecurityLogger: class com.dotmarketing.portlets.workflows.business.WorkflowAPIImpl : Action id: '4da13a42-5d59-480c-ad8f-94a3adf809fe' has been reordered by user: system -- ip:ukn,user:null
[16/06/23 15:57:21:470 UTC]  INFO util.SecurityLogger: class com.dotmarketing.portlets.workflows.business.WorkflowAPIImpl : Action id: '963f6a04-5320-42e7-ab74-6d876d199946' has been reordered by user: system -- ip:ukn,user:null
[16/06/23 15:57:21:473 UTC]  INFO util.SecurityLogger: class com.dotmarketing.portlets.workflows.business.WorkflowAPIImpl : Action id: '777f1c6b-c877-4a37-ba4b-10627316c2cc' has been reordered by user: system -- ip:ukn,user:null
[16/06/23 15:57:21:476 UTC]  INFO util.SecurityLogger: class com.dotmarketing.portlets.workflows.business.WorkflowAPIImpl : Action id: '1e0f1c6b-b67f-4c99-983d-db2b4bfa88b2' has been reordered by user: system -- ip:ukn,user:null
[16/06/23 15:57:21:479 UTC]  INFO util.SecurityLogger: class com.dotmarketing.portlets.workflows.business.WorkflowAPIImpl : Action id: 'dd4c4b7c-e9d3-4dc0-8fbf-36102f9c6324' has been reordered by user: system -- ip:ukn,user:null
[16/06/23 15:57:21:481 UTC]  INFO util.SecurityLogger: class com.dotmarketing.portlets.workflows.business.WorkflowAPIImpl : Action id: 'b9d89c80-3d88-4311-8365-187323c96436' has been reordered by user: system -- ip:ukn,user:null
[16/06/23 15:57:21:484 UTC]  INFO util.SecurityLogger: class com.dotmarketing.portlets.workflows.business.WorkflowAPIImpl : Action id: 'ceca71a0-deee-4999-bd47-b01baa1bcfc8' has been reordered by user: system -- ip:ukn,user:null
[16/06/23 15:57:21:486 UTC]  INFO util.SecurityLogger: class com.dotmarketing.portlets.workflows.business.WorkflowAPIImpl : Action id: 'c92f9aa1-9503-4567-ac30-d3242b54d02d' has been reordered by user: system -- ip:ukn,user:null
[16/06/23 15:57:21:488 UTC]  INFO util.SecurityLogger: class com.dotmarketing.portlets.workflows.business.WorkflowAPIImpl : Action id: '38efc763-d78f-4e4b-b092-59cd8c579b93' has been reordered by user: system -- ip:ukn,user:null
[16/06/23 15:57:21:504 UTC]  INFO util.SecurityLogger: class com.dotmarketing.portlets.workflows.business.WorkflowAPIImpl : The action id: 'ceca71a0-deee-4999-bd47-b01baa1bcfc8' has been saved by the user: system -- ip:ukn,user:null
[16/06/23 15:57:21:508 UTC]  INFO util.SecurityLogger: class com.dotmarketing.portlets.workflows.business.WorkflowAPIImpl : The action id: 'b9d89c80-3d88-4311-8365-187323c96436' has been saved by the user: system -- ip:ukn,user:null
[16/06/23 15:57:21:512 UTC]  INFO util.SecurityLogger: class com.dotmarketing.portlets.workflows.business.WorkflowAPIImpl : The action id: '777f1c6b-c877-4a37-ba4b-10627316c2cc' has been saved by the user: system -- ip:ukn,user:null
[16/06/23 15:57:21:516 UTC]  INFO util.SecurityLogger: class com.dotmarketing.portlets.workflows.business.WorkflowAPIImpl : The action id: 'ceca71a0-deee-4999-bd47-b01baa1bcfc8' has been saved by the user: system -- ip:ukn,user:null
[16/06/23 15:57:21:520 UTC]  INFO util.SecurityLogger: class com.dotmarketing.portlets.workflows.business.WorkflowAPIImpl : The action id: 'dd4c4b7c-e9d3-4dc0-8fbf-36102f9c6324' has been saved by the user: system -- ip:ukn,user:null
[16/06/23 15:57:21:523 UTC]  INFO util.SecurityLogger: class com.dotmarketing.portlets.workflows.business.WorkflowAPIImpl : The action id: '38efc763-d78f-4e4b-b092-59cd8c579b93' has been saved by the user: system -- ip:ukn,user:null
[16/06/23 15:57:21:526 UTC]  INFO util.SecurityLogger: class com.dotmarketing.portlets.workflows.business.WorkflowAPIImpl : The action id: '963f6a04-5320-42e7-ab74-6d876d199946' has been saved by the user: system -- ip:ukn,user:null
[16/06/23 15:57:21:529 UTC]  INFO util.SecurityLogger: class com.dotmarketing.portlets.workflows.business.WorkflowAPIImpl : The action id: 'b9d89c80-3d88-4311-8365-187323c96436' has been saved by the user: system -- ip:ukn,user:null
[16/06/23 15:57:21:533 UTC]  INFO util.SecurityLogger: class com.dotmarketing.portlets.workflows.business.WorkflowAPIImpl : The action id: '4da13a42-5d59-480c-ad8f-94a3adf809fe' has been saved by the user: system -- ip:ukn,user:null
[16/06/23 15:57:21:537 UTC]  INFO util.SecurityLogger: class com.dotmarketing.portlets.workflows.business.WorkflowAPIImpl : The action id: '963f6a04-5320-42e7-ab74-6d876d199946' has been saved by the user: system -- ip:ukn,user:null
[16/06/23 15:57:21:544 UTC]  INFO util.SecurityLogger: class com.dotmarketing.portlets.workflows.business.WorkflowAPIImpl : The action id: '38efc763-d78f-4e4b-b092-59cd8c579b93' has been saved by the user: system -- ip:ukn,user:null
[16/06/23 15:57:21:547 UTC]  INFO util.SecurityLogger: class com.dotmarketing.portlets.workflows.business.WorkflowAPIImpl : The action id: 'ceca71a0-deee-4999-bd47-b01baa1bcfc8' has been saved by the user: system -- ip:ukn,user:null
[16/06/23 15:57:21:550 UTC]  INFO util.SecurityLogger: class com.dotmarketing.portlets.workflows.business.WorkflowAPIImpl : The action id: '4da13a42-5d59-480c-ad8f-94a3adf809fe' has been saved by the user: system -- ip:ukn,user:null
[16/06/23 15:57:21:553 UTC]  INFO util.SecurityLogger: class com.dotmarketing.portlets.workflows.business.WorkflowAPIImpl : The action id: 'b9d89c80-3d88-4311-8365-187323c96436' has been saved by the user: system -- ip:ukn,user:null
[16/06/23 15:57:21:556 UTC]  INFO util.SecurityLogger: class com.dotmarketing.portlets.workflows.business.WorkflowAPIImpl : The action id: 'dd4c4b7c-e9d3-4dc0-8fbf-36102f9c6324' has been saved by the user: system -- ip:ukn,user:null
[16/06/23 15:57:21:564 UTC]  INFO util.SecurityLogger: class com.dotmarketing.portlets.workflows.business.WorkflowAPIImpl : The action id: 'c92f9aa1-9503-4567-ac30-d3242b54d02d' has been saved by the user: system -- ip:ukn,user:null
[16/06/23 15:57:21:567 UTC]  INFO util.SecurityLogger: class com.dotmarketing.portlets.workflows.business.WorkflowAPIImpl : The action id: '777f1c6b-c877-4a37-ba4b-10627316c2cc' has been saved by the user: system -- ip:ukn,user:null
[16/06/23 15:57:21:571 UTC]  INFO util.SecurityLogger: class com.dotmarketing.portlets.workflows.business.WorkflowAPIImpl : The action id: '1e0f1c6b-b67f-4c99-983d-db2b4bfa88b2' has been saved by the user: system -- ip:ukn,user:null
[16/06/23 15:57:21:638 UTC]  INFO util.SecurityLogger: class com.dotmarketing.portlets.workflows.business.WorkflowAPIImpl : Saving class parameters by the user: system -- ip:ukn,user:null
[16/06/23 15:57:21:646 UTC]  INFO starter.ImportStarterUtil: **** Importing the file: /data/local/dotsecure/backup/temp/com.dotmarketing.beans.Permission_0000000000.json *****
[16/06/23 15:57:21:646 UTC]  INFO starter.ImportStarterUtil: Importing:	com.dotmarketing.beans.Permission
[16/06/23 15:57:21:662 UTC]  INFO starter.ImportStarterUtil: Found :	20 com.dotmarketing.beans.Permission(s)
[16/06/23 15:57:21:690 UTC]  INFO starter.ImportStarterUtil: **** Importing the file: /data/local/dotsecure/backup/temp/com.dotmarketing.portlets.contentlet.model.ContentletVersionInfo_0000000000.json *****
[16/06/23 15:57:21:690 UTC]  INFO starter.ImportStarterUtil: Importing:	com.dotmarketing.portlets.contentlet.model.ContentletVersionInfo
[16/06/23 15:57:21:691 UTC]  INFO starter.ImportStarterUtil: Found :	3 com.dotmarketing.portlets.contentlet.model.ContentletVersionInfo(s)
[16/06/23 15:57:21:761 UTC]  INFO starter.ImportStarterUtil: **** Importing the file: /data/local/dotsecure/backup/temp/com.dotmarketing.portlets.workflows.model.WorkflowTask_0000000000.json *****
[16/06/23 15:57:21:761 UTC]  INFO starter.ImportStarterUtil: Importing:	com.dotmarketing.portlets.workflows.model.WorkflowTask
[16/06/23 15:57:21:763 UTC]  INFO starter.ImportStarterUtil: Found :	1 com.dotmarketing.portlets.workflows.model.WorkflowTask(s)
[16/06/23 15:57:21:770 UTC]  INFO starter.ImportStarterUtil: **** Importing the file: /data/local/dotsecure/backup/temp/Image.json *****
[16/06/23 15:57:21:770 UTC]  INFO starter.ImportStarterUtil: Importing:	Image
[16/06/23 15:57:27:138 UTC]  INFO starter.ImportStarterUtil: Found :	1 Image(s)
[16/06/23 15:57:27:141 UTC]  INFO starter.ImportStarterUtil: **** Importing the file: /data/local/dotsecure/backup/temp/Portlet.json *****
[16/06/23 15:57:27:141 UTC]  INFO starter.ImportStarterUtil: Importing:	Portlet
[16/06/23 15:57:27:146 UTC]  INFO starter.ImportStarterUtil: Found :	3 Portlet(s)
[16/06/23 15:57:27:152 UTC]  INFO starter.ImportStarterUtil: Done Importing
[16/06/23 15:57:27:158 UTC]  INFO runonce.Task210321RemoveOldMetadataFiles:  executing metadata clean up under path /data/shared/assets
[16/06/23 15:57:27:163 UTC]  INFO db.DotCMSInitDb:  `1` old metadata entries removed and `0` old content files from the starter.
[16/06/23 15:57:27:166 UTC]  INFO timedcache.TimedCacheProvider: ===== Initializing [Timed Cache Provider].
[16/06/23 15:57:27:167 UTC]  INFO timedcache.TimedCacheProvider: ***	 Cache Config Memory : esquerycache: 10000
[16/06/23 15:57:27:167 UTC]  INFO timedcache.TimedCacheProvider: ***	 Cache Config Memory : esquerycountcache: 10000
[16/06/23 15:57:27:167 UTC]  INFO timedcache.TimedCacheProvider: ***	 Cache Config Memory : graphqlquerycache: 5000
[16/06/23 15:57:27:167 UTC]  INFO timedcache.TimedCacheProvider: ***	 Cache Config Memory : default: 1000
[16/06/23 15:57:27:167 UTC]  INFO timedcache.TimedCacheProvider: ***	 Cache Config Memory : adminconfigpool: 100
[16/06/23 15:57:27:168 UTC]  INFO timedcache.TimedCacheProvider: ***	 Cache Config Memory : companypool: 10
[16/06/23 15:57:27:169 UTC]  INFO timedcache.TimedCacheProvider: ***	 Cache Config Memory : contentletcache: 5000
[16/06/23 15:57:27:169 UTC]  INFO timedcache.TimedCacheProvider: ***	 Cache Config Memory : categoryparentscache: 30000
[16/06/23 15:57:27:169 UTC]  INFO timedcache.TimedCacheProvider: ***	 Cache Config Memory : taginodecache: 50000
[16/06/23 15:57:27:172 UTC]  INFO timedcache.TimedCacheProvider: ***	 Cache Config Memory : taginodesbyinodecache: 50000
[16/06/23 15:57:27:172 UTC]  INFO timedcache.TimedCacheProvider: ***	 Cache Config Memory : tagcache: 50000
[16/06/23 15:57:27:173 UTC]  INFO timedcache.TimedCacheProvider: ***	 Cache Config Memory : csscache: 2500
[16/06/23 15:57:27:175 UTC]  INFO timedcache.TimedCacheProvider: ***	 Cache Config Memory : assetmetadatacache: 10000
[16/06/23 15:57:27:176 UTC]  INFO timedcache.TimedCacheProvider: ***	 Cache Config Memory : identifiercache: 50000
[16/06/23 15:57:27:177 UTC]  INFO timedcache.TimedCacheProvider: ***	 Cache Config Memory : identifier404cache: 30000
[16/06/23 15:57:27:177 UTC]  INFO timedcache.TimedCacheProvider: ***	 Cache Config Memory : indiciescache: 8
[16/06/23 15:57:27:179 UTC]  INFO timedcache.TimedCacheProvider: ***	 Cache Config Memory : logmappercache: 10
[16/06/23 15:57:27:182 UTC]  INFO timedcache.TimedCacheProvider: ***	 Cache Config Memory : navcache: 1000
[16/06/23 15:57:27:182 UTC]  INFO timedcache.TimedCacheProvider: ***	 Cache Config Memory : parentpermissionablecache: 10000
[16/06/23 15:57:27:182 UTC]  INFO timedcache.TimedCacheProvider: ***	 Cache Config Memory : permissioncache: 50000
[16/06/23 15:57:27:182 UTC]  INFO timedcache.TimedCacheProvider: ***	 Cache Config Memory : portletpool: 100
[16/06/23 15:57:27:182 UTC]  INFO timedcache.TimedCacheProvider: ***	 Cache Config Memory : publishingendpointcache: 100
[16/06/23 15:57:27:182 UTC]  INFO timedcache.TimedCacheProvider: ***	 Cache Config Memory : pushedassetscache: 5000
[16/06/23 15:57:27:182 UTC]  INFO timedcache.TimedCacheProvider: ***	 Cache Config Memory : templatecache: 500
[16/06/23 15:57:27:182 UTC]  INFO timedcache.TimedCacheProvider: ***	 Cache Config Memory : translatedquerycache: 5000
[16/06/23 15:57:27:182 UTC]  INFO timedcache.TimedCacheProvider: ***	 Cache Config Memory : versioncache: 50000
[16/06/23 15:57:27:182 UTC]  INFO timedcache.TimedCacheProvider: ***	 Cache Config Memory : versioninfocache: 50000
[16/06/23 15:57:27:182 UTC]  INFO timedcache.TimedCacheProvider: ***	 Cache Config Memory : workflowactioncache: 10000
[16/06/23 15:57:27:182 UTC]  INFO timedcache.TimedCacheProvider: ***	 Cache Config Memory : workflowtaskcache: 10000
[16/06/23 15:57:27:182 UTC]  INFO timedcache.TimedCacheProvider: ***	 Cache Config Memory : shortyidcache: 25000
[16/06/23 15:57:27:182 UTC]  INFO timedcache.TimedCacheProvider: ***	 Cache Config Memory : velocitycache: 5000
[16/06/23 15:57:27:182 UTC]  INFO timedcache.TimedCacheProvider: ***	 Cache Config Memory : vanityurldirectcache: 25000
[16/06/23 15:57:27:182 UTC]  INFO timedcache.TimedCacheProvider: ***	 Cache Config Memory : vanityurlsitecache: 5000
[16/06/23 15:57:27:182 UTC]  INFO h22.H22Cache: Start Full Cache Flush in h22
[16/06/23 15:57:27:182 UTC]  INFO h22.H22Cache: Building new H22 Cache, db:0
[16/06/23 15:57:27:183 UTC]  INFO h22.H22HikariPool: H22 on disk cache:jdbc:h2:/data/local/dotsecure/h22cache/0/2023-06-16_15-57-27/cache;MVCC=TRUE;DB_CLOSE_ON_EXIT=FALSE
[16/06/23 15:57:27:249 UTC]  INFO h22.H22Cache: Building new H22 Cache, db:1
[16/06/23 15:57:27:249 UTC]  INFO h22.H22HikariPool: H22 on disk cache:jdbc:h2:/data/local/dotsecure/h22cache/1/2023-06-16_15-57-27/cache;MVCC=TRUE;DB_CLOSE_ON_EXIT=FALSE
[16/06/23 15:57:27:326 UTC]  INFO h22.H22Cache: End Full Cache Flush in h22 : 143ms
[16/06/23 15:57:27:374 UTC]  INFO reindex.ReindexThread: --- Recreating ReindexThread from stopped
[16/06/23 15:57:27:377 UTC]  INFO framework.OSGISystem: Starting: OSGi System Framework
[16/06/23 15:57:27:380 UTC]  INFO framework.OSGISystem: Felix System base dir: /srv/dotserver/tomcat-9.0.60/webapps/ROOT/WEB-INF/felix-system
[16/06/23 15:57:27:388 UTC]  INFO framework.OSGIUtil: Loading Factory org.apache.felix.framework.FrameworkFactory
[16/06/23 15:57:27:764 UTC]  INFO init.SamlInitializer: SAML Init STARTED...
[16/06/23 15:57:28:604 UTC]  INFO init.SamlInitializer: Doing instance of Java Crypto validator
[16/06/23 15:57:28:604 UTC]  INFO init.SamlInitializer: Getting the Security Providers
[16/06/23 15:57:28:605 UTC]  INFO init.SamlInitializer: - SUN (DSA key/parameter generation; DSA signing; SHA-1, MD5 digests; SecureRandom; X.509 certificates; PKCS12, JKS & DKS keystores; PKIX CertPathValidator; PKIX CertPathBuilder; LDAP, Collection CertStores, JavaPolicy Policy; JavaLoginConfig Configuration)
[16/06/23 15:57:28:605 UTC]  INFO init.SamlInitializer: - Sun RSA signature provider
[16/06/23 15:57:28:605 UTC]  INFO init.SamlInitializer: - Sun Elliptic Curve provider (EC, ECDSA, ECDH)
[16/06/23 15:57:28:605 UTC]  INFO init.SamlInitializer: - Sun JSSE provider(PKCS12, SunX509/PKIX key/trust factories, SSLv3/TLSv1/TLSv1.1/TLSv1.2/TLSv1.3/DTLSv1.0/DTLSv1.2)
[16/06/23 15:57:28:605 UTC]  INFO init.SamlInitializer: - SunJCE Provider (implements RSA, DES, Triple DES, AES, Blowfish, ARCFOUR, RC2, PBE, Diffie-Hellman, HMAC, ChaCha20)
[16/06/23 15:57:28:605 UTC]  INFO init.SamlInitializer: - Sun (Kerberos v5, SPNEGO)
[16/06/23 15:57:28:605 UTC]  INFO init.SamlInitializer: - Sun SASL provider(implements client mechanisms for: DIGEST-MD5, EXTERNAL, PLAIN, CRAM-MD5, NTLM; server mechanisms for: DIGEST-MD5, CRAM-MD5, NTLM)
[16/06/23 15:57:28:605 UTC]  INFO init.SamlInitializer: - JdkLDAP Provider (implements LDAP CertStore)
[16/06/23 15:57:28:605 UTC]  INFO init.SamlInitializer: Doing Init of SignatureValidationProvider
[16/06/23 15:57:28:611 UTC]  INFO init.SamlInitializer: SAML Init DONE
[16/06/23 15:57:28:611 UTC]  INFO init.SamlInitializer: Setting basic parser pool
[16/06/23 15:57:28:613 UTC]  INFO osgi.Activator: Adding the SAML Web Filter
[16/06/23 15:57:28:670 UTC]  INFO osgi.Activator: Adding the SAML Web Service: com.dotcms.auth.providers.saml.v1.DotSamlResource
[16/06/23 15:57:29:093 UTC]  INFO osgi.Activator: Subscribing to  AppSecretSavedEvent events
[16/06/23 15:57:29:793 UTC]  INFO framework.OSGISystem: Started : OSGi System Framework
[16/06/23 15:57:29:794 UTC]  INFO reindex.ReindexThread: --- ReindexThread Running (every 60000 millis)
[16/06/23 15:57:29:798 UTC]  INFO db.DotCMSInitDb: Building Initial Index
[16/06/23 15:57:29:806 UTC]  INFO reindex.ReindexThread: ---  ReindexThread is starting, background indexing will begin
[16/06/23 15:57:29:863 UTC]  INFO business.ESIndexAPI: createIndex : Trying to create index: cluster_587b4aa080.working_20230616155729 with shards: 0
[16/06/23 15:57:29:863 UTC]  INFO util.AdminLogger: class com.dotcms.content.elasticsearch.business.ESIndexAPI : createIndex : Trying to create index: cluster_587b4aa080.working_20230616155729 with shards: 0
[16/06/23 15:57:29:863 UTC]  WARN business.ESIndexAPI: Unable to parse shards from config
[16/06/23 15:57:29:863 UTC]  WARN business.ESIndexAPI: null
[16/06/23 15:57:29:864 UTC]  WARN business.ESIndexAPI: java.base/java.lang.Integer.parseInt(Integer.java:614)
[16/06/23 15:57:30:193 UTC]  INFO business.ESIndexAPI: createIndex : Index created: cluster_587b4aa080.working_20230616155729 with shards: 1
[16/06/23 15:57:30:193 UTC]  INFO util.AdminLogger: class com.dotcms.content.elasticsearch.business.ESIndexAPI : createIndex : Index created: cluster_587b4aa080.working_20230616155729 with shards: 1
[16/06/23 15:57:30:298 UTC]  INFO business.ESIndexAPI: createIndex : Trying to create index: cluster_587b4aa080.live_20230616155729 with shards: 0
[16/06/23 15:57:30:298 UTC]  INFO util.AdminLogger: class com.dotcms.content.elasticsearch.business.ESIndexAPI : createIndex : Trying to create index: cluster_587b4aa080.live_20230616155729 with shards: 0
[16/06/23 15:57:30:299 UTC]  WARN business.ESIndexAPI: Unable to parse shards from config
[16/06/23 15:57:30:299 UTC]  WARN business.ESIndexAPI: null
[16/06/23 15:57:30:299 UTC]  WARN business.ESIndexAPI: java.base/java.lang.Integer.parseInt(Integer.java:614)
[16/06/23 15:57:30:393 UTC]  INFO business.ESIndexAPI: createIndex : Index created: cluster_587b4aa080.live_20230616155729 with shards: 1
[16/06/23 15:57:30:393 UTC]  INFO util.AdminLogger: class com.dotcms.content.elasticsearch.business.ESIndexAPI : createIndex : Index created: cluster_587b4aa080.live_20230616155729 with shards: 1
[16/06/23 15:57:34:971 UTC]  INFO reindex.ReindexThread: --- Unpausing reindex thread 
[16/06/23 15:57:35:876 UTC]  INFO reindex.BulkProcessorListener: -----------
[16/06/23 15:57:35:878 UTC]  INFO reindex.BulkProcessorListener: Reindexing Server #  : 1 of 1
[16/06/23 15:57:35:879 UTC]  INFO reindex.BulkProcessorListener: Total Indexed        : 0
[16/06/23 15:57:35:880 UTC]  INFO reindex.BulkProcessorListener: ReindexEntries found : 3
[16/06/23 15:57:35:881 UTC]  INFO reindex.BulkProcessorListener: BulkRequests created : 6
[16/06/23 15:57:35:882 UTC]  INFO reindex.BulkProcessorListener: -----------
[16/06/23 15:57:37:977 UTC]  INFO db.DotCMSInitDb: Records left to index : 0
[16/06/23 15:57:37:979 UTC]  INFO db.DotCMSInitDb: While in DevMode dotCMS will not set an initial password to the admin user.
[16/06/23 15:57:37:980 UTC]  INFO startup.StartupTasksExecutor: Not Running Startup Tasks: Task00005LoadFixassets
[16/06/23 15:57:38:039 UTC]  INFO startup.StartupTasksExecutor: Running Startup Tasks : Task00006CreateSystemLayout
[16/06/23 15:57:41:058 UTC]  INFO startup.StartupTasksExecutor: Not Running Startup Tasks: Task00007RemoveSitesearchQuartzJob
[16/06/23 15:57:41:059 UTC]  INFO startup.StartupTasksExecutor: Running Startup Tasks : Task00040CheckAnonymousUser
[16/06/23 15:57:41:292 UTC]  INFO apps.SecretsKeyStoreHelper: KeyStore loaded successfully after `1` tries.
[16/06/23 15:57:41:293 UTC]  INFO startup.StartupTasksExecutor: Not Running Startup Tasks: Task00050LoadAppsSecrets
[16/06/23 15:57:41:294 UTC]  INFO startup.StartupTasksExecutor: Finishing startup tasks.
[16/06/23 15:57:41:294 UTC]  INFO startup.StartupTasksExecutor: ---
[16/06/23 15:57:41:294 UTC]  INFO startup.StartupTasksExecutor: 
[16/06/23 15:57:41:294 UTC]  INFO startup.StartupTasksExecutor: Running Upgrade Tasks
[16/06/23 15:57:41:296 UTC]  INFO startup.StartupTasksExecutor: Database version: 0
[16/06/23 15:57:42:409 UTC]  INFO startup.StartupTasksExecutor: Database upgraded to version: 760
[16/06/23 15:57:42:410 UTC]  INFO startup.StartupTasksExecutor: Database upgraded to version: 765
[16/06/23 15:57:42:412 UTC]  INFO startup.StartupTasksExecutor: Database upgraded to version: 766
[16/06/23 15:57:42:413 UTC]  INFO startup.StartupTasksExecutor: Database upgraded to version: 767
[16/06/23 15:57:42:414 UTC]  INFO startup.StartupTasksExecutor: Database upgraded to version: 768
[16/06/23 15:57:42:415 UTC]  INFO startup.StartupTasksExecutor: Database upgraded to version: 769
[16/06/23 15:57:42:416 UTC]  INFO startup.StartupTasksExecutor: Database upgraded to version: 775
[16/06/23 15:57:42:416 UTC]  INFO startup.StartupTasksExecutor: Database upgraded to version: 780
[16/06/23 15:57:42:417 UTC]  INFO startup.StartupTasksExecutor: Database upgraded to version: 782
[16/06/23 15:57:42:418 UTC]  INFO startup.StartupTasksExecutor: Database upgraded to version: 785
[16/06/23 15:57:42:419 UTC]  INFO startup.StartupTasksExecutor: Database upgraded to version: 790
[16/06/23 15:57:42:420 UTC]  INFO startup.StartupTasksExecutor: Database upgraded to version: 795
[16/06/23 15:57:42:421 UTC]  INFO startup.StartupTasksExecutor: Database upgraded to version: 800
[16/06/23 15:57:42:422 UTC]  INFO startup.StartupTasksExecutor: Database upgraded to version: 805
[16/06/23 15:57:42:423 UTC]  INFO startup.StartupTasksExecutor: Database upgraded to version: 810
[16/06/23 15:57:42:424 UTC]  INFO startup.StartupTasksExecutor: Database upgraded to version: 815
[16/06/23 15:57:42:425 UTC]  INFO startup.StartupTasksExecutor: Database upgraded to version: 820
[16/06/23 15:57:42:426 UTC]  INFO startup.StartupTasksExecutor: Database upgraded to version: 825
[16/06/23 15:57:42:427 UTC]  INFO startup.StartupTasksExecutor: Database upgraded to version: 835
[16/06/23 15:57:42:428 UTC]  INFO startup.StartupTasksExecutor: Database upgraded to version: 840
[16/06/23 15:57:42:429 UTC]  INFO startup.StartupTasksExecutor: Database upgraded to version: 845
[16/06/23 15:57:42:429 UTC]  INFO startup.StartupTasksExecutor: Database upgraded to version: 850
[16/06/23 15:57:42:430 UTC]  INFO startup.StartupTasksExecutor: Database upgraded to version: 855
[16/06/23 15:57:42:431 UTC]  INFO startup.StartupTasksExecutor: Database upgraded to version: 860
[16/06/23 15:57:42:432 UTC]  INFO startup.StartupTasksExecutor: Database upgraded to version: 865
[16/06/23 15:57:42:433 UTC]  INFO startup.StartupTasksExecutor: Database upgraded to version: 900
[16/06/23 15:57:42:434 UTC]  INFO startup.StartupTasksExecutor: Database upgraded to version: 905
[16/06/23 15:57:42:435 UTC]  INFO startup.StartupTasksExecutor: Database upgraded to version: 910
[16/06/23 15:57:42:436 UTC]  INFO startup.StartupTasksExecutor: Database upgraded to version: 920
[16/06/23 15:57:42:437 UTC]  INFO startup.StartupTasksExecutor: Database upgraded to version: 922
[16/06/23 15:57:42:438 UTC]  INFO startup.StartupTasksExecutor: Database upgraded to version: 925
[16/06/23 15:57:42:439 UTC]  INFO startup.StartupTasksExecutor: Database upgraded to version: 930
[16/06/23 15:57:42:440 UTC]  INFO startup.StartupTasksExecutor: Database upgraded to version: 935
[16/06/23 15:57:42:441 UTC]  INFO startup.StartupTasksExecutor: Database upgraded to version: 940
[16/06/23 15:57:42:442 UTC]  INFO startup.StartupTasksExecutor: Database upgraded to version: 945
[16/06/23 15:57:42:442 UTC]  INFO startup.StartupTasksExecutor: Database upgraded to version: 950
[16/06/23 15:57:42:443 UTC]  INFO startup.StartupTasksExecutor: Database upgraded to version: 1000
[16/06/23 15:57:42:444 UTC]  INFO startup.StartupTasksExecutor: Database upgraded to version: 1005
[16/06/23 15:57:42:445 UTC]  INFO startup.StartupTasksExecutor: Database upgraded to version: 1015
[16/06/23 15:57:42:446 UTC]  INFO startup.StartupTasksExecutor: Database upgraded to version: 1016
[16/06/23 15:57:42:447 UTC]  INFO startup.StartupTasksExecutor: Database upgraded to version: 1020
[16/06/23 15:57:42:448 UTC]  INFO startup.StartupTasksExecutor: Database upgraded to version: 1030
[16/06/23 15:57:42:449 UTC]  INFO startup.StartupTasksExecutor: Database upgraded to version: 1035
[16/06/23 15:57:42:450 UTC]  INFO startup.StartupTasksExecutor: Database upgraded to version: 1045
[16/06/23 15:57:42:451 UTC]  INFO startup.StartupTasksExecutor: Database upgraded to version: 1050
[16/06/23 15:57:42:451 UTC]  INFO startup.StartupTasksExecutor: Database upgraded to version: 1055
[16/06/23 15:57:42:452 UTC]  INFO startup.StartupTasksExecutor: Database upgraded to version: 1060
[16/06/23 15:57:42:453 UTC]  INFO startup.StartupTasksExecutor: Database upgraded to version: 1065
[16/06/23 15:57:42:454 UTC]  INFO startup.StartupTasksExecutor: Database upgraded to version: 1070
[16/06/23 15:57:42:455 UTC]  INFO startup.StartupTasksExecutor: Database upgraded to version: 1080
[16/06/23 15:57:42:456 UTC]  INFO startup.StartupTasksExecutor: Database upgraded to version: 1085
[16/06/23 15:57:42:457 UTC]  INFO startup.StartupTasksExecutor: Database upgraded to version: 1090
[16/06/23 15:57:42:458 UTC]  INFO startup.StartupTasksExecutor: Database upgraded to version: 1095
[16/06/23 15:57:42:459 UTC]  INFO startup.StartupTasksExecutor: Database upgraded to version: 1096
[16/06/23 15:57:42:460 UTC]  INFO startup.StartupTasksExecutor: Database upgraded to version: 3000
[16/06/23 15:57:42:461 UTC]  INFO startup.StartupTasksExecutor: Database upgraded to version: 3005
[16/06/23 15:57:42:462 UTC]  INFO startup.StartupTasksExecutor: Database upgraded to version: 3010
[16/06/23 15:57:42:462 UTC]  INFO startup.StartupTasksExecutor: Database upgraded to version: 3015
[16/06/23 15:57:42:463 UTC]  INFO startup.StartupTasksExecutor: Database upgraded to version: 3020
[16/06/23 15:57:42:464 UTC]  INFO startup.StartupTasksExecutor: Database upgraded to version: 3025
[16/06/23 15:57:42:465 UTC]  INFO startup.StartupTasksExecutor: Database upgraded to version: 3030
[16/06/23 15:57:42:466 UTC]  INFO startup.StartupTasksExecutor: Database upgraded to version: 3035
[16/06/23 15:57:42:467 UTC]  INFO startup.StartupTasksExecutor: Database upgraded to version: 3040
[16/06/23 15:57:42:468 UTC]  INFO startup.StartupTasksExecutor: Database upgraded to version: 3042
[16/06/23 15:57:42:469 UTC]  INFO startup.StartupTasksExecutor: Database upgraded to version: 3045
[16/06/23 15:57:42:470 UTC]  INFO startup.StartupTasksExecutor: Database upgraded to version: 3050
[16/06/23 15:57:42:471 UTC]  INFO startup.StartupTasksExecutor: Database upgraded to version: 3055
[16/06/23 15:57:42:471 UTC]  INFO startup.StartupTasksExecutor: Database upgraded to version: 3060
[16/06/23 15:57:42:473 UTC]  INFO startup.StartupTasksExecutor: Database upgraded to version: 3065
[16/06/23 15:57:42:474 UTC]  INFO startup.StartupTasksExecutor: Database upgraded to version: 3100
[16/06/23 15:57:42:475 UTC]  INFO startup.StartupTasksExecutor: Database upgraded to version: 3105
[16/06/23 15:57:42:476 UTC]  INFO startup.StartupTasksExecutor: Database upgraded to version: 3120
[16/06/23 15:57:42:477 UTC]  INFO startup.StartupTasksExecutor: Database upgraded to version: 3130
[16/06/23 15:57:42:477 UTC]  INFO startup.StartupTasksExecutor: Database upgraded to version: 3135
[16/06/23 15:57:42:478 UTC]  INFO startup.StartupTasksExecutor: Database upgraded to version: 3140
[16/06/23 15:57:42:479 UTC]  INFO startup.StartupTasksExecutor: Database upgraded to version: 3150
[16/06/23 15:57:42:480 UTC]  INFO startup.StartupTasksExecutor: Database upgraded to version: 3160
[16/06/23 15:57:42:481 UTC]  INFO startup.StartupTasksExecutor: Database upgraded to version: 3165
[16/06/23 15:57:42:482 UTC]  INFO startup.StartupTasksExecutor: Database upgraded to version: 3500
[16/06/23 15:57:42:483 UTC]  INFO startup.StartupTasksExecutor: Database upgraded to version: 3505
[16/06/23 15:57:42:484 UTC]  INFO startup.StartupTasksExecutor: Database upgraded to version: 3510
[16/06/23 15:57:42:485 UTC]  INFO startup.StartupTasksExecutor: Database upgraded to version: 3515
[16/06/23 15:57:42:486 UTC]  INFO startup.StartupTasksExecutor: Database upgraded to version: 3520
[16/06/23 15:57:42:487 UTC]  INFO startup.StartupTasksExecutor: Database upgraded to version: 3525
[16/06/23 15:57:42:488 UTC]  INFO startup.StartupTasksExecutor: Database upgraded to version: 3530
[16/06/23 15:57:42:488 UTC]  INFO startup.StartupTasksExecutor: Database upgraded to version: 3535
[16/06/23 15:57:42:491 UTC]  INFO startup.StartupTasksExecutor: Database upgraded to version: 3540
[16/06/23 15:57:42:493 UTC]  INFO startup.StartupTasksExecutor: Database upgraded to version: 3545
[16/06/23 15:57:42:493 UTC]  INFO startup.StartupTasksExecutor: Database upgraded to version: 3550
[16/06/23 15:57:42:494 UTC]  INFO startup.StartupTasksExecutor: Database upgraded to version: 3555
[16/06/23 15:57:42:495 UTC]  INFO startup.StartupTasksExecutor: Database upgraded to version: 3560
[16/06/23 15:57:42:496 UTC]  INFO startup.StartupTasksExecutor: Database upgraded to version: 3565
[16/06/23 15:57:42:497 UTC]  INFO startup.StartupTasksExecutor: Database upgraded to version: 3600
[16/06/23 15:57:42:498 UTC]  INFO startup.StartupTasksExecutor: Database upgraded to version: 3605
[16/06/23 15:57:42:499 UTC]  INFO startup.StartupTasksExecutor: Database upgraded to version: 3700
[16/06/23 15:57:42:500 UTC]  INFO startup.StartupTasksExecutor: Database upgraded to version: 3705
[16/06/23 15:57:42:501 UTC]  INFO startup.StartupTasksExecutor: Database upgraded to version: 3710
[16/06/23 15:57:42:501 UTC]  INFO startup.StartupTasksExecutor: Database upgraded to version: 3715
[16/06/23 15:57:42:502 UTC]  INFO startup.StartupTasksExecutor: Database upgraded to version: 3720
[16/06/23 15:57:42:503 UTC]  INFO startup.StartupTasksExecutor: Database upgraded to version: 3725
[16/06/23 15:57:42:504 UTC]  INFO startup.StartupTasksExecutor: Database upgraded to version: 3735
[16/06/23 15:57:42:505 UTC]  INFO startup.StartupTasksExecutor: Database upgraded to version: 3740
[16/06/23 15:57:42:506 UTC]  INFO startup.StartupTasksExecutor: Database upgraded to version: 3745
[16/06/23 15:57:42:507 UTC]  INFO startup.StartupTasksExecutor: Database upgraded to version: 3800
[16/06/23 15:57:42:508 UTC]  INFO startup.StartupTasksExecutor: Database upgraded to version: 4100
[16/06/23 15:57:42:509 UTC]  INFO startup.StartupTasksExecutor: Database upgraded to version: 4105
[16/06/23 15:57:42:510 UTC]  INFO startup.StartupTasksExecutor: Database upgraded to version: 4110
[16/06/23 15:57:42:511 UTC]  INFO startup.StartupTasksExecutor: Database upgraded to version: 4115
[16/06/23 15:57:42:512 UTC]  INFO startup.StartupTasksExecutor: Database upgraded to version: 4120
[16/06/23 15:57:42:513 UTC]  INFO startup.StartupTasksExecutor: Database upgraded to version: 4200
[16/06/23 15:57:42:514 UTC]  INFO startup.StartupTasksExecutor: Database upgraded to version: 4205
[16/06/23 15:57:42:515 UTC]  INFO startup.StartupTasksExecutor: Database upgraded to version: 4210
[16/06/23 15:57:42:515 UTC]  INFO startup.StartupTasksExecutor: Database upgraded to version: 4215
[16/06/23 15:57:42:516 UTC]  INFO startup.StartupTasksExecutor: Database upgraded to version: 4220
[16/06/23 15:57:42:517 UTC]  INFO startup.StartupTasksExecutor: Database upgraded to version: 4230
[16/06/23 15:57:42:518 UTC]  INFO startup.StartupTasksExecutor: Database upgraded to version: 4235
[16/06/23 15:57:42:519 UTC]  INFO startup.StartupTasksExecutor: Database upgraded to version: 4300
[16/06/23 15:57:42:520 UTC]  INFO startup.StartupTasksExecutor: Database upgraded to version: 4305
[16/06/23 15:57:42:521 UTC]  INFO startup.StartupTasksExecutor: Database upgraded to version: 4310
[16/06/23 15:57:42:522 UTC]  INFO startup.StartupTasksExecutor: Database upgraded to version: 4315
[16/06/23 15:57:42:523 UTC]  INFO startup.StartupTasksExecutor: Database upgraded to version: 4320
[16/06/23 15:57:42:524 UTC]  INFO startup.StartupTasksExecutor: Database upgraded to version: 4330
[16/06/23 15:57:42:525 UTC]  INFO startup.StartupTasksExecutor: Database upgraded to version: 4335
[16/06/23 15:57:42:526 UTC]  INFO startup.StartupTasksExecutor: Database upgraded to version: 4340
[16/06/23 15:57:42:527 UTC]  INFO startup.StartupTasksExecutor: Database upgraded to version: 4345
[16/06/23 15:57:42:528 UTC]  INFO startup.StartupTasksExecutor: Database upgraded to version: 4350
[16/06/23 15:57:42:529 UTC]  INFO startup.StartupTasksExecutor: Database upgraded to version: 4355
[16/06/23 15:57:42:529 UTC]  INFO startup.StartupTasksExecutor: Database upgraded to version: 4360
[16/06/23 15:57:42:530 UTC]  INFO startup.StartupTasksExecutor: Database upgraded to version: 4365
[16/06/23 15:57:42:531 UTC]  INFO startup.StartupTasksExecutor: Database upgraded to version: 4370
[16/06/23 15:57:42:532 UTC]  INFO startup.StartupTasksExecutor: Database upgraded to version: 4375
[16/06/23 15:57:42:533 UTC]  INFO startup.StartupTasksExecutor: Database upgraded to version: 4380
[16/06/23 15:57:42:534 UTC]  INFO startup.StartupTasksExecutor: Database upgraded to version: 4385
[16/06/23 15:57:42:535 UTC]  INFO startup.StartupTasksExecutor: Database upgraded to version: 4390
[16/06/23 15:57:42:536 UTC]  INFO startup.StartupTasksExecutor: Database upgraded to version: 5030
[16/06/23 15:57:42:537 UTC]  INFO startup.StartupTasksExecutor: Database upgraded to version: 5035
[16/06/23 15:57:42:537 UTC]  INFO startup.StartupTasksExecutor: Database upgraded to version: 5040
[16/06/23 15:57:42:538 UTC]  INFO startup.StartupTasksExecutor: Database upgraded to version: 5050
[16/06/23 15:57:42:540 UTC]  INFO startup.StartupTasksExecutor: Database upgraded to version: 5060
[16/06/23 15:57:42:541 UTC]  INFO startup.StartupTasksExecutor: Database upgraded to version: 5070
[16/06/23 15:57:42:542 UTC]  INFO startup.StartupTasksExecutor: Database upgraded to version: 5080
[16/06/23 15:57:42:543 UTC]  INFO startup.StartupTasksExecutor: Database upgraded to version: 5150
[16/06/23 15:57:42:544 UTC]  INFO startup.StartupTasksExecutor: Database upgraded to version: 5160
[16/06/23 15:57:42:545 UTC]  INFO startup.StartupTasksExecutor: Database upgraded to version: 5165
[16/06/23 15:57:42:546 UTC]  INFO startup.StartupTasksExecutor: Database upgraded to version: 5170
[16/06/23 15:57:42:546 UTC]  INFO startup.StartupTasksExecutor: Database upgraded to version: 5175
[16/06/23 15:57:42:548 UTC]  INFO startup.StartupTasksExecutor: Database upgraded to version: 5180
[16/06/23 15:57:42:548 UTC]  INFO startup.StartupTasksExecutor: Database upgraded to version: 5190
[16/06/23 15:57:42:549 UTC]  INFO startup.StartupTasksExecutor: Database upgraded to version: 5195
[16/06/23 15:57:42:550 UTC]  INFO startup.StartupTasksExecutor: Database upgraded to version: 5200
[16/06/23 15:57:42:551 UTC]  INFO startup.StartupTasksExecutor: Database upgraded to version: 5210
[16/06/23 15:57:42:552 UTC]  INFO startup.StartupTasksExecutor: Database upgraded to version: 5215
[16/06/23 15:57:42:553 UTC]  INFO startup.StartupTasksExecutor: Database upgraded to version: 5220
[16/06/23 15:57:42:554 UTC]  INFO startup.StartupTasksExecutor: Database upgraded to version: 5225
[16/06/23 15:57:42:555 UTC]  INFO startup.StartupTasksExecutor: Database upgraded to version: 5300
[16/06/23 15:57:42:555 UTC]  INFO startup.StartupTasksExecutor: Database upgraded to version: 5305
[16/06/23 15:57:42:556 UTC]  INFO startup.StartupTasksExecutor: Database upgraded to version: 5350
[16/06/23 15:57:42:557 UTC]  INFO startup.StartupTasksExecutor: Database upgraded to version: 5370
[16/06/23 15:57:42:558 UTC]  INFO startup.StartupTasksExecutor: Database upgraded to version: 5380
[16/06/23 15:57:42:559 UTC]  INFO startup.StartupTasksExecutor: Database upgraded to version: 5390
[16/06/23 15:57:42:560 UTC]  INFO startup.StartupTasksExecutor: Database upgraded to version: 5395
[16/06/23 15:57:42:561 UTC]  INFO startup.StartupTasksExecutor: Database upgraded to version: 201013
[16/06/23 15:57:42:562 UTC]  INFO startup.StartupTasksExecutor: Database upgraded to version: 201014
[16/06/23 15:57:42:563 UTC]  INFO startup.StartupTasksExecutor: Database upgraded to version: 201102
[16/06/23 15:57:42:564 UTC]  INFO startup.StartupTasksExecutor: Database upgraded to version: 210218
[16/06/23 15:57:42:564 UTC]  INFO startup.StartupTasksExecutor: Database upgraded to version: 210316
[16/06/23 15:57:42:565 UTC]  INFO startup.StartupTasksExecutor: Database upgraded to version: 210319
[16/06/23 15:57:42:566 UTC]  INFO startup.StartupTasksExecutor: Database upgraded to version: 210321
[16/06/23 15:57:42:567 UTC]  INFO startup.StartupTasksExecutor: Database upgraded to version: 210506
[16/06/23 15:57:42:568 UTC]  INFO startup.StartupTasksExecutor: Database upgraded to version: 210510
[16/06/23 15:57:42:569 UTC]  INFO startup.StartupTasksExecutor: Database upgraded to version: 210520
[16/06/23 15:57:42:570 UTC]  INFO startup.StartupTasksExecutor: Database upgraded to version: 210527
[16/06/23 15:57:42:570 UTC]  INFO startup.StartupTasksExecutor: Database upgraded to version: 210719
[16/06/23 15:57:42:571 UTC]  INFO startup.StartupTasksExecutor: Database upgraded to version: 210802
[16/06/23 15:57:42:572 UTC]  INFO startup.StartupTasksExecutor: Database upgraded to version: 210805
[16/06/23 15:57:42:575 UTC]  INFO startup.StartupTasksExecutor: Database upgraded to version: 210816
[16/06/23 15:57:42:576 UTC]  INFO startup.StartupTasksExecutor: Database upgraded to version: 210901
[16/06/23 15:57:42:577 UTC]  INFO startup.StartupTasksExecutor: Database upgraded to version: 211007
[16/06/23 15:57:42:578 UTC]  INFO startup.StartupTasksExecutor: Database upgraded to version: 211012
[16/06/23 15:57:42:578 UTC]  INFO startup.StartupTasksExecutor: Database upgraded to version: 211020
[16/06/23 15:57:42:579 UTC]  INFO startup.StartupTasksExecutor: Database upgraded to version: 211101
[16/06/23 15:57:42:580 UTC]  INFO startup.StartupTasksExecutor: Database upgraded to version: 211103
[16/06/23 15:57:42:581 UTC]  INFO startup.StartupTasksExecutor: Database upgraded to version: 220202
[16/06/23 15:57:42:582 UTC]  INFO startup.StartupTasksExecutor: Database upgraded to version: 220203
[16/06/23 15:57:42:584 UTC]  INFO startup.StartupTasksExecutor: Database upgraded to version: 220214
[16/06/23 15:57:42:585 UTC]  INFO startup.StartupTasksExecutor: Database upgraded to version: 220215
[16/06/23 15:57:42:586 UTC]  INFO startup.StartupTasksExecutor: Database upgraded to version: 220330
[16/06/23 15:57:42:587 UTC]  INFO startup.StartupTasksExecutor: Database upgraded to version: 220401
[16/06/23 15:57:42:589 UTC]  INFO startup.StartupTasksExecutor: Database upgraded to version: 220402
[16/06/23 15:57:42:590 UTC]  INFO startup.StartupTasksExecutor: Database upgraded to version: 220413
[16/06/23 15:57:42:590 UTC]  INFO startup.StartupTasksExecutor: Database upgraded to version: 220512
[16/06/23 15:57:42:591 UTC]  INFO startup.StartupTasksExecutor: Database upgraded to version: 220606
[16/06/23 15:57:42:592 UTC]  INFO startup.StartupTasksExecutor: Database upgraded to version: 220822
[16/06/23 15:57:42:593 UTC]  INFO startup.StartupTasksExecutor: Database upgraded to version: 220824
[16/06/23 15:57:42:594 UTC]  INFO startup.StartupTasksExecutor: Database upgraded to version: 220825
[16/06/23 15:57:42:595 UTC]  INFO startup.StartupTasksExecutor: Database upgraded to version: 220829
[16/06/23 15:57:42:596 UTC]  INFO startup.StartupTasksExecutor: Database upgraded to version: 220912
[16/06/23 15:57:42:597 UTC]  INFO startup.StartupTasksExecutor: Database upgraded to version: 220928
[16/06/23 15:57:42:597 UTC]  INFO startup.StartupTasksExecutor: Database upgraded to version: 221007
[16/06/23 15:57:42:598 UTC]  INFO startup.StartupTasksExecutor: Database upgraded to version: 221018
[16/06/23 15:57:42:599 UTC]  INFO startup.StartupTasksExecutor: Database upgraded to version: 230110
[16/06/23 15:57:42:600 UTC]  INFO startup.StartupTasksExecutor: Database upgraded to version: 230119
[16/06/23 15:57:42:601 UTC]  INFO startup.StartupTasksExecutor: Database upgraded to version: 230328
[16/06/23 15:57:42:603 UTC]  INFO startup.StartupTasksExecutor: Database upgraded to version: 230426
[16/06/23 15:57:42:604 UTC]  INFO startup.StartupTasksExecutor: Database upgraded to version: 230523
[16/06/23 15:57:42:604 UTC]  INFO reindex.ReindexThread: --- Unpausing reindex thread 
[16/06/23 15:57:42:605 UTC]  INFO startup.StartupTasksExecutor: Finishing upgrade tasks.
[16/06/23 15:57:42:605 UTC]  INFO startup.StartupTasksExecutor: Running Backported Tasks
[16/06/23 15:57:42:606 UTC]  INFO startup.StartupTasksExecutor: Finishing Backported tasks.
[16/06/23 15:57:42:625 UTC]  INFO util.Config: Setting property: CACHE_BINDPORT to 5701
[16/06/23 15:57:42:635 UTC]  INFO cluster.ClusterFactory: Cluster topography has changed. This might force a rewire
[16/06/23 15:57:42:636 UTC]  INFO cluster.ClusterFactory: Expecting Servers:[]
[16/06/23 15:57:42:650 UTC]  INFO cluster.ClusterFactory: Found Servers:[server={serverId=f1d53064-bf8c-42af-a99b-f330dc22217f, clusterId=587b4aa080, ipAddress=172.18.0.3, host=null, name=e105e212c03f, esTransportTcpPort=null, esNetworkPort=null, esHttpPort=9200, cachePort=5701, lastHeartBeat=1686931062633, key=null, licenseSerial=1cfc7c95-9fe0-4dcb-abe7-c31b9f0517fd, startupTime=0}]
[16/06/23 15:57:42:651 UTC]  INFO cluster.ClusterFactory: Cluster Active. Rewiring
[16/06/23 15:57:42:653 UTC]  INFO business.ChainableCacheAdministratorImpl: ***	 Cluster Update
[16/06/23 15:57:42:653 UTC]  INFO transport.PubSubCacheTransport: initing PubSubCacheTransport
[16/06/23 15:57:42:655 UTC]  INFO dotpubsub.PostgresPubSubImpl: Starting PostgresPubSub. Have servers:1
[16/06/23 15:57:42:656 UTC]  INFO dotpubsub.PostgresPubSubImpl: PGNotificationListener connecting to pub/sub...
[16/06/23 15:57:43:765 UTC]  INFO dotpubsub.PostgresPubSubImpl:  - LISTEN dotcache_topic
[16/06/23 15:57:43:781 UTC]  INFO transport.PubSubCacheTransport: Sending PING to cluster 
[16/06/23 15:57:43:796 UTC]  INFO transport.CacheTransportTopic: Got PING from server:f1d53064bf. sending PONG
[16/06/23 15:57:43:798 UTC]  INFO transport.CacheTransportTopic: Got PONG from server:{"t":"PONG","top":"dotcache_topic","o":"f1d53064bf"}.
[16/06/23 15:57:43:800 UTC]  INFO license.LicenseManager: Updating server f1d53064-bf8c-42af-a99b-f330dc22217f start time to 1686931014866
[16/06/23 15:57:43:805 UTC]  INFO servlet.MainServlet: SuppressPropertiesBeanIntrospector enabled for legacy Struts applications
[16/06/23 15:57:44:178 UTC]  INFO config.DotInitializationService: Initializing DotCMS services
[16/06/23 15:57:44:179 UTC]  INFO config.DotInitializationService: Initializing :com.dotcms.api.system.event.SystemEventProcessorFactoryInitializer
[16/06/23 15:57:44:184 UTC]  INFO config.DotInitializationService: Initializing Done:com.dotcms.api.system.event.SystemEventProcessorFactoryInitializer, duration:0 seconds
[16/06/23 15:57:44:184 UTC]  INFO config.DotInitializationService: Initializing :com.dotcms.api.system.event.PayloadVerifierFactoryInitializer
[16/06/23 15:57:44:194 UTC]  INFO config.DotInitializationService: Initializing Done:com.dotcms.api.system.event.PayloadVerifierFactoryInitializer, duration:0 seconds
[16/06/23 15:57:44:194 UTC]  INFO config.DotInitializationService: Initializing :com.dotcms.system.event.local.business.LocalSystemEventSubscribersInitializer
[16/06/23 15:57:44:356 UTC]  INFO config.DotInitializationService: Initializing Done:com.dotcms.system.event.local.business.LocalSystemEventSubscribersInitializer, duration:0 seconds
[16/06/23 15:57:44:356 UTC]  INFO config.DotInitializationService: Initializing :com.dotmarketing.portlets.personas.business.PersonaAPIImpl
[16/06/23 15:57:44:364 UTC]  INFO config.DotInitializationService: Initializing Done:com.dotmarketing.portlets.personas.business.PersonaAPIImpl, duration:0 seconds
[16/06/23 15:57:44:364 UTC]  INFO config.DotInitializationService: Initializing :com.dotcms.rendering.velocity.events.ExceptionHandlersInitializer
[16/06/23 15:57:44:371 UTC]  INFO config.DotInitializationService: Initializing Done:com.dotcms.rendering.velocity.events.ExceptionHandlersInitializer, duration:0 seconds
[16/06/23 15:57:44:371 UTC]  INFO config.DotInitializationService: Initializing :com.dotcms.publishing.PublisherAPIImpl
[16/06/23 15:57:44:373 UTC]  INFO publishing.PublisherAPIImpl: Push Publishing Filters directory does not exist. Creating it under: /data/shared/assets/server/publishing-filters
[16/06/23 15:57:44:379 UTC]  INFO publishing.PublisherAPIImpl: dotcms filters files copied
[16/06/23 15:57:44:382 UTC]  INFO publishing.PublisherAPIImpl: Push Publishing Filters Directory: Lazy(/data/shared/assets/server/publishing-filters)
[16/06/23 15:57:44:383 UTC]  INFO publishing.PublisherAPIImpl: Loading Push Publish Filter: Intelligent.yml
[16/06/23 15:57:44:533 UTC]  INFO publishing.PublisherAPIImpl: FilterDescriptor{key=Intelligent.yml, title=Everything and Dependencies, sort=3, default=true, roles=DOTCMS_BACK_END_USER, filters{{excludeQuery=, excludeClasses=[], dependencies=true, excludeDependencyQuery=, excludeDependencyClasses=[], forcePush=false, relationships=true}}}
[16/06/23 15:57:44:538 UTC]  INFO publishing.PublisherAPIImpl: Loading Push Publish Filter: ShallowPush.yml
[16/06/23 15:57:44:551 UTC]  INFO publishing.PublisherAPIImpl: FilterDescriptor{key=ShallowPush.yml, title=Only Selected Items, sort=5, default=false, roles=DOTCMS_BACK_END_USER, filters{{excludeQuery=, excludeClasses=[], dependencies=false, excludeDependencyQuery=, excludeDependencyClasses=[], forcePush=false, relationships=false}}}
[16/06/23 15:57:44:553 UTC]  INFO publishing.PublisherAPIImpl: Loading Push Publish Filter: WebContentOnly.yml
[16/06/23 15:57:44:582 UTC]  INFO publishing.PublisherAPIImpl: FilterDescriptor{key=WebContentOnly.yml, title=Content, Assets and Pages, sort=2, default=false, roles=DOTCMS_BACK_END_USER, filters{{excludeQuery=, excludeClasses=[Host, Workflow, ContentType, User, OSGI, Language], dependencies=true, excludeDependencyQuery=, excludeDependencyClasses=[Host, Workflow, ContentType, Language], forcePush=false, relationships=true}}}
[16/06/23 15:57:44:582 UTC]  INFO publishing.PublisherAPIImpl: Loading Push Publish Filter: ForcePush.yml
[16/06/23 15:57:44:587 UTC]  INFO publishing.PublisherAPIImpl: FilterDescriptor{key=ForcePush.yml, title=Force Push Everything, sort=4, default=false, roles=DOTCMS_BACK_END_USER, filters{{excludeQuery=, excludeClasses=[], dependencies=true, excludeDependencyQuery=, excludeDependencyClasses=[], forcePush=true, relationships=true}}}
[16/06/23 15:57:44:587 UTC]  INFO publishing.PublisherAPIImpl: Loading Push Publish Filter: ContentOnly.yml
[16/06/23 15:57:44:589 UTC]  INFO publishing.PublisherAPIImpl: FilterDescriptor{key=ContentOnly.yml, title=Content and Relationships, sort=1, default=false, roles=DOTCMS_BACK_END_USER, filters{{excludeQuery=, excludeClasses=[ContentType, Template, Containers, Folder, Host, Links, Workflow, Language, Rule, User, OSGI], dependencies=true, excludeDependencyQuery=, excludeDependencyClasses=[ContentType, Template, Containers, Folder, Host, Links, Workflow, Language, Rule], forcePush=false, relationships=true}}}
[16/06/23 15:57:44:592 UTC]  INFO config.DotInitializationService: Initializing Done:com.dotcms.publishing.PublisherAPIImpl, duration:0 seconds
[16/06/23 15:57:44:592 UTC]  INFO config.DotInitializationService: Initializing :com.dotmarketing.portlets.containers.business.ContainerAPIImpl
[16/06/23 15:57:44:595 UTC]  INFO config.DotInitializationService: Initializing Done:com.dotmarketing.portlets.containers.business.ContainerAPIImpl, duration:0 seconds
[16/06/23 15:57:44:596 UTC]  INFO config.DotInitializationService: Initializing :com.dotmarketing.business.ThemeAPIImpl
[16/06/23 15:57:44:602 UTC]  INFO config.DotInitializationService: Initializing Done:com.dotmarketing.business.ThemeAPIImpl, duration:0 seconds
[16/06/23 15:57:44:602 UTC]  INFO config.DotInitializationService: Initializing :com.dotmarketing.portlets.templates.business.TemplateAPIImpl
[16/06/23 15:57:44:605 UTC]  INFO config.DotInitializationService: Initializing Done:com.dotmarketing.portlets.templates.business.TemplateAPIImpl, duration:0 seconds
[16/06/23 15:57:44:605 UTC]  INFO config.DotInitializationService: Initializing :com.dotcms.contenttype.business.ContentTypeInitializer
[16/06/23 15:57:44:656 UTC]  INFO util.ActivityLogger: class com.dotcms.contenttype.business.ContentTypeAPIImpl: system : Save ContentType Action , User system/system user system user added ContentType Dot Favorite Page to host id:SYSTEM_HOST
[16/06/23 15:57:44:656 UTC]  INFO business.ContentTypeAPIImpl: UserId : system : ContentType : ContentType saved : Dot Favorite Page
[16/06/23 15:57:44:658 UTC]  INFO util.AdminLogger: UserId : system : class com.dotcms.contenttype.business.ContentTypeAPIImpl : ContentType : ContentType saved : Dot Favorite Page
[16/06/23 15:57:44:659 UTC]  INFO reindex.ReindexThread: --- Unpausing reindex thread 
[16/06/23 15:57:50:020 UTC]  INFO concurrent.Debouncer: Debouncing : invalidateGraphSchema after 5000 MILLISECONDS
[16/06/23 15:57:51:035 UTC]  INFO business.WorkflowAPIImpl: Saving Schemas [ d61a59e1-a49c-46f2-a929-db2b4bfa88b2 ] for Content type 'ce930143870e11569f93f8a9fff5da19'
[16/06/23 15:57:51:036 UTC]  INFO util.SecurityLogger: class com.dotmarketing.portlets.workflows.business.WorkflowAPIImpl : Saving Schemas [ d61a59e1-a49c-46f2-a929-db2b4bfa88b2 ] for Content type 'ce930143870e11569f93f8a9fff5da19' -- ip:ukn,user:null
[16/06/23 15:57:54:056 UTC]  INFO config.DotInitializationService: Initializing Done:com.dotcms.contenttype.business.ContentTypeInitializer, duration:9 seconds
[16/06/23 15:57:54:056 UTC]  INFO config.DotInitializationService: Initializing :com.dotcms.variant.business.DefaultVariantInitializer
[16/06/23 15:57:57:070 UTC]  INFO config.DotInitializationService: Initializing Done:com.dotcms.variant.business.DefaultVariantInitializer, duration:3 seconds
[16/06/23 15:57:57:070 UTC]  INFO startup.StartupTasksExecutor: ---
[16/06/23 15:57:57:070 UTC]  INFO startup.StartupTasksExecutor: 
[16/06/23 15:57:57:070 UTC]  INFO startup.StartupTasksExecutor: Running Data Upgrade Tasks
[16/06/23 15:57:57:070 UTC]  INFO startup.StartupTasksExecutor: Database data version: 0
[16/06/23 15:57:57:074 UTC]  INFO startup.StartupTasksExecutor: Data upgraded to version: 230320
[16/06/23 15:57:57:075 UTC]  INFO startup.StartupTasksExecutor: Finishing data upgrade tasks.
[16/06/23 15:57:57:092 UTC]  INFO servlets.StartupLogger: InitServlet: Setting Default Timezone: Coordinated Universal Time
[16/06/23 15:57:57:092 UTC]  INFO servlets.StartupLogger: 
[16/06/23 15:57:57:092 UTC]  INFO servlets.StartupLogger:    Initializing dotCMS
[16/06/23 15:57:57:094 UTC]  INFO servlets.StartupLogger:    Using database: PostgreSQL
[16/06/23 15:57:57:095 UTC]  INFO servlets.StartupLogger:    Using dialect : com.dotcms.repackage.net.sf.hibernate.dialect.PostgreSQLDialect
[16/06/23 15:57:57:095 UTC]  INFO servlets.StartupLogger:    Company Name  : dotcms.org
[16/06/23 15:57:57:095 UTC]  INFO servlets.StartupLogger: 
[16/06/23 15:57:57:097 UTC]  INFO servlets.StartupLogger:    License       : PLATFORM EDITION
[16/06/23 15:57:57:097 UTC]  INFO servlets.StartupLogger:    Licensed to   : dotCMS Internal
[16/06/23 15:57:57:098 UTC]  INFO servlets.StartupLogger:    Server id     : f1d53064
[16/06/23 15:57:57:098 UTC]  INFO servlets.StartupLogger:    License id    : 1cfc7c95
[16/06/23 15:57:57:098 UTC]  INFO servlets.StartupLogger:    Expires       : Thu, 20 Aug 2099 04:00 AM
[16/06/23 15:57:57:098 UTC]  INFO servlets.StartupLogger: 
[16/06/23 15:57:57:098 UTC]  INFO servlets.InitServlet: 
[16/06/23 15:57:57:098 UTC]  INFO servlets.InitServlet: 
[16/06/23 15:57:57:138 UTC]  INFO business.VanityUrlAPIImpl: Populating 0 Vanity URLs for Site default
[16/06/23 15:57:57:141 UTC]  INFO business.VanityUrlAPIImpl: Populating 0 Vanity URLs for Site System Host
[16/06/23 15:57:57:143 UTC]  INFO business.VanityUrlAPIImpl: Populating 0 Vanity URLs for Site System Host
[16/06/23 15:57:57:203 UTC]  INFO impl.StdSchedulerFactory: Using default implementation for ThreadExecutor
[16/06/23 15:57:57:206 UTC]  INFO simpl.SimpleThreadPool: Job execution threads will use class loader of thread: main
[16/06/23 15:57:57:231 UTC]  INFO core.SchedulerSignalerImpl: Initialized Scheduler Signaller of type: class org.quartz.core.SchedulerSignalerImpl
[16/06/23 15:57:57:237 UTC]  INFO core.QuartzScheduler: Quartz Scheduler v.1.8.6 created.
[16/06/23 15:57:57:242 UTC]  INFO quartz.DotJobStore: Using db table-based data access locking (synchronization).
[16/06/23 15:57:57:245 UTC]  INFO quartz.DotJobStore: JobStoreCMT initialized.
[16/06/23 15:57:57:246 UTC]  INFO core.QuartzScheduler: Scheduler meta-data: Quartz Scheduler (v1.8.6) 'dotCMSQuartz' with instanceId 'NON_CLUSTERED'
  Scheduler class: 'org.quartz.core.QuartzScheduler' - running locally.
  NOT STARTED.
  Currently in standby mode.
  Number of jobs executed: 0
  Using thread pool 'org.quartz.simpl.SimpleThreadPool' - with 10 threads.
  Using job-store 'com.dotmarketing.quartz.DotJobStore' - which supports persistence. and is clustered.

[16/06/23 15:57:57:246 UTC]  INFO impl.StdSchedulerFactory: Quartz scheduler 'dotCMSQuartz' initialized from an externally provided properties instance.
[16/06/23 15:57:57:247 UTC]  INFO impl.StdSchedulerFactory: Quartz scheduler version: 1.8.6
[16/06/23 15:57:57:247 UTC]  INFO init.DotInitScheduler: Automatic Content Reindexation Cron Thread schedule disabled on this server
[16/06/23 15:57:57:248 UTC]  INFO init.DotInitScheduler: Deleting ContentReindexerJob Job
[16/06/23 15:57:57:258 UTC]  INFO init.DotInitScheduler: Users To Delete Cron Thread schedule disabled on this server
[16/06/23 15:57:57:258 UTC]  INFO init.DotInitScheduler: Deleting UsersToDeleteJob Job
[16/06/23 15:57:57:329 UTC]  INFO init.DotInitScheduler: LinkCheckerJob Cron Job schedule disabled on this server
[16/06/23 15:57:57:425 UTC]  INFO job.AccessTokenRenewJob$AccessTokensRenewJobScheduler: Stateful AnalyticsAccessTokenRenewJob (trigger31:group31) job was schedule to run at Fri Jun 16 15:58:00 UTC 2023
[16/06/23 15:57:57:455 UTC]  INFO core.QuartzScheduler: Scheduler dotCMSQuartz_$_NON_CLUSTERED started.
[16/06/23 15:57:57:536 UTC]  INFO runtime.ConcurrentParserPoolImpl: Initializing Velocity Parser Pool - min: 20 max:100 @ main
[16/06/23 15:57:57:665 UTC]  INFO servlets.InitServlet: Starting System OSGi Framework
[16/06/23 15:57:57:674 UTC]  INFO reindex.ReindexThread: --- Unpausing reindex thread 
[16/06/23 15:57:57:678 UTC]  INFO servlets.InitServlet: Starting Client OSGi Framework
[16/06/23 15:57:57:683 UTC]  INFO servlets.BinaryExporterServlet: Exporter "Content Image Fields Resizer" registered for path /resize-image
[16/06/23 15:57:57:684 UTC]  INFO servlets.BinaryExporterServlet: Exporter "Export Field Content" registered for path /raw-data
[16/06/23 15:57:57:685 UTC]  INFO servlets.BinaryExporterServlet: Exporter "Image Filter Exporter" registered for path /image
[16/06/23 15:57:57:686 UTC]  INFO servlets.BinaryExporterServlet: Exporter "Image Thumbnail Field Exporter" registered for path /image-thumbnail
[16/06/23 15:57:57:698 UTC]  INFO dotpubsub.PostgresPubSubImpl: Starting PostgresPubSub. Have servers:1
[16/06/23 15:57:57:699 UTC]  INFO dotpubsub.PostgresPubSubImpl: PGNotificationListener already connected. Returning
[16/06/23 15:57:57:700 UTC]  INFO dotpubsub.PostgresPubSubImpl:  - LISTEN dotcache_topic
[16/06/23 15:57:57:703 UTC]  INFO dotpubsub.PostgresPubSubImpl:  - LISTEN osgi_restart_topic
[16/06/23 15:57:57:704 UTC]  INFO framework.OSGIUtil: Felix base dir: /srv/dotserver/tomcat-9.0.60/webapps/ROOT/WEB-INF/felix
[16/06/23 15:57:57:705 UTC]  INFO framework.OSGIUtil: Found property  felix.auto.deploy.action=install,start
[16/06/23 15:57:57:705 UTC]  INFO framework.OSGIUtil: Found property  felix.fileinstall.log.level=3
[16/06/23 15:57:57:705 UTC]  INFO framework.OSGIUtil: Found property  felix.org.osgi.framework.startlevel.beginning=2
[16/06/23 15:57:57:705 UTC]  INFO framework.OSGIUtil: Found property  felix.org.osgi.framework.storage.clean=onFirstInit
[16/06/23 15:57:57:705 UTC]  INFO framework.OSGIUtil: Found property  felix.log.level=3
[16/06/23 15:57:57:705 UTC]  INFO framework.OSGIUtil: Found property  felix.cache.locking=false
[16/06/23 15:57:57:706 UTC]  INFO framework.OSGIUtil: Found property  felix.fileinstall.dir=/data/shared/felix/load
[16/06/23 15:57:57:706 UTC]  INFO framework.OSGIUtil: Found property  felix.upload.dir=/data/shared/felix/upload
[16/06/23 15:57:57:706 UTC]  INFO framework.OSGIUtil: Found property  felix.undeployed.dir=/data/shared/felix/undeployed
[16/06/23 15:57:57:709 UTC]  INFO framework.OSGIUtil: Building Directory:/srv/dotserver/tomcat-9.0.60/webapps/ROOT/WEB-INF/felix
[16/06/23 15:57:57:709 UTC]  INFO framework.OSGIUtil: Building Directory:/data/shared/felix/upload
[16/06/23 15:57:57:710 UTC]  INFO framework.OSGIUtil: Building Directory:/data/shared/felix/load
[16/06/23 15:57:57:710 UTC]  INFO framework.OSGIUtil: Building Directory:/data/shared/felix/undeployed
[16/06/23 15:57:57:710 UTC]  INFO framework.OSGIUtil: Building Directory:/srv/dotserver/tomcat-9.0.60/webapps/ROOT/WEB-INF/felix/bundle
[16/06/23 15:57:57:710 UTC]  INFO framework.OSGIUtil: Building Directory:/srv/dotserver/tomcat-9.0.60/webapps/ROOT/WEB-INF/felix/felix-cache
[16/06/23 15:57:57:721 UTC]  INFO framework.OSGIUtil: Starting the osgi reload on folder: /data/shared/felix/upload
[16/06/23 15:57:57:742 UTC]  INFO framework.OSGIUtil: Loading Factory org.apache.felix.framework.FrameworkFactory
[16/06/23 15:57:58:071 UTC]  INFO framework.OSGIUtil: osgi felix framework started
[16/06/23 15:57:58:095 UTC]  INFO apps.SecretsKeyStoreHelper: KeyStore loaded successfully after `1` tries.
[16/06/23 15:57:58:133 UTC]  INFO apps.SecretsKeyStoreHelper: KeyStore loaded successfully after `1` tries.
[16/06/23 15:57:58:158 UTC]  WARN struts.MultiMessageResources: Duplicate resource property definition (key=was ==> is now): contenttypes.content.copy=Copy ==> Copy
[16/06/23 15:57:58:160 UTC]  WARN struts.MultiMessageResources: Duplicate resource property definition (key=was ==> is now): message.category.import=Importing Categories.  This operation cannot be cancelled or undone. ==> IMPORT
[16/06/23 15:57:58:160 UTC]  WARN struts.MultiMessageResources: Duplicate resource property definition (key=was ==> is now): message.containers.create.content_type_code=Content Type Code ==> Content Type Code
[16/06/23 15:57:58:163 UTC]  WARN struts.MultiMessageResources: Duplicate resource property definition (key=was ==> is now): Save=Save ==> Save
[16/06/23 15:57:58:165 UTC]  WARN struts.MultiMessageResources: Duplicate resource property definition (key=was ==> is now): Move=Move ==> Move
[16/06/23 15:57:58:166 UTC]  WARN struts.MultiMessageResources: Duplicate resource property definition (key=was ==> is now): archived=archived ==> Archived
[16/06/23 15:57:58:221 UTC]  INFO saml.DotSamlProxyFactory: SAML Osgi Bundle has been started
[16/06/23 15:57:58:226 UTC]  WARN impl.SamlConfigurationServiceImpl: The /data/shared/assets/saml/dotcms-saml-default.properties does not exists or can not read
[16/06/23 15:57:58:371 UTC]  INFO apps.SecretsKeyStoreHelper: KeyStore loaded successfully after `1` tries.
[16/06/23 15:57:58:465 UTC]  INFO util.GeoIp2CityDbUtil: Connecting to GeoIP2 database:/srv/dotserver/tomcat-9.0.60/webapps/ROOT/WEB-INF/geoip2/GeoLite2-City.mmdb
[16/06/23 15:57:58:530 UTC]  WARN rules.RulesAPIImpl: Actionlet with name 'CountRulesActionlet' already registered.
[16/06/23 15:57:58:530 UTC]  WARN rules.RulesAPIImpl: Actionlet with name 'SetSessionAttributeActionlet' already registered.
[16/06/23 15:57:58:530 UTC]  WARN rules.RulesAPIImpl: Actionlet with name 'SetRequestAttributeActionlet' already registered.
[16/06/23 15:57:58:530 UTC]  WARN rules.RulesAPIImpl: Actionlet with name 'SetResponseHeaderActionlet' already registered.
[16/06/23 15:57:58:530 UTC]  WARN rules.RulesAPIImpl: Actionlet with name 'PersonaActionlet' already registered.
[16/06/23 15:57:58:530 UTC]  WARN rules.RulesAPIImpl: Actionlet with name 'VisitorTagsActionlet' already registered.
[16/06/23 15:57:58:530 UTC]  WARN rules.RulesAPIImpl: Actionlet with name 'SendRedirectActionlet' already registered.
[16/06/23 15:57:58:531 UTC]  WARN rules.RulesAPIImpl: Actionlet with name 'StopProcessingActionlet' already registered.
[16/06/23 15:57:58:782 UTC]  WARN rest.WebResource: InitDataObject Error: uri:/api/v1/publishqueue err:Invalid User
[16/06/23 15:57:58:782 UTC]  WARN rest.WebResource: Invalid User
[16/06/23 15:57:58:782 UTC]  WARN rest.WebResource: com.dotcms.rest.WebResource.authenticate(WebResource.java:522)
[16/06/23 15:58:00:149 UTC]  INFO apps.SecretsKeyStoreHelper: KeyStore loaded successfully after `1` tries.
[16/06/23 15:58:00:230 UTC]  INFO apps.SecretsKeyStoreHelper: KeyStore loaded successfully after `1` tries.
[16/06/23 15:58:02:650 UTC]  INFO util.SecurityLogger: class com.dotmarketing.cms.login.factories.LoginFactory : User (dotcms.org.1) password was re-hashed 600000 times -- ip:172.18.0.1,user:null
[16/06/23 15:58:06:037 UTC]  INFO util.SecurityLogger: class com.dotcms.cms.login.LoginServiceAPIFactory$LoginServiceImpl : User dotcms.org.1 has successfully login from IP: 172.18.0.1 -- ip:172.18.0.1,user:Admin User [ID: dotcms.org.1][email:admin@dotcms.com]
[16/06/23 15:58:11:200 UTC]  INFO util.SecurityLogger: class com.dotcms.cms.login.LoginServiceAPIFactory$LoginServiceImpl : User dotcms.org.1 has successfully login from IP: 172.18.0.1 -- ip:172.18.0.1,user:Admin User [ID: dotcms.org.1][email:admin@dotcms.com]
[16/06/23 15:58:11:203 UTC]  INFO util.Config: Setting property: USE_JWT_TOKEN_IN_PUSH_PUBLISH to false
[16/06/23 15:58:14:310 UTC]  INFO util.SecurityLogger: class com.dotmarketing.cms.login.factories.LoginFactory : User admin@dotcms.com has sucessfully logged in from IP: 172.18.0.1 -- ip:172.18.0.1,user:Admin User [ID: dotcms.org.1][email:admin@dotcms.com]
[16/06/23 15:58:14:362 UTC]  WARN business.PermissionCacheImpl:  !!! Putting an empty list of permissions in the cache for asset:2344835b-d9d2-4ba4-b986-b0d00cc920a6. Every asset should have at least 1 permission (or inherited permission) associated with it
[16/06/23 15:58:20:480 UTC]  INFO util.SecurityLogger: class com.dotmarketing.cms.login.factories.LoginFactory : User admin@dotcms.com has sucessfully logged in from IP: 172.18.0.1 -- ip:172.18.0.1,user:Admin User [ID: dotcms.org.1][email:admin@dotcms.com]
[16/06/23 15:58:23:527 UTC]  INFO ajax.PublishingEndpointAjaxAction: receiver ; 3596fee4-8dda-46b7-9ec2-18eadd9903be
[16/06/23 15:58:26:601 UTC]  INFO util.SecurityLogger: class com.dotmarketing.cms.login.factories.LoginFactory : User admin@dotcms.com has sucessfully logged in from IP: 172.18.0.1 -- ip:172.18.0.1,user:Admin User [ID: dotcms.org.1][email:admin@dotcms.com]
[16/06/23 15:58:29:615 UTC]  INFO ajax.PublishingEndpointAjaxAction: receiver ; 9b8f725a-53d2-4191-b562-739e09f35d17
[16/06/23 15:58:29:810 UTC]  INFO reindex.ReindexThread: --- ReindexThread Paused (every 3600000 millis)
[16/06/23 15:58:32:731 UTC]  INFO util.SecurityLogger: class com.dotmarketing.cms.login.factories.LoginFactory : User admin@dotcms.com has sucessfully logged in from IP: 172.18.0.1 -- ip:172.18.0.1,user:Admin User [ID: dotcms.org.1][email:admin@dotcms.com]
[16/06/23 15:58:32:808 UTC]  INFO util.PushPublishLogger: class com.dotcms.publisher.business.PublishAuditStatus : Status Update: Pending.
[16/06/23 15:58:32:970 UTC]  INFO rest.PushPublisherJob: Started bundle publish process
[16/06/23 15:58:32:972 UTC]  INFO util.PushPublishLogger: class com.dotcms.rest.PushPublisherJob : [BundleID: content_type_and_content_demo.tar.gz] Started bundle publish process
[16/06/23 15:58:33:283 UTC]  INFO util.ActivityLogger: class com.dotcms.content.elasticsearch.business.ESContentletAPIImpl: System Host : Saving Content , StartDate: N/D; EndDate: N/D; User:system; ContentIdentifier: 48190c8c-42c4-46af-8d1a-0cd5db894797
[16/06/23 15:58:33:297 UTC]  INFO business.IdentifierAPIImpl: Creating new identifier for versionable asset of type `content` and title `demo.dotcms.com` 
[16/06/23 15:58:33:362 UTC]  INFO timedcache.TimedCacheProvider: ***	 Building Cache : esquerycountcache, size:10000, seconds:3600,Concurrency:32 (every 60000 millis)
[16/06/23 15:58:33:416 UTC]  INFO business.ContentletIndexAPIImpl: Indexing: 48190c8c-42c4-46af-8d1a-0cd5db894797 : demo.dotcms.com, includeDependencies: true, policy: FORCE
[16/06/23 15:58:33:477 UTC]  INFO util.ActivityLogger: class com.dotcms.content.elasticsearch.business.ESContentletAPIImpl: System Host : Content Saved , StartDate: N/D; EndDate: N/D; User:system; ContentIdentifier: 48190c8c-42c4-46af-8d1a-0cd5db894797
[16/06/23 15:58:33:508 UTC]  INFO business.ContentletIndexAPIImpl: Indexing: 48190c8c-42c4-46af-8d1a-0cd5db894797 : demo.dotcms.com, includeDependencies: false, policy: FORCE
[16/06/23 15:58:33:510 UTC]  INFO util.PushPublishLogger: class com.dotcms.enterprise.publishing.remote.handler.ContentHandler : [BundleID: content_type_and_content_demo.tar.gz] Host publish success, ID: 48190c8c-42c4-46af-8d1a-0cd5db894797, Inode: 6e8aca39-937c-437e-91d8-d46b631bdcc8, Name: demo.dotcms.com
[16/06/23 15:58:33:574 UTC]  INFO util.ActivityLogger: class com.dotcms.content.elasticsearch.business.ESContentletAPIImpl: System Host : Locking Content , StartDate: N/D; EndDate: N/D; User:system; ContentIdentifier: 8a7d5e23-da1e-420a-b4f0-471e7da8ea2d
[16/06/23 15:58:33:588 UTC]  INFO business.ContentletIndexAPIImpl: Indexing: 8a7d5e23-da1e-420a-b4f0-471e7da8ea2d : default, includeDependencies: false, policy: FORCE
[16/06/23 15:58:33:591 UTC]  INFO util.ActivityLogger: class com.dotcms.content.elasticsearch.business.ESContentletAPIImpl: System Host : Content Locked , StartDate: N/D; EndDate: N/D; User:system; ContentIdentifier: 8a7d5e23-da1e-420a-b4f0-471e7da8ea2d
[16/06/23 15:58:33:600 UTC]  INFO util.ActivityLogger: class com.dotcms.content.elasticsearch.business.ESContentletAPIImpl: System Host : Saving Content , StartDate: N/D; EndDate: N/D; User:system; ContentIdentifier: 8a7d5e23-da1e-420a-b4f0-471e7da8ea2d
[16/06/23 15:58:33:737 UTC]  INFO business.ContentletIndexAPIImpl: Indexing: 8a7d5e23-da1e-420a-b4f0-471e7da8ea2d : default, includeDependencies: true, policy: FORCE
[16/06/23 15:58:33:776 UTC]  INFO util.ActivityLogger: class com.dotcms.content.elasticsearch.business.ESContentletAPIImpl: System Host : Content Saved , StartDate: N/D; EndDate: N/D; User:system; ContentIdentifier: 8a7d5e23-da1e-420a-b4f0-471e7da8ea2d
[16/06/23 15:58:33:779 UTC]  INFO util.ActivityLogger: class com.dotcms.content.elasticsearch.business.ESContentletAPIImpl: System Host : Publishing Content , StartDate: N/D; EndDate: N/D; User:system; ContentIdentifier: 8a7d5e23-da1e-420a-b4f0-471e7da8ea2d
[16/06/23 15:58:33:785 UTC]  INFO business.ContentletIndexAPIImpl: Indexing: 8a7d5e23-da1e-420a-b4f0-471e7da8ea2d : default, includeDependencies: true, policy: FORCE
[16/06/23 15:58:33:818 UTC]  INFO util.ActivityLogger: class com.dotcms.content.elasticsearch.business.ESContentletAPIImpl: System Host : Content Published , StartDate: N/D; EndDate: N/D; User:system; ContentIdentifier: 8a7d5e23-da1e-420a-b4f0-471e7da8ea2d
[16/06/23 15:58:33:824 UTC]  INFO util.ActivityLogger: class com.dotcms.content.elasticsearch.business.ESContentletAPIImpl: System Host : Publishing Content , StartDate: N/D; EndDate: N/D; User:system; ContentIdentifier: 48190c8c-42c4-46af-8d1a-0cd5db894797
[16/06/23 15:58:33:827 UTC]  INFO business.ContentletIndexAPIImpl: Indexing: 48190c8c-42c4-46af-8d1a-0cd5db894797 : demo.dotcms.com, includeDependencies: true, policy: FORCE
[16/06/23 15:58:33:852 UTC]  INFO util.ActivityLogger: class com.dotcms.content.elasticsearch.business.ESContentletAPIImpl: System Host : Content Published , StartDate: N/D; EndDate: N/D; User:system; ContentIdentifier: 48190c8c-42c4-46af-8d1a-0cd5db894797
[16/06/23 15:58:33:858 UTC]  INFO business.ContentletIndexAPIImpl: Indexing: 48190c8c-42c4-46af-8d1a-0cd5db894797 : demo.dotcms.com, includeDependencies: true, policy: FORCE
[16/06/23 15:58:33:950 UTC]  INFO util.SecurityLogger: class com.dotmarketing.portlets.workflows.business.WorkflowAPIImpl : Workflow Scheme 'System Workflow' [d61a59e1-a49c-46f2-a929-db2b4bfa88b2] has been saved by User ID 'system' -- ip:172.18.0.1,user:Admin User [ID: dotcms.org.1][email:admin@dotcms.com]
[16/06/23 15:58:33:959 UTC]  INFO util.SecurityLogger: class com.dotmarketing.portlets.workflows.business.WorkflowAPIImpl : Workflow Step 'New' [6cb7e3bd-1710-4eed-8838-d3db60f78f19] has been saved by User ID 'system' -- ip:172.18.0.1,user:Admin User [ID: dotcms.org.1][email:admin@dotcms.com]
[16/06/23 15:58:33:965 UTC]  INFO util.SecurityLogger: class com.dotmarketing.portlets.workflows.business.WorkflowAPIImpl : Workflow Step 'Draft' [ee24a4cb-2d15-4c98-b1bd-6327126451f3] has been saved by User ID 'system' -- ip:172.18.0.1,user:Admin User [ID: dotcms.org.1][email:admin@dotcms.com]
[16/06/23 15:58:33:976 UTC]  INFO util.SecurityLogger: class com.dotmarketing.portlets.workflows.business.WorkflowAPIImpl : Workflow Step 'Published' [dc3c9cd0-8467-404b-bf95-cb7df3fbc293] has been saved by User ID 'system' -- ip:172.18.0.1,user:Admin User [ID: dotcms.org.1][email:admin@dotcms.com]
[16/06/23 15:58:33:981 UTC]  INFO util.SecurityLogger: class com.dotmarketing.portlets.workflows.business.WorkflowAPIImpl : Workflow Step 'Archived' [d6b095b6-b65f-4bdb-bbfd-701d663dfee2] has been saved by User ID 'system' -- ip:172.18.0.1,user:Admin User [ID: dotcms.org.1][email:admin@dotcms.com]
[16/06/23 15:58:34:000 UTC]  INFO util.SecurityLogger: class com.dotmarketing.portlets.workflows.business.WorkflowAPIImpl : Action id: '4da13a42-5d59-480c-ad8f-94a3adf809fe' has been reordered by user: system -- ip:172.18.0.1,user:Admin User [ID: dotcms.org.1][email:admin@dotcms.com]
[16/06/23 15:58:34:004 UTC]  WARN business.PermissionCacheImpl:  !!! Putting an empty list of permissions in the cache for asset:4da13a42-5d59-480c-ad8f-94a3adf809fe. Every asset should have at least 1 permission (or inherited permission) associated with it
[16/06/23 15:58:34:012 UTC]  INFO util.SecurityLogger: class com.dotmarketing.portlets.workflows.business.WorkflowAPIImpl : Action id: '963f6a04-5320-42e7-ab74-6d876d199946' has been reordered by user: system -- ip:172.18.0.1,user:Admin User [ID: dotcms.org.1][email:admin@dotcms.com]
[16/06/23 15:58:34:015 UTC]  WARN business.PermissionCacheImpl:  !!! Putting an empty list of permissions in the cache for asset:963f6a04-5320-42e7-ab74-6d876d199946. Every asset should have at least 1 permission (or inherited permission) associated with it
[16/06/23 15:58:34:023 UTC]  INFO util.SecurityLogger: class com.dotmarketing.portlets.workflows.business.WorkflowAPIImpl : Action id: '777f1c6b-c877-4a37-ba4b-10627316c2cc' has been reordered by user: system -- ip:172.18.0.1,user:Admin User [ID: dotcms.org.1][email:admin@dotcms.com]
[16/06/23 15:58:34:026 UTC]  WARN business.PermissionCacheImpl:  !!! Putting an empty list of permissions in the cache for asset:777f1c6b-c877-4a37-ba4b-10627316c2cc. Every asset should have at least 1 permission (or inherited permission) associated with it
[16/06/23 15:58:34:035 UTC]  INFO util.SecurityLogger: class com.dotmarketing.portlets.workflows.business.WorkflowAPIImpl : Action id: '1e0f1c6b-b67f-4c99-983d-db2b4bfa88b2' has been reordered by user: system -- ip:172.18.0.1,user:Admin User [ID: dotcms.org.1][email:admin@dotcms.com]
[16/06/23 15:58:34:038 UTC]  WARN business.PermissionCacheImpl:  !!! Putting an empty list of permissions in the cache for asset:1e0f1c6b-b67f-4c99-983d-db2b4bfa88b2. Every asset should have at least 1 permission (or inherited permission) associated with it
[16/06/23 15:58:34:052 UTC]  INFO util.SecurityLogger: class com.dotmarketing.portlets.workflows.business.WorkflowAPIImpl : Action id: 'b9d89c80-3d88-4311-8365-187323c96436' has been reordered by user: system -- ip:172.18.0.1,user:Admin User [ID: dotcms.org.1][email:admin@dotcms.com]
[16/06/23 15:58:34:056 UTC]  WARN business.PermissionCacheImpl:  !!! Putting an empty list of permissions in the cache for asset:b9d89c80-3d88-4311-8365-187323c96436. Every asset should have at least 1 permission (or inherited permission) associated with it
[16/06/23 15:58:34:065 UTC]  INFO util.SecurityLogger: class com.dotmarketing.portlets.workflows.business.WorkflowAPIImpl : Action id: 'ceca71a0-deee-4999-bd47-b01baa1bcfc8' has been reordered by user: system -- ip:172.18.0.1,user:Admin User [ID: dotcms.org.1][email:admin@dotcms.com]
[16/06/23 15:58:34:067 UTC]  WARN business.PermissionCacheImpl:  !!! Putting an empty list of permissions in the cache for asset:ceca71a0-deee-4999-bd47-b01baa1bcfc8. Every asset should have at least 1 permission (or inherited permission) associated with it
[16/06/23 15:58:34:075 UTC]  INFO util.SecurityLogger: class com.dotmarketing.portlets.workflows.business.WorkflowAPIImpl : Action id: 'c92f9aa1-9503-4567-ac30-d3242b54d02d' has been reordered by user: system -- ip:172.18.0.1,user:Admin User [ID: dotcms.org.1][email:admin@dotcms.com]
[16/06/23 15:58:34:077 UTC]  WARN business.PermissionCacheImpl:  !!! Putting an empty list of permissions in the cache for asset:c92f9aa1-9503-4567-ac30-d3242b54d02d. Every asset should have at least 1 permission (or inherited permission) associated with it
[16/06/23 15:58:34:084 UTC]  INFO util.SecurityLogger: class com.dotmarketing.portlets.workflows.business.WorkflowAPIImpl : Action id: '38efc763-d78f-4e4b-b092-59cd8c579b93' has been reordered by user: system -- ip:172.18.0.1,user:Admin User [ID: dotcms.org.1][email:admin@dotcms.com]
[16/06/23 15:58:34:089 UTC]  WARN business.PermissionCacheImpl:  !!! Putting an empty list of permissions in the cache for asset:38efc763-d78f-4e4b-b092-59cd8c579b93. Every asset should have at least 1 permission (or inherited permission) associated with it
[16/06/23 15:58:34:098 UTC]  INFO util.SecurityLogger: class com.dotmarketing.portlets.workflows.business.WorkflowAPIImpl : The action id: 'ceca71a0-deee-4999-bd47-b01baa1bcfc8' has been saved by the user: system -- ip:172.18.0.1,user:Admin User [ID: dotcms.org.1][email:admin@dotcms.com]
[16/06/23 15:58:34:107 UTC]  INFO util.SecurityLogger: class com.dotmarketing.portlets.workflows.business.WorkflowAPIImpl : The action id: 'b9d89c80-3d88-4311-8365-187323c96436' has been saved by the user: system -- ip:172.18.0.1,user:Admin User [ID: dotcms.org.1][email:admin@dotcms.com]
[16/06/23 15:58:34:113 UTC]  INFO util.SecurityLogger: class com.dotmarketing.portlets.workflows.business.WorkflowAPIImpl : The action id: '777f1c6b-c877-4a37-ba4b-10627316c2cc' has been saved by the user: system -- ip:172.18.0.1,user:Admin User [ID: dotcms.org.1][email:admin@dotcms.com]
[16/06/23 15:58:34:119 UTC]  INFO util.SecurityLogger: class com.dotmarketing.portlets.workflows.business.WorkflowAPIImpl : The action id: 'ceca71a0-deee-4999-bd47-b01baa1bcfc8' has been saved by the user: system -- ip:172.18.0.1,user:Admin User [ID: dotcms.org.1][email:admin@dotcms.com]
[16/06/23 15:58:34:125 UTC]  INFO util.SecurityLogger: class com.dotmarketing.portlets.workflows.business.WorkflowAPIImpl : The action id: '38efc763-d78f-4e4b-b092-59cd8c579b93' has been saved by the user: system -- ip:172.18.0.1,user:Admin User [ID: dotcms.org.1][email:admin@dotcms.com]
[16/06/23 15:58:34:132 UTC]  INFO util.SecurityLogger: class com.dotmarketing.portlets.workflows.business.WorkflowAPIImpl : The action id: '963f6a04-5320-42e7-ab74-6d876d199946' has been saved by the user: system -- ip:172.18.0.1,user:Admin User [ID: dotcms.org.1][email:admin@dotcms.com]
[16/06/23 15:58:34:137 UTC]  INFO util.SecurityLogger: class com.dotmarketing.portlets.workflows.business.WorkflowAPIImpl : The action id: 'b9d89c80-3d88-4311-8365-187323c96436' has been saved by the user: system -- ip:172.18.0.1,user:Admin User [ID: dotcms.org.1][email:admin@dotcms.com]
[16/06/23 15:58:34:143 UTC]  INFO util.SecurityLogger: class com.dotmarketing.portlets.workflows.business.WorkflowAPIImpl : The action id: '4da13a42-5d59-480c-ad8f-94a3adf809fe' has been saved by the user: system -- ip:172.18.0.1,user:Admin User [ID: dotcms.org.1][email:admin@dotcms.com]
[16/06/23 15:58:34:149 UTC]  INFO util.SecurityLogger: class com.dotmarketing.portlets.workflows.business.WorkflowAPIImpl : The action id: '963f6a04-5320-42e7-ab74-6d876d199946' has been saved by the user: system -- ip:172.18.0.1,user:Admin User [ID: dotcms.org.1][email:admin@dotcms.com]
[16/06/23 15:58:34:155 UTC]  INFO util.SecurityLogger: class com.dotmarketing.portlets.workflows.business.WorkflowAPIImpl : The action id: 'ceca71a0-deee-4999-bd47-b01baa1bcfc8' has been saved by the user: system -- ip:172.18.0.1,user:Admin User [ID: dotcms.org.1][email:admin@dotcms.com]
[16/06/23 15:58:34:166 UTC]  INFO util.SecurityLogger: class com.dotmarketing.portlets.workflows.business.WorkflowAPIImpl : The action id: '38efc763-d78f-4e4b-b092-59cd8c579b93' has been saved by the user: system -- ip:172.18.0.1,user:Admin User [ID: dotcms.org.1][email:admin@dotcms.com]
[16/06/23 15:58:34:171 UTC]  INFO util.SecurityLogger: class com.dotmarketing.portlets.workflows.business.WorkflowAPIImpl : The action id: '4da13a42-5d59-480c-ad8f-94a3adf809fe' has been saved by the user: system -- ip:172.18.0.1,user:Admin User [ID: dotcms.org.1][email:admin@dotcms.com]
[16/06/23 15:58:34:177 UTC]  INFO util.SecurityLogger: class com.dotmarketing.portlets.workflows.business.WorkflowAPIImpl : The action id: 'b9d89c80-3d88-4311-8365-187323c96436' has been saved by the user: system -- ip:172.18.0.1,user:Admin User [ID: dotcms.org.1][email:admin@dotcms.com]
[16/06/23 15:58:34:184 UTC]  INFO util.SecurityLogger: class com.dotmarketing.portlets.workflows.business.WorkflowAPIImpl : The action id: 'c92f9aa1-9503-4567-ac30-d3242b54d02d' has been saved by the user: system -- ip:172.18.0.1,user:Admin User [ID: dotcms.org.1][email:admin@dotcms.com]
[16/06/23 15:58:34:190 UTC]  INFO util.SecurityLogger: class com.dotmarketing.portlets.workflows.business.WorkflowAPIImpl : The action id: '777f1c6b-c877-4a37-ba4b-10627316c2cc' has been saved by the user: system -- ip:172.18.0.1,user:Admin User [ID: dotcms.org.1][email:admin@dotcms.com]
[16/06/23 15:58:34:195 UTC]  INFO util.SecurityLogger: class com.dotmarketing.portlets.workflows.business.WorkflowAPIImpl : The action id: '1e0f1c6b-b67f-4c99-983d-db2b4bfa88b2' has been saved by the user: system -- ip:172.18.0.1,user:Admin User [ID: dotcms.org.1][email:admin@dotcms.com]
[16/06/23 15:58:34:289 UTC]  INFO util.SecurityLogger: class com.dotmarketing.portlets.workflows.business.WorkflowAPIImpl : Workflow Action Class with id: 'f970943f-3768-49b6-bc6b-f24f9affbfbf' has been deleted -- ip:172.18.0.1,user:Admin User [ID: dotcms.org.1][email:admin@dotcms.com]
[16/06/23 15:58:34:294 UTC]  INFO util.SecurityLogger: class com.dotmarketing.portlets.workflows.business.WorkflowAPIImpl : Workflow Action with id: dd4c4b7c-e9d3-4dc0-8fbf-36102f9c6324, name: Move has been deleted -- ip:172.18.0.1,user:Admin User [ID: dotcms.org.1][email:admin@dotcms.com]
[16/06/23 15:58:34:352 UTC]  INFO helper.SystemActionMappingsHandlerMerger: The mapping for systemAction: NEW, workflowAction: Optional[WorkflowAction [id=ceca71a0-deee-4999-bd47-b01baa1bcfc8, name=Save, stepId=null, nextStep=ee24a4cb-2d15-4c98-b1bd-6327126451f3]], and scheme: d61a59e1-a49c-46f2-a929-db2b4bfa88b2 has been saved
[16/06/23 15:58:34:357 UTC]  INFO helper.SystemActionMappingsHandlerMerger: The mapping for systemAction: EDIT, workflowAction: Optional[WorkflowAction [id=ceca71a0-deee-4999-bd47-b01baa1bcfc8, name=Save, stepId=null, nextStep=ee24a4cb-2d15-4c98-b1bd-6327126451f3]], and scheme: d61a59e1-a49c-46f2-a929-db2b4bfa88b2 has been saved
[16/06/23 15:58:34:361 UTC]  INFO helper.SystemActionMappingsHandlerMerger: The mapping for systemAction: UNPUBLISH, workflowAction: Optional[WorkflowAction [id=38efc763-d78f-4e4b-b092-59cd8c579b93, name=Unpublish, stepId=null, nextStep=ee24a4cb-2d15-4c98-b1bd-6327126451f3]], and scheme: d61a59e1-a49c-46f2-a929-db2b4bfa88b2 has been saved
[16/06/23 15:58:34:364 UTC]  INFO helper.SystemActionMappingsHandlerMerger: The mapping for systemAction: UNARCHIVE, workflowAction: Optional[WorkflowAction [id=c92f9aa1-9503-4567-ac30-d3242b54d02d, name=Unarchive, stepId=null, nextStep=ee24a4cb-2d15-4c98-b1bd-6327126451f3]], and scheme: d61a59e1-a49c-46f2-a929-db2b4bfa88b2 has been saved
[16/06/23 15:58:34:368 UTC]  INFO helper.SystemActionMappingsHandlerMerger: The mapping for systemAction: PUBLISH, workflowAction: Optional[WorkflowAction [id=b9d89c80-3d88-4311-8365-187323c96436, name=Publish, stepId=null, nextStep=dc3c9cd0-8467-404b-bf95-cb7df3fbc293]], and scheme: d61a59e1-a49c-46f2-a929-db2b4bfa88b2 has been saved
[16/06/23 15:58:34:372 UTC]  INFO helper.SystemActionMappingsHandlerMerger: The mapping for systemAction: ARCHIVE, workflowAction: Optional[WorkflowAction [id=4da13a42-5d59-480c-ad8f-94a3adf809fe, name=Archive, stepId=null, nextStep=d6b095b6-b65f-4bdb-bbfd-701d663dfee2]], and scheme: d61a59e1-a49c-46f2-a929-db2b4bfa88b2 has been saved
[16/06/23 15:58:34:376 UTC]  INFO helper.SystemActionMappingsHandlerMerger: The mapping for systemAction: DESTROY, workflowAction: Optional[WorkflowAction [id=1e0f1c6b-b67f-4c99-983d-db2b4bfa88b2, name=Destroy, stepId=null, nextStep=d6b095b6-b65f-4bdb-bbfd-701d663dfee2]], and scheme: d61a59e1-a49c-46f2-a929-db2b4bfa88b2 has been saved
[16/06/23 15:58:34:380 UTC]  INFO helper.SystemActionMappingsHandlerMerger: The mapping for systemAction: DELETE, workflowAction: Optional[WorkflowAction [id=777f1c6b-c877-4a37-ba4b-10627316c2cc, name=Delete, stepId=null, nextStep=d6b095b6-b65f-4bdb-bbfd-701d663dfee2]], and scheme: d61a59e1-a49c-46f2-a929-db2b4bfa88b2 has been saved
[16/06/23 15:58:34:381 UTC]  INFO util.PushPublishLogger: class com.dotcms.enterprise.publishing.remote.handler.WorkflowHandler : [BundleID: content_type_and_content_demo.tar.gz] Workflow publish success, ID: d61a59e1-a49c-46f2-a929-db2b4bfa88b2, Name: System Workflow
[16/06/23 15:58:34:487 UTC]  INFO util.ActivityLogger: class com.dotcms.contenttype.business.ContentTypeAPIImpl: system : Save ContentType Action , User system/system user system user added ContentType Host to host id:SYSTEM_HOST
[16/06/23 15:58:34:487 UTC]  INFO business.ContentTypeAPIImpl: UserId : system : ContentType : ContentType saved : Host
[16/06/23 15:58:34:487 UTC]  INFO util.AdminLogger: UserId : system : class com.dotcms.contenttype.business.ContentTypeAPIImpl : ContentType : ContentType saved : Host
[16/06/23 15:58:34:508 UTC]  INFO util.ActivityLogger: class com.dotmarketing.util.ActivityLogger: system : Update Field Action , User system/system user modified field fields-0 to Host Structure.
[16/06/23 15:58:34:539 UTC]  INFO util.ActivityLogger: class com.dotmarketing.util.ActivityLogger: system : Update Field Action , User system/system user modified field fields-1 to Host Structure.
[16/06/23 15:58:34:564 UTC]  INFO util.ActivityLogger: class com.dotmarketing.util.ActivityLogger: system : Update Field Action , User system/system user modified field Host Name to Host Structure.
[16/06/23 15:58:34:586 UTC]  INFO util.ActivityLogger: class com.dotmarketing.util.ActivityLogger: system : Update Field Action , User system/system user modified field Aliases to Host Structure.
[16/06/23 15:58:34:597 UTC]  INFO business.FieldAPIImpl: No changes made to field: isDefault, returning
[16/06/23 15:58:34:620 UTC]  INFO util.ActivityLogger: class com.dotmarketing.util.ActivityLogger: system : Update Field Action , User system/system user modified field Tag Storage to Host Structure.
[16/06/23 15:58:34:642 UTC]  INFO util.ActivityLogger: class com.dotmarketing.util.ActivityLogger: system : Update Field Action , User system/system user modified field Host Thumbnail to Host Structure.
[16/06/23 15:58:34:648 UTC]  INFO business.FieldAPIImpl: No changes made to field: isSystemHost, returning
[16/06/23 15:58:34:664 UTC]  INFO util.ActivityLogger: class com.dotmarketing.util.ActivityLogger: system : Update Field Action , User system/system user modified field Run Dashboard to Host Structure.
[16/06/23 15:58:34:689 UTC]  INFO util.ActivityLogger: class com.dotmarketing.util.ActivityLogger: system : Save Field Action , User system/system user added field Meta Data (Default) to Host Structure.
[16/06/23 15:58:34:714 UTC]  INFO util.ActivityLogger: class com.dotmarketing.util.ActivityLogger: system : Save Field Action , User system/system user added field Keywords to Host Structure.
[16/06/23 15:58:34:741 UTC]  INFO util.ActivityLogger: class com.dotmarketing.util.ActivityLogger: system : Save Field Action , User system/system user added field Description to Host Structure.
[16/06/23 15:58:34:768 UTC]  INFO util.ActivityLogger: class com.dotmarketing.util.ActivityLogger: system : Save Field Action , User system/system user added field Site Tags to Host Structure.
[16/06/23 15:58:34:797 UTC]  INFO util.ActivityLogger: class com.dotmarketing.util.ActivityLogger: system : Save Field Action , User system/system user added field Google Map to Host Structure.
[16/06/23 15:58:34:827 UTC]  INFO util.ActivityLogger: class com.dotmarketing.util.ActivityLogger: system : Save Field Action , User system/system user added field Google Analytics to Host Structure.
[16/06/23 15:58:34:875 UTC]  INFO util.ActivityLogger: class com.dotmarketing.util.ActivityLogger: system : Save Field Action , User system/system user added field Add This to Host Structure.
[16/06/23 15:58:34:926 UTC]  INFO util.ActivityLogger: class com.dotmarketing.util.ActivityLogger: system : Save Field Action , User system/system user added field Proxy Url for Edit Mode to Host Structure.
[16/06/23 15:58:34:983 UTC]  INFO util.ActivityLogger: class com.dotmarketing.util.ActivityLogger: system : Save Field Action , User system/system user added field Embedded Dashboard Url to Host Structure.
[16/06/23 15:58:35:002 UTC]  INFO util.PushPublishLogger: class com.dotcms.enterprise.publishing.remote.handler.ContentTypeHandler : [BundleID: content_type_and_content_demo.tar.gz] Content Type publish success, ID: 855a2d72-f2f3-4169-8b04-ac5157c4380c, Name: Host
[16/06/23 15:58:35:006 UTC]  INFO util.SecurityLogger: class com.dotmarketing.portlets.workflows.business.WorkflowAPIImpl : Saving schemes [ [WorkflowScheme [id=d61a59e1-a49c-46f2-a929-db2b4bfa88b2, name=System Workflow, archived=false, mandatory=false]] ] for Content Type [ com.dotmarketing.portlets.structure.model.Structure@633ec2d6[name=Host,description=System hosts information,defaultStructure=false,reviewInterval=<null>,reviewerRole=<null>,pagedetail=<null>,structureType=1,fixed=true,system=true,velocityVarName=Host,urlMapPattern=<null>,host=SYSTEM_HOST,folder=SYSTEM_FOLDER,publishDateVar=<null>,expireDateVar=<null>,modDate=Fri Jun 16 15:58:35 UTC 2023,icon=event_note,sortOrder=0,iDate=Mon Mar 28 15:10:14 UTC 2016,type=structure,owner=<null>,inode=855a2d72-f2f3-4169-8b04-ac5157c4380c,identifier=855a2d72-f2f3-4169-8b04-ac5157c4380c] ] -- ip:172.18.0.1,user:Admin User [ID: dotcms.org.1][email:admin@dotcms.com]
[16/06/23 15:58:35:027 UTC]  INFO business.ContentTypeAPIImpl: Content type not found with given id: ea533f67-4883-42bb-9701-83293e7313e5. Continuing...
[16/06/23 15:58:35:042 UTC]  INFO util.ActivityLogger: class com.dotmarketing.util.ActivityLogger: system : Save Field Action , User system/system user added field fields-0 to type_2 Structure.
[16/06/23 15:58:35:059 UTC]  INFO util.ActivityLogger: class com.dotmarketing.util.ActivityLogger: system : Save Field Action , User system/system user added field fields-1 to type_2 Structure.
[16/06/23 15:58:35:080 UTC]  INFO util.ActivityLogger: class com.dotmarketing.util.ActivityLogger: system : Save Field Action , User system/system user added field text_1 to type_2 Structure.
[16/06/23 15:58:35:091 UTC]  INFO util.ActivityLogger: class com.dotcms.contenttype.business.ContentTypeAPIImpl: system : Save ContentType Action , User system/system user system user added ContentType type_2 to host id:48190c8c-42c4-46af-8d1a-0cd5db894797
[16/06/23 15:58:35:091 UTC]  INFO business.ContentTypeAPIImpl: UserId : system : ContentType : ContentType saved : type_2
[16/06/23 15:58:35:091 UTC]  INFO util.AdminLogger: UserId : system : class com.dotcms.contenttype.business.ContentTypeAPIImpl : ContentType : ContentType saved : type_2
[16/06/23 15:58:35:091 UTC]  INFO util.PushPublishLogger: class com.dotcms.enterprise.publishing.remote.handler.ContentTypeHandler : [BundleID: content_type_and_content_demo.tar.gz] Content Type publish success, ID: ea533f67-4883-42bb-9701-83293e7313e5, Name: type_2
[16/06/23 15:58:35:091 UTC]  INFO util.SecurityLogger: class com.dotmarketing.portlets.workflows.business.WorkflowAPIImpl : Saving schemes [ [WorkflowScheme [id=d61a59e1-a49c-46f2-a929-db2b4bfa88b2, name=System Workflow, archived=false, mandatory=false]] ] for Content Type [ com.dotmarketing.portlets.structure.model.Structure@1007aeab[name=type_2,description=<null>,defaultStructure=false,reviewInterval=<null>,reviewerRole=<null>,pagedetail=<null>,structureType=1,fixed=false,system=false,velocityVarName=Type2,urlMapPattern=<null>,host=48190c8c-42c4-46af-8d1a-0cd5db894797,folder=SYSTEM_FOLDER,publishDateVar=<null>,expireDateVar=<null>,modDate=Thu Oct 08 17:32:29 UTC 2020,icon=<null>,sortOrder=0,iDate=Thu Oct 08 17:32:19 UTC 2020,type=structure,owner=<null>,inode=ea533f67-4883-42bb-9701-83293e7313e5,identifier=ea533f67-4883-42bb-9701-83293e7313e5] ] -- ip:172.18.0.1,user:Admin User [ID: dotcms.org.1][email:admin@dotcms.com]
[16/06/23 15:58:35:133 UTC]  INFO util.PushPublishLogger: class com.dotcms.enterprise.publishing.remote.handler.LanguageVariablesHandler : [BundleID: content_type_and_content_demo.tar.gz] Language File publish success, Name: cms_language_en.properties
[16/06/23 15:58:35:134 UTC]  INFO util.PushPublishLogger: class com.dotcms.enterprise.publishing.remote.handler.LanguageVariablesHandler : [BundleID: content_type_and_content_demo.tar.gz] Language File publish success, Name: cms_language_en_US.properties
[16/06/23 15:58:35:135 UTC]  INFO util.PushPublishLogger: class com.dotcms.enterprise.publishing.remote.handler.LanguageVariablesHandler : [BundleID: content_type_and_content_demo.tar.gz] Language File publish success, Name: cms_language_es.properties
[16/06/23 15:58:35:136 UTC]  INFO util.PushPublishLogger: class com.dotcms.enterprise.publishing.remote.handler.LanguageVariablesHandler : [BundleID: content_type_and_content_demo.tar.gz] Language File publish success, Name: cms_language_es_ES.properties
[16/06/23 15:58:35:136 UTC]  INFO util.PushPublishLogger: class com.dotcms.enterprise.publishing.remote.handler.LanguageVariablesHandler : [BundleID: content_type_and_content_demo.tar.gz] Language File publish success, Name: cms_language_fr.properties
[16/06/23 15:58:35:137 UTC]  INFO util.PushPublishLogger: class com.dotcms.enterprise.publishing.remote.handler.LanguageVariablesHandler : [BundleID: content_type_and_content_demo.tar.gz] Language File publish success, Name: cms_language_fr_FR.properties
[16/06/23 15:58:35:137 UTC]  INFO util.PushPublishLogger: class com.dotcms.enterprise.publishing.remote.handler.LanguageVariablesHandler : [BundleID: content_type_and_content_demo.tar.gz] Language File publish success, Name: cms_language_zh.properties
[16/06/23 15:58:35:138 UTC]  INFO util.PushPublishLogger: class com.dotcms.enterprise.publishing.remote.handler.LanguageVariablesHandler : [BundleID: content_type_and_content_demo.tar.gz] Language File publish success, Name: cms_language_zh_CN.properties
[16/06/23 15:58:36:022 UTC]  INFO reindex.ReindexThread: --- Unpausing reindex thread 
[16/06/23 15:58:36:099 UTC]  INFO reindex.BulkProcessorListener: -----------
[16/06/23 15:58:36:099 UTC]  INFO reindex.BulkProcessorListener: Reindexing Server #  : 1 of 1
[16/06/23 15:58:36:099 UTC]  INFO reindex.BulkProcessorListener: Total Indexed        : 0
[16/06/23 15:58:36:099 UTC]  INFO reindex.BulkProcessorListener: ReindexEntries found : 3
[16/06/23 15:58:36:099 UTC]  INFO reindex.BulkProcessorListener: BulkRequests created : 6
[16/06/23 15:58:36:099 UTC]  INFO reindex.BulkProcessorListener: -----------
[16/06/23 15:58:37:436 UTC]  INFO delegate.SystemEventsJobDelegate: The event: 5ef4dc0a-35de-46c6-a0ef-93479b78ce92, has been skipped on the server: f1d53064-bf8c-42af-a99b-f330dc22217f
[16/06/23 15:58:37:437 UTC]  INFO delegate.SystemEventsJobDelegate: The event: 431af9f8-5c32-4bb1-8bd6-7ea6666e5378, has been skipped on the server: f1d53064-bf8c-42af-a99b-f330dc22217f
[16/06/23 15:58:41:028 UTC]  INFO concurrent.Debouncer: Debouncing : invalidateGraphSchema after 5000 MILLISECONDS
[16/06/23 15:58:42:132 UTC]  INFO util.PushPublishLogger: class com.dotcms.rest.PushPublisherJob : [BundleID: content_type_and_content_demo.tar.gz] Finished bundle publish process
[16/06/23 15:58:42:132 UTC]  INFO rest.PushPublisherJob: Finished bundle publish process
[16/06/23 15:58:42:254 UTC]  INFO apps.SecretsKeyStoreHelper: KeyStore loaded successfully after `1` tries.
[16/06/23 15:58:45:266 UTC]  INFO util.SecurityLogger: class com.dotmarketing.cms.login.factories.LoginFactory : User admin@dotcms.com has sucessfully logged in from IP: 172.18.0.1 -- ip:172.18.0.1,user:Admin User [ID: dotcms.org.1][email:admin@dotcms.com]
[16/06/23 15:58:45:275 UTC]  INFO rest.BundleResource: Deleting all bundles by the user: dotcms.org.1
[16/06/23 15:58:45:287 UTC]  INFO business.BundleAPIImpl: Deleting all bundles with statuses: [BUNDLE_REQUESTED, BUNDLING, SENDING_TO_ENDPOINTS, FAILED_TO_SEND_TO_ALL_GROUPS, FAILED_TO_SEND_TO_SOME_GROUPS, FAILED_TO_BUNDLE, FAILED_TO_SENT, FAILED_TO_PUBLISH, SUCCESS, BUNDLE_SENT_SUCCESSFULLY, RECEIVED_BUNDLE, PUBLISHING_BUNDLE, WAITING_FOR_PUBLISHING, BUNDLE_SAVED_SUCCESSFULLY, INVALID_TOKEN, LICENSE_REQUIRED, SUCCESS_WITH_WARNINGS, FAILED_INTEGRITY_CHECK]by the user: dotcms.org.1
[16/06/23 15:58:45:295 UTC]  INFO business.BundleAPIImpl: Removing bundle: content_type_and_content_demo and dependencies by: dotcms.org.1
[16/06/23 15:58:45:296 UTC]  INFO business.BundleAPIImpl: Removing audit status for a bundle: content_type_and_content_demo
[16/06/23 15:58:45:297 UTC]  INFO business.PublishAuditAPIImpl: Deleting the bundle: content_type_and_content_demo
[16/06/23 15:58:45:299 UTC]  INFO business.BundleAPIImpl: Removing all assets from bundle: content_type_and_content_demo
[16/06/23 15:58:45:300 UTC]  INFO business.BundleAPIImpl: Removing environments from bundle: content_type_and_content_demo
[16/06/23 15:58:45:301 UTC]  INFO business.BundleAPIImpl: Removing bundle: content_type_and_content_demo
[16/06/23 15:58:45:328 UTC]  INFO business.BundleAPIImpl: Deleted 1 bundles, failed 0 bundles
[16/06/23 15:58:45:340 UTC]  WARN struts.MultiMessageResources: Duplicate resource property definition (key=was ==> is now): contenttypes.content.copy=Copy ==> Copy
[16/06/23 15:58:45:343 UTC]  WARN struts.MultiMessageResources: Duplicate resource property definition (key=was ==> is now): message.category.import=Importing Categories.  This operation cannot be cancelled or undone. ==> IMPORT
[16/06/23 15:58:45:343 UTC]  WARN struts.MultiMessageResources: Duplicate resource property definition (key=was ==> is now): message.containers.create.content_type_code=Content Type Code ==> Content Type Code
[16/06/23 15:58:45:346 UTC]  WARN struts.MultiMessageResources: Duplicate resource property definition (key=was ==> is now): Save=Save ==> Save
[16/06/23 15:58:45:348 UTC]  WARN struts.MultiMessageResources: Duplicate resource property definition (key=was ==> is now): Move=Move ==> Move
[16/06/23 15:58:45:349 UTC]  WARN struts.MultiMessageResources: Duplicate resource property definition (key=was ==> is now): archived=archived ==> Archived
[16/06/23 15:58:47:445 UTC]  INFO delegate.SystemEventsJobDelegate: The event: 1fe936c7-508c-4271-bbb6-646d686a1ccb, has been skipped on the server: f1d53064-bf8c-42af-a99b-f330dc22217f
[16/06/23 15:58:47:445 UTC]  INFO delegate.SystemEventsJobDelegate: The event: 557cc6bb-8421-4e83-80cf-3f61b762b8b0, has been skipped on the server: f1d53064-bf8c-42af-a99b-f330dc22217f
[16/06/23 15:58:58:388 UTC]  INFO util.SecurityLogger: class com.dotmarketing.cms.login.factories.LoginFactory : User admin@dotcms.com has sucessfully logged in from IP: 172.18.0.1 -- ip:172.18.0.1,user:Admin User [ID: dotcms.org.1][email:admin@dotcms.com]
[16/06/23 15:58:58:457 UTC]  WARN ajax.RemotePublishAjaxAction: Unable to find asset id = [ea533f67-4883-42bb-9701-83293e7313e5]
[16/06/23 15:58:58:529 UTC]  INFO util.PushPublishLogger: class com.dotcms.publisher.business.PublisherAPIImpl : [BundleID: 01H32EWSWNHSHTMQWDBJ06P1R4] Asset added to Push Publish Queue. Action: Added by Browsing, Asset Type: contenttype, Asset Id: ea533f67-4883-42bb-9701-83293e7313e5, User: dotcms.org.1
[16/06/23 15:59:00:084 UTC]  INFO apps.SecretsKeyStoreHelper: KeyStore loaded successfully after `1` tries.
[16/06/23 15:59:01:656 UTC]  INFO util.SecurityLogger: class com.dotmarketing.cms.login.factories.LoginFactory : User admin@dotcms.com has sucessfully logged in from IP: 172.18.0.1 -- ip:172.18.0.1,user:Admin User [ID: dotcms.org.1][email:admin@dotcms.com]
[16/06/23 15:59:03:696 UTC]  INFO business.PublisherQueueJob: 
[16/06/23 15:59:03:697 UTC]  INFO business.PublisherQueueJob: Found 1 bundle(s) to process.
[16/06/23 15:59:03:697 UTC]  INFO business.PublisherQueueJob: 
[16/06/23 15:59:03:698 UTC]  INFO business.PublisherQueueJob: Processing bundle: ID: 01H32EWSWNHSHTMQWDBJ06P1R4. Status: Starting. Publish Date: 2020-09-10 17:14:00.0
[16/06/23 15:59:03:698 UTC]  INFO util.PushPublishLogger: class com.dotcms.publisher.business.PublishAuditStatus : Status Update: Pending.
[16/06/23 15:59:03:704 UTC]  INFO util.PushPublishLogger: class com.dotcms.publisher.business.PublisherQueueJob : Pre-publish work started.
[16/06/23 15:59:03:726 UTC]  INFO util.PushPublishLogger: class com.dotcms.publisher.business.PublisherQueueJob : Pre-publish work complete.
[16/06/23 15:59:03:728 UTC]  INFO util.PushPublishLogger: class com.dotcms.publishing.PublisherAPIImpl : [BundleID: 01H32EWSWNHSHTMQWDBJ06P1R4] Started Publishing Task
[16/06/23 15:59:03:740 UTC]  INFO publishing.PublisherAPIImpl: Start of Bundler: DependencyBundler
[16/06/23 15:59:12:864 UTC]  INFO dependencies.ConcurrentDependencyProcessor: DependencyProcessor Finished
[16/06/23 15:59:12:865 UTC]  INFO publishing.PublisherAPIImpl: End of Bundler: DependencyBundler
[16/06/23 15:59:12:865 UTC]  INFO publishing.PublisherAPIImpl: Start of Bundler: HostBundler
[16/06/23 15:59:12:868 UTC]  INFO util.PushPublishLogger: class com.dotcms.enterprise.publishing.remote.bundler.HostBundler : Status Update: Bundling.
[16/06/23 15:59:12:935 UTC]  INFO bundler.HostBundler: Searching for ContentletVersionInfo. Identifier: 48190c8c-42c4-46af-8d1a-0cd5db894797. Language:1
[16/06/23 15:59:12:984 UTC]  INFO util.PushPublishLogger: class com.dotcms.enterprise.publishing.remote.bundler.HostBundler : Status Update: Bundling.
[16/06/23 15:59:12:985 UTC]  INFO publishing.PublisherAPIImpl: End of Bundler: HostBundler
[16/06/23 15:59:12:985 UTC]  INFO publishing.PublisherAPIImpl: Start of Bundler: ContentBundler
[16/06/23 15:59:12:994 UTC]  INFO util.PushPublishLogger: class com.dotcms.enterprise.publishing.remote.bundler.ContentBundler : Status Update: Bundling.
[16/06/23 15:59:12:996 UTC]  INFO util.PushPublishLogger: class com.dotcms.enterprise.publishing.remote.bundler.ContentBundler : Status Update: Bundling.
[16/06/23 15:59:12:997 UTC]  INFO publishing.PublisherAPIImpl: End of Bundler: ContentBundler
[16/06/23 15:59:12:997 UTC]  INFO publishing.PublisherAPIImpl: Start of Bundler: FolderBundler
[16/06/23 15:59:12:997 UTC]  INFO publishing.PublisherAPIImpl: End of Bundler: FolderBundler
[16/06/23 15:59:12:997 UTC]  INFO publishing.PublisherAPIImpl: Start of Bundler: TemplateBundler
[16/06/23 15:59:12:997 UTC]  INFO publishing.PublisherAPIImpl: End of Bundler: TemplateBundler
[16/06/23 15:59:12:997 UTC]  INFO publishing.PublisherAPIImpl: Start of Bundler: ContainerBundler
[16/06/23 15:59:12:997 UTC]  INFO publishing.PublisherAPIImpl: End of Bundler: ContainerBundler
[16/06/23 15:59:12:997 UTC]  INFO publishing.PublisherAPIImpl: Start of Bundler: RuleBundler
[16/06/23 15:59:12:997 UTC]  INFO publishing.PublisherAPIImpl: End of Bundler: RuleBundler
[16/06/23 15:59:12:997 UTC]  INFO publishing.PublisherAPIImpl: Start of Bundler: LinkBundler
[16/06/23 15:59:12:997 UTC]  INFO publishing.PublisherAPIImpl: End of Bundler: LinkBundler
[16/06/23 15:59:12:997 UTC]  INFO publishing.PublisherAPIImpl: Start of Bundler: ContentTypeBundler
[16/06/23 15:59:13:047 UTC]  INFO publishing.PublisherAPIImpl: End of Bundler: ContentTypeBundler
[16/06/23 15:59:13:047 UTC]  INFO publishing.PublisherAPIImpl: Start of Bundler: RelationshipBundler
[16/06/23 15:59:13:047 UTC]  INFO publishing.PublisherAPIImpl: End of Bundler: RelationshipBundler
[16/06/23 15:59:13:047 UTC]  INFO publishing.PublisherAPIImpl: Start of Bundler: LanguageVariablesBundler
[16/06/23 15:59:13:058 UTC]  WARN util.FileUtil: /data/shared/assets/messages/cms_language_zh_CN.properties is empty
[16/06/23 15:59:13:058 UTC]  WARN util.FileUtil: /data/shared/assets/messages/cms_language_es_ES.properties is empty
[16/06/23 15:59:13:058 UTC]  WARN util.FileUtil: /data/shared/assets/messages/cms_language_en_US.properties is empty
[16/06/23 15:59:13:059 UTC]  WARN util.FileUtil: /data/shared/assets/messages/cms_language_fr_FR.properties is empty
[16/06/23 15:59:13:059 UTC]  INFO publishing.PublisherAPIImpl: End of Bundler: LanguageVariablesBundler
[16/06/23 15:59:13:059 UTC]  INFO publishing.PublisherAPIImpl: Start of Bundler: WorkflowBundler
[16/06/23 15:59:13:146 UTC]  INFO publishing.PublisherAPIImpl: End of Bundler: WorkflowBundler
[16/06/23 15:59:13:147 UTC]  INFO publishing.PublisherAPIImpl: Start of Bundler: LanguageBundler
[16/06/23 15:59:13:147 UTC]  INFO publishing.PublisherAPIImpl: End of Bundler: LanguageBundler
[16/06/23 15:59:13:147 UTC]  INFO publishing.PublisherAPIImpl: Start of Bundler: BundleXMLAsc
[16/06/23 15:59:13:148 UTC]  INFO publishing.PublisherAPIImpl: End of Bundler: BundleXMLAsc
[16/06/23 15:59:13:149 UTC]  INFO publishing.PublisherAPIImpl: Start of Bundler: CategoryBundler
[16/06/23 15:59:13:150 UTC]  INFO publishing.PublisherAPIImpl: End of Bundler: CategoryBundler
[16/06/23 15:59:13:190 UTC]  INFO util.PushPublishLogger: class com.dotcms.publisher.pusher.PushPublisher : Status Update: Sending to all environments
[16/06/23 15:59:13:194 UTC]  INFO util.PushPublishLogger: class com.dotcms.publisher.pusher.PushPublisher : Status Update: Sending Bundle
[16/06/23 15:59:13:268 UTC]  INFO pusher.AuthCredentialPushPublishUtil: Is JWT in Push publish avaible?: false
[16/06/23 15:59:13:269 UTC]  INFO pusher.AuthCredentialPushPublishUtil: PublishingEndPoint: receiver-1686931103578
[16/06/23 15:59:13:269 UTC]  INFO pusher.AuthCredentialPushPublishUtil: PublishingEndPoint key: Optional[pmWkWSBCL51Bfkhn79xPuKBKHz//H6B+mY6G9/eieuM=]
[16/06/23 15:59:13:270 UTC]  INFO pusher.AuthCredentialPushPublishUtil: Token from request: pmWkWSBCL51Bfkhn79xPuKBKHz//H6B+mY6G9/eieuM=
[16/06/23 15:59:13:277 UTC]  INFO util.PushPublishLogger: class com.dotcms.publisher.business.PublishAuditStatus : Status Update: Pending.
[16/06/23 15:59:13:309 UTC]  INFO rest.PushPublisherJob: Started bundle publish process
[16/06/23 15:59:13:309 UTC]  INFO util.PushPublishLogger: class com.dotcms.rest.PushPublisherJob : [BundleID: 01H32EWSWNHSHTMQWDBJ06P1R4.tar.gz] Started bundle publish process
[16/06/23 15:59:13:316 UTC]  INFO quartz.DotStatefulJob: New Task for job `PushPublisherJob` scheduled for execution `13 59 15 16 6 ? 2023`.
[16/06/23 15:59:13:352 UTC]  INFO util.PushPublishLogger: class com.dotcms.publisher.pusher.PushPublisher : Status Update: Bundle sent
[16/06/23 15:59:13:353 UTC]  INFO util.PushPublishLogger: class com.dotcms.publisher.pusher.PushPublisher : Status Update: Bundle sent
[16/06/23 15:59:13:360 UTC]  INFO util.PushPublishLogger: class com.dotcms.publishing.PublisherAPIImpl : [BundleID: 01H32EWSWNHSHTMQWDBJ06P1R4] Completed Publishing Task
[16/06/23 15:59:13:382 UTC]  INFO util.ActivityLogger: class com.dotcms.content.elasticsearch.business.ESContentletAPIImpl: System Host : Saving Content , StartDate: N/D; EndDate: N/D; User:system; ContentIdentifier: 48190c8c-42c4-46af-8d1a-0cd5db894797
[16/06/23 15:59:13:436 UTC]  INFO business.ContentletIndexAPIImpl: Indexing: 48190c8c-42c4-46af-8d1a-0cd5db894797 : demo.dotcms.com, includeDependencies: true, policy: FORCE
[16/06/23 15:59:13:521 UTC]  INFO util.ActivityLogger: class com.dotcms.content.elasticsearch.business.ESContentletAPIImpl: System Host : Content Saved , StartDate: N/D; EndDate: N/D; User:system; ContentIdentifier: 48190c8c-42c4-46af-8d1a-0cd5db894797
[16/06/23 15:59:13:527 UTC]  INFO business.ContentletIndexAPIImpl: Indexing: 48190c8c-42c4-46af-8d1a-0cd5db894797 : demo.dotcms.com, includeDependencies: false, policy: FORCE
[16/06/23 15:59:13:528 UTC]  INFO util.PushPublishLogger: class com.dotcms.enterprise.publishing.remote.handler.ContentHandler : [BundleID: 01H32EWSWNHSHTMQWDBJ06P1R4.tar.gz] Host publish success, ID: 48190c8c-42c4-46af-8d1a-0cd5db894797, Inode: 6e8aca39-937c-437e-91d8-d46b631bdcc8, Name: demo.dotcms.com
[16/06/23 15:59:13:546 UTC]  INFO business.ContentletIndexAPIImpl: Indexing: 48190c8c-42c4-46af-8d1a-0cd5db894797 : demo.dotcms.com, includeDependencies: true, policy: FORCE
[16/06/23 15:59:13:562 UTC]  INFO util.SecurityLogger: class com.dotmarketing.portlets.workflows.business.WorkflowAPIImpl : Workflow Scheme 'System Workflow' [d61a59e1-a49c-46f2-a929-db2b4bfa88b2] has been saved by User ID 'system' -- ip:ukn,user:null
[16/06/23 15:59:13:566 UTC]  INFO util.SecurityLogger: class com.dotmarketing.portlets.workflows.business.WorkflowAPIImpl : Workflow Step 'New' [6cb7e3bd-1710-4eed-8838-d3db60f78f19] has been saved by User ID 'system' -- ip:ukn,user:null
[16/06/23 15:59:13:569 UTC]  INFO util.SecurityLogger: class com.dotmarketing.portlets.workflows.business.WorkflowAPIImpl : Workflow Step 'Draft' [ee24a4cb-2d15-4c98-b1bd-6327126451f3] has been saved by User ID 'system' -- ip:ukn,user:null
[16/06/23 15:59:13:572 UTC]  INFO util.SecurityLogger: class com.dotmarketing.portlets.workflows.business.WorkflowAPIImpl : Workflow Step 'Published' [dc3c9cd0-8467-404b-bf95-cb7df3fbc293] has been saved by User ID 'system' -- ip:ukn,user:null
[16/06/23 15:59:13:574 UTC]  INFO util.SecurityLogger: class com.dotmarketing.portlets.workflows.business.WorkflowAPIImpl : Workflow Step 'Archived' [d6b095b6-b65f-4bdb-bbfd-701d663dfee2] has been saved by User ID 'system' -- ip:ukn,user:null
[16/06/23 15:59:13:582 UTC]  INFO util.SecurityLogger: class com.dotmarketing.portlets.workflows.business.WorkflowAPIImpl : Action id: '4da13a42-5d59-480c-ad8f-94a3adf809fe' has been reordered by user: system -- ip:ukn,user:null
[16/06/23 15:59:13:585 UTC]  WARN business.PermissionCacheImpl:  !!! Putting an empty list of permissions in the cache for asset:4da13a42-5d59-480c-ad8f-94a3adf809fe. Every asset should have at least 1 permission (or inherited permission) associated with it
[16/06/23 15:59:13:594 UTC]  INFO util.SecurityLogger: class com.dotmarketing.portlets.workflows.business.WorkflowAPIImpl : Action id: '963f6a04-5320-42e7-ab74-6d876d199946' has been reordered by user: system -- ip:ukn,user:null
[16/06/23 15:59:13:596 UTC]  WARN business.PermissionCacheImpl:  !!! Putting an empty list of permissions in the cache for asset:963f6a04-5320-42e7-ab74-6d876d199946. Every asset should have at least 1 permission (or inherited permission) associated with it
[16/06/23 15:59:13:602 UTC]  INFO util.SecurityLogger: class com.dotmarketing.portlets.workflows.business.WorkflowAPIImpl : Action id: '777f1c6b-c877-4a37-ba4b-10627316c2cc' has been reordered by user: system -- ip:ukn,user:null
[16/06/23 15:59:13:604 UTC]  WARN business.PermissionCacheImpl:  !!! Putting an empty list of permissions in the cache for asset:777f1c6b-c877-4a37-ba4b-10627316c2cc. Every asset should have at least 1 permission (or inherited permission) associated with it
[16/06/23 15:59:13:610 UTC]  INFO util.SecurityLogger: class com.dotmarketing.portlets.workflows.business.WorkflowAPIImpl : Action id: '1e0f1c6b-b67f-4c99-983d-db2b4bfa88b2' has been reordered by user: system -- ip:ukn,user:null
[16/06/23 15:59:13:612 UTC]  WARN business.PermissionCacheImpl:  !!! Putting an empty list of permissions in the cache for asset:1e0f1c6b-b67f-4c99-983d-db2b4bfa88b2. Every asset should have at least 1 permission (or inherited permission) associated with it
[16/06/23 15:59:13:618 UTC]  INFO util.SecurityLogger: class com.dotmarketing.portlets.workflows.business.WorkflowAPIImpl : Action id: 'b9d89c80-3d88-4311-8365-187323c96436' has been reordered by user: system -- ip:ukn,user:null
[16/06/23 15:59:13:620 UTC]  WARN business.PermissionCacheImpl:  !!! Putting an empty list of permissions in the cache for asset:b9d89c80-3d88-4311-8365-187323c96436. Every asset should have at least 1 permission (or inherited permission) associated with it
[16/06/23 15:59:13:626 UTC]  INFO util.SecurityLogger: class com.dotmarketing.portlets.workflows.business.WorkflowAPIImpl : Action id: 'ceca71a0-deee-4999-bd47-b01baa1bcfc8' has been reordered by user: system -- ip:ukn,user:null
[16/06/23 15:59:13:628 UTC]  WARN business.PermissionCacheImpl:  !!! Putting an empty list of permissions in the cache for asset:ceca71a0-deee-4999-bd47-b01baa1bcfc8. Every asset should have at least 1 permission (or inherited permission) associated with it
[16/06/23 15:59:13:633 UTC]  INFO util.SecurityLogger: class com.dotmarketing.portlets.workflows.business.WorkflowAPIImpl : Action id: 'c92f9aa1-9503-4567-ac30-d3242b54d02d' has been reordered by user: system -- ip:ukn,user:null
[16/06/23 15:59:13:635 UTC]  WARN business.PermissionCacheImpl:  !!! Putting an empty list of permissions in the cache for asset:c92f9aa1-9503-4567-ac30-d3242b54d02d. Every asset should have at least 1 permission (or inherited permission) associated with it
[16/06/23 15:59:13:641 UTC]  INFO util.SecurityLogger: class com.dotmarketing.portlets.workflows.business.WorkflowAPIImpl : Action id: '38efc763-d78f-4e4b-b092-59cd8c579b93' has been reordered by user: system -- ip:ukn,user:null
[16/06/23 15:59:13:643 UTC]  WARN business.PermissionCacheImpl:  !!! Putting an empty list of permissions in the cache for asset:38efc763-d78f-4e4b-b092-59cd8c579b93. Every asset should have at least 1 permission (or inherited permission) associated with it
[16/06/23 15:59:13:650 UTC]  INFO util.SecurityLogger: class com.dotmarketing.portlets.workflows.business.WorkflowAPIImpl : The action id: 'ceca71a0-deee-4999-bd47-b01baa1bcfc8' has been saved by the user: system -- ip:ukn,user:null
[16/06/23 15:59:13:655 UTC]  INFO util.SecurityLogger: class com.dotmarketing.portlets.workflows.business.WorkflowAPIImpl : The action id: 'b9d89c80-3d88-4311-8365-187323c96436' has been saved by the user: system -- ip:ukn,user:null
[16/06/23 15:59:13:659 UTC]  INFO util.SecurityLogger: class com.dotmarketing.portlets.workflows.business.WorkflowAPIImpl : The action id: '777f1c6b-c877-4a37-ba4b-10627316c2cc' has been saved by the user: system -- ip:ukn,user:null
[16/06/23 15:59:13:664 UTC]  INFO util.SecurityLogger: class com.dotmarketing.portlets.workflows.business.WorkflowAPIImpl : The action id: 'ceca71a0-deee-4999-bd47-b01baa1bcfc8' has been saved by the user: system -- ip:ukn,user:null
[16/06/23 15:59:13:668 UTC]  INFO util.SecurityLogger: class com.dotmarketing.portlets.workflows.business.WorkflowAPIImpl : The action id: '38efc763-d78f-4e4b-b092-59cd8c579b93' has been saved by the user: system -- ip:ukn,user:null
[16/06/23 15:59:13:672 UTC]  INFO util.SecurityLogger: class com.dotmarketing.portlets.workflows.business.WorkflowAPIImpl : The action id: '963f6a04-5320-42e7-ab74-6d876d199946' has been saved by the user: system -- ip:ukn,user:null
[16/06/23 15:59:13:676 UTC]  INFO util.SecurityLogger: class com.dotmarketing.portlets.workflows.business.WorkflowAPIImpl : The action id: 'b9d89c80-3d88-4311-8365-187323c96436' has been saved by the user: system -- ip:ukn,user:null
[16/06/23 15:59:13:680 UTC]  INFO util.SecurityLogger: class com.dotmarketing.portlets.workflows.business.WorkflowAPIImpl : The action id: '4da13a42-5d59-480c-ad8f-94a3adf809fe' has been saved by the user: system -- ip:ukn,user:null
[16/06/23 15:59:13:685 UTC]  INFO util.SecurityLogger: class com.dotmarketing.portlets.workflows.business.WorkflowAPIImpl : The action id: '963f6a04-5320-42e7-ab74-6d876d199946' has been saved by the user: system -- ip:ukn,user:null
[16/06/23 15:59:13:689 UTC]  INFO util.SecurityLogger: class com.dotmarketing.portlets.workflows.business.WorkflowAPIImpl : The action id: 'ceca71a0-deee-4999-bd47-b01baa1bcfc8' has been saved by the user: system -- ip:ukn,user:null
[16/06/23 15:59:13:693 UTC]  INFO util.SecurityLogger: class com.dotmarketing.portlets.workflows.business.WorkflowAPIImpl : The action id: '38efc763-d78f-4e4b-b092-59cd8c579b93' has been saved by the user: system -- ip:ukn,user:null
[16/06/23 15:59:13:697 UTC]  INFO util.SecurityLogger: class com.dotmarketing.portlets.workflows.business.WorkflowAPIImpl : The action id: '4da13a42-5d59-480c-ad8f-94a3adf809fe' has been saved by the user: system -- ip:ukn,user:null
[16/06/23 15:59:13:701 UTC]  INFO util.SecurityLogger: class com.dotmarketing.portlets.workflows.business.WorkflowAPIImpl : The action id: 'b9d89c80-3d88-4311-8365-187323c96436' has been saved by the user: system -- ip:ukn,user:null
[16/06/23 15:59:13:706 UTC]  INFO util.SecurityLogger: class com.dotmarketing.portlets.workflows.business.WorkflowAPIImpl : The action id: 'c92f9aa1-9503-4567-ac30-d3242b54d02d' has been saved by the user: system -- ip:ukn,user:null
[16/06/23 15:59:13:709 UTC]  INFO util.SecurityLogger: class com.dotmarketing.portlets.workflows.business.WorkflowAPIImpl : The action id: '777f1c6b-c877-4a37-ba4b-10627316c2cc' has been saved by the user: system -- ip:ukn,user:null
[16/06/23 15:59:13:713 UTC]  INFO util.SecurityLogger: class com.dotmarketing.portlets.workflows.business.WorkflowAPIImpl : The action id: '1e0f1c6b-b67f-4c99-983d-db2b4bfa88b2' has been saved by the user: system -- ip:ukn,user:null
[16/06/23 15:59:13:802 UTC]  INFO helper.SystemActionMappingsHandlerMerger: The mapping for systemAction: NEW, workflowAction: Optional[WorkflowAction [id=ceca71a0-deee-4999-bd47-b01baa1bcfc8, name=Save, stepId=null, nextStep=ee24a4cb-2d15-4c98-b1bd-6327126451f3]], and scheme: d61a59e1-a49c-46f2-a929-db2b4bfa88b2 has been saved
[16/06/23 15:59:13:804 UTC]  INFO helper.SystemActionMappingsHandlerMerger: The mapping for systemAction: EDIT, workflowAction: Optional[WorkflowAction [id=ceca71a0-deee-4999-bd47-b01baa1bcfc8, name=Save, stepId=null, nextStep=ee24a4cb-2d15-4c98-b1bd-6327126451f3]], and scheme: d61a59e1-a49c-46f2-a929-db2b4bfa88b2 has been saved
[16/06/23 15:59:13:807 UTC]  INFO helper.SystemActionMappingsHandlerMerger: The mapping for systemAction: UNPUBLISH, workflowAction: Optional[WorkflowAction [id=38efc763-d78f-4e4b-b092-59cd8c579b93, name=Unpublish, stepId=null, nextStep=ee24a4cb-2d15-4c98-b1bd-6327126451f3]], and scheme: d61a59e1-a49c-46f2-a929-db2b4bfa88b2 has been saved
[16/06/23 15:59:13:810 UTC]  INFO helper.SystemActionMappingsHandlerMerger: The mapping for systemAction: UNARCHIVE, workflowAction: Optional[WorkflowAction [id=c92f9aa1-9503-4567-ac30-d3242b54d02d, name=Unarchive, stepId=null, nextStep=ee24a4cb-2d15-4c98-b1bd-6327126451f3]], and scheme: d61a59e1-a49c-46f2-a929-db2b4bfa88b2 has been saved
[16/06/23 15:59:13:812 UTC]  INFO helper.SystemActionMappingsHandlerMerger: The mapping for systemAction: PUBLISH, workflowAction: Optional[WorkflowAction [id=b9d89c80-3d88-4311-8365-187323c96436, name=Publish, stepId=null, nextStep=dc3c9cd0-8467-404b-bf95-cb7df3fbc293]], and scheme: d61a59e1-a49c-46f2-a929-db2b4bfa88b2 has been saved
[16/06/23 15:59:13:815 UTC]  INFO helper.SystemActionMappingsHandlerMerger: The mapping for systemAction: ARCHIVE, workflowAction: Optional[WorkflowAction [id=4da13a42-5d59-480c-ad8f-94a3adf809fe, name=Archive, stepId=null, nextStep=d6b095b6-b65f-4bdb-bbfd-701d663dfee2]], and scheme: d61a59e1-a49c-46f2-a929-db2b4bfa88b2 has been saved
[16/06/23 15:59:13:817 UTC]  INFO helper.SystemActionMappingsHandlerMerger: The mapping for systemAction: DESTROY, workflowAction: Optional[WorkflowAction [id=1e0f1c6b-b67f-4c99-983d-db2b4bfa88b2, name=Destroy, stepId=null, nextStep=d6b095b6-b65f-4bdb-bbfd-701d663dfee2]], and scheme: d61a59e1-a49c-46f2-a929-db2b4bfa88b2 has been saved
[16/06/23 15:59:13:820 UTC]  INFO helper.SystemActionMappingsHandlerMerger: The mapping for systemAction: DELETE, workflowAction: Optional[WorkflowAction [id=777f1c6b-c877-4a37-ba4b-10627316c2cc, name=Delete, stepId=null, nextStep=d6b095b6-b65f-4bdb-bbfd-701d663dfee2]], and scheme: d61a59e1-a49c-46f2-a929-db2b4bfa88b2 has been saved
[16/06/23 15:59:13:820 UTC]  INFO util.PushPublishLogger: class com.dotcms.enterprise.publishing.remote.handler.WorkflowHandler : [BundleID: 01H32EWSWNHSHTMQWDBJ06P1R4.tar.gz] Workflow publish success, ID: d61a59e1-a49c-46f2-a929-db2b4bfa88b2, Name: System Workflow
[16/06/23 15:59:13:837 UTC]  INFO util.ActivityLogger: class com.dotcms.contenttype.business.ContentTypeAPIImpl: system : Save ContentType Action , User system/system user system user added ContentType type_2 to host id:48190c8c-42c4-46af-8d1a-0cd5db894797
[16/06/23 15:59:13:837 UTC]  INFO business.ContentTypeAPIImpl: UserId : system : ContentType : ContentType saved : type_2
[16/06/23 15:59:13:837 UTC]  INFO util.AdminLogger: UserId : system : class com.dotcms.contenttype.business.ContentTypeAPIImpl : ContentType : ContentType saved : type_2
[16/06/23 15:59:13:839 UTC]  INFO business.FieldAPIImpl: No changes made to field: fields0, returning
[16/06/23 15:59:13:840 UTC]  INFO business.FieldAPIImpl: No changes made to field: fields1, returning
[16/06/23 15:59:13:841 UTC]  INFO business.FieldAPIImpl: No changes made to field: text1, returning
[16/06/23 15:59:13:841 UTC]  INFO util.PushPublishLogger: class com.dotcms.enterprise.publishing.remote.handler.ContentTypeHandler : [BundleID: 01H32EWSWNHSHTMQWDBJ06P1R4.tar.gz] Content Type publish success, ID: ea533f67-4883-42bb-9701-83293e7313e5, Name: type_2
[16/06/23 15:59:13:842 UTC]  INFO util.SecurityLogger: class com.dotmarketing.portlets.workflows.business.WorkflowAPIImpl : Saving schemes [ [WorkflowScheme [id=d61a59e1-a49c-46f2-a929-db2b4bfa88b2, name=System Workflow, archived=false, mandatory=false]] ] for Content Type [ com.dotmarketing.portlets.structure.model.Structure@6334fb27[name=type_2,description=<null>,defaultStructure=false,reviewInterval=<null>,reviewerRole=<null>,pagedetail=<null>,structureType=1,fixed=false,system=false,velocityVarName=Type2,urlMapPattern=<null>,host=48190c8c-42c4-46af-8d1a-0cd5db894797,folder=SYSTEM_FOLDER,publishDateVar=<null>,expireDateVar=<null>,modDate=Fri Jun 16 15:59:14 UTC 2023,icon=event_note,sortOrder=0,iDate=Thu Oct 08 17:32:19 UTC 2020,type=structure,owner=<null>,inode=ea533f67-4883-42bb-9701-83293e7313e5,identifier=ea533f67-4883-42bb-9701-83293e7313e5] ] -- ip:ukn,user:null
[16/06/23 15:59:13:853 UTC]  INFO util.PushPublishLogger: class com.dotcms.enterprise.publishing.remote.handler.LanguageVariablesHandler : [BundleID: 01H32EWSWNHSHTMQWDBJ06P1R4.tar.gz] Language File publish success, Name: cms_language_en.properties
[16/06/23 15:59:13:853 UTC]  INFO util.PushPublishLogger: class com.dotcms.enterprise.publishing.remote.handler.LanguageVariablesHandler : [BundleID: 01H32EWSWNHSHTMQWDBJ06P1R4.tar.gz] Language File publish success, Name: cms_language_en_US.properties
[16/06/23 15:59:13:854 UTC]  INFO util.PushPublishLogger: class com.dotcms.enterprise.publishing.remote.handler.LanguageVariablesHandler : [BundleID: 01H32EWSWNHSHTMQWDBJ06P1R4.tar.gz] Language File publish success, Name: cms_language_es.properties
[16/06/23 15:59:13:854 UTC]  INFO util.PushPublishLogger: class com.dotcms.enterprise.publishing.remote.handler.LanguageVariablesHandler : [BundleID: 01H32EWSWNHSHTMQWDBJ06P1R4.tar.gz] Language File publish success, Name: cms_language_es_ES.properties
[16/06/23 15:59:13:855 UTC]  INFO util.PushPublishLogger: class com.dotcms.enterprise.publishing.remote.handler.LanguageVariablesHandler : [BundleID: 01H32EWSWNHSHTMQWDBJ06P1R4.tar.gz] Language File publish success, Name: cms_language_fr.properties
[16/06/23 15:59:13:855 UTC]  INFO util.PushPublishLogger: class com.dotcms.enterprise.publishing.remote.handler.LanguageVariablesHandler : [BundleID: 01H32EWSWNHSHTMQWDBJ06P1R4.tar.gz] Language File publish success, Name: cms_language_fr_FR.properties
[16/06/23 15:59:13:856 UTC]  INFO util.PushPublishLogger: class com.dotcms.enterprise.publishing.remote.handler.LanguageVariablesHandler : [BundleID: 01H32EWSWNHSHTMQWDBJ06P1R4.tar.gz] Language File publish success, Name: cms_language_zh.properties
[16/06/23 15:59:13:856 UTC]  INFO util.PushPublishLogger: class com.dotcms.enterprise.publishing.remote.handler.LanguageVariablesHandler : [BundleID: 01H32EWSWNHSHTMQWDBJ06P1R4.tar.gz] Language File publish success, Name: cms_language_zh_CN.properties
[16/06/23 15:59:14:292 UTC]  INFO reindex.ReindexThread: --- Unpausing reindex thread 
[16/06/23 15:59:19:294 UTC]  INFO concurrent.Debouncer: Debouncing : invalidateGraphSchema after 5000 MILLISECONDS
[16/06/23 15:59:19:765 UTC]  INFO util.SecurityLogger: class com.dotmarketing.cms.login.factories.LoginFactory : User admin@dotcms.com has sucessfully logged in from IP: 172.18.0.1 -- ip:172.18.0.1,user:Admin User [ID: dotcms.org.1][email:admin@dotcms.com]
[16/06/23 15:59:20:331 UTC]  INFO util.PushPublishLogger: class com.dotcms.rest.PushPublisherJob : [BundleID: 01H32EWSWNHSHTMQWDBJ06P1R4.tar.gz] Finished bundle publish process
[16/06/23 15:59:20:331 UTC]  INFO rest.PushPublisherJob: Finished bundle publish process
[16/06/23 15:59:20:699 UTC]  WARN struts.MultiMessageResources: Duplicate resource property definition (key=was ==> is now): contenttypes.content.copy=Copy ==> Copy
[16/06/23 15:59:20:700 UTC]  WARN struts.MultiMessageResources: Duplicate resource property definition (key=was ==> is now): message.category.import=Importing Categories.  This operation cannot be cancelled or undone. ==> IMPORT
[16/06/23 15:59:20:700 UTC]  WARN struts.MultiMessageResources: Duplicate resource property definition (key=was ==> is now): message.containers.create.content_type_code=Content Type Code ==> Content Type Code
[16/06/23 15:59:20:705 UTC]  WARN struts.MultiMessageResources: Duplicate resource property definition (key=was ==> is now): Save=Save ==> Save
[16/06/23 15:59:20:707 UTC]  WARN struts.MultiMessageResources: Duplicate resource property definition (key=was ==> is now): Move=Move ==> Move
[16/06/23 15:59:20:708 UTC]  WARN struts.MultiMessageResources: Duplicate resource property definition (key=was ==> is now): archived=archived ==> Archived
[16/06/23 15:59:23:821 UTC]  INFO util.SecurityLogger: class com.dotmarketing.cms.login.factories.LoginFactory : User admin@dotcms.com has sucessfully logged in from IP: 172.18.0.1 -- ip:172.18.0.1,user:Admin User [ID: dotcms.org.1][email:admin@dotcms.com]
[16/06/23 15:59:23:829 UTC]  INFO rest.BundleResource: Deleting all bundles by the user: dotcms.org.1
[16/06/23 15:59:23:834 UTC]  INFO business.BundleAPIImpl: Deleting all bundles with statuses: [BUNDLE_REQUESTED, BUNDLING, SENDING_TO_ENDPOINTS, FAILED_TO_SEND_TO_ALL_GROUPS, FAILED_TO_SEND_TO_SOME_GROUPS, FAILED_TO_BUNDLE, FAILED_TO_SENT, FAILED_TO_PUBLISH, SUCCESS, BUNDLE_SENT_SUCCESSFULLY, RECEIVED_BUNDLE, PUBLISHING_BUNDLE, WAITING_FOR_PUBLISHING, BUNDLE_SAVED_SUCCESSFULLY, INVALID_TOKEN, LICENSE_REQUIRED, SUCCESS_WITH_WARNINGS, FAILED_INTEGRITY_CHECK]by the user: dotcms.org.1
[16/06/23 15:59:23:835 UTC]  INFO business.BundleAPIImpl: Removing bundle: 01H32EWSWNHSHTMQWDBJ06P1R4 and dependencies by: dotcms.org.1
[16/06/23 15:59:23:836 UTC]  INFO business.BundleAPIImpl: Removing audit status for a bundle: 01H32EWSWNHSHTMQWDBJ06P1R4
[16/06/23 15:59:23:837 UTC]  INFO business.PublishAuditAPIImpl: Deleting the bundle: 01H32EWSWNHSHTMQWDBJ06P1R4
[16/06/23 15:59:23:838 UTC]  INFO business.BundleAPIImpl: Removing all assets from bundle: 01H32EWSWNHSHTMQWDBJ06P1R4
[16/06/23 15:59:23:840 UTC]  INFO business.BundleAPIImpl: Removing environments from bundle: 01H32EWSWNHSHTMQWDBJ06P1R4
[16/06/23 15:59:23:840 UTC]  INFO business.BundleAPIImpl: Removing bundle: 01H32EWSWNHSHTMQWDBJ06P1R4
[16/06/23 15:59:23:867 UTC]  INFO business.BundleAPIImpl: Deleted 1 bundles, failed 0 bundles
[16/06/23 15:59:26:917 UTC]  INFO util.SecurityLogger: class com.dotmarketing.cms.login.factories.LoginFactory : User admin@dotcms.com has sucessfully logged in from IP: 172.18.0.1 -- ip:172.18.0.1,user:Admin User [ID: dotcms.org.1][email:admin@dotcms.com]
[16/06/23 15:59:26:932 UTC]  WARN business.PermissionCacheImpl:  !!! Putting an empty list of permissions in the cache for asset:08dfbefc-1fe6-4639-ba33-ec8aa6f70ce9. Every asset should have at least 1 permission (or inherited permission) associated with it
[16/06/23 15:59:27:456 UTC]  INFO delegate.SystemEventsJobDelegate: The event: 3de32acf-8950-41e7-96cf-04c8c7ce4c15, has been skipped on the server: f1d53064-bf8c-42af-a99b-f330dc22217f
[16/06/23 15:59:27:456 UTC]  INFO delegate.SystemEventsJobDelegate: The event: 29db39e0-6066-4399-8109-c5623227b456, has been skipped on the server: f1d53064-bf8c-42af-a99b-f330dc22217f
[16/06/23 15:59:33:004 UTC]  INFO util.SecurityLogger: class com.dotmarketing.cms.login.factories.LoginFactory : User admin@dotcms.com has sucessfully logged in from IP: 172.18.0.1 -- ip:172.18.0.1,user:Admin User [ID: dotcms.org.1][email:admin@dotcms.com]
[16/06/23 15:59:36:012 UTC]  INFO ajax.PublishingEndpointAjaxAction: receiver ; 9339b5ee-cf7d-49cb-afcf-72b4af0025d8
[16/06/23 15:59:39:073 UTC]  INFO util.SecurityLogger: class com.dotmarketing.cms.login.factories.LoginFactory : User admin@dotcms.com has sucessfully logged in from IP: 172.18.0.1 -- ip:172.18.0.1,user:Admin User [ID: dotcms.org.1][email:admin@dotcms.com]
[16/06/23 15:59:39:090 UTC]  INFO util.PushPublishLogger: class com.dotcms.publisher.business.PublishAuditStatus : Status Update: Pending.
[16/06/23 15:59:39:093 UTC]  INFO rest.PushPublisherJob: Started bundle publish process
[16/06/23 15:59:39:093 UTC]  INFO util.PushPublishLogger: class com.dotcms.rest.PushPublisherJob : [BundleID: content_type_and_content_demo.tar.gz] Started bundle publish process
[16/06/23 15:59:39:187 UTC]  INFO util.ActivityLogger: class com.dotcms.content.elasticsearch.business.ESContentletAPIImpl: System Host : Saving Content , StartDate: N/D; EndDate: N/D; User:system; ContentIdentifier: 48190c8c-42c4-46af-8d1a-0cd5db894797
[16/06/23 15:59:39:214 UTC]  INFO timedcache.TimedCacheProvider: ***	 Building Cache : esquerycache, size:10000, seconds:3600,Concurrency:32 (every 60000 millis)
[16/06/23 15:59:39:229 UTC]  INFO business.ContentletIndexAPIImpl: Indexing: 48190c8c-42c4-46af-8d1a-0cd5db894797 : demo.dotcms.com, includeDependencies: true, policy: FORCE
[16/06/23 15:59:39:326 UTC]  INFO util.ActivityLogger: class com.dotcms.content.elasticsearch.business.ESContentletAPIImpl: System Host : Content Saved , StartDate: N/D; EndDate: N/D; User:system; ContentIdentifier: 48190c8c-42c4-46af-8d1a-0cd5db894797
[16/06/23 15:59:39:332 UTC]  INFO business.ContentletIndexAPIImpl: Indexing: 48190c8c-42c4-46af-8d1a-0cd5db894797 : demo.dotcms.com, includeDependencies: false, policy: FORCE
[16/06/23 15:59:39:333 UTC]  INFO util.PushPublishLogger: class com.dotcms.enterprise.publishing.remote.handler.ContentHandler : [BundleID: content_type_and_content_demo.tar.gz] Host publish success, ID: 48190c8c-42c4-46af-8d1a-0cd5db894797, Inode: 6e8aca39-937c-437e-91d8-d46b631bdcc8, Name: demo.dotcms.com
[16/06/23 15:59:39:367 UTC]  INFO business.ContentletIndexAPIImpl: Indexing: 48190c8c-42c4-46af-8d1a-0cd5db894797 : demo.dotcms.com, includeDependencies: true, policy: FORCE
[16/06/23 15:59:39:408 UTC]  INFO util.SecurityLogger: class com.dotmarketing.portlets.workflows.business.WorkflowAPIImpl : Workflow Scheme 'System Workflow' [d61a59e1-a49c-46f2-a929-db2b4bfa88b2] has been saved by User ID 'system' -- ip:172.18.0.1,user:Admin User [ID: dotcms.org.1][email:admin@dotcms.com]
[16/06/23 15:59:39:413 UTC]  INFO util.SecurityLogger: class com.dotmarketing.portlets.workflows.business.WorkflowAPIImpl : Workflow Step 'New' [6cb7e3bd-1710-4eed-8838-d3db60f78f19] has been saved by User ID 'system' -- ip:172.18.0.1,user:Admin User [ID: dotcms.org.1][email:admin@dotcms.com]
[16/06/23 15:59:39:416 UTC]  INFO util.SecurityLogger: class com.dotmarketing.portlets.workflows.business.WorkflowAPIImpl : Workflow Step 'Draft' [ee24a4cb-2d15-4c98-b1bd-6327126451f3] has been saved by User ID 'system' -- ip:172.18.0.1,user:Admin User [ID: dotcms.org.1][email:admin@dotcms.com]
[16/06/23 15:59:39:420 UTC]  INFO util.SecurityLogger: class com.dotmarketing.portlets.workflows.business.WorkflowAPIImpl : Workflow Step 'Published' [dc3c9cd0-8467-404b-bf95-cb7df3fbc293] has been saved by User ID 'system' -- ip:172.18.0.1,user:Admin User [ID: dotcms.org.1][email:admin@dotcms.com]
[16/06/23 15:59:39:423 UTC]  INFO util.SecurityLogger: class com.dotmarketing.portlets.workflows.business.WorkflowAPIImpl : Workflow Step 'Archived' [d6b095b6-b65f-4bdb-bbfd-701d663dfee2] has been saved by User ID 'system' -- ip:172.18.0.1,user:Admin User [ID: dotcms.org.1][email:admin@dotcms.com]
[16/06/23 15:59:39:429 UTC]  INFO util.SecurityLogger: class com.dotmarketing.portlets.workflows.business.WorkflowAPIImpl : Action id: '4da13a42-5d59-480c-ad8f-94a3adf809fe' has been reordered by user: system -- ip:172.18.0.1,user:Admin User [ID: dotcms.org.1][email:admin@dotcms.com]
[16/06/23 15:59:39:432 UTC]  WARN business.PermissionCacheImpl:  !!! Putting an empty list of permissions in the cache for asset:4da13a42-5d59-480c-ad8f-94a3adf809fe. Every asset should have at least 1 permission (or inherited permission) associated with it
[16/06/23 15:59:39:442 UTC]  INFO util.SecurityLogger: class com.dotmarketing.portlets.workflows.business.WorkflowAPIImpl : Action id: '963f6a04-5320-42e7-ab74-6d876d199946' has been reordered by user: system -- ip:172.18.0.1,user:Admin User [ID: dotcms.org.1][email:admin@dotcms.com]
[16/06/23 15:59:39:445 UTC]  WARN business.PermissionCacheImpl:  !!! Putting an empty list of permissions in the cache for asset:963f6a04-5320-42e7-ab74-6d876d199946. Every asset should have at least 1 permission (or inherited permission) associated with it
[16/06/23 15:59:39:454 UTC]  INFO util.SecurityLogger: class com.dotmarketing.portlets.workflows.business.WorkflowAPIImpl : Action id: '777f1c6b-c877-4a37-ba4b-10627316c2cc' has been reordered by user: system -- ip:172.18.0.1,user:Admin User [ID: dotcms.org.1][email:admin@dotcms.com]
[16/06/23 15:59:39:457 UTC]  WARN business.PermissionCacheImpl:  !!! Putting an empty list of permissions in the cache for asset:777f1c6b-c877-4a37-ba4b-10627316c2cc. Every asset should have at least 1 permission (or inherited permission) associated with it
[16/06/23 15:59:39:465 UTC]  INFO util.SecurityLogger: class com.dotmarketing.portlets.workflows.business.WorkflowAPIImpl : Action id: '1e0f1c6b-b67f-4c99-983d-db2b4bfa88b2' has been reordered by user: system -- ip:172.18.0.1,user:Admin User [ID: dotcms.org.1][email:admin@dotcms.com]
[16/06/23 15:59:39:467 UTC]  WARN business.PermissionCacheImpl:  !!! Putting an empty list of permissions in the cache for asset:1e0f1c6b-b67f-4c99-983d-db2b4bfa88b2. Every asset should have at least 1 permission (or inherited permission) associated with it
[16/06/23 15:59:39:476 UTC]  INFO util.SecurityLogger: class com.dotmarketing.portlets.workflows.business.WorkflowAPIImpl : Action id: 'b9d89c80-3d88-4311-8365-187323c96436' has been reordered by user: system -- ip:172.18.0.1,user:Admin User [ID: dotcms.org.1][email:admin@dotcms.com]
[16/06/23 15:59:39:480 UTC]  WARN business.PermissionCacheImpl:  !!! Putting an empty list of permissions in the cache for asset:b9d89c80-3d88-4311-8365-187323c96436. Every asset should have at least 1 permission (or inherited permission) associated with it
[16/06/23 15:59:39:487 UTC]  INFO util.SecurityLogger: class com.dotmarketing.portlets.workflows.business.WorkflowAPIImpl : Action id: 'ceca71a0-deee-4999-bd47-b01baa1bcfc8' has been reordered by user: system -- ip:172.18.0.1,user:Admin User [ID: dotcms.org.1][email:admin@dotcms.com]
[16/06/23 15:59:39:489 UTC]  WARN business.PermissionCacheImpl:  !!! Putting an empty list of permissions in the cache for asset:ceca71a0-deee-4999-bd47-b01baa1bcfc8. Every asset should have at least 1 permission (or inherited permission) associated with it
[16/06/23 15:59:39:497 UTC]  INFO util.SecurityLogger: class com.dotmarketing.portlets.workflows.business.WorkflowAPIImpl : Action id: 'c92f9aa1-9503-4567-ac30-d3242b54d02d' has been reordered by user: system -- ip:172.18.0.1,user:Admin User [ID: dotcms.org.1][email:admin@dotcms.com]
[16/06/23 15:59:39:499 UTC]  WARN business.PermissionCacheImpl:  !!! Putting an empty list of permissions in the cache for asset:c92f9aa1-9503-4567-ac30-d3242b54d02d. Every asset should have at least 1 permission (or inherited permission) associated with it
[16/06/23 15:59:39:507 UTC]  INFO util.SecurityLogger: class com.dotmarketing.portlets.workflows.business.WorkflowAPIImpl : Action id: '38efc763-d78f-4e4b-b092-59cd8c579b93' has been reordered by user: system -- ip:172.18.0.1,user:Admin User [ID: dotcms.org.1][email:admin@dotcms.com]
[16/06/23 15:59:39:509 UTC]  WARN business.PermissionCacheImpl:  !!! Putting an empty list of permissions in the cache for asset:38efc763-d78f-4e4b-b092-59cd8c579b93. Every asset should have at least 1 permission (or inherited permission) associated with it
[16/06/23 15:59:39:518 UTC]  INFO util.SecurityLogger: class com.dotmarketing.portlets.workflows.business.WorkflowAPIImpl : The action id: 'ceca71a0-deee-4999-bd47-b01baa1bcfc8' has been saved by the user: system -- ip:172.18.0.1,user:Admin User [ID: dotcms.org.1][email:admin@dotcms.com]
[16/06/23 15:59:39:523 UTC]  INFO util.SecurityLogger: class com.dotmarketing.portlets.workflows.business.WorkflowAPIImpl : The action id: 'b9d89c80-3d88-4311-8365-187323c96436' has been saved by the user: system -- ip:172.18.0.1,user:Admin User [ID: dotcms.org.1][email:admin@dotcms.com]
[16/06/23 15:59:39:528 UTC]  INFO util.SecurityLogger: class com.dotmarketing.portlets.workflows.business.WorkflowAPIImpl : The action id: '777f1c6b-c877-4a37-ba4b-10627316c2cc' has been saved by the user: system -- ip:172.18.0.1,user:Admin User [ID: dotcms.org.1][email:admin@dotcms.com]
[16/06/23 15:59:39:534 UTC]  INFO util.SecurityLogger: class com.dotmarketing.portlets.workflows.business.WorkflowAPIImpl : The action id: 'ceca71a0-deee-4999-bd47-b01baa1bcfc8' has been saved by the user: system -- ip:172.18.0.1,user:Admin User [ID: dotcms.org.1][email:admin@dotcms.com]
[16/06/23 15:59:39:539 UTC]  INFO util.SecurityLogger: class com.dotmarketing.portlets.workflows.business.WorkflowAPIImpl : The action id: '38efc763-d78f-4e4b-b092-59cd8c579b93' has been saved by the user: system -- ip:172.18.0.1,user:Admin User [ID: dotcms.org.1][email:admin@dotcms.com]
[16/06/23 15:59:39:544 UTC]  INFO util.SecurityLogger: class com.dotmarketing.portlets.workflows.business.WorkflowAPIImpl : The action id: '963f6a04-5320-42e7-ab74-6d876d199946' has been saved by the user: system -- ip:172.18.0.1,user:Admin User [ID: dotcms.org.1][email:admin@dotcms.com]
[16/06/23 15:59:39:553 UTC]  INFO util.SecurityLogger: class com.dotmarketing.portlets.workflows.business.WorkflowAPIImpl : The action id: 'b9d89c80-3d88-4311-8365-187323c96436' has been saved by the user: system -- ip:172.18.0.1,user:Admin User [ID: dotcms.org.1][email:admin@dotcms.com]
[16/06/23 15:59:39:558 UTC]  INFO util.SecurityLogger: class com.dotmarketing.portlets.workflows.business.WorkflowAPIImpl : The action id: '4da13a42-5d59-480c-ad8f-94a3adf809fe' has been saved by the user: system -- ip:172.18.0.1,user:Admin User [ID: dotcms.org.1][email:admin@dotcms.com]
[16/06/23 15:59:39:565 UTC]  INFO util.SecurityLogger: class com.dotmarketing.portlets.workflows.business.WorkflowAPIImpl : The action id: '963f6a04-5320-42e7-ab74-6d876d199946' has been saved by the user: system -- ip:172.18.0.1,user:Admin User [ID: dotcms.org.1][email:admin@dotcms.com]
[16/06/23 15:59:39:571 UTC]  INFO util.SecurityLogger: class com.dotmarketing.portlets.workflows.business.WorkflowAPIImpl : The action id: 'ceca71a0-deee-4999-bd47-b01baa1bcfc8' has been saved by the user: system -- ip:172.18.0.1,user:Admin User [ID: dotcms.org.1][email:admin@dotcms.com]
[16/06/23 15:59:39:575 UTC]  INFO util.SecurityLogger: class com.dotmarketing.portlets.workflows.business.WorkflowAPIImpl : The action id: '38efc763-d78f-4e4b-b092-59cd8c579b93' has been saved by the user: system -- ip:172.18.0.1,user:Admin User [ID: dotcms.org.1][email:admin@dotcms.com]
[16/06/23 15:59:39:581 UTC]  INFO util.SecurityLogger: class com.dotmarketing.portlets.workflows.business.WorkflowAPIImpl : The action id: '4da13a42-5d59-480c-ad8f-94a3adf809fe' has been saved by the user: system -- ip:172.18.0.1,user:Admin User [ID: dotcms.org.1][email:admin@dotcms.com]
[16/06/23 15:59:39:588 UTC]  INFO util.SecurityLogger: class com.dotmarketing.portlets.workflows.business.WorkflowAPIImpl : The action id: 'b9d89c80-3d88-4311-8365-187323c96436' has been saved by the user: system -- ip:172.18.0.1,user:Admin User [ID: dotcms.org.1][email:admin@dotcms.com]
[16/06/23 15:59:39:594 UTC]  INFO util.SecurityLogger: class com.dotmarketing.portlets.workflows.business.WorkflowAPIImpl : The action id: 'c92f9aa1-9503-4567-ac30-d3242b54d02d' has been saved by the user: system -- ip:172.18.0.1,user:Admin User [ID: dotcms.org.1][email:admin@dotcms.com]
[16/06/23 15:59:39:606 UTC]  INFO util.SecurityLogger: class com.dotmarketing.portlets.workflows.business.WorkflowAPIImpl : The action id: '777f1c6b-c877-4a37-ba4b-10627316c2cc' has been saved by the user: system -- ip:172.18.0.1,user:Admin User [ID: dotcms.org.1][email:admin@dotcms.com]
[16/06/23 15:59:39:611 UTC]  INFO util.SecurityLogger: class com.dotmarketing.portlets.workflows.business.WorkflowAPIImpl : The action id: '1e0f1c6b-b67f-4c99-983d-db2b4bfa88b2' has been saved by the user: system -- ip:172.18.0.1,user:Admin User [ID: dotcms.org.1][email:admin@dotcms.com]
[16/06/23 15:59:39:713 UTC]  INFO helper.SystemActionMappingsHandlerMerger: The mapping for systemAction: NEW, workflowAction: Optional[WorkflowAction [id=ceca71a0-deee-4999-bd47-b01baa1bcfc8, name=Save, stepId=null, nextStep=ee24a4cb-2d15-4c98-b1bd-6327126451f3]], and scheme: d61a59e1-a49c-46f2-a929-db2b4bfa88b2 has been saved
[16/06/23 15:59:39:719 UTC]  INFO helper.SystemActionMappingsHandlerMerger: The mapping for systemAction: EDIT, workflowAction: Optional[WorkflowAction [id=ceca71a0-deee-4999-bd47-b01baa1bcfc8, name=Save, stepId=null, nextStep=ee24a4cb-2d15-4c98-b1bd-6327126451f3]], and scheme: d61a59e1-a49c-46f2-a929-db2b4bfa88b2 has been saved
[16/06/23 15:59:39:723 UTC]  INFO helper.SystemActionMappingsHandlerMerger: The mapping for systemAction: UNPUBLISH, workflowAction: Optional[WorkflowAction [id=38efc763-d78f-4e4b-b092-59cd8c579b93, name=Unpublish, stepId=null, nextStep=ee24a4cb-2d15-4c98-b1bd-6327126451f3]], and scheme: d61a59e1-a49c-46f2-a929-db2b4bfa88b2 has been saved
[16/06/23 15:59:39:726 UTC]  INFO helper.SystemActionMappingsHandlerMerger: The mapping for systemAction: UNARCHIVE, workflowAction: Optional[WorkflowAction [id=c92f9aa1-9503-4567-ac30-d3242b54d02d, name=Unarchive, stepId=null, nextStep=ee24a4cb-2d15-4c98-b1bd-6327126451f3]], and scheme: d61a59e1-a49c-46f2-a929-db2b4bfa88b2 has been saved
[16/06/23 15:59:39:729 UTC]  INFO helper.SystemActionMappingsHandlerMerger: The mapping for systemAction: PUBLISH, workflowAction: Optional[WorkflowAction [id=b9d89c80-3d88-4311-8365-187323c96436, name=Publish, stepId=null, nextStep=dc3c9cd0-8467-404b-bf95-cb7df3fbc293]], and scheme: d61a59e1-a49c-46f2-a929-db2b4bfa88b2 has been saved
[16/06/23 15:59:39:732 UTC]  INFO helper.SystemActionMappingsHandlerMerger: The mapping for systemAction: ARCHIVE, workflowAction: Optional[WorkflowAction [id=4da13a42-5d59-480c-ad8f-94a3adf809fe, name=Archive, stepId=null, nextStep=d6b095b6-b65f-4bdb-bbfd-701d663dfee2]], and scheme: d61a59e1-a49c-46f2-a929-db2b4bfa88b2 has been saved
[16/06/23 15:59:39:735 UTC]  INFO helper.SystemActionMappingsHandlerMerger: The mapping for systemAction: DESTROY, workflowAction: Optional[WorkflowAction [id=1e0f1c6b-b67f-4c99-983d-db2b4bfa88b2, name=Destroy, stepId=null, nextStep=d6b095b6-b65f-4bdb-bbfd-701d663dfee2]], and scheme: d61a59e1-a49c-46f2-a929-db2b4bfa88b2 has been saved
[16/06/23 15:59:39:739 UTC]  INFO helper.SystemActionMappingsHandlerMerger: The mapping for systemAction: DELETE, workflowAction: Optional[WorkflowAction [id=777f1c6b-c877-4a37-ba4b-10627316c2cc, name=Delete, stepId=null, nextStep=d6b095b6-b65f-4bdb-bbfd-701d663dfee2]], and scheme: d61a59e1-a49c-46f2-a929-db2b4bfa88b2 has been saved
[16/06/23 15:59:39:739 UTC]  INFO util.PushPublishLogger: class com.dotcms.enterprise.publishing.remote.handler.WorkflowHandler : [BundleID: content_type_and_content_demo.tar.gz] Workflow publish success, ID: d61a59e1-a49c-46f2-a929-db2b4bfa88b2, Name: System Workflow
[16/06/23 15:59:39:790 UTC]  INFO util.ActivityLogger: class com.dotcms.contenttype.business.ContentTypeAPIImpl: system : Save ContentType Action , User system/system user system user added ContentType Host to host id:SYSTEM_HOST
[16/06/23 15:59:39:790 UTC]  INFO business.ContentTypeAPIImpl: UserId : system : ContentType : ContentType saved : Host
[16/06/23 15:59:39:790 UTC]  INFO util.AdminLogger: UserId : system : class com.dotcms.contenttype.business.ContentTypeAPIImpl : ContentType : ContentType saved : Host
[16/06/23 15:59:39:793 UTC]  INFO business.FieldAPIImpl: No changes made to field: fields0, returning
[16/06/23 15:59:39:794 UTC]  INFO business.FieldAPIImpl: No changes made to field: fields1, returning
[16/06/23 15:59:39:795 UTC]  INFO business.FieldAPIImpl: No changes made to field: hostName, returning
[16/06/23 15:59:39:795 UTC]  INFO business.FieldAPIImpl: No changes made to field: aliases, returning
[16/06/23 15:59:39:797 UTC]  INFO business.FieldAPIImpl: No changes made to field: isDefault, returning
[16/06/23 15:59:39:798 UTC]  INFO business.FieldAPIImpl: No changes made to field: tagStorage, returning
[16/06/23 15:59:39:818 UTC]  INFO util.ActivityLogger: class com.dotmarketing.util.ActivityLogger: system : Update Field Action , User system/system user modified field Host Thumbnail to Host Structure.
[16/06/23 15:59:39:827 UTC]  INFO business.FieldAPIImpl: No changes made to field: isSystemHost, returning
[16/06/23 15:59:39:828 UTC]  INFO business.FieldAPIImpl: No changes made to field: runDashboard, returning
[16/06/23 15:59:39:829 UTC]  INFO business.FieldAPIImpl: No changes made to field: metaData, returning
[16/06/23 15:59:39:830 UTC]  INFO business.FieldAPIImpl: No changes made to field: keywords, returning
[16/06/23 15:59:39:831 UTC]  INFO business.FieldAPIImpl: No changes made to field: description, returning
[16/06/23 15:59:39:832 UTC]  INFO business.FieldAPIImpl: No changes made to field: siteKeys, returning
[16/06/23 15:59:39:833 UTC]  INFO business.FieldAPIImpl: No changes made to field: googleMap, returning
[16/06/23 15:59:39:834 UTC]  INFO business.FieldAPIImpl: No changes made to field: googleAnalytics, returning
[16/06/23 15:59:39:835 UTC]  INFO business.FieldAPIImpl: No changes made to field: addThis, returning
[16/06/23 15:59:39:836 UTC]  INFO business.FieldAPIImpl: No changes made to field: proxyEditModeUrl, returning
[16/06/23 15:59:39:837 UTC]  INFO business.FieldAPIImpl: No changes made to field: embeddedDashboard, returning
[16/06/23 15:59:39:837 UTC]  INFO util.PushPublishLogger: class com.dotcms.enterprise.publishing.remote.handler.ContentTypeHandler : [BundleID: content_type_and_content_demo.tar.gz] Content Type publish success, ID: 855a2d72-f2f3-4169-8b04-ac5157c4380c, Name: Host
[16/06/23 15:59:39:839 UTC]  INFO util.SecurityLogger: class com.dotmarketing.portlets.workflows.business.WorkflowAPIImpl : Saving schemes [ [WorkflowScheme [id=d61a59e1-a49c-46f2-a929-db2b4bfa88b2, name=System Workflow, archived=false, mandatory=false]] ] for Content Type [ com.dotmarketing.portlets.structure.model.Structure@7ee7699[name=Host,description=System hosts information,defaultStructure=false,reviewInterval=<null>,reviewerRole=<null>,pagedetail=<null>,structureType=1,fixed=true,system=true,velocityVarName=Host,urlMapPattern=<null>,host=SYSTEM_HOST,folder=SYSTEM_FOLDER,publishDateVar=<null>,expireDateVar=<null>,modDate=Fri Jun 16 15:59:40 UTC 2023,icon=event_note,sortOrder=0,iDate=Mon Mar 28 15:10:14 UTC 2016,type=structure,owner=<null>,inode=855a2d72-f2f3-4169-8b04-ac5157c4380c,identifier=855a2d72-f2f3-4169-8b04-ac5157c4380c] ] -- ip:172.18.0.1,user:Admin User [ID: dotcms.org.1][email:admin@dotcms.com]
[16/06/23 15:59:39:857 UTC]  INFO util.ActivityLogger: class com.dotcms.contenttype.business.ContentTypeAPIImpl: system : Save ContentType Action , User system/system user system user added ContentType type_2 to host id:48190c8c-42c4-46af-8d1a-0cd5db894797
[16/06/23 15:59:39:857 UTC]  INFO business.ContentTypeAPIImpl: UserId : system : ContentType : ContentType saved : type_2
[16/06/23 15:59:39:857 UTC]  INFO util.AdminLogger: UserId : system : class com.dotcms.contenttype.business.ContentTypeAPIImpl : ContentType : ContentType saved : type_2
[16/06/23 15:59:39:859 UTC]  INFO business.FieldAPIImpl: No changes made to field: fields0, returning
[16/06/23 15:59:39:860 UTC]  INFO business.FieldAPIImpl: No changes made to field: fields1, returning
[16/06/23 15:59:39:861 UTC]  INFO business.FieldAPIImpl: No changes made to field: text1, returning
[16/06/23 15:59:39:861 UTC]  INFO util.PushPublishLogger: class com.dotcms.enterprise.publishing.remote.handler.ContentTypeHandler : [BundleID: content_type_and_content_demo.tar.gz] Content Type publish success, ID: ea533f67-4883-42bb-9701-83293e7313e5, Name: type_2
[16/06/23 15:59:39:862 UTC]  INFO util.SecurityLogger: class com.dotmarketing.portlets.workflows.business.WorkflowAPIImpl : Saving schemes [ [WorkflowScheme [id=d61a59e1-a49c-46f2-a929-db2b4bfa88b2, name=System Workflow, archived=false, mandatory=false]] ] for Content Type [ com.dotmarketing.portlets.structure.model.Structure@54897a5e[name=type_2,description=<null>,defaultStructure=false,reviewInterval=<null>,reviewerRole=<null>,pagedetail=<null>,structureType=1,fixed=false,system=false,velocityVarName=Type2,urlMapPattern=<null>,host=48190c8c-42c4-46af-8d1a-0cd5db894797,folder=SYSTEM_FOLDER,publishDateVar=<null>,expireDateVar=<null>,modDate=Fri Jun 16 15:59:40 UTC 2023,icon=event_note,sortOrder=0,iDate=Thu Oct 08 17:32:19 UTC 2020,type=structure,owner=<null>,inode=ea533f67-4883-42bb-9701-83293e7313e5,identifier=ea533f67-4883-42bb-9701-83293e7313e5] ] -- ip:172.18.0.1,user:Admin User [ID: dotcms.org.1][email:admin@dotcms.com]
[16/06/23 15:59:39:873 UTC]  INFO util.PushPublishLogger: class com.dotcms.enterprise.publishing.remote.handler.LanguageVariablesHandler : [BundleID: content_type_and_content_demo.tar.gz] Language File publish success, Name: cms_language_en.properties
[16/06/23 15:59:39:874 UTC]  INFO util.PushPublishLogger: class com.dotcms.enterprise.publishing.remote.handler.LanguageVariablesHandler : [BundleID: content_type_and_content_demo.tar.gz] Language File publish success, Name: cms_language_en_US.properties
[16/06/23 15:59:39:875 UTC]  INFO util.PushPublishLogger: class com.dotcms.enterprise.publishing.remote.handler.LanguageVariablesHandler : [BundleID: content_type_and_content_demo.tar.gz] Language File publish success, Name: cms_language_es.properties
[16/06/23 15:59:39:876 UTC]  INFO util.PushPublishLogger: class com.dotcms.enterprise.publishing.remote.handler.LanguageVariablesHandler : [BundleID: content_type_and_content_demo.tar.gz] Language File publish success, Name: cms_language_es_ES.properties
[16/06/23 15:59:39:877 UTC]  INFO util.PushPublishLogger: class com.dotcms.enterprise.publishing.remote.handler.LanguageVariablesHandler : [BundleID: content_type_and_content_demo.tar.gz] Language File publish success, Name: cms_language_fr.properties
[16/06/23 15:59:39:877 UTC]  INFO util.PushPublishLogger: class com.dotcms.enterprise.publishing.remote.handler.LanguageVariablesHandler : [BundleID: content_type_and_content_demo.tar.gz] Language File publish success, Name: cms_language_fr_FR.properties
[16/06/23 15:59:39:878 UTC]  INFO util.PushPublishLogger: class com.dotcms.enterprise.publishing.remote.handler.LanguageVariablesHandler : [BundleID: content_type_and_content_demo.tar.gz] Language File publish success, Name: cms_language_zh.properties
[16/06/23 15:59:39:878 UTC]  INFO util.PushPublishLogger: class com.dotcms.enterprise.publishing.remote.handler.LanguageVariablesHandler : [BundleID: content_type_and_content_demo.tar.gz] Language File publish success, Name: cms_language_zh_CN.properties
[16/06/23 15:59:40:187 UTC]  INFO reindex.ReindexThread: --- Unpausing reindex thread 
[16/06/23 15:59:40:242 UTC]  INFO reindex.BulkProcessorListener: -----------
[16/06/23 15:59:40:243 UTC]  INFO reindex.BulkProcessorListener: Reindexing Server #  : 1 of 1
[16/06/23 15:59:40:243 UTC]  INFO reindex.BulkProcessorListener: Total Indexed        : 0
[16/06/23 15:59:40:244 UTC]  INFO reindex.BulkProcessorListener: ReindexEntries found : 3
[16/06/23 15:59:40:245 UTC]  INFO reindex.BulkProcessorListener: BulkRequests created : 6
[16/06/23 15:59:40:246 UTC]  INFO reindex.BulkProcessorListener: -----------
[16/06/23 15:59:45:188 UTC]  INFO concurrent.Debouncer: Debouncing : invalidateGraphSchema after 5000 MILLISECONDS
[16/06/23 15:59:46:228 UTC]  INFO util.PushPublishLogger: class com.dotcms.rest.PushPublisherJob : [BundleID: content_type_and_content_demo.tar.gz] Finished bundle publish process
[16/06/23 15:59:46:229 UTC]  INFO rest.PushPublisherJob: Finished bundle publish process
[16/06/23 15:59:49:336 UTC]  INFO util.SecurityLogger: class com.dotmarketing.cms.login.factories.LoginFactory : User admin@dotcms.com has sucessfully logged in from IP: 172.18.0.1 -- ip:172.18.0.1,user:Admin User [ID: dotcms.org.1][email:admin@dotcms.com]
[16/06/23 15:59:49:344 UTC]  INFO rest.BundleResource: Deleting all bundles by the user: dotcms.org.1
[16/06/23 15:59:49:366 UTC]  INFO business.BundleAPIImpl: Deleting all bundles with statuses: [BUNDLE_REQUESTED, BUNDLING, SENDING_TO_ENDPOINTS, FAILED_TO_SEND_TO_ALL_GROUPS, FAILED_TO_SEND_TO_SOME_GROUPS, FAILED_TO_BUNDLE, FAILED_TO_SENT, FAILED_TO_PUBLISH, SUCCESS, BUNDLE_SENT_SUCCESSFULLY, RECEIVED_BUNDLE, PUBLISHING_BUNDLE, WAITING_FOR_PUBLISHING, BUNDLE_SAVED_SUCCESSFULLY, INVALID_TOKEN, LICENSE_REQUIRED, SUCCESS_WITH_WARNINGS, FAILED_INTEGRITY_CHECK]by the user: dotcms.org.1
[16/06/23 15:59:49:367 UTC]  INFO business.BundleAPIImpl: Removing bundle: content_type_and_content_demo and dependencies by: dotcms.org.1
[16/06/23 15:59:49:367 UTC]  INFO business.BundleAPIImpl: Removing audit status for a bundle: content_type_and_content_demo
[16/06/23 15:59:49:368 UTC]  INFO business.PublishAuditAPIImpl: Deleting the bundle: content_type_and_content_demo
[16/06/23 15:59:49:368 UTC]  INFO business.BundleAPIImpl: Removing all assets from bundle: content_type_and_content_demo
[16/06/23 15:59:49:368 UTC]  INFO business.BundleAPIImpl: Removing environments from bundle: content_type_and_content_demo
[16/06/23 15:59:49:369 UTC]  INFO business.BundleAPIImpl: Removing bundle: content_type_and_content_demo
[16/06/23 15:59:49:394 UTC]  INFO business.BundleAPIImpl: Deleted 1 bundles, failed 0 bundles
[16/06/23 15:59:49:399 UTC]  WARN struts.MultiMessageResources: Duplicate resource property definition (key=was ==> is now): contenttypes.content.copy=Copy ==> Copy
[16/06/23 15:59:49:400 UTC]  WARN struts.MultiMessageResources: Duplicate resource property definition (key=was ==> is now): message.category.import=Importing Categories.  This operation cannot be cancelled or undone. ==> IMPORT
[16/06/23 15:59:49:400 UTC]  WARN struts.MultiMessageResources: Duplicate resource property definition (key=was ==> is now): message.containers.create.content_type_code=Content Type Code ==> Content Type Code
[16/06/23 15:59:49:402 UTC]  WARN struts.MultiMessageResources: Duplicate resource property definition (key=was ==> is now): Save=Save ==> Save
[16/06/23 15:59:49:406 UTC]  WARN struts.MultiMessageResources: Duplicate resource property definition (key=was ==> is now): Move=Move ==> Move
[16/06/23 15:59:49:408 UTC]  WARN struts.MultiMessageResources: Duplicate resource property definition (key=was ==> is now): archived=archived ==> Archived
[16/06/23 15:59:52:462 UTC]  INFO delegate.SystemEventsJobDelegate: The event: 10122bcb-924d-42d5-906a-8e885637df3f, has been skipped on the server: f1d53064-bf8c-42af-a99b-f330dc22217f
[16/06/23 15:59:52:462 UTC]  INFO delegate.SystemEventsJobDelegate: The event: 26a0048a-f1e7-431e-b7b1-6656c657d291, has been skipped on the server: f1d53064-bf8c-42af-a99b-f330dc22217f
[16/06/23 16:00:02:435 UTC]  INFO util.SecurityLogger: class com.dotmarketing.cms.login.factories.LoginFactory : User admin@dotcms.com has sucessfully logged in from IP: 172.18.0.1 -- ip:172.18.0.1,user:Admin User [ID: dotcms.org.1][email:admin@dotcms.com]
[16/06/23 16:00:02:450 UTC]  WARN ajax.RemotePublishAjaxAction: Unable to find asset id = [ea533f67-4883-42bb-9701-83293e7313e5]
[16/06/23 16:00:02:466 UTC]  INFO util.PushPublishLogger: class com.dotcms.publisher.business.PublisherAPIImpl : [BundleID: 01H32EYRCCG7WV5BAR5Z6DTS8W] Asset added to Push Publish Queue. Action: Added by Browsing, Asset Type: contenttype, Asset Id: ea533f67-4883-42bb-9701-83293e7313e5, User: dotcms.org.1
[16/06/23 16:00:05:545 UTC]  INFO util.SecurityLogger: class com.dotmarketing.cms.login.factories.LoginFactory : User admin@dotcms.com has sucessfully logged in from IP: 172.18.0.1 -- ip:172.18.0.1,user:Admin User [ID: dotcms.org.1][email:admin@dotcms.com]
[16/06/23 16:00:07:573 UTC]  INFO business.PublisherQueueJob: 
[16/06/23 16:00:07:573 UTC]  INFO business.PublisherQueueJob: Found 1 bundle(s) to process.
[16/06/23 16:00:07:573 UTC]  INFO business.PublisherQueueJob: 
[16/06/23 16:00:07:573 UTC]  INFO business.PublisherQueueJob: Processing bundle: ID: 01H32EYRCCG7WV5BAR5Z6DTS8W. Status: Starting. Publish Date: 2020-09-10 17:14:00.0
[16/06/23 16:00:07:573 UTC]  INFO util.PushPublishLogger: class com.dotcms.publisher.business.PublishAuditStatus : Status Update: Pending.
[16/06/23 16:00:07:573 UTC]  INFO util.PushPublishLogger: class com.dotcms.publisher.business.PublisherQueueJob : Pre-publish work started.
[16/06/23 16:00:07:583 UTC]  INFO util.PushPublishLogger: class com.dotcms.publisher.business.PublisherQueueJob : Pre-publish work complete.
[16/06/23 16:00:07:583 UTC]  INFO util.PushPublishLogger: class com.dotcms.publishing.PublisherAPIImpl : [BundleID: 01H32EYRCCG7WV5BAR5Z6DTS8W] Started Publishing Task
[16/06/23 16:00:07:586 UTC]  INFO publishing.PublisherAPIImpl: Start of Bundler: DependencyBundler
[16/06/23 16:00:16:633 UTC]  INFO dependencies.ConcurrentDependencyProcessor: DependencyProcessor Finished
[16/06/23 16:00:16:633 UTC]  INFO publishing.PublisherAPIImpl: End of Bundler: DependencyBundler
[16/06/23 16:00:16:635 UTC]  INFO publishing.PublisherAPIImpl: Start of Bundler: HostBundler
[16/06/23 16:00:16:637 UTC]  INFO util.PushPublishLogger: class com.dotcms.enterprise.publishing.remote.bundler.HostBundler : Status Update: Bundling.
[16/06/23 16:00:16:681 UTC]  INFO bundler.HostBundler: Searching for ContentletVersionInfo. Identifier: 48190c8c-42c4-46af-8d1a-0cd5db894797. Language:1
[16/06/23 16:00:16:694 UTC]  INFO util.PushPublishLogger: class com.dotcms.enterprise.publishing.remote.bundler.HostBundler : Status Update: Bundling.
[16/06/23 16:00:16:695 UTC]  INFO publishing.PublisherAPIImpl: End of Bundler: HostBundler
[16/06/23 16:00:16:695 UTC]  INFO publishing.PublisherAPIImpl: Start of Bundler: ContentBundler
[16/06/23 16:00:16:698 UTC]  INFO util.PushPublishLogger: class com.dotcms.enterprise.publishing.remote.bundler.ContentBundler : Status Update: Bundling.
[16/06/23 16:00:16:701 UTC]  INFO util.PushPublishLogger: class com.dotcms.enterprise.publishing.remote.bundler.ContentBundler : Status Update: Bundling.
[16/06/23 16:00:16:703 UTC]  INFO publishing.PublisherAPIImpl: End of Bundler: ContentBundler
[16/06/23 16:00:16:703 UTC]  INFO publishing.PublisherAPIImpl: Start of Bundler: FolderBundler
[16/06/23 16:00:16:703 UTC]  INFO publishing.PublisherAPIImpl: End of Bundler: FolderBundler
[16/06/23 16:00:16:703 UTC]  INFO publishing.PublisherAPIImpl: Start of Bundler: TemplateBundler
[16/06/23 16:00:16:703 UTC]  INFO publishing.PublisherAPIImpl: End of Bundler: TemplateBundler
[16/06/23 16:00:16:704 UTC]  INFO publishing.PublisherAPIImpl: Start of Bundler: ContainerBundler
[16/06/23 16:00:16:704 UTC]  INFO publishing.PublisherAPIImpl: End of Bundler: ContainerBundler
[16/06/23 16:00:16:704 UTC]  INFO publishing.PublisherAPIImpl: Start of Bundler: RuleBundler
[16/06/23 16:00:16:704 UTC]  INFO publishing.PublisherAPIImpl: End of Bundler: RuleBundler
[16/06/23 16:00:16:704 UTC]  INFO publishing.PublisherAPIImpl: Start of Bundler: LinkBundler
[16/06/23 16:00:16:704 UTC]  INFO publishing.PublisherAPIImpl: End of Bundler: LinkBundler
[16/06/23 16:00:16:704 UTC]  INFO publishing.PublisherAPIImpl: Start of Bundler: ContentTypeBundler
[16/06/23 16:00:16:716 UTC]  INFO publishing.PublisherAPIImpl: End of Bundler: ContentTypeBundler
[16/06/23 16:00:16:716 UTC]  INFO publishing.PublisherAPIImpl: Start of Bundler: RelationshipBundler
[16/06/23 16:00:16:717 UTC]  INFO publishing.PublisherAPIImpl: End of Bundler: RelationshipBundler
[16/06/23 16:00:16:717 UTC]  INFO publishing.PublisherAPIImpl: Start of Bundler: LanguageVariablesBundler
[16/06/23 16:00:16:719 UTC]  WARN util.FileUtil: /data/shared/assets/messages/cms_language_zh_CN.properties is empty
[16/06/23 16:00:16:720 UTC]  WARN util.FileUtil: /data/shared/assets/messages/cms_language_es_ES.properties is empty
[16/06/23 16:00:16:722 UTC]  WARN util.FileUtil: /data/shared/assets/messages/cms_language_en_US.properties is empty
[16/06/23 16:00:16:724 UTC]  WARN util.FileUtil: /data/shared/assets/messages/cms_language_fr_FR.properties is empty
[16/06/23 16:00:16:726 UTC]  INFO publishing.PublisherAPIImpl: End of Bundler: LanguageVariablesBundler
[16/06/23 16:00:16:727 UTC]  INFO publishing.PublisherAPIImpl: Start of Bundler: WorkflowBundler
[16/06/23 16:00:16:795 UTC]  INFO publishing.PublisherAPIImpl: End of Bundler: WorkflowBundler
[16/06/23 16:00:16:796 UTC]  INFO publishing.PublisherAPIImpl: Start of Bundler: LanguageBundler
[16/06/23 16:00:16:797 UTC]  INFO publishing.PublisherAPIImpl: End of Bundler: LanguageBundler
[16/06/23 16:00:16:797 UTC]  INFO publishing.PublisherAPIImpl: Start of Bundler: BundleXMLAsc
[16/06/23 16:00:16:798 UTC]  INFO publishing.PublisherAPIImpl: End of Bundler: BundleXMLAsc
[16/06/23 16:00:16:799 UTC]  INFO publishing.PublisherAPIImpl: Start of Bundler: CategoryBundler
[16/06/23 16:00:16:799 UTC]  INFO publishing.PublisherAPIImpl: End of Bundler: CategoryBundler
[16/06/23 16:00:16:857 UTC]  INFO util.PushPublishLogger: class com.dotcms.publisher.pusher.PushPublisher : Status Update: Sending to all environments
[16/06/23 16:00:16:861 UTC]  INFO util.PushPublishLogger: class com.dotcms.publisher.pusher.PushPublisher : Status Update: Sending Bundle
[16/06/23 16:00:16:901 UTC]  INFO pusher.AuthCredentialPushPublishUtil: Is JWT in Push publish avaible?: false
[16/06/23 16:00:16:903 UTC]  INFO pusher.AuthCredentialPushPublishUtil: PublishingEndPoint: receiver-1686931103578
[16/06/23 16:00:16:904 UTC]  INFO pusher.AuthCredentialPushPublishUtil: PublishingEndPoint key: Optional[pmWkWSBCL51Bfkhn79xPuKBKHz//H6B+mY6G9/eieuM=]
[16/06/23 16:00:16:904 UTC]  INFO pusher.AuthCredentialPushPublishUtil: Token from request: 8SNNdReNiSoTOkEDVaWpkM910vM+uiXVdZQ9TfYy86Q=
[16/06/23 16:00:16:906 UTC] ERROR rest.IntegrityResource: Receiver at localhost:8080:> Authentication Token is invalid for ip: 127.0.0.1
[16/06/23 16:00:22:920 UTC]  INFO util.PushPublishLogger: class com.dotcms.publisher.pusher.PushPublisher : Invalid token
[16/06/23 16:00:23:649 UTC]  INFO util.SecurityLogger: class com.dotmarketing.cms.login.factories.LoginFactory : User admin@dotcms.com has sucessfully logged in from IP: 172.18.0.1 -- ip:172.18.0.1,user:Admin User [ID: dotcms.org.1][email:admin@dotcms.com]
[16/06/23 16:00:25:931 UTC]  INFO util.PushPublishLogger: class com.dotcms.publishing.PublisherAPIImpl : [BundleID: 01H32EYRCCG7WV5BAR5Z6DTS8W] Completed Publishing Task
[16/06/23 16:00:28:747 UTC]  INFO util.SecurityLogger: class com.dotcms.cms.login.LoginServiceAPIFactory$LoginServiceImpl : User dotcms.org.1 has successfully login from IP: 172.18.0.1 -- ip:172.18.0.1,user:Admin User [ID: dotcms.org.1][email:admin@dotcms.com]
[16/06/23 16:00:28:910 UTC]  INFO pusher.AuthCredentialPushPublishUtil: Is JWT in Push publish avaible?: false
[16/06/23 16:00:28:912 UTC]  INFO pusher.AuthCredentialPushPublishUtil: PublishingEndPoint: null
[16/06/23 16:00:28:913 UTC]  WARN pusher.PushPublisher: Endpoint or endpoint key is null:null
[16/06/23 16:00:28:913 UTC]  INFO pusher.AuthCredentialPushPublishUtil: PublishingEndPoint key: Optional.empty
[16/06/23 16:00:28:914 UTC] ERROR rest.IntegrityResource: Receiver at e105e212c03f:8080:> Authentication Token is invalid for ip: 172.18.0.1
[16/06/23 16:00:32:946 UTC]  INFO util.SecurityLogger: class com.dotcms.cms.login.LoginServiceAPIFactory$LoginServiceImpl : User dotcms.org.1 has successfully login from IP: 172.18.0.1 -- ip:172.18.0.1,user:Admin User [ID: dotcms.org.1][email:admin@dotcms.com]
[16/06/23 16:00:35:022 UTC]  INFO pusher.AuthCredentialPushPublishUtil: Is JWT in Push publish avaible?: false
[16/06/23 16:00:35:022 UTC]  INFO pusher.AuthCredentialPushPublishUtil: PublishingEndPoint: null
[16/06/23 16:00:35:022 UTC]  WARN pusher.PushPublisher: Endpoint or endpoint key is null:null
[16/06/23 16:00:35:022 UTC]  INFO pusher.AuthCredentialPushPublishUtil: PublishingEndPoint key: Optional.empty
[16/06/23 16:00:35:022 UTC] ERROR rest.IntegrityResource: Receiver at e105e212c03f:8080:> Authentication Token is invalid for ip: 172.18.0.1
[16/06/23 16:00:35:075 UTC]  INFO pusher.AuthCredentialPushPublishUtil: Is JWT in Push publish avaible?: false
[16/06/23 16:00:35:075 UTC]  INFO pusher.AuthCredentialPushPublishUtil: PublishingEndPoint: null
[16/06/23 16:00:35:075 UTC]  WARN pusher.PushPublisher: Endpoint or endpoint key is null:null
[16/06/23 16:00:35:075 UTC]  INFO pusher.AuthCredentialPushPublishUtil: PublishingEndPoint key: Optional.empty
[16/06/23 16:00:35:075 UTC] ERROR rest.IntegrityResource: Receiver at e105e212c03f:8080:> Authentication Token is invalid for ip: 172.18.0.1
[16/06/23 16:00:35:116 UTC]  INFO pusher.AuthCredentialPushPublishUtil: Is JWT in Push publish avaible?: false
[16/06/23 16:00:35:116 UTC]  INFO pusher.AuthCredentialPushPublishUtil: PublishingEndPoint: null
[16/06/23 16:00:35:116 UTC]  WARN pusher.PushPublisher: Endpoint or endpoint key is null:null
[16/06/23 16:00:35:116 UTC]  INFO pusher.AuthCredentialPushPublishUtil: PublishingEndPoint key: Optional.empty
[16/06/23 16:00:35:116 UTC] ERROR rest.IntegrityResource: Receiver at e105e212c03f:8080:> Authentication Token is invalid for ip: 172.18.0.1
[16/06/23 16:00:38:885 UTC]  INFO util.SecurityLogger: class com.dotcms.cms.login.LoginServiceAPIFactory$LoginServiceImpl : User dotcms.org.1 has successfully login from IP: 172.18.0.1 -- ip:172.18.0.1,user:Admin User [ID: dotcms.org.1][email:admin@dotcms.com]
[16/06/23 16:00:38:967 UTC] ERROR rest.BundlePublisherResource: Push Publishing failed from 172.18.0.1 bundle expected
[16/06/23 16:00:39:003 UTC]  INFO pusher.AuthCredentialPushPublishUtil: Is JWT in Push publish avaible?: false
[16/06/23 16:00:39:003 UTC]  INFO pusher.AuthCredentialPushPublishUtil: PublishingEndPoint: null
[16/06/23 16:00:39:003 UTC]  WARN pusher.PushPublisher: Endpoint or endpoint key is null:null
[16/06/23 16:00:39:003 UTC]  INFO pusher.AuthCredentialPushPublishUtil: PublishingEndPoint key: Optional.empty
[16/06/23 16:00:39:003 UTC] ERROR rest.IntegrityResource: Receiver at e105e212c03f:8080:> Authentication Token is invalid for ip: 172.18.0.1
[16/06/23 16:00:43:974 UTC]  INFO util.SecurityLogger: class com.dotcms.cms.login.LoginServiceAPIFactory$LoginServiceImpl : User dotcms.org.1 has successfully login from IP: 172.18.0.1 -- ip:172.18.0.1,user:Admin User [ID: dotcms.org.1][email:admin@dotcms.com]
[16/06/23 16:00:47:050 UTC]  INFO util.SecurityLogger: class com.dotmarketing.cms.login.factories.LoginFactory : User admin@dotcms.com has sucessfully logged in from IP: 172.18.0.1 -- ip:172.18.0.1,user:Admin User [ID: dotcms.org.1][email:admin@dotcms.com]
[16/06/23 16:00:50:095 UTC]  INFO util.SecurityLogger: class com.dotmarketing.cms.login.factories.LoginFactory : User admin@dotcms.com has sucessfully logged in from IP: 172.18.0.1 -- ip:172.18.0.1,user:Admin User [ID: dotcms.org.1][email:admin@dotcms.com]
[16/06/23 16:00:50:352 UTC]  INFO publishing.PublisherAPIImpl: Push Publishing Filters Directory: Lazy(/data/shared/assets/server/publishing-filters)
[16/06/23 16:00:50:353 UTC]  INFO publishing.PublisherAPIImpl: Loading Push Publish Filter: Intelligent.yml
[16/06/23 16:00:50:355 UTC]  INFO publishing.PublisherAPIImpl: FilterDescriptor{key=Intelligent.yml, title=Everything and Dependencies, sort=3, default=true, roles=DOTCMS_BACK_END_USER, filters{{excludeQuery=, excludeClasses=[], dependencies=true, excludeDependencyQuery=, excludeDependencyClasses=[], forcePush=false, relationships=true}}}
[16/06/23 16:00:50:355 UTC]  INFO publishing.PublisherAPIImpl: Loading Push Publish Filter: ShallowPush.yml
[16/06/23 16:00:50:360 UTC]  INFO publishing.PublisherAPIImpl: FilterDescriptor{key=ShallowPush.yml, title=Only Selected Items, sort=5, default=false, roles=DOTCMS_BACK_END_USER, filters{{excludeQuery=, excludeClasses=[], dependencies=false, excludeDependencyQuery=, excludeDependencyClasses=[], forcePush=false, relationships=false}}}
[16/06/23 16:00:50:360 UTC]  INFO publishing.PublisherAPIImpl: Loading Push Publish Filter: WebContentOnly.yml
[16/06/23 16:00:50:362 UTC]  INFO publishing.PublisherAPIImpl: FilterDescriptor{key=WebContentOnly.yml, title=Content, Assets and Pages, sort=2, default=false, roles=DOTCMS_BACK_END_USER, filters{{excludeQuery=, excludeClasses=[Host, Workflow, ContentType, User, OSGI, Language], dependencies=true, excludeDependencyQuery=, excludeDependencyClasses=[Host, Workflow, ContentType, Language], forcePush=false, relationships=true}}}
[16/06/23 16:00:50:362 UTC]  INFO publishing.PublisherAPIImpl: Loading Push Publish Filter: ForcePush.yml
[16/06/23 16:00:50:363 UTC]  INFO publishing.PublisherAPIImpl: FilterDescriptor{key=ForcePush.yml, title=Force Push Everything, sort=4, default=false, roles=DOTCMS_BACK_END_USER, filters{{excludeQuery=, excludeClasses=[], dependencies=true, excludeDependencyQuery=, excludeDependencyClasses=[], forcePush=true, relationships=true}}}
[16/06/23 16:00:50:364 UTC]  INFO publishing.PublisherAPIImpl: Loading Push Publish Filter: ContentOnly.yml
[16/06/23 16:00:50:367 UTC]  INFO publishing.PublisherAPIImpl: FilterDescriptor{key=ContentOnly.yml, title=Content and Relationships, sort=1, default=false, roles=DOTCMS_BACK_END_USER, filters{{excludeQuery=, excludeClasses=[ContentType, Template, Containers, Folder, Host, Links, Workflow, Language, Rule, User, OSGI], dependencies=true, excludeDependencyQuery=, excludeDependencyClasses=[ContentType, Template, Containers, Folder, Host, Links, Workflow, Language, Rule], forcePush=false, relationships=true}}}
[16/06/23 16:00:50:368 UTC]  INFO publishing.PublisherAPIImpl: Loading Push Publish Filter: NoWorkflow.yml
[16/06/23 16:00:50:377 UTC]  INFO publishing.PublisherAPIImpl: FilterDescriptor{key=NoWorkflow.yml, title=Push without Wofklows, sort=1000, default=false, roles=DOTCMS_BACK_END_USER, filters{{excludeQuery=, excludeClasses=[Host, Workflow, OSGI], dependencies=true, excludeDependencyQuery=, excludeDependencyClasses=[Host, Workflow], forcePush=false, relationships=false}}}
[16/06/23 16:00:53:420 UTC]  INFO util.SecurityLogger: class com.dotmarketing.cms.login.factories.LoginFactory : User admin@dotcms.com has sucessfully logged in from IP: 172.18.0.1 -- ip:172.18.0.1,user:Admin User [ID: dotcms.org.1][email:admin@dotcms.com]
[16/06/23 16:00:53:436 UTC]  INFO publishing.PublisherAPIImpl: Push Publishing Filters Directory: Lazy(/data/shared/assets/server/publishing-filters)
[16/06/23 16:00:53:436 UTC]  INFO publishing.PublisherAPIImpl: Loading Push Publish Filter: Intelligent.yml
[16/06/23 16:00:53:439 UTC]  INFO publishing.PublisherAPIImpl: FilterDescriptor{key=Intelligent.yml, title=Everything and Dependencies, sort=3, default=true, roles=DOTCMS_BACK_END_USER, filters{{excludeQuery=, excludeClasses=[], dependencies=true, excludeDependencyQuery=, excludeDependencyClasses=[], forcePush=false, relationships=true}}}
[16/06/23 16:00:53:439 UTC]  INFO publishing.PublisherAPIImpl: Loading Push Publish Filter: ShallowPush.yml
[16/06/23 16:00:53:441 UTC]  INFO publishing.PublisherAPIImpl: FilterDescriptor{key=ShallowPush.yml, title=Only Selected Items, sort=5, default=false, roles=DOTCMS_BACK_END_USER, filters{{excludeQuery=, excludeClasses=[], dependencies=false, excludeDependencyQuery=, excludeDependencyClasses=[], forcePush=false, relationships=false}}}
[16/06/23 16:00:53:441 UTC]  INFO publishing.PublisherAPIImpl: Loading Push Publish Filter: WebContentOnly.yml
[16/06/23 16:00:53:445 UTC]  INFO publishing.PublisherAPIImpl: FilterDescriptor{key=WebContentOnly.yml, title=Content, Assets and Pages, sort=2, default=false, roles=DOTCMS_BACK_END_USER, filters{{excludeQuery=, excludeClasses=[Host, Workflow, ContentType, User, OSGI, Language], dependencies=true, excludeDependencyQuery=, excludeDependencyClasses=[Host, Workflow, ContentType, Language], forcePush=false, relationships=true}}}
[16/06/23 16:00:53:445 UTC]  INFO publishing.PublisherAPIImpl: Loading Push Publish Filter: TestPPFilter.yml
[16/06/23 16:00:53:449 UTC]  INFO publishing.PublisherAPIImpl: FilterDescriptor{key=TestPPFilter.yml, title=Force Push Everything, sort=20, default=false, roles=DOTCMS_BACK_END_USER, filters{{excludeQuery=, excludeClasses=[], dependencies=true, excludeDependencyQuery=, excludeDependencyClasses=[], forcePush=true, relationships=true}}}
[16/06/23 16:00:53:449 UTC]  INFO publishing.PublisherAPIImpl: Loading Push Publish Filter: ForcePush.yml
[16/06/23 16:00:53:451 UTC]  INFO publishing.PublisherAPIImpl: FilterDescriptor{key=ForcePush.yml, title=Force Push Everything, sort=4, default=false, roles=DOTCMS_BACK_END_USER, filters{{excludeQuery=, excludeClasses=[], dependencies=true, excludeDependencyQuery=, excludeDependencyClasses=[], forcePush=true, relationships=true}}}
[16/06/23 16:00:53:451 UTC]  INFO publishing.PublisherAPIImpl: Loading Push Publish Filter: ContentOnly.yml
[16/06/23 16:00:53:452 UTC]  INFO publishing.PublisherAPIImpl: FilterDescriptor{key=ContentOnly.yml, title=Content and Relationships, sort=1, default=false, roles=DOTCMS_BACK_END_USER, filters{{excludeQuery=, excludeClasses=[ContentType, Template, Containers, Folder, Host, Links, Workflow, Language, Rule, User, OSGI], dependencies=true, excludeDependencyQuery=, excludeDependencyClasses=[ContentType, Template, Containers, Folder, Host, Links, Workflow, Language, Rule], forcePush=false, relationships=true}}}
[16/06/23 16:00:53:452 UTC]  INFO publishing.PublisherAPIImpl: Loading Push Publish Filter: NoWorkflow.yml
[16/06/23 16:00:53:453 UTC]  INFO publishing.PublisherAPIImpl: FilterDescriptor{key=NoWorkflow.yml, title=Push without Wofklows, sort=1000, default=false, roles=DOTCMS_BACK_END_USER, filters{{excludeQuery=, excludeClasses=[Host, Workflow, OSGI], dependencies=true, excludeDependencyQuery=, excludeDependencyClasses=[Host, Workflow], forcePush=false, relationships=false}}}
[16/06/23 16:00:56:494 UTC]  INFO util.SecurityLogger: class com.dotmarketing.cms.login.factories.LoginFactory : User admin@dotcms.com has sucessfully logged in from IP: 172.18.0.1 -- ip:172.18.0.1,user:Admin User [ID: dotcms.org.1][email:admin@dotcms.com]
[16/06/23 16:00:56:504 UTC]  INFO publishing.PublisherAPIImpl: Push Publishing Filters Directory: Lazy(/data/shared/assets/server/publishing-filters)
[16/06/23 16:00:56:504 UTC]  INFO publishing.PublisherAPIImpl: Loading Push Publish Filter: Intelligent.yml
[16/06/23 16:00:56:505 UTC]  INFO publishing.PublisherAPIImpl: FilterDescriptor{key=Intelligent.yml, title=Everything and Dependencies, sort=3, default=true, roles=DOTCMS_BACK_END_USER, filters{{excludeQuery=, excludeClasses=[], dependencies=true, excludeDependencyQuery=, excludeDependencyClasses=[], forcePush=false, relationships=true}}}
[16/06/23 16:00:56:506 UTC]  INFO publishing.PublisherAPIImpl: Loading Push Publish Filter: ShallowPush.yml
[16/06/23 16:00:56:506 UTC]  INFO publishing.PublisherAPIImpl: FilterDescriptor{key=ShallowPush.yml, title=Only Selected Items, sort=5, default=false, roles=DOTCMS_BACK_END_USER, filters{{excludeQuery=, excludeClasses=[], dependencies=false, excludeDependencyQuery=, excludeDependencyClasses=[], forcePush=false, relationships=false}}}
[16/06/23 16:00:56:506 UTC]  INFO publishing.PublisherAPIImpl: Loading Push Publish Filter: WebContentOnly.yml
[16/06/23 16:00:56:507 UTC]  INFO publishing.PublisherAPIImpl: FilterDescriptor{key=WebContentOnly.yml, title=Content, Assets and Pages, sort=2, default=false, roles=DOTCMS_BACK_END_USER, filters{{excludeQuery=, excludeClasses=[Host, Workflow, ContentType, User, OSGI, Language], dependencies=true, excludeDependencyQuery=, excludeDependencyClasses=[Host, Workflow, ContentType, Language], forcePush=false, relationships=true}}}
[16/06/23 16:00:56:507 UTC]  INFO publishing.PublisherAPIImpl: Loading Push Publish Filter: TestPPFilter.yml
[16/06/23 16:00:56:508 UTC]  INFO publishing.PublisherAPIImpl: FilterDescriptor{key=TestPPFilter.yml, title=Force Push Everything, sort=20, default=false, roles=DOTCMS_BACK_END_USER, filters{{excludeQuery=, excludeClasses=[], dependencies=true, excludeDependencyQuery=, excludeDependencyClasses=[], forcePush=true, relationships=true}}}
[16/06/23 16:00:56:508 UTC]  INFO publishing.PublisherAPIImpl: Loading Push Publish Filter: ForcePush.yml
[16/06/23 16:00:56:511 UTC]  INFO publishing.PublisherAPIImpl: FilterDescriptor{key=ForcePush.yml, title=Force Push Everything, sort=4, default=false, roles=DOTCMS_BACK_END_USER, filters{{excludeQuery=, excludeClasses=[], dependencies=true, excludeDependencyQuery=, excludeDependencyClasses=[], forcePush=true, relationships=true}}}
[16/06/23 16:00:56:511 UTC]  INFO publishing.PublisherAPIImpl: Loading Push Publish Filter: ContentOnly.yml
[16/06/23 16:00:56:513 UTC]  INFO publishing.PublisherAPIImpl: FilterDescriptor{key=ContentOnly.yml, title=Content and Relationships, sort=1, default=false, roles=DOTCMS_BACK_END_USER, filters{{excludeQuery=, excludeClasses=[ContentType, Template, Containers, Folder, Host, Links, Workflow, Language, Rule, User, OSGI], dependencies=true, excludeDependencyQuery=, excludeDependencyClasses=[ContentType, Template, Containers, Folder, Host, Links, Workflow, Language, Rule], forcePush=false, relationships=true}}}
[16/06/23 16:00:56:514 UTC]  INFO publishing.PublisherAPIImpl: Loading Push Publish Filter: NoWorkflow.yml
[16/06/23 16:00:56:515 UTC]  INFO publishing.PublisherAPIImpl: FilterDescriptor{key=NoWorkflow.yml, title=Push without Wofklows Updated., sort=0, default=false, roles=DOTCMS_BACK_END_USER, filters{{excludeQuery=, excludeClasses=[Host, Workflow, OSGI], dependencies=true, excludeDependencyQuery=, excludeDependencyClasses=[Host, Workflow], forcePush=false, relationships=false}}}
[16/06/23 16:00:59:565 UTC]  INFO util.SecurityLogger: class com.dotmarketing.cms.login.factories.LoginFactory : User admin@dotcms.com has sucessfully logged in from IP: 172.18.0.1 -- ip:172.18.0.1,user:Admin User [ID: dotcms.org.1][email:admin@dotcms.com]
[16/06/23 16:00:59:577 UTC]  INFO publishing.PublisherAPIImpl: Push Publishing Filters Directory: Lazy(/data/shared/assets/server/publishing-filters)
[16/06/23 16:00:59:577 UTC]  INFO publishing.PublisherAPIImpl: Loading Push Publish Filter: Intelligent.yml
[16/06/23 16:00:59:578 UTC]  INFO publishing.PublisherAPIImpl: FilterDescriptor{key=Intelligent.yml, title=Everything and Dependencies, sort=3, default=true, roles=DOTCMS_BACK_END_USER, filters{{excludeQuery=, excludeClasses=[], dependencies=true, excludeDependencyQuery=, excludeDependencyClasses=[], forcePush=false, relationships=true}}}
[16/06/23 16:00:59:579 UTC]  INFO publishing.PublisherAPIImpl: Loading Push Publish Filter: ShallowPush.yml
[16/06/23 16:00:59:579 UTC]  INFO publishing.PublisherAPIImpl: FilterDescriptor{key=ShallowPush.yml, title=Only Selected Items, sort=5, default=false, roles=DOTCMS_BACK_END_USER, filters{{excludeQuery=, excludeClasses=[], dependencies=false, excludeDependencyQuery=, excludeDependencyClasses=[], forcePush=false, relationships=false}}}
[16/06/23 16:00:59:580 UTC]  INFO publishing.PublisherAPIImpl: Loading Push Publish Filter: WebContentOnly.yml
[16/06/23 16:00:59:580 UTC]  INFO publishing.PublisherAPIImpl: FilterDescriptor{key=WebContentOnly.yml, title=Content, Assets and Pages, sort=2, default=false, roles=DOTCMS_BACK_END_USER, filters{{excludeQuery=, excludeClasses=[Host, Workflow, ContentType, User, OSGI, Language], dependencies=true, excludeDependencyQuery=, excludeDependencyClasses=[Host, Workflow, ContentType, Language], forcePush=false, relationships=true}}}
[16/06/23 16:00:59:581 UTC]  INFO publishing.PublisherAPIImpl: Loading Push Publish Filter: TestPPFilter.yml
[16/06/23 16:00:59:581 UTC]  INFO publishing.PublisherAPIImpl: FilterDescriptor{key=TestPPFilter.yml, title=Force Push Everything, sort=20, default=false, roles=DOTCMS_BACK_END_USER, filters{{excludeQuery=, excludeClasses=[], dependencies=true, excludeDependencyQuery=, excludeDependencyClasses=[], forcePush=true, relationships=true}}}
[16/06/23 16:00:59:581 UTC]  INFO publishing.PublisherAPIImpl: Loading Push Publish Filter: ForcePush.yml
[16/06/23 16:00:59:582 UTC]  INFO publishing.PublisherAPIImpl: FilterDescriptor{key=ForcePush.yml, title=Force Push Everything, sort=4, default=false, roles=DOTCMS_BACK_END_USER, filters{{excludeQuery=, excludeClasses=[], dependencies=true, excludeDependencyQuery=, excludeDependencyClasses=[], forcePush=true, relationships=true}}}
[16/06/23 16:00:59:582 UTC]  INFO publishing.PublisherAPIImpl: Loading Push Publish Filter: ContentOnly.yml
[16/06/23 16:00:59:583 UTC]  INFO publishing.PublisherAPIImpl: FilterDescriptor{key=ContentOnly.yml, title=Content and Relationships, sort=1, default=false, roles=DOTCMS_BACK_END_USER, filters{{excludeQuery=, excludeClasses=[ContentType, Template, Containers, Folder, Host, Links, Workflow, Language, Rule, User, OSGI], dependencies=true, excludeDependencyQuery=, excludeDependencyClasses=[ContentType, Template, Containers, Folder, Host, Links, Workflow, Language, Rule], forcePush=false, relationships=true}}}
[16/06/23 16:00:59:583 UTC]  INFO publishing.PublisherAPIImpl: Loading Push Publish Filter: NoWorkflow.yml
[16/06/23 16:00:59:583 UTC]  INFO publishing.PublisherAPIImpl: FilterDescriptor{key=NoWorkflow.yml, title=Push without Wofklows Updated., sort=0, default=false, roles=DOTCMS_BACK_END_USER, filters{{excludeQuery=, excludeClasses=[Host, Workflow, OSGI], dependencies=true, excludeDependencyQuery=, excludeDependencyClasses=[Host, Workflow], forcePush=false, relationships=false}}}
[16/06/23 16:01:00:197 UTC]  INFO business.PublisherQueueJob: ===========================================================
[16/06/23 16:01:00:198 UTC]  INFO business.PublisherQueueJob: For bundle '01H32EYRCCG7WV5BAR5Z6DTS8W':
[16/06/23 16:01:00:198 UTC]  INFO business.PublisherQueueJob: -> Status             : WAITING_FOR_PUBLISHING [13]
[16/06/23 16:01:00:199 UTC]  INFO business.PublisherQueueJob: ===========================================================
[16/06/23 16:01:02:647 UTC]  INFO util.SecurityLogger: class com.dotmarketing.cms.login.factories.LoginFactory : User admin@dotcms.com has sucessfully logged in from IP: 172.18.0.1 -- ip:172.18.0.1,user:Admin User [ID: dotcms.org.1][email:admin@dotcms.com]
[16/06/23 16:01:05:703 UTC]  INFO util.SecurityLogger: class com.dotmarketing.cms.login.factories.LoginFactory : User admin@dotcms.com has sucessfully logged in from IP: 172.18.0.1 -- ip:172.18.0.1,user:Admin User [ID: dotcms.org.1][email:admin@dotcms.com]
[16/06/23 16:01:05:711 UTC]  INFO publishing.PublisherAPIImpl: Push Publishing Filters Directory: Lazy(/data/shared/assets/server/publishing-filters)
[16/06/23 16:01:05:711 UTC]  INFO publishing.PublisherAPIImpl: Loading Push Publish Filter: Intelligent.yml
[16/06/23 16:01:05:712 UTC]  INFO publishing.PublisherAPIImpl: FilterDescriptor{key=Intelligent.yml, title=Everything and Dependencies, sort=3, default=true, roles=DOTCMS_BACK_END_USER, filters{{excludeQuery=, excludeClasses=[], dependencies=true, excludeDependencyQuery=, excludeDependencyClasses=[], forcePush=false, relationships=true}}}
[16/06/23 16:01:05:712 UTC]  INFO publishing.PublisherAPIImpl: Loading Push Publish Filter: ShallowPush.yml
[16/06/23 16:01:05:713 UTC]  INFO publishing.PublisherAPIImpl: FilterDescriptor{key=ShallowPush.yml, title=Only Selected Items, sort=5, default=false, roles=DOTCMS_BACK_END_USER, filters{{excludeQuery=, excludeClasses=[], dependencies=false, excludeDependencyQuery=, excludeDependencyClasses=[], forcePush=false, relationships=false}}}
[16/06/23 16:01:05:713 UTC]  INFO publishing.PublisherAPIImpl: Loading Push Publish Filter: WebContentOnly.yml
[16/06/23 16:01:05:713 UTC]  INFO publishing.PublisherAPIImpl: FilterDescriptor{key=WebContentOnly.yml, title=Content, Assets and Pages, sort=2, default=false, roles=DOTCMS_BACK_END_USER, filters{{excludeQuery=, excludeClasses=[Host, Workflow, ContentType, User, OSGI, Language], dependencies=true, excludeDependencyQuery=, excludeDependencyClasses=[Host, Workflow, ContentType, Language], forcePush=false, relationships=true}}}
[16/06/23 16:01:05:714 UTC]  INFO publishing.PublisherAPIImpl: Loading Push Publish Filter: TestPPFilter.yml
[16/06/23 16:01:05:714 UTC]  INFO publishing.PublisherAPIImpl: FilterDescriptor{key=TestPPFilter.yml, title=Force Push Everything, sort=20, default=false, roles=DOTCMS_BACK_END_USER, filters{{excludeQuery=, excludeClasses=[], dependencies=true, excludeDependencyQuery=, excludeDependencyClasses=[], forcePush=true, relationships=true}}}
[16/06/23 16:01:05:714 UTC]  INFO publishing.PublisherAPIImpl: Loading Push Publish Filter: ForcePush.yml
[16/06/23 16:01:05:715 UTC]  INFO publishing.PublisherAPIImpl: FilterDescriptor{key=ForcePush.yml, title=Force Push Everything, sort=4, default=false, roles=DOTCMS_BACK_END_USER, filters{{excludeQuery=, excludeClasses=[], dependencies=true, excludeDependencyQuery=, excludeDependencyClasses=[], forcePush=true, relationships=true}}}
[16/06/23 16:01:05:715 UTC]  INFO publishing.PublisherAPIImpl: Loading Push Publish Filter: ContentOnly.yml
[16/06/23 16:01:05:715 UTC]  INFO publishing.PublisherAPIImpl: FilterDescriptor{key=ContentOnly.yml, title=Content and Relationships, sort=1, default=false, roles=DOTCMS_BACK_END_USER, filters{{excludeQuery=, excludeClasses=[ContentType, Template, Containers, Folder, Host, Links, Workflow, Language, Rule, User, OSGI], dependencies=true, excludeDependencyQuery=, excludeDependencyClasses=[ContentType, Template, Containers, Folder, Host, Links, Workflow, Language, Rule], forcePush=false, relationships=true}}}
[16/06/23 16:01:08:765 UTC]  INFO util.SecurityLogger: class com.dotmarketing.cms.login.factories.LoginFactory : User admin@dotcms.com has sucessfully logged in from IP: 172.18.0.1 -- ip:172.18.0.1,user:Admin User [ID: dotcms.org.1][email:admin@dotcms.com]
[16/06/23 16:01:08:774 UTC]  INFO publishing.PublisherAPIImpl: Push Publishing Filters Directory: Lazy(/data/shared/assets/server/publishing-filters)
[16/06/23 16:01:08:774 UTC]  INFO publishing.PublisherAPIImpl: Loading Push Publish Filter: Intelligent.yml
[16/06/23 16:01:08:775 UTC]  INFO publishing.PublisherAPIImpl: FilterDescriptor{key=Intelligent.yml, title=Everything and Dependencies, sort=3, default=true, roles=DOTCMS_BACK_END_USER, filters{{excludeQuery=, excludeClasses=[], dependencies=true, excludeDependencyQuery=, excludeDependencyClasses=[], forcePush=false, relationships=true}}}
[16/06/23 16:01:08:775 UTC]  INFO publishing.PublisherAPIImpl: Loading Push Publish Filter: ShallowPush.yml
[16/06/23 16:01:08:775 UTC]  INFO publishing.PublisherAPIImpl: FilterDescriptor{key=ShallowPush.yml, title=Only Selected Items, sort=5, default=false, roles=DOTCMS_BACK_END_USER, filters{{excludeQuery=, excludeClasses=[], dependencies=false, excludeDependencyQuery=, excludeDependencyClasses=[], forcePush=false, relationships=false}}}
[16/06/23 16:01:08:775 UTC]  INFO publishing.PublisherAPIImpl: Loading Push Publish Filter: WebContentOnly.yml
[16/06/23 16:01:08:776 UTC]  INFO publishing.PublisherAPIImpl: FilterDescriptor{key=WebContentOnly.yml, title=Content, Assets and Pages, sort=2, default=false, roles=DOTCMS_BACK_END_USER, filters{{excludeQuery=, excludeClasses=[Host, Workflow, ContentType, User, OSGI, Language], dependencies=true, excludeDependencyQuery=, excludeDependencyClasses=[Host, Workflow, ContentType, Language], forcePush=false, relationships=true}}}
[16/06/23 16:01:08:776 UTC]  INFO publishing.PublisherAPIImpl: Loading Push Publish Filter: ForcePush.yml
[16/06/23 16:01:08:776 UTC]  INFO publishing.PublisherAPIImpl: FilterDescriptor{key=ForcePush.yml, title=Force Push Everything, sort=4, default=false, roles=DOTCMS_BACK_END_USER, filters{{excludeQuery=, excludeClasses=[], dependencies=true, excludeDependencyQuery=, excludeDependencyClasses=[], forcePush=true, relationships=true}}}
[16/06/23 16:01:08:776 UTC]  INFO publishing.PublisherAPIImpl: Loading Push Publish Filter: ContentOnly.yml
[16/06/23 16:01:08:777 UTC]  INFO publishing.PublisherAPIImpl: FilterDescriptor{key=ContentOnly.yml, title=Content and Relationships, sort=1, default=false, roles=DOTCMS_BACK_END_USER, filters{{excludeQuery=, excludeClasses=[ContentType, Template, Containers, Folder, Host, Links, Workflow, Language, Rule, User, OSGI], dependencies=true, excludeDependencyQuery=, excludeDependencyClasses=[ContentType, Template, Containers, Folder, Host, Links, Workflow, Language, Rule], forcePush=false, relationships=true}}}
